elapsed_s,simulation_s,world_x,world_y
0.2790623810001307,11.914,-2.400634093059252,-2.5499999997073504
0.4364719939999304,11.965,-2.400634093059252,-2.5499999997073504
0.5372315849999723,11.995000000000001,-2.400634093059252,-2.5499999997073504
0.6580239550003171,12.112,-2.400634093059252,-2.5499999997073504
0.7614276690001134,12.193,-2.400634093059252,-2.5499999997073504
0.8685958000000937,12.224,-2.400634093059252,-2.5499999997073504
0.9739330560000781,12.304,-2.400634093059252,-2.5499999997073504
1.075885596000262,12.325,-2.400634093059252,-2.5499999997073504
1.2486318230003235,12.409,-2.400634093059252,-2.5499999997073504
1.3523569600001792,12.489,-2.400634093059252,-2.5499999997073504
1.4592715769999813,12.522,-2.400634093059252,-2.5499999997073504
1.562085303999993,12.603,-2.400634093059252,-2.5499999997073504
1.6626576050002768,12.637,-2.400634093059252,-2.5499999997073504
1.8225370180002756,12.706,-2.400634093059252,-2.5499999997073504
1.9344151980003517,12.797,-2.400634093059252,-2.5499999997073504
2.0464308949999577,12.837,-2.400634093059252,-2.5499999997073504
2.2077089429999432,12.904,-2.400634093059252,-2.5499999997073504
2.3108224130000963,12.985,-2.400634093059252,-2.5499999997073504
2.4189902100001746,13.003,-2.400634093059252,-2.5499999997073504
2.5224754589999066,13.085,-2.400634093059252,-2.5499999997073504
2.628755534999982,13.102,-2.400634093059252,-2.5499999997073504
2.732250366000244,13.166,-2.400634093059252,-2.5499999997073504
2.8691298850003477,13.235,-2.400634093059252,-2.5499999997073504
2.9744034529999226,13.319,-2.400634093059252,-2.5499999997073504
3.081948898000064,13.366,-2.400634093059252,-2.5499999997073504
3.2301020710001467,13.432,-2.400634093059252,-2.5499999997073504
3.339590641000086,13.501,-2.400634093059252,-2.5499999997073504
3.44348537399992,13.545,-2.400634093059252,-2.5499999997073504
3.5506729870003255,13.616,-2.400634093059252,-2.5499999997073504
3.6662785640000948,13.671,-2.400634093059252,-2.5499999997073504
3.811694120000084,13.729,-2.400634093059252,-2.5499999997073504
3.911799844000143,13.801,-2.400634093059252,-2.5499999997073504
4.025008122000145,13.85,-2.400634093059252,-2.5499999997073504
4.127388484000221,13.912,-2.400634093059252,-2.5499999997073504
4.23701499300023,13.959,-2.400634093059252,-2.5499999997073504
4.4035943850003605,14.026,-2.400634093059252,-2.5499999997073504
4.506608805000269,14.1,-2.400634093059252,-2.5499999997073504
4.610817083000256,14.125,-2.400634093059252,-2.5499999997073504
4.731822763000309,14.201,-2.400634093059252,-2.5499999997073504
4.836347138000292,14.241,-2.400634093059252,-2.5499999997073504
4.943711680999968,14.317,-2.400634093059252,-2.5499999997073504
5.045987404000243,14.344,-2.4006168277313176,-2.5500000147107573
5.149238056000286,14.401,-2.3989482188165154,-2.550005362969837
5.253451825999946,14.437,-2.395899408542124,-2.550025178520526
5.361296353999933,14.515,-2.385822043512138,-2.5501670019284184
5.476718217000325,14.566,-2.378896572571826,-2.550322311601117
5.614600060000157,14.62,-2.371369949566999,-2.5505374886496606
5.723687202000292,14.701,-2.359905802918306,-2.550929474981656
5.826031817000057,14.729,-2.3559397870715726,-2.5510818218498343
5.936269452000033,14.811,-2.34438075083968,-2.5515779030565593
6.042374292000204,14.841,-2.340146660149119,-2.551779361253794
6.205285437999919,14.917,-2.329265514414517,-2.5523356569137183
6.30831362500021,14.999,-2.317378456124734,-2.5529952466547527
6.4089544210000895,15.016,-2.3149031403399234,-2.5531375204801696
6.5158014730000104,15.097,-2.303057620078886,-2.5538386890075047
6.6270617850000235,15.128,-2.298518816579948,-2.5541153308428752
6.730875108999953,15.206,-2.286997133631064,-2.5548316700178226
6.840891730000294,15.242,-2.281695267582374,-2.555166969288161
6.998762958000043,15.313,-2.2714123436507205,-2.5558393504548915
7.104410477000329,15.4,-2.2588189511666443,-2.5567084565551985
7.216195255000002,15.441,-2.252885925583255,-2.5571354738515053
7.387570528000197,15.511,-2.242599793567261,-2.557895641150909
7.4939624230000845,15.597,-2.2299767135754456,-2.5588496453798393
7.603608814999916,15.623,-2.2261807144687875,-2.559143173780897
7.70596776299999,15.702,-2.2146034946877395,-2.560049946696805
7.819899350000014,15.739,-2.209133633110596,-2.560476363686255
7.98951895800019,15.808,-2.198896742366674,-2.561274316671942
8.096048934999999,15.887,-2.1872633389276164,-2.562193279847546
8.213022134000312,15.907,-2.1843330610202125,-2.5624285547735757
8.318675726000038,15.987,-2.1725504694347486,-2.5633807190728253
8.428691860000072,16.02,-2.167662060903367,-2.5637739492376563
8.53145791399993,16.104,-2.1551738636778555,-2.564779386859961
8.64207382800032,16.119,-2.152947338291952,-2.5649592081671035
8.80890264000027,16.204,-2.1403481698294344,-2.5659745148564808
8.913165883000147,16.285,-2.1283001425334764,-2.5669416850267845
9.023277423000309,16.314,-2.123986800187295,-2.567289470129271
9.126653124000313,16.393,-2.112376252935371,-2.568218069070214
9.241312618999928,16.431,-2.1067686969229724,-2.5686614103097374
9.347272946999965,16.517,-2.093981226768326,-2.569664070240519
9.4474819940001,16.561,-2.087450704604913,-2.5701729799457764
9.582590257999982,16.634,-2.0766608775329307,-2.5710059610356732
9.684010982000018,16.701,-2.0667595904240015,-2.5717604954679847
9.796036019999974,16.762,-2.0577783265735934,-2.5724353458763596
9.935119686000235,16.831,-2.047725458423734,-2.573174219385322
10.041077485000187,16.901,-2.037438159229541,-2.573910559962963
10.148767382000187,16.959,-2.028868969047857,-2.5745143317450454
10.289213402000314,17.029,-2.0185977897323393,-2.575224862383942
10.39797638600021,17.101,-2.008081430939496,-2.5759333846248142
10.50720818300033,17.161,-1.999279809788801,-2.5765099929128263
10.64199496099991,17.227,-1.989495182766795,-2.577140085734461
10.75398724300021,17.315,-1.9763866142300632,-2.5779763353703595
10.856426644000294,17.371,-1.9680381758368464,-2.5785103541069176
10.975108782999996,17.425,-1.960000019926762,-2.5790277819923655
11.07869924400029,17.503,-1.9484193869573818,-2.57977737406088
11.180995071000325,17.553,-1.9410093662530143,-2.580253646502386
11.32086813900014,17.623,-1.93061846004619,-2.580914770730585
11.428477207000014,17.706,-1.9185873347597135,-2.581656481984247
11.528846300000168,17.752,-1.9119363063883095,-2.5820510846921274
11.670172294000167,17.821,-1.901676820769696,-2.5826467428729956
11.776620456000273,17.907,-1.8889884341600582,-2.5833676246206063
11.877697203000025,17.953,-1.8822081056371227,-2.5837441645442523
12.025857773000098,18.019,-1.8726136594133183,-2.5842622233142576
12.13414849100036,18.101,-1.8607224965135025,-2.5848725202595975
12.243501701000241,18.145,-1.8543223683790422,-2.5851878228973764
12.397367728000063,18.217,-1.8435579771724846,-2.5857034652393684
12.50800940199997,18.299,-1.8314106002583124,-2.5862783385836914
12.61020925799994,18.331,-1.826685717351813,-2.586497608198785
12.711972514000081,18.414,-1.8145187795991604,-2.5870461919598937
12.81464983800015,18.444,-1.810126674503307,-2.5872374456020024
12.96470652700009,18.514,-1.7998751339193435,-2.5876697162198803
13.066893447999973,18.596,-1.7878776229247137,-2.588150066690144
13.173272849000114,18.628,-1.7831961410697479,-2.5883298024678254
13.337072933999934,18.712,-1.77063580795184,-2.588804082458166
13.445830345000104,18.797,-1.7579333784246158,-2.589280164131095
13.568329349000123,18.843,-1.7510679356994436,-2.5895353224638478
13.721472285000345,18.91,-1.7410547438860937,-2.5899068689014815
13.826109774000088,19.002,-1.7272690911338582,-2.5904202985578726
13.939465207000012,19.04,-1.7215895542206587,-2.590631887007255
14.098697904000346,19.108,-1.7115433197304093,-2.5910146389116293
14.202611593000256,19.185,-1.7000991839277282,-2.5914617676130765
14.322751387000153,19.207,-1.6968163240781489,-2.591589493777235
14.428539709000233,19.293,-1.684253566391601,-2.5920621413917306
14.540125086999979,19.318,-1.6805907925908707,-2.5921956316553243
14.714120010999977,19.405,-1.6676659712551853,-2.592661469539255
14.819345899999917,19.478,-1.6569410120901145,-2.593051604973413
14.930923994000295,19.504,-1.6531166842826626,-2.593187176632781
15.037014565999925,19.583,-1.641416024709895,-2.5935921121478542
15.141466943000069,19.603,-1.6384434149322369,-2.5936952217800266
15.248724964000303,19.682,-1.6266463243897444,-2.594108014364446
15.366692393999983,19.719,-1.6211090326530806,-2.594301366665216
15.469508992000101,19.803,-1.6085890068717652,-2.594734587110689
15.584201697000026,19.846,-1.6021839586526723,-2.594953261812822
15.688154375000067,19.932,-1.589421582994343,-2.5953801396440346
15.799418030000197,19.977,-1.5827547873529573,-2.5955976779825667
15.92969761500035,20.032,-1.5746274166501175,-2.5958562234736133
16.04520132000016,20.101,-1.564390230121412,-2.596171741337788
16.159571172000142,20.161,-1.5554449683050224,-2.596442392380669
16.310150965000048,20.23,-1.5451956937318574,-2.5967467717938364
16.41471596800011,20.301,-1.5346300177449834,-2.597052557459039
16.526298750000024,20.358,-1.5261421292646613,-2.5972936629438164
16.674724209000033,20.428,-1.5157105949354017,-2.5975848374016075
16.786554671999966,20.501,-1.504870567984471,-2.5978837148221596
16.891752256000018,20.553,-1.4973242405256928,-2.5981039081704083
17.048283193000316,20.626,-1.4864992320207249,-2.5984286477997527
17.162137452000024,20.701,-1.4753550694442616,-2.598760225214814
17.274211555999955,20.751,-1.4679418102370128,-2.5989872233301283
17.421466807000343,20.824,-1.4571622114464498,-2.5993175026628723
17.532229469999947,20.901,-1.4456561892998634,-2.5996643828445705
17.638340169999992,20.949,-1.4384836798779883,-2.5998821720622316
17.78592408500026,21.022,-1.4276319953592893,-2.6002178560848543
17.891789983000308,21.105,-1.4152551381133136,-2.60061094425205
18.0026104020003,21.152,-1.4082369973488578,-2.600835827289764
18.148406724000324,21.22,-1.3980910165375056,-2.6011584610608973
18.253182089000347,21.301,-1.3861101435018244,-2.6015306177467483
18.368079108000074,21.346,-1.3794775916504918,-2.601728639317254
18.509451467999952,21.418,-1.3687561541865305,-2.602040124303779
18.620228172000225,21.501,-1.3563956968755497,-2.6023917905151963
18.730042149999917,21.547,-1.3495468290883954,-2.602582701832909
18.87106446200005,21.616,-1.3395781643545468,-2.6028443877266074
18.978349650999917,21.701,-1.3271754755982041,-2.603135006049035
19.089264475000164,21.74,-1.3214618980676318,-2.603258263052373
19.230659704000118,21.814,-1.3104202537346723,-2.6034868485913996
19.332743314000254,21.9,-1.297766551719958,-2.603737806700957
19.44235658100024,21.947,-1.2908957015637692,-2.6038605508466324
19.581367161000344,22.012,-1.281220405078668,-2.604023246597189
19.68827168300004,22.104,-1.2676033667288806,-2.6042401153852586
19.790364988999954,22.14,-1.2623035635463433,-2.6043180307317395
19.940226151999923,22.21,-1.2520530226282711,-2.6044542900320873
20.043309243000294,22.293,-1.2397336081357622,-2.6045964771423487
20.154934311000034,22.323,-1.235243858957621,-2.6046477065708395
20.32543740200026,22.408,-1.2225184973387342,-2.60479498026269
20.429202754000016,22.492,-1.2099781788480521,-2.604943795536382
20.53890804799994,22.522,-1.2055365086336614,-2.6049986125527647
20.643192020000242,22.604,-1.193411469995364,-2.6051408917703336
20.755054109999946,22.636,-1.1887367663830541,-2.605190416520103
20.915408864000256,22.705,-1.1787058270765813,-2.605278794489986
21.021100653000303,22.79,-1.1660702685121767,-2.6053649735172453
21.127720396000313,22.818,-1.1618909569701592,-2.6053917331104377
21.299502162999943,22.903,-1.149421944183865,-2.605457307028851
21.40324968699997,22.987000000000002,-1.136952350337512,-2.605502604618853
21.512456011000268,23.016,-1.1326340474015244,-2.6055197770446923
21.628862307999952,23.11,-1.1185877530967148,-2.605581690900178
21.742384698000023,23.147,-1.1130758604098745,-2.6056074746481634
21.90587075500025,23.234,-1.1002171743530664,-2.605657512649362
22.029825577000338,23.301,-1.0903048476104389,-2.6056829363730563
22.14470462899999,23.364,-1.0809500986810823,-2.60569742573148
22.246455122000043,23.427,-1.0716854321121798,-2.6057176726653535
22.351907696000126,23.488,-1.0628194093140155,-2.6057514621758147
22.474701326000286,23.53,-1.0568320655116235,-2.6057729694674028
22.582996132000062,23.601,-1.0463469062827166,-2.60579151197428
22.69822352300025,23.655,-1.038333697316667,-2.6057973148990166
22.84666990000005,23.728,-1.0274877747626745,-2.6058073647410436
22.960391538000295,23.801,-1.0166979939210035,-2.605829932967161
23.065128277999975,23.852,-1.0091789429710833,-2.605856580652738
23.22088907000034,23.926,-0.9982942201817272,-2.605912652883084
23.323081381000065,24.001,-0.9871175197999595,-2.6059863024194594
23.43306309000036,24.057,-0.9787556350064466,-2.6060444127323876
23.57665751500008,24.124,-0.9687718666776312,-2.606112007012996
23.683435033000023,24.201,-0.9573125830067603,-2.606184643432007
23.796820928000216,24.247,-0.9505617954110472,-2.6062317837573343
23.944151850000253,24.322,-0.9396703931372581,-2.606298182758464
24.060030519000065,24.401,-0.9279771259960309,-2.6063432680112206
24.170715494999968,24.446,-0.9212703647892437,-2.606364997108026
24.325517905000197,24.52,-0.9102947270872066,-2.6063933854585177
24.430890441999964,24.601,-0.8982630220881345,-2.6064136734580234
24.54507490700007,24.651,-0.8908289687037471,-2.606430170778162
24.689334159000282,24.718,-0.8808032945777063,-2.6064559078048752
24.79336351300026,24.802,-0.8682901073616837,-2.6064885967268063
24.900565959000232,24.849,-0.8613394911331307,-2.60650195679789
25.041280257999915,24.916,-0.85148405136129,-2.606508701605539
25.145050045000062,24.998,-0.8392922262772518,-2.6064996100386937
25.247547666000173,25.03,-0.8345066672500293,-2.6064944930536402
25.410939089000294,25.114,-0.8219421007561312,-2.606480263696761
25.51599416199997,25.202,-0.8089253991055552,-2.606476502689291
25.6253809320001,25.242,-0.8030321523035079,-2.606483915229413
25.77818648900029,25.312,-0.7926188088982405,-2.606506558709898
25.88283007100017,25.395,-0.7802313160629918,-2.6065425491584584
25.998335263000172,25.441,-0.7733750437780572,-2.6065649131439463
26.149411886000053,25.51,-0.7631655565678857,-2.6066079354128937
26.251926409000134,25.599,-0.7499473276045855,-2.606676751260387
26.36066145399991,25.639,-0.7439850193693952,-2.6067057573563406
26.506266286000027,25.708,-0.7337921285449602,-2.606748366360063
26.610916737000025,25.787,-0.7220059457503133,-2.6067845081717604
26.71734179000032,25.821,-0.7169162568609534,-2.6067991702042246
26.88971832900006,25.906,-0.7041768160991284,-2.6068355520680524
27.00029051899992,25.987000000000002,-0.6920338915196202,-2.6068711666244013
27.10251788200003,26.019,-0.6872363152888331,-2.6068854355654287
27.273491813999954,26.104,-0.674509209088297,-2.6069246138199427
27.383419280999988,26.192,-0.6613180052236154,-2.606967385468625
27.486629687999994,26.214,-0.6580285319427578,-2.606977982886986
27.659356991000095,26.302,-0.645374626122773,-2.6069956916668753
27.764382028,26.385,-0.6330511734493802,-2.6069729236182293
27.880256549000023,26.435,-0.6255631869159396,-2.6069568539722843
27.984492875000342,26.514,-0.613730122068527,-2.6069305635887
28.094565972000055,26.548000000000002,-0.6086369749393938,-2.606919646073536
28.203631938999933,26.617,-0.5983631407807011,-2.606900487321528
28.305789905999973,26.661,-0.5918176579892166,-2.6068932726477745
28.462716364000244,26.731,-0.58133960394727,-2.606881594344666
28.577964564000013,26.801,-0.5708638540394729,-2.6068695335832053
28.6902145250001,26.86,-0.5620758504794736,-2.6068611529503025
28.843142222000097,26.929,-0.5519517102655248,-2.6068412057467762
28.947777778000273,27.001,-0.5412539705112874,-2.6068032113033937
29.048941052999908,27.043,-0.5349621811302584,-2.6067792657398265
29.1494931430002,27.119,-0.523579230633857,-2.6067348282683467
29.26244034299998,27.172,-0.5156757406554081,-2.606702336779352
29.395542072000353,27.226,-0.5076401231184086,-2.606665381706903
29.498674130999916,27.303,-0.4961633175232096,-2.6066081715677942
29.61315626500027,27.352,-0.4888602088123659,-2.6065749760862054
29.761269770000126,27.424,-0.47813908233656544,-2.6065324692646166
29.869760405000306,27.501,-0.4667523964331073,-2.6064899431549016
29.97163374999991,27.537,-0.4614307880693692,-2.606465279931315
30.080093896000108,27.612,-0.45029379284458976,-2.606412481352481
30.184292431000358,27.643,-0.44569853023202255,-2.6063946371694358
30.29042029600032,27.719,-0.4343463989111639,-2.606355771182889
30.39427241300018,27.764,-0.42764697078156244,-2.606334924211918
30.532714942999974,27.82,-0.4193362895775568,-2.6063052662884982
30.644846930000313,27.901,-0.4073356279463433,-2.6062560946530455
30.750662539000132,27.931,-0.40293150553069274,-2.606242960836226
30.86715145800008,28.017,-0.39020426396364666,-2.6062179087036523
30.976445486000102,28.056,-0.38441190326509633,-2.606206598287026
31.109588106000047,28.117,-0.37539761492560053,-2.606197984916554
31.21601580000015,28.2,-0.3631298058289276,-2.6061949851348785
31.33389947800015,28.242,-0.3568943988508886,-2.6061887109708
31.48896022000008,28.315,-0.3461316271423645,-2.6061838798780945
31.596585309000147,28.402,-0.33340986121886734,-2.6062003627232038
31.704360564000126,28.443,-0.3273761569806204,-2.6062030741086097
31.852461545000097,28.513,-0.3170674397211287,-2.6061951028951658
31.958992545,28.594,-0.3049710329687769,-2.6061723380832804
32.06509835599991,28.623,-0.3006258874605318,-2.6061643015704026
32.17359688600027,28.698,-0.2895569070649753,-2.606152000370598
32.276510068000334,28.726,-0.28544334277834266,-2.6061533820511817
32.43953565500033,28.81,-0.2730433544470108,-2.606174143509327
32.54107718400019,28.899,-0.2599153749059008,-2.6062217612206133
32.65258114700009,28.939,-0.2540088860297244,-2.6062521312124742
32.808199288000196,29.008,-0.24380728705737173,-2.6063159133201617
32.91368189500008,29.1,-0.2301445569048646,-2.6064127294441453
33.030743947000246,29.135,-0.2249310711202729,-2.6064472719850413
33.19134867799994,29.206,-0.2143486088779836,-2.606513010214183
33.295983228000296,29.294,-0.20126722799103025,-2.60659142530656
33.39743999500024,29.319,-0.1975642115030779,-2.6066165910749906
33.50400902399997,29.403,-0.18513907903663032,-2.6067071449062635
33.61191631800011,29.436,-0.18024697703891113,-2.606739964358914
33.76626200999999,29.503,-0.17026382403993548,-2.6068016776016187
33.870922916999916,29.586,-0.15800426474872403,-2.606865997659547
33.97611944800019,29.602,-0.15564409897943246,-2.606876081154242
34.084927859000345,29.683,-0.14372591721178338,-2.606914640538368
34.20034905200009,29.735,-0.13608812526429415,-2.606926914452183
34.302242345000195,29.813,-0.12461893366117832,-2.6069271443562663
34.42032515600022,29.861,-0.11755850125868313,-2.606916895004519
34.585796328000015,29.932,-0.10706014795077488,-2.60689781656698
34.69141257599995,30.001,-0.09689532547485716,-2.6068976203057
34.79664274300012,30.045,-0.09039873068072517,-2.6069058716580806
34.90201199000012,30.115,-0.08000610748769608,-2.6069304677287493
35.01539571100011,30.17,-0.07185316498851561,-2.606953249797369
35.15979024800026,30.229,-0.0631325218819439,-2.606970693644722
35.26463945000023,30.3,-0.052604201157679886,-2.6069808817088544
35.37570741200034,30.328,-0.04844915474616271,-2.606982231778423
35.49662235300002,30.401,-0.037624622679208755,-2.6069785160154373
35.613523602999976,30.455,-0.029622485433862485,-2.606968483525467
35.77781920899997,30.526,-0.01907733391340335,-2.606946538542281
35.89255759000025,30.601,-0.007888811045795242,-2.606915015491116
35.99336701500033,30.639,-0.0021951592481477154,-2.606898633403578
36.10550157900025,30.712,0.00874525066736604,-2.606868021368339
36.21003513000005,30.75,0.014441204717036053,-2.60685241652052
36.31289704500023,30.817,0.02437579444794023,-2.606829439977748
36.42412602700006,30.867,0.03174869388327343,-2.6068195229689044
36.57373160900033,30.922,0.03991002398563931,-2.6068043276732187
36.68460491499991,31.001,0.0516653035375678,-2.6067818590873117
36.79763415000025,31.051,0.05905892146853929,-2.6067736122011382
36.95240149200026,31.12,0.06920654299318436,-2.606755492031146
37.05797532600036,31.198,0.08080956874591379,-2.606719098443626
37.15838970599998,31.219,0.08394524615036997,-2.6067082554384666
37.27298397000004,31.301,0.09606538732140472,-2.606658350268704
37.38679019600022,31.342,0.10213212240153499,-2.6066258347462243
37.55073146399991,31.417,0.11324883992806514,-2.6065695650670166
37.65690677700013,31.496,0.12505058014891943,-2.6065219942115907
37.75868358900016,31.516,0.1280499899449901,-2.606510037379352
37.8637848530002,31.589,0.13891234842714698,-2.606470266672458
37.9834653060002,31.615,0.14277194979759233,-2.6064588215161892
38.09229002000029,31.69,0.1539036957379668,-2.6064340457876503
38.20714091200034,31.714,0.15746556394998995,-2.606428735484728
38.31331580799997,31.787,0.16832002777558616,-2.606419553424372
38.43006601600018,31.813,0.17218798371357144,-2.606418510098403
38.538238785999965,31.889,0.18344891496705584,-2.6064236065468673
38.651681998000186,31.912,0.18684798074416267,-2.60642846571671
38.761318286000005,31.992,0.19877064853312512,-2.6064539302331635
38.87063280300026,32.011,0.2016109315149637,-2.606460780112588
38.974396922000324,32.092,0.21360384664753454,-2.606484718855371
39.07794548300035,32.11,0.2162678175301482,-2.60648796389068
39.181716751000295,32.186,0.22755781899627528,-2.606494087631746
39.28851471300004,32.209,0.23098776775111637,-2.606494443305753
39.395831545999954,32.286,0.24247442802846148,-2.6064917357962636
39.50606471300034,32.308,0.24575691513223,-2.606489916307171
39.61506163100012,32.388,0.25766129628875784,-2.606484881284742
39.71575916100028,32.407,0.2604833657136483,-2.6064854683733714
39.825341907000166,32.492,0.27315340096026713,-2.606494790574747
39.9301466500001,32.52,0.2773291475684227,-2.606499788724276
40.03272137800013,32.601,0.2893693365800145,-2.6065114638263527
40.13422718600032,32.616,0.29160136296992073,-2.6065125413266097
40.23933644299996,32.695,0.30338220240244457,-2.606514159252719
40.352887747000295,32.733,0.3090441434350566,-2.606513116938796
40.521636138000304,32.803,0.31939526673159524,-2.60652036851713
40.62527401500029,32.885,0.33164926288758195,-2.606540689992332
40.7307002790003,32.902,0.33419325927775173,-2.606545342888013
40.833438860000115,32.98,0.34582555477699595,-2.6065696201161503
40.97646946900022,33.035,0.35400115492489664,-2.606592903221137
41.0791666340001,33.114,0.3657843853572299,-2.6066353334713637
41.18298606999997,33.147,0.37072487697035145,-2.606654378121449
41.2953753300003,33.216,0.38089710107847585,-2.6067025482303823
41.41007335400036,33.275,0.3896256798703948,-2.606757384272384
41.53850962300021,33.331,0.39799029743783065,-2.606814834809284
41.66005091700026,33.401,0.40838016074386163,-2.6068873478139287
41.76246181500028,33.445,0.4148917003489437,-2.6069278151669786
41.87170627800015,33.518,0.4256258059824286,-2.6069819356593484
41.97949656300034,33.568,0.4329702444748835,-2.60700776158767
42.11075377399993,33.628,0.4418818086290886,-2.607035176540209
42.22354139800018,33.701,0.45273007482092625,-2.607079699210542
42.33570386300016,33.753,0.46045070400621557,-2.6071168993304417
42.48266731300009,33.826,0.4711579575897649,-2.6071626537796497
42.59845676800023,33.901,0.4822729715175748,-2.6071921425664555
42.707050965000235,33.952,0.4898510017728954,-2.6072074690781615
42.856707653000285,34.024,0.5005017378522107,-2.6072190217465607
42.96129130899999,34.103,0.512264892053306,-2.607219926856622
43.06378819500014,34.15,0.5192728467730771,-2.6072172110208247
43.222105963000104,34.222,0.530023252747689,-2.607211823508754
43.33345290100033,34.301,0.5416981483919511,-2.6072176705542347
43.43777446900003,34.346,0.5483349893193162,-2.6072301272886462
43.58795261000023,34.42,0.5593757791991517,-2.6072538743768083
43.696843812000225,34.501,0.5714807293144,-2.6072767423227305
43.808391868999934,34.545,0.5780555111302776,-2.6072908401641506
43.950938897000015,34.618,0.5889601823038161,-2.607317878976969
44.064367861999926,34.701,0.6012512838069434,-2.60735856782093
44.165454168999986,34.733,0.6059736071266486,-2.6073801402682766
44.335367098000006,34.816,0.6181896273637794,-2.6074535756626425
44.437770122000074,34.895,0.6299093355428697,-2.6075466103370646
44.54332107800019,34.93,0.6351231205122482,-2.6075897970120416
44.64696134399992,35.008,0.6466553949718484,-2.6076765533574924
44.75630274000014,35.045,0.6521674897192979,-2.607713619913153
44.91236614200034,35.113,0.6623008060074299,-2.607785524733088
45.01348634600026,35.196,0.6745271264772167,-2.60787131116603
45.12792317399999,35.238,0.6807082889804928,-2.60790644538071
45.27968022499999,35.311,0.6915642006280175,-2.607958779420323
45.38315218900016,35.399,0.7045834939475213,-2.6080089348664695
45.488172386000315,35.424,0.7082824234508313,-2.6080191479571724
45.59191008200014,35.5,0.7196384521720635,-2.6080503355257427
45.703736051000305,35.536,0.7249844906443692,-2.608066336437151
45.86358899200013,35.608,0.7356459097055982,-2.608090737912897
45.97089791999997,35.687,0.7474211665098027,-2.608106950073146
46.071302475000266,35.707,0.7504060034158306,-2.6081101280436685
46.17292737600019,35.79,0.7626810561297819,-2.608114411918552
46.27978478800014,35.819,0.7669672725396837,-2.608111664994905
46.38365983700032,35.889,0.777451251110771,-2.608102322362783
46.49368813499996,35.915,0.7813452631547421,-2.6080992461034245
46.59812074000001,35.999,0.7938295340208477,-2.6080945039334145
46.71383467100031,36.026,0.7978224536374747,-2.6080969675223753
46.8890180960002,36.103,0.8092879645060232,-2.6081081603727916
46.99852496500034,36.175,0.8200337531412963,-2.6081144195846715
47.14694035899993,36.202,0.8240626540734466,-2.6081155277936836
47.25706463000006,36.278,0.8354072532561851,-2.6081177521090675
47.42382058200019,36.335,0.8439122793761752,-2.6081231556853663
47.53134445500018,36.414,0.8555882316314225,-2.608126957961515
47.64074539400008,36.446,0.8603344403859717,-2.6081240805626416
47.745958840000185,36.501,0.8685597110842169,-2.608116732529006
47.853621659000055,36.545,0.8751399264930186,-2.6081096803941852
47.96872085199993,36.612,0.8851573882080874,-2.608098168215624
48.081232360000286,36.639,0.8891926934937048,-2.608094351300426
48.18826957600004,36.694,0.8973381552916315,-2.6080845973394844
48.32519494400003,36.73,0.902671660291805,-2.608074643406425
48.434352280999974,36.786,0.9110380752087394,-2.608057248219071
48.581474337000145,36.829,0.9174599406659089,-2.608045804596345
48.68639282999993,36.894,0.9270977710044874,-2.6080337692403313
48.79927655500023,36.928,0.9321118967342235,-2.6080329157292255
48.93042709600013,37.001,0.9429492381441658,-2.608039355878412
49.03092084800028,37.04,0.9487709894189758,-2.6080415365993543
49.13912821900021,37.101,0.9579054045850999,-2.6080446104686974
49.24673932199994,37.14,0.9637351012612302,-2.6080473741636516
49.3574622860001,37.212,0.974433483506984,-2.6080590303295477
49.46353533000001,37.253,0.9805079665097655,-2.608069323185404
49.61627851399999,37.324,0.9910497488109592,-2.6080813960145997
49.73401921100003,37.401,1.0025671901652602,-2.6080888545243464
49.83463184300035,37.438,1.0081011321669113,-2.6080931800541394
49.93466638200016,37.501,1.0174851245676968,-2.608098128537027
50.04079919700007,37.526,1.0212101185667122,-2.6080987175029327
50.14358617300013,37.59,1.0307160579653805,-2.608103174910712
50.283579140000256,37.621,1.0353136105516303,-2.6081087652497046
50.3879284540003,37.691,1.045731129833329,-2.6081287862282223
50.50284933000012,37.72,1.050060082238051,-2.6081388415349176
50.60827374700011,37.792,1.0606836926208738,-2.608161491453675
50.71882435800035,37.819,1.0646584096427028,-2.608165964748012
50.82153096899992,37.895,1.075921764983019,-2.6081782414876344
50.94033862200013,37.929,1.0809368143194196,-2.608189245001617
51.04875608300017,38.001,1.0914441651888198,-2.608209462147039
51.16241340600027,38.042,1.0974528394940917,-2.6082119355332
51.26889587799997,38.111,1.1077575652269522,-2.608206183132206
51.374271386000146,38.143,1.1125573659510961,-2.608203241770948
51.55310719199997,38.215,1.1233408827194586,-2.608195936199051
51.656767716000104,38.292,1.1348152059626766,-2.6081847231184905
51.76606423400017,38.314,1.1380871453082457,-2.6081799577334683
51.87634467800035,38.387,1.148956414640242,-2.60815935774779
51.995590684000035,38.425,1.154614858798972,-2.6081458808594276
52.09753136800009,38.499,1.1655958515353821,-2.60811329360888
52.205791424999916,38.524,1.169298520604555,-2.608099638193153
52.313316573000066,38.594,1.179736948999387,-2.6080584399260274
52.427326600000015,38.624,1.184213165925094,-2.6080422493968904
52.53489707500012,38.691,1.1941601407901337,-2.608004314491331
52.64745569200022,38.71,1.1969825551656832,-2.607992145300972
52.75043228100003,38.783,1.2077551845241028,-2.607937966681565
52.87366690199997,38.809,1.2115803216502001,-2.607914525139021
52.976968107000175,38.881,1.2222875843461707,-2.607847323608282
53.13624049600003,38.908,1.2262950985101528,-2.6078250047378946
53.24218477900013,38.981,1.2370112383083436,-2.6077770975114007
53.362415560000045,39.007,1.2407988268104484,-2.607767253871761
53.46677349900028,39.083,1.2520580601778124,-2.6077537468671945
53.607242913999926,39.106,1.2554941189345108,-2.6077509950523856
53.71093334900024,39.175,1.2658241065679496,-2.6077445425336077
53.84341501400013,39.205,1.2703175545767036,-2.6077422080246895
53.947539108,39.283,1.2819801861710802,-2.607738238044674
54.069979891,39.304,1.2851178878095995,-2.6077379879491254
54.17582867300007,39.36,1.293444738260207,-2.6077404988615083
54.34723313299992,39.403,1.2998339654177722,-2.607746592705259
54.45429985100009,39.472,1.3099379947210443,-2.607758561567255
54.58744005300014,39.502,1.3143177353206958,-2.6077582432255353
54.69536688500011,39.572,1.3246952034590183,-2.6077442060720637
54.85308163200034,39.635,1.334125881533555,-2.6077305857917117
54.96303700599992,39.716,1.3460844910114333,-2.607722714342571
55.07854503599992,39.734,1.3487248172686532,-2.6077247849161944
55.20572660100015,39.801,1.3584969268048432,-2.6077429065797793
55.31774017199996,39.837,1.363794759918682,-2.607750898008254
55.42897242800018,39.901,1.3733602668371798,-2.6077591337087243
55.53428442099994,39.944,1.3797977031876818,-2.607763764027296
55.64088992100005,40.001,1.388332631590005,-2.6077689623864337
55.74309734000008,40.046,1.3950707333653691,-2.6077723381220355
55.84708556600026,40.101,1.4032743674556538,-2.6077749904310465
55.9513906330003,40.142,1.4093733781579931,-2.6077742792670544
56.052319333000014,40.201,1.4181734916562112,-2.6077694157583777
56.16583926900012,40.242,1.4242966352352429,-2.6077643328410613
56.27505686600034,40.301,1.4330772776914658,-2.607758026671894
56.38435054599995,40.338,1.438573057843757,-2.607757518242369
56.49008308700013,40.401,1.4478859603550525,-2.6077557389959836
56.59640490500033,40.426,1.4515880391589233,-2.6077525725536983
56.72238557100036,40.501,1.4627694413283718,-2.6077383664750036
56.82317999499992,40.525,1.466354601565596,-2.607734523110506
56.927609269000186,40.597,1.4768819226052916,-2.6077161355196696
57.03331365300028,40.624,1.4808268710556363,-2.607703298673554
57.140364434000276,40.693,1.4910514997704165,-2.607657800896058
57.25703122999994,40.723,1.4955320584743574,-2.607636097688201
57.37831345199993,40.801,1.5071940874524445,-2.6075792326270575
57.49513398499994,40.833,1.5119786236135009,-2.607557025284911
57.60122777700008,40.892,1.5207425698307173,-2.607519528794046
57.73428640300017,40.921,1.5250253660787942,-2.607504868525421
57.840497381000205,40.982,1.534019657022197,-2.607480439356828
57.99152442800005,41.02,1.5396511418811574,-2.60746279201098
58.09785734600018,41.092,1.550283901121217,-2.6074199081405185
58.213038937999954,41.119,1.5542656637564782,-2.6073999238414287
58.328466155000115,41.193,1.5652661451865904,-2.607340843231265
58.439123548000225,41.218,1.5689806721481916,-2.607323033992322
58.5485109680003,41.291,1.5797304486911132,-2.60727440125036
58.669257373000164,41.317,1.583551252027039,-2.6072536635806407
58.774825928000155,41.394,1.595009721647862,-2.6071872391157647
58.89871899100035,41.416,1.5982826744026435,-2.6071699831627657
59.00474742000006,41.494,1.6098731954575922,-2.607111370541559
59.11059357300019,41.515,1.6129963340412348,-2.607094315192446
59.218383711000115,41.592,1.6243353310880775,-2.6070228277890455
59.3406503340002,41.628,1.6296304423016272,-2.606982002118226
59.4464914160003,41.694,1.6394860655454786,-2.6069035699282854
59.56256484599999,41.713,1.6423200672923461,-2.606881956366221
59.67409105000024,41.785,1.653004810433657,-2.6068065282466
59.813093031000335,41.812,1.6570063812060007,-2.606781555698035
59.924381367000024,41.881,1.6673215633648402,-2.6067218932652625
60.0672577270002,41.911,1.6718200608748683,-2.606695935716211
60.17805280600032,41.981,1.682209376887641,-2.606640424140359
60.32167955800014,42.01,1.6865019090793805,-2.6066213353667127
60.433172109000225,42.076,1.6961684157797903,-2.606578913252182
60.57737865800027,42.109,1.7010153927967377,-2.606552076896732
60.68778617699991,42.176,1.7109349954184285,-2.6064861138934163
60.818171079999956,42.208,1.7157023205209954,-2.6064545056647157
60.92863963400032,42.273,1.7253152663060096,-2.6063980319076827
61.07086369400031,42.307,1.7303370900180497,-2.60637384490584
61.17803827700027,42.363,1.7384916246108792,-2.606336251728944
61.33684088100017,42.406,1.744785308826789,-2.606298862666066
61.44012177200011,42.481,1.755891424477562,-2.6062173346333832
61.5651093270003,42.505,1.7594667816572933,-2.6061914741473933
61.67380335799999,42.584,1.7711983835932825,-2.606114221921445
61.777831386000344,42.604,1.7741670168326487,-2.606096819612227
61.884505275000265,42.675,1.7846667443454913,-2.606038950408898
61.999717972000326,42.703,1.7888108164018526,-2.60601377822234
62.10431034700014,42.777,1.7997408124386072,-2.6059377049705628
62.212171284000306,42.802,1.803431460676366,-2.6059085635917936
62.31698793500027,42.874,1.814161701302602,-2.6058189622753227
62.470760317999975,42.935,1.823268484760947,-2.605746350520833
62.574363450999954,43.011,1.8345280295749802,-2.605654795048076
62.689426899999944,43.043,1.8392791058729663,-2.6056123043260433
62.80643170900021,43.101,1.847921499333911,-2.6055358462547056
62.90941003500029,43.145,1.8544741174764807,-2.6054812227379234
63.02271674400026,43.213,1.8645480280126874,-2.60540484894074
63.136944054000196,43.259,1.8713459951241282,-2.605360872000825
63.30695770000011,43.33,1.8818058563638094,-2.6053077270054117
63.431088426000315,43.401,1.8923629537687416,-2.6052692577348573
63.53558541300026,43.442,1.8984829363290083,-2.6052495718621205
63.637410843,43.501,1.9073215168518858,-2.605221866618951
63.73864626500017,43.528,1.9113663747918956,-2.60520892328473
63.84434282800021,43.597,1.921667754013915,-2.6051743341292357
63.97337109399996,43.627,1.9261370576211607,-2.6051576688856666
64.09238848900031,43.701,1.9372317833657484,-2.605114523756267
64.19949628299992,43.735,1.9423305108680746,-2.605094616483039
64.30814034000014,43.801,1.9521516339210032,-2.6050582075223594
64.42451339300032,43.836,1.9573202113461086,-2.605043923207533
64.53334353800028,43.901,1.9668346994001744,-2.6050194353741367
64.64090375500018,43.937,1.9721372994396964,-2.6049998138790977
64.7482299950002,44.001,1.98167295751753,-2.604958518444638
64.84826909499998,44.036,1.9868876531352326,-2.6049338518706104
64.95048441800009,44.101,1.9965398280133113,-2.6048871757042846
65.0540040650003,44.136,2.00170357482232,-2.604867037008469
65.17137948300024,44.218,2.0138803850254203,-2.6048289724242326
65.27877357600028,44.265,2.020896837288855,-2.604805011867961
65.42507786100032,44.32,2.0290421689830445,-2.604779963155902
65.52976144600007,44.393,2.0398807750107943,-2.604759271744984
65.63747358699993,44.419,2.043757456846815,-2.6047538691271876
65.74652944700028,44.499,2.055654808005002,-2.6047437163344616
65.85293643600016,44.518,2.058476375622802,-2.604743190026052
65.96071206100032,44.598,2.070127305901465,-2.6047404591760928
66.06614546500032,44.635,2.0754926749718,-2.6047288781136433
66.2489604540001,44.716,2.087480772691592,-2.6046884539303714
66.35493771100028,44.796,2.0993693474106543,-2.604658625878092
66.46480117500005,44.827,2.1039944565725,-2.6046458279917837
66.56525801800035,44.897,2.1144335059668955,-2.6046176645970154
66.67175753200036,44.929,2.1192022575964904,-2.604606962996834
66.78024520200006,45.001,2.129953921548527,-2.604586862791353
66.89091423300033,45.039,2.135618805822192,-2.604578129410271
67.07508202600002,45.112,2.146480663183051,-2.6045576654066416
67.17993774000024,45.187,2.1575803075421063,-2.604527720134155
67.2893262890002,45.223,2.162886961095859,-2.60450732218138
67.39927507199991,45.298,2.1740542088964863,-2.604456796153349
67.50965715800021,45.325,2.1780744095680546,-2.6044367960321173
67.61340448600004,45.402,2.189591211027057,-2.6043775284348993
67.72327202199995,45.438,2.1949800217008106,-2.604350586867494
67.8975226120001,45.508,2.2053062570443407,-2.604307060113706
68.01047395400019,45.595,2.2181976736803533,-2.6042762024609107
68.11052768700029,45.62,2.221915625916747,-2.6042700334937665
68.30157642500035,45.706,2.2347622139513814,-2.6042519583605426
68.40654582000025,45.782,2.245961580777094,-2.604228158126243
68.50791346999995,45.805,2.249337786186715,-2.6042168407276516
68.61197147600024,45.884,2.2610895894970047,-2.6041675645392
68.72020066200002,45.919,2.26631085718565,-2.6041435744137296
68.89816917100006,46.003,2.2787139520882627,-2.6040946587512046
69.00510822600017,46.091,2.291808977646645,-2.604066826062789
69.11440313899993,46.114,2.2952568702600873,-2.604060204013998
69.22672439300004,46.2,2.308113918812406,-2.604037953731936
69.34528730500006,46.249,2.3154361930234093,-2.604027875115241
69.4487671300003,46.332,2.327862945252889,-2.6040141128056957
69.55540994700004,46.366,2.3329054203114317,-2.6040098951509947
69.66204070399999,46.429,2.342158360961031,-2.604014473950347
69.78048370800025,46.489,2.3509298453043264,-2.6040308242336745
69.89616487600006,46.531,2.3571210642731795,-2.6040382304695853
70.01331247100006,46.601,2.3675304422956374,-2.60404288154658
70.12521661500023,46.655,2.3755763515646438,-2.604049897694384
70.28309300799992,46.729,2.386498333590919,-2.604071157698564
70.39078824600028,46.801,2.397118709041722,-2.60410993488192
70.49233019900021,46.841,2.40302816432009,-2.604139167619175
70.6067790850002,46.917,2.4143431158760293,-2.604203854244279
70.71225931000026,46.953,2.4197028110241696,-2.6042376329751193
70.86524725000027,47.026,2.4306246766157784,-2.6043105017585675
70.99664364199998,47.101,2.4418079107918165,-2.6043889887692138
71.10402538900007,47.148,2.448766527149657,-2.6044413804232187
71.2053045900002,47.216,2.4587640500407018,-2.604508596709438
71.31340430699993,47.253,2.4642406601883162,-2.6045390862578706
71.47448961000009,47.323,2.474635284202148,-2.604589901749587
71.58189480300007,47.401,2.4862009523869664,-2.604647324036316
71.68261671600021,47.439,2.4918146892893325,-2.60468130773923
71.78672052399997,47.501,2.5010505605401905,-2.604738226127816
71.89250364100008,47.534,2.5059673434514114,-2.604766758383104
72.00079713000014,47.614,2.5178753318069362,-2.604829821774391
72.10668669400002,47.659,2.524541546822834,-2.604860835531414
72.25760596600003,47.719,2.533396326936693,-2.604893475607898
72.3651072130001,47.798,2.5451897530530596,-2.6049265622910696
72.46615386800022,47.831,2.550131344631735,-2.604940755865152
72.56753920400024,47.902,2.5607173940293966,-2.6049745406929854
72.67745753000008,47.946,2.5672742140182185,-2.6049989116678094
72.83727056299995,48.016,2.5777286435850497,-2.6050386139556814
72.9415886300003,48.097,2.5897998654922234,-2.6050829916339024
73.04898234800021,48.131,2.594850976186065,-2.6051047236063076
73.21540918100027,48.214,2.6071321258566384,-2.6051614975371904
73.3225497630001,48.301,2.614243749922511,-2.6051366839688237
73.42867464400024,48.338,2.6161842407227502,-2.605137381778834
73.58093787400003,48.412,2.6183762640691484,-2.6052031979024743
73.68821411099998,48.493,2.6182911864711005,-2.605324597207707
73.79094955300025,48.525,2.617720496254931,-2.6053672480174184
73.90598468000007,48.601,2.617127925167726,-2.6054233807732166
74.01337648100025,48.632,2.616949217199044,-2.605446601004493
74.1136237390001,48.701,2.6165533555466554,-2.6055111336790366
74.22840580100001,48.736,2.6163537596496123,-2.605550613667876
74.33402072700028,48.801,2.615985668704056,-2.6056358937870563
74.43475483300017,48.825,2.615850713303636,-2.605671288010144
74.55243634199996,48.901,2.615427245635107,-2.6057971379537084
74.66139620600006,48.934,2.6152453994495097,-2.6058582440305376
74.83830908100026,49.006,2.6148534336614633,-2.6060049684029143
74.94986400500011,49.074,2.6144899005818703,-2.606160179870515
75.07413337000025,49.105,2.6143265149787513,-2.606236219407817
75.17764665999994,49.189,2.6138918172663885,-2.6064585808956187
75.28227738400028,49.204,2.6138154962175846,-2.606500761403858
75.38604366200025,49.284,2.6134156060762432,-2.606738113965399
75.48995845300033,49.303,2.613322478068305,-2.60679750715982
75.59518009200019,49.378,2.6129622065623193,-2.607043012610275
75.70904331200018,49.402,2.6128494872224146,-2.6071252371116986
75.81826926300027,49.488,2.612456372808202,-2.607434037991981
75.96774663399992,49.535,2.6122489781522638,-2.607611912470207
76.0706603450003,49.61,2.611929517856183,-2.6079085890216565
76.18562435400008,49.634,2.6118303860783967,-2.6080067540208205
76.31714260800027,49.701,2.6115618580883693,-2.608288814373879
76.43477862700001,49.757,2.6113469785133656,-2.608533324426914
76.53880170299999,49.801,2.611184450556674,-2.60873081048901
76.65398492500026,49.855,2.6109927794498953,-2.6089793839243596
76.75504217200023,49.901,2.610836444157434,-2.609196311300364
76.85758490000035,49.948,2.6106834578405786,-2.6094226645689127
76.96415260100002,50.001,2.6105192988974966,-2.6096833643690043
77.07950125900015,50.054,2.61036418486031,-2.6099495457448425
77.18405933900021,50.101,2.610234345275228,-2.610189926863322
77.2851980270002,50.128,2.610163085414378,-2.6103297697957766
77.41837272300018,50.201,2.6104292170347687,-2.6103604116147
77.5300873430001,50.256,2.611994934771627,-2.6075324699911797
77.64669381500016,50.317,2.614104679145813,-2.6019774915283596
77.75894817300014,50.364,2.615706314346919,-2.5975660336322486
77.86276998299991,50.419,2.617532633787436,-2.592072372690863
77.96903751200034,50.452,2.6185759097039853,-2.588760205885106
78.08936401900019,50.517,2.6206655178162883,-2.5818452087245376
78.20668686199997,50.568,2.6221998739922716,-2.5763234782416293
78.36127273400007,50.623,2.6237487154605184,-2.570380394162576
78.49226057100032,50.701,2.6258014153507916,-2.5618068170652957
78.607078387,50.752,2.6270507024221152,-2.5561186823282265
78.71669608899992,50.819,2.628577784186457,-2.5485605677122516
78.82774824800026,50.861,2.6295217851207147,-2.543609921956417
78.92988873200011,50.916,2.630675255820403,-2.537025397309676
79.04203209600018,50.961,2.6315601208999113,-2.531618616611578
79.18866676700009,51.019,2.6326334840871723,-2.524551581954211
79.3136361060001,51.101,2.6340123204653914,-2.5144699715929533
79.41699520700013,51.135,2.6345370034349096,-2.5102616164217157
79.53245036099997,51.201,2.635502695820581,-2.501895865421501
79.64016136200007,51.239,2.636015548234048,-2.497056954165829
79.80261431600002,51.316,2.6369774684519705,-2.4870639561080803
79.91262441900017,51.401,2.637903656156084,-2.4759750221829107
80.02124445800018,51.445,2.6383273346589178,-2.4702234788206465
80.17233997299991,51.514,2.638912382786222,-2.4612189524991774
80.27513940500012,51.596000000000004,2.639501951870012,-2.4503168382812044
80.38204467000014,51.628,2.639700900296994,-2.44604735361726
80.54946479499995,51.712,2.64015626987445,-2.4345792741068575
80.65446138800007,51.792,2.640493415744764,-2.423657444064469
80.79547321300015,51.834,2.6406327886111662,-2.417922724844773
80.93475130800016,51.91,2.6408100699925026,-2.407709711135209
81.04232220800031,51.989,2.6408928243042755,-2.3970303771046018
81.15500329499991,52.022,2.6408986706313313,-2.3925486882971247
81.33869859300012,52.108,2.6408424957951118,-2.3805734520046262
81.44564899000034,52.183,2.640724710649127,-2.3701567230730594
81.54776751999998,52.207,2.640671887993774,-2.366840107324725
81.64820869200003,52.285,2.640444202047297,-2.355670149921078
81.75679623600035,52.32,2.640329789286915,-2.350555093806751
81.93689902899996,52.405,2.6400275642829767,-2.338274576985658
82.04221220499994,52.485,2.6396983637395093,-2.3266315721817667
82.15854736100027,52.518,2.6395536630257794,-2.3217981394520555
82.33413431500003,52.603,2.639160336108897,-2.309526912311906
82.44093586200006,52.684,2.63873581365013,-2.2977054696801984
82.55350019700018,52.715,2.638566019402579,-2.293130151061886
82.65659932800008,52.799,2.6380939520255797,-2.2809044659463797
82.75903828400033,52.835,2.6378800358430894,-2.2756856266928964
82.86289866100014,52.918,2.6373572231705014,-2.263500677456625
82.97018650500013,52.961,2.6370772495037667,-2.2571709903463746
83.13547475600035,53.032,2.636601584174519,-2.246562092896032
83.23865070600004,53.101,2.6361419082068513,-2.236258948857386
83.34887582700003,53.153,2.6357937008214387,-2.2284990648527403
83.495155523,53.23,2.6352745057810987,-2.216993616992336
83.60284481000008,53.301,2.6347950831785876,-2.2064699450240854
83.71460147200014,53.357,2.6344093332598333,-2.198202859423915
83.86179803000005,53.428,2.6339134799424957,-2.187685793795329
83.96606733099998,53.501,2.6334172365064616,-2.1769578513602497
84.08003873500002,53.557,2.6330256917888426,-2.1687083938459666
84.23545190000004,53.626,2.6325304240315774,-2.158547869989231
84.33912937600007,53.701,2.631972383686926,-2.147420263055675
84.45273973300027,53.754,2.6315761328665177,-2.1395167618997966
84.58756956600018,53.824,2.6310657225390055,-2.129158070268018
84.69470054200019,53.901,2.630515986504054,-2.117729474554202
84.80005721499992,53.95,2.630169775701009,-2.11042910437406
84.94580791299995,54.022,2.6296612040226988,-2.099656095189292
85.054881346,54.102,2.629100444342042,-2.0877159798894827
85.17046025100035,54.15,2.628767593692313,-2.0805610679352364
85.31713672100022,54.22,2.628283921020943,-2.0701785514766375
85.42410980000022,54.301,2.627734376969054,-2.0583155960623505
85.53394465400015,54.348,2.6274416064213364,-2.0515345195483694
85.68235700800005,54.418,2.6270096927287088,-2.041281470171684
85.78694510300011,54.499,2.62649155094882,-2.029238145270647
85.89020900700007,54.531,2.6262869704859275,-2.0244638434569073
86.05691118000004,54.616,2.6257411130106294,-2.0117614530341847
86.16014943000027,54.703,2.6251932941273317,-1.9988989809920177
86.2712737300003,54.735,2.624999892284556,-1.994193861840607
86.42195103099994,54.814,2.6245279294424955,-1.9825700232825327
86.52713629800019,54.905,2.623964234806526,-1.9690151525743684
86.63703930100019,54.944,2.623719637873049,-1.9631970081772752
86.77372278200028,55.012,2.6233057932393313,-1.9531694435144127
86.87741042800008,55.1,2.6227752190608777,-1.940033954095641
86.98828695700013,55.142,2.6225207401363173,-1.9337563774542135
87.13354849000007,55.21,2.6221142281403793,-1.9236341465964235
87.24256294399993,55.299,2.621594548165333,-1.9105607350837643
87.35868900300011,55.334,2.621379051229552,-1.905382216775069
87.51404701299998,55.408,2.620918311146357,-1.894326487189701
87.6229763629999,55.491,2.6204046055010375,-1.8819681849853012
87.72616214800018,55.521,2.6202217751018484,-1.8775063948555488
87.82838570600006,55.603,2.619733669108473,-1.8653561357279802
87.93952083900012,55.63,2.619576361183347,-1.8613518153553155
88.11588130300015,55.705,2.619144410863995,-1.8501937926027319
88.22522141400032,55.787,2.6186899292275836,-1.838082912875007
88.33211227900028,55.816,2.6185347116953475,-1.8338053827008485
88.43682158499996,55.895,2.6181314111845424,-1.82221211016296
88.53699964499992,55.919,2.6180139146069656,-1.8186803518542316
88.64198411799998,56.0,2.617622217949893,-1.8066408361653967
88.7428385510002,56.017,2.6175418376182384,-1.8041222522217124
88.84568469000033,56.096,2.6171927021173187,-1.792586815018087
88.94574568100006,56.135,2.617032697170842,-1.7868920915395363
89.05542888200034,56.215,2.616718236542396,-1.775060866372458
89.16735389600035,56.265,2.6165190635744047,-1.7675914966134225
89.31804970300027,56.332,2.6162568306999154,-1.7576527121247583
89.42920271899993,56.401,2.6160032067367647,-1.7474887336130167
89.5434105510003,56.46,2.615800193675827,-1.738783878944449
89.702233256,56.53,2.615561348493358,-1.728291668399617
89.807819612,56.601,2.615326101757714,-1.7177671424966434
89.91854500900035,56.66,2.6151460444912478,-1.7090873405348637
90.02416736000032,56.727,2.6149505842065786,-1.6991025010286445
90.14146116200027,56.782,2.614790823698582,-1.6908711421509628
90.28480925000031,56.827,2.614659417194651,-1.684133951034209
90.39805403100036,56.901,2.6144446619302477,-1.6731062811084019
90.50748608499998,56.937,2.614345115366863,-1.6677787161700306
90.61182518000032,57.001,2.6141740440590833,-1.658252150826873
90.7119884030003,57.037,2.614079792738568,-1.6528825635499034
90.83135593800034,57.101,2.613921184363931,-1.6434313858980902
90.94795432799992,57.146,2.6138185822362936,-1.636794205751959
91.05571705500006,57.215,2.6136703534485433,-1.6265517101339662
91.16090918500004,57.248,2.613602784396882,-1.6216430484177098
91.2623510870003,57.314,2.6134722994991932,-1.6118123886700335
91.377730273,57.364,2.6133776517492513,-1.6043653664642572
91.48660414999995,57.418,2.6132826829808966,-1.5963844802212777
91.60088452500031,57.441,2.6132450946135797,-1.5930013906982268
91.70704978999993,57.505,2.6131368641464428,-1.583495667254277
91.81745912700035,57.535,2.6130837314349957,-1.5790386463556023
91.92453469500015,57.601,2.612958754698498,-1.5694046264808748
92.03169524000032,57.633,2.6128902195142927,-1.5647460249136413
92.13778394200017,57.703,2.612725795251001,-1.554321153584686
92.23939377700026,57.732,2.6126562197480285,-1.5499905005173664
92.34814345900031,57.801,2.6124967711981824,-1.53974734092844
92.45163626600015,57.829,2.612434963374388,-1.5355907422699617
92.55666951300009,57.911,2.612258566413592,-1.5233711341276246
92.66935046100025,57.941,2.612193071712023,-1.5188887432698488
92.82721730200001,58.015,2.6120269483239085,-1.507915938148777
92.93098389900024,58.087,2.611854041158668,-1.4972750837825646
93.04788015600025,58.114,2.61178551111276,-1.4932964046125654
93.15253828599998,58.197,2.611566717465279,-1.4810167585190346
93.26857739000025,58.225,2.611497313425234,-1.4768895150704722
93.37189441500004,58.307,2.611316533463125,-1.4648991294447962
93.482201498,58.344,2.6112468984965305,-1.4594960003619069
93.65423003500018,58.411,2.6111255888815594,-1.449474425391262
93.76492916699999,58.494,2.610974284531013,-1.4370835662016772
93.87376575899998,58.519,2.6109274270161853,-1.4333554492314704
93.98519387500028,58.597,2.6107853859019805,-1.4217595169750448
94.08635181599993,58.622,2.6107425354918727,-1.4180444635300489
94.1918497720003,58.7,2.610613825478486,-1.406413459706976
94.30722022999998,58.736,2.6105575254870406,-1.401068404147028
94.47927797800003,58.807,2.6104573270389086,-1.3905648114022966
94.58121475000007,58.883,2.6103634398961106,-1.3792586122102934
94.69092423600023,58.906,2.6103361740787365,-1.3758227818345514
94.79591963200028,58.964,2.610269051056389,-1.3671483244719065
94.93401034800036,59.005,2.6102226400793938,-1.361013305151613
95.04239314400002,59.086,2.610132122510683,-1.3489021260884957
95.16154715900029,59.117,2.6100966176971494,-1.3442683947266145
95.34614107700008,59.203,2.6099958807050365,-1.3313861964271438
95.4640235310003,59.282,2.609901362440365,-1.3195807602968275
95.58394044700026,59.315,2.60986041603079,-1.3146551161180553
95.68571329399992,59.396,2.6097547242696777,-1.302592748597086
95.80646778900018,59.449,2.609681006527414,-1.2947001295612368
95.96294832100011,59.534,2.6095569204932905,-1.2819781801982855
96.07718645100022,59.601,2.609463115175269,-1.272027280598302
96.19048027000008,59.66,2.609390368587523,-1.2632888297748293
96.34778299300024,59.731,2.6093049367683165,-1.252668551898889
96.46211899500031,59.801,2.609222131688676,-1.242255135083839
96.57111890600027,59.856,2.6091650238134103,-1.2341006588997254
96.67456500800017,59.917,2.609107209590722,-1.2249904320344494
96.79084633999992,59.973,2.6090563423983424,-1.216617533546191
96.92355002600016,60.028,2.6090083725318802,-1.2083928797647145
97.03105946300002,60.101,2.608943831363218,-1.1975105569664088
97.14054314400028,60.152,2.6088953197001596,-1.1899105755655979
97.24131040700013,60.219,2.6088258719176896,-1.179955976674404
97.35348231600028,60.268,2.608770343081504,-1.172647990242247
97.49307559399995,60.325,2.6087043135409242,-1.1641041400061358
97.60694776200035,60.401,2.608612668856574,-1.1528774433167646
97.71498102300029,60.456,2.608533785779515,-1.1448070494849787
97.85821951700018,60.523,2.6084207848564454,-1.1350384426060958
97.96842703700031,60.602,2.6082637787709344,-1.1233033144730833
98.07600997600002,60.645,2.6081803152641005,-1.116889636713413
98.22543711100025,60.721000000000004,2.6080339236584282,-1.1054964748032257
98.33272942900021,60.799,2.6078868621211244,-1.0938998807073534
98.43289756500008,60.832,2.6078330402734595,-1.0890865631231526
98.54549769300002,60.918,2.607700759546725,-1.0762336554791985
98.64563378999992,60.942,2.6076640173495274,-1.0726384871050152
98.81939984900009,61.018,2.6075494778691297,-1.0612647866742722
98.93962808900005,61.101,2.6074253320952034,-1.0488314572228756
99.05124867099994,61.142,2.607363484001718,-1.0426979028558592
99.20598894100021,61.216,2.6072486478395485,-1.0316556169779434
99.31209911600035,61.293,2.6071297741811756,-1.0202172361514352
99.41911512700017,61.329,2.6070793681872333,-1.0148862994299692
99.528701662,61.413,2.6069632431330514,-1.0024457882083428
99.64232316200014,61.458,2.606895530703441,-0.9957484854085055
99.77514539599997,61.513,2.6068137897938373,-0.9875435934673846
99.87794731500026,61.593,2.6067006796467984,-0.975599851190439
99.99031833000026,61.624,2.606658376945569,-0.9709730113450464
100.091779417,61.705,2.6065601642484175,-0.9589941340561563
100.19399909999993,61.735,2.6065287577200027,-0.9545647378621317
100.36543540299999,61.81,2.6064653540122733,-0.9435264911061492
100.472890474,61.895,2.6064086482902726,-0.9308827221406337
100.58177738199993,61.924,2.606388326799199,-0.9265531048325573
100.68563283200001,62.003,2.606320445765898,-0.9149910007073038
100.79755748300022,62.036,2.606283689381252,-0.9101225025281813
100.94497815600016,62.107,2.6062029652775554,-0.8995132384042629
101.05405363699992,62.187,2.606119898590563,-0.8876194940162755
101.15607630600016,62.22,2.606089770579945,-0.8827233183848573
101.266513949,62.303,2.606024114238835,-0.8703945123974658
101.37905582800022,62.338,2.606000517630711,-0.8651934386167063
101.5353047640001,62.404,2.6059589344744647,-0.8553175024865599
101.64486804900025,62.483,2.605911383890858,-0.8434790915084879
101.75796231499999,62.517,2.6058910345986757,-0.838379703654799
101.93456336899999,62.602,2.605832298763147,-0.8259112108586276
102.04087303200004,62.687,2.605742790046246,-0.8133806701449746
102.15719371700015,62.735,2.605696653443773,-0.8062911026969916
102.26305610500003,62.815,2.605628812126414,-0.7944119100880919
102.37883500099997,62.865,2.6055834541956147,-0.7869547981672843
102.47964309899999,62.928,2.6055252113598115,-0.7775208945656774
102.58199582199995,62.976,2.6054817963259205,-0.7703328162687022
102.70934548600007,63.031,2.605432192773587,-0.7620879416441873
102.817179356,63.097,2.605374816419085,-0.7522397447787668
102.92175682800007,63.13,2.6053481704805797,-0.7473193546240284
103.03413168299994,63.201,2.605301633048074,-0.7368566556911571
103.13833096300004,63.259,2.6052784022600908,-0.7283115457839773
103.29498119100026,63.328,2.605259850432437,-0.7180206086980312
103.39908250899998,63.401,2.6052491168054064,-0.7072163092135217
103.5009463690003,63.443,2.605251766418036,-0.7010358519455523
103.60900953200007,63.518,2.605270083687112,-0.6898934933473653
103.72087548700028,63.566,2.6052851232024494,-0.6827247078560567
103.85741774100006,63.625,2.605306506042148,-0.6739135217112775
103.97228082200036,63.701,2.6053396207891923,-0.6625842106378537
104.07864933300016,63.753,2.6053668055172836,-0.654836845702697
104.23211642600018,63.823,2.605401422348394,-0.6444683972098766
104.34388044300022,63.901,2.6054247129826793,-0.6330509103859893
104.4555471550002,63.953,2.605422179705185,-0.6254274236189389
104.60976662700023,64.021,2.6054135466434953,-0.6152528908109257
104.71878088500034,64.101,2.605409334209654,-0.603342069710666
104.82744696600002,64.153,2.6054126269697147,-0.5956084528236579
104.9815518119999,64.219,2.6054204446959814,-0.5857176722662337
105.08900353600029,64.301,2.6054315409552613,-0.5734544091741868
105.20581947400024,64.347,2.6054406665110914,-0.5665890436712075
105.35008896699992,64.417,2.605458386130888,-0.5561349011004854
105.45651918600015,64.495,2.6054824079719614,-0.5444588614644816
105.56785938500025,64.528,2.6054930666388154,-0.5395141586808281
105.67246597100029,64.61,2.605525062044725,-0.5273129350395073
105.78123030699999,64.638,2.6055387404027375,-0.5231493099715601
105.88540924900008,64.691,2.605570115927643,-0.5153156620504981
106.001004792,64.727,2.6055963181627435,-0.5099951834758568
106.10844862700014,64.795,2.605653955704467,-0.4998497697760659
106.22507994800026,64.838,2.605691172045979,-0.4934011561149248
106.39944418200002,64.912,2.60573913518577,-0.4827033781769016
106.50582627600033,64.983,2.6057547126541345,-0.4723619950688774
106.60869399800004,65.011,2.6057544104630943,-0.4682708862156484
106.71995893900021,65.088,2.605741289837474,-0.4568208212587812
106.82205660799991,65.11,2.605736506136352,-0.4535345667115584
106.92600377999997,65.197,2.6057194666326167,-0.4405432705532412
107.03451550099999,65.22,2.6057162139040573,-0.4371083124864556
107.14034248500002,65.305,2.6057050236344113,-0.4243603281907096
107.25903468700017,65.339,2.6057012455925044,-0.4193014807455822
107.4092229820003,65.407,2.6057050276600964,-0.40927484329801916
107.51297314900012,65.486,2.6057181498198734,-0.39779277697409743
107.61980915999993,65.506,2.605717562826544,-0.39487728998502697
107.72473607100028,65.585,2.6057023165414104,-0.38318303393078734
107.82820308999999,65.605,2.605696459921774,-0.380215790778374
107.93379083300033,65.69,2.6056667934586155,-0.3676013027765145
108.03919145700002,65.718,2.605660068841657,-0.363462217767523
108.21264152200001,65.803,2.605639897519292,-0.35074940748285766
108.32062895800027,65.881,2.6056230055545906,-0.3391414526655079
108.43068624300031,65.902,2.6056205035330744,-0.3360225129737867
108.54367410000032,65.983,2.605616590266709,-0.3239768188260482
108.66620476600019,66.035,2.6056119595238827,-0.31622276659394255
108.77010193500018,66.115,2.6056068662889573,-0.30434602494450663
108.88649704699992,66.163,2.6056116298022607,-0.2972371736048943
109.00126278200014,66.23,2.605628338867202,-0.2873128231898508
109.10246198499999,66.275,2.6056454500167696,-0.28066552504348874
109.25222602900021,66.331,2.605663930214108,-0.2723575317936932
109.36918728599994,66.401,2.605683368930764,-0.2619267201330496
109.47233062800024,66.446,2.605699219755095,-0.2552225521501545
109.57793409500027,66.517,2.605720384418511,-0.24480306471750782
109.690328529,66.557,2.6057243436869073,-0.23890529588037468
109.84477126699994,66.628,2.6057352052264733,-0.2284374281342723
109.96268762,66.701,2.6057673627147353,-0.2176567043963851
110.06474107600025,66.741,2.605790992910587,-0.21172824083906858
110.18005604400014,66.819,2.6058337742780693,-0.20042808197801523
110.28542368200033,66.851,2.6058422379743913,-0.1957801479956458
110.43919717500012,66.925,2.6058548180693406,-0.18470708260526275
110.55947752400016,67.001,2.6058754483891295,-0.1734783626147304
110.66947470500008,67.05,2.6059029571457386,-0.16631484429265986
110.827734642,67.123,2.605960599477046,-0.15546929379038846
110.94375594500025,67.201,2.6060250025449303,-0.14395500000569336
111.05613834900032,67.247,2.606054687662441,-0.13715472068786363
111.16152520300011,67.319,2.606098870327183,-0.12636623167051994
111.27371019100019,67.364,2.606127805538029,-0.11965983241869997
111.41570005700032,67.42,2.606168612103359,-0.11133088348366593
111.53198541300026,67.501,2.606227148530466,-0.09937379360677495
111.63308273200028,67.531,2.6062445515030137,-0.09494298680808275
111.73854865000021,67.606,2.6062755620892117,-0.08390314529301719
111.84998240000004,67.644,2.6062844004807006,-0.07827683424910661
112.0066744149999,67.717,2.6063008444163103,-0.06736808099065845
112.1116106290001,67.794,2.6063260376549673,-0.055942121492106194
112.21468046100017,67.828,2.6063420724111666,-0.05090777688647945
112.32115769300026,67.901,2.606383741755999,-0.040016131834265
112.4385652420001,67.939,2.606407009821595,-0.03434393909573849
112.59627343000011,68.014,2.606447797439994,-0.023220883716304735
112.70540884499997,68.092,2.606481898989481,-0.011557247671358252
112.80609840000034,68.126,2.606496706779599,-0.006458909390875795
112.91432605900036,68.201,2.6065333758368743,0.004688875750696909
113.02031360000001,68.225,2.6065479509423106,0.008245119509126774
113.12713347900035,68.303,2.6066033188628372,0.019847116287134977
113.23127510600034,68.333,2.6066273032559724,0.024306793099091943
113.39401691900002,68.41,2.606686823165354,0.035756037692652426
113.49770541499993,68.481,2.606731188850651,0.046234492115860934
113.61301097800015,68.509,2.6067441704342214,0.050355396528751234
113.72152201000017,68.594,2.606777914611885,0.06301131570967478
113.8365738550001,68.622,2.606790768517313,0.06718659090102228
113.94137883800022,68.701,2.6068296993775766,0.07901347279914034
114.05882892499994,68.734,2.606846260147933,0.08391920756166134
114.2143032050003,68.806,2.60687352196862,0.0945565150191871
114.3234034850002,68.887,2.606883925102872,0.1064323206963175
114.43145017400002,68.914,2.606881307190431,0.11038570872245719
114.53659125400009,69.003,2.606853486688846,0.12346723354914922
114.64659768899992,69.022,2.606843768414644,0.12627753689382656
114.8114451890001,69.103,2.6068089186104593,0.13827162560174514
114.92031617700013,69.183,2.6067902283010733,0.15018396106083773
115.02127735500017,69.202,2.6067869069546035,0.15301828426712277
115.12431628900003,69.279,2.606770273538425,0.16443525708687154
115.25158082600001,69.335,2.6067508264798716,0.17274129822052983
115.35480769600008,69.421,2.606706688254706,0.18543832066216331
115.45961828999998,69.461,2.606679129429946,0.1913814699154323
115.56623798400005,69.519,2.606644060279559,0.19997552338765517
115.67554702999996,69.571,2.606618317337452,0.20773679050077726
115.78245184300022,69.628,2.6065906037064006,0.21628498613352293
115.89381653800001,69.684,2.6065636076372747,0.22467657037131017
116.02297202499994,69.73,2.6065471327698337,0.23143508009738734
116.13067309799999,69.801,2.606534661768414,0.241968157846985
116.24546487099997,69.862,2.6065320743408766,0.25098670688429336
116.38515012300013,69.928,2.606519700697681,0.2604745785620658
116.50551779200032,70.001,2.606475253900202,0.27120811268461315
116.60923743300009,70.049,2.6064463318492868,0.27833698594382766
116.76570305600035,70.126,2.6064083676004164,0.2897935054052846
116.87860128000011,70.201,2.6063781018631036,0.3010140490781495
116.9905705340002,70.253,2.6063583013858445,0.3087942460095846
117.09643542899994,70.315,2.6063458329337053,0.3178824695979826
117.20854869799996,70.371,2.606349072225756,0.32604508521252984
117.34015403500007,70.423,2.6063502917072587,0.3337199102325446
117.44809008099992,70.502,2.606342221808366,0.3454316326311775
117.56536367800027,70.552,2.60634341560874,0.3528324416450709
117.71922976299993,70.621,2.6063538650897,0.36310894136678
117.83275166800013,70.701,2.6063722799566453,0.3750580729606256
117.9432501350002,70.737,2.6063823925756253,0.3804349068627843
118.05923991600002,70.818,2.6064099626218313,0.3925232742235214
118.16534909600023,70.849,2.6064223587595388,0.397149681903401
118.31606089800016,70.918,2.6064481929983607,0.4073597233055882
118.424317256,70.997,2.606461459817518,0.41899077755187775
118.53218938200007,71.029,2.6064608259742914,0.4237026219788321
118.63894777700034,71.101,2.6064557909793415,0.4344871126301765
118.74481739500015,71.146,2.6064536077903298,0.44122077479492666
118.90342167300014,71.215,2.60645483418739,0.4514975630042603
119.01188213400019,71.3,2.6064554819807975,0.46394363389257587
119.12570330900007,71.327,2.6064493003091354,0.4678837217323907
119.30763173000014,71.413,2.606418472148679,0.48073220845900194
119.41130690499995,71.49,2.6063932795984734,0.49217262665212136
119.52288288799991,71.518,2.6063877878688837,0.49631983893251463
119.63800538700025,71.597,2.6063855249553827,0.5079796328765368
119.74072237400014,71.623,2.6063893441786594,0.5118225579761035
119.84437835500012,71.705,2.6064099083028194,0.524024212734325
119.95805648600026,71.74,2.6064211592809654,0.5291913937521328
120.06676765800012,71.794,2.6064331016458993,0.5371689656633112
120.18805906100033,71.809,2.606435029767849,0.5393849595869934
120.29866856800027,71.881,2.6064386513926876,0.5500654989648736
120.42218722200005,71.908,2.606441815412053,0.5540657676106936
120.52797458900022,71.981,2.606449668337538,0.5648204073688546
120.6755893730001,72.007,2.606449102888541,0.5686597755181182
120.78256345599993,72.064,2.6064458772399264,0.5771155277805177
120.92457523200028,72.106,2.606449379148612,0.5833175449791337
121.038168821,72.187,2.606467807398667,0.5953611431196725
121.15532373399992,72.205,2.6064734651567676,0.5980385128348142
121.2612072830002,72.265,2.6064939308832082,0.6069737327170059
121.39997071500011,72.304,2.6065056188777667,0.6127913187394535
121.50768454600029,72.381,2.6064975336717007,0.6200489380499729
121.63631332500017,72.403,2.6064934829044812,0.6215532878845473
121.74234069700015,72.467,2.6065144876843656,0.6245354358168246
121.87244007100026,72.502,2.6065556482039405,0.6254802624634462
121.97630731000027,72.586,2.606685549847698,0.6257442573622528
122.09551060700005,72.635,2.606753453986187,0.6249076126913192
122.19866273800017,72.715,2.6068111284844497,0.624340937141929
122.30789031299992,72.747,2.6068367757396986,0.6241566907647083
122.42916225499994,72.801,2.606888695839008,0.6238471103568722
122.5365333740001,72.847,2.606941441182761,0.6235849598236433
122.65497955799992,72.901,2.60701329130298,0.6232793878224897
122.76849990900018,72.955,2.607095783618576,0.6229765146494208
122.87932500200031,73.001,2.607174373601724,0.6227209182205826
122.98068696200016,73.045,2.607256640237123,0.6224787281583302
123.10343342600027,73.101,2.607371267214961,0.6221740440728256
123.21750060500017,73.161,2.607506255484513,0.6218524419288616
123.32837914300035,73.219,2.6076485274649537,0.6215467704426675
123.44729764000022,73.267,2.607774885580582,0.6212979861351611
123.598802772,73.327,2.60794360808695,0.6209927257157529
123.74050954299992,73.401,2.6081678299257485,0.6206256313068265
123.86179647300014,73.45,2.6083258725688783,0.6203886476444601
123.97689643800004,73.518,2.6085574898132626,0.620068328821116
124.087720601,73.553,2.608682144568818,0.6199075167007528
124.19881279600031,73.619,2.6089269865751668,0.6196121363710754
124.29941776600026,73.654,2.609061888062197,0.619459816775366
124.40747156099997,73.719,2.6093214316202427,0.6191852151669199
124.515753657,73.753,2.6094617243100817,0.6190460066257116
124.62193677699997,73.815,2.6097253082386476,0.6188002425913314
124.73098319600012,73.853,2.609891660012173,0.6186549170730811
124.83916824100015,73.919,2.6101889087326278,0.6184123949277026
124.94039675700014,73.944,2.610304168902684,0.6183238824910819
125.05178560200011,74.001,2.610572216567243,0.6181291324805759
125.15880533400014,74.036,2.6107403031074052,0.6180145015882863
125.27067977700017,74.101,2.611059177723346,0.6178118461304192
125.37507108799991,74.137,2.6112393712055297,0.6177054367638349
125.47909600899993,74.201,2.611565657630364,0.617526745754275
125.59975347799991,74.231,2.6117210921638643,0.6174476743374809
125.72247257900017,74.301,2.611520110475467,0.6178474419310087
125.82516929900021,74.334,2.6099161287800965,0.618727021436001
125.93745235300003,74.401,2.603979254364694,0.6211009998010107
126.04152202100022,74.433,2.6009693929453825,0.6222224412262121
126.15928392000023,74.501,2.594255977534398,0.624553112031791
126.28734113100018,74.532,2.5911762387516193,0.6255592258542344
126.46361062300002,74.614,2.5828551428288673,0.6280950960522226
126.57884528000022,74.692,2.574698372137226,0.6303396241724221
126.70017364500018,74.731,2.5705841373505507,0.631385080921627
126.80520048700009,74.801,2.5628665427938135,0.6332301943593774
126.90959753800007,74.83,2.559591463235211,0.6339545889025937
127.01452923800025,74.901,2.551569259416616,0.6356129842325902
127.11470534599994,74.926,2.5487385026988774,0.6361588911941578
127.22222679200013,75.001,2.5402470390436678,0.6376736842541666
127.33256464400029,75.04,2.5358205318085165,0.6383913992440908
127.49862576700025,75.109,2.5278023239303677,0.6395722323071676
127.60526407199995,75.184,2.51862956987809,0.6408000825153691
127.7233838699999,75.208,2.515540153724541,0.6411669412256484
127.8302713600001,75.292,2.504990785806493,0.6423111963983273
127.94406063499991,75.32,2.5014767372590314,0.6426555504846686
128.05016886300018,75.399,2.4914243987553255,0.6435414146585515
128.16454256199995,75.433,2.487075644445248,0.6438809777296125
128.32146176700007,75.505,2.477743224650619,0.6445273067957464
128.42975898800023,75.594,2.466001465988392,0.6451972383602727
128.53027557700034,75.619,2.462700328281498,0.6453582839233685
128.70542264799997,75.703,2.4517590474459356,0.6458009248097711
128.80946880300007,75.783,2.440833481287011,0.646119419444786
128.91674945900013,75.802,2.4381785068185087,0.6461825608086859
129.02299605500002,75.887,2.4266023360244775,0.6463966678100025
129.13575063300004,75.935,2.420091926303443,0.6464681386985914
129.23764816300036,76.013,2.409273490058897,0.6465122206695838
129.3429012050001,76.047,2.4044659976535927,0.6465107497559804
129.473164516,76.101,2.3968713694846966,0.6464839240421444
129.58916969400025,76.161,2.388433343537191,0.6464180414647503
129.74677111300025,76.231,2.378590743074254,0.6462931207003236
129.861210133,76.301,2.368642177556463,0.6461165389983072
129.97267510400025,76.353,2.3612053527558015,0.6459586861440205
130.07458122100024,76.417,2.3523271395877536,0.6457360089815952
130.17858532200034,76.449,2.3479055054594222,0.6456038577159723
130.28339550500004,76.515,2.3383668213536164,0.6452838882144191
130.40177979100008,76.566,2.330984573473921,0.645021584633542
130.54195286200002,76.627,2.3221856845025757,0.6446871053854469
130.66040640600022,76.701,2.3113892200798447,0.6442464481997532
130.77287252099995,76.739,2.3058185733366585,0.6440107974155805
130.88843202199996,76.801,2.2967400456492095,0.643614483312265
130.99043833099995,76.842,2.2907397345669174,0.6433442952123428
131.10127187300031,76.916,2.2800313415621583,0.6428391876357609
131.20605620800006,76.944,2.2759326319213575,0.6426338063833205
131.31038583200007,77.017,2.2649970219234565,0.6420912369702761
131.41529084100011,77.047,2.2605050880135997,0.6418685545974239
131.51918613599992,77.101,2.2526333584015448,0.6414785050419806
131.634343705,77.136,2.2475738192746744,0.6412164499616291
131.7475663700002,77.218,2.2354261662133554,0.6405678983284323
131.86527005400012,77.262,2.2288928775901184,0.6402152988713026
131.99787438800013,77.32,2.2202728573876813,0.6397458945630006
132.10941760100013,77.401,2.2082637006381236,0.6390831557224573
132.21937871399996,77.446,2.20159787947497,0.6387098211340255
132.3799681800001,77.518,2.1910035738677958,0.6381058395494099
132.49158565000016,77.603,2.1785476294768475,0.6373731150196752
132.59920229900035,77.647,2.1720585402790413,0.6369778391245533
132.74902428600035,77.716,2.1617436456445223,0.6363506910907527
132.85629979500027,77.801,2.1490914005768698,0.6355859532861493
132.97960327600003,77.828,2.145079292415403,0.6353457419581949
133.1519829230001,77.914,2.1324008474589635,0.6346001519338127
133.25562595600013,77.993,2.120642395029252,0.6339247169717523
133.36100847800026,78.026,2.1157077200150596,0.6336410942822579
133.52382996100005,78.112,2.103015064631467,0.6329045131917594
133.63328010400028,78.191,2.091305572766792,0.6322081453468988
133.74116426599994,78.225,2.0862518400583805,0.6319038739564068
133.85436510699992,78.298,2.075413435833427,0.6312560384433226
133.95694622400015,78.32,2.072147019910754,0.6310626437839693
134.06578161000016,78.397,2.060659800422839,0.6303867806426247
134.17388936299994,78.429,2.055881136796141,0.6301066647755215
134.347177698,78.508,2.0441298527151037,0.6294228374002898
134.45219052300035,78.585,2.03267411763397,0.6287616814497582
134.55842181100024,78.607,2.02939812519675,0.6285717081687886
134.66682751000008,78.691,2.0169687847706146,0.6278547792199379
134.77104395100014,78.72,2.0126930520704955,0.6276131695591057
134.95089571800008,78.805,2.0000777744513307,0.626904197595459
135.0534444330001,78.89,1.9873679298177969,0.6261838342994783
135.16654189100018,78.915,1.9836245434359994,0.6259716006555578
135.26720602800015,78.993,1.9721482772944532,0.6253304025745064
135.37565268200024,79.019,1.968340490269126,0.6251237032837714
135.55341814700023,79.102,1.9559684934605004,0.6244595084815443
135.658082036,79.18,1.944492377854828,0.6238500523765076
135.78550516900032,79.235,1.936475739374834,0.6234434245171817
135.88862301900008,79.311,1.925321393672727,0.6229032424218918
135.9972698470001,79.348,1.9198580911799692,0.6226456756875651
136.10923223200007,79.415,1.9099637636198568,0.6221897027477392
136.21090662899996,79.458,1.9036302359763853,0.6219051812387996
136.31744659700007,79.518,1.89481272227646,0.6215211798731622
136.43979968300027,79.572,1.8868741892476697,0.6211877629425329
136.58242820000032,79.63,1.8783322540078715,0.6208411505961833
136.69515868000008,79.701,1.867870758872858,0.6204330239632745
136.7967470020003,79.743,1.8616789998117826,0.6201996540819494
136.91574339599993,79.818,1.8505451319205097,0.6197924607487665
137.02360576299998,79.858,1.844582622967781,0.6195775088039112
137.17299506000018,79.927,1.8344618586198733,0.6192241251125014
137.28321581299997,80.001,1.823508024352011,0.6188621460196178
137.39098662800006,80.042,1.8174365210414947,0.6186670571327095
137.50774611700035,80.112,1.8070957703406392,0.6183461681821253
137.60903806500028,80.151,1.8013136758703467,0.618172945417602
137.7125821049999,80.217,1.791490669114444,0.6178844605076554
137.82598911900004,80.265,1.7843887989192124,0.6176786853128873
137.96589711100023,80.323,1.775807688717681,0.6174231810844283
138.083245541,80.401,1.7641352872347937,0.6170678661179516
138.19385884800022,80.447,1.7572451006474628,0.6168583321806984
138.35771892799994,80.521,1.7463631323752786,0.6165393487686024
138.46156047700015,80.597,1.7351275723099773,0.616230495590552
138.5758055690003,80.632,1.729944235485024,0.6160930989564265
138.68536588799998,80.716,1.7176289387463124,0.6157639921961316
138.80446696800027,80.767,1.7100959824478426,0.6155504531398468
138.9346234530003,80.818,1.7025135736549633,0.6153308955037545
139.03898020499992,80.897,1.6907486173575377,0.6149849770900467
139.15088622600024,80.931,1.6856848444830355,0.6148380065206461
139.25150827400012,81.001,1.67528278096052,0.6145420329157542
139.36485818600022,81.037,1.6699375384193214,0.6143937742724117
139.53477028199995,81.115,1.6584341806317071,0.6140872548220173
139.64017009200006,81.195,1.6465617126842096,0.6137914698349818
139.74332323199997,81.228,1.6416182842939213,0.6136693001131349
139.85019825400013,81.311,1.6292930357083972,0.6133682122310554
139.96212901300032,81.343,1.6245746284391138,0.6132585126738784
140.11438047299998,81.412,1.6143817337921542,0.6130276707338999
140.21659434799994,81.492,1.6024433232579454,0.6127501462558884
140.32448883999996,81.526,1.597365796615975,0.6126306693595425
140.42793889299992,81.609,1.5850367264806065,0.6123455325601912
140.53590079700007,81.642,1.5801341329343483,0.6122363122240826
140.696683528,81.709,1.570142010249993,0.6120182081949643
140.80225023699995,81.794,1.5574221818575607,0.6117462311537752
140.91139780000003,81.822,1.5532259018462473,0.6116568311339431
141.0155821420003,81.903,1.5411396929498071,0.6114024538051298
141.12745916400036,81.937,1.53607152896262,0.6112982069250861
141.2878678500001,82.006,1.5258359616395794,0.6110945237880295
141.39198743700035,82.086,1.5139890573931853,0.6108731242640841
141.5031197100002,82.117,1.5094019786096051,0.6107921199329048
141.60718616600025,82.193,1.4981130307595982,0.6106022400731165
141.70778833400027,82.215,1.4948421328393122,0.610549206610391
141.88470848499992,82.303,1.4816781591978656,0.6103405514438287
141.99118945700002,82.385,1.4694677426948943,0.6101514203375945
142.09872004900035,82.415,1.4650188126459471,0.6100860643678871
142.2015490240001,82.498,1.4526964857934002,0.6099154644951932
142.31056040900012,82.535,1.4472011443326014,0.609843936489833
142.41315886700022,82.616,1.4351798136150629,0.609690169618996
142.52100588300027,82.664,1.4280467878750727,0.609594197669509
142.63074239900016,82.73,1.4182791506663783,0.6094551154558682
142.74590004900028,82.787,1.4098177268671084,0.6093262200037273
142.86978624700032,82.831,1.4033047219222285,0.6092283406320693
142.96981265400018,82.901,1.392960197009823,0.6090845319856361
143.0747685199999,82.943,1.3867543072983308,0.6090055081823778
143.18621957000005,83.017,1.3756958299351607,0.6088702801611573
143.28684581900006,83.059,1.3694085931162925,0.6087926449665434
143.43888709300018,83.128,1.3590856245549283,0.6086635511533921
143.54132151500016,83.201,1.348255989963811,0.6085286666785218
143.65756064300012,83.259,1.3397565346652285,0.6084390886959559
143.81241251400024,83.326,1.3298755146975159,0.6083507730792432
143.92158414899995,83.401,1.3186876862255879,0.6082640891233625
144.02554946700002,83.439,1.3129984714592449,0.6082210590965466
144.13315096900033,83.519,1.3010562892191966,0.6081289992808069
144.23487634799994,83.552,1.2961303501098012,0.6080894121852773
144.37658183700023,83.623,1.2856007038898132,0.6079988170592094
144.48898547199997,83.701,1.2740461333455584,0.6078873612829461
144.5901137230003,83.737,1.2687437264976313,0.6078317609388555
144.6974732560002,83.814,1.257597236641831,0.6076917398406184
144.8111241370002,83.863,1.2503890229986594,0.6075818633069576
144.9499854999999,83.92,1.241878174119211,0.6074513886681795
145.05505480800002,84.001,1.2297798655417669,0.6072682759749791
145.1611116859999,84.032,1.2251477752921829,0.6071971365497848
145.27204375600013,84.117,1.212474907065785,0.607003832402698
145.39777235300016,84.152,1.207262257555286,0.6069272442987164
145.51170027300032,84.217,1.1975937650685737,0.6067859527009053
145.61839940400023,84.301,1.1850239583041526,0.6065979963211529
145.73254328600024,84.346,1.1782837023750479,0.6064980306086634
145.88290882599995,84.415,1.167941783545333,0.6063453835168603
145.9914016820003,84.501,1.15520566090148,0.6061625714991371
146.10743892900018,84.535,1.1502782496044572,0.6061022381969187
146.28185285900008,84.613,1.1386309493859328,0.6059656110402358
146.38396309900008,84.697,1.1260770171993115,0.6058161910665294
146.50389077199998,84.739,1.1198043066179744,0.605743399968965
146.64890572000013,84.811,1.1090487114647556,0.6056221096352328
146.76156553700002,84.889,1.097367842506873,0.6054934386245232
146.86261697300006,84.91,1.094220708055104,0.605458647319346
146.96558312000025,84.992,1.0821091706494566,0.6053332848916405
147.06655047999993,85.023,1.0775511907224113,0.6052930346933663
147.24020851700016,85.108,1.0649724840730281,0.6051979885960604
147.34457697900007,85.191,1.0526973228209462,0.6051240052479716
147.4474040760001,85.22,1.048411887344764,0.6051031147805896
147.55360959300015,85.305,1.0357883534330397,0.6050540858797292
147.65891376900026,85.335,1.0313389910820852,0.6050399666555026
147.81409237900016,85.405,1.0209633662255997,0.6050156586686946
147.92377466000016,85.493,1.0078149257533078,0.6049966780793864
148.02858353700003,85.517,1.0042219197904945,0.6049921372705402
148.13128534399993,85.598,0.9923362417827356,0.6049915027118414
148.24166246100003,85.626,0.988235360943837,0.6049988549785856
148.4092562220003,85.702,0.9769087565545788,0.6050277248038262
148.5154935390001,85.785,0.9645680939583606,0.6050693010837181
148.6303704730003,85.835,0.957137024972637,0.605100689294102
148.7373724690001,85.923,0.9440183742286244,0.6051653152201052
148.8432342860001,85.964,0.9379203966309988,0.6051948347841433
148.94452232499998,86.028,0.9285112143857459,0.6052308541401549
149.05010756899992,86.076,0.9214242998577573,0.6052487565746341
149.18093954699998,86.131,0.9132389680818068,0.6052640942645884
149.2907959160002,86.201,0.9028154941894764,0.6052787829650284
149.3941305010003,86.244,0.8964250088482707,0.6052906131057159
149.501195069,86.318,0.8854272146603835,0.6053192994735571
149.6153186700003,86.374,0.8770920553951046,0.6053477857708512
149.74703092800019,86.428,0.8690426343247789,0.6053793949780714
149.8566447420003,86.501,0.8581493688711047,0.6054260798266966
149.96988644500016,86.554,0.8502309778081971,0.6054581755080355
150.12385873400035,86.626,0.8395274291179973,0.6054963062183526
150.24186866900027,86.701,0.8284166626208601,0.6055252148957213
150.35948420600016,86.753,0.8206755858487904,0.6055387149531362
150.51606642000024,86.824,0.8100601814510606,0.6055583167915503
150.6225811080003,86.903,0.798323107262254,0.6055785330539064
150.72432801600007,86.936,0.7934230975234703,0.6055837336384313
150.83540003899998,87.017,0.7815957867614308,0.6055795587117618
150.95935446400017,87.071,0.773620074013809,0.6055599528859944
151.09912603600014,87.121,0.7662712408723868,0.6055449613635044
151.20184651399995,87.187,0.7565220932210289,0.6055385621560414
151.3032564240002,87.22,0.7515993544136006,0.605535108777657
151.41322960200023,87.301,0.7395478446769367,0.6055270490723345
151.51749374700012,87.332,0.7349462479677777,0.6055273533110059
151.63072708800019,87.412,0.7231105395453636,0.6055282981049237
151.73651084600033,87.447,0.7179110867102817,0.605524574387668
151.902525555,87.517,0.7074420460855646,0.6055139788122816
152.00403260300027,87.595,0.6958273691289485,0.6055031712018297
152.10625716599998,87.626,0.6912221993533327,0.605502039083588
152.21277910900017,87.705,0.679409341906314,0.6055043160657417
152.31555216700008,87.73,0.6756654719513254,0.6055055327771811
152.48109533100023,87.814,0.6631259114279623,0.6055078399349576
152.59026822600026,87.894,0.651184481166926,0.6055041378734781
152.6984507430002,87.925,0.6465562657563083,0.6055012388092609
152.80707299100004,88.004,0.6347402442122512,0.6054909502269376
152.9203660170001,88.039,0.6295022952220006,0.6054855315890028
153.092120669,88.111,0.6188564587526016,0.6054805195433232
153.20357819900028,88.192,0.6068185889286852,0.6054936023239488
153.31713130800017,88.224,0.6020355784280871,0.6055006972350514
153.42300792900005,88.298,0.5909801220222352,0.6055202677219922
153.5249429380001,88.323,0.5872452738655656,0.6055279274503065
153.63112066400026,88.403,0.575285423418725,0.6055555509486011
153.7432320570001,88.436,0.5703521407747882,0.6055681544547132
153.89476056800004,88.507,0.5597308555730954,0.6055940342226327
153.99624475300016,88.585,0.548076442410277,0.6056219042133684
154.09973625400016,88.606,0.5449409559506343,0.6056303119796816
154.21136081700024,88.69,0.5323830478035959,0.6056656487708723
154.3210899999999,88.716,0.5284932529042287,0.6056760497373725
154.43289317400013,88.8,0.5161851508836738,0.6056957039898732
154.5475180110002,88.831,0.5116262037418879,0.6056954615397101
154.70956390200035,88.903,0.5009316645206153,0.605686823518223
154.81403518800016,88.993,0.4876345449806422,0.6056603769183176
154.92510208700014,89.017,0.4840925852715967,0.6056494562348884
155.0411613790002,89.11,0.47017185614714974,0.6056015200292293
155.16053639200027,89.147,0.46462783741696917,0.6055829272582018
155.32726310599992,89.234,0.4517132912485924,0.6055469480833473
155.44125461600015,89.301,0.441806000487811,0.6055313295546393
155.55331719700007,89.359,0.43318020274251545,0.6055148397629679
155.7125634500003,89.431,0.4225809984985853,0.6055045076022025
155.82470515000023,89.501,0.4121848652572965,0.6055099726985715
155.9398132790002,89.555,0.40415921315761244,0.6055195137315795
156.10384154800022,89.629,0.3932291178952575,0.6055281604665101
156.21829787900015,89.701,0.382667282535702,0.6055206037778272
156.3405684190002,89.752,0.37520177340169747,0.6055017380069918
156.49494734300015,89.827,0.36395761836593027,0.6054638826046842
156.62030533100005,89.901,0.3530199749988255,0.6054319379043064
156.733221728,89.953,0.3454254512967382,0.6054255922800263
156.8958511730002,90.025,0.33468422098471823,0.6054297548128736
157.01823102400022,90.101,0.3233761828528793,0.6054407120452381
157.11972177400003,90.138,0.31787928852602554,0.6054501056178917
157.22223915099994,90.194,0.3095890026679586,0.6054705073276244
157.34077803800028,90.25,0.301296943278001,0.6054996388673205
157.44272843900035,90.318,0.291173880770418,0.6055436782572543
157.5479845140003,90.35,0.2864051264006709,0.6055669011190178
157.6593489840002,90.419,0.2761050523714582,0.6056208018103969
157.77195940599995,90.46,0.27003395966769445,0.6056559159436847
157.9272389560001,90.52,0.26118004837930414,0.6057171007454705
158.04512787300018,90.601,0.24916244678604452,0.6058176467719666
158.1603886830003,90.643,0.2429262678756066,0.6058738406293085
158.31925073799994,90.718,0.23202717337736276,0.6059953753354786
158.43873747599991,90.799,0.22026297163086603,0.6061500584509874
158.5479782100001,90.83,0.2157067983998529,0.6062054640319036
158.65529700700017,90.901,0.2053788201023618,0.6063152362661922
158.76384017100008,90.942,0.19943836646142296,0.606365150611166
158.92098641200027,91.015,0.18862367401921065,0.6064385369064241
159.0283049909999,91.097,0.17635833492945888,0.6065145199646547
159.13261442400017,91.127,0.17186984088661264,0.6065415351259108
159.23954857000035,91.211,0.15960084564879937,0.6066001310342185
159.3398202000003,91.236,0.15595149184996251,0.6066112330166759
159.491467671,91.312,0.1446512393522872,0.6066423218826401
159.59885275100032,91.394,0.13242102547204387,0.6066877257743145
159.70506101399997,91.425,0.12778236834691276,0.6067061285735466
159.87857562099998,91.51,0.11505545849100487,0.6067587595289207
159.99674831600032,91.587,0.10358586656254395,0.6068067324209384
160.12177058399993,91.609,0.10032607185328077,0.606818641664281
160.2297402510003,91.691,0.08821380513423938,0.6068519032395858
160.3432580120002,91.721,0.08378302622711963,0.6068594832257197
160.51522458399995,91.807,0.07100552555700616,0.6068728955703377
160.6161317760002,91.892,0.05855910177771119,0.6068823141601206
160.7309883150001,91.92,0.05446307658691087,0.6068789598249796
160.83447019999994,92.0,0.042593100963495834,0.6068577330051773
160.94246137400023,92.035,0.03739210428140822,0.6068446197514845
161.08958272400014,92.104,0.027120504489308837,0.6068136539111832
161.19634627300002,92.187,0.014810748504066462,0.6067734161700777
161.30626776400004,92.217,0.010388867573233849,0.6067638445473157
161.48316879599997,92.302,-0.0022090641731049867,0.6067511629836032
161.58852434900018,92.386,-0.014742418853521832,0.6067514888501977
161.7043813180003,92.435,-0.022077104389905233,0.6067536332938005
161.80934997600025,92.516,-0.03394081211468969,0.6067507804231539
161.91589415900035,92.558,-0.0400486814658078,0.6067366618137902
162.0220387889999,92.631,-0.050813647437150965,0.6066994412726728
162.12730035200002,92.685,-0.05868586311924315,0.6066880951265008
162.24904409200008,92.731,-0.065398349687743,0.6066912946524116
162.35806770499994,92.801,-0.07567294481328944,0.6067138021607007
162.46386807099998,92.856,-0.08385115608916159,0.6067296703101914
162.6166528230001,92.929,-0.09450326988320197,0.6067372728896636
162.72637796800018,93.001,-0.10521347314703572,0.6067244505029884
162.84897727199996,93.049,-0.11238662035416179,0.6067173906025057
162.99817222699994,93.127,-0.1240697689666999,0.6067081077529516
163.1052501260001,93.201,-0.13496545790225187,0.6066958324792254
163.21273340000016,93.251,-0.14227551585652873,0.6066749612090319
163.3712932970002,93.325,-0.15329466548161896,0.6066288204236092
163.476899968,93.401,-0.16452262077997756,0.6065875101245578
163.58013593900023,93.435,-0.1695276411252224,0.6065761387423517
163.69850240100004,93.51,-0.18051102221651943,0.6065522841855585
163.80280522300018,93.57,-0.18939258577441687,0.6065204182810852
163.9281557180002,93.622,-0.19708350708595024,0.6064948038921608
164.0444504000002,93.71,-0.21022598134878728,0.6064616330748496
164.16228702900025,93.749,-0.2160252570326322,0.6064493014722279
164.2962711680002,93.82,-0.2265268875460864,0.6064376026745443
164.40832897500013,93.901,-0.23860927883631422,0.6064377975897354
164.51570650300027,93.948,-0.24564431343258922,0.6064396017882686
164.67172370300023,94.018,-0.2560459194539473,0.6064471734139141
164.77653388599992,94.103,-0.26872464728800544,0.6064676542446578
164.88671735200023,94.147,-0.27527970448286204,0.606481378762945
165.03476944900012,94.216,-0.28547648868389275,0.6065127633770223
165.13891760000024,94.297,-0.2975352127007703,0.6065650938245052
165.24526776500034,94.327,-0.30202991921796807,0.6065849902741696
165.35040903800018,94.401,-0.31312528986777494,0.6066335531500043
165.45463167300022,94.443,-0.31941248186993093,0.6066612155711034
165.61264274299992,94.513,-0.32986917153547457,0.6067102910554012
165.71676375800007,94.593,-0.3415737555796483,0.606759538975628
165.81975805599996,94.622,-0.3458029666728276,0.6067701737304154
165.92743190700003,94.705,-0.3582267215208544,0.6067914947060711
166.0427211440001,94.744,-0.3640545480605219,0.6068014687286886
166.19492754400017,94.81,-0.37375096709128336,0.606829528657104
166.29820012900018,94.894,-0.38604092717969446,0.6068841404169268
166.40449358800015,94.924,-0.39045589297255107,0.6069004314512736
166.57818104100033,95.008,-0.4029444767385797,0.6069347035201753
166.69381400800012,95.089,-0.4150595477082543,0.6069619514602557
166.80336796400024,95.107,-0.4177573824916852,0.6069679730588947
166.90947421300007,95.189,-0.4298543659272722,0.606988646702368
167.01731827699996,95.219,-0.43425994887337976,0.6069903291346128
167.12370397700033,95.3,-0.4463742153240268,0.6069869441680529
167.24343542800034,95.335,-0.4516037679638465,0.6069857312733534
167.39795065399994,95.404,-0.4618120708004935,0.6069919378113655
167.50175625300017,95.483,-0.4735598291205338,0.607011257436907
167.61842447900017,95.517,-0.4786382151181159,0.6070188221316825
167.72079847700024,95.601,-0.491073323586812,0.6070285363132767
167.83080141300024,95.628,-0.4950739604784958,0.6070280364541432
167.9343003570002,95.714,-0.5078291105963822,0.6070319910831572
168.0384638559999,95.747,-0.5127103131128443,0.6070387092203494
168.20003920099998,95.834,-0.5256988134585701,0.6070568703563001
168.30194802999995,95.901,-0.5356173398308421,0.6070645881454471
168.4044881750001,95.944,-0.5419529358010359,0.6070625769871871
168.5164180830002,96.017,-0.5528156054556586,0.6070520627186949
168.63366291500006,96.075,-0.5614503214177992,0.6070484780083504
168.76566108399993,96.13,-0.5695610691454334,0.6070439282984401
168.87539637200007,96.201,-0.5800444786511246,0.6070347040622446
168.98611091200019,96.256,-0.5880980607621455,0.6070430235804565
169.13932092000005,96.328,-0.5987674095283229,0.6070699048617898
169.256671267,96.401,-0.609609078603176,0.6071067859892666
169.36933003600006,96.456,-0.6178048255791956,0.6071316624272624
169.52443117200028,96.526,-0.6281987206814731,0.6071647532688177
169.62864402000014,96.601,-0.6391699803507781,0.6072000699574435
169.7349061140003,96.646,-0.6457707136680262,0.6072112070129732
169.88966944499998,96.724,-0.6574270862588942,0.6072243517434393
169.99976452400006,96.802,-0.669102497150355,0.6072418583339546
170.1075166820001,96.848,-0.6759527510059766,0.6072522616496014
170.26673755000002,96.922,-0.6868937444481158,0.6072592181978667
170.37483602200018,97.001,-0.6986562403841152,0.6072595191415809
170.48567896700024,97.05,-0.7059419680100971,0.6072643219439625
170.63599844600003,97.12,-0.7163113115218122,0.6072687545095222
170.74395891400036,97.201,-0.7283224607532449,0.6072611664059282
170.85729394300006,97.245,-0.7348687490487911,0.6072519506806283
171.00746497599994,97.318,-0.7456962953953413,0.6072433171808777
171.110562244,97.398,-0.7576132095232148,0.6072457998764375
171.21260394799992,97.434,-0.7629816503869514,0.6072495314640219
171.38306779599998,97.516,-0.7752178203326628,0.6072592030756654
171.49460080500012,97.6,-0.7877420913226514,0.6072665134530612
171.59498420699992,97.631,-0.7923558746838333,0.6072715566541981
171.7048399690002,97.709,-0.8038360002542884,0.6072853182982049
171.81908987299994,97.756,-0.810831087711648,0.6072856303698251
171.9581220240002,97.813,-0.819374159332821,0.6072854974780297
172.06358142099998,97.901,-0.8323266740363521,0.6072781634119708
172.17328011600011,97.941,-0.8381741568923782,0.6072642884873356
172.32772616700004,98.011,-0.8486070328173592,0.607229001831642
172.43192630900012,98.095,-0.8611093435247374,0.6071836772522363
172.5380117320001,98.125,-0.8655561743221293,0.6071707841652668
172.71526129199992,98.209,-0.8780266895464505,0.6071451454722134
172.8283719660003,98.299,-0.8915031488041181,0.6071280371397487
172.93047649400023,98.321,-0.8948025911032792,0.6071239141261073
173.0357892310003,98.405,-0.9072909442375247,0.607114972025322
173.14246393200028,98.437,-0.9120099670288124,0.6071148307783488
173.31091597600016,98.506,-0.9221707297525791,0.6071068199705072
173.41624885400006,98.593,-0.9351330187063122,0.6070806863362086
173.52370538700006,98.617,-0.938716485990211,0.6070722880576679
173.62576727700025,98.692,-0.9498069583821511,0.6070526557797898
173.72814208900036,98.715,-0.9531979663405643,0.6070505741227881
173.8995033780002,98.803,-0.966146237598548,0.607041585762011
174.00826798000026,98.882,-0.9778875406369073,0.607018321185408
174.11000496299994,98.902,-0.9808652315844886,0.6070110477536336
174.21557400200027,98.972,-0.9913321967515499,0.6069836035327361
174.36580303100027,99.035,-1.0007633267241012,0.6069603696420229
174.46995370500008,99.12,-1.013399435271443,0.6069363886213507
174.58431780299998,99.161,-1.0194781262843693,0.6069302978040094
174.689705883,99.226,-1.0290942132952998,0.6069191521966895
174.80610729900036,99.272,-1.0359085860107806,0.6069056111533816
174.944755085,99.331,-1.0446499483854401,0.6068814505452107
175.05758067500028,99.401,-1.0550384977127183,0.6068433359852362
175.17293731600012,99.46,-1.0638017169145284,0.6068044314100206
175.3323832860001,99.529,-1.0741247497037305,0.6067536922603022
175.439370565,99.601,-1.0848246990711452,0.6067012689891724
175.54289650500004,99.641,-1.0906836392529289,0.6066806222154641
175.65104576000022,99.717,-1.1019330725746324,0.606658800326553
175.76110284800006,99.768,-1.1095469324742537,0.6066477268394823
175.89663214300026,99.826,-1.1182075558784264,0.6066331281791947
176.00377897199996,99.901,-1.1293986636862148,0.6066099695656461
176.1225399990003,99.954,-1.1373043898173787,0.6065902600920214
176.27026869100018,100.024,-1.1477312550554395,0.6065652023046966
176.3714514000003,100.101,-1.1590507948637285,0.6065537327422241
176.4740028870001,100.136,-1.1641846863628256,0.6065573973724033
176.58465415199998,100.211,-1.175143052189886,0.6065699165156144
176.69945927000026,100.267,-1.183325166092423,0.6065675848508506
176.8492069670001,100.321,-1.191093145062216,0.6065475245959904
176.95703488100025,100.393,-1.201746354924772,0.6064941356207714
177.06661405000023,100.42,-1.2057770506710102,0.6064740225546797
177.17322102900016,100.497,-1.2171868504766958,0.6064250989047724
177.27602026000022,100.519,-1.2204428519233186,0.6064141319613999
177.38800967900033,100.597,-1.232059765565463,0.6063825969304149
177.4956601680001,100.633,-1.2374499515813848,0.606368045902927
177.60809891500003,100.713,-1.2494026905414144,0.6063362207375503
177.7216428470001,100.746,-1.2543264330326578,0.6063249520255003
177.873714973,100.816,-1.2648129163381547,0.6063031779716412
177.98389476700004,100.896,-1.2764764055120326,0.6062669604496215
178.08859141500034,100.93,-1.2814528469931294,0.6062410900752705
178.19035067200002,101.005,-1.2926690426276228,0.606179499178811
178.30551527100033,101.046,-1.2988001852369337,0.6061477057610959
178.4569937250003,101.113,-1.3088240741413197,0.6060977323257742
178.56961413199997,101.2,-1.3217858566650864,0.6060394066439174
178.67296364000003,101.237,-1.327292286281507,0.6060183209786847
178.82284340600017,101.311,-1.338383312121138,0.6059787022271589
178.92566837699997,101.397,-1.3512267094183301,0.6059360651447155
179.04465607600014,101.438,-1.3573412652276344,0.6059183491029679
179.18919613900016,101.509,-1.3678944147921295,0.6058945967458544
179.29633495999997,101.596,-1.380695552495601,0.6058717102872555
179.39866400400024,101.619,-1.3840702705240142,0.6058619087934567
179.5027924430001,101.693,-1.3949912876271837,0.6058238067786402
179.60816695099993,101.721,-1.399077705254585,0.6058151546074715
179.7111573420002,101.803,-1.410980616364768,0.6058031254454607
179.82128003800017,101.838,-1.41611229463248,0.6057923147849038
179.97537277200036,101.905,-1.426133805052094,0.6057636400964512
180.08218934800016,101.987,-1.4383864055649553,0.6057258161005177
180.20945641000026,102.004,-1.4409264618900677,0.6057173861154052
180.32240704200012,102.083,-1.452762117741606,0.605676721509467
180.43156389100022,102.103,-1.4557599486774144,0.605666283289744
180.5406833070001,102.182,-1.4675533309845985,0.605626639732963
180.6464442890001,102.202,-1.4705296201506752,0.6056180310006806
180.75941485800013,102.277,-1.4817126238037643,0.6055906399514295
180.88560422699993,102.335,-1.4903649274884674,0.6055739138491123
180.99963730300033,102.42,-1.5030377286075356,0.6055532337172037
181.1100705150002,102.461,-1.5090826844130283,0.6055405460853908
181.212001159,102.513,-1.516683755576467,0.6055146365847596
181.3225892620003,102.574,-1.525716904252614,0.6054700237593765
181.4616504730002,102.631,-1.534238248588136,0.6054244499828438
181.56975738100027,102.701,-1.5447301149546444,0.6053666191283256
181.6862194360001,102.76,-1.5535768397457927,0.6053176512215968
181.83129932500015,102.829,-1.5638028701481976,0.6052671404739424
181.93742874600002,102.901,-1.5745174136211384,0.6052259459493822
182.04381295300027,102.942,-1.5806470121279232,0.6052046667549805
182.14940966099994,103.014,-1.5914061512236568,0.6051703037877838
182.2494810170001,103.06,-1.5982590266197638,0.6051502830020449
182.40158610200024,103.126,-1.6080722754561554,0.6051171383695552
182.51070368799992,103.201,-1.6192091259513224,0.6050758589365961
182.62044313600018,103.24,-1.624978762033238,0.6050598082617812
182.72945604300003,103.319,-1.6367226250966695,0.6050377669625654
182.83465540499992,103.35,-1.6413236396892532,0.6050320641037048
182.9389751980002,103.415,-1.650853764643059,0.6050148294986634
183.04120406500033,103.453,-1.6564636450399177,0.6049974936121633
183.20116602000007,103.522,-1.666813454106105,0.6049621639992657
183.3151631640003,103.601,-1.6785219373688531,0.6049178242993468
183.42803457400032,103.647,-1.6853102926805252,0.6048842368134248
183.5832425970002,103.72,-1.6961445834159967,0.6048298285349123
183.70382036299998,103.801,-1.7081081131682783,0.6047826540000725
183.81370006299994,103.847,-1.7149541677658433,0.6047518461703596
183.9156301830003,103.915,-1.7251133039468758,0.6047028619144081
184.0222722880003,103.961,-1.73188111735177,0.6046665757702662
184.1679542410002,104.017,-1.7400875609360795,0.6046111664897966
184.27057787700005,104.096,-1.7518058181952278,0.6045157673014044
184.386198445,104.13,-1.756861168886456,0.6044712178688438
184.49124428200003,104.21,-1.7688266078478667,0.6043622239244125
184.5930262239999,104.24,-1.7733040351294684,0.6043205616276882
184.74472984700014,104.314,-1.7843046962759384,0.6042125754221379
184.85803342500003,104.391,-1.7956988654201218,0.6040898312399169
184.9647986230002,104.426,-1.8008693788762558,0.6040289824317243
185.13604249100035,104.512,-1.813656323218373,0.6038679527084475
185.23954991500023,104.591,-1.8254119682497998,0.603710896518441
185.34714712599998,104.623,-1.830172839704448,0.6036447462571579
185.4495558120002,104.705,-1.842432410448144,0.6034696775209768
185.55867997099995,104.739,-1.8475170856025167,0.6033963430105754
185.72239254600026,104.809,-1.8579814101886825,0.6032432829077873
185.82904034000012,104.89,-1.8700264494252874,0.603060622628973
185.93528498000023,104.919,-1.8743389518108864,0.6029927269582503
186.04596807500002,105.005,-1.8871402801660413,0.6027843620863967
186.16139586999998,105.049,-1.8936776561402537,0.6026739091102449
186.29921788000001,105.106,-1.902138307259554,0.6025257361835532
186.410575418,105.183,-1.9136218354739125,0.6023171271531926
186.53410388500015,105.215,-1.9183985275193505,0.6022288642582947
186.71857228399995,105.304,-1.9316317477497635,0.6019771459461316
186.82324866399995,105.39,-1.9444444811844361,0.6017230736857252
186.92741719200012,105.415,-1.9481695342564054,0.6016476025273134
187.03100940600007,105.493,-1.959816530765614,0.6014081396571679
187.1481029460001,105.526,-1.9647489671100156,0.6013053347615047
187.25566178600002,105.613,-1.9777754772956015,0.6010320655712303
187.36261626700025,105.647,-1.9828662850626417,0.6009246854999362
187.52015676100018,105.734,-1.9957422839895387,0.6006463006169652
187.6370915780003,105.801,-2.0057443817919265,0.6004205359736573
187.75233438700025,105.856,-2.0139616657148265,0.6002378496176353
187.85419807300013,105.919,-2.023375621334786,0.6000313850415183
187.95666473500023,105.955,-2.0287639709713585,0.5999144290141969
188.11537417599993,106.03,-2.040008528098723,0.5996708041669322
188.23446651700033,106.101,-2.05064838313539,0.5994401841949833
188.3477721090003,106.152,-2.058286907032918,0.5992742260429391
188.5136496670002,106.228,-2.0696437038139215,0.5990299830349599
188.63250622800024,106.301,-2.081372949342788,0.5987643151002615
188.740553352,106.342,-2.0885192718476238,0.5986643303667657
188.85183489400015,106.418,-2.1007708857794434,0.598647855925101
188.95738922200007,106.453,-2.1061219504546975,0.598729867107482
189.12049512000021,106.525,-2.117125088837189,0.59908927011414
189.2418727950003,106.601,-2.1287270556089313,0.5997468597135751
189.35420962300032,106.65,-2.1361972671946563,0.6003221575817215
189.51550445700013,106.723,-2.147307112265646,0.6013989068602026
189.6479945750002,106.801,-2.159146188009918,0.602839296790766
189.75065400400035,106.84,-2.165051136738829,0.603671526864592
189.85860324900023,106.901,-2.174264704330371,0.6051225919631865
189.95861362999995,106.939,-2.1799891320621407,0.6061184392124257
190.076405841,107.001,-2.1893013551809584,0.6078942501106614
190.1894509230001,107.046,-2.1960369339057118,0.6093000688608501
190.30872502500006,107.116,-2.2064718305855733,0.6116815974499786
190.4252692340001,107.164,-2.2135947596134926,0.613451086941176
190.52711967300002,107.216,-2.2212791998781696,0.615492731465928
190.63053087400021,107.249,-2.2261376025551844,0.616855400349608
190.7345906370001,107.301,-2.2337629334353095,0.6191077903378073
190.8373701710002,107.333,-2.2384361910624784,0.6205575873661135
190.94692726400035,107.401,-2.2483155185547994,0.6237987573616155
191.06417319499997,107.443,-2.2543809059500384,0.625909053043808
191.23566355000003,107.515,-2.2647100060990266,0.6297179693045358
191.34581889200035,107.593,-2.275796299577565,0.6341148400551005
191.44837143500035,107.614,-2.2787617834124583,0.6353463399955351
191.56023890699998,107.694,-2.2899803340141234,0.6402217754522679
191.66527890199995,107.713,-2.2926259046697632,0.6414222872877
191.7808794470002,107.794,-2.30381973313319,0.6467220754486146
191.8830397229999,107.812,-2.3062881179998413,0.6479395653323209
191.9943784310003,107.898,-2.317981518647526,0.6539540578789405
192.09587969400036,107.911,-2.3197343790820932,0.6548914746070824
192.2075350160003,107.99,-2.3303000489284265,0.6607459852286994
192.31614604100014,108.01,-2.332950865582146,0.6622708688013088
192.43353135000007,108.098,-2.3444949676382114,0.6691830838447458
192.53688742900022,108.109,-2.3459239913623655,0.6700701621612898
192.6397702700001,108.186,-2.355837404675312,0.6764214626995617
192.76453582600016,108.208,-2.358640420449659,0.6782813372867661
192.87292944,108.282,-2.367970153268609,0.6846829490415561
192.99846195500004,108.307,-2.3710870807438194,0.6868959533712056
193.10276265600032,108.367,-2.3784937975059957,0.6923095545756391
193.24655031400016,108.406,-2.3832511774537157,0.6959051548825664
193.35509140000022,108.487,-2.392984702356272,0.7035633547219818
193.46429607100026,108.505,-2.3951202062482744,0.7052996806656446
193.5720556010001,108.578,-2.403675968381625,0.7124681460342815
193.69316423200007,108.604,-2.4066819661113676,0.7150698734616578
193.80229655400035,108.679,-2.4152290261156337,0.722715502330613
193.92965270000013,108.703,-2.4179245718854863,0.7252056898322017
194.03856982200023,108.779,-2.4263314658913697,0.7332282883071372
194.16290428399998,108.802,-2.428836466489034,0.7356967104804986
194.27019578,108.876,-2.4367701286660854,0.7437640341417618
194.42449305200034,108.935,-2.442955685512635,0.7503308807889133
194.53348647700022,109.009,-2.4505345995731487,0.7587323589135394
194.64163626400023,109.034,-2.4530492666549546,0.7616114386848631
194.7771724690001,109.101,-2.459672766527357,0.7694267830879614
194.8891396160002,109.148,-2.4642171528932186,0.7749940796114044
194.99304638800004,109.201,-2.4692393297747333,0.7813542355358974
195.10599766399991,109.248,-2.4736010560161277,0.787065766149353
195.21692171500035,109.301,-2.478414648286388,0.7935852119099879
195.32897329100024,109.346,-2.482413318695593,0.799184769362016
195.44046904200013,109.401,-2.487189098662704,0.8061068839781322
195.55219879000015,109.438,-2.490332189140814,0.8108109592037644
195.67160169800036,109.501,-2.495553477951682,0.8189061186108744
195.77374119500018,109.546,-2.499181309528066,0.824752762569133
195.88945880200026,109.601,-2.5034990132905452,0.831969491554862
196.01016133700023,109.653,-2.5074623803089806,0.8388622951899659
196.1181905630001,109.717,-2.51218013303662,0.8474358222040557
196.2289496100002,109.754,-2.5148261870766304,0.8524363959305346
196.34064851199992,109.801,-2.518100665845332,0.8588335845273394
196.45772854999996,109.84,-2.5207436075044254,0.8641792298722658
196.56827789499994,109.901,-2.524741468287998,0.8726061286042112
196.67554467400032,109.937,-2.5270224792825484,0.8776158790702357
196.779075078,110.001,-2.52993277202334,0.8843372447146621
196.88444846400034,110.031,-2.5311557278403733,0.8873015150909769
196.98811557900035,110.073,-2.5327914540789354,0.8914380874962392
197.0943939980002,110.11,-2.5341724738998788,0.8951043555798893
197.21109095200018,110.136,-2.5351093272033043,0.8976930714529111
197.32196784100006,110.199,-2.5372735741092654,0.9040330604587512
197.45919676099993,110.221,-2.537991611171564,0.9062620649213913
197.5621690170001,110.287,-2.5400670112016455,0.9131147787981911
197.71224909300008,110.32,-2.5410488992902853,0.9165904829173032
197.82232596400036,110.39,-2.542973337701698,0.9239557906971565
197.94350260200008,110.419,-2.5437114433798644,0.9270195531309785
198.05146608800032,110.497,-2.5455168363107115,0.9352621264196106
198.15430502800018,110.518,-2.5459580613644537,0.9374831513999902
198.26030160000028,110.593,-2.5473871667503953,0.9454626669373963
198.3872769980003,110.617,-2.547795245350575,0.9480265943711155
198.4885475000001,110.697,-2.548983849480933,0.9566157326543621
198.60882132899997,110.716,-2.5492272703518455,0.9586638883915921
198.71449999000015,110.794,-2.5500530797551213,0.9669690106637647
198.83376825799996,110.829,-2.55033604376542,0.970681009804052
199.00661312400007,110.914,-2.55076075328779,0.9792021647111019
199.1165913130003,110.993,-2.5507824924319693,0.9867189268247918
199.2332964440002,111.026,-2.550680323162902,0.9911814026520929
199.33703810499992,111.105,-2.5501508049184833,1.0028511870195655
199.4396036830003,111.127,-2.549941884943046,1.0062086252800302
199.5465666949999,111.203,-2.5490362173484424,1.0177938666397637
199.65482128400026,111.224,-2.5487357095335113,1.0209908006122517
199.77356325000028,111.301,-2.5474479987935847,1.0326936493837306
199.8782515050002,111.328,-2.5469274093226324,1.036789152684183
199.99053942499995,111.401,-2.5453408019206627,1.0478377141994442
200.10910859900014,111.435,-2.5445127705751776,1.052970137065271
200.2146609800002,111.501,-2.5427443224396042,1.062905602475357
200.31887032400027,111.524,-2.5420781991170203,1.0663587780951858
200.43244702600032,111.601,-2.539661283600589,1.07788151045661
200.5466908100002,111.634,-2.5385376419571806,1.082800694805416
200.65533890400002,111.701,-2.5360949189847912,1.0927497308601613
200.76916461400015,111.736,-2.534733182709249,1.0979252771569226
200.95297889400035,111.805,-2.531877214031361,1.1080816834117513
201.05719834599995,111.877,-2.528655893075423,1.1186088508464018
201.1898804870002,111.904,-2.527384742932784,1.1225367424268928
201.29467905599995,111.972,-2.524031584791264,1.1323786235126034
201.41850871199995,112.003,-2.522431183181472,1.1368403525501616
201.53446344700023,112.09,-2.5177014358353875,1.1492735145920099
201.647715607,112.102,-2.5170216268438814,1.1509778101358044
201.74778044699997,112.169,-2.5131046817733145,1.1604439461844742
201.90535056900035,112.235,-2.5090462727723093,1.1696835436096868
202.01370609800006,112.318,-2.503663727847906,1.1811763939016169
202.12703811300025,112.346,-2.5017784857600427,1.1850203391946346
202.23479301099997,112.401,-2.497974221100591,1.1925204190532148
202.34606189500028,112.45,-2.494472911525705,1.1991443019126429
202.46208517800005,112.501,-2.4907175346489905,1.2059786269039336
202.566354134,112.546,-2.4873106164159164,1.2119566898148284
202.68593375399996,112.601,-2.483028856165939,1.2191947940773291
202.80223514,112.647,-2.4793492050248087,1.2251891270216828
202.9189162360003,112.701,-2.4749162498068658,1.232155058941603
203.0209580640003,112.745,-2.4712145792453577,1.2377729931052872
203.13938344999997,112.801,-2.4663882243598936,1.244845828260592
203.24129080600005,112.838,-2.4631293443496287,1.2494704349320105
203.36569197300014,112.901,-2.4574537243223515,1.2572537914489017
203.48063765999996,112.939,-2.4539539723804373,1.261891948767669
203.59958068700007,113.001,-2.448122120519039,1.2693659345334674
203.70480372600014,113.042,-2.444183638739508,1.2742434456115181
203.81441278300008,113.101,-2.4384032002769085,1.2811695538048444
203.91770062700016,113.14,-2.4345100272838365,1.2856866556731192
204.03372945499996,113.217,-2.426657495333383,1.2944589141724354
204.14151411300008,113.251,-2.42312100847933,1.2982695107290332
204.24893643500036,113.317,-2.41613728157759,1.305554315942083
204.365374944,113.351,-2.4124792562286794,1.3092483971472206
204.47894688800034,113.419,-2.4050422823444153,1.316514610347341
204.59406378199992,113.445,-2.4021567240472668,1.3192493113253592
204.70617961800008,113.519,-2.3938191979582997,1.326898522514786
204.8215408320002,113.551,-2.3901574656336977,1.3301439808897844
204.92742224199992,113.601,-2.3843692159247936,1.335138559027083
205.0403862610001,113.638,-2.3800342460316304,1.338773855200793
205.16701544100033,113.701,-2.372553902993201,1.344843281314329
205.27251223200028,113.719,-2.3703940661527834,1.3465492481725088
205.39893296200034,113.801,-2.360430533539886,1.3541603176637727
205.50564734399995,113.836,-2.356116919566251,1.357327868710547
205.61078546399995,113.901,-2.348011822934606,1.3630798960477548
205.7163435350003,113.935,-2.343724488157557,1.366020337094188
205.82358018000014,114.001,-2.3353107963181405,1.3715926612976068
205.93219714499992,114.031,-2.3314474207305413,1.3740658161735582
206.03837854400035,114.101,-2.3223407749386373,1.3796896849103892
206.1522985219999,114.132,-2.318267568436822,1.382114006185094
206.27769358900014,114.201,-2.3091153621777805,1.3873624744202362
206.3777509700003,114.232,-2.3049657887846005,1.389653628063796
206.48750212799996,114.301,-2.295648429282624,1.394602982316412
206.59080453200022,114.324,-2.2925183518795738,1.3962063451362101
206.711994064,114.401,-2.2819541008189406,1.4014036144855055
206.81345623100015,114.427,-2.2783580951484206,1.4030988364062231
206.92035815400004,114.501,-2.2680467398589848,1.407757238168782
207.02208001300005,114.528,-2.264257115239739,1.4093952012331152
207.13903649800022,114.601,-2.2539409329158397,1.413657189436845
207.24259371800008,114.625,-2.250527650049903,1.4150049736268375
207.34577682500003,114.701,-2.239651474641566,1.4190972801815513
207.48861111299993,114.74,-2.234032037527338,1.4210930222691536
207.63258419800013,114.808,-2.2241753581226744,1.4244024480879276
207.739640968,114.888,-2.2124893827085628,1.4280168532431732
207.8522856120003,114.907,-2.2097004853312745,1.4288306930636034
207.95775576799997,114.975,-2.1996793120043425,1.431602426130276
208.08274923,115.006,-2.195091093165373,1.4327926300355398
208.19328781500008,115.086,-2.1831975174268545,1.4356507388854483
208.30345356599992,115.105,-2.1803621995691103,1.4362841862375995
208.407742031,115.185,-2.1683831127037383,1.4387595446205392
208.50811697000017,115.204,-2.1655289453311024,1.4393017724346746
208.61380345099997,115.279,-2.1542314811058745,1.441270361375925
208.72667903899992,115.303,-2.1506065785192496,1.4418422866165348
208.83624574400028,115.385,-2.138190112626572,1.4435834480758265
208.94632121299992,115.402,-2.1356104388068133,1.443903117189416
209.05317306000006,115.475,-2.1245144316997946,1.4451142025016857
209.19096111199997,115.535,-2.11537503514037,1.4459129837830884
209.29396809200034,115.617,-2.1028628992264977,1.446717159602263
209.4154703930003,115.668,-2.095071854328042,1.447049617556024
209.56710637600008,115.732,-2.085288847274413,1.4472846831182127
209.6905833640003,115.801,-2.0747385620406353,1.4473109097807773
209.79124072000013,115.845,-2.0680115813184257,1.4472045280081394
209.89435436800022,115.901,-2.0594533294981647,1.4469305151448912
210.00510034300032,115.95,-2.0519699942520533,1.4465634651124186
210.1107638120002,116.017,-2.041749004549303,1.4458694770869729
210.21169175700015,116.053,-2.036264036220899,1.4454050365168287
210.31995448599992,116.118,-2.0263757871944907,1.4444046199729668
210.43349361900027,116.166,-2.019088374856603,1.4435323555125485
210.5932776730001,116.227,-2.009848353557273,1.4422605743066979
210.72603800000024,116.301,-1.9986756371261485,1.440473111386403
210.83553199400012,116.343,-1.9923544378908458,1.4393396550139077
210.94976296799996,116.401,-1.9836517141693923,1.4376332707995776
211.0520696110002,116.442,-1.9775198714654416,1.4363285577921523
211.17144599700032,116.501,-1.9687276288465836,1.4343084221222642
211.2867870519999,116.555,-1.9607156504919747,1.4323125446221465
211.40194822500007,116.614,-1.9520032110197796,1.4299720592768426
211.50642420300028,116.654,-1.9461226206316624,1.4282907888943004
211.62105825800018,116.71,-1.93792743403408,1.425809330315176
211.74099080700034,116.753,-1.9316660204791807,1.423803279580119
211.85186762900003,116.817,-1.9223999292817582,1.4206565397307243
211.97191865000013,116.862,-1.9159247170581544,1.4183293175673268
212.13266514399993,116.92,-1.9076301255708958,1.4151910253761848
212.237214966,117.0,-1.896289042670587,1.4106078396204138
212.35471933000008,117.019,-1.8936132608382124,1.4094762634683857
212.4596228270002,117.096,-1.8828421637027717,1.4047225002303017
212.57984093899995,117.118,-1.879786803728741,1.4033150885755366
212.6880465160002,117.197,-1.8688996806485412,1.3980825717860121
212.79642618800017,117.217,-1.8661649674000482,1.3967138341549314
212.90236650700035,117.293,-1.855855408987347,1.3913518409725918
213.03049508200002,117.316,-1.8527617546685173,1.389679286054651
213.150411738,117.391,-1.8427617941728678,1.384066027238838
213.26914793100013,117.415,-1.8395909436145408,1.3822186755393142
213.37918872299997,117.49,-1.8297760720552643,1.3762877246798906
213.51011019099997,117.514,-1.8266660734203293,1.3743396718535363
213.61576510500026,117.592,-1.8166647676859689,1.367842577457048
213.73817026300003,117.613,-1.8140004304542816,1.366050374336877
213.84701437400008,117.686,-1.8048347855348204,1.359680216027323
213.96944609899992,117.712,-1.8016070346136457,1.357359304100539
214.07696414300017,117.789,-1.792164112768479,1.3503275187140122
214.19074670100008,117.811,-1.7894986259384218,1.348275395267717
214.30468618700024,117.893,-1.780805046403819,1.3417201210924916
214.41575209400025,117.91,-1.779331113630443,1.3407983325018424
214.5255039020003,117.981,-1.7744280436516287,1.3387088056065242
214.6551349020001,118.009,-1.7729119529162847,1.3385511626068956
214.76649243300017,118.086,-1.7700461858603689,1.3400167900095334
214.87901813000008,118.108,-1.7695831589452895,1.3406403226036434
214.98461840500022,118.183,-1.7692228317125707,1.3419919528622266
215.1023707180002,118.207,-1.769454665559604,1.3421816945393217
215.20790781799997,118.288,-1.769862652029072,1.3424607189515265
215.33414627799993,118.306,-1.769950890322572,1.3425169550903382
215.44756864300007,118.381,-1.7703254057629574,1.3427400730992418
215.560853684,118.405,-1.7704474890031634,1.3428075981493803
215.66553308400034,118.464,-1.7707519487089745,1.3429654625146383
215.8030657280001,118.504,-1.7709616943661068,1.3430658203026504
215.91867737300026,118.588,-1.7714102250250778,1.3432586988246298
216.02703066200002,118.603,-1.771491392636311,1.3432905598423959
216.13044965400013,118.674,-1.771879604929372,1.343430598764485
216.24095428400005,118.702,-1.7720344063316118,1.3434808927286976
216.35188043200014,118.783,-1.7719443812645177,1.3430832336759335
216.5105338110002,118.835,-1.7689068906681267,1.342101351563968
216.61629917300024,118.907,-1.761541687176126,1.3405447714336178
216.7304069480001,118.934,-1.758671295124447,1.340011744713825
216.85763780800016,119.001,-1.7513660501009602,1.3387566529609698
216.96671947699997,119.048,-1.7460533936755547,1.337948017808845
217.08329510400017,119.101,-1.7399604704632985,1.3371059358253752
217.18808356199997,119.148,-1.7345104365066233,1.3364284443956256
217.28847345800023,119.201,-1.7283129876849823,1.335740598136541
217.3950497650003,119.246,-1.7230150088593839,1.3352137483466404
217.50162975700005,119.317,-1.7143032018263535,1.3344755612688
217.62214710100034,119.368,-1.7079858863334392,1.3340231128656852
217.76980273200024,119.428,-1.7004902357722038,1.333571062759352
217.88244082200026,119.501,-1.6911571437662878,1.3331243575335159
217.99500220200025,119.559,-1.683756215479119,1.3328565075483194
218.15382320100025,119.626,-1.6753515141193513,1.3326512116318496
218.26904018799996,119.701,-1.6656763567255009,1.3325424553244727
218.37091061799993,119.738,-1.6608664352420808,1.3325323474197468
218.48638094600028,119.819,-1.6498686864189467,1.3325986763938649
218.59548891600025,119.871,-1.6427605803666825,1.3326929058778823
218.73383427199997,119.923,-1.6356383668937806,1.3328261908264678
218.84684736600002,120.001,-1.6249953717889305,1.3330983836235406
218.9547318670002,120.034,-1.6205049763329622,1.3332407658638674
219.06111845700025,120.119,-1.6087253910508856,1.333686717858541
219.16396305900025,120.14,-1.6058349285759812,1.3338079845211908
219.26788112500026,120.219,-1.5950340553201168,1.3343213655981652
219.38028111600033,120.261,-1.589104225717846,1.3346441775568187
219.51178320500003,120.319,-1.5808238397747507,1.3351122268383124
219.6284760010003,120.401,-1.5689843333392275,1.3358237707052587
219.73624403300028,120.441,-1.5631979038176806,1.336185083000086
219.89813475400024,120.517,-1.5523402526224361,1.3368952449656049
220.00504990800027,120.599,-1.5406921086760101,1.3377096749568598
220.11930075200007,120.629,-1.536440551681218,1.3380220553424111
220.2240508929999,120.705,-1.5253339023791357,1.3388697849332771
220.32936984100024,120.726,-1.522249807189274,1.3391068646186906
220.435803718,120.799,-1.5116888269329445,1.3399361374752852
220.54953559800015,120.843,-1.5052685963584964,1.3404580920891411
220.69807688500032,120.913,-1.4948896048500897,1.3413067227777062
220.80075250900018,121.0,-1.4821457174147257,1.342362578835342
220.9103388630001,121.027,-1.4782106938574104,1.342695464643406
221.01751267600002,121.108,-1.466180303802679,1.3437276955792656
221.12177011099993,121.144,-1.4608062408153109,1.3441884036575247
221.26901133699994,121.21,-1.4509759453001576,1.3450326543726154
221.38051799899995,121.295,-1.4383529771957158,1.346114640020614
221.49529284500022,121.333,-1.4327356151471264,1.3465916049432207
221.65270663,121.408,-1.4216938343901657,1.3475385584177828
221.7563723180001,121.494,-1.4089607162097173,1.348641116163835
221.86312707600018,121.522,-1.4048154834422686,1.3489968978772917
221.9658018670002,121.601,-1.393139406488435,1.3499969702748391
222.06813473600005,121.618,-1.3906243864866763,1.350213845724942
222.23337489699998,121.705,-1.3777209471998464,1.3513265204542435
222.34074993700006,121.784,-1.3660834185558948,1.3523163440473926
222.4550075760003,121.814,-1.3616843522924154,1.3526844952568364
222.63083192500017,121.903,-1.3487087040790773,1.3537460736893898
222.739259468,121.986,-1.33655450178444,1.3547031603498638
222.85645538000017,122.016,-1.332126745118872,1.3550462217763615
222.95835155300028,122.102,-1.31939840493407,1.3560203829822457
223.07091591200015,122.135,-1.3145101897775866,1.3563904896140975
223.17807951000032,122.215,-1.3026233074487439,1.3572886541872722
223.28918898300026,122.266,-1.2950315520897853,1.3578655206941292
223.39952570000014,122.329,-1.2856384604267415,1.3585816190774183
223.50046736700006,122.376,-1.2786317370315423,1.3591170691026488
223.64139652600034,122.431,-1.270439716074177,1.3597413498027138
223.74199430599992,122.501,-1.2600607095055558,1.3605272070807302
223.84445162500015,122.544,-1.2537115322706758,1.3610019994582634
223.94716206600015,122.601,-1.2452854742060318,1.3616246299490904
224.05164069400007,122.642,-1.239218158861369,1.362068315161009
224.1589821560001,122.717,-1.2280770898541853,1.3628746402367635
224.2805486950001,122.769,-1.2204048351332104,1.363424473383845
224.41717854900025,122.827,-1.211894997650333,1.364022056539869
224.52351522100025,122.901,-1.2011574231838802,1.364751561456863
224.63705435300017,122.953,-1.1936359695254863,1.3652399963994706
224.78951431800033,123.025,-1.1829517727364671,1.3659166794840927
224.90636348299995,123.101,-1.1716029048323893,1.3666291084132152
225.01011337599994,123.136,-1.1663636093056438,1.3669577964215869
225.12212763000025,123.217,-1.1543144112047516,1.367710074848827
225.2389703650001,123.261,-1.1477820510273051,1.3681134804415687
225.369079307,123.322,-1.1387517601413806,1.3686642861883909
225.48230659599994,123.401,-1.1270385152647584,1.3693666410811434
225.59501385500016,123.439,-1.1214110347600599,1.36969922056415
225.69582312600005,123.517,-1.1098480885743058,1.3703856264757144
225.80395723600031,123.558,-1.103755668868033,1.370751445820984
225.9511213310002,123.619,-1.0947394133857766,1.3712864326301106
226.05997545900027,123.701,-1.0826488445630165,1.3719868705688305
226.17739784800006,123.747,-1.0758725102457465,1.3723695440864832
226.326517684,123.817,-1.0654676161776242,1.3729474444716028
226.4283674420003,123.899,-1.053310931221128,1.373616265690667
226.53738883200003,123.932,-1.0484113485302058,1.3738893377461043
226.64340669600006,124.013,-1.0363634910583186,1.3745561057611309
226.76369914199995,124.062,-1.0290857851064574,1.3749540478528244
226.908291707,124.114,-1.0213697232074688,1.375370940692084
227.01667657000007,124.201,-1.0086158867804775,1.3760408887632334
227.12563728000032,124.243,-1.002482456526358,1.3763493081637097
227.27149755900018,124.312,-0.9921992523006341,1.3768551740169912
227.37556668300022,124.392,-0.9804075294290504,1.3774247190806086
227.4867289480003,124.422,-0.9759960116804096,1.3776314369845577
227.58800549600028,124.502,-0.9645130830627412,1.378138108924133
227.70193279500018,124.539,-0.9591974824350166,1.3783532600669663
227.86011193700006,124.609,-0.9489983718815743,1.3787422685339896
227.96979620699994,124.69,-0.9370312163084614,1.3791698745137577
228.08036551900022,124.72,-0.9325688944345493,1.3793262036882232
228.18856787200002,124.805,-0.9198765773614408,1.3797699419221896
228.2936114260001,124.835,-0.9153917976901175,1.3799276760101045
228.46169663699993,124.906,-0.9047776164262185,1.3802992879311693
228.57413771300025,124.988,-0.892644905584398,1.380714485528784
228.68630773800032,125.019,-0.8880669465107582,1.3808655834444088
228.86563843300019,125.104,-0.8754826743003136,1.3812676180360544
228.96925598300004,125.184,-0.8636241373846919,1.3816299714421074
229.08248887900027,125.218,-0.8585852124077621,1.3817794066583988
229.19061539500035,125.295,-0.8470749011197253,1.3821190674139783
229.2915316450003,125.316,-0.8439357021047177,1.3822121347953507
229.40326478499992,125.407,-0.830503456131396,1.38259595672973
229.51522315400007,125.449,-0.8243040786609468,1.3827640573482158
229.6231388680003,125.532,-0.8120362405967217,1.3830807286746447
229.7332680200002,125.575,-0.8056867108617489,1.3832366125508166
229.86773073299992,125.632,-0.7971972943381466,1.3834435869758568
229.98523809200015,125.701,-0.7868982930501686,1.3836959378212337
230.09289040900012,125.743,-0.7806308305420856,1.3838471681207964
230.21257915800015,125.801,-0.7719523362135088,1.3840543028650825
230.31729037000014,125.83,-0.767605222282953,1.3841580089277146
230.4463890950001,125.901,-0.7571955981211026,1.3843975253577212
230.56488051700035,125.956,-0.7491892123532441,1.3845592655290815
230.72027199800004,126.028,-0.7384746334102515,1.3847621122377352
230.83555887800003,126.101,-0.7276545426661808,1.3849652058825253
230.93647091599996,126.142,-0.7215624556276683,1.3850841601402235
231.04318261200024,126.218,-0.7101750061105303,1.3853091248090728
231.15189634800026,126.256,-0.7044899868847897,1.3854215705256765
231.316102753,126.325,-0.6941824593370501,1.385622672852078
231.42476304799993,126.401,-0.682821047212639,1.3858402092844762
231.5346448270002,126.451,-0.6753483645202363,1.3859811932868336
231.69829345300013,126.523,-0.6646045226740246,1.3861797398887932
231.80488069000012,126.601,-0.6529323708643799,1.3863908216022292
231.90735389500014,126.638,-0.6473869134819656,1.3864911634605646
232.01130518900027,126.72,-0.6352521038762253,1.386704463316682
232.11660311100013,126.751,-0.6306951664911739,1.386777880118888
232.26635448800016,126.82,-0.6204185101413333,1.3869343318972807
232.3762129820002,126.903,-0.6080511113513211,1.387116212100701
232.4836469310003,126.948,-0.6013594541223033,1.3872103189333946
232.64573973799997,127.018,-0.5909445853848474,1.3873588648153112
232.76294412400011,127.101,-0.5785733799929589,1.3875403296097348
232.87148112900013,127.143,-0.5723136044671018,1.3876292211743444
233.03071832600017,127.216,-0.5614574781837134,1.387783732280437
233.13594497700024,127.296,-0.5495290271914376,1.3879598857453819
233.24219494299996,127.33,-0.5444556511948895,1.3880334193556816
233.3444661200001,127.409,-0.5327180306612425,1.38819698748503
233.4488679670003,127.445,-0.5273783359139477,1.3882667536502638
233.60142929600033,127.513,-0.5172246301345479,1.3884005436226527
233.71983504100035,127.601,-0.5042596266218518,1.3885661709319572
233.8250960280002,127.642,-0.4982874368137914,1.3886284814473224
233.9852610050002,127.711,-0.48801761030540053,1.3887223497303705
234.08716314499998,127.795,-0.4754661087263366,1.3888345625103633
234.19619335100015,127.822,-0.47143377478726595,1.3888715003536465
234.30165370400027,127.903,-0.45940605062537704,1.3889800664918737
234.4135978700001,127.937,-0.45438323161134275,1.3890200448859131
234.57105494100006,128.008,-0.4439582365681044,1.3890887394973848
234.68220163600017,128.092,-0.43143391677399895,1.389153622284006
234.7858955720003,128.122,-0.42694039601127676,1.3891772636671822
234.89498277600023,128.203,-0.41479834421388323,1.3892408354907384
235.00164996600006,128.234,-0.410211298260116,1.3892644752086454
235.1614312920001,128.305,-0.39991628923107886,1.389335135500034
235.26586754000027,128.387,-0.3877224090166151,1.3894449906176867
235.37837458600006,128.417,-0.3832379465882101,1.3894846555051488
235.55498686800001,128.503,-0.37043463709499397,1.3896009910558313
235.65852042699998,128.58,-0.358990675823069,1.3897076369444445
235.7595403109999,128.602,-0.355728765253111,1.3897356788244184
235.86234321700022,128.681,-0.344082495362611,1.389835280309376
235.9962417400002,128.735,-0.3361103239034803,1.389912842918042
236.101280804,128.817,-0.32388029464712825,1.3900428950291848
236.21402178300013,128.865,-0.31669329613988934,1.3901187577974963
236.35009307100017,128.932,-0.3066595801795532,1.390224233506649
236.46207661200015,129.001,-0.29633926662572785,1.390334342849687
236.57386010300024,129.058,-0.28781808730330155,1.3904273468262232
236.73095431399997,129.13,-0.27721047425883144,1.3905361707201138
236.84506083700035,129.201,-0.2667437889615257,1.3906217246297101
236.95077637600025,129.242,-0.26065987586688094,1.3906653356008578
237.06454200400003,129.316,-0.2497257006944376,1.3907392048978797
237.18172125399997,129.365,-0.2424831032986912,1.3907944158852807
237.352025271,129.427,-0.23336380691570988,1.3908745797212618
237.45542631700027,129.519,-0.21963444216616848,1.3910051096231313
237.56977413100003,129.565,-0.2128297250100119,1.3910672638674066
237.7059326460003,129.625,-0.20400018426966207,1.3911568345611476
237.82460057100025,129.701,-0.1928615296083201,1.3912886024404325
237.93781987700004,129.75,-0.18568478001467914,1.391386316965547
238.09007421800015,129.823,-0.1749558560792657,1.3915491632458994
238.20243440500008,129.901,-0.1634336399470944,1.3917412514656125
238.30610764700032,129.935,-0.15845118430524435,1.3918191285653838
238.42474481900035,130.013,-0.1472286507090186,1.3919828406960115
238.52772396699993,130.043,-0.14288583782485093,1.3920538391891686
238.636041493,130.119,-0.13154660409876298,1.3922489470204
238.74605158600025,130.161,-0.1253043604696175,1.3923531071290607
238.88649793900004,130.219,-0.11672337222946771,1.3925005891312725
238.9882985449999,130.306,-0.1038412329328265,1.3927321048657146
239.09177953200015,130.337,-0.09927247800269372,1.392809651027857
239.25879015300006,130.417,-0.087460710190339,1.3929954728812008
239.36453535200008,130.489,-0.07675887041728179,1.3931490123640404
239.4669516920003,130.516,-0.07273871347380287,1.3932045987787942
239.57805085000018,130.595,-0.0609386593918623,1.393363194876373
239.68952061200025,130.628,-0.056010101316715424,1.3934279742437197
239.79106903499996,130.708,-0.044267266031485314,1.3935665726749167
239.90471589100025,130.736,-0.040154323000572575,1.393608384065731
240.07014076900032,130.813,-0.02883046908685606,1.393707063647716
240.17985742600013,130.893,-0.01689220233215244,1.3937938635214862
240.2830528290001,130.925,-0.012103572324460285,1.3938278483187996
240.39125746300033,131.001,-0.0007674564975261291,1.3939108568642824
240.50644232500008,131.037,0.004620157419051939,1.393952107972861
240.67015404099993,131.11,0.01556890944197352,1.39403607657731
240.77316588800022,131.198,0.028635382569483094,1.3941287453344298
240.87521044200003,131.223,0.032342576602384945,1.3941517098903566
241.05035972299993,131.308,0.0450032953586086,1.3942223165553784
241.15863293700022,131.396,0.058174026171188484,1.3942874753079175
241.26891122999996,131.435,0.06402319662686798,1.394316133005933
241.4286064160001,131.506,0.07462081244041509,1.3943655462096214
241.53938818999995,131.593,0.08759043707797855,1.3944180746257522
241.65507717800028,131.63,0.09311125462722182,1.3944373510572792
241.8106627760003,131.704,0.10417098662234771,1.394472630962897
241.91490952599997,131.784,0.11598579865707402,1.3945124157777868
242.0269165220002,131.818,0.12099406328566423,1.3945350857920094
242.20667648400013,131.902,0.1335421929838438,1.3945960064357126
242.31257989699998,131.989,0.14642720581062527,1.3946468197759005
242.42481657300004,132.035,0.1532225734173109,1.394664197977557
242.52712358600002,132.117,0.16540651068082163,1.394680827691861
242.6403158170001,132.165,0.1725709628830314,1.3946890852716918
242.7454395919999,132.229,0.18201806946048008,1.394707652117828
242.86816789800014,132.29,0.19107799210742732,1.394735602120551
242.97646636100035,132.331,0.19721676228367696,1.3947563505797145
243.09021950100032,132.401,0.2076576753278932,1.394791664074916
243.20204220699998,132.453,0.21533423117412182,1.3948116771624999
243.3586799750001,132.529,0.22657777314672567,1.3948462594696656
243.46568077700022,132.601,0.23721175109766057,1.3948840177441433
243.57655251000006,132.649,0.24423782412260706,1.3948964698324542
243.72677741899997,132.727,0.2558909974884092,1.394904219555686
243.83260462399994,132.79,0.2652939085656085,1.3949092296855727
243.94120452200013,132.839,0.2725184052014217,1.394906285250407
244.05008236999993,132.919,0.284449188427676,1.3948986771197927
244.16105090700012,132.971,0.2921961410501981,1.3948972416862135
244.29008550400022,133.024,0.30008448383094016,1.3948995474130401
244.40630471400027,133.101,0.31155939953709605,1.394906206665791
244.50685206800017,133.137,0.31692166825030293,1.3949068174542278
244.6668283690001,133.222,0.32963961250105867,1.3949030795424782
244.78259675300023,133.301,0.34146923942391155,1.3948996929568418
244.8974171220002,133.347,0.3483095899081926,1.394898878959573
245.05429216500033,133.42,0.35892481864076375,1.394914468053953
245.16336890699995,133.5,0.37074324355300015,1.3949557812462343
245.27546472099993,133.549,0.3779766907316845,1.3949738947368306
245.43321981999998,133.618,0.3881756668990861,1.3949955661866869
245.5484839400001,133.701,0.4004749178659198,1.395034276396237
245.65938512599996,133.741,0.40642519043287867,1.3950582739923687
245.81373590800013,133.816,0.4176208532104709,1.3951012893751034
245.9222200590002,133.9,0.43007435865247134,1.3951381764800987
246.03780571000016,133.943,0.43644072640544734,1.3951497024412423
246.1989573400001,134.014,0.4469562189878982,1.3951580277059974
246.30902357700006,134.094,0.45889476850039856,1.3951549396418925
246.4152978420002,134.125,0.4635403302812583,1.3951530468955617
246.5232812080003,134.21,0.47604065759002834,1.3951577317347312
246.63399868800025,134.238,0.48016519954414183,1.3951651691289042
246.80031643200027,134.311,0.49110634976923184,1.3951886604764543
246.910034773,134.393,0.5032797887026923,1.395210403989605
247.01494481500004,134.424,0.5078617182914127,1.395213598764129
247.13385871100036,134.5,0.5192027374221514,1.395214157500914
247.25048239100033,134.549,0.5264797745098302,1.395212652526386
247.39038462999997,134.608,0.5351705989972882,1.3952181660470313
247.49731448400007,134.691,0.5475105904773712,1.3952390019278371
247.6095790610002,134.721,0.5519836948361728,1.3952452330866842
247.7820692270002,134.806,0.5644352734370826,1.395247071428105
247.8908420050002,134.885,0.5759026867546598,1.3952126951490635
247.99749539599998,134.915,0.5803356291879023,1.3951993897465929
248.10180720400012,134.995,0.5922763736013117,1.3951711771866429
248.20928187300024,135.018,0.5957234669669518,1.3951631200336296
248.31280034100018,135.1,0.607920615925805,1.3951294592496408
248.41349079700012,135.118,0.6105930388960763,1.3951202154016582
248.5184542840002,135.194,0.6219479843475428,1.395076537284245
248.62920566699995,135.216,0.6252393634634882,1.395063255743164
248.73225353900034,135.291,0.6364091727337986,1.3950135201731033
248.8463216350001,135.335,0.642961773394885,1.394980418260875
248.950515644,135.414,0.6546558059970847,1.3949184580527179
249.06673976000002,135.45,0.6599754049751868,1.3948946070531663
249.17711806000034,135.518,0.6700996661212737,1.3948558376754157
249.2903817360002,135.574,0.6784092377060978,1.394828527302
249.39064778600005,135.626,0.6860240226835829,1.3948123076228691
249.49746956800027,135.675,0.6932620721128874,1.3948069683190685
249.6402364810001,135.73,0.7013245080854533,1.394797645354262
249.7597056290001,135.801,0.7117182209704929,1.3947658922362791
249.86252697700002,135.842,0.7178002409391747,1.3947490355251395
249.97750223399999,135.913,0.7283709564437302,1.394726270814655
250.09355653600005,135.961,0.7355281647463726,1.3947141090631452
250.24760355900025,136.027,0.7453096123628499,1.3946918488068605
250.35467497800028,136.101,0.756269989301835,1.3946537868501303
250.46790366699997,136.155,0.7642652720073614,1.394616788812968
250.62958110599993,136.225,0.7746846652022507,1.3945592491973104
250.73473505400034,136.301,0.785990136919081,1.3944904281537271
250.85195644400028,136.342,0.7920968838406096,1.3944552594814612
250.95668261500032,136.401,0.8009180801910997,1.3944068126743725
251.0760637430003,136.436,0.8061509984610918,1.394379031007975
251.18501105900032,136.516,0.8181241912374031,1.3943175839119104
251.293389983,136.542,0.8220030483913311,1.3942982922945923
251.40019010000015,136.616,0.8329754461050572,1.3942504405369098
251.5112815360003,136.658,0.8391932452272047,1.3942284489180823
251.6563745110002,136.72,0.8483620947421053,1.3942040035165586
251.76671416199997,136.8,0.860271402207556,1.3941791215263304
251.87321845800034,136.831,0.864886958773446,1.3941671475678026
252.04730805999998,136.918,0.8777862276463713,1.3941225517708522
252.15328829200007,137.0,0.8898988385230784,1.3940703362662967
252.26134065299993,137.027,0.8938922237336047,1.394055933397376
252.36721752099993,137.11,0.9061804679356377,1.3940224542987338
252.47639744100024,137.154,0.9126955431217996,1.394011082992418
252.61866690800025,137.215,0.9216888961862091,1.3940040939732616
252.72471941899994,137.297,0.9339141647098086,1.394006886964066
252.82552781899994,137.314,0.9364518770169294,1.394008218465916
252.92833917000007,137.387,0.9472912278921072,1.3940178117210673
253.03686556699995,137.413,0.9511291927251495,1.3940242930336009
253.14024963500015,137.496,0.9634906920016446,1.3940553138325797
253.25130972200031,137.526,0.9679889041590015,1.3940674449673334
253.35433656600026,137.609,0.9802624817505736,1.3940937778494484
253.45938376599997,137.64,0.9848530869495484,1.3940968731889045
253.67078426200032,137.71,0.9952682241409566,1.3940976753515528
253.77721413000017,137.763,1.0031539433675243,1.394092777813037
253.93967526400002,137.809,1.0099981255416481,1.3940846791598043
254.0511914829999,137.877,1.020132601222454,1.3940666734330969
254.1771579240003,137.908,1.0247566054868467,1.3940566040135103
254.2814254560003,137.989,1.0368669953951988,1.3940260356274494
254.39582194500008,138.022,1.0418129419224642,1.394013403581482
254.50308227699998,138.095,1.0525631372828683,1.3939914715155841
254.62137793300008,138.106,1.0541703971733778,1.3939900477810079
254.72234737600002,138.18,1.065223430716062,1.393986829881271
254.83534678700016,138.205,1.0689722401827797,1.3939858774745346
254.93934654300028,138.285,1.0808945211953598,1.3939802728212682
255.054488581,138.319,1.085932370661763,1.393973705347449
255.16018906,138.397,1.0973849152663047,1.3939551987879117
255.27909706400033,138.431,1.1023791102460725,1.3939528156109997
255.50744507400032,138.502,1.1128119947280681,1.393961339231614
255.6154782560002,138.543,1.1189145853714724,1.3939730252323494
255.72117757700016,138.613,1.1293375566647181,1.3939881591854208
255.85520632499993,138.635,1.1326133495927866,1.3939913633923178
255.96880017400008,138.677,1.1388042951472572,1.3939968958360878
256.0808827840001,138.733,1.1470557896130946,1.3940119263610486
256.2313298590002,138.734,1.1472031375476326,1.3940122840168911
256.33443479100015,138.785,1.154769988737958,1.3940341176752935
256.43568873699996,138.829,1.1613365358596284,1.3940555621505104
256.5425578500003,138.841,1.1631254308889345,1.3940617161322002
256.70854085500014,138.901,1.1720607622527341,1.3940951982906509
256.8202472040002,138.931,1.1765284211329616,1.3941136745180596
256.92174284600014,138.982,1.1840822172383536,1.3941439530102788
257.07991047199994,139.03,1.191146533017368,1.3941635456986472
257.23742267700027,139.072,1.1972945611447596,1.3941741945134092
257.3915445299999,139.129,1.205720985651481,1.394192762188686
257.50232877999997,139.189,1.2146664551619493,1.3942197488905672
257.69531865,139.228,1.2205066825578044,1.394237247930894
257.7975299760001,139.282,1.228546849122675,1.3942616233986835
257.9581663690001,139.327,1.2352280662847026,1.3942855392973355
258.06930417600006,139.39,1.244619437740993,1.3943215530579363
258.20794284700014,139.426,1.2499840721035032,1.3943398594460388
258.3163780590003,139.484,1.2586204340936562,1.394365392643158
258.4638701660001,139.525,1.2647239564658526,1.3943802458536434
258.5702925300002,139.591,1.2744638659137906,1.3944034859777181
258.69397634000006,139.624,1.2793325216398725,1.3944194730401942
258.8078527040002,139.7,1.2906059822212832,1.3944626347967581
258.93476973800034,139.723,1.2940128214197537,1.3944734472598985
259.0596889120002,139.801,1.3055783552460238,1.3945033434522136
259.17705052400015,139.834,1.3104888629102243,1.394517480183467
259.2902429420001,139.901,1.3204678686016578,1.3945451818620969
259.4003898670003,139.933,1.325225678521943,1.3945557250439997
259.5052626840002,140.001,1.3353017982008404,1.3945700574567148
259.6160193390001,140.034,1.340191684196111,1.3945728015379817
259.7307774300002,140.104,1.3506170762974328,1.3945717952194923
259.8386811270002,140.132,1.3547914127569431,1.3945695610657871
259.9509259690003,140.201,1.365105182812671,1.3945611141922516
260.066981681,140.231,1.3695894296543145,1.3945563505816039
260.17038800399996,140.301,1.380024430335123,1.3945454188517985
260.28631937299997,140.317,1.3824086980415309,1.39454366689789
260.3930755240003,140.377,1.3913730281828036,1.3945389945940108
260.5420311170001,140.416,1.3972110008303549,1.394535562997816
260.65570646100014,140.479,1.406616645843129,1.3945278854194072
260.82073882800023,140.515,1.4119844739224467,1.394521371017277
260.9241408940002,140.541,1.415817847757812,1.3945163960269285
261.0857853810003,140.614,1.4265944331548304,1.394511957934726
261.1990923630001,140.682,1.4367005998611015,1.3945182026996261
261.33413259200006,140.713,1.4413152797767421,1.3945195620963504
261.44227944800014,140.781,1.4514033665652792,1.3945163759735295
261.59823078900035,140.812,1.4559857272144305,1.3945106710439517
261.71225596800014,140.869,1.464477599407546,1.3944943536756025
261.87505667999994,140.911,1.4707603536485239,1.394480787635324
261.983291175,140.974,1.4801235369775128,1.3944596533812685
262.16216777900036,141.01,1.4854302518017317,1.3944513604543458
262.27265560000023,141.06,1.492885041962395,1.3944439619951237
262.4463130510003,141.109,1.5002056901327339,1.3944351749439374
262.56480956099995,141.163,1.5082079659275993,1.3944254220720051
262.7435894089999,141.208,1.5148630795084292,1.394422381987966
262.8553187440002,141.272,1.5243705725433745,1.394423482246395
263.00918636899996,141.307,1.5295633727985138,1.3944211433346076
263.12032957600013,141.38,1.5402919508939852,1.394414242748066
263.2542080789999,141.406,1.5441143619688507,1.3944156150432052
263.3643914630002,141.472,1.5538507051475456,1.394428862109304
263.51344806,141.505,1.5587243120754644,1.3944400200243727
263.62953612,141.576,1.5692524190044252,1.3944727441946223
263.7641749730001,141.604,1.5734068594342598,1.394488350640388
263.87935216000005,141.673,1.5837181458872347,1.394529972412454
264.020811289,141.703,1.5882067235675,1.3945474075553268
264.12288975,141.764,1.597331955778546,1.3945829422065035
264.300124374,141.802,1.6030171097875343,1.3946059516815328
264.4063583350003,141.863,1.6121422683522288,1.3946434720932723
264.5200164410003,141.928,1.621863212980562,1.3946811713477696
264.635970285,141.955,1.6258977948499471,1.3946960412885934
264.75028225899996,142.026,1.636484080183347,1.3947373580029736
264.8649252959999,142.055,1.640808214600649,1.3947557776802282
264.97460253200006,142.117,1.650004564176635,1.3947936252040773
265.07642066000017,142.156,1.6557631917678846,1.3948113899295607
265.199541083,142.211,1.6639863861383837,1.3948321040998226
265.31586050800024,142.262,1.671621810441537,1.3948502249082257
265.42568103500025,142.307,1.6783080666889736,1.3948667975476168
265.54303406200006,142.359,1.6860430463463423,1.3948903585754628
265.6497624570002,142.407,1.693215248609319,1.3949146110748503
265.761560852,142.449,1.699485299883664,1.3949368558601032
265.8829996550003,142.516,1.7094361283084427,1.3949664225626672
265.99326948,142.551,1.7146373465053224,1.3949782172581051
266.094601452,142.601,1.7220893193823095,1.3949918469555707
266.1981953620002,142.627,1.725964347497428,1.394997610551369
266.3041872240001,142.699,1.7367306400098372,1.3950102391030514
266.4487142090002,142.726,1.740772666964312,1.3950143711233534
266.5699489120002,142.797,1.7513437766491675,1.3950214880011167
266.6964815680003,142.825,1.755505441332643,1.3950217238643055
266.806853605,142.893,1.7656716208257104,1.3950181226603264
266.96403497300025,142.924,1.7703205403359075,1.3950163233487944
267.074493998,142.997,1.781129501144924,1.3950066860546497
267.2179384440001,143.023,1.7849595319913432,1.3949987257808143
267.328197927,143.094,1.7955021030528757,1.3949675692207648
267.4678072890001,143.122,1.7996660555216106,1.3949527432385715
267.57369421700014,143.184,1.8088727808363982,1.3949144442322605
267.7005407790002,143.221,1.8143661928711128,1.3948877061074372
267.804592512,143.297,1.8256801606755113,1.394827669615906
267.9292859510001,143.32,1.8291122184785467,1.3948102424377766
268.0341033980003,143.394,1.8401392362990894,1.3947579487897717
268.1400683510001,143.419,1.8438602092006546,1.3947419264236705
268.25101276500027,143.498,1.8555805495147195,1.3946982700063022
268.37293219599997,143.53,1.8603199164365092,1.3946844752260001
268.4747120520001,143.609,1.8719880718163127,1.3946617141012172
268.57852859700006,143.628,1.8747935744376678,1.394658818992623
268.75751885299997,143.716,1.88776349948955,1.3946383903258002
268.86982091200025,143.792,1.8987800364109397,1.394603633416054
268.9703490950001,143.815,1.9021396148081942,1.3945968554643888
269.0739246779999,143.892,1.9135219623357167,1.3945864592096742
269.1765951540001,143.914,1.9167776143295656,1.3945861156413881
269.280027025,143.997,1.9291291672442046,1.394592416911119
269.38489085200035,144.027,1.9336071196406317,1.3945941993010103
269.48823189199993,144.105,1.9451639281466095,1.3945895884779003
269.5953399069999,144.133,1.949295788691597,1.3945842522690979
269.69698530200003,144.194,1.9583304374773474,1.3945747903395171
269.8044263229999,144.211,1.960850078525455,1.3945735533480725
269.91684647700004,144.289,1.9724263086999925,1.3945751946921616
270.033046734,144.324,1.977626923262869,1.394579547277638
270.14067980100026,144.401,1.9890522034075526,1.3945850391228012
270.2407246930002,144.423,1.992322034898237,1.394583920504891
270.3696361550001,144.503,2.0042803772317668,1.3945762999062048
270.4759262820003,144.554,2.0118764465355814,1.394570746768093
270.623707838,144.607,2.0197690772285934,1.3945684275481227
270.7342309700002,144.687,2.0317612890541343,1.3945682817387401
270.84892716000013,144.718,2.0364097118462494,1.3945683354727916
270.95735424800023,144.789,2.047004759559037,1.3945667268402506
271.06103543300014,144.805,2.049386569878501,1.3945653545671706
271.17024877600034,144.864,2.058196753294586,1.3945576355583726
271.3392478320002,144.904,2.064175799619677,1.3945508908170308
271.44395774500026,144.981,2.075597165395109,1.3945320517863407
271.55757766800025,145.003,2.0788371850162997,1.394523145570603
271.660511647,145.078,2.0898165062627303,1.3944880656910341
271.78189277699994,145.102,2.0933463732482553,1.394479937290745
271.89917056900003,145.18,2.104950153255772,1.3944639289900973
272.0310660580003,145.235,2.1131986439275856,1.3944542344578712
272.1482512100001,145.314,2.124992855035637,1.3944420748510589
272.2493150190003,145.334,2.1279705777621607,1.3944401681231149
272.3694028670002,145.401,2.1379460652254005,1.3944344112993954
272.49079746200005,145.454,2.1458250725454655,1.3944245302467333
272.60225602300034,145.516,2.1550484362136357,1.3944066163535918
272.709548371,145.56,2.161532940250381,1.3943907494029149
272.8722236480003,145.63,2.171804624905827,1.394376517469826
273.0120802010001,145.701,2.182420735038056,1.3943743269447773
273.12630902599994,145.739,2.188111684119401,1.3943738367140484
273.23687307,145.801,2.1974016858246705,1.3943737435351717
273.3454796670003,145.841,2.2033952353066657,1.3943740785240784
273.446865676,145.901,2.21236670421471,1.394374482177008
273.5476886460001,145.938,2.2178877198206357,1.3943730692249894
273.6644934589999,146.001,2.2272043741335446,1.3943705720234687
273.78261992000034,146.051,2.23458217394778,1.3943759256678192
273.9385201150003,146.125,2.2455655826528065,1.3943862207885294
274.05901254300034,146.201,2.2567660642404386,1.394380026955622
274.1750824290002,146.253,2.264408486902231,1.3943623058207075
274.34019527500004,146.323,2.2748239213120653,1.3943261269041667
274.4658499070001,146.401,2.2864417190375805,1.3942774071483077
274.5680680390001,146.434,2.29135646074111,1.3942540805220747
274.6864149580001,146.501,2.301353935397218,1.394202469684862
274.79817695600013,146.55,2.308668563233178,1.3941617227855119
274.9057625979999,146.613,2.3180774349689726,1.3941060069816298
275.0173493950001,146.648,2.3233045764903255,1.394073494597284
275.1876216290002,146.719,2.333835472756227,1.394001431107303
275.29952119300015,146.796,2.345219695294303,1.3939081971557896
275.4137872790002,146.831,2.350388687958819,1.393859706298479
275.52816625100013,146.903,2.3610725696330785,1.3937493947953288
275.6297790560002,146.949,2.367902639840452,1.393673266403243
275.77585916900034,147.016,2.3776878400080523,1.3935671502227158
275.8851586190003,147.105,2.390769089882442,1.3934523598429138
275.98583167200013,147.128,2.3941648805044755,1.3934265892502424
276.1548762970001,147.214,2.407002170299621,1.393335457447524
276.26035199100033,147.3,2.419599083346235,1.3932602695503526
276.3734272649999,147.335,2.4246888264729294,1.3932403767470176
276.54057620699996,147.412,2.436100064857865,1.3932105404449147
276.6552264950001,147.492,2.447972282655814,1.3931865348606556
276.7599107660003,147.523,2.4525584215882055,1.3931733606683712
276.86273782800026,147.609,2.465247416329132,1.3931346527478665
276.97898963100033,147.645,2.470572772681995,1.3931233965655707
277.12686665,147.709,2.480169757055111,1.3931063885809045
277.23489409800004,147.79,2.492282519247758,1.393084160893848
277.344416682,147.822,2.497053479396672,1.3930735453466594
277.4477882790002,147.896,2.5079420596483475,1.3930497743656463
277.55676349600026,147.921,2.5116045052170968,1.3930459846498975
277.66149597799995,148.001,2.523480189492666,1.393042417203322
277.77700276199994,148.03,2.527791679688512,1.393039004593327
277.93597091200036,148.105,2.539030011254566,1.3930273832973903
278.04408643800025,148.187,2.551318661094257,1.393015125178892
278.1606711980003,148.216,2.555662588131548,1.3930111580179894
278.26766631300006,148.297,2.5677654368359804,1.3930024852490557
278.3838843010003,148.328,2.5723915966900774,1.393000497853496
278.54848783700027,148.402,2.583302244177321,1.3930050235046834
278.6600233190002,148.48,2.5948321121978366,1.3930187180591151
278.7823178120002,148.535,2.60291106422843,1.3930149583718883
278.8888355610002,148.617,2.61242040998196,1.3930150707226667
278.999103828,148.665,2.615819592069016,1.3930324124843103
279.15643761499996,148.732,2.6189224791050343,1.3930162366195895
279.26989003000017,148.801,2.620282373222288,1.3929321657405829
279.38348640999993,148.859,2.6199418646470103,1.3928410710171986
279.488579288,148.915,2.61897475566262,1.3927669472332864
279.6025762180002,148.968,2.6186126502198435,1.3927312437167405
279.7101714170003,149.019,2.6183187409720072,1.3926923888672227
279.8161315540001,149.066,2.6180491537990624,1.3926480038046518
279.920173255,149.115,2.6177696695676227,1.3925930154162232
280.02903180700014,149.165,2.6174864268592217,1.3925277913109948
280.14767594900013,149.214,2.617211039758002,1.3924550059227727
280.2635576020002,149.268,2.6169103981314996,1.3923647168361848
280.42076404599993,149.326,2.6165912178558526,1.3922560937701083
280.5518838339999,149.401,2.6161849309523624,1.3920979965672626
280.6628821080003,149.454,2.6159026837014965,1.3919744656169248
280.76464171900034,149.501,2.615656064368624,1.3918568706209908
280.88161767500014,149.555,2.615377287659163,1.3917125685379343
280.9876629810001,149.601,2.6151439124030036,1.391582017335487
281.1036088210003,149.648,2.6149095888817357,1.3914415077792606
281.20481007000035,149.701,2.6146506231354194,1.3912745892430767
281.30878689600013,149.736,2.614482813647795,1.3911595281763223
281.43242716500026,149.801,2.6141782655293557,1.3909358754472423
281.55004279000013,149.85,2.6139550553011555,1.3907589102576272
281.66416118999996,149.918,2.6136548309366288,1.3905017769778893
281.77484615599997,149.967,2.6134456586659507,1.3903084192812925
281.92091363300005,150.019,2.6132305233377617,1.3900960875066148
282.02504867300013,150.092,2.612940839411808,1.3897860493007328
282.1385670469999,150.118,2.6128412491270443,1.3896723643631057
282.24292112700005,150.195,2.612557727839956,1.389326063184059
282.35273641599997,150.217,2.6124799278487845,1.389224564047846
282.482295712,150.301,2.6121963827197505,1.388827098867373
282.5981347840002,150.338,2.612120636281932,1.3886758931917265
282.70537041700027,150.401,2.6133200032366597,1.3905839276877794
282.80830547899996,150.431,2.6145370163388293,1.392754453324155
282.933006104,150.501,2.6174725691650615,1.3982813011131177
283.0376503460002,150.528,2.6185705005675346,1.400477658900018
283.15392113000007,150.601,2.621426911202992,1.4065472709643
283.2610232310003,150.628,2.6224308766952613,1.4088162804782032
283.371621841,150.698,2.625084986695121,1.4150865864474378
283.4718435650002,150.712,2.6255982515419496,1.4163802418851783
283.57432261400027,150.787,2.628319107838832,1.423575463693528
283.68657654900016,150.811,2.6291470538660393,1.4259026312017984
283.78836899099997,150.886,2.6315474759940174,1.433094509488145
283.9012147110002,150.91,2.6322602114034384,1.4353739035505568
284.0059940440001,150.988,2.634510671103316,1.4430585281094195
284.1153348600001,151.009,2.635086037139078,1.4451809751481384
284.2188382300001,151.083,2.6371441583598045,1.4531282776411742
284.3286123500002,151.108,2.637798725388665,1.4558769635879971
284.43727954299993,151.19,2.6398079469834212,1.4649480163653785
284.544776234,151.207,2.6401978900261454,1.4668378763134051
284.64933561099997,151.29,2.642442899981083,1.476684106498084
284.76351991799993,151.306,2.6429008813702928,1.4788522899527787
284.8704227510002,151.386,2.644970409002151,1.4903574560407242
284.9742592289999,151.405,2.6454425017544443,1.493072894119626
285.0865296249999,151.483,2.647344637727121,1.504158658574547
285.1994119300002,151.504,2.6478498772689374,1.5071440988345197
285.3022871100002,151.588,2.6498198668342496,1.5189883663273547
285.4156620560002,151.603,2.6501642157584606,1.5210959004879587
285.5228519520001,151.68,2.651883497572804,1.531832641145493
285.64274281400003,151.72,2.6527485243200846,1.53738722140321
285.7550693840003,151.802,2.654455588672563,1.548709021033411
285.8703773320003,151.835,2.655120798330006,1.553268593247855
285.98013986900014,151.916,2.656696434456436,1.564445587424936
286.08081304100006,151.934,2.657036019085005,1.5669305101917856
286.2174034049999,152.001,2.6582662277039564,1.576183250708115
286.33297853500017,152.057,2.6592535712723624,1.5839214167727804
286.4352891640001,152.101,2.660003457857155,1.5900059442613803
286.54152404700017,152.148,2.6607752030558323,1.5964886412804047
286.6529441580001,152.201,2.6616008462514955,1.603709025461877
286.7542104009999,152.247,2.6622854124509323,1.6099793556394661
286.86668537900005,152.301,2.6630437399639337,1.6172898909935864
286.98408430100017,152.359,2.663807670000071,1.6251339169552863
287.12589671800015,152.428,2.664654955256078,1.6345153257545393
287.24506968100013,152.501,2.665471914395983,1.644415706961303
287.34966896100013,152.541,2.6658830541707723,1.649822962758232
287.45416153700035,152.616,2.666590927820996,1.6600117176413955
287.5682346440003,152.671,2.6670537769054654,1.6674526278090724
287.70806903500034,152.725,2.667458188311596,1.6747175665311447
287.81724888100007,152.801,2.667962253104407,1.6851392888580587
287.9176379630003,152.836,2.668169133604431,1.6899679710484934
288.030605939,152.919,2.6686365699616097,1.7019226858953636
288.1306584890003,152.951,2.6688049063008403,1.7065655840100717
288.281610729,153.022,2.669165378614054,1.716965616351944
288.39434634400004,153.101,2.669550150419772,1.7286643882708987
288.50443681000024,153.149,2.669790678872367,1.7359677444747723
288.663449139,153.22,2.670167560960104,1.7465142633763273
288.7854836780002,153.301,2.670740485423318,1.7575931262261935
288.89462176300003,153.34,2.6711188627585827,1.7633722479167915
289.05083931100035,153.418,2.671891722503422,1.7722056484538231
289.1803103110001,153.501,2.6728532808953296,1.779830413050079
289.29084503900003,153.54,2.673370487358345,1.78313154090219
289.47253622100015,153.616,2.674566593883925,1.7895931433821326
289.6140097360003,153.701,2.676596583300187,1.79842511969104
289.72344046000035,153.733,2.677543881969375,1.8022364916514664
289.82958583100026,153.798,2.679730683575149,1.8107465782432797
289.9420363960003,153.814,2.6803122418434073,1.81297583769088
290.04702886700034,153.887,2.682947328145338,1.82295335325667
290.1711991090001,153.913,2.6838829252174112,1.8264263453051428
290.27973757400014,153.997,2.6868634804079203,1.8371563425089334
290.40785851500004,154.012,2.687401004582664,1.83902466754702
290.5177388500001,154.097,2.690465133673125,1.8492660561859828
290.62241808199997,154.111,2.690980395351136,1.8509152115845524
290.724125149,154.191,2.693962676355466,1.8600475153319398
290.833092848,154.21,2.6946980008366155,1.8621957543343926
290.9372048250002,154.283,2.6976626069701073,1.8705258354607062
291.06140260400025,154.309,2.6988295166886833,1.8736825626552562
291.16708738000034,154.389,2.702440263803011,1.8831295703207926
291.2783090329999,154.408,2.703313579184626,1.8853379442315648
291.38351922300035,154.486,2.7069689762581945,1.8942782912725253
291.49934915099993,154.507,2.707973469614821,1.896649853780477
291.62462987100025,154.601,2.712633837467671,1.9072186692476123
291.7411416059999,154.631,2.714175313199456,1.9105706321772276
291.845728408,154.703,2.717863233846382,1.918298232044669
291.949104798,154.723,2.7189144717724485,1.9204265087941343
292.04942260200005,154.799,2.723022914544551,1.9284577262665135
292.17272597500005,154.815,2.7239105787133817,1.9301367300650423
292.274108309,154.877,2.7274519795356738,1.9366578032030544
292.4084752040003,154.903,2.7289729424607576,1.9393774166840791
292.521016746,154.965,2.732750035474634,1.945947000195514
292.68758918699996,155.002,2.735085447147045,1.949895823521101
292.79878375,155.074,2.739734312770081,1.9575236984930806
292.96750858700034,155.135,2.743778758163005,1.9639254510392954
293.06987841900036,155.21,2.7488615148483464,1.971682163626653
293.1874396920002,155.234,2.7505175235267147,1.9741431340908207
293.3205397810002,155.301,2.755187383237513,1.9809157105256854
293.43164057600006,155.349,2.758579844504335,1.9856807920749489
293.5540222660002,155.401,2.762304431781237,1.990767498301451
293.6567807020001,155.449,2.765805339328681,1.995416106882152
293.76745827700006,155.501,2.769625888097006,2.000347678126422
293.86846140700027,155.543,2.7727437743539687,2.0042616121949877
293.9931593609999,155.601,2.777130851788729,2.0096087368930857
294.0940246939999,155.647,2.780673770706364,2.013797568035106
294.21465588399997,155.701,2.7849505330624265,2.0187111089137098
294.3173989420002,155.744,2.7884371999264688,2.0226137938839854
294.444328823,155.801,2.793117164583959,2.027713924514716
294.548252262,155.839,2.7962748457633317,2.0310683878359903
294.6622846160003,155.901,2.8014819357740777,2.036451131188063
294.779464747,155.939,2.8047182057096824,2.039706318191322
294.92244244500034,156.001,2.810101507409931,2.0449771804470718
295.03709936500036,156.025,2.812209301326342,2.0469942106106394
295.1435042830003,156.087,2.817681213391955,2.0521110280012453
295.29110963300036,156.124,2.8209621197251433,2.055094942257969
295.397786475,156.194,2.8272650972815767,2.060656240046166
295.52638730800027,156.223,2.829911878919289,2.0629273993887653
295.66659944599996,156.301,2.8371836497392287,2.068983805097018
295.77492287199993,156.339,2.8408002153106398,2.071904272755156
295.8897172090001,156.401,2.846700135428227,2.076540449564951
295.99523461000035,156.435,2.849963998628228,2.079036677297651
296.10835383500034,156.501,2.8563674527624525,2.0837972076105062
296.2170461180003,156.537,2.8598960224970362,2.0863451017800703
296.333052685,156.601,2.8661664875331065,2.09074133322659
296.455956237,156.634,2.8694231989570462,2.092957681209992
296.55756254900007,156.701,2.8761006418326986,2.0973633772280276
296.6613436490002,156.731,2.879117695692382,2.0992943732997125
296.776082157,156.801,2.8862180419087156,2.1036965823029217
296.88123596100013,156.829,2.8890824651045564,2.105417222816775
296.99510672099996,156.901,2.8964333925854406,2.109686333005915
297.1019469930002,156.931,2.89952184937606,2.11141744267287
297.23273281599995,157.001,2.906821443293636,2.1153676439359987
297.35018995300015,157.046,2.911546805952817,2.1178229699776328
297.45141445100035,157.101,2.9173073176100313,2.120705522319881
297.5577080580001,157.125,2.919836128405421,2.1219327178452345
297.6623396230002,157.196,2.927455702584054,2.1254967904727753
297.76928085400004,157.213,2.929297696580777,2.1263298263762507
297.87150963700014,157.291,2.937766214976253,2.1300179196457774
297.99169243999995,157.312,2.9400594872535546,2.1309769016457216
298.0999234000001,157.384,2.948026192287145,2.1341819410588863
298.2112183960003,157.411,2.951041944426172,2.1353462527750353
298.318536277,157.485,2.9592324978719087,2.1383695977628445
298.43871106000006,157.51,2.962007591447455,2.139346953607756
298.5485381440003,157.596,2.971602684625224,2.14254601913576
298.6633659009999,157.627,2.9750801454767015,2.1436372027951207
298.7768580669999,157.701,2.9834773659732385,2.1461279243403233
298.89471155599995,157.737,2.9875920187481984,2.147276192708726
299.06599488500024,157.807,2.995655512368061,2.149393353234734
299.1694106640002,157.879,3.0039390107822816,2.1513855237353874
299.28825585999994,157.906,3.0070515852103434,2.152085666489667
299.392088738,157.99,3.0167079680239732,2.154088854813297
299.5046080249999,158.005,3.018431192727548,2.154418953734638
299.6065518959999,158.08,3.026962716633736,2.1559269504946097
299.724830615,158.104,3.029445432182802,2.1563149603938716
299.82942541500006,158.171,3.0358385858496146,2.1571691434020446
299.97584058300026,158.203,3.0388759755930503,2.1574967853234908
300.08347144000027,158.277,3.0460611960658888,2.1580744118473074
300.20613463200016,158.302,3.0486837947195604,2.1582276249510968
300.31596279199994,158.378,3.0568637429068617,2.1585364188748706
300.4571548240001,158.435,3.0630713386375743,2.1586121282493065
300.56310896700006,158.513,3.0717606294052966,2.1584968986935795
300.68216605199996,158.549,3.075838314197925,2.1583625254991285
300.7946352600002,158.614,3.083387818723442,2.1579888995872505
300.9040096970002,158.65,3.0875843928126274,2.1577165265071216
301.0063229269999,158.714,3.095377635760592,2.1570996121513963
301.1113242430001,158.759,3.1009313781371852,2.1565834739742367
301.22478435400035,158.825,3.1091721806743124,2.155710399387761
301.33251971200025,158.872,3.1150310023827914,2.1550133744727376
301.4928806910002,158.929,3.1222775810446444,2.154068187436603
301.6403757430003,159.001,3.13156605252902,2.15273779211875
301.77997676600035,159.053,3.138375281441992,2.1516888841949284
301.9412855989999,159.127,3.1482646548759985,2.150071965899035
302.07148097000027,159.201,3.158229502680654,2.148341783347651
302.19958789500015,159.256,3.1656940415163866,2.1469886844349144
302.300134224,159.319,3.174411685066036,2.1453553076485847
302.40291481600025,159.351,3.1788328644340154,2.1445084400284893
302.5112742670003,159.419,3.1879973275259377,2.142700623425985
302.6300043270003,159.448,3.1919000386011325,2.1419073996455658
302.73298368800033,159.501,3.1990796926682052,2.1404136101735207
302.8402642640003,159.538,3.2040985552457446,2.139344182050004
302.95695608899996,159.601,3.212750523302906,2.137457867528343
303.0607110860001,159.639,3.217964044474529,2.136296807180188
303.17264917500006,159.701,3.2265507548366803,2.13434776569345
303.28623253000023,159.735,3.231276397533339,2.1332587613833596
303.39796025600026,159.801,3.240599953453036,2.131082730703699
303.5006356829999,159.838,3.245832983891923,2.129848858338667
303.605128616,159.901,3.25473334842858,2.1277294885944706
303.71331086400005,159.934,3.259391755660209,2.126609582212267
303.8249127660001,160.001,3.268888228764981,2.1243055332099003
303.94453493200035,160.047,3.275417807121818,2.1227068681175885
304.11867189800023,160.117,3.285377397381598,2.120247861411073
304.22655639999994,160.195,3.2966164154166364,2.1174522173126555
304.33619651300023,160.216,3.2996499706985793,2.116695808062315
304.451068329,160.298,3.3115378377232636,2.1137263440072256
304.56919726700016,160.331,3.3163350610992217,2.112527286636689
304.6788956969999,160.401,3.326476985444722,2.109993792404593
304.7959185240002,160.442,3.3324190263164484,2.1085112666461203
304.96041655299996,160.513,3.342728663410021,2.1059411703351247
305.06784508300007,160.593,3.3543602737897484,2.1030434915634943
305.17269196100006,160.612,3.357123431412545,2.102355284020611
305.3029750320002,160.701,3.369929702345452,2.099175221970141
305.4185530200002,160.739,3.3753455009884745,2.097838499973265
305.5191597140001,160.801,3.3841302693690594,2.095680442784755
305.62164404700025,160.828,3.387957264255858,2.0947462356302444
305.72413619300005,160.898,3.397972630590522,2.092313689699292
305.82747163500017,160.922,3.4014117203591328,2.091482778419704
305.94245168199996,161.001,3.412471561771048,2.0888400733532286
306.0430721120001,161.022,3.41541046818898,2.0881437768586992
306.162870185,161.101,3.4265746760231504,2.0855226028352543
306.28989563999994,161.141,3.4322571961877317,2.084201851005048
306.446632356,161.206,3.441266382750894,2.0821401600963814
306.5516971080001,161.288,3.452716679774707,2.07956233383383
306.6690195450001,161.319,3.4570634035473304,2.078597657913285
306.78407021700014,161.401,3.4686617966577056,2.0760536679996853
306.8941637500002,161.428,3.4725146830331552,2.0752090338982283
307.0626541830002,161.503,3.4834439638472063,2.072845466755744
307.1747355709999,161.583,3.49478201599497,2.070424570146829
307.28068580800027,161.602,3.497460644961664,2.069856086215861
307.3827457520001,161.682,3.5086156751878392,2.067523412676358
307.540611637,161.735,3.5159381841309147,2.066023968196219
307.6456726189999,161.811,3.5266320035232153,2.0638712902536316
307.75062867600036,161.834,3.5299208211519604,2.0632195720418154
307.879658069,161.901,3.539431574889945,2.061353183691062
307.99652063500025,161.964,3.548305129715882,2.0596414547239434
308.0978962930003,162.017,3.5556776337450553,2.058244127019963
308.2135271340003,162.075,3.5637597583510683,2.0567435143599195
308.3656799190003,162.13,3.5714395428957837,2.0553468460585362
308.4950810350001,162.201,3.581281093056963,2.053601991291295
308.6163840930003,162.259,3.5893153575041348,2.0522172337942246
308.7168727170001,162.317,3.5972969568569635,2.050879770252787
308.82144236700015,162.361,3.6033405551282067,2.049893807691402
308.9273233690001,162.419,3.6116945213325167,2.048530452138417
309.035794594,162.453,3.6166563416716686,2.0477445132040524
309.14874975500015,162.519,3.625925039163303,2.0463102799150166
309.25374649000014,162.556,3.6311367121537654,2.045511539298107
309.360329352,162.613,3.639243031975945,2.0442925110133596
309.4637948300001,162.654,3.645136859638989,2.043417674504248
309.5688682600003,162.717,3.6542584618963345,2.0420823947657376
309.6827914810001,162.75,3.6590374272281023,2.0413897087366717
309.83795067200026,162.823,3.669388348289902,2.039918478955172
309.97231589500007,162.901,3.6806116101053656,2.038357939723023
310.0864196050002,162.945,3.686996422677,2.0374854298297036
310.19254241299996,163.001,3.69505473018152,2.036397442114329
310.31096256499995,163.05,3.702127236655522,2.035456623714077
310.4151842260003,163.114,3.711392728414542,2.034241718713649
310.52055838800015,163.152,3.7168952832563207,2.0335293369860508
310.69726377899997,163.219,3.726367926973623,2.032331773930234
310.819802685,163.301,3.737927741196419,2.0309191499122767
310.93123611300007,163.345,3.7441341168840467,2.0301848917031005
311.1086574750002,163.417,3.754458703790939,2.0289972754751573
311.2131707230001,163.496,3.7657084862842756,2.0277461133707573
311.3214879850002,163.516,3.768552053295683,2.027437670721632
311.44829843100024,163.601,3.7807979480022356,2.026137562420834
311.56678046100023,163.646,3.7872890163788244,2.0254660868126177
311.7293857530003,163.714,3.7971127404603147,2.0244717887135066
311.8416328610001,163.802,3.809834402477053,2.0232224872278715
311.95287397300035,163.837,3.814914418935108,2.0227350944242923
312.0775694470003,163.894,3.823222362072709,2.0219499767455673
312.194005072,163.957,3.8323786971675684,2.021102217398901
312.322218669,164.011,3.8401268656358303,2.020402142784881
312.43938934100015,164.09,3.851452720768818,2.019415462221715
312.5546150949999,164.122,3.8560412762320935,2.019028257671404
312.72034524200035,164.209,3.8683374395410755,2.018034753472574
312.82701327199993,164.294,3.8807315999694105,2.0170830787550065
312.9334100330002,164.323,3.8849728017878684,2.0167667039480146
313.09715705200006,164.407,3.89715762971592,2.0158801863593667
313.20451432400023,164.491,3.9095081222691874,2.015012763109686
313.311818445,164.521,3.913939341539518,2.0147062535969193
313.4794717340001,164.605,3.926105967673997,2.013886957644548
313.589200334,164.692,3.9388614658514873,2.0130626411419614
313.694752247,164.715,3.942289308582197,2.012844304937482
313.8051447910002,164.802,3.9551404271430823,2.0120286794258915
313.90715230000023,164.835,3.9599557369629452,2.0117287426818224
314.06070290800017,164.902,3.9697124628193654,2.011136127128515
314.165929109,164.987,3.9822705613530855,2.0103969745427808
314.274715301,165.035,3.9893866993751397,2.0099847452254926
314.36121805300036,165.111,4.000542197202506,2.009351670307189
