elapsed_s,odom_x,odom_y,world_x,world_y
0.20817865899994104,8.784024153108058e-09,2.680865225678074e-20,-1.8,0.4
0.22915470499992807,8.78402456555475e-09,2.6808654774366985e-20,-1.7999999999999996,0.4
0.27688988599993536,8.784024978178379e-09,2.6808657292992896e-20,-1.7999999999999992,0.4
0.2774080250001134,8.784025390917169e-09,2.6808659812281297e-20,-1.7999999999999987,0.4
0.28803207000009934,8.784025803709398e-09,2.6808662331855464e-20,-1.7999999999999985,0.4
0.3076267310000276,8.784026216493332e-09,2.6808664851338565e-20,-1.799999999999998,0.4
0.3277399000000969,8.784026629207343e-09,2.6808667370354432e-20,-1.7999999999999976,0.4
0.3480910920000042,8.784027041789727e-09,2.680866988852651e-20,-1.7999999999999972,0.4
0.367674235000095,8.784027454178914e-09,2.6808672405479085e-20,-1.7999999999999967,0.4
0.38760514199998397,8.78402786631324e-09,2.6808674920835878e-20,-1.7999999999999963,0.4
0.4075527160000547,8.78402827813098e-09,2.680867743422025e-20,-1.7999999999999958,0.4
0.4277068030000919,8.784028689570485e-09,2.6808679945256074e-20,-1.7999999999999956,0.4
0.4475499310001396,8.784029100570183e-09,2.6808682453567734e-20,-1.7999999999999952,0.4
0.46762972999999874,8.784027847417297e-09,2.6808674805714763e-20,-1.7999999999999963,0.4
0.4877615840000544,8.784026375227747e-09,2.6808665821104808e-20,-1.7999999999999978,0.4
0.5076260759999514,8.784022887991821e-09,2.680864453656784e-20,-1.8000000000000014,0.4
0.5278835139999956,8.78402329940579e-09,2.6808647047977014e-20,-1.800000000000001,0.4
0.5478668600001129,8.784023711179714e-09,2.6808649561543333e-20,-1.8000000000000005,0.4
0.571994838000137,8.78402412325169e-09,2.68086520768888e-20,-1.8,0.4
0.5914520540000012,8.784024535560168e-09,2.6808654593637596e-20,-1.7999999999999996,0.4
0.6117761709999741,8.784024948043418e-09,2.6808657111412857e-20,-1.7999999999999992,0.4
0.6317554330000803,8.784025360639622e-09,2.680865962983723e-20,-1.799999999999999,0.4
0.6509549080001307,8.784025773287227e-09,2.6808662148534923e-20,-1.7999999999999985,0.4
0.670891920000031,8.78402618592458e-09,2.6808664667129652e-20,-1.799999999999998,0.4
0.6907756069999778,8.784026598490137e-09,2.6808667185245748e-20,-1.7999999999999976,0.4
0.7108308370000032,8.784027010922321e-09,2.680866970250743e-20,-1.7999999999999972,0.4
0.7310882169999786,8.784027423159479e-09,2.680867221853847e-20,-1.7999999999999967,0.4
0.7510617539999203,8.784027835139963e-09,2.6808674732962697e-20,-1.7999999999999963,0.4
0.7711070210000344,8.784028246802203e-09,2.6808677245404432e-20,-1.799999999999996,0.4
0.7909846229999857,8.78402865808459e-09,2.680867975548776e-20,-1.7999999999999956,0.4
0.8107903860000079,8.784027975022726e-09,2.680867558678365e-20,-1.7999999999999963,0.4
0.8311122279999381,8.784026502831057e-09,2.6808666602037584e-20,-1.7999999999999976,0.4
0.8520460940001158,8.784022999302215e-09,2.6808645218052342e-20,-1.8000000000000012,0.4
0.872251408000011,8.784023410747934e-09,2.680864772964795e-20,-1.8000000000000007,0.4
0.8921215059999668,8.784023822531758e-09,2.6808650243267328e-20,-1.8000000000000003,0.4
0.9120431349999762,8.784024234591671e-09,2.6808652758531748e-20,-1.8,0.4
0.9321780669999953,8.784024646865791e-09,2.6808655275063427e-20,-1.7999999999999996,0.4
0.9520542019999993,8.784025059292296e-09,2.680865779248496e-20,-1.7999999999999992,0.4
0.9720043239999541,8.784025471809378e-09,2.6808660310418982e-20,-1.7999999999999987,0.4
0.9923378290000073,8.784025884355283e-09,2.6808662828488546e-20,-1.7999999999999983,0.4
1.0118483310000101,8.784026296868315e-09,2.680866534631715e-20,-1.7999999999999978,0.4
1.0325452429999586,8.784026709286833e-09,2.680866786352847e-20,-1.7999999999999974,0.4
1.0520188590000998,8.784027121549109e-09,2.680867037974587e-20,-1.7999999999999972,0.4
1.0721328960000847,8.784027533593456e-09,2.6808672894592855e-20,-1.7999999999999967,0.4
1.0919871020000755,8.784027945358318e-09,2.6808675407693872e-20,-1.7999999999999963,0.4
1.11177852600008,8.784028356781956e-09,2.68086779186722e-20,-1.7999999999999958,0.4
1.132286631999932,8.784027866272758e-09,2.6808674925079406e-20,-1.7999999999999963,0.4
1.152561721999973,8.784026394042509e-09,2.6808665939994525e-20,-1.7999999999999978,0.4
1.1721010819999265,8.78402325249179e-09,2.6808646765300338e-20,-1.800000000000001,0.4
1.191912149000018,8.784023664068125e-09,2.6808649277671993e-20,-1.8000000000000005,0.4
1.2120603460000439,8.78402407593687e-09,2.6808651791788445e-20,-1.8,0.4
1.2327824609999425,8.784024488036358e-09,2.680865430727313e-20,-1.7999999999999996,0.4
1.2522275530000115,8.784024900304802e-09,2.680865682374883e-20,-1.7999999999999994,0.4
1.272163960999933,8.784025312680623e-09,2.6808659340839617e-20,-1.799999999999999,0.4
1.2918774019999546,8.784025725102231e-09,2.680866185816955e-20,-1.7999999999999985,0.4
1.3123787690001336,8.784026137507973e-09,2.68086643753623e-20,-1.799999999999998,0.4
1.3323460639999212,8.784026549836134e-09,2.68086668920412e-20,-1.7999999999999976,0.4
1.3522255810000843,8.784026962025188e-09,2.6808669407830736e-20,-1.7999999999999972,0.4
1.3719669790000353,8.784027374013577e-09,2.6808671922355264e-20,-1.7999999999999967,0.4
1.3920641070001238,8.784027785739615e-09,2.680867443523841e-20,-1.7999999999999965,0.4
1.4118175710000287,8.784028197141735e-09,2.6808676946104482e-20,-1.799999999999996,0.4
1.4318212150001273,8.784026958550174e-09,2.6808669386821473e-20,-1.7999999999999972,0.4
1.451917346000073,8.784023237352039e-09,2.6808646674287936e-20,-1.800000000000001,0.4
1.4721470120000504,8.784023648858436e-09,2.6808649186237717e-20,-1.8000000000000005,0.4
1.492111455999975,8.784024060654698e-09,2.6808651699916753e-20,-1.8,0.4
1.5123929430001226,8.784024472678695e-09,2.6808654214945668e-20,-1.7999999999999998,0.4
1.532006268000032,8.784024884868591e-09,2.6808656730946994e-20,-1.7999999999999994,0.4
1.5524608900000203,8.784025297162467e-09,2.6808659247542702e-20,-1.799999999999999,0.4
1.5724199730000237,8.784025709498486e-09,2.68086617643553e-20,-1.7999999999999985,0.4
1.5922284630000831,8.784026121814967e-09,2.6808664281008317e-20,-1.799999999999998,0.4
1.6119806950000566,8.784026534050231e-09,2.68086667971253e-20,-1.7999999999999976,0.4
1.6323859020001237,8.784026946142614e-09,2.6808669312329927e-20,-1.7999999999999972,0.4
1.652295519000063,8.784027358030374e-09,2.6808671826245408e-20,-1.799999999999997,0.4
1.6722021230000337,8.784027769651873e-09,2.6808674338495618e-20,-1.7999999999999965,0.4
1.6919688210000459,8.784027382299036e-09,2.680867197441309e-20,-1.7999999999999967,0.4
1.7119671010000275,8.784025910048714e-09,2.6808662988982924e-20,-1.7999999999999983,0.4
1.7322510789999797,8.784023604960131e-09,2.680864891950281e-20,-1.8000000000000005,0.4
1.8517896070000006,8.784024016692811e-09,2.680865143280054e-20,-1.8000000000000003,0.4
1.8708044120000977,8.784024428656298e-09,2.6808653947466957e-20,-1.7999999999999998,0.4
1.8886027640000975,8.784024840788507e-09,2.6808656463123008e-20,-1.7999999999999994,0.4
1.9097784729999603,8.784025253027316e-09,2.6808658979389487e-20,-1.799999999999999,0.4
1.9478967790000752,8.784025665310852e-09,2.680866149588864e-20,-1.7999999999999985,0.4
1.9652783010001258,8.784026077577267e-09,2.680866401224293e-20,-1.799999999999998,0.4
1.980102149000004,8.784026489764783e-09,2.6808666528075365e-20,-1.7999999999999976,0.4
1.9935056910001094,8.784026901811601e-09,2.6808669043008772e-20,-1.7999999999999974,0.4
2.0071791440000197,8.784027313656006e-09,2.6808671556666566e-20,-1.799999999999997,0.4
2.0370439480000186,8.784027725236227e-09,2.6808674068671774e-20,-1.7999999999999965,0.4
2.0520473809999658,8.78402686889635e-09,2.6808668842230138e-20,-1.7999999999999974,0.4
2.0656799030000457,8.784023519697417e-09,2.6808648400103775e-20,-1.8000000000000007,0.4
2.080063341000141,8.784023931322293e-09,2.6808650912754028e-20,-1.8000000000000003,0.4
2.0947900490000393,8.784024343184225e-09,2.6808653426811125e-20,-1.7999999999999998,0.4
2.1305754100001195,8.78402475522152e-09,2.6808655941898443e-20,-1.7999999999999994,0.4
2.151447894000057,8.784025167372406e-09,2.6808658457638836e-20,-1.799999999999999,0.4
2.1681662290000077,8.784025579575345e-09,2.6808660973656647e-20,-1.7999999999999987,0.4
2.1851550599999428,8.784025991768613e-09,2.6808663489575158e-20,-1.7999999999999983,0.4
2.198245016000101,8.784026403890706e-09,2.6808666005018954e-20,-1.7999999999999978,0.4
2.2170959669999775,8.784026815879955e-09,2.6808668519611655e-20,-1.7999999999999974,0.4
2.2302702530000715,8.784027227674846e-09,2.6808671032977885e-20,-1.799999999999997,0.4
2.2436637660000542,8.784027412069531e-09,2.6808672158411235e-20,-1.7999999999999967,0.4
2.2553318980001222,8.78402593983111e-09,2.68086631728904e-20,-1.7999999999999983,0.4
2.2677725190001183,8.784023976010285e-09,2.6808651186381668e-20,-1.8000000000000003,0.4
2.29155770400007,8.784024387837016e-09,2.680865370022287e-20,-1.7999999999999998,0.4
2.3062077150000277,8.78402479982604e-09,2.6808656215014482e-20,-1.7999999999999994,0.4
2.319274202000088,8.784025211915751e-09,2.6808658730380455e-20,-1.799999999999999,0.4
2.3312342910001007,8.784025624044499e-09,2.6808661245944427e-20,-1.7999999999999985,0.4
2.3450305060000574,8.784026036150765e-09,2.6808663761330888e-20,-1.7999999999999983,0.4
2.367572956999993,8.784026448172904e-09,2.6808666276163598e-20,-1.7999999999999978,0.4
2.3814540660000603,8.784026860049362e-09,2.680866879006693e-20,-1.7999999999999974,0.4
2.3944627430000764,8.784027271718521e-09,2.6808671302664814e-20,-1.799999999999997,0.4
2.4077755580001394,8.784025953561097e-09,2.6808663257447832e-20,-1.7999999999999983,0.4
2.420608990000119,8.784023991122653e-09,2.6808651279338052e-20,-1.8000000000000003,0.4
2.4429375849999815,8.78402440293777e-09,2.6808653793109476e-20,-1.7999999999999998,0.4
2.4565754610000567,8.784024814910452e-09,2.6808656307802446e-20,-1.7999999999999994,0.4
2.469694094000033,8.78402522697863e-09,2.6808658823038082e-20,-1.799999999999999,0.4
2.482336298000064,8.784025639080386e-09,2.680866133843843e-20,-1.7999999999999985,0.4
2.4963617880000584,8.784026051153863e-09,2.6808663853625868e-20,-1.799999999999998,0.4
2.5211185630000728,8.784026463137192e-09,2.6808666368222818e-20,-1.7999999999999978,0.4
2.535786876999964,8.784026874968705e-09,2.6808668881852957e-20,-1.7999999999999974,0.4
2.549791617999972,8.784026877061952e-09,2.680866889464172e-20,-1.7999999999999974,0.4
2.5615925690001404,8.78402396469149e-09,2.6808651118582266e-20,-1.8000000000000003,0.4
2.5751491860000897,8.784024376449628e-09,2.680865363201068e-20,-1.7999999999999998,0.4
2.603093944999955,8.78402478836291e-09,2.6808656146345934e-20,-1.7999999999999994,0.4
2.6178286080000817,8.784025200369676e-09,2.6808658661211575e-20,-1.799999999999999,0.4
2.632066239000096,8.784025612408258e-09,2.6808661176231176e-20,-1.7999999999999985,0.4
2.6449315590000424,8.784026024417068e-09,2.680866369102879e-20,-1.7999999999999983,0.4
2.658065333999957,8.78402643633455e-09,2.6808666205228734e-20,-1.7999999999999978,0.4
2.680444937999937,8.7840268480992e-09,2.6808668718455634e-20,-1.7999999999999974,0.4
2.6954694720000134,8.784025630572366e-09,2.6808661287295088e-20,-1.7999999999999985,0.4
2.7088464830001158,8.78402448046555e-09,2.6808654267356755e-20,-1.7999999999999998,0.4
2.7222929310000836,8.78402489236827e-09,2.6808656781620733e-20,-1.7999999999999994,0.4
2.7356968839999354,8.784025304342808e-09,2.680865929628283e-20,-1.799999999999999,0.4
2.755588469000031,8.784025716327656e-09,2.6808661810967636e-20,-1.7999999999999985,0.4
2.768900429000041,8.78402612826104e-09,2.6808664325298076e-20,-1.799999999999998,0.4
2.781583062999971,8.784026540081486e-09,2.6808666838898935e-20,-1.7999999999999976,0.4
2.7941667190000317,8.78402551515937e-09,2.6808660583226706e-20,-1.7999999999999987,0.4
2.806675739999946,8.784024554890687e-09,2.6808654721982467e-20,-1.7999999999999996,0.4
2.831433539000045,8.784024966793527e-09,2.680865723624247e-20,-1.7999999999999992,0.4
2.8455376090000755,8.784025378753533e-09,2.6808659750811148e-20,-1.7999999999999987,0.4
2.858417073000055,8.784025790708931e-09,2.6808662265311434e-20,-1.7999999999999985,0.4
2.871430931000077,8.784026202597866e-09,2.680866477936586e-20,-1.799999999999998,0.4
2.8845503560000907,8.784026121698722e-09,2.680866428560135e-20,-1.799999999999998,0.4
2.9100729500000853,8.78402458828286e-09,2.680865492605765e-20,-1.7999999999999996,0.4
2.924411224000096,8.784025000162868e-09,2.680865744017728e-20,-1.7999999999999992,0.4
2.936755236999943,8.784025412090005e-09,2.680865995454439e-20,-1.7999999999999987,0.4
2.949186042000065,8.784025824002567e-09,2.68086624687823e-20,-1.7999999999999983,0.4
2.9630878140001187,8.784026235838928e-09,2.6808664982514875e-20,-1.799999999999998,0.4
2.988765656999931,8.784024580948769e-09,2.680865488146645e-20,-1.7999999999999996,0.4
3.0044172269999763,8.784024992815148e-09,2.680865739550603e-20,-1.7999999999999992,0.4
3.019149220000145,8.784025404726026e-09,2.6808659909777035e-20,-1.7999999999999987,0.4
3.033351605000007,8.784025816619623e-09,2.6808662423902307e-20,-1.7999999999999985,0.4
3.048992854000062,8.784025741818064e-09,2.6808661967347343e-20,-1.7999999999999985,0.4
3.072767883000097,8.784024942703584e-09,2.6808657089745823e-20,-1.7999999999999992,0.4
3.089812660000007,8.78402535458878e-09,2.6808659603867198e-20,-1.799999999999999,0.4
3.1034483539999655,8.784025766459553e-09,2.6808662117860296e-20,-1.7999999999999985,0.4
3.1172609709999506,8.78402485169315e-09,2.680865653429e-20,-1.7999999999999994,0.4
3.130647912000086,8.78402526356433e-09,2.6808659048337075e-20,-1.799999999999999,0.4
3.156411256999945,8.784025675430513e-09,2.6808661562313463e-20,-1.7999999999999985,0.4
3.1716594040001382,8.784025129798253e-09,2.680865823187546e-20,-1.7999999999999992,0.4
3.1852063620001445,8.78402511094316e-09,2.6808658116786075e-20,-1.7999999999999992,0.4
3.1988510480000514,8.784025111305727e-09,2.6808658118999164e-20,-1.7999999999999992,0.4
3.2123766540000815,8.784025111633e-09,2.6808658120996862e-20,-1.7999999999999992,0.4
3.2386183529999926,8.78402511190075e-09,2.6808658122631197e-20,-1.7999999999999992,0.4
3.2529071159999603,8.784025112119676e-09,2.6808658123967522e-20,-1.7999999999999992,0.4
3.267117680999945,8.78402511229872e-09,2.6808658125060415e-20,-1.7999999999999992,0.4
3.2821924889999536,8.784025112445163e-09,2.6808658125954323e-20,-1.7999999999999992,0.4
3.2948896660000173,8.784025112565012e-09,2.6808658126685876e-20,-1.7999999999999992,0.4
3.3169318689999727,8.784025112662988e-09,2.6808658127283907e-20,-1.7999999999999992,0.4
3.331672593000121,8.784025112743137e-09,2.6808658127773154e-20,-1.7999999999999992,0.4
3.3446215480000774,8.784025112808706e-09,2.68086581281734e-20,-1.7999999999999992,0.4
3.3571353510001245,8.784025112862348e-09,2.6808658128500806e-20,-1.7999999999999992,0.4
3.3699752800000624,8.784025112906174e-09,2.6808658128768324e-20,-1.7999999999999992,0.4
3.392439424000031,8.784025112942089e-09,2.6808658128987543e-20,-1.7999999999999992,0.4
3.406422758999952,8.784025112971506e-09,2.6808658129167112e-20,-1.7999999999999992,0.4
3.4192310700000235,8.78402511299559e-09,2.6808658129314102e-20,-1.7999999999999992,0.4
3.432152834000135,8.78402511301523e-09,2.6808658129433976e-20,-1.7999999999999992,0.4
3.4451118530000713,8.784025113031292e-09,2.6808658129532042e-20,-1.7999999999999992,0.4
3.4692201069999555,8.78402511304448e-09,2.680865812961253e-20,-1.7999999999999992,0.4
3.4822118930001125,8.784025113055202e-09,2.6808658129677995e-20,-1.7999999999999992,0.4
3.4953006910000113,8.784025113064022e-09,2.680865812973178e-20,-1.7999999999999992,0.4
3.5080539309999494,8.784025113071231e-09,2.6808658129775742e-20,-1.7999999999999992,0.4
3.5204150659999414,8.78402511307715e-09,2.6808658129811868e-20,-1.7999999999999992,0.4
3.5486171610000383,8.784025113081961e-09,2.6808658129841238e-20,-1.7999999999999992,0.4
3.562335899000118,8.78402511308582e-09,2.680865812986482e-20,-1.7999999999999992,0.4
3.575454511000089,8.784025113089105e-09,2.680865812988485e-20,-1.7999999999999992,0.4
3.5884035860001404,8.784025113091778e-09,2.6808658129901186e-20,-1.7999999999999992,0.4
3.60286277299997,8.784025113093964e-09,2.680865812991455e-20,-1.7999999999999992,0.4
3.6251133390001087,8.784025113095789e-09,2.6808658129925678e-20,-1.7999999999999992,0.4
3.638802956000063,8.784025113097173e-09,2.6808658129934128e-20,-1.7999999999999992,0.4
3.65149085500002,8.784025113098356e-09,2.6808658129941365e-20,-1.7999999999999992,0.4
3.6637170730000435,8.784025113099332e-09,2.680865812994734e-20,-1.7999999999999992,0.4
3.676375496999981,8.784025113100118e-09,2.680865812995214e-20,-1.7999999999999992,0.4
3.6996981150000465,8.784025113100748e-09,2.6808658129956018e-20,-1.7999999999999992,0.4
3.713537489000146,8.784025113101364e-09,2.680865812995975e-20,-1.7999999999999992,0.4
3.7259557009999753,8.784025113101812e-09,2.6808658129962494e-20,-1.7999999999999992,0.4
3.7390156240001033,8.784025113102148e-09,2.680865812996452e-20,-1.7999999999999992,0.4
3.752096197000128,8.784025113102418e-09,2.680865812996615e-20,-1.7999999999999992,0.4
3.774723485000095,8.784025113102717e-09,2.6808658129967967e-20,-1.7999999999999992,0.4
3.7887239260001024,8.784025113102886e-09,2.680865812996899e-20,-1.7999999999999992,0.4
3.8029374530001405,8.784025113103098e-09,2.6808658129970297e-20,-1.7999999999999992,0.4
3.815789936000101,8.784025113103333e-09,2.6808658129971714e-20,-1.7999999999999992,0.4
3.8324046820000603,8.784025113103498e-09,2.6808658129972722e-20,-1.7999999999999992,0.4
3.862114695999935,8.784025113103538e-09,2.680865812997297e-20,-1.7999999999999992,0.4
3.877123802000142,8.7840251131037e-09,2.6808658129973965e-20,-1.7999999999999992,0.4
3.8900579749999906,8.784025113103751e-09,2.68086581299743e-20,-1.7999999999999992,0.4
3.902164958999947,8.784025113103792e-09,2.6808658129974537e-20,-1.7999999999999992,0.4
3.9153446650000205,8.784025113103832e-09,2.680865812997478e-20,-1.7999999999999992,0.4
3.9374542949999523,8.784025113103844e-09,2.680865812997487e-20,-1.7999999999999992,0.4
3.951528633999942,8.784025113103938e-09,2.6808658129975457e-20,-1.7999999999999992,0.4
3.9647202630001175,8.784025113103915e-09,2.680865812997533e-20,-1.7999999999999992,0.4
3.9769326560001446,8.784025113103902e-09,2.6808658129975277e-20,-1.7999999999999992,0.4
3.9897473030000583,8.784025113103902e-09,2.680865812997527e-20,-1.7999999999999992,0.4
4.009856509999963,8.784025113103981e-09,2.6808658129975725e-20,-1.7999999999999992,0.4
4.022570618000145,8.784025113104103e-09,2.6808658129976454e-20,-1.7999999999999992,0.4
4.035743256999922,8.78402511310416e-09,2.6808658129976803e-20,-1.7999999999999992,0.4
4.047658880999961,8.784025113104287e-09,2.680865812997756e-20,-1.7999999999999992,0.4
4.059669255000017,8.784025113104323e-09,2.6808658129977778e-20,-1.7999999999999992,0.4
4.08662140399997,8.784025113104381e-09,2.6808658129978112e-20,-1.7999999999999992,0.4
4.099672099000145,8.784025113104424e-09,2.6808658129978385e-20,-1.7999999999999992,0.4
4.11291815200002,8.784025113104408e-09,2.680865812997828e-20,-1.7999999999999992,0.4
4.131520469999941,8.78402511310444e-09,2.6808658129978497e-20,-1.7999999999999992,0.4
4.146166454999957,8.784025113104411e-09,2.6808658129978343e-20,-1.7999999999999992,0.4
4.180157763000125,8.784025113104431e-09,2.6808658129978467e-20,-1.7999999999999992,0.4
4.194738804000053,8.784025113104477e-09,2.6808658129978753e-20,-1.7999999999999992,0.4
4.209334308000052,8.784025113104441e-09,2.6808658129978533e-20,-1.7999999999999992,0.4
4.222182545000123,8.784025113104408e-09,2.680865812997836e-20,-1.7999999999999992,0.4
4.23519179799996,8.784025113104385e-09,2.680865812997821e-20,-1.7999999999999992,0.4
4.261406517000069,8.784025113104393e-09,2.680865812997828e-20,-1.7999999999999992,0.4
4.275187058000029,8.784025113104368e-09,2.6808658129978136e-20,-1.7999999999999992,0.4
4.288797723000016,8.784025113104325e-09,2.6808658129977892e-20,-1.7999999999999992,0.4
4.3023341830000845,8.784025113104259e-09,2.6808658129977477e-20,-1.7999999999999992,0.4
4.3158326990001115,8.784025113104214e-09,2.680865812997721e-20,-1.7999999999999992,0.4
4.338012944999946,8.784025113104123e-09,2.680865812997666e-20,-1.7999999999999992,0.4
4.351755737000076,8.784025113104004e-09,2.6808658129975945e-20,-1.7999999999999992,0.4
4.366817037000146,8.784025113103865e-09,2.6808658129975102e-20,-1.7999999999999992,0.4
4.380089621000025,8.784025113103829e-09,2.6808658129974883e-20,-1.7999999999999992,0.4
4.392394408999962,8.784025113103905e-09,2.6808658129975328e-20,-1.7999999999999992,0.4
4.416039043999945,8.784025113103869e-09,2.6808658129975102e-20,-1.7999999999999992,0.4
4.433419081000011,8.784025113103854e-09,2.6808658129975006e-20,-1.7999999999999992,0.4
4.447390792000078,8.784025113103888e-09,2.680865812997524e-20,-1.7999999999999992,0.4
4.4604549969999425,8.784025113103925e-09,2.680865812997545e-20,-1.7999999999999992,0.4
4.473159158000044,8.784025113103905e-09,2.680865812997533e-20,-1.7999999999999992,0.4
4.4925665099999605,8.784025113103908e-09,2.680865812997534e-20,-1.7999999999999992,0.4
4.506055800000013,8.784025113103878e-09,2.6808658129975126e-20,-1.7999999999999992,0.4
4.519599970999934,8.784025113103869e-09,2.6808658129975066e-20,-1.7999999999999992,0.4
4.532389100000046,8.784025113103789e-09,2.6808658129974603e-20,-1.7999999999999992,0.4
4.5457144130000415,8.784025113103849e-09,2.6808658129974985e-20,-1.7999999999999992,0.4
4.5668372120001095,8.784025113103832e-09,2.6808658129974868e-20,-1.7999999999999992,0.4
4.58165084999996,8.784025113103839e-09,2.6808658129974886e-20,-1.7999999999999992,0.4
4.594936849000078,8.784025113103859e-09,2.6808658129975006e-20,-1.7999999999999992,0.4
4.608574781000016,8.784025113103845e-09,2.6808658129974925e-20,-1.7999999999999992,0.4
4.621938014000079,8.784025113103845e-09,2.680865812997491e-20,-1.7999999999999992,0.4
4.646019281000008,8.784025113103835e-09,2.680865812997485e-20,-1.7999999999999992,0.4
4.65956719299993,8.784025113103839e-09,2.6808658129974904e-20,-1.7999999999999992,0.4
4.6797445760000755,8.7840251131038e-09,2.6808658129974672e-20,-1.7999999999999992,0.4
4.694574873999954,8.784025113103812e-09,2.6808658129974747e-20,-1.7999999999999992,0.4
4.7095197290000215,8.784025113103816e-09,2.6808658129974774e-20,-1.7999999999999992,0.4
4.742815840000048,8.784025113103852e-09,2.680865812997502e-20,-1.7999999999999992,0.4
4.757548977999932,8.784025113103792e-09,2.6808658129974666e-20,-1.7999999999999992,0.4
4.770507031000079,8.784025113103809e-09,2.6808658129974738e-20,-1.7999999999999992,0.4
4.7827835860000505,8.784025113103786e-09,2.6808658129974582e-20,-1.7999999999999992,0.4
4.795818072999964,8.784025113103763e-09,2.680865812997444e-20,-1.7999999999999992,0.4
4.8198986760000935,8.784025113103766e-09,2.6808658129974482e-20,-1.7999999999999992,0.4
4.834141571000146,8.784025113103698e-09,2.6808658129974046e-20,-1.7999999999999992,0.4
4.846222915999988,8.784025113103705e-09,2.6808658129974097e-20,-1.7999999999999992,0.4
4.858218566999994,8.784025113103748e-09,2.680865812997437e-20,-1.7999999999999992,0.4
4.870626292999987,8.78402511310375e-09,2.6808658129974368e-20,-1.7999999999999992,0.4
4.89236249999999,8.784025113103819e-09,2.6808658129974783e-20,-1.7999999999999992,0.4
4.906366410000146,8.784025113103839e-09,2.6808658129974886e-20,-1.7999999999999992,0.4
4.918804176000094,8.78402511310388e-09,2.680865812997514e-20,-1.7999999999999992,0.4
4.9311752420001085,8.784025113103842e-09,2.6808658129974913e-20,-1.7999999999999992,0.4
4.944046645000071,8.784025113103887e-09,2.680865812997519e-20,-1.7999999999999992,0.4
4.9704428510001435,8.784025113103988e-09,2.6808658129975804e-20,-1.7999999999999992,0.4
4.983654545000036,8.784025113103993e-09,2.6808658129975804e-20,-1.7999999999999992,0.4
4.996837837999919,8.784025113104024e-09,2.6808658129975993e-20,-1.7999999999999992,0.4
5.009511935000091,8.784025113104019e-09,2.6808658129975966e-20,-1.7999999999999992,0.4
5.022481956000092,8.78402511310411e-09,2.6808658129976532e-20,-1.7999999999999992,0.4
5.044879460999937,8.784025113104193e-09,2.6808658129977e-20,-1.7999999999999992,0.4
5.058498194000094,8.784025113104175e-09,2.6808658129976908e-20,-1.7999999999999992,0.4
5.071436373000097,8.784025113104123e-09,2.6808658129976613e-20,-1.7999999999999992,0.4
5.0854524379999475,8.784025113104067e-09,2.680865812997625e-20,-1.7999999999999992,0.4
5.102544078999927,8.784025113104095e-09,2.6808658129976457e-20,-1.7999999999999992,0.4
5.13170217600009,8.78402511310403e-09,2.6808658129976056e-20,-1.7999999999999992,0.4
5.148636959999976,8.784025113104108e-09,2.6808658129976514e-20,-1.7999999999999992,0.4
5.162296797999943,8.784025113104102e-09,2.6808658129976463e-20,-1.7999999999999992,0.4
5.177787928000043,8.784025113104176e-09,2.680865812997692e-20,-1.7999999999999992,0.4
5.189969034000114,8.784025113104122e-09,2.6808658129976592e-20,-1.7999999999999992,0.4
5.215027009000096,8.784025113104203e-09,2.6808658129977104e-20,-1.7999999999999992,0.4
5.2285346339999705,8.78402511310423e-09,2.6808658129977263e-20,-1.7999999999999992,0.4
5.2415157340001315,8.784025113104282e-09,2.6808658129977573e-20,-1.7999999999999992,0.4
5.254578721000144,8.784025113104236e-09,2.6808658129977278e-20,-1.7999999999999992,0.4
5.267900177999991,8.784025113104332e-09,2.6808658129977835e-20,-1.7999999999999992,0.4
5.292797638000138,8.784025113104315e-09,2.6808658129977763e-20,-1.7999999999999992,0.4
5.308261726999945,8.784025113104352e-09,2.6808658129977982e-20,-1.7999999999999992,0.4
5.322124551000115,8.78402511310437e-09,2.6808658129978072e-20,-1.7999999999999992,0.4
5.335167596000019,8.784025113104368e-09,2.680865812997809e-20,-1.7999999999999992,0.4
5.348200592000012,8.784025113104424e-09,2.6808658129978464e-20,-1.7999999999999992,0.4
5.368773288000057,8.784025113104348e-09,2.680865812997798e-20,-1.7999999999999992,0.4
5.3832159339999635,8.784025113104368e-09,2.6808658129978106e-20,-1.7999999999999992,0.4
5.395979770999929,8.784025113104385e-09,2.6808658129978217e-20,-1.7999999999999992,0.4
5.408708225000055,8.784025113104438e-09,2.6808658129978533e-20,-1.7999999999999992,0.4
5.421424859000126,8.784025113104517e-09,2.6808658129979002e-20,-1.7999999999999992,0.4
5.443367730000091,8.784025113104557e-09,2.6808658129979246e-20,-1.7999999999999992,0.4
5.457751680999991,8.784025113104587e-09,2.6808658129979418e-20,-1.7999999999999992,0.4
5.470919866000031,8.784025113104678e-09,2.6808658129979968e-20,-1.7999999999999992,0.4
5.48327812399998,8.784025113104668e-09,2.6808658129979887e-20,-1.7999999999999992,0.4
5.495938155999966,8.784025113104643e-09,2.680865812997973e-20,-1.7999999999999992,0.4
5.520618387000013,8.78402511310458e-09,2.680865812997935e-20,-1.7999999999999992,0.4
5.534724824000023,8.78402511310457e-09,2.68086581299793e-20,-1.7999999999999992,0.4
5.548802753000018,8.784025113104588e-09,2.6808658129979406e-20,-1.7999999999999992,0.4
5.562418631000128,8.784025113104557e-09,2.6808658129979222e-20,-1.7999999999999992,0.4
5.575254720999965,8.784025113104598e-09,2.6808658129979463e-20,-1.7999999999999992,0.4
5.599571266000112,8.784025113104679e-09,2.6808658129979968e-20,-1.7999999999999992,0.4
5.61314030099993,8.784025113104717e-09,2.6808658129980182e-20,-1.7999999999999992,0.4
5.626216543000055,8.784025113104785e-09,2.6808658129980588e-20,-1.7999999999999992,0.4
5.63912656399998,8.784025113104795e-09,2.6808658129980642e-20,-1.7999999999999992,0.4
5.651532042000099,8.784025113104802e-09,2.6808658129980697e-20,-1.7999999999999992,0.4
5.675548252999988,8.784025113104864e-09,2.6808658129981082e-20,-1.7999999999999992,0.4
5.689824352999949,8.784025113104855e-09,2.6808658129981013e-20,-1.7999999999999992,0.4
5.702511530000038,8.784025113104927e-09,2.680865812998145e-20,-1.7999999999999992,0.4
5.714879050000036,8.784025113104904e-09,2.680865812998127e-20,-1.7999999999999992,0.4
5.7271757170001365,8.78402511310503e-09,2.6808658129982024e-20,-1.7999999999999992,0.4
5.752419648000114,8.784025113105076e-09,2.6808658129982307e-20,-1.7999999999999992,0.4
5.765449214,8.78402511310513e-09,2.6808658129982632e-20,-1.7999999999999992,0.4
5.778556539999954,8.784025113105164e-09,2.6808658129982845e-20,-1.7999999999999992,0.4
5.793754636000131,8.784025113105189e-09,2.6808658129982972e-20,-1.7999999999999992,0.4
5.8068903050000245,8.784025113105202e-09,2.6808658129983047e-20,-1.7999999999999992,0.4
5.829897914999947,8.784025113105242e-09,2.68086581299833e-20,-1.7999999999999992,0.4
5.845012324999971,8.784025113105215e-09,2.6808658129983134e-20,-1.7999999999999992,0.4
5.858638748999965,8.78402511310521e-09,2.6808658129983104e-20,-1.7999999999999992,0.4
5.871623410999973,8.784025113105166e-09,2.6808658129982857e-20,-1.7999999999999992,0.4
5.885527056000001,8.78402511310523e-09,2.680865812998324e-20,-1.7999999999999992,0.4
5.909993176999933,8.784025113105285e-09,2.6808658129983576e-20,-1.7999999999999992,0.4
5.926396635999936,8.784025113105288e-09,2.68086581299836e-20,-1.7999999999999992,0.4
5.940197431000115,8.784025113105311e-09,2.680865812998372e-20,-1.7999999999999992,0.4
5.95251126800008,8.784025113105328e-09,2.680865812998379e-20,-1.7999999999999992,0.4
5.965538309000067,8.784025113105382e-09,2.6808658129984103e-20,-1.7999999999999992,0.4
5.992746711000109,8.784025113105397e-09,2.6808658129984202e-20,-1.7999999999999992,0.4
6.008395406000091,8.784025113105417e-09,2.6808658129984314e-20,-1.7999999999999992,0.4
6.022103188000074,8.78402511310542e-09,2.6808658129984368e-20,-1.7999999999999992,0.4
6.034420362999981,8.784025113105452e-09,2.6808658129984554e-20,-1.7999999999999992,0.4
6.0472380020000855,8.784025113105447e-09,2.680865812998453e-20,-1.7999999999999992,0.4
6.070034319000115,8.784025113105506e-09,2.680865812998489e-20,-1.7999999999999992,0.4
6.085607573000061,8.784025113105533e-09,2.6808658129985048e-20,-1.7999999999999992,0.4
6.098703357999966,8.784025113105546e-09,2.680865812998511e-20,-1.7999999999999992,0.4
6.111201767000011,8.784025113105553e-09,2.6808658129985147e-20,-1.7999999999999992,0.4
6.1243048329999965,8.784025113105594e-09,2.680865812998541e-20,-1.7999999999999992,0.4
6.147808977000068,8.784025113105672e-09,2.680865812998588e-20,-1.7999999999999992,0.4
6.161353235999968,8.78402511310576e-09,2.6808658129986444e-20,-1.7999999999999992,0.4
6.175143982999998,8.784025113105807e-09,2.6808658129986724e-20,-1.7999999999999992,0.4
6.187707170000067,8.78402511310592e-09,2.6808658129987404e-20,-1.7999999999999992,0.4
6.201380534000009,8.784025113105956e-09,2.6808658129987648e-20,-1.7999999999999992,0.4
6.226728104000131,8.78402511310594e-09,2.6808658129987537e-20,-1.7999999999999992,0.4
6.24035495399994,8.784025113105884e-09,2.6808658129987206e-20,-1.7999999999999992,0.4
6.2534678869999425,8.784025113105847e-09,2.6808658129986965e-20,-1.7999999999999992,0.4
6.267267052000079,0.000190008537352641,-2.873688215410943e-07,-1.7998100002466715,0.3999997126311785
6.2827681010001015,0.0007800044787882396,-2.438093454202248e-06,-1.799220004305236,0.39999756190654584
6.3053923800000575,0.0017699863601373792,-8.388106424167498e-06,-1.7982300224238867,0.39999161189357585
6.3198752319999585,0.0031599369059377705,-2.0073295900757838e-05,-1.7968400718780864,0.39997992670409926
6.332961669000042,0.004949831813653121,-3.9429483024562755e-05,-1.795050176970371,0.3999605705169755
6.346353779000083,0.00713963534540446,-6.871289109436984e-05,-1.7928603734386197,0.39993128710890563
6.360279840999965,0.009715441289465424,-0.0001101689103664807,-1.7902845674945587,0.39988983108963355
6.378722767999989,0.01239952746939308,-0.00016062912871445774,-1.7876004813146311,0.39983937087128557
6.39334097599999,0.015083465671254596,-0.00021842690983691943,-1.7849165431127696,0.3997815730901631
6.405905733000054,0.017767235836183344,-0.00028356182177242126,-1.7822327729478409,0.3997164381782276
6.418757846000062,0.020499556817462627,-0.00035677929881528685,-1.7795004519665616,0.39964322070118474
6.431391219000034,0.02323677467929916,-0.00043633571280430293,-1.776763234104725,0.3995636642871957
6.452846659999977,0.02597380511700557,-0.0005220983458822562,-1.7740262036670187,0.3994779016541178
6.466886196000132,0.028710634058955936,-0.000614066757125836,-1.7712893747250682,0.3993859332428742
6.479978910999989,0.0314472474345603,-0.0007122404737071711,-1.7685527613494638,0.39928775952629286
6.493767209999987,0.03423618673204692,-0.0008179912344215292,-1.7657638220519773,0.39918200876557847
6.507517030000145,0.037030678517418515,-0.0009288811057313101,-1.7629693302666056,0.3990711188942687
6.528627353000047,0.039824970576101834,-0.001044694718263189,-1.7601750382079224,0.39895530528173684
6.544391099999984,0.04261905423274173,-0.001165431712454109,-1.7573809545512824,0.39883456828754593
6.558243066999921,0.04541292081263003,-0.0012910917134550737,-1.754587087971394,0.3987089082865449
6.5717922870001075,0.04826129041041348,-0.0014235555264066524,-1.7517387183736106,0.39857644447359336
6.585573119999935,0.051115676640137685,-0.0015598272100199242,-1.7488843321438865,0.3984401727899801
6.609001244999945,0.053969892564105185,-0.0016996205559426894,-1.746030116219919,0.39830037944405733
6.62400581299994,0.05682393383738868,-0.0018429353513690484,-1.7431760749466356,0.398157064648631
6.638254582999934,0.05967779611532675,-0.0019897713781337617,-1.7403222126686975,0.39801022862186625
6.6512438940001175,0.06254197015777652,-0.0021405575038465057,-1.7374580386262477,0.3978594424961535
6.665307669999947,0.06540652274811154,-0.0022946326687940766,-1.7345934860359127,0.39770536733120593
6.685766346000037,0.06827089814751945,-0.002451967568023089,-1.7317291106365047,0.39754803243197695
6.6995845890000965,0.07113509264656782,-0.0026125619977812624,-1.7288649161374563,0.39738743800221876
6.713651571000128,0.07399910253605856,-0.0027764157500950533,-1.7260009062479655,0.39722358424990495
6.726596203000099,0.07688828446434608,-0.0029447020030058326,-1.723111724319678,0.3970552979969942
6.739700770000127,0.07977901974522321,-0.0031156986707442727,-1.720220989038801,0.39688430132925573
6.761937490000037,0.0826695994086511,-0.003289306083785339,-1.7173304093753732,0.39671069391621466
6.775779806999935,0.08556002109675562,-0.0034655241005162804,-1.7144399876872685,0.39653447589948376
6.7899723600000925,0.08845028245179164,-0.0036443525771935126,-1.7115497263322326,0.3963556474228065
6.803738533000114,0.09134044508379127,-0.0038257946202395966,-1.7086595637002329,0.39617420537976045
6.817869544000132,0.09423044613616459,-0.004009845413481735,-1.7057695626478595,0.39599015458651826
6.838888198999939,0.09712027989040113,-0.004196504595111995,-1.702879728893623,0.395803495404888
6.852790116000051,0.10000994399228422,-0.004385772013067734,-1.69999006479174,0.3956142279869323
6.867499834,0.10289943608773555,-0.004577647513161586,-1.6971005726962887,0.39542235248683844
6.882211341000129,0.10580281586784869,-0.004772908667975858,-1.6941971929161754,0.39522709133202416
6.89642694500003,0.1087067830868325,-0.0049704677993204355,-1.6912932256971918,0.3950295322006796
6.918974988999935,0.11161059650318284,-0.005170274862094026,-1.6883894122808414,0.394829725137906
6.934201382000083,0.11451425437679909,-0.005372329736562688,-1.685485754407225,0.3946276702634373
6.948755590000019,0.11741775496767361,-0.005576632301645372,-1.6825822538163506,0.3944233676983547
6.962146517000065,0.12033959503424185,-0.005784274741491219,-1.6796604137497824,0.3942157252585088
6.975509837000118,0.12326228163781519,-0.005993755116055066,-1.676737727146209,0.394006244883945
7.002297679000094,0.12618484095598334,-0.006205003883679551,-1.6738151678280409,0.39379499611632046
7.018560975000128,0.1291072719187672,-0.006418020967023142,-1.670892736865257,0.39358197903297687
7.032524240999919,0.13202957345623464,-0.006632806288098702,-1.6679704353277895,0.3933671937119013
7.046533474999933,0.1349347387318582,-0.006848304078266741,-1.665065270052166,0.39315169592173327
7.060286657000006,0.13783884511010835,-0.0070659439213004984,-1.6621611636739158,0.3929340560786995
7.076792423000143,0.1407427851338905,-0.007285792268451128,-1.6592572236501337,0.3927142077315489
7.091419010999971,0.1436465571236898,-0.007507848992568106,-1.6563534516603344,0.3924921510074319
7.105485234000071,0.14655015940008864,-0.007732113965223461,-1.6534498493839356,0.3922678860347766
7.118915415999936,0.1495287207875973,-0.00796342744623827,-1.650471287996427,0.39203657255376173
7.132036533000019,0.15251900506618915,-0.008195672578054819,-1.6474810037178351,0.3918043274219452
7.153616782999961,0.15550928791475876,-0.008427936121471417,-1.6444907208692654,0.3915720638785286
7.167977000000064,0.15849956933319218,-0.008660218076479199,-1.641500439450832,0.3913397819235208
7.18374509299997,0.1614898493213759,-0.008892518443069363,-1.6385101594626483,0.39110748155693065
7.197497640999927,0.1644121357960922,-0.009120378416058809,-1.635587872987932,0.39087962158394124
7.210931184999936,0.16733070383960003,-0.009349790464587381,-1.632669304944424,0.39065020953541263
7.229393438999978,0.17024912730123357,-0.009581034515713672,-1.6297508814827906,0.39041896548428634
7.243804759000113,0.17316740503103403,-0.009814110478320232,-1.62683260375299,0.39018588952167976
7.257464595000101,0.17608553587910009,-0.010049018260566775,-1.6239144729049242,0.38995098173943327
7.271137472999953,0.1790024936787944,-0.010285687010761891,-1.6209975151052298,0.38971431298923814
7.284723261999943,0.18191924621495756,-0.01052420966433911,-1.6180807625690665,0.38947579033566093
7.30802347000008,0.18483584619781812,-0.010764590515202252,-1.615164162586206,0.3892354094847978
7.323113661999969,0.18775229244356048,-0.011006829465783815,-1.6122477163404638,0.3889931705342162
7.336972833000118,0.19066858376843168,-0.01125092641776117,-1.6093314250155926,0.38874907358223887
7.350178591000031,0.19360386010620986,-0.01149826226253719,-1.6063961486778142,0.3885017377374628
7.36335374600003,0.19654003924654775,-0.011747040610741487,-1.6034599695374765,0.3882529593892585
7.3837499159999425,0.19947610315383202,-0.011997175260547822,-1.600523905630192,0.3880028247394522
7.398474198000031,0.20241205120154984,-0.012248666158580902,-1.5975879575824743,0.38775133384141913
7.411711000999958,0.20534788276321292,-0.012501513251175293,-1.5946521260208113,0.38749848674882476
7.424690933999955,0.20831572399134654,-0.012758093000030654,-1.5916842847926778,0.38724190699996935
7.438743891000058,0.21128598249267272,-0.01301536557646819,-1.5887140262913515,0.3869846344235318
7.459772691000126,0.21425619943766352,-0.013273117478454258,-1.5857438093463607,0.38672688252154575
7.476012523999998,0.21722637474896803,-0.013531348699273995,-1.5827736340350562,0.38646865130072605
7.49135633700007,0.22019650834923576,-0.013790059232201366,-1.5798035004347883,0.38620994076779863
7.506049585000028,0.2231786723862456,-0.014050152849670362,-1.5768213363977786,0.38594984715032965
7.520581580999988,0.22616145783257974,-0.014310454172782957,-1.5738385509514445,0.38568954582721704
7.540451399999938,0.22914423001431672,-0.01457090744984746,-1.5708557787697075,0.38542909255015256
7.555033330000015,0.2321269889237151,-0.014831512680186253,-1.567873019860309,0.3851684873198138
7.568240560000049,0.23510973455303463,-0.015092269863126749,-1.5648902742309896,0.3849077301368733
7.58223325300014,0.23809409996615238,-0.015353301577329179,-1.5619059088178717,0.38464669842267085
7.598410958999921,0.24107854183249755,-0.01561444830986269,-1.5589214669515266,0.38438555169013733
7.620609042000069,0.24406297429437793,-0.01587570249640408,-1.5559370344896464,0.38412429750359595
7.63549717900014,0.2470473973479228,-0.01613706413662079,-1.5529526114361014,0.3838629358633792
7.6493660559999626,0.25003181098926397,-0.01639853323017816,-1.5499681977947604,0.3836014667698219
7.663287293999929,0.25301207290859684,-0.016659798057383032,-1.5469879358754275,0.383340201942617
7.678628564000064,0.255992097745252,-0.016921263878341215,-1.544007911038772,0.3830787361216588
7.70205248000002,0.25897210325191405,-0.017182949917083017,-1.54102790553211,0.382817050082917
7.716793449000079,0.26195208941230985,-0.017444856172174762,-1.5380479193717145,0.38255514382782524
7.730723284000078,0.2649320562101653,-0.01770698264219176,-1.5350679525738589,0.38229301735780824
7.744864088999975,0.26786006833718384,-0.017963926804364136,-1.5321399404468403,0.3820360731956359
7.758401126000081,0.2707854838028106,-0.018219022871169603,-1.5292145249812137,0.3817809771288304
7.782575854000015,0.27371103917677836,-0.01847250936721248,-1.526288969607246,0.38152749063278757
7.798527811999975,0.2766367335734974,-0.018724386215759687,-1.5233632752105268,0.38127561378424035
7.8127724230000695,0.27956256610733593,-0.018974653340566673,-1.5204374426766882,0.38102534665943333
7.826453584000092,0.2825169900144193,-0.019226085220299245,-1.517483018769605,0.3807739147797008
7.841023262000135,0.28547354322184276,-0.019476850280283616,-1.5145264655621815,0.3805231497197164
7.867371006999974,0.28843016766177193,-0.019726774078366354,-1.5115698411222522,0.38027322592163365
7.882880419000003,0.2913868630948327,-0.01997585659431506,-1.5086131456891916,0.38002414340568497
7.896395748000032,0.29434362928164565,-0.02022409780796334,-1.5056563795023785,0.37977590219203666
7.909962861999929,0.29732162280630825,-0.02047353175956739,-1.502678385977716,0.3795264682404326
7.923148698999967,0.3003008846546976,-0.020722802724363998,-1.4996991241293265,0.379277197275636
7.943485209000073,0.30328016880376685,-0.020971807010000346,-1.4967198399802575,0.3790281929899997
7.956909472999996,0.3062594752296442,-0.02122054461448147,-1.49374053355438,0.37877945538551855
7.969975804000114,0.30923880390845976,-0.021469015535816094,-1.4907612048755645,0.37853098446418393
7.98298054299994,0.31221069886736563,-0.021716506396010055,-1.4877893099166586,0.37828349360398994
7.995508593000068,0.31518224000755324,-0.021963495754736304,-1.484817768776471,0.3780365042452637
8.01919034499997,0.3181538200945696,-0.022210016093853802,-1.4818461886894547,0.3777899839061462
8.034341480999956,0.3211254390543862,-0.02245606740722138,-1.478874569729638,0.37754393259277863
8.049402137000016,0.3240970968129731,-0.022701649688710752,-1.4759029119710512,0.3772983503112893
8.061966580999979,0.32708479604475865,-0.02294828191231524,-1.4729152127392655,0.3770517180876848
8.07553134800014,0.3300733411879841,-0.02319494971820605,-1.46992666759604,0.37680505028179395
8.102405364000106,0.3330618890939667,-0.023441584049161628,-1.4669381196900575,0.3765584159508384
8.128259114999992,0.33605043976233173,-0.023688184905151007,-1.4639495690216924,0.376311815094849
8.14571770800012,0.33903899319270403,-0.023934752286143262,-1.4609610155913202,0.37606524771385674
8.161703558,0.34200424785455713,-0.02417907647558881,-1.4579957609294671,0.3758209235244112
8.177859683999941,0.34496832962218466,-0.024422634114303062,-1.4550316791618396,0.37557736588569696
8.207306093999932,0.34793246604577616,-0.02466552567632048,-1.4520675427382481,0.37533447432367956
8.227502434000144,0.350896656975653,-0.024907751149377055,-1.4491033518083714,0.375092248850623
8.245211139000048,0.35386090226213385,-0.02514931052124196,-1.4461391065218905,0.37485068947875805
8.260249592000037,0.3567985092873404,-0.025387708611537357,-1.4432014994966837,0.37461229138846264
8.276327606999985,0.35973482149765307,-0.025624615280925772,-1.4402651872863712,0.3743753847190743
8.291732261000107,0.36268530660526993,-0.02586135599153433,-1.4373147021787542,0.3741386440084657
8.308151108999937,0.36565445695019644,-0.026098914088363456,-1.4343455518338277,0.37390108591163657
8.323039265000034,0.3686236512239687,-0.026335922494846578,-1.4313763575600555,0.37366407750515346
8.336581116999923,0.3715928893248206,-0.02657238120286002,-1.4284071194592036,0.37342761879714
8.350960548000103,0.37456217115098395,-0.026808290204301536,-1.4254378376330403,0.3731917097956985
8.36866661199997,0.37753149660068963,-0.02704364949108577,-1.4224685121833347,0.37295635050891424
8.38280956199992,0.38050086557216706,-0.027278459055141566,-1.419499143211857,0.37272154094485843
8.396061906000114,0.38347027796364364,-0.027512718888426706,-1.4165297308203806,0.3724872811115733
8.409273811000048,0.3864126871733577,-0.027743969609160073,-1.4135873216106665,0.37225603039083993
8.42315441300002,0.3893537712399195,-0.027973835881103096,-1.4106462375441047,0.37202616411889694
8.442496304000088,0.3922949545335834,-0.028202429018871666,-1.4077050542504408,0.37179757098112837
8.457044176999943,0.3952362365032356,-0.02842974897963227,-1.4047637722807886,0.3715702510203678
8.47031521200006,0.3981776165977446,-0.028655795720790918,-1.4018223921862796,0.3713442042792091
8.483690342000045,0.40114040674014373,-0.028883097430826357,-1.3988596020438804,0.3711169025691737
8.497145533000094,0.40410441108071793,-0.029111193343363467,-1.3958955977033063,0.37088880665663654
8.519814293000081,0.40706836150565356,-0.029339988786461074,-1.3929316472783706,0.370660011213539
8.533469128999968,0.4100322578498554,-0.029569483747374486,-1.3899677509341688,0.3704305162526255
8.546312335000039,0.4129960999482314,-0.029799678213321718,-1.3870039088357928,0.3702003217866783
8.559700729000042,0.4159720062900137,-0.030031027884789424,-1.3840280024940106,0.3699689721152106
8.57241782899996,0.41894857737731667,-0.03026205490989684,-1.3810514314067075,0.36973794509010316
8.59294373900002,0.42192517742708285,-0.030492708476593824,-1.3780748313569413,0.3695072915234062
8.607058151000047,0.4249018063924561,-0.03072298858124856,-1.375098202391568,0.36927701141875147
8.62005490699994,0.4278784642265793,-0.030952895220236074,-1.3721215445574448,0.36904710477976393
8.633723379999992,0.4308211710971138,-0.031179392862192765,-1.3691788376869103,0.36882060713780723
8.647069534000138,0.433762186368753,-0.03140446928343776,-1.3662378224152711,0.36859553071656226
8.672520575000135,0.4367032996435491,-0.03162826143752924,-1.363296709140475,0.3683717385624708
8.68659791899995,0.43964451036069513,-0.031850769281795144,-1.360355498423329,0.3681492307182049
8.700434370000039,0.4425858179593655,-0.03207199277380769,-1.3574141908246586,0.36792800722619234
8.713924324000118,0.4455522970920512,-0.03229466877772522,-1.354447711691973,0.3677053312222748
8.72788742900002,0.4485204162170069,-0.03251807289583657,-1.3514795925670173,0.36748192710416344
8.74855939500003,0.4514884898092351,-0.032742081134601496,-1.3485115189747892,0.36725791886539855
8.763415084000144,0.4544565177457752,-0.03296669348473984,-1.3455434910382489,0.36703330651526017
8.776823983999975,0.45742449990366824,-0.03319190993694711,-1.342575508880356,0.3668080900630529
8.791152827000133,0.4603635769585069,-0.03341463896794789,-1.3396364318255174,0.36658536103205214
8.805441885999926,0.46330123525681194,-0.03363587940223709,-1.3366987735272122,0.3663641205977629
8.826739221000025,0.466238996816693,-0.03385574441685085,-1.333761011967331,0.36614425558314917
8.841477685999962,0.4691768609941747,-0.034074233963592354,-1.3308231477898496,0.3659257660364077
8.855470201000117,0.4721148271452594,-0.03429134799456787,-1.327885181638765,0.3657086520054321
8.869340338000029,0.4750599903440168,-0.03450769422351875,-1.3249400184400075,0.3654923057764813
8.883699673000137,0.4780056143549398,-0.034722879998580036,-1.3219943944290844,0.36527712000142
8.906187427000077,0.480951324895636,-0.034936877993772215,-1.3190486838883881,0.3650631220062278
8.921274108000034,0.48389712148715036,-0.035149688174302,-1.3161028872968739,0.36485031182569805
8.936661909000122,0.48684300365051425,-0.035361310505566096,-1.31315700513351,0.3646386894944339
8.950267397000061,0.48974900953183587,-0.035568409082850645,-1.3102509992521885,0.3644315909171494
8.96526471900006,0.4926530686122827,-0.03577312497109213,-1.3073469401717415,0.3642268750289079
8.987400322999974,0.4955572842667005,-0.03597560748949614,-1.3044427245173238,0.3640243925105039
9.001588606000041,0.4984616547775139,-0.0361758565183136,-1.3015383540065102,0.3638241434816864
9.014725924000004,0.5013661784270558,-0.0363738719391154,-1.2986338303569684,0.3636261280608846
9.028136424999957,0.5042542999406814,-0.03656833995453905,-1.2957457088433428,0.36343166004546096
9.042821523999919,0.5071417272343001,-0.036760091606472506,-1.2928582815497243,0.3632399083935275
9.066900442000133,0.5100293298136996,-0.03694918527478927,-1.2899706789703247,0.3630508147252107
9.081933154000126,0.5129171052321088,-0.03713562079926272,-1.2870829035519153,0.36286437920073733
9.09606286899998,0.5158050510426089,-0.03731939802192011,-1.2841949577414153,0.36268060197807994
9.110035374000063,0.518722647464396,-0.037502728591828176,-1.2812773613196282,0.36249727140817184
9.123609965000014,0.5216425311372631,-0.03768431051623351,-1.278357477646761,0.3623156894837665
9.14566316000014,0.5245625314049055,-0.037864007748587,-1.2754374773791186,0.362135992251413
9.160789569000144,0.5274826470508143,-0.03804182021402566,-1.27251736173321,0.36195817978597433
9.173918639000021,0.5304028768584328,-0.038217747838470255,-1.2695971319255914,0.36178225216152976
9.190473287000032,0.5332918314519357,-0.03838954509439744,-1.2667081773320885,0.36161045490560256
9.20811757399997,0.5361792916944211,-0.038558551831920966,-1.2638207170896032,0.36144144816807905
9.23821278000014,0.5390669082826225,-0.038724865898693374,-1.2609331005014017,0.3612751341013066
9.255461103000016,0.5419546787055186,-0.03888848715009051,-1.2580453300785055,0.3611115128499095
9.273839860999942,0.5448426004519543,-0.03904941544383025,-1.25515740833207,0.3609505845561698
9.287991573999989,0.5477723875423559,-0.0392104600027993,-1.2522276212416683,0.3607895399972007
9.300701216000107,0.5507061034258445,-0.0393701404078204,-1.2492939053581797,0.36062985959217964
9.316363868000053,0.5536399046074448,-0.03952824589039607,-1.2463601041765795,0.36047175410960397
9.329625301000078,0.556573790241683,-0.03968477640496431,-1.2434262185423413,0.3603152235950357
9.343132861999948,0.5595077594830606,-0.039839731906413545,-1.2404922493009636,0.3601602680935865
9.356680103000144,0.5624651789960506,-0.03999462251856348,-1.2375348297879736,0.3600053774814366
9.370173151000017,0.5654241365861151,-0.040148640746216775,-1.234575872197909,0.35985135925378325
9.39041156899998,0.5683831434612028,-0.040301709186572984,-1.2316168653228214,0.359698290813427
9.404395595000096,0.5713421993164447,-0.04045382782385995,-1.2286578094675795,0.35954617217614004
9.417385760000116,0.5743013038469654,-0.04060499664240596,-1.225698704937059,0.35939500335759406
9.430685862000018,0.5772586757992829,-0.0407551034537639,-1.2227413329847412,0.35924489654623615
9.444556298999942,0.5802160044128423,-0.04090420816165075,-1.2197840043711818,0.3590957918383493
9.463749130999986,0.5831733831456611,-0.04105231546451205,-1.216826625638363,0.358947684535488
9.479525089999925,0.5861308116613496,-0.041199425345498815,-1.2138691971226745,0.3588005746545012
9.494026549999944,0.5890882896235112,-0.041345537787879916,-1.210911719160513,0.3586544622121201
9.508128744000032,0.5919883164864552,-0.041487143319867865,-1.208011692297569,0.35851285668013216
9.521668065000085,0.5948854361550484,-0.04162610221593841,-1.2051145726289758,0.3583738977840616
9.542099839000002,0.597782674634009,-0.04176256153213935,-1.2022173341500153,0.35823743846786066
9.556778321000138,0.6006800297667468,-0.04189652116689673,-1.1993199790172775,0.3581034788331033
9.570483073000105,0.6035774993965858,-0.04202798102049592,-1.1964225093874385,0.3579720189795041
9.58463497799994,0.606487713049388,-0.04215765480642766,-1.1935122957346362,0.3578423451935724
9.598425276999933,0.6093986880087721,-0.042285182563938095,-1.1906013207752522,0.3577148174360619
9.618269354999939,0.6123097574632641,-0.042410534764635875,-1.1876902513207601,0.35758946523536417
9.632572151999966,0.6152209197869324,-0.042533711338508,-1.1847790889970917,0.357466288661492
9.646407740000086,0.6181321733537931,-0.042654712216755944,-1.1818678354302312,0.3573452877832441
9.65933684100014,0.6211176476487381,-0.04277756450977192,-1.178882361135286,0.3572224354902281
9.673917289999963,0.6241145242911854,-0.04290086802435694,-1.1758854844928388,0.3570991319756431
9.69613729599996,0.6271114015617664,-0.04302415627127769,-1.1728886072222577,0.3569758437287223
9.710279806000017,0.6301082794604034,-0.043147429250531014,-1.1698917293236208,0.356852570749469
9.723602408000033,0.6331051579870187,-0.043270686962113704,-1.1668948507970054,0.3567293130378863
9.737361958000065,0.6360655695042886,-0.043391984239406226,-1.1639344392797355,0.3566080157605938
9.750196861999939,0.6390241014924477,-0.043512203118114434,-1.1609759072915766,0.3564877968818856
9.76874457000008,0.6419826739729491,-0.04363142132719514,-1.1580173348110752,0.35636857867280486
9.783143398999982,0.6449412866073349,-0.043749638853009296,-1.1550587221766895,0.3562503611469907
9.796719121000024,0.6478999390571424,-0.043866855682034335,-1.152100069726882,0.35613314431796567
9.809722458000124,0.6508605451520042,-0.043984028331117184,-1.14913946363202,0.3560159716688828
9.822561250000035,0.6538212162151203,-0.044102151301654825,-1.1461787925689038,0.3558978486983452
9.843832231000079,0.6567818492753036,-0.04422122297373161,-1.1432181595087205,0.3557787770262684
9.857904684000005,0.6597424440285571,-0.044341243335121835,-1.1402575647554671,0.3556587566648782
9.870311319999928,0.6627030001708882,-0.04446221237350227,-1.137297008613136,0.35553778762649774
9.883954205999999,0.6656390862944774,-0.04458197714451015,-1.1343609224895468,0.35541802285548985
9.896933316000059,0.6685739486467325,-0.04470009587399584,-1.1314260601372919,0.3552999041260042
9.918063471000096,0.6715088748136279,-0.044816618214432884,-1.1284911339703965,0.35518338178556713
9.933645152000054,0.6744438639268224,-0.04493154413134603,-1.1255561448572018,0.355068455868654
9.947854141000107,0.6773789151179577,-0.045044873590732414,-1.1226210936660665,0.35495512640926763
9.961309459999939,0.6803642748210488,-0.04515916993809678,-1.1196357339629754,0.35484083006190326
9.975101548000112,0.6833549862706363,-0.04527348513453249,-1.116645022513388,0.3547265148654675
9.997635296999988,0.6863457047532959,-0.045387616183364975,-1.1136543040307283,0.35461238381663507
10.012922920999927,0.6893364302576891,-0.04550156308416036,-1.110663578526335,0.35449843691583965
10.025722448000124,0.6923271627724773,-0.04561532583648693,-1.107672846011547,0.3543846741635131
10.039923605000013,0.6952716386215877,-0.04572658578335337,-1.1047283701624364,0.35427341421664665
10.054448216000083,0.6982137318427037,-0.045836330370157004,-1.1017862769413205,0.354163669629843
10.074389743999973,0.7011558778491963,-0.04594465060164256,-1.098844130934828,0.3540553493983575
10.089519441999983,0.7040980759514924,-0.04605154645242091,-1.0959019328325317,0.3539484535475791
10.102960164000024,0.7070403254600071,-0.04615701789743811,-1.0929596833240172,0.35384298210256193
10.117178908000142,0.7100228316341844,-0.046262998298046136,-1.0899771771498399,0.3537370017019539
10.131298475999984,0.7130089200362142,-0.046368792827594846,-1.08699108874781,0.35363120717240515
10.15450316800002,0.7159950194595387,-0.04647427581788355,-1.0840049893244856,0.3535257241821165
10.169392738999932,0.7189811298716549,-0.04657944726776439,-1.0810188789123694,0.3534205527322356
10.183441615999982,0.72196725124006,-0.04668430717609593,-1.0780327575439643,0.35331569282390407
10.197562354999945,0.7249502081266699,-0.046788705295186916,-1.0750498006573543,0.3532112947048131
10.21137656399992,0.7279330117033207,-0.04689269996743306,-1.0720669970807035,0.35310730003256696
10.234022632999995,0.7309158291189495,-0.04699629694498586,-1.0690841796650747,0.35300370305501416
10.249518792000117,0.733898660320532,-0.04709949622600128,-1.0661013484634922,0.35290050377399873
10.262645051999925,0.7368815052550434,-0.04720229780864766,-1.063118503528981,0.35279770219135237
10.276348197000061,0.7398477999321689,-0.04730393044466116,-1.0601522088518553,0.35269606955533883
10.291654308000034,0.7428132512361116,-0.047404689708561785,-1.0571867575479126,0.35259531029143826
10.313147036000146,0.7457787310951205,-0.0475046050283643,-1.0542212776889037,0.35249539497163573
10.327995006000037,0.7487442392690153,-0.04760367639597644,-1.0512557695150089,0.35239632360402356
10.341522955000073,0.7517097755176144,-0.04770190380337425,-1.04829023326641,0.3522980961966258
10.354754129999947,0.7546803146525546,-0.0478001532110139,-1.0453196941314697,0.35219984678898614
10.367509719000054,0.7576510933474849,-0.04789911927453524,-1.0423489154365393,0.3521008807254648
10.388770097000133,0.760621848307793,-0.04799879525852011,-1.039378160476231,0.3520012047414799
10.402893281999923,0.7635925793638311,-0.048099181157278154,-1.0364074294201933,0.35190081884272184
10.416087280000056,0.7665632863459526,-0.04820027696507632,-1.0334367224380716,0.3517997230349237
10.428875797000046,0.7695226541585201,-0.048300917600615806,-1.0304773546255042,0.3516990823993842
10.44294733300012,0.7724814592673667,-0.048400526627531686,-1.0275185495166577,0.35159947337246833
10.464409413000112,0.7754402983182804,-0.04849912227230181,-1.0245597104657438,0.3515008777276982
10.479107309000028,0.7783991709641812,-0.04859670452336142,-1.0216008378198431,0.3514032954766386
10.494707718999962,0.781358076857984,-0.048693273369262456,-1.0186419319260402,0.3513067266307376
10.516719145000025,0.7842667176861239,-0.04878660203303404,-1.0157332910979004,0.351213397966966
10.532630373000075,0.7871727840227583,-0.04887751644617549,-1.012827224761266,0.3511224835538245
10.561983100000134,0.7900789223177047,-0.048966100835785335,-1.0099210864663195,0.3510338991642147
10.578573507000101,0.7929851307027989,-0.04905235514491904,-1.0070148780812254,0.350947644855081
10.59213610400002,0.7958914073098317,-0.04913627931812916,-1.0041086014741927,0.3508637206818709
10.607908488000021,0.7988607569437833,-0.04922047033163928,-1.0011392518402409,0.35077952966836073
10.621514379000018,0.8018383824552059,-0.04930434704114924,-0.9981616263288183,0.3506956529588508
10.644302530999994,0.8048160233225193,-0.0493876768316068,-0.9951839854615049,0.3506123231683932
10.658632377999993,0.8077936794452677,-0.049470459700197415,-0.9922063293387565,0.3505295402998026
10.671929921000128,0.8107713507229947,-0.04955269564413041,-0.9892286580610296,0.3504473043558696
10.68500274500002,0.8137465406718388,-0.04963484016027522,-0.9862534681121854,0.3503651598397248
10.697494731000006,0.8167215830198793,-0.04971759346383658,-0.9832784257641449,0.35028240653616344
10.72259036000014,0.8196966082303674,-0.04980096059671511,-0.9803034005536568,0.3501990394032849
10.736580139000125,0.8226716161766541,-0.049884941555358754,-0.9773283926073701,0.35011505844464125
10.750062902000082,0.8256466067320908,-0.04996953633619287,-0.9743534020519334,0.35003046366380713
10.763490838000052,0.8286066423926509,-0.05005449915642021,-0.9713933663913733,0.3499455008435798
10.776558636000118,0.8315658628880497,-0.05014045289116281,-0.9684341458959745,0.3498595471088372
10.798940168999934,0.834525053761522,-0.05022742046709005,-0.9654749550225022,0.34977257953290997
10.812769219000074,0.8374842146657218,-0.05031540187399349,-0.9625157941183025,0.34968459812600655
10.8257620710001,0.840443345253306,-0.05040439710154566,-0.9595566635307182,0.34959560289845437
10.838411711999925,0.8433935726419103,-0.05049424403162437,-0.9566064361421139,0.34950575596837563
10.850916152000082,0.8463432949209244,-0.05058532592002984,-0.9536567138630998,0.3494146740799702
10.875458055000081,0.8492929783570949,-0.05067765717200333,-0.9507070304269293,0.3493223428279967
10.891181452999945,0.8522426224212499,-0.05077123777097997,-0.9477573863627743,0.34922876222902005
10.905527781000046,0.8551922265842247,-0.05086606770017144,-0.9448077821997996,0.3491339322998286
10.919473549000031,0.858163234298294,-0.05096197244630663,-0.9418367744857302,0.3490380275536934
10.932471116999977,0.8611355326304285,-0.05105724642473928,-0.9388644761535957,0.3489427535752607
10.952933641000072,0.8641078524990669,-0.051151846132308235,-0.9358921562849574,0.3488481538676918
10.96752339800014,0.8670801937512499,-0.05124577156414725,-0.9329198150327743,0.3487542284358528
10.98066932200004,0.8700525562340173,-0.0513390227154223,-0.9299474525500069,0.34866097728457773
10.99389060700014,0.8730301576033839,-0.051432308060669896,-0.9269698511806403,0.3485676919393301
11.008268808000139,0.8760080177834334,-0.05152613375637553,-0.9239919910005908,0.3484738662436245
11.0304449140001,0.8789858611142565,-0.05162049269963315,-0.9210141476697677,0.3483795073003669
11.045220616000051,0.8819636875003635,-0.05171538488741728,-0.9180363212836608,0.34828461511258274
11.058104877999995,0.8849414968462664,-0.05181081031668528,-0.9150585119377578,0.34818918968331475
11.071085556000071,0.8878572536525629,-0.05190355305005187,-0.9121427551314614,0.3480964469499481
11.084617112999922,0.8907698115440926,-0.05199402240452189,-0.9092301972399316,0.34800597759547813
11.106916678000061,0.8936824360849989,-0.052082319965820155,-0.9063175726990254,0.3479176800341799
11.121520545000067,0.8965951256558495,-0.052168445684853376,-0.9034048831281747,0.3478315543151467
11.135040015999948,0.8995078786371778,-0.052252399513734116,-0.9004921301468464,0.3477476004862659
11.1493589480001,0.9024283296504609,-0.05233448762192634,-0.8975716791335633,0.3476655123780737
11.162544126000057,0.9053492375364788,-0.052414612560531836,-0.8946507712475454,0.3475853874394682
11.188793674999943,0.9082701989150138,-0.05249276311709643,-0.8917298098690104,0.3475072368829036
11.203112274999967,0.9111912124514876,-0.052568939255912855,-0.8888087963325366,0.34743106074408714
11.215995768000084,0.9141122768112961,-0.052643140942177376,-0.8858877319727281,0.34735685905782265
11.229469535000135,0.9170323086713166,-0.052715328385250726,-0.8829677001127076,0.3472846716147493
11.243692994999947,0.9199523323871295,-0.05278551184781327,-0.8800476763968947,0.34721448815218675
11.273770645000013,0.9228724035493475,-0.05285369268757139,-0.8771276052346767,0.3471463073124286
11.293511007999996,0.9257925207845233,-0.052919870872455366,-0.8742074879995009,0.34708012912754466
11.308852561000094,0.9287126827191892,-0.0529840463713391,-0.871287326064835,0.34701595362866094
11.32495515100004,0.9316838802673459,-0.0530479610252011,-0.8683161285166783,0.3469520389747989
11.339820982999981,0.9346605628200559,-0.053111407987788586,-0.8653394459639683,0.34688859201221145
11.365701156000114,0.9376372577653378,-0.053174270849674125,-0.8623627510186864,0.3468257291503259
11.382452208000132,0.9406139649885759,-0.053236549608436975,-0.8593860437954484,0.34676345039156303
11.395907030999979,0.9435906843751548,-0.053298244261680165,-0.8564093244088694,0.34670175573831985
11.408575841000129,0.9465472961599576,-0.05335971025160648,-0.8534527126240666,0.34664028974839356
11.421264628000017,0.9495028263570919,-0.05342227441334015,-0.8504971824269323,0.3465777255866599
11.438828267999952,0.9524583325877001,-0.053485960686120146,-0.8475416761963241,0.34651403931387986
11.45315358300013,0.9554138144257566,-0.053550769060764405,-0.8445861943582677,0.34644923093923563
11.466193492999992,0.9583692714452383,-0.05361669952793238,-0.8416307373387859,0.34638330047206767
11.480095475000098,0.9613021648378395,-0.0536819628959252,-0.8386978439461847,0.3463180371040748
11.493641774000025,0.9642339081076655,-0.05374548626690002,-0.8357661006763587,0.3462545137331
11.523015893000093,0.9671656880737396,-0.05380729281489534,-0.8328343207102846,0.3461927071851047
11.54047914900002,0.9700975037306904,-0.05386738251871488,-0.8299025050533338,0.34613261748128515
11.555445443000053,0.973029354073138,-0.05392575535775318,-0.8269706547108863,0.34607424464224684
11.570884084999989,0.9760175457423279,-0.05398434377112641,-0.8239824630416963,0.3460156562288736
11.587697466000009,0.9790123174624171,-0.05404317952682685,-0.8209876913216071,0.34595682047317317
11.612335833000088,0.982007086808796,-0.05410213598182848,-0.8179929219752282,0.3458978640181715
11.627497493999954,0.9850018537765997,-0.05416121313603403,-0.8149981550074246,0.34583878686396596
11.642256266999993,0.9879966183609632,-0.05422041098935926,-0.812003390423061,0.34577958901064076
11.655898506000085,0.9909837431668171,-0.05427967219364281,-0.8090162656172071,0.3457203278063572
11.669573868000043,0.9939704595734099,-0.05433925364839777,-0.8060295492106143,0.34566074635160227
11.690863218999993,0.996957169409503,-0.05439916356532659,-0.8030428393745213,0.34560083643467343
11.70496974799994,0.999943872638974,-0.054459401943708116,-0.8000561361450502,0.3455405980562919
11.718428245000041,1.0029305692256993,-0.05451996878281316,-0.7970694395583249,0.34548003121718684
11.731922760000089,1.0059074404126045,-0.05458078421249731,-0.7940925683714197,0.34541921578750273
11.745666921000065,1.0088837827678159,-0.05464218271739873,-0.7911162260162083,0.3453578172826013
11.76823970800001,1.0118601128120097,-0.05470417513515451,-0.7881398959720145,0.3452958248648455
11.785513393999963,1.0148364304266726,-0.05476676146329581,-0.7851635783573516,0.34523323853670423
11.799255178000067,1.017812735493295,-0.054829941699332634,-0.7821872732907291,0.3451700583006674
11.813338784000052,1.0207784824763557,-0.0548928266001505,-0.7792215263076685,0.34510717339984953
11.827843918000099,1.0237436921285243,-0.05495482407938443,-0.7762563166554999,0.34504517592061557
11.851240965999978,1.026708919995919,-0.05501594415116942,-0.7732910887881053,0.34498405584883063
11.86537910900006,1.0296741658189137,-0.05507618681015416,-0.7703258429651105,0.3449238131898459
11.879559487000051,1.0326394293378809,-0.05513555205106304,-0.7673605794461433,0.344864447948937
11.89425471300001,1.0355577391265347,-0.05519254946839598,-0.7644422696574895,0.34480745053160405
11.90746705100014,1.0384736166447526,-0.05524738651946108,-0.7615263921392716,0.3447526134805389
11.931420811999942,1.0413895331320124,-0.05530011073348905,-0.7586104756520118,0.34469988926651096
11.946068031000095,1.044305487057358,-0.055350722082797996,-0.7556945217266662,0.344649277917202
11.95919974200001,1.0472214768898143,-0.055399220540814524,-0.75277853189421,0.3446007794591855
11.972340669999994,1.050195627498576,-0.055447718105138315,-0.7498043812854482,0.3445522818948617
11.986542426000142,1.0531768076400856,-0.05549680250856406,-0.7468232011439386,0.344503197491436
12.009890730000052,1.056157979909575,-0.055546362718478785,-0.7438420288744492,0.34445363728152123
12.026286023000011,1.0591391442311062,-0.055596398733623494,-0.740860864552918,0.34440360126637654
12.039559372999975,1.062120300528739,-0.055646910552719024,-0.7378797082552853,0.344353089447281
12.052877367000065,1.0650763486068682,-0.05569673745795013,-0.734923660177156,0.3443032625420499
12.067335506000063,1.068031094075381,-0.055745395277207746,-0.7319689147086432,0.3442546047227923
12.087134590999995,1.0709858582355811,-0.05579290448340449,-0.7290141505484431,0.34420709551659556
12.103066334000005,1.0739406406409615,-0.05583926506936044,-0.7260593681430627,0.3441607349306396
12.119307214999935,1.0768954408450133,-0.05588447702807042,-0.7231045679390109,0.3441155229719296
12.133683660000088,1.079866294063959,-0.055928975599925775,-0.7201337147200653,0.34407102440007425
12.147135401000014,1.0828380021267965,-0.055972766029505884,-0.7171620066572277,0.3440272339704941
12.162144672000068,1.0858097207171558,-0.05601583611387585,-0.7141902880668685,0.3439841638861242
12.17581446600002,1.0887814496604251,-0.05605818585050545,-0.7112185591235991,0.3439418141494946
12.19017202200007,1.0917531887819911,-0.0560998152369062,-0.7082468200020331,0.3439001847630938
12.20372055300004,1.0947425258059649,-0.05614140393150615,-0.7052574829780593,0.3438585960684939
12.21837452900013,1.0977327854262386,-0.05618324910824055,-0.7022672233577856,0.34381675089175945
12.240364669999963,1.100723041610237,-0.05622533912505931,-0.6992769671737873,0.3437746608749407
12.254788750999978,1.1037132943379124,-0.05626767398167939,-0.6962867144461118,0.34373232601832066
12.269022522000114,1.1067035435892176,-0.056310253677820596,-0.6932964651948066,0.3436897463221794
12.282111504000113,1.1096457911224786,-0.056352971658828556,-0.6903542176615456,0.34364702834117145
12.296515076000105,1.1125854903184387,-0.05639717980033186,-0.6874145184655855,0.34360282019966815
12.320103475999986,1.1155251661412522,-0.05644291577382408,-0.684474842642772,0.3435570842261759
12.334776678000026,1.1184648177968677,-0.05649017956695101,-0.6815351909871565,0.343509820433049
12.349017008000146,1.1214044444912412,-0.056538971166945215,-0.678595564292783,0.3434610288330548
12.362704959999974,1.1243736864318739,-0.05658877407727071,-0.6756263223521504,0.3434112259227293
12.377919770000062,1.127345120975409,-0.05663789144182018,-0.6726548878086152,0.34336210855817983
12.401589358000138,1.1303165674175106,-0.056686283628627473,-0.6696834413665136,0.34331371637137253
12.417057324000098,1.1332880255811977,-0.05673395063481029,-0.6667119832028265,0.34326604936518973
12.431833525999991,1.136259495289491,-0.056780892457532275,-0.6637405134945331,0.34321910754246776
12.44659815099999,1.1392367927522384,-0.05682778407982499,-0.6607632160317858,0.34317221592017505
12.460554196999965,1.142214387840288,-0.05687524730419482,-0.6577856209437363,0.3431247526958052
12.479988683000101,1.1451919738134666,-0.05692327894346623,-0.6548080349705576,0.3430767210565338
12.495218384000054,1.148169550563266,-0.056971878995889826,-0.6518304582207581,0.3430281210041102
12.510356412999954,1.1511471179811772,-0.057021047459693795,-0.648852890802847,0.34297895254030625
12.524873753000065,1.154145160429889,-0.057070863732319906,-0.6458548483541353,0.3429291362676801
12.539085676000013,1.1571443676413435,-0.057120690231738935,-0.6428556411426807,0.3428793097682611
12.561124094999968,1.160143575016414,-0.05717050688164064,-0.6398564337676103,0.34282949311835936
12.576456751000023,1.1631427825550686,-0.057220313682024494,-0.6368572262289556,0.3427796863179755
12.590809733000015,1.1661419902572747,-0.057270110632889976,-0.6338580185267495,0.34272988936711
12.605786628000033,1.1691139728435396,-0.05731911265878684,-0.6308860359404846,0.34268088734121316
12.620250575,1.1720845344513455,-0.05736734400783276,-0.6279154743326787,0.34263265599216725
12.641987335000067,1.1750551081067575,-0.057414827547868,-0.6249449006772667,0.34258517245213205
12.657584806999921,1.178025693621522,-0.057461563275885835,-0.6219743151625021,0.3425384367241142
12.672211886000014,1.180996290807385,-0.057507551188923645,-0.6190037179766392,0.3424924488110764
12.68639400699999,1.183990672777967,-0.05755353731430896,-0.6160093360060572,0.34244646268569107
12.701497518999986,1.1869865844189693,-0.05759964281720924,-0.6130134243650549,0.34240035718279077
12.725767009000037,1.1899824945665225,-0.05764584526164872,-0.6100175142175017,0.3423541547383513
12.742021875000091,1.192978403217491,-0.05769214464759435,-0.6070216055665332,0.34230785535240565
12.757396537999966,1.1959743103687375,-0.05773854097499696,-0.6040256984152867,0.34226145902500305
12.771749981000085,1.1989616932604643,-0.057785006788287935,-0.6010383155235599,0.3422149932117121
12.78716181499999,1.201948622542821,-0.05783179423115796,-0.5980513862412031,0.34216820576884205
12.81003677600006,1.2049355466555922,-0.057878910546348285,-0.595064462128432,0.3421210894536517
12.826211780999984,1.2079224655625675,-0.057926355733295624,-0.5920775432214567,0.3420736442667044
12.841408513000033,1.2109093792275367,-0.0579741297914193,-0.5890906295564875,0.3420258702085807
12.855882243999986,1.2138924360147008,-0.05802182682076174,-0.5861075727693235,0.3419781731792383
12.870945696000035,1.2168752966787186,-0.058069088145867316,-0.5831247121053056,0.3419309118541327
12.895258931999933,1.219858164178141,-0.058115916072167005,-0.5801418446058833,0.34188408392783304
12.911060439000039,1.222841038449998,-0.05816231059867431,-0.5771589703340263,0.3418376894013257
12.927330729999994,1.2258239194313167,-0.058208271724408796,-0.5741760893527075,0.34179172827559123
12.9430505360001,1.2287369762160116,-0.05825189707624349,-0.5712630325680126,0.3417481029237565
12.957431594000127,1.2316463902051047,-0.05829319167026723,-0.5683536185789195,0.34170680832973277
12.976165491000074,1.2345558356179869,-0.058332209523638025,-0.5654441731660373,0.341667790476362
12.991186999000092,1.2374653106730122,-0.0583689506124622,-0.562534698111012,0.3416310493875378
13.005853720999994,1.2403748135885162,-0.058403414914240614,-0.559625195195508,0.3415965850857594
13.019450859000017,1.2433331466545057,-0.05843760873103994,-0.5566668621295185,0.3415623912689601
13.033030127000075,1.2462965550025895,-0.05847279103879951,-0.5537034537814347,0.34152720896120053
13.05811453199999,1.2492599521097483,-0.05850890775961544,-0.550740056674276,0.3414910922403846
13.072830962000126,1.2522233376813516,-0.05854595888989831,-0.5477766711026726,0.3414540411101017
13.087687157000119,1.2551867114227633,-0.058583944425962736,-0.5448132973612609,0.3414160555740373
13.10208124299993,1.2581669533248034,-0.05862287901763904,-0.5418330554592208,0.341377120982361
13.117680230000133,1.261148077191811,-0.05866230667249751,-0.5388519315922131,0.3413376933275025
13.135969541000122,1.2641291946590176,-0.05870221528216247,-0.5358708141250066,0.34129778471783756
13.152223226999922,1.2671103056488298,-0.05874260484559555,-0.5328897031351945,0.34125739515440445
13.165948221000008,1.2700914100836531,-0.058783475361746725,-0.5299085987003711,0.3412165246382533
13.18051787200011,1.2730745319629864,-0.05882483005360277,-0.5269254768210379,0.34117516994639724
13.194704671999943,1.276057754414688,-0.05886661249603122,-0.5239422543693362,0.3411333875039688
13.215917406000017,1.2790409708664991,-0.05890882115002919,-0.5209590379175251,0.3410911788499708
13.231059549000065,1.2820241812575282,-0.05895145601474116,-0.5179758275264961,0.34104854398525886
13.24461339100003,1.2850073855268824,-0.05899451708929237,-0.5149926232571418,0.34100548291070765
13.257826167000076,1.2879918942064064,-0.05903800737767026,-0.5120081145776179,0.34096199262232973
13.272040496000045,1.2909764661323364,-0.059081889434710176,-0.5090235426516878,0.34091811056528987
13.296626981000145,1.2939610322879045,-0.059126162214388905,-0.5060389764961197,0.3408738377856111
13.312647587000129,1.2969455926219589,-0.05917082571594816,-0.5030544161620654,0.34082917428405185
13.326668229999996,1.2999301470833489,-0.05921587993862292,-0.5000698617006754,0.3407841200613771
13.340239305000068,1.3028992148986307,-0.0592605490014837,-0.4971007938853935,0.3407394509985163
13.354580709999937,1.305867479533184,-0.0593043991406183,-0.4941325292508403,0.3406956008593817
13.376382159000059,1.3088357559951926,-0.05934744121919029,-0.4911642527888316,0.34065255878080974
13.391136146999997,1.3118040440646757,-0.05938967523401094,-0.48819596471934856,0.34061032476598907
13.40461256499998,1.3147723435216512,-0.05943110118194962,-0.48522766526237304,0.3405688988180504
13.418450747999941,1.3177171083403263,-0.05947111158001416,-0.4822829004436979,0.34052888841998585
13.432123965000073,1.3206606528252882,-0.05950967187537556,-0.479339355958736,0.3404903281246245
13.456572198000003,1.3236042157434713,-0.05954679838913091,-0.4763957930405529,0.3404532016108691
13.471559569999954,1.32654779639649,-0.059582491112470375,-0.4734522123875342,0.34041750888752964
13.485629448000054,1.3294913940859543,-0.05961675003692611,-0.4705086146980699,0.3403832499630739
13.499386620999985,1.3323819318548262,-0.05964835276958909,-0.467618076929198,0.34035164723041095
13.514178973000071,1.3352697050687066,-0.05967712031079831,-0.46473030371531765,0.3403228796892017
13.53618286699998,1.3381575048646182,-0.05970308268671233,-0.46184250391940607,0.3402969173132877
13.550077405000138,1.341045328517642,-0.05972623987283331,-0.4589546802663822,0.3402737601271667
13.564431992999971,1.343933173302835,-0.059746591847310127,-0.4560668354811892,0.3402534081526899
13.578917087000036,1.3468876433743622,-0.05976625908913418,-0.45311236540966204,0.34023374091086583
13.592862766000053,1.3498512616610234,-0.05978691398402259,-0.4501487471230008,0.34021308601597744
13.615487065000025,1.3528148733011713,-0.059808501481967855,-0.4471851354828529,0.34019149851803215
13.629763934000039,1.3557784780013358,-0.05983102158083257,-0.44422153078268845,0.34016897841916743
13.644326961999923,1.358742075468042,-0.05985447427838839,-0.4412579333159823,0.3401455257216116
13.658795403000113,1.361717433025711,-0.05987881232598747,-0.4382825757583133,0.34012118767401256
13.672675548000143,1.3646934047553698,-0.059903772807938356,-0.4353066040286544,0.3400962271920617
13.69253611299996,1.3676693712458103,-0.05992935032074037,-0.4323306375382139,0.34007064967925965
13.70778485599999,1.3706453323690997,-0.05995554486329553,-0.42935467641492453,0.3400444551367045
13.722058287999971,1.3736212879973038,-0.05998235643447868,-0.42637872078672046,0.34001764356552133
13.735902228999976,1.3766109404862035,-0.06000974271163899,-0.42338906829782075,0.339990257288361
13.749838251000028,1.3796013118073323,-0.06003738226309567,-0.42039869697669197,0.33996261773690434
13.771834074000026,1.3825916808424406,-0.060065268046232634,-0.41740832794158367,0.3399347319537674
13.787386159000107,1.3855820475712533,-0.06009340006085739,-0.41441796121277097,0.33990659993914263
13.801380261000077,1.3885724119734948,-0.0601217783067799,-0.41142759681052943,0.33987822169322013
13.815708265000012,1.3915166150084874,-0.06014918304758222,-0.4084833937755368,0.3398508169524178
13.829664117999982,1.3944584016305193,-0.06017508551230388,-0.40554160715350496,0.33982491448769614
13.850744846999987,1.3974002009222204,-0.060199506703686415,-0.4025998078618038,0.3398004932963136
13.86537058099998,1.4003420121377284,-0.06022244661553966,-0.39965799664629587,0.33977755338446036
13.880170908000082,1.4032838345311762,-0.06024390524204647,-0.396716174252848,0.33975609475795354
13.893708962000119,1.4062438336171779,-0.060264227179127786,-0.39375617516684636,0.33973577282087225
13.906896333000077,1.4092047956010447,-0.06028355506433082,-0.3907952131829795,0.3397164449356692
13.932334328000024,1.4121657639446177,-0.06030188278687636,-0.38783424483940654,0.33969811721312365
13.946620263000113,1.415126738310058,-0.0603192103446739,-0.38487327047396613,0.3396807896553261
13.960467820000076,1.4180877183595266,-0.06033553773574778,-0.3819122904244976,0.33966446226425223
13.97335795899994,1.421080196708856,-0.060351424474155466,-0.3789198120751682,0.33964857552584454
13.986724374999994,1.4240750641109163,-0.06036719071077133,-0.3759249446731079,0.3396328092892287
14.009431038000002,1.4270699322057125,-0.060382824805297275,-0.3729300765783117,0.33961717519470275
14.023532892000048,1.4300648009874148,-0.06039832675768697,-0.3699352077966094,0.33960167324231305
14.036976557000116,1.4330596704501912,-0.06041369656792589,-0.366940338333833,0.33958630343207413
14.051083281000047,1.4360462445186193,-0.06042911292216981,-0.36395376426540493,0.33957088707783023
14.066584232999958,1.439032380146717,-0.06044488416412973,-0.36096762863730714,0.3395551158358703
14.088681093000105,1.4420185138640411,-0.060461013135855037,-0.3579814949199831,0.33953898686414496
14.103240602000142,1.4450046456277361,-0.06047749983711315,-0.3549953631562881,0.3395225001628869
14.117008121000026,1.4479907753949475,-0.060494344267668754,-0.35200923338907675,0.33950565573233127
14.131031858000142,1.4509429182225289,-0.060510618718579316,-0.34905709056149536,0.3394893812814207
14.144743531000131,1.4538932788628238,-0.06052561670180253,-0.3461067299212004,0.3394743832981975
14.170891789000052,1.4568436456778047,-0.060539346390878136,-0.34315636310621955,0.33946065360912187
14.191008151000005,1.4597940181222595,-0.06055180778326868,-0.3402059906617647,0.33944819221673134
14.207215842000096,1.4627443956509774,-0.06056300087667148,-0.33725561313304686,0.33943699912332853
14.223929444000078,1.465698506210219,-0.06057298351933676,-0.3343015025738052,0.33942701648066326
14.239715350000097,1.468652816734516,-0.06058179723998048,-0.33134719204950813,0.33941820276001955
14.256472083000062,1.4716071305163447,-0.06058944146262089,-0.3283928782676795,0.3394105585373791
14.272694068999954,1.474561447092746,-0.06059591618605986,-0.32543856169127827,0.33940408381394016
14.288577561000011,1.4775157660007594,-0.06060122140928243,-0.3224842427832648,0.3393987785907176
14.302690660000053,1.480457030121122,-0.060605180924162456,-0.31954297866290227,0.3393948190758376
14.316209077999929,1.483397608686619,-0.06060762545666101,-0.31660240009740526,0.33939237454333904
14.336860850999983,1.4863381881210709,-0.060608555659521016,-0.31366182066295334,0.339391444340479
14.35676142200009,1.4892787676446329,-0.060607971532496495,-0.31072124113939137,0.33939202846750355
14.371775836000097,1.492219346477461,-0.06060587307574087,-0.3077806623065633,0.33939412692425913
14.386478730000135,1.495202757871047,-0.06060275422372573,-0.30479725091297727,0.3393972457762743
14.400879841999995,1.4981901983289665,-0.06059930473257412,-0.3018098104550577,0.3394006952674259
14.422170508000136,1.5011776383937783,-0.06059553011205318,-0.29882237039024595,0.3394044698879468
14.438197487000025,1.5041650780300981,-0.060591430362199536,-0.2958349307539261,0.3394085696378005
14.454667666999967,1.507152517202541,-0.06058700548306488,-0.29284749158148315,0.33941299451693513
14.468783709000036,1.510104423610891,-0.06058188055962354,-0.2898955851731333,0.3394181194403765
14.485496608999938,1.5130544574468505,-0.060575482402741944,-0.2869455513371737,0.33942451759725806
14.503780014000085,1.5160044882360146,-0.060567806941566306,-0.2839955205480096,0.3394321930584337
14.51838990300007,1.5189545154253359,-0.06055885417753688,-0.28104549335868834,0.33944114582246315
14.533393859999933,1.521904538461769,-0.06054862411233144,-0.2780954703222551,0.3394513758876686
14.548126176000096,1.5247916346373152,-0.06053923684746775,-0.27520837414670907,0.33946076315253226
14.562586469000053,1.5276754267350727,-0.060532760809809745,-0.2723245820489515,0.3394672391901903
14.583895902999984,1.5305592238922958,-0.06052918895855593,-0.2694407848917284,0.3394708110414441
14.598572907000062,1.5334430231842637,-0.06052852129733139,-0.2665569855997605,0.33947147870266864
14.612718543000028,1.5363268216862505,-0.06053075782681286,-0.26367318709777376,0.3394692421731872
14.627243679000003,1.539289059129626,-0.06053440218059425,-0.2607109496543982,0.3394655978194058
14.640973750000057,1.542264110678816,-0.06053742465337964,-0.25773589810520825,0.3394625753466204
14.66324069999996,1.5452391628119553,-0.06053980390046894,-0.25476084597206894,0.3394601960995311
14.67756427900008,1.5482142153899687,-0.060541539921747274,-0.2517857933940555,0.33945846007825276
14.690691252000079,1.5511892682737864,-0.06054263271713523,-0.24881074051023777,0.3394573672828648
14.704743687000018,1.5541750995008907,-0.060543216364262895,-0.2458249092831335,0.3394567836357371
14.718127800000048,1.5571614980495485,-0.06054344775418874,-0.2428385107344757,0.3394565522458113
14.740520829999923,1.5601478966047337,-0.060543327109984287,-0.23985211217929048,0.33945667289001574
14.754396438999947,1.5631342951249487,-0.06054285443165236,-0.2368657136590755,0.33945714556834766
14.768013987000131,1.5661206935686962,-0.06054202971919577,-0.233879315215328,0.33945797028080427
14.782232468000075,1.5690960292974703,-0.060540721891674365,-0.23090397948655395,0.33945927810832566
14.798124058999974,1.5720707824303652,-0.06053876375859588,-0.22792922635365898,0.3394612362414041
14.819250306999947,1.5750455350636132,-0.060536154747964185,-0.224954473720411,0.3394638452520358
14.83277428700012,1.5780202870548021,-0.06053289485990451,-0.2219797217292221,0.3394671051400955
14.846426517000054,1.5809950382615197,-0.06052898409457085,-0.21900497052250456,0.33947101590542916
14.859702705000018,1.5839910416562033,-0.0605246535081711,-0.21600896712782092,0.3394753464918289
14.872874932000059,1.5869882952492904,-0.060520249145840505,-0.2130117135347338,0.3394797508541595
14.89589444000012,1.5899855487368215,-0.06051577352637894,-0.2100144600472027,0.3394842264736211
14.911235312000144,1.5929828021171004,-0.06051122664975869,-0.2070172066669238,0.3394887733502413
14.924648222000087,1.5959800553884342,-0.06050660851600749,-0.20401995339558998,0.33949339148399255
14.938580472000012,1.5989427821990205,-0.060501552326827614,-0.2010572265850037,0.3394984476731724
14.951555110000072,1.6019036899907202,-0.060495497131809774,-0.19809631879330403,0.3395045028681902
14.976294902000063,1.6048645955613712,-0.060488438943394354,-0.19513541322265304,0.3395115610566057
14.990474919999997,1.6078254985712142,-0.060480377762393615,-0.19217451021281007,0.3395196222376064
15.003600387000006,1.6107863986804898,-0.06047131358973135,-0.18921361010353444,0.3395286864102687
15.016406227000061,1.6137741582652636,-0.06046149077059157,-0.18622585051876062,0.3395385092294084
15.029890741000145,1.6167637904695242,-0.06045139275829351,-0.1832362183145,0.3395486072417065
15.053922687000068,1.6197534217558989,-0.06044102655682838,-0.18024658702812535,0.33955897344317165
15.069773709999936,1.6227430521003294,-0.060430392166284874,-0.1772569566836948,0.33956960783371515
15.083626783,1.625732681478758,-0.06041948958674827,-0.17426732730526617,0.33958051041325177
15.098136879000094,1.628726154902282,-0.060408351827558264,-0.1712738538817422,0.33959164817244175
15.112091927999927,1.6317198300733218,-0.060397049644287944,-0.16828017871070244,0.3396029503557121
15.135422504999951,1.6347135046224528,-0.060385583915720346,-0.16528650416157142,0.33961441608427967
15.1501242490001,1.6377071785407404,-0.06037395464189228,-0.16229283024328378,0.33962604535810775
15.163390448999962,1.6407008518192512,-0.06036216182283994,-0.15929915696477304,0.3396378381771601
15.178593350000028,1.6436743579555886,-0.06035003926633872,-0.15632565082843564,0.33964996073366127
15.194323808000036,1.6466467997770264,-0.06033721238677434,-0.15335320900699778,0.33966278761322566
15.223334486000113,1.6496192384533925,-0.060323676290001495,-0.15038077033063169,0.3396763237099985
15.23930214699999,1.6525916738154693,-0.060309430976794746,-0.14740833496855488,0.33969056902320527
15.256266244000017,1.65556410569404,-0.06029447644796184,-0.14443590308998422,0.3397055235520382
15.272549730000037,1.6585481606366712,-0.06027889421864388,-0.141451848147353,0.33972110578135617
15.287304711999923,1.661532825378542,-0.06026291286658243,-0.13846718340548225,0.3397370871334176
15.31227889899992,1.6645174879761144,-0.06024653594288717,-0.1354825208079098,0.3397534640571129
15.32703990799996,1.6675021483769616,-0.060229763447850526,-0.13249786040706257,0.3397702365521495
15.342442941999934,1.6704868065286573,-0.06021259538176245,-0.1295132022553669,0.3397874046182376
15.356495373000143,1.6734715410474958,-0.06019503224832771,-0.12652846773652837,0.3398049677516723
15.37015799300002,1.6764562773654235,-0.060177075648665146,-0.12354373141860076,0.3398229243513349
15.387530718000107,1.6794410112904328,-0.06015872560986686,-0.12055899749359145,0.3398412743901332
15.401516283000092,1.6824257427706624,-0.06013998213224961,-0.11757426601336185,0.33986001786775044
15.416077407000103,1.6854104717542497,-0.06012084521614273,-0.11458953702977448,0.3398791547838573
15.430202394999924,1.688396907215369,-0.06010132468467234,-0.11160310156865516,0.3398986753153277
15.443876262000003,1.6913834303285744,-0.0600814563976178,-0.10861657845544981,0.3399185436023822
15.462805726999932,1.6943699511123782,-0.060061240996341705,-0.10563005767164602,0.33993875900365833
15.476256061999948,1.6973564695264356,-0.06004067848111209,-0.10264353925758862,0.3399593215188879
15.489918487000068,1.7003429855304037,-0.06001976885221451,-0.09965702325362047,0.3399802311477855
15.50313158500012,1.703340832034354,-0.059998571301451115,-0.09665917674967028,0.3400014286985489
15.5174032540001,1.7063392746819834,-0.059977330635961584,-0.09366073410204079,0.34002266936403847
15.540558373000067,1.709337717056528,-0.059956051455359996,-0.09066229172749618,0.34004394854464004
15.554389178000065,1.7123361591574926,-0.05993473375964986,-0.08766384962653162,0.34006526624035016
15.568571641000062,1.7153346009843842,-0.05991337754883469,-0.08466540779964005,0.34008662245116533
15.581979464000142,1.7183124060707482,-0.05989241751291804,-0.08168760271327602,0.340107582487082
15.594681805999926,1.721289129068746,-0.05987206313525812,-0.07871087971527824,0.3401279368647419
15.61640803499995,1.7242658561004283,-0.059852307468884376,-0.07573415268359596,0.34014769253111565
15.630775526999969,1.727242587045375,-0.05983315051459378,-0.0727574217386493,0.34016684948540626
15.644544908999933,1.7302193217831674,-0.05981459227316349,-0.06978068700085682,0.34018540772683653
15.657770072999938,1.7331987631984342,-0.059796108769682575,-0.06680124558558997,0.34020389123031747
15.671674782000082,1.7361783437414908,-0.05977710007284035,-0.0638216650425334,0.34022289992715965
15.695008762000043,1.7391579208842136,-0.05975756564986771,-0.060842087899810604,0.3402424343501323
15.709635187999993,1.742137494533842,-0.059737505501376006,-0.057862514250182295,0.340262494498624
15.723599119000028,1.7451170645976148,-0.059716919627987634,-0.05488294418640938,0.3402830803720124
15.736890986999924,1.748107884346385,-0.05969586682494102,-0.05189212443763913,0.34030413317505903
15.75121114600006,1.7510992947615533,-0.05967458876355463,-0.04890071402247087,0.3403254112364454
15.777921350000042,1.7540907035985291,-0.05965308997438888,-0.045909305185495075,0.3403469100256111
15.79325188200005,1.7570821108410262,-0.059631370457565315,-0.04291789794299805,0.3403686295424347
15.806967355000097,1.7600735164727568,-0.05960943021319711,-0.039926492311267436,0.34039056978680293
15.820090604000143,1.7630612943666237,-0.05958725151434095,-0.03693871441740049,0.34041274848565906
15.83398503400008,1.7660488790438236,-0.05956475507645968,-0.03395112974020065,0.3404352449235403
15.86060577000012,1.7690364612998726,-0.05954193936925886,-0.030963547484151643,0.34045806063074113
15.87617211099996,1.7720240411006525,-0.05951880439299938,-0.02797596768337174,0.34048119560700063
15.891435451999996,1.7750116184120446,-0.05949535014794194,-0.02498839037197964,0.3405046498520581
15.904651239000032,1.7779909880388247,-0.059471541326521965,-0.022009020745199503,0.34052845867347803
15.918218460999924,1.780969921484487,-0.059447194882090174,-0.019030087299537257,0.34055280511790986
15.940253605999942,1.7839488504568641,-0.05942230712255697,-0.016051158327160087,0.34057769287744305
15.955155893999972,1.7869277748575918,-0.05939687804874684,-0.01307223392643242,0.3406031219512532
15.969031487999928,1.7899066945883042,-0.059370907661497156,-0.010093314195720016,0.34062909233850286
15.982881323000129,1.792895082050902,-0.05934468529809483,-0.007104926733122241,0.3406553147019052
15.995416724000052,1.7958839703700666,-0.05931874242426473,-0.004116038413957579,0.3406812575757353
16.01954798299994,1.7988728611486693,-0.05929308446773235,-0.0011271476353549303,0.3407069155322677
16.034783324000045,1.8018617543595479,-0.05926771142873792,0.0018617455755236545,0.3407322885712621
16.047718593000127,1.8048506499755432,-0.05924262330750752,0.004850641191519012,0.3407573766924925
16.060680459999958,1.8078444229043196,-0.05921758217570398,0.007844414120295351,0.340782417824296
16.07464323599993,1.8108384512226856,-0.05919238724540033,0.010838442438661389,0.3408076127545997
16.094110694999927,1.813832478256377,-0.05916704011115966,0.013832469472352837,0.3408329598888404
16.10856883700012,1.8168265039976563,-0.05914154077305276,0.01682649521363211,0.34085845922694724
16.12256857300008,1.8198205284387867,-0.05911588923113884,0.019820519654762503,0.34088411076886116
16.13594401199998,1.8228088439141532,-0.059090342019654574,0.02280883513012899,0.34090965798034545
16.15071138999997,1.825796861501244,-0.05906510435462271,0.025796852717219876,0.3409348956453773
16.17246335499999,1.8287848816700665,-0.05904017422806005,0.028784872886042256,0.34095982577193995
16.187261633999924,1.8317729043889681,-0.059015551640228064,0.031772895604943896,0.34098444835977193
16.20151755100005,1.8347609296262954,-0.058991236591387455,0.034760920842271226,0.3410087634086126
16.215423074,1.8377380650573913,-0.058966906620009675,0.03773805627336713,0.3410330933799903
16.229005946000143,1.8407146224135187,-0.05894198036285526,0.04071461362949447,0.34105801963714477
16.253036305000023,1.843691174667048,-0.05891645205277008,0.043691165883023686,0.34108354794722995
16.269293956999945,1.8466677216962062,-0.05889032169079658,0.04666771291218197,0.34110967830920347
16.283425210000132,1.849644263379219,-0.05886358927800501,0.049644254595194726,0.341136410721995
16.296936505000076,1.852632829793582,-0.0588365419719539,0.052632821009557684,0.34116345802804615
16.310638977000053,1.8556220316667862,-0.0588097644458624,0.05562202288276197,0.34119023555413763
16.331761766,1.8586112360052978,-0.05878326355353033,0.05861122722127354,0.3412167364464697
16.346229982000068,1.8616004427835164,-0.05875703929518719,0.06160043399949222,0.34124296070481286
16.359247673000027,1.8645896519758403,-0.05873109167105509,0.06458964319181604,0.3412689083289449
16.371892306000063,1.8675657833374544,-0.058705693235221214,0.06756577455343016,0.3412943067647788
16.386104773999932,1.8705412315046535,-0.05868093076424452,0.07054122272062924,0.3413190692357555
16.410722346000057,1.873516684851966,-0.0586567987600597,0.07351667606794177,0.34134320123994033
16.426050724000106,1.8764921432458024,-0.0586332972237491,0.07649213446177816,0.3413667027762509
16.439445548000094,1.8794676065525728,-0.05861042615636952,0.07946759776854861,0.3413895738436305
16.45373215099994,1.8823872608563577,-0.05858927272998846,0.08238725207233344,0.34141072727001154
16.46895961500013,1.8853039918054868,-0.05857024302890586,0.08530398302146258,0.3414297569710942
16.489785637000068,1.8882207357190532,-0.05855331666473442,0.08822072693502903,0.3414466833352656
16.504393373000084,1.8911374910802816,-0.05853849364627575,0.0911374822962574,0.3414615063537243
16.519293651999988,1.894054256372391,-0.05852577398123885,0.09405424758836678,0.34147422601876115
16.533461644,1.8970434479073663,-0.05852271816155173,0.09704343912334212,0.3414772818384483
16.54740752800012,1.9000433978963374,-0.05853910035137724,0.10004338911231314,0.3414608996486228
16.567799022000145,1.9030431780281043,-0.058574981732743656,0.10304316924408008,0.34142501826725635
16.582578112999954,1.906042661562411,-0.058630360789668066,0.10604265277838687,0.341369639210332
16.59666155700006,1.9090417217715274,-0.058705235182394,0.1090417129875032,0.341294764817606
16.610381492999977,1.9120402319455938,-0.05879960174748935,0.11204022316156959,0.3412003982525107
16.624406161000024,1.915038065398002,-0.05891345649798082,0.1150380566139777,0.3410865435020192
16.64664373300002,1.9180350954707353,-0.05904679462352223,0.11803508668671103,0.3409532053764778
16.66249352900013,1.9210311955397121,-0.059199610490598686,0.12103118675568791,0.34080038950940134
16.675835132999964,1.924026239020155,-0.05937189764276585,0.1240262302361308,0.3406281023572342
16.688912746000142,1.9270200993719233,-0.059563648800917295,0.1270200905878991,0.3404363511990827
16.701590745999965,1.9300126501048631,-0.05977485586359508,0.1300126413208389,0.3402251441364049
16.72501654200005,1.9330037647841507,-0.06000550990733222,0.13300375600012648,0.3399944900926678
16.741706415999943,1.9359933170356356,-0.06025560118702977,0.13599330825161138,0.33974439881297025
16.754500878000044,1.9389811805511807,-0.06052511913636831,0.13898117176715652,0.3394748808636317
16.76760652300004,1.9419672290939969,-0.06081405236825451,0.14196722030997266,0.33918594763174553
16.781728465000015,1.9449513365039766,-0.06112238867530242,0.14495132771995234,0.3388776113246976
16.79944714599992,1.9479333767030267,-0.061450115030348876,0.14793336791900247,0.33854988496965116
16.81296280300012,1.9509132237003912,-0.061797217587004134,0.150913214916367,0.3382027824129959
16.825967810000066,1.9538907515979789,-0.06216368168023678,0.15389074281395465,0.33783631831976324
16.84056013899999,1.9568658345956784,-0.0625494918269934,0.1568658258116542,0.3374505081730066
16.854586935000043,1.9598383469966765,-0.06295463172685276,0.15983833821265225,0.33704536827314724
16.874158494000085,1.962808163212765,-0.06337908426271427,0.16280815442874075,0.33662091573728575
16.887819822999973,1.9657751577696514,-0.06382283150152145,0.16577514898562717,0.33617716849847856
16.90094074400008,1.9687392053122574,-0.06428585469501949,0.16873919652823322,0.33571414530498056
16.91490065500011,1.9717001806100143,-0.06476813428054733,0.17170017182599007,0.3352318657194527
16.92819792499995,1.9746579585621564,-0.06526964988186418,0.1746579497781322,0.33473035011813584
16.955311690000144,1.9776124142030056,-0.06579038031001055,0.17761240541898138,0.33420961968998947
16.96963965200007,1.9805634227072506,-0.06633030356420323,0.1805634139232264,0.3336696964357968
16.983381215999998,1.9835108593952206,-0.06688939683276515,0.18351085061119643,0.33311060316723484
16.99693523299993,1.9864545997381544,-0.06746763649408886,0.1864545909541302,0.33253236350591114
17.009719308000058,1.9893945193634603,-0.06806499811763464,0.18939451057943613,0.33193500188236535
17.041427200000044,1.9923304940599718,-0.06868145646496275,0.19233048527594754,0.33131854353503726
17.054327482999952,1.9952623997831938,-0.06931698549079979,0.19526239099916953,0.33068301450920023
17.06876684000008,1.998190112660546,-0.06997155834413885,0.1981901038765217,0.3300284416558612
17.081266041999925,1.999723945722133,-0.07032925098621236,0.19972393693810875,0.3296707490137877
17.094371652000063,2.001180087630451,-0.07068927745129468,0.20118007884642686,0.32931072254870536
17.12871033600004,2.0026314262842915,-0.0710682028061878,0.20263141750026725,0.3289317971938122
17.141981621000014,2.004077716410878,-0.071465963013409,0.20407770762685362,0.328534036986591
17.15636272300003,2.005518713590619,-0.07188249085242976,0.20551870480659473,0.32811750914757026
17.16884339000012,2.0069541742984254,-0.07231771593103727,0.20695416551440116,0.32768228406896277
17.18141797599992,2.0083838559448526,-0.07277156469722902,0.20838384716082836,0.327228435302771
17.21698324299996,2.0098075169171046,-0.07324396045164346,0.20980750813308036,0.3267560395483566
17.23052798399999,2.0112249166198595,-0.07373482336052155,0.21122490783583525,0.32626517663947846
17.244251086000077,2.012635815515946,-0.07424407046920357,0.21263580673192162,0.32575592953079646
17.257436381999923,2.0140399751668094,-0.07477161571614027,0.21403996638278522,0.32522838428385975
17.27094961800003,2.0154371582728126,-0.07531736994744048,0.21543714948878834,0.32468263005255954
17.30298698699994,2.0168271287133344,-0.07588124093193817,0.21682711992931014,0.32411875906806187
17.315987662999987,2.0182096515866776,-0.07646313337677892,0.21820964280265343,0.3235368666232211
17.32995251200009,2.019584493249768,-0.07706294894352443,0.21958448446574397,0.3229370510564756
17.342415945000084,2.0211187662772043,-0.07775427140859148,0.2211187574931801,0.32224572859140854
17.355128149999928,2.0227651882577646,-0.0785162157926757,0.22276517947374042,0.3214837842073243
17.38654076900002,2.0244036929293086,-0.07929503992163278,0.22440368414528433,0.32070496007836724
17.39882138600001,2.0260341072398456,-0.08009066153932462,0.22603409845582134,0.3199093384606754
17.41242783200005,2.027656258991847,-0.08090299661552634,0.22765625020782276,0.31909700338447367
17.424946139999975,2.029439514455173,-0.08181609952102849,0.2294395056711489,0.31818390047897155
17.437972884000146,2.0313721745024456,-0.08282284315496284,0.23137216571842134,0.31717715684503717
17.471912470999996,2.0332976237638904,-0.08384331007965741,0.23329761497986623,0.3161566899203426
17.48557205499992,2.035215764795746,-0.08487744865099112,0.23521575601172162,0.3151225513490089
17.499262640000097,2.0371265005241117,-0.08592520653294064,0.23712649174008749,0.31407479346705935
17.512920842000085,2.03919663054191,-0.0870758722522934,0.23919662175788559,0.3129241277477066
17.527503726000077,2.0414159736488275,-0.0883208164875922,0.24141596486480332,0.3116791835124078
17.561610428999984,2.043630386767965,-0.08957450883941474,0.24363037798394083,0.31042549116058527
17.575147227000116,2.045839835416535,-0.09083692978529298,0.2458398266325108,0.309163070214707
17.589262751999968,2.0480442851890506,-0.0921080596668321,0.24804427640502635,0.3078919403331679
17.60288694299993,2.0503363517922097,-0.09344024561677416,0.2503363430081855,0.30655975438322586
17.61698274000014,2.052646254701005,-0.09479146050379778,0.2526462459169807,0.30520853949620225
17.651452510000126,2.0549523553120843,-0.09614915453802382,0.2549523465280601,0.3038508454619762
17.664235637000047,2.0572546354518497,-0.09751331701992609,0.2572546266678255,0.3024866829800739
17.67840865800008,2.0595530769768167,-0.09888393719900464,0.25955306819279245,0.3011160628009954
17.692921390000038,2.061811119846738,-0.10023960559360205,0.2618111110627137,0.29976039440639796
17.707498234000013,2.0640629137098423,-0.10160132677824868,0.2640629049258181,0.29839867322175134
17.743430765000085,2.0663103473796096,-0.10297023221202868,0.2663103385955854,0.29702976778797135
17.757032836000008,2.068553397935088,-0.10434630793385674,0.26855338915106386,0.2956536920661433
17.771564273999957,2.070792042500029,-0.1057295399095195,0.2707920337160046,0.2942704600904805
17.785275848000083,2.072993304404039,-0.10709988732145422,0.27299329562001495,0.2929001126785458
17.797576748999973,2.0751879739023433,-0.10847695354533642,0.2751879651183191,0.2915230464546636
17.834962825000048,2.077377747482977,-0.10986179189593982,0.2773777386989529,0.2901382081040602
17.84812905600006,2.079562597622121,-0.11125438496687935,0.2795625888380966,0.2887456150331207
17.86191661099997,2.0817424968578373,-0.11265471525429911,0.2817424880738131,0.2873452847457009
17.875157889000093,2.0838691139013963,-0.11403219646639716,0.28386910511737207,0.28596780353360285
17.887954391999983,2.085987590863848,-0.11541667239887983,0.28598758207982367,0.2845833276011202
17.92357056800006,2.088100419965254,-0.11680975223733574,0.28810041118122975,0.28319024776266427
17.93639370599999,2.0902075662622277,-0.11821141294207457,0.2902075574782035,0.2817885870579254
17.951107912999987,2.0923089949053693,-0.11962163133149042,0.29230898612134504,0.2803783686685096
17.96443512199994,2.094380943100299,-0.12102467072479706,0.29438093431627466,0.27897532927520297
17.977823596000007,2.0964455640197612,-0.1224358177265218,0.296445555235737,0.27756418227347823
18.010737209000126,2.09850406046051,-0.12385588385349826,0.29850405167648586,0.27614411614650175
18.024035712000114,2.100556393892348,-0.1252848425254394,0.30055638510832394,0.27471515747456066
18.038058114000023,2.102602525900439,-0.12672266699561138,0.3026025171164146,0.2732773330043886
18.051305442000057,2.104573358024221,-0.12812136628713938,0.30457334924019697,0.27187863371286064
18.06452106400002,2.1065334400286626,-0.12952751296679885,0.3065334312446384,0.27047248703320115
18.099175291999927,2.1084863345494096,-0.1309436248761083,0.30848632576538537,0.2690563751238917
18.112456831000145,2.110431990922856,-0.13236966527712082,0.3104319821388317,0.2676303347228792
18.126648170999943,2.1123703586731732,-0.13380559717431537,0.312370349889149,0.26619440282568463
18.139305443000012,2.114289457913554,-0.13524263147039992,0.31428944912952983,0.2647573685296001
18.152345819999937,2.116200395821932,-0.13668921110828292,0.316200387037908,0.2633107888917171
18.186057509999955,2.118103744369839,-0.13814576204923712,0.31810373558581495,0.2618542379507629
18.19883664400004,2.1199994515274247,-0.13961224447705256,0.31999944274340053,0.26038775552294746
18.213513727999953,2.121887465473726,-0.1410886183040317,0.32188745668970165,0.25891138169596833
18.227764797999953,2.1237164334284895,-0.14253507529914405,0.32371642464446526,0.25746492470085597
18.241298631000063,2.125534279477162,-0.14399002462244406,0.3255342706931377,0.256009975377556
18.27477155800011,2.1273436262283925,-0.14545553003828407,0.32734361744436824,0.254544469961716
18.28958197199995,2.129144412384617,-0.1469315418978549,0.3291444036005926,0.2530684581021451
18.304455897000025,2.1309365769382898,-0.148418010196407,0.33093656815426553,0.25158198980359303
18.319164264999927,2.1327324674619548,-0.1499250993160917,0.33273245867793055,0.25007490068390836
18.33310682499996,2.134520424079385,-0.15144289981180675,0.3345204152953609,0.24855710018819327
18.370848733999992,2.1362997401139734,-0.15297082050989974,0.33629973132994917,0.24702917949010028
18.38532439000005,2.1380703582840903,-0.15450881222192542,0.3380703495000661,0.2454911877780746
18.400409327000034,2.1398322215881134,-0.15605682543522154,0.33983221280408915,0.2439431745647785
18.414571227000124,2.141608587728921,-0.15763512487166026,0.3416085789448966,0.24236487512833976
18.4274165490001,2.1433781605096605,-0.1592245181392433,0.34337815172563624,0.24077548186075673
18.465983741999935,2.145139147563612,-0.1608234188182069,0.3451391387795877,0.23917658118179314
18.479786613999977,2.146891497810829,-0.1624317805301522,0.3468914890268049,0.23756821946984782
18.494207119000066,2.1486351604218905,-0.16404955662224996,0.3486351516378663,0.23595044337775006
18.50716331400008,2.1503649067487416,-0.1656719366360229,0.35036489796471737,0.23432806336397713
18.52161410100007,2.152085516313363,-0.16730346531467072,0.352085507529339,0.2326965346853293
18.558837377000145,2.153797208616904,-0.1689443469560816,0.35379719983287994,0.23105565304391842
18.572764188000065,2.1554999328188504,-0.17059453282295345,0.3554999240348262,0.22940546717704657
18.5885954580001,2.157193638345059,-0.17225397390163205,0.35719362956103473,0.22774602609836797
18.60181658500005,2.1589000550073894,-0.1739437706908907,0.35890004622336513,0.22605622930910932
18.615545141999974,2.1605993195486333,-0.1756439590174423,0.36059931076460905,0.2243560409825577
18.653363725999952,2.1622897761466717,-0.17735290513040772,0.3622897673626475,0.2226470948695923
18.666553457999953,2.16397137966563,-0.17907056340023347,0.3639713708816059,0.22092943659976655
18.68140424100011,2.1656440852060124,-0.18079688796474844,0.36564407642198815,0.21920311203525158
18.694901099999925,2.1672735607450964,-0.1824967554591881,0.36727355196107214,0.21750324454081194
18.707877800000006,2.1688916864550096,-0.18420387537539507,0.3688916776709854,0.21579612462460496
18.74147502200003,2.1705002017250195,-0.18592005364339032,0.37050019294099523,0.2140799463566097
18.754714767999985,2.172099055846852,-0.18764523616083525,0.3720990470628276,0.21235476383916477
18.768370217999973,2.1736881984167984,-0.1893793685415322,0.37368818963277417,0.21062063145846782
18.781887381999923,2.1752665446107398,-0.19112127583491256,0.37526653582671554,0.20887872416508746
18.795111790999954,2.176835007630869,-0.19287197974106823,0.3768349988468447,0.2071280202589318
18.830177894000144,2.1783935918060973,-0.19463148415460924,0.37839358302207304,0.2053685158453908
18.843469760000062,2.179942247758439,-0.19639973333213467,0.3799422389744149,0.20360026666786535
18.85802209999997,2.1814809264244484,-0.19817667125319743,0.38148091764042413,0.2018233287468026
18.87201691700011,2.1830256861113364,-0.19998068925179982,0.3830256773273122,0.2000193107482002
18.886425934000044,2.1845617202308927,-0.20179425258898384,0.38456171144686846,0.19820574741101618
18.922815537000133,2.18608793432051,-0.20361608774812223,0.38608792553648574,0.1963839122518778
18.93637306100004,2.187604283835711,-0.20544614155666643,0.3876042750516866,0.1945538584433336
18.95190606799997,2.189110724519931,-0.207284360602196,0.38911071573590683,0.19271563939780403
18.964887701999942,2.19060420197682,-0.20912704928729267,0.39060419319279593,0.19087295071270735
18.97871679600007,2.192087466977224,-0.21097764968579433,0.3920874581931997,0.1890223503142057
19.012459186000115,2.193560632515011,-0.21283629978590257,0.393560623730987,0.18716370021409745
19.026103011000032,2.1950236549051643,-0.2147029444714995,0.39502364612114005,0.1852970555285005
19.041393377000077,2.1964764907634473,-0.21657752838939826,0.3964764819794231,0.18342247161060177
19.055213544000026,2.1979285615148627,-0.2184721013835611,0.3979285527308385,0.18152789861643892
19.068954291999944,2.1993710502999635,-0.22037499492541432,0.3993710415159393,0.1796250050745857
19.103852895000045,2.200803423284442,-0.22228551458249785,0.40080341450041757,0.17771448541750218
19.117845421000084,2.2022256401515166,-0.22420360657971053,0.40222563136749234,0.1757963934202895
19.132997551000017,2.2036376608702706,-0.22612921692881338,0.40363765208624636,0.17387078307118664
19.14714812300008,2.2050485010609364,-0.22807452573660153,0.4050484922769122,0.1719254742633985
19.161029805,2.2064497402040306,-0.23002774766079406,0.4064497314200064,0.16997225233920596
19.197686232000024,2.20784086933805,-0.2319881830088146,0.4078408605540258,0.16801181699118542
19.211143988999993,2.2092218513298225,-0.23395577945109808,0.4092218425457983,0.16604422054890194
19.22739601000012,2.2105926493170323,-0.2359304844669289,0.41059264053300804,0.16406951553307111
19.241967398000043,2.211934021037158,-0.2378848400178121,0.41193401225313386,0.16211515998218792
19.255451554000047,2.2132636871857896,-0.23984505051046068,0.41326367840176537,0.16015494948953934
19.290281326000013,2.2145826076138064,-0.24181250728174436,0.4145825988297822,0.15818749271825566
19.304166310000028,2.215890742832125,-0.24378715142510432,0.41589073404810084,0.1562128485748957
19.319724865000126,2.2171880536745747,-0.24576892381878854,0.4171880448905505,0.15423107618121148
19.33382980800002,2.2184680176279814,-0.24774794854175358,0.4184680088439572,0.15225205145824644
19.347290595000004,2.219736586059719,-0.24973356244789077,0.4197365772756949,0.15026643755210925
19.384328873999948,2.220994056840135,-0.2517262229023207,0.42099404805611074,0.1482737770976793
19.398977111000022,2.222240390828652,-0.2537258678806396,0.42224038204462766,0.1462741321193604
19.413647888000014,2.223475549231343,-0.255732435141039,0.42347554044731894,0.14426756485896103
19.428042873000095,2.2247304089466713,-0.2577955553622432,0.42473040016264707,0.14220444463775683
19.44218875799993,2.2259786031365727,-0.25987103995670796,0.4259785943525485,0.14012896004329206
19.47903210200002,2.227216383251355,-0.2619527520945928,0.42721637446733074,0.13804724790540723
19.492699021000135,2.228443718221035,-0.2640406395220579,0.4284437094370108,0.1359593604779421
19.508190615000103,2.2296605772378144,-0.2661346498302574,0.4296605684537902,0.1338653501697426
19.52199975999997,2.23083983958872,-0.2681886028540241,0.4308398308046957,0.1318113971459759
19.53638633100013,2.2320063978417344,-0.27024656222781696,0.43200638905771016,0.12975343777218307
19.576043673999948,2.2331616236060245,-0.2723109043446614,0.43316161482200033,0.12768909565533865
19.58933130200012,2.2343054819599484,-0.27438156680098225,0.43430547317592416,0.12561843319901778
19.604334849999987,2.235437938325491,-0.27645848700214515,0.435437929541467,0.12354151299785487
19.617585482000095,2.23655467005289,-0.27853381271092587,0.4365546612688658,0.12146618728907416
19.630702018999955,2.2376595853952184,-0.2806149237419007,0.43765957661119415,0.1193850762580993
19.665262315000064,2.238752872587866,-0.28270216693600947,0.4387528638038416,0.11729783306399055
19.68016857900011,2.2398344975991917,-0.28479547732193755,0.4398344888151675,0.11520452267806247
19.696926121999923,2.240904426760576,-0.286894789739511,0.440904417976552,0.11310521026048903
19.710918338000056,2.2419551140319576,-0.28898543943807303,0.44195510524793336,0.11101456056192699
19.726548402999924,2.24299342145206,-0.2910813007479541,0.44299341266803594,0.10891869925204595
19.771778640000093,2.244019704673303,-0.2931830761114718,0.4440196958892788,0.1068169238885282
19.78670087499995,2.2450339300114845,-0.295290696545109,0.4450339212274603,0.10470930345489105
19.802406521999956,2.2460360641781607,-0.2974040928735041,0.4460360553941365,0.10259590712649591
19.817371161999972,2.2470252179844814,-0.2995214072339199,0.4470252092004572,0.10047859276608012
19.831243041000107,2.248002143255,-0.30164427666344773,0.4480021344709757,0.09835572333655229
19.871212244999924,2.2489668521038926,-0.3037727254967228,0.44896684331986836,0.09622727450327723
19.885908578999988,2.2499193126676613,-0.30590668343292227,0.4499193038836371,0.09409331656707776
19.90258535399994,2.250859493487355,-0.30804607998926176,0.4508594847033309,0.09195392001073827
19.917003424000086,2.2517816444375964,-0.31017795918540125,0.4517816356535722,0.08982204081459877
19.930912017000082,2.252690961139823,-0.3123145378268766,0.4526909523557989,0.0876854621731234
19.96480964600005,2.253587708306314,-0.3144564224352406,0.45358769952228983,0.08554357756475944
19.9789592730001,2.254471854977913,-0.31660353906441036,0.4544718461938888,0.08339646093558967
19.994295270000066,2.2553433706304813,-0.3187558135876731,0.4553433618464571,0.08124418641232695
20.00897152099992,2.256196580581271,-0.32089936986108897,0.45619657179724693,0.07910063013891105
20.02369199000009,2.2570366011484886,-0.3230472864466897,0.45703659236446437,0.07695271355331035
20.05868823500009,2.2578636939087233,-0.3252002141691212,0.4578636851246991,0.07479978583087882
20.072807197999964,2.2586778289701415,-0.32735807521974897,0.45867782018611725,0.07264192478025105
20.08736941799998,2.259478976909212,-0.329520791611644,0.4594789681251876,0.07047920838835603
20.100438870000062,2.2602700133814695,-0.33169604589811763,0.46027000459744527,0.06830395410188239
20.11457353300011,2.2610482709309045,-0.3338763679215244,0.4610482621468803,0.0661236320784756
20.148017041000003,2.2618135721406847,-0.3360612713512696,0.46181356335666046,0.0639387286487304
20.162394293000034,2.262565890043364,-0.338250679196399,0.4625658812593396,0.061749320803601015
20.177036744000134,2.263305198128994,-0.3404445143072329,0.4633051893449698,0.05955548569276714
20.190808007999976,2.264028668601689,-0.3426344781190997,0.4640286598176646,0.05736552188090033
20.205560690000084,2.2647388108113398,-0.3448283196689857,0.46473880202731555,0.05517168033101433
20.238015599999926,2.2654357434714982,-0.3470263932735621,0.465435734687474,0.052973606726437916
20.2515159940001,2.2661194413639123,-0.3492286193963394,0.4661194325798881,0.0507713806036606
20.265945971000065,2.266789879749221,-0.35143491835056917,0.466789870965197,0.04856508164943085
20.27952733699999,2.2674479998521884,-0.35364834980589255,0.46744799106816415,0.046351650194107474
20.2929232890001,2.2680929086083106,-0.35586584658391773,0.46809289982428637,0.04413415341608229
20.32531480600005,2.268724533259114,-0.3580871636627634,0.4687245244750897,0.041912836337236636
20.338422436999963,2.2693428511766114,-0.36031222146362485,0.46934284239258717,0.03968777853637517
20.35341531400013,2.269947840209531,-0.3625409402736863,0.4699478314255068,0.03745905972631375
20.36686852999992,2.2705415579637562,-0.36478079820716103,0.470541549179732,0.035219201792838994
20.380506722000064,2.271122123370864,-0.367024527293211,0.4711221145868396,0.03297547270678902
20.412897924999925,2.2716894095030082,-0.3692716505314408,0.471689400718984,0.030728349468559235
20.426113101000055,2.2722433965198308,-0.3715220893305882,0.47224338773580654,0.0284779106694118
20.44202955500009,2.2727840650460975,-0.37377576498343185,0.4727840562620733,0.026224235016568176
20.455940284999997,2.2733106718315055,-0.37602962485809455,0.47331066304748126,0.023970375141905476
20.470112078000056,2.273823841275551,-0.3782864169427526,0.47382383249152693,0.02171358305724741
20.504631364000033,2.274323592274144,-0.3805462183347081,0.4743235834901196,0.019453781665291936
20.518376553000053,2.274809907183479,-0.38280894925124137,0.47480989839945464,0.01719105074875865
20.53323986700002,2.275282768834116,-0.385074529806206,0.47528276005009196,0.014925470193794033
20.546937584000034,2.2757402361032435,-0.3873338137538343,0.4757402273192193,0.012666186246165723
20.560682082000085,2.276183984809084,-0.3895953351016303,0.4761839760250599,0.01040466489836972
20.598375701000123,2.2766140967664485,-0.3918594895629253,0.47661408798242433,0.0081405104370747
20.612373314000024,2.277030556354931,-0.39412619491025924,0.4770305475709067,0.00587380508974078
20.62990476999994,2.2774333484499376,-0.3963953688235305,0.4774333396659134,0.0036046311764695305
20.643955849000122,2.277822771676296,-0.3986686602395163,0.477822762892272,0.0013313397604837185
20.658235341000136,2.278198540035302,-0.4009443424661325,0.47819853125127776,-0.0009443424661324529
20.69363442100007,2.2785606241031293,-0.403222242065323,0.4785606153191051,-0.0032222420653229555
20.70725663799999,2.278909010799896,-0.4055022767505159,0.47890900201587194,-0.0055022767505159
20.722288588000083,2.279243687540524,-0.40778436415801134,0.4792436787565,-0.007784364158011314
20.736616165999976,2.279562451332987,-0.4100538154332904,0.47956244254896263,-0.01005381543329037
20.750799701999995,2.279867158033345,-0.41232441250979823,0.4798671492493207,-0.01232441250979821
20.783837378000044,2.2801579061162434,-0.41459683914434126,0.48015789733221914,-0.014596839144341234
20.798515940000016,2.2804346846025605,-0.4168710095263927,0.48043467581853627,-0.0168710095263927
20.813788610000074,2.2806974830406905,-0.41914683777957995,0.4806974742566663,-0.01914683777957993
20.828259345000106,2.280888161996355,-0.420922124013796,0.4808881532123308,-0.02092212401379595
20.841916087000072,2.281053682871702,-0.4226435209813178,0.48105367408767763,-0.022643520981317777
20.878555720000122,2.2812002374827243,-0.4243666363071038,0.48120022869870005,-0.024366636307103784
20.89200866300007,2.281327808056681,-0.4260912610282038,0.48132779927265656,-0.026091261028203805
20.907117238999945,2.281436379123031,-0.4278171859986209,0.48143637033900677,-0.027817185998620875
20.92040904800001,2.2815283952140617,-0.4295858569631443,0.4815283864300375,-0.029585856963144253
20.93397120999998,2.28160180369266,-0.43135923515588337,0.48160179490863597,-0.03135923515588335
20.967791668000018,2.2816563795658267,-0.43313329279115914,0.48165637078180246,-0.03313329279115912
20.983069716000045,2.281692116681223,-0.43490782987947124,0.48169210789719874,-0.03490782987947122
20.99637984600008,2.281709011010203,-0.43668264637727056,0.48170900222617896,-0.036682646377270534
21.011036200000035,2.2817078252383087,-0.4385645141706971,0.4817078164542845,-0.03856451417069706
21.02423832699992,2.2816886504786393,-0.44047157726055414,0.4816886416946151,-0.040471577260554115
21.048294519000137,2.28165141462983,-0.4423783732097047,0.4816514058458059,-0.04237837320970467
21.063257651999947,2.281596121032061,-0.44428473097208276,0.481596112248037,-0.04428473097208274
21.076874824000015,2.281522774645357,-0.4461904795409373,0.4815227658613328,-0.0461904795409373
21.090688984000053,2.2814304824810208,-0.44811781529470557,0.48143047369699654,-0.048117815294705546
21.10360592799998,2.2813202641173684,-0.45004558733594335,0.4813202553333442,-0.05004558733594333
21.123799872000063,2.281192189358249,-0.45197225544092173,0.48119218057422475,-0.05197225544092171
21.13747990899992,2.281046269198254,-0.45389765421457134,0.4810462604142296,-0.05389765421457132
21.15076005600008,2.2808825161639192,-0.4558216183707889,0.480882507379895,-0.05582161837078886
21.164158385000064,2.2806854967422048,-0.4579333711020088,0.48068548795818056,-0.0579333711020088
21.177139073000035,2.280435042673932,-0.46044182168267994,0.48043503388990794,-0.06044182168267992
21.19936331300005,2.2801279764755256,-0.4633281779136601,0.48012796769150135,-0.06332817791366008
21.21283554899992,2.2797914014026137,-0.4663092323467074,0.4797913926185895,-0.06630923234670738
21.22651016100008,2.2794354567224513,-0.4692880360826403,0.4794354479384271,-0.06928803608264028
21.240311576000067,2.2790601574736518,-0.4722644632674386,0.47906014868962754,-0.07226446326743857
21.25344115100006,2.2786655195125527,-0.4752383881474946,0.4786655107285285,-0.07523838814749456
21.272744503000013,2.2782515595125497,-0.4782096850749245,0.47825155072852543,-0.07820968507492448
21.28825319900011,2.277818294963391,-0.481178228512875,0.4778182861793667,-0.08117822851287498
21.301662947000068,2.2773657441704396,-0.4841438930408275,0.47736573538641536,-0.08414389304082748
21.314917262000108,2.2768939262538974,-0.487106553359897,0.4768939174698732,-0.08710655335989698
21.328815129000077,2.2764028611480036,-0.4900660842981253,0.4764028523639794,-0.09006608429812529
21.351344398000037,2.275892569600186,-0.4930223608157708,0.4758925608161617,-0.09302236081577075
21.364343951000137,2.275363073170185,-0.4959752580105905,0.4753630643861608,-0.09597525801059048
21.379280646000097,2.2748143942291468,-0.4989246511231168,0.47481438544512256,-0.09892465112311677
21.393188906999967,2.2742465559586753,-0.5018704155419296,0.4742465471746511,-0.10187041554192955
21.40717348399994,2.2736595823498527,-0.5048124268089205,0.47365957356582844,-0.10481242680892044
21.43847834799999,2.2730534982022266,-0.507750560624551,0.47305348941820236,-0.10775056062455102
21.452280400000063,2.2724283291227616,-0.5106846928531046,0.4724283203387374,-0.11068469285310456
21.466945985999928,2.271784101524759,-0.5136146995279314,0.47178409274073485,-0.11361469952793135
21.480250491000106,2.271120842626739,-0.5165404568566845,0.47112083384271464,-0.11654045685668446
21.494041661999972,2.270438580451291,-0.5194618412265525,0.47043857166726677,-0.11946184122655246
21.531529354999975,2.269737343823889,-0.5223787292094805,0.4697373350398648,-0.12237872920948045
21.544678203000103,2.269017162371678,-0.5252909975673844,0.46901715358765395,-0.12529099756738438
21.55988830000001,2.2682780665222184,-0.5281985232573599,0.4682780577381942,-0.12819852325735992
21.573974015999966,2.2675200875021972,-0.5311011834368791,0.467520078718173,-0.13110118343687904
21.587841901000047,2.2667432573361173,-0.5339988554689806,0.46674324855209304,-0.1339988554689806
21.622400151999955,2.2659476088449364,-0.5368914169274528,0.4659476000609122,-0.13689141692745277
21.63614606200008,2.265133175644685,-0.5397787456020042,0.46513316686066086,-0.1397787456020042
21.65056684000001,2.264299992145045,-0.5426607195034276,0.46429998336102085,-0.14266071950342762
21.664538613000104,2.2634480935478956,-0.5455372168687543,0.46344808476387134,-0.14553721686875432
21.678183499999932,2.262577515845826,-0.5484081161663984,0.4625775070618017,-0.14840811616639837
21.713777060999973,2.261688295820614,-0.5512732961012926,0.46168828703658993,-0.1512732961012926
21.727258767999956,2.260780471041673,-0.5541326356200097,0.46078046225764857,-0.15413263562000967
21.74261815900013,2.259854079864465,-0.5569860139158809,0.45985407108044085,-0.15698601391588085
21.75631751500009,2.258909161428881,-0.5598333104340977,0.45890915264485677,-0.15983331043409765
21.768955573000085,2.257945755657583,-0.5626744048768054,0.4579457468735588,-0.1626744048768054
21.811891785999933,2.2569639032543214,-0.5655091772081866,0.45696389447029717,-0.1655091772081866
21.826077468999983,2.2559636457022143,-0.5683375076595326,0.4559636369181901,-0.1683375076595326
21.841554876000146,2.254945025261994,-0.5711592767343014,0.4549450164779698,-0.17115927673430142
21.855054766999956,2.2539080849702233,-0.5739743652131702,0.4539080761861991,-0.17397436521317022
21.868143115000066,2.2528528686374756,-0.5767826541590698,0.45285285985345136,-0.1767826541590698
21.90959574800013,2.2517794208464834,-0.5795840249222092,0.4517794120624592,-0.17958402492220915
21.922996843999954,2.250687786950256,-0.5823783591450904,0.45068777816623196,-0.18237835914509037
21.93757288000006,2.2495780130701646,-0.5851655387675085,0.44957800428614036,-0.18516553876750852
21.951800203999937,2.248450146093989,-0.587945446031539,0.44845013730996475,-0.18794544603153895
21.96544717500001,2.2473042336739417,-0.5907179634865135,0.4473042248899175,-0.1907179634865135
21.99971563500003,2.246140324224652,-0.593482973993982,0.4461403154406278,-0.19348297399398195
22.015034755999977,2.2449584669211218,-0.5962403607326616,0.44495845813709756,-0.1962403607326616
22.03372602000013,2.2437587116966435,-0.5989900072033727,0.4437587029126193,-0.19899000720337268
22.049100572000043,2.2425411092406997,-0.6017317972339616,0.4425411004566755,-0.20173179723396162
22.063689437999983,2.241305710996812,-0.604465614984207,0.441305702212788,-0.204465614984207
22.104534323000053,2.240052569160372,-0.607191344950715,0.4400525603763479,-0.207191344950715
22.118585780000103,2.238781736676437,-0.6099088719718005,0.4387817278924129,-0.20990887197180053
22.13418749099992,2.237493267237491,-0.6126180812323514,0.43749325845346676,-0.21261808123235137
22.147924302000092,2.236187215281175,-0.615318858268679,0.4361872064971506,-0.21531885826867903
22.16191281400006,2.2348636359879883,-0.6180110889733557,0.4348636272039641,-0.21801108897335564
22.198901848000105,2.233522585278961,-0.6206946596000344,0.43352257649493686,-0.22069465960003443
22.212504621000107,2.2321641198132864,-0.6233694567682555,0.4321641110292622,-0.22336945676825548
22.228047624000055,2.230788296985928,-0.6260353674682365,0.4307882882019036,-0.2260353674682365
22.242168283999945,2.2293951749251946,-0.6286922790656466,0.42939516614117035,-0.2286922790656466
22.255692395000096,2.227984812490287,-0.6313400793063666,0.4279848037062626,-0.23134007930636658
22.295594444000017,2.2265572692688083,-0.6339786563212297,0.42655726048478404,-0.23397865632122972
22.31038734899994,2.2251126055742474,-0.63660789863075,0.4251125967902232,-0.23660789863074994
22.325616924000087,2.22365088244343,-0.6392276951498306,0.4236508736594058,-0.23922769514983055
22.339858649000007,2.222172161633941,-0.6418379351924586,0.4221721528499167,-0.24183793519245855
22.353935149000108,2.220676505621513,-0.6444385084763801,0.420676496837489,-0.24443850847638005
22.39138684800014,2.2191639775973933,-0.6470293051277608,0.41916396881336904,-0.24702930512776078
22.405206447999944,2.217634641465665,-0.6496102156858278,0.4176346326816407,-0.24961021568582775
22.421421517,2.2160885618405493,-0.6521811311074939,0.41608855305652503,-0.25218113110749385
22.43526518800013,2.2145258040436833,-0.6547419427719648,0.41452579525965905,-0.2547419427719648
22.44866642000011,2.2129464341013514,-0.6572925424853289,0.41294642531732717,-0.25729254248532885
22.489273570000023,2.211350518741699,-0.6598328224851275,0.41135050995767464,-0.2598328224851275
22.502600877000077,2.209738125391911,-0.6623626754449085,0.4097381166078866,-0.26236267544490843
22.517693531000077,2.208109322175367,-0.6648819944787605,0.40810931339134293,-0.2648819944787605
22.531329423999978,2.206464177908761,-0.6673906731458294,0.4064641691247368,-0.2673906731458294
22.54504153300013,2.204802762099193,-0.6698886054548147,0.4048027533151688,-0.26988860545481463
22.585030224000093,2.203125144941234,-0.6723756858684478,0.4031251361572099,-0.27237568586844774
22.60035466399995,2.2014313973139608,-0.6748518093079511,0.40143138852993654,-0.27485180930795106
22.616371881000077,2.1997215907779566,-0.6773168711574779,0.3997215819939324,-0.27731687115747783
22.630196776000048,2.1979957975722932,-0.6797707672685311,0.397995788788269,-0.2797707672685311
22.64323086100012,2.196254090611478,-0.6822133939643655,0.3962540818274538,-0.2822133939643655
22.68429440900013,2.194496543482371,-0.6846446480443671,0.3944965346983469,-0.28464464804436707
22.69741725500012,2.192723230441078,-0.6870644267884121,0.392723221657054,-0.28706442678841204
22.71215491099997,2.190934226409809,-0.6894726279612083,0.39093421762578484,-0.2894726279612083
22.725232402000074,2.1891296069737183,-0.691869149816615,0.38912959818969406,-0.29186914981661494
22.738713683000014,2.1873094483777105,-0.6942538911019396,0.38730943959368624,-0.29425389110193956
22.775551123000014,2.1854738275232144,-0.6966267510622183,0.3854738187391902,-0.29662675106221825
22.78941548900002,2.1836228219649376,-0.6989876294444703,0.3836228131809134,-0.2989876294444703
22.804704764000007,2.18175650990759,-0.7013364265019352,0.38175650112356574,-0.30133642650193515
22.818669217999968,2.179874970202579,-0.7036730429982864,0.3798749614185548,-0.30367304299828635
22.832538124999928,2.177978282344676,-0.7059973802118249,0.37797827356065183,-0.3059973802118249
22.86966960099994,2.1760665264686625,-0.7083093399396491,0.3760665176846383,-0.30830933993964904
22.88305622100006,2.1741397833459386,-0.7106088245018043,0.3741397745619144,-0.31060882450180427
22.89712088200008,2.1721981343811154,-0.7128957367454101,0.3721981255970912,-0.31289573674541005
22.910618656999986,2.1702416616085727,-0.715169980048764,0.37024165282454846,-0.31516998004876395
22.924641028999986,2.1682704476889936,-0.7174314583254252,0.36827043890496935,-0.3174314583254252
22.959821862000126,2.1662845759058724,-0.7196800760282727,0.3662845671218482,-0.31968007602827264
22.975054982000074,2.164284130161998,-0.7219157381535429,0.3642841213779737,-0.3219157381535429
22.99195885800009,2.1622691949759045,-0.7241383502448436,0.3622691861918803,-0.3241383502448436
23.005372348000037,2.1602398554783044,-0.7263478183971446,0.3602398466942802,-0.32634781839714455
23.018338099999937,2.1581961974084884,-0.7285440492607453,0.35819618862446423,-0.3285440492607453
23.054458734000036,2.156138307110707,-0.7307269500452183,0.35613829832668276,-0.33072695004521824
23.06839077099994,2.154066271530519,-0.7328964285233303,0.354066262746495,-0.33289642852333023
23.083582860999968,2.1519801782111205,-0.735052393034938,0.3519801694270963,-0.33505239303493795
23.096505583999942,2.149880115289642,-0.7371947524908616,0.3498801065056176,-0.3371947524908616
23.110218123000095,2.14776617149343,-0.7393234163767333,0.34776616270940575,-0.33932341637673324
23.145408718,2.1456384361362963,-0.7414382947568198,0.3456384273522721,-0.34143829475681975
23.158612559999938,2.1434969991147432,-0.7435392982778246,0.343496990330719,-0.3435392982778246
23.174518540999998,2.1413419509041653,-0.7456263381726616,0.34134194212014113,-0.34562633817266153
23.18858160500008,2.1391733825550308,-0.7476993262642051,0.33917337377100654,-0.3476993262642051
23.20293425,2.136991385689028,-0.7497581749690174,0.3369913769050037,-0.3497581749690174
23.242583429999968,2.1347960524952,-0.7518027973010464,0.33479604371117566,-0.35180279730104635
23.25671438800009,2.132587475726048,-0.7538331068753028,0.3325874669420237,-0.3538331068753028
23.272230772000057,2.1303657486936123,-0.7558490179115088,0.33036573990958806,-0.3558490179115088
23.285726158999978,2.1281309652655285,-0.7578504452377236,0.32813095648150425,-0.3578504452377236
23.29903642299996,2.125883219861065,-0.75983730429394,0.32588321107704066,-0.35983730429394
23.33680963100005,2.1236226074471314,-0.7618095111356588,0.32362259866310716,-0.36180951113565873
23.350423013999944,2.1213492235342652,-0.763766982437434,0.32134921475024103,-0.363766982437434
23.36530382000001,2.119063164172598,-0.7657096354963946,0.31906315538857366,-0.36570963549639457
23.378317704999972,2.1167645259477994,-0.7676373882357375,0.3167645171637752,-0.36763738823573744
23.39145408100012,2.1144534059769904,-0.7695501592081966,0.31445339719296617,-0.36955015920819656
23.427359211000066,2.1121299019046473,-0.7714478675994824,0.3121298931206231,-0.37144786759948234
23.440360506999923,2.1097941118984704,-0.7733304332316979,0.3097941031144462,-0.3733304332316979
23.455052699000134,2.1074461346452407,-0.7751977765667251,0.30744612586121645,-0.37519777656672504
23.46870302399998,2.105086069346648,-0.7770498187095858,0.3050860605626238,-0.37704981870958576
23.481451558000117,2.1027140157150996,-0.7788864814117751,0.3027140069310754,-0.37888648141177506
23.519037644000036,2.1003300739695097,-0.7807076870745671,0.30033006518548544,-0.38070768707456704
23.532097938000106,2.0979343448310606,-0.7825133587522933,0.29793433604703634,-0.3825133587522933
23.54899776100001,2.0955269295189534,-0.7843034201555941,0.29552692073492914,-0.38430342015559404
23.563253371999963,2.093107929746127,-0.7860777956546414,0.2931079209621028,-0.3860777956546414
23.577336380000133,2.0906774477149614,-0.7878364102823345,0.2906774389309372,-0.3878364102823345
23.611833653000076,2.0882355861129613,-0.7895791897374664,0.2882355773289371,-0.3895791897374664
23.62534678499992,2.085782448108416,-0.791306060387865,0.28578243932439196,-0.391306060387865
23.639573369000118,2.083318137346039,-0.7930169492735017,0.283318128562015,-0.3930169492735017
23.652533332000075,2.080842757942597,-0.7947117841095762,0.280842749158573,-0.3947117841095762
23.665139814999975,2.0783564144825024,-0.7963904932895682,0.2783564056984782,-0.3963904932895682
23.698882248000018,2.075859212013392,-0.798053005888265,0.27585920322936786,-0.398053005888265
23.712771040999996,2.073351256041701,-0.7996992516647562,0.2733512472576767,-0.39969925166475617
23.729433152999945,2.070832652528198,-0.801329161065403,0.2708326437441737,-0.40132916106540295
23.742291868999928,2.07070644476123,-0.8014102264674832,0.2707064359772058,-0.40141022646748314
23.755174583000098,2.070706444761212,-0.8014102264674972,0.2707064359771876,-0.40141022646749713
23.794173969999974,2.0707064447611985,-0.8014102264675077,0.27070643597717425,-0.4014102264675077
23.80724099300005,2.0707064447611807,-0.8014102264675217,0.2707064359771565,-0.40141022646752167
23.822959239000056,2.0707064447611656,-0.8014102264675335,0.2707064359771414,-0.40141022646753344
23.836330948000068,2.0707064447611483,-0.8014102264675459,0.27070643597712407,-0.40141022646754587
23.84932052499994,2.070706444761131,-0.8014102264675576,0.27070643597710675,-0.40141022646755753
23.887779248000015,2.070706444761114,-0.8014102264675691,0.2707064359770899,-0.4014102264675691
23.900815340999998,2.070706444761097,-0.8014102264675808,0.270706435977073,-0.40141022646758073
23.916810078000026,2.0707064447610803,-0.8014102264675923,0.2707064359770561,-0.4014102264675923
23.92993122500002,2.0707064447610675,-0.8014102264676021,0.27070643597704325,-0.40141022646760205
23.94301990400004,2.0707064447610573,-0.8014102264676114,0.27070643597703303,-0.4014102264676114
23.983291965000035,2.0707064447610484,-0.8014102264676206,0.27070643597702415,-0.4014102264676206
23.998610763999977,2.0707064447610395,-0.8014102264676298,0.27070643597701527,-0.4014102264676298
24.015884136000068,2.0707064447610333,-0.8014102264676365,0.27070643597700905,-0.40141022646763647
24.03105332700011,2.0707064447610395,-0.8014102264676296,0.27070643597701527,-0.4014102264676296
24.04469624500007,2.0707064447610484,-0.8014102264676197,0.27070643597702415,-0.4014102264676197
24.085192892000123,2.0707064447610573,-0.8014102264676097,0.27070643597703303,-0.4014102264676097
24.099656474000085,2.070706444761066,-0.8014102264675999,0.2707064359770419,-0.40141022646759983
24.115867476999938,2.0707064447610675,-0.8014102264675983,0.27070643597704325,-0.4014102264675983
24.128656213000113,2.0707064447610675,-0.8014102264675983,0.27070643597704325,-0.4014102264675983
24.142352333999952,2.0707064447610675,-0.8014102264675985,0.27070643597704325,-0.4014102264675985
24.177986622999924,2.0707064447610675,-0.8014102264675985,0.27070643597704325,-0.4014102264675985
24.191633099,2.0707064447610675,-0.8014102264675983,0.27070643597704325,-0.4014102264675983
24.20695055200008,2.0707064447610675,-0.8014102264675983,0.27070643597704325,-0.4014102264675983
24.220245418000104,2.0707064447610675,-0.8014102264675985,0.27070643597704325,-0.4014102264675985
24.232671325999945,2.0707064447610675,-0.8014102264675983,0.27070643597704325,-0.4014102264675983
24.270925371999965,2.0707064447610675,-0.8014102264675983,0.27070643597704325,-0.4014102264675983
24.285387423999964,2.0707064447610675,-0.8014102264675985,0.27070643597704325,-0.4014102264675985
24.300961169999937,2.0707064447610675,-0.8014102264675983,0.27070643597704325,-0.4014102264675983
24.314458447000106,2.0707064447610675,-0.8014102264675983,0.27070643597704325,-0.4014102264675983
24.327462834000016,2.0707064447610675,-0.8014102264675985,0.27070643597704325,-0.4014102264675985
24.36492139300003,2.0707064447610675,-0.8014102264675983,0.27070643597704325,-0.4014102264675983
24.378470761000017,2.0707064447610675,-0.8014102264675983,0.27070643597704325,-0.4014102264675983
24.394348729000058,2.0707064447610675,-0.8014102264675985,0.27070643597704325,-0.4014102264675985
24.408070485000053,2.0707064447610675,-0.8014102264675983,0.27070643597704325,-0.4014102264675983
24.421650262999947,2.0707064447610675,-0.8014102264675983,0.27070643597704325,-0.4014102264675983
24.454846307000025,2.0707064447610675,-0.8014102264675985,0.27070643597704325,-0.4014102264675985
24.467707449000045,2.0707064447610675,-0.8014102264675983,0.27070643597704325,-0.4014102264675983
24.482337934000043,2.0707064447610675,-0.8014102264675983,0.27070643597704325,-0.4014102264675983
24.495732755000063,2.0707064447610675,-0.8014102264675985,0.27070643597704325,-0.4014102264675985
24.510069638000004,2.0707064447610675,-0.8014102264675983,0.27070643597704325,-0.4014102264675983
24.545573225,2.0707064447610675,-0.8014102264675983,0.27070643597704325,-0.4014102264675983
24.559065533999956,2.0707064447610675,-0.8014102264675985,0.27070643597704325,-0.4014102264675985
24.57500207199996,2.0707064447610675,-0.8014102264675983,0.27070643597704325,-0.4014102264675983
24.588051952000114,2.0707064447610675,-0.8014102264675983,0.27070643597704325,-0.4014102264675983
24.602549868000096,2.0707064447610675,-0.8014102264675985,0.27070643597704325,-0.4014102264675985
24.640667757000074,2.0707064447610675,-0.8014102264675985,0.27070643597704325,-0.4014102264675985
24.65377753300004,2.0707064447610675,-0.8014102264675983,0.27070643597704325,-0.4014102264675983
24.66921401600007,2.0707064447610675,-0.8014102264675983,0.27070643597704325,-0.4014102264675983
24.68302801799996,2.0707064447610675,-0.8014102264675985,0.27070643597704325,-0.4014102264675985
24.696104098999967,2.0707064447610675,-0.8014102264675983,0.27070643597704325,-0.4014102264675983
24.735192645000097,2.0707064447610675,-0.8014102264675983,0.27070643597704325,-0.4014102264675983
24.74814613600006,2.0707064447610675,-0.8014102264675985,0.27070643597704325,-0.4014102264675985
24.764503084000125,2.0707064447610675,-0.8014102264675983,0.27070643597704325,-0.4014102264675983
24.77962519400012,2.0707064447610675,-0.8014102264675983,0.27070643597704325,-0.4014102264675983
24.79359567000006,2.0707064447610675,-0.8014102264675985,0.27070643597704325,-0.4014102264675985
24.83533417400008,2.0707064447610675,-0.8014102264675983,0.27070643597704325,-0.4014102264675983
24.84977521199994,2.0707064447610675,-0.8014102264675983,0.27070643597704325,-0.4014102264675983
24.86677117399995,2.0707064447610675,-0.8014102264675985,0.27070643597704325,-0.4014102264675985
24.879643514999998,2.0707064447610675,-0.8014102264675983,0.27070643597704325,-0.4014102264675983
24.89445482600013,2.0707064447610675,-0.8014102264675983,0.27070643597704325,-0.4014102264675983
24.930242378000003,2.0707064447610675,-0.8014102264675985,0.27070643597704325,-0.4014102264675985
24.943726003999927,2.0707064447610675,-0.8014102264675983,0.27070643597704325,-0.4014102264675983
24.958984371000042,2.0707064447610675,-0.8014102264675983,0.27070643597704325,-0.4014102264675983
24.972785810999994,2.0707064447610675,-0.8014102264675985,0.27070643597704325,-0.4014102264675985
24.987435412999957,2.0707064447610675,-0.8014102264675983,0.27070643597704325,-0.4014102264675983
25.023149525999997,2.0707064447610675,-0.8014102264675983,0.27070643597704325,-0.4014102264675983
25.03655922600001,2.0707064447610675,-0.8014102264675985,0.27070643597704325,-0.4014102264675985
25.052130313000134,2.0707064447610675,-0.8014102264675983,0.27070643597704325,-0.4014102264675983
25.066055168000048,2.0707064447610675,-0.8014102264675983,0.27070643597704325,-0.4014102264675983
25.079347319000135,2.0707064447610675,-0.8014102264675985,0.27070643597704325,-0.4014102264675985
25.116355187999943,2.0707064447610675,-0.8014102264675985,0.27070643597704325,-0.4014102264675985
25.129807135999954,2.0707064447610675,-0.8014102264675983,0.27070643597704325,-0.4014102264675983
25.145025271000122,2.0707064447610675,-0.8014102264675983,0.27070643597704325,-0.4014102264675983
25.158429699999942,2.0707064447610675,-0.8014102264675985,0.27070643597704325,-0.4014102264675985
25.171181125999965,2.0707064447610675,-0.8014102264675983,0.27070643597704325,-0.4014102264675983
25.206454944000143,2.0707064447610675,-0.8014102264675983,0.27070643597704325,-0.4014102264675983
25.220247596000036,2.0707064447610675,-0.8014102264675985,0.27070643597704325,-0.4014102264675985
25.237526005000063,2.0707064447610675,-0.8014102264675983,0.27070643597704325,-0.4014102264675983
25.25153921900005,2.0707064447610675,-0.8014102264675983,0.27070643597704325,-0.4014102264675983
25.265356484999984,2.0707064447610675,-0.8014102264675985,0.27070643597704325,-0.4014102264675985
25.303310040000042,2.0707064447610675,-0.8014102264675983,0.27070643597704325,-0.4014102264675983
25.319163131000096,2.0707064447610675,-0.8014102264675983,0.27070643597704325,-0.4014102264675983
25.332893510000076,2.0707064447610675,-0.8014102264675985,0.27070643597704325,-0.4014102264675985
25.34560849500008,2.0707064447610675,-0.8014102264675983,0.27070643597704325,-0.4014102264675983
25.358329413000092,2.0707064447610675,-0.8014102264675983,0.27070643597704325,-0.4014102264675983
25.38015710800005,2.0707064447610675,-0.8014102264675985,0.27070643597704325,-0.4014102264675985
25.394514630000003,2.0707064447610675,-0.8014102264675983,0.27070643597704325,-0.4014102264675983
25.40929646199993,2.0707064447610675,-0.8014102264675983,0.27070643597704325,-0.4014102264675983
25.422378837999986,2.0707064447610675,-0.8014102264675985,0.27070643597704325,-0.4014102264675985
25.43640613399998,2.0707064447610675,-0.8014102264675983,0.27070643597704325,-0.4014102264675983
25.45850650700004,2.0707064447610675,-0.8014102264675983,0.27070643597704325,-0.4014102264675983
25.472949462000088,2.0707064447610675,-0.8014102264675985,0.27070643597704325,-0.4014102264675985
25.486078758000076,2.0707064447610675,-0.8014102264675983,0.27070643597704325,-0.4014102264675983
25.499429095000096,2.0707064447610675,-0.8014102264675983,0.27070643597704325,-0.4014102264675983
25.51277717800008,2.0707064447610675,-0.8014102264675985,0.27070643597704325,-0.4014102264675985
25.53708355699996,2.0707064447610675,-0.8014102264675985,0.27070643597704325,-0.4014102264675985
25.55031463499995,2.0707064447610675,-0.8014102264675983,0.27070643597704325,-0.4014102264675983
25.565253773999984,2.0707064447610675,-0.8014102264675983,0.27070643597704325,-0.4014102264675983
25.57872138200014,2.0707064447610675,-0.8014102264675985,0.27070643597704325,-0.4014102264675985
25.59255561000009,2.0707064447610675,-0.8014102264675983,0.27070643597704325,-0.4014102264675983
25.62381758200013,2.0707064447610675,-0.8014102264675983,0.27070643597704325,-0.4014102264675983
25.637625959999923,2.0707064447610675,-0.8014102264675985,0.27070643597704325,-0.4014102264675985
25.652200094000136,2.0707064447610675,-0.8014102264675983,0.27070643597704325,-0.4014102264675983
25.665977626000085,2.0707064447610675,-0.8014102264675983,0.27070643597704325,-0.4014102264675983
25.679345829000113,2.0707064447610675,-0.8014102264675985,0.27070643597704325,-0.4014102264675985
25.71248087999993,2.0707064447610675,-0.8014102264675983,0.27070643597704325,-0.4014102264675983
25.726041228999975,2.0707064447610675,-0.8014102264675983,0.27070643597704325,-0.4014102264675983
25.739982057000134,2.0707064447610675,-0.8014102264675985,0.27070643597704325,-0.4014102264675985
25.75475610700005,2.0707064447610675,-0.8014102264675983,0.27070643597704325,-0.4014102264675983
25.768297130000064,2.0707064447610675,-0.8014102264675983,0.27070643597704325,-0.4014102264675983
25.800826445999974,2.0707064447610675,-0.8014102264675985,0.27070643597704325,-0.4014102264675985
25.814528440999993,2.0707064447610675,-0.8014102264675983,0.27070643597704325,-0.4014102264675983
25.82913274700013,2.0707064447610675,-0.8014102264675983,0.27070643597704325,-0.4014102264675983
25.84200855500012,2.0707064447610675,-0.8014102264675985,0.27070643597704325,-0.4014102264675985
25.85529861400005,2.0707064447610675,-0.8014102264675983,0.27070643597704325,-0.4014102264675983
25.890990231999922,2.0707064447610675,-0.8014102264675983,0.27070643597704325,-0.4014102264675983
25.904079667000133,2.0707064447610675,-0.8014102264675985,0.27070643597704325,-0.4014102264675985
25.91950597899995,2.0707064447610675,-0.8014102264675983,0.27070643597704325,-0.4014102264675983
25.932361780000065,2.0707064447610675,-0.8014102264675983,0.27070643597704325,-0.4014102264675983
25.94655233100002,2.0707064447610675,-0.8014102264675985,0.27070643597704325,-0.4014102264675985
25.979664502000105,2.0707064447610675,-0.8014102264675985,0.27070643597704325,-0.4014102264675985
25.992545025000027,2.0707064447610675,-0.8014102264675983,0.27070643597704325,-0.4014102264675983
26.007626210000126,2.0707064447610675,-0.8014102264675985,0.27070643597704325,-0.4014102264675985
26.02127687799998,2.0707064447610675,-0.8014102264675985,0.27070643597704325,-0.4014102264675985
26.03440793599998,2.0707064447610675,-0.8014102264675983,0.27070643597704325,-0.4014102264675983
26.07179140700009,2.0707064447610675,-0.8014102264675983,0.27070643597704325,-0.4014102264675983
26.085179200000084,2.0707064447610675,-0.8014102264675985,0.27070643597704325,-0.4014102264675985
26.099904453000136,2.0707064447610675,-0.8014102264675983,0.27070643597704325,-0.4014102264675983
26.112757573999943,2.0707064447610675,-0.8014102264675983,0.27070643597704325,-0.4014102264675983
26.126266321999992,2.0707064447610675,-0.8014102264675985,0.27070643597704325,-0.4014102264675985
26.161262046000047,2.0707064447610675,-0.8014102264675983,0.27070643597704325,-0.4014102264675983
26.174477286999945,2.0707064447610675,-0.8014102264675983,0.27070643597704325,-0.4014102264675983
26.18913190000012,2.0707064447610675,-0.8014102264675984,0.27070643597704325,-0.4014102264675984
26.202620488000093,2.0707064447610675,-0.8014102264675983,0.27070643597704325,-0.4014102264675983
26.21620050699994,2.0707064447610675,-0.8014102264675983,0.27070643597704325,-0.4014102264675983
26.25193820200002,2.0707064447610675,-0.8014102264675984,0.27070643597704325,-0.4014102264675984
26.265189531000033,2.0707064447610675,-0.8014102264675983,0.27070643597704325,-0.4014102264675983
26.27959496199992,2.0707064447610675,-0.8014102264675983,0.27070643597704325,-0.4014102264675983
26.29295547400011,2.0707064447610675,-0.8014102264675984,0.27070643597704325,-0.4014102264675984
26.305860761000076,2.0707064447610675,-0.8014102264675983,0.27070643597704325,-0.4014102264675983
26.341398143000106,2.0707064447610675,-0.8014102264675983,0.27070643597704325,-0.4014102264675983
26.355017852999936,2.0707064447610675,-0.8014102264675984,0.27070643597704325,-0.4014102264675984
26.369997242999943,2.0707064447610675,-0.8014102264675983,0.27070643597704325,-0.4014102264675983
26.383313571000144,2.0707064447610675,-0.8014102264675983,0.27070643597704325,-0.4014102264675983
26.39673817400012,2.0707064447610675,-0.8014102264675984,0.27070643597704325,-0.4014102264675984
26.437032428000066,2.0707064447610675,-0.8014102264675983,0.27070643597704325,-0.4014102264675983
26.45170014700011,2.0707064447610675,-0.8014102264675983,0.27070643597704325,-0.4014102264675983
26.467723621999994,2.0707064447610675,-0.8014102264675984,0.27070643597704325,-0.4014102264675984
26.48161627000013,2.0707064447610675,-0.8014102264675984,0.27070643597704325,-0.4014102264675984
26.494781113000045,2.0707064447610675,-0.8014102264675983,0.27070643597704325,-0.4014102264675983
26.533832690000054,2.0707064447610675,-0.8014102264675983,0.27070643597704325,-0.4014102264675983
26.548313493000023,2.0707064447610675,-0.8014102264675984,0.27070643597704325,-0.4014102264675984
26.564014477,2.0707064447610675,-0.8014102264675983,0.27070643597704325,-0.4014102264675983
26.577931330999945,2.0707064447610675,-0.8014102264675983,0.27070643597704325,-0.4014102264675983
26.591180662999932,2.0707064447610675,-0.8014102264675984,0.27070643597704325,-0.4014102264675984
26.63104852100014,2.0707064447610675,-0.8014102264675983,0.27070643597704325,-0.4014102264675983
26.64467231699996,2.0707064447610675,-0.8014102264675983,0.27070643597704325,-0.4014102264675983
26.661489285000016,2.0707064447610675,-0.8014102264675984,0.27070643597704325,-0.4014102264675984
26.68010380999999,2.070874243959174,-0.8014993522073406,0.27087423517514986,-0.40149935220734057
26.698573256000145,2.071396295451153,-0.8017742372306443,0.27139628666712867,-0.4017742372306443
26.738048412000126,2.0722741105685496,-0.8022319918382943,0.2722741017845254,-0.4022319918382943
26.753949297999952,2.0735091829580927,-0.8028697171204,0.2735091741740685,-0.4028697171204
26.77061584000012,2.075102988531851,-0.8036845050526303,0.2751029797478266,-0.4036845050526303
26.785831579999922,2.077057383784189,-0.8046726495191551,0.2770573750001646,-0.40467264951915505
26.801592045999996,2.079229309075438,-0.8057575350057316,0.2792293002914137,-0.40575753500573153
26.8367913510001,2.0814083415600084,-0.8068325533918816,0.2814083327759842,-0.4068325533918816
26.85117725000009,2.083592660001248,-0.8078967902295534,0.283592651217224,-0.4078967902295534
26.867451216000063,2.085782211053958,-0.8089502195280697,0.28578220226993367,-0.40895021952806965
26.881878028000074,2.087927348963722,-0.809968668337816,0.2879273401796978,-0.409968668337816
26.896948578000092,2.0900753739459885,-0.8109741856269073,0.2900753651619643,-0.41097418562690724
26.934151933000066,2.092228842130712,-0.811967992006683,0.2922288333466876,-0.411967992006683
26.949469850000014,2.09438768967126,-0.8129500580124916,0.29438768088723566,-0.4129500580124916
26.96548080599996,2.0965518525615123,-0.8139203545277631,0.2965518437774881,-0.4139203545277631
26.979185345000133,2.098631723701408,-0.8148383018255633,0.2986317149173836,-0.41483830182556325
26.994325865000064,2.1007126335417063,-0.8157409701932632,0.3007126247576821,-0.41574097019326317
27.026012862000016,2.102799225976542,-0.8166304239337018,0.3027992171925178,-0.41663042393370175
27.039930640999955,2.1048914170886364,-0.8175066272753801,0.30489140830461214,-0.4175066272753801
27.055544090000012,2.106989122735544,-0.818369544979696,0.30698911395151973,-0.41836954497969603
27.069394340000144,2.109016630201443,-0.8191878119357044,0.3090166214174188,-0.4191878119357044
27.083212143000083,2.1110458850261695,-0.8199900909675173,0.3110458762421453,-0.41999009096751727
27.119322845999932,2.1130807757717336,-0.820777965603594,0.31308076698770937,-0.42077796560359393
27.13232924299996,2.115121200191929,-0.8215513962559646,0.31512119140790484,-0.4215513962559646
27.14703568699997,2.117167055762501,-0.8223103440624193,0.31716704697847686,-0.4223103440624193
27.161204935000114,2.1192264677742343,-0.8230578396872804,0.31922645899021007,-0.4230578396872804
27.174713496000095,2.1212915029957506,-0.8237910398059175,0.3212914942117264,-0.4237910398059175
27.210259004000136,2.1233616260084895,-0.8245097494776205,0.3233616172244653,-0.42450974947762043
27.22352977100013,2.125436735133723,-0.8252139334013548,0.32543672634969867,-0.4252139334013548
27.23791270400011,2.1275167284478167,-0.8259035569895491,0.3275167196637925,-0.42590355698954907
27.25112433000004,2.1296157538170815,-0.8265833410843779,0.32961574503305724,-0.4265833410843779
27.264238990999957,2.1317201537652037,-0.8272489266356297,0.3317201449811795,-0.42724892663562963
27.300015708000046,2.133829077465103,-0.8279000365308793,0.333829068681079,-0.42790003653087927
27.31311013100003,2.135942425343549,-0.8285366400278505,0.3359424165595246,-0.4285366400278505
27.32700656199995,2.138060097618423,-0.8291587070691889,0.33806008883439875,-0.4291587070691889
27.34105726000007,2.140209335040613,-0.8297743074505733,0.34020932625658884,-0.4297743074505733
27.355110763000084,2.1423645721840385,-0.8303762544801546,0.3423645634000143,-0.4303762544801546
27.388115653000114,2.1445237389682648,-0.8309639501230849,0.34452373018424054,-0.43096395012308486
27.400750922000043,2.146686741157889,-0.8315373687297773,0.34668673237386494,-0.4315373687297773
27.414422755000032,2.1488534843501172,-0.832096485273758,0.34885347556609303,-0.432096485273758
27.428426528000045,2.1510627423692554,-0.8326514229794729,0.3510627335852312,-0.4326514229794729
27.44187619200011,2.1532788685506334,-0.8331934463610362,0.3532788597666092,-0.4331934463610362
27.475099723000085,2.155498327145755,-0.8337216585745415,0.35549831836173085,-0.4337216585745415
27.487649682999972,2.1577210320826206,-0.8342360391355876,0.35772102329859634,-0.4342360391355876
27.50112034300014,2.1599468971633407,-0.8347365680961736,0.35994688837931643,-0.43473656809617356
27.51396557399994,2.1621987297284737,-0.8352284507210993,0.3621987209444495,-0.4352284507210993
27.527433397000095,2.1644549428020725,-0.8357071032839096,0.3644549340180483,-0.4357071032839096
27.559830288000057,2.166713992248155,-0.8361721853299162,0.36671398346413064,-0.4361721853299162
27.572498950999943,2.1689757964444696,-0.8366236800551301,0.36897578766044536,-0.4366236800551301
27.58837999000002,2.1712402736692336,-0.8370615711464876,0.37124026488520934,-0.4370615711464876
27.60269451499994,2.1735384890607174,-0.8374919831124298,0.37353848027669323,-0.43749198311242976
27.616453830999944,2.175841502963161,-0.8379096906993014,0.3758414941791368,-0.4379096906993014
27.653043115999935,2.178146866391584,-0.8383142300989549,0.37814685760755995,-0.43831423009895487
27.666956142000117,2.1804545040534777,-0.8387055880992497,0.3804544952694535,-0.43870558809924964
27.681763490000094,2.182764340582056,-0.8390837519185453,0.3827643317980318,-0.4390837519185453
27.69507991399996,2.185144463863118,-0.8394602007219475,0.3851444550790937,-0.43946020072194747
27.70896929200012,2.18753611576285,-0.8398261683111682,0.3875361069788259,-0.43982616831116816
27.744229206,2.1899295785936546,-0.8401800987611329,0.38992956980963034,-0.44018009876113284
27.757040450999966,2.1923247917732276,-0.8405219831133055,0.39232478298920337,-0.4405219831133055
27.7710909540001,2.1947216946749593,-0.8408518127140565,0.39472168589093504,-0.4408518127140565
27.78459835500007,2.1970879606648652,-0.8411649858415098,0.397087951880841,-0.44116498584150976
27.79762297000002,2.199454160613813,-0.8414653268389802,0.39945415182978894,-0.4414653268389802
27.832026498999994,2.201821927294148,-0.8417530556360339,0.4018219185101237,-0.44175305563603384
27.845352479999974,2.2041911934814356,-0.8420281640636198,0.40419118469741133,-0.4420281640636198
27.859832338999922,2.206561891908669,-0.8422906443109989,0.4065618831246447,-0.44229064431099885
27.873418423999965,2.2089712799579235,-0.8425448006424096,0.4089712711738993,-0.44254480064240953
27.887151766999978,2.2113849874063396,-0.8427872809427108,0.4113849786223154,-0.4427872809427108
27.92100105999998,2.2137998715235154,-0.8430177479537753,0.4137998627394912,-0.44301774795377524
27.93403176300012,2.2162158725183527,-0.8432361959693763,0.4162158637343285,-0.44323619596937625
27.94886233000011,2.2186329305721024,-0.843442619580871,0.4186329217880782,-0.44344261958087094
27.962250641000082,2.2211119660413803,-0.8436425748409166,0.42111195725735606,-0.4436425748409166
27.974954544999946,2.2235996367998645,-0.8438322826373426,0.4235996280158403,-0.44383228263734253
28.01085180400014,2.226088114179161,-0.8440110986975042,0.42608810539513686,-0.4440110986975042
28.02345956199997,2.228577350492353,-0.8441790195947333,0.42857734170832873,-0.44417901959473327
28.038703984999984,2.2310672980379818,-0.8443360421111458,0.43106728925395754,-0.44433604211114575
28.05234697500009,2.233585935542365,-0.8444841011971242,0.43358592675834084,-0.4444841011971242
28.06532842499996,2.2361071682361757,-0.8446219033283833,0.4361071594521515,-0.44462190332838325
28.099506806000136,2.238628946852942,-0.8447493251935952,0.4386289380689179,-0.4447493251935952
28.112825382999972,2.2411512286558466,-0.8448663646333302,0.4411512198718224,-0.4448663646333302
28.128140553000094,2.2436739708995423,-0.8449730196641098,0.44367396211551813,-0.44497301966410974
28.142594972000097,2.246291841280826,-0.8450740473492506,0.44629183249680193,-0.4450740473492506
28.155819204999943,2.2489292117624915,-0.845167586300216,0.4489292029784673,-0.445167586300216
28.18773517800014,2.2515668619658373,-0.8452528740348875,0.4515668531818131,-0.44525287403488745
28.20246235200011,2.254204766076366,-0.845329909718561,0.4542047572923418,-0.445329909718561
28.218014025000002,2.256842898277089,-0.8453986925972926,0.45684288949306473,-0.4453986925972926
28.231757102000074,2.2594546313835457,-0.8454583276361419,0.4594546225995215,-0.4454583276361419
28.245716134000077,2.2620651502103897,-0.8455091289579344,0.46206514142636546,-0.4455091289579344
28.283924621000097,2.2646758254644674,-0.8455511294025491,0.4646758166804432,-0.44555112940254904
28.298056462999966,2.267286627475348,-0.845584328492649,0.4672866186913238,-0.44558432849264895
28.313968223000074,2.2698975265711594,-0.8456087258509253,0.4698975177871352,-0.44560872585092526
28.327647222999985,2.2725437353377083,-0.8456249215626982,0.47254372655368404,-0.4456249215626982
28.340880392000145,2.275192786103245,-0.8456330803986262,0.4751927773192206,-0.44563308039862615
28.376189480999983,2.2778418494310317,-0.8456331822742046,0.4778418406470075,-0.44563318227420456
28.39082800899996,2.2804909008162655,-0.8456252271884904,0.48049089203224127,-0.4456252271884904
28.403963169000008,2.283139915754257,-0.845609215215072,0.4831399069702329,-0.445609215215072
28.417850813000086,2.2859069403028385,-0.8455856775457353,0.48590693151881426,-0.4455856775457353
28.431236648000095,2.2887059586108114,-0.8455570116808488,0.48870594982678717,-0.4455570116808488
28.45244208300005,2.291504922784066,-0.8455234739853851,0.4915049140000416,-0.44552347398538505
28.466612093000094,2.2943038243429457,-0.8454850645609499,0.49430381555892144,-0.44548506456094983
28.479974256000105,2.297102654807982,-0.8454417835239073,0.4971026460239576,-0.4454417835239073
28.493336918000068,2.2997897686193824,-0.8453943240405506,0.4997897598353582,-0.44539432404055057
28.507009024000126,2.3024708670530667,-0.8453395669400606,0.5024708582690425,-0.4453395669400606
28.529833499999995,2.3051518042101873,-0.8452774130123255,0.5051517954261631,-0.4452774130123255
28.54356358500013,2.307832559683829,-0.8452078627304521,0.5078325508998047,-0.4452078627304521
28.557424843000035,2.3105131130684584,-0.8451309166238471,0.5105131042844342,-0.4451309166238471
28.570306961000142,2.3132642069729905,-0.8450452122246892,0.5132641981889663,-0.4450452122246892
28.58425116400008,2.31602537023637,-0.8449535159207121,0.5160253614523456,-0.4449535159207121
28.606210223000062,2.3187863390660666,-0.844856140869279,0.5187863302820424,-0.44485614086927894
28.620373025999925,2.321547101782895,-0.8447530874822972,0.5215470929988706,-0.44475308748229714
28.63454131499998,2.3243076467085415,-0.8446443561956924,0.5243076379245173,-0.4446443561956924
28.648443182999927,2.3270668156351695,-0.8445299819994143,0.5270668068511453,-0.4445299819994143
28.661847053999963,2.3298256819230794,-0.8444099069388821,0.5298256731390552,-0.44440990693888205
28.686216325000032,2.332584294099053,-0.844284129050118,0.5325842853150287,-0.44428412905011794
28.702430347000018,2.3353426403748347,-0.8441526488706036,0.5353426315908105,-0.4441526488706036
28.71684468500007,2.33810070896331,-0.8440154669621877,0.5381007001792859,-0.44401546696218763
28.73100803400007,2.340903804777385,-0.843870780347658,0.5409037959933609,-0.4438707803476579
28.744644093000034,2.3437111273752467,-0.8437212736560865,0.5437111185912225,-0.4437212736560865
28.76674389300001,2.3465182017173785,-0.8435671760991998,0.5465181929333542,-0.4435671760991998
28.783181939000087,2.3493250202962597,-0.8434084880891317,0.5493250115122355,-0.4434084880891317
28.79692082800011,2.3521315756050547,-0.843245210050293,0.5521315668210305,-0.44324521005029294
28.80992171999992,2.354974616197112,-0.843075585743354,0.5549746074130877,-0.44307558574335393
28.82319235099999,2.3578204072596107,-0.8429021114788827,0.5578203984755865,-0.4429021114788827
28.845659649000027,2.3606659720494765,-0.8427249643126712,0.5606659632654523,-0.44272496431267117
28.860224342000038,2.363511305826307,-0.8425441445398276,0.5635112970422826,-0.4425441445398276
28.873995485000023,2.3663564038500824,-0.8423596524615786,0.5663563950660582,-0.4423596524615786
28.88755048400003,2.369204806124452,-0.8421712956232988,0.5692047973404277,-0.4421712956232988
28.900768638000045,2.372053155537117,-0.8419793421929526,0.5720531467530929,-0.44197934219295254
28.92148956899996,2.3749012611577416,-0.841783804805678,0.5749012523737174,-0.441783804805678
28.936314808000134,2.3777491184767845,-0.8415846837710785,0.5777491096927603,-0.4415846837710785
28.94945047500005,2.3805967229851017,-0.8413819794044322,0.5805967142010775,-0.44138197940443213
28.962771186000055,2.3834581094483815,-0.841174841029468,0.5834581006643573,-0.441174841029468
28.975371141000096,2.3863199982322,-0.8409644150593603,0.5863199894481756,-0.44096441505936024
28.994783794000114,2.389181647405911,-0.8407507552680117,0.5891816386218867,-0.44075075526801166
29.008772388000125,2.3920430533154264,-0.8405338619282477,0.5920430445314022,-0.4405338619282477
29.022375640000064,2.3949042123069666,-0.8403137353170231,0.5949042035229424,-0.4403137353170231
29.03533877299992,2.3977544795321273,-0.8400910809443661,0.5977544707481031,-0.4400910809443661
29.049697917000003,2.400603911858053,-0.8398649730508296,0.6006039030740287,-0.4398649730508296
29.070526755999936,2.4034530645378434,-0.8396353682451674,0.6034530557538191,-0.43963536824516736
29.085314082999957,2.406301933279982,-0.8394022668732198,0.606301924495958,-0.4394022668732198
29.098885499000062,2.4091505137933806,-0.8391656692860944,0.6091505050093564,-0.43916566928609435
29.11218064500008,2.4120289787772125,-0.8389233996006566,0.6120289699931882,-0.4389233996006566
29.12552801300012,2.414909455619114,-0.8386782172812024,0.61490944683509,-0.4386782172812024
29.14950213399993,2.417789699330145,-0.8384303113079558,0.6177896905461207,-0.43843031130795573
29.16350797500013,2.420669707334937,-0.8381796819025815,0.6206696985509128,-0.4381796819025815
29.177145481000025,2.4235494770583315,-0.8379263292891799,0.6235494682743072,-0.43792632928917985
29.189955029999965,2.4264031708356226,-0.8376722451700662,0.6264031620515984,-0.4376722451700662
29.20330736899996,2.4292552041489053,-0.8374149108945029,0.6292551953648811,-0.4374149108945029
29.228102332999924,2.4321069313098316,-0.837154205794645,0.6321069225258074,-0.4371542057946449
29.242806209000037,2.434958348334417,-0.8368901302347083,0.6349583395503926,-0.43689013023470824
29.25641736800003,2.437809451239112,-0.8366226845836175,0.6378094424550877,-0.4366226845836175
29.27067545,2.4406797087779357,-0.8363502521587414,0.6406796999939115,-0.43635025215874135
29.28519018099996,2.44355074646133,-0.8360748383807608,0.643550737677306,-0.4360748383807608
29.3098232320001,2.446421506335939,-0.8357965438049756,0.6464214975519147,-0.43579654380497557
29.32580801800009,2.449291985511171,-0.8355153687116025,0.6492919767271468,-0.43551536871160246
29.33956110500003,2.452162181096718,-0.8352313133837592,0.6521621723126938,-0.4352313133837592
29.353006306999987,2.4550822180692373,-0.8349400070249221,0.6550822092852131,-0.4349400070249221
29.366388070000085,2.4580074256493414,-0.8346466449631892,0.6580074168653172,-0.43464664496318917
29.388153838000107,2.460932479981824,-0.8343517588190715,0.6609324711978,-0.4343517588190715
29.402222621999954,2.4638573802726107,-0.8340553486726234,0.6638573714885865,-0.4340553486726234
29.416416349999963,2.4667821257276716,-0.8337574146043112,0.6667821169436474,-0.43375741460431116
29.431187552999972,2.4696789787623645,-0.833460461706194,0.6696789699783403,-0.433460461706194
29.445669048000127,2.472574142897415,-0.8331614145896316,0.6725741341133908,-0.43316141458963153
29.46645317599996,2.475469074377721,-0.83286012358223,0.6754690655936966,-0.43286012358223
29.482224690000066,2.47836377146416,-0.8325565888649895,0.6783637626801358,-0.4325565888649895
29.496603599000082,2.48125823241775,-0.8322508106202581,0.6812582236337257,-0.43225081062025805
29.510271580000108,2.4842258845829517,-0.8319360763920606,0.6842258757989275,-0.43193607639206055
29.52478682600008,2.4872047283517955,-0.8316202685689663,0.6872047195677713,-0.4316202685689663
29.54521032599996,2.4901835843323408,-0.8313045759534554,0.6901835755483166,-0.4313045759534554
29.560200285000064,2.493162452520127,-0.8309889985460117,0.6931624437361028,-0.4309889985460117
29.574087177000138,2.4961413329107036,-0.8306735363471036,0.6961413241266794,-0.4306735363471036
29.586973027000113,2.4991076399604184,-0.8303592610769742,0.6991076311763942,-0.4303592610769742
29.601464051999983,2.5020732377412744,-0.8300446001471715,0.7020732289572502,-0.4300446001471715
29.619837566000115,2.505038787066431,-0.8297294828696115,0.7050387782824068,-0.42972948286961143
29.634991046000096,2.5080042878656665,-0.8294139092517537,0.7080042790816423,-0.4294139092517537
29.6488885010001,2.5109697400687594,-0.8290978793010689,0.7109697312847352,-0.4290978793010689
29.662597003999963,2.513779723912786,-0.8287961597753347,0.7137797151287619,-0.4287961597753347
29.676190019999922,2.516581060170905,-0.828490895611779,0.7165810513868809,-0.428490895611779
29.69630491199996,2.5193819112261213,-0.8281812112449362,0.7193819024420971,-0.42818121124493613
29.71050639500004,2.5221822701038463,-0.82786710744597,0.7221822613198221,-0.42786710744597
29.726508787000057,2.5249821298307107,-0.8275485849970523,0.7249821210466865,-0.4275485849970523
29.743417732000125,2.5279072464746477,-0.8272130387613715,0.7279072376906235,-0.4272130387613715
29.75932591700007,2.5308700100236807,-0.8268727090864503,0.7308700012396565,-0.42687270908645025
29.78209012000002,2.5338327211722693,-0.8265319235451373,0.7338327123882451,-0.42653192354513725
29.797968324000067,2.536795379850268,-0.8261906821455025,0.7367953710662436,-0.4261906821455025
29.81177939500003,2.5397579859875345,-0.8258489848956245,0.7397579772035103,-0.4258489848956245
29.82551856000009,2.5427320394457813,-0.8255056470479296,0.7427320306617571,-0.4255056470479296
29.839152441000124,2.5457066806362056,-0.8251620950527165,0.7457066718521814,-0.4251620950527165
29.85578995700007,2.5486813051925896,-0.8248183990624198,0.7486812964085654,-0.4248183990624198
29.870691709000084,2.5516559131079624,-0.8244745590778442,0.7516559043239381,-0.42447455907784415
29.883432700999947,2.5546305043753565,-0.8241305750997961,0.7546304955913323,-0.4241305750997961
29.89670666799998,2.557580382680926,-0.8237889988886206,0.7575803738969016,-0.42378899888862054
29.91101804699997,2.5605288691442794,-0.8234467631228192,0.7605288603602551,-0.42344676312281915
29.930033301000094,2.5634772614191546,-0.8231037168614823,0.7634772526351303,-0.4231037168614823
29.94489366400012,2.5664255592827616,-0.8227598601305297,0.7664255504987374,-0.4227598601305297
29.957885472000044,2.569373762512313,-0.8224151929559458,0.7693737537282888,-0.42241519295594576
29.972134376999975,2.5723403115980394,-0.822068071354952,0.7723403028140152,-0.42206807135495195
29.98570600400012,2.5753078647632646,-0.8217211498238576,0.7753078559792403,-0.42172114982385756
30.005969267999944,2.578275454704919,-0.8213745430216151,0.7782754459208949,-0.42137454302161503
30.01970803500012,2.5812430813896245,-0.8210282509521234,0.7812430726056003,-0.4210282509521234
30.03403761300001,2.584210744784001,-0.82068227361928,0.7842107359999766,-0.42068227361928
30.04724791400008,2.587115627154395,-0.8203428818056566,0.7871156183703707,-0.4203428818056566
30.061035687999947,2.590016978179755,-0.8200018988624723,0.7900169693957306,-0.4200018988624723
30.082794211999953,2.592918096015042,-0.8196589375735756,0.792918087231018,-0.41965893757357553
30.097017448000088,2.595818979311281,-0.8193139980984376,0.7958189705272567,-0.4193139980984376
30.111043552999945,2.5987196267196033,-0.8189670805974498,0.7987196179355791,-0.4189670805974498
30.124575121000134,2.601665900248045,-0.8186139160942271,0.8016658914640209,-0.41861391609422705
30.13848212500011,2.604616822719362,-0.8182609177946241,0.8046168139353378,-0.41826091779462404
30.159928374999936,2.6075678308842525,-0.8179086365972869,0.8075678221002283,-0.41790863659728683
30.17487439799993,2.6105189245684537,-0.8175570725230178,0.8105189157844295,-0.41755707252301777
30.188079140000127,2.6134701035976975,-0.8172062255925792,0.8134700948136733,-0.41720622559257914
30.200454928,2.6163898986337393,-0.8168602156425967,0.8163898898497151,-0.4168602156425967
30.21339848699995,2.619308218658335,-0.8165159556238701,0.819308209874311,-0.4165159556238701
30.238335101000075,2.6222267215948967,-0.8161732497211827,0.8222267128108725,-0.41617324972118264
30.25273560000005,2.625145406615797,-0.8158320980317171,0.8251453978317727,-0.41583209803171706
30.26661864400012,2.6280642728933583,-0.8154925006522181,0.8280642641093341,-0.4154925006522181
30.27911202600012,2.630991095209824,-0.8151534615968212,0.8309910864257997,-0.4151534615968212
30.29252864,2.633918483373626,-0.8148157247636723,0.8339184745896018,-0.41481572476367223
30.31621889500002,2.6368460269268916,-0.8144793375258507,0.8368460181428674,-0.41447933752585064
30.331286886000044,2.6397737252474243,-0.8141442999548483,0.8397737164634,-0.41414429995484825
30.344993752999926,2.6427015777129967,-0.8138106121218717,0.8427015689289725,-0.41381061212187165
30.35816094000006,2.6456569539618466,-0.8134748218687389,0.8456569451778224,-0.41347482186873885
30.37110877600003,2.6486143405144413,-0.8131394180679673,0.8486143317304171,-0.4131394180679673
30.391936836000013,2.6515717957653373,-0.8128046205620132,0.8515717869813131,-0.41280462056201317
30.40657460300008,2.6545293195902375,-0.8124704293649513,0.8545293108062133,-0.41247042936495126
30.420779322000044,2.6574869118648428,-0.8121368444908259,0.8574869030808185,-0.4121368444908259
30.435177502999977,2.6604135421126407,-0.8118077405265545,0.8604135333286165,-0.41180774052655444
30.449257263999925,2.6633386977649445,-0.8114802538681796,0.8633386889809203,-0.41148025386817955
30.47027979099994,2.666264013622169,-0.8111542013615233,0.8662640048381449,-0.41115420136152325
30.483672308999985,2.6691894889811736,-0.8108295830849565,0.8691894801971494,-0.41082958308495643
30.49742459899994,2.672115123138782,-0.8105063991165062,0.8721151143547579,-0.4105063991165062
30.51191033400005,2.6750916124891257,-0.8101784080394545,0.8750916037051015,-0.4101784080394545
30.52744312899995,2.6780735530017563,-0.8098498183547501,0.8780735442177321,-0.4098498183547501
30.549889322000126,2.6810554935426674,-0.8095212289267514,0.8810554847586431,-0.40952122892675136
30.56413503900012,2.6840374341118656,-0.8091926397554576,0.8840374253278414,-0.4091926397554576
30.578016486000024,2.6870193747093505,-0.808864050840869,0.8870193659253263,-0.40886405084086896
30.591993339000055,2.6899663439144246,-0.8085397481015215,0.8899663351304004,-0.4085397481015215
30.60573172499994,2.6929115739548997,-0.8082165941073202,0.8929115651708754,-0.40821659410732014
30.628137357000014,2.695856907732755,-0.8078943869809017,0.895856898948731,-0.40789438698090164
30.642902304000017,2.6988023449435787,-0.8075731267555666,0.8988023361595545,-0.40757312675556656
30.656345070000043,2.70174788528295,-0.8072528134645196,0.901747876498926,-0.4072528134645196
30.66978571100003,2.7046990078819064,-0.8069327852633688,0.9046989990978822,-0.40693278526336873
30.682973573000027,2.707650505941867,-0.8066135261491998,0.907650497157843,-0.40661352614919977
30.706156755999928,2.710602090456893,-0.8062950673126393,0.9106020816728686,-0.4062950673126393
30.721410952000042,2.7135537612099965,-0.8059774087770989,0.9135537524259723,-0.40597740877709887
30.735034971000005,2.7165055179841806,-0.8056605505659312,0.9165055092001564,-0.4056605505659312
30.749292215999958,2.7194069663897245,-0.8053485605549507,0.9194069576057002,-0.4053485605549507
30.76258335700004,2.722305541304562,-0.8050347352648523,0.9223055325205378,-0.40503473526485223
30.781252842999947,2.725203885656401,-0.8047187876935296,0.9252038768723769,-0.40471878769352954
30.795903911000096,2.7281019978913417,-0.8044007180103719,0.9281019891073174,-0.4044007180103719
30.810755669999935,2.730999876455616,-0.8040805263859054,0.9309998676715916,-0.4040805263859054
30.824218234,2.7339435459161843,-0.803753685666135,0.93394353713216,-0.403753685666135
30.83812022899997,2.7368917228843697,-0.8034254740811971,0.9368917141003454,-0.4034254740811971
30.859835190000013,2.739839804124166,-0.8030964037486135,0.9398397953401416,-0.40309640374861344
30.874692727000138,2.742787789385436,-0.802766474696304,0.9427877806014118,-0.402766474696304
30.88852614999996,2.7457356784180518,-0.8024356869522614,0.9457356696340276,-0.4024356869522614
30.902614962000143,2.7486772320147494,-0.8021046656397447,0.9486772232307252,-0.4021046656397447
30.916672741999946,2.751618342192332,-0.8017726564376161,0.9516183334083077,-0.40177265643761606
30.939185452999936,2.754559336491734,-0.8014396223284553,0.9545593277077098,-0.4014396223284553
30.954388000000108,2.7575002145557996,-0.8011055633527073,0.9575002057717754,-0.4011055633527073
30.968125596999926,2.760440976027388,-0.8007704795509396,0.9604409672433636,-0.4007704795509396
30.983429514000136,2.763354648649095,-0.8004371247575326,0.9633546398650707,-0.40043712475753257
30.997917527000027,2.766266704695445,-0.8001021975881429,0.9662666959114208,-0.4001021975881429
31.01848806199996,2.769178560674231,-0.7997655354657085,0.969178551890207,-0.3997655354657085
31.03310157100009,2.772090215551798,-0.7994271385097369,0.9720902067677739,-0.3994271385097369
31.04824395200012,2.775001668294564,-0.799087006840353,0.97500165951054,-0.39908700684035303
31.06254603499997,2.7779519111413853,-0.7987410594410495,0.9779519023573611,-0.39874105944104943
31.076499383000055,2.780905441019225,-0.7983940468814447,0.9809054322352007,-0.39839404688144464
31.09734612400007,2.7838588921627556,-0.7980463648448217,0.9838588833787314,-0.3980463648448217
31.112624084000117,2.7868122644202287,-0.7976980133490478,0.9868122556362044,-0.39769801334904775
31.127014529000007,2.7897655576398974,-0.7973489924120193,0.9897655488558732,-0.39734899241201926
31.142178104000095,2.7927409080577315,-0.7969970194821547,0.9927408992737072,-0.3969970194821547
31.15516502000014,2.7957176179446637,-0.7966449512860921,0.9957176091606394,-0.3966449512860921
31.17684591400007,2.798694335587526,-0.7962929486720005,0.9986943268035018,-0.3962929486720005
31.191103932000033,2.801671060984871,-0.7959410116400764,1.001671052200847,-0.39594101164007633
31.205878904999963,2.804647794135254,-0.7955891401904707,1.00464778535123,-0.39558914019047065
31.2196653850001,2.8075796350904523,-0.7952431944388844,1.007579626306428,-0.39524319443888434
31.23397186200009,2.8105092594409,-0.7948988015017373,1.0105092506568758,-0.3948988015017373
31.256258217000095,2.8134390333553108,-0.7945556832417636,1.0134390245712865,-0.3945556832417636
31.271022627000093,2.8163689562790744,-0.7942138397239185,1.0163689474950501,-0.39421383972391844
31.284587310999996,2.8192990276575514,-0.793873271012912,1.0192990188735271,-0.39387327101291203
31.298838368000133,2.8222707923604466,-0.7935285229292929,1.0222707835764224,-0.39352852292929286
31.312050431999978,2.825246382433687,-0.7931832168271671,1.0252463736496626,-0.39318321682716706
31.33312656499993,2.8282219592137867,-0.7928377961939334,1.0282219504297625,-0.39283779619393333
31.347461279000072,2.8311975226963386,-0.7924922610300934,1.0311975139123144,-0.3924922610300934
31.361616423999976,2.8341730728769337,-0.7921466113361566,1.0341730640929094,-0.3921466113361566
31.37581853200004,2.8371509598244185,-0.7918006495838872,1.0371509510403942,-0.39180064958388716
31.389933092000092,2.840128975856785,-0.791454723893023,1.040128967072761,-0.39145472389302294
31.408787820000043,2.8431069977647314,-0.7911088487877792,1.0431069889807072,-0.3911088487877792
31.42388548100007,2.846085025547399,-0.7907630242682552,1.0460850167633746,-0.39076302426825515
31.43747157000007,2.8490630592039268,-0.7904172503345507,1.0490630504199026,-0.39041725033455066
31.451970671000026,2.8519955233637058,-0.7900762122842439,1.0519955145796815,-0.39007621228424383
31.465270278999924,2.8549254441911733,-0.7897341796496643,1.0549254354071491,-0.3897341796496643
31.491226688000097,2.8578552159860364,-0.7893908727776511,1.0578552072020122,-0.38939087277765105
31.504253739999967,2.8607848381941223,-0.7890462917331423,1.060784829410098,-0.3890462917331423
31.517706434000047,2.863714310261288,-0.7887004365813153,1.0637143014772639,-0.38870043658131526
31.531405233999976,2.866635114619477,-0.7883542123532251,1.0666351058354528,-0.3883542123532251
31.54515572000014,2.8695552933924713,-0.7880065431277989,1.069555284608447,-0.3880065431277989
31.56608114400001,2.8724752934105817,-0.7876573757599227,1.0724752846265575,-0.38765737575992265
31.580461826000146,2.8753951139052147,-0.7873067103415022,1.0753951051211905,-0.3873067103415022
31.59386209100012,2.8783147541078233,-0.7869545469648394,1.0783147453237991,-0.38695454696483933
31.60760502800008,2.8812771219518525,-0.7865962429111195,1.0812771131678283,-0.3865962429111195
31.62165964099995,2.8842435091706258,-0.7862371395128069,1.0842435003866016,-0.3862371395128069
31.644050434000064,2.8872098591644115,-0.7858777287495446,1.0872098503803873,-0.3858777287495446
31.65848731599999,2.890176171901363,-0.7855180106251983,1.0901761631173386,-0.3855180106251983
31.672265543000094,2.8931424473496303,-0.7851579851436234,1.0931424385656061,-0.3851579851436234
31.687183596000068,2.8961186085619994,-0.7847965709580573,1.0961185997779752,-0.3847965709580573
31.701264350999963,2.899095286681378,-0.7844350557196247,1.099095277897354,-0.38443505571962466
31.722416950000024,2.9020719602594616,-0.7840735030906095,1.1020719514754374,-0.3840735030906095
31.735974323999926,2.9050486292957802,-0.7837119130710688,1.105048620511756,-0.3837119130710688
31.750677460000134,2.9080252937898634,-0.7833502856610596,1.1080252850058392,-0.38335028566105955
31.76559466499998,2.9109837108361396,-0.7829910988329403,1.1109837020521154,-0.38299109883294025
31.77980433400012,2.9139412307590598,-0.782632561968254,1.1139412219750355,-0.382632561968254
31.802416036000068,2.916898815349403,-0.7822745589392589,1.1168988065653787,-0.3822745589392589
31.81768786800012,2.919856464510812,-0.7819170897576168,1.1198564557267876,-0.38191708975761673
31.83185789999993,2.9228141781469255,-0.7815601544349764,1.1228141693629012,-0.3815601544349764
31.84594648799998,2.9257589281611525,-0.7812046757850323,1.1257589193771282,-0.38120467578503225
31.859871196000086,2.9287028901856704,-0.7808483993503409,1.1287028814016462,-0.38084839935034087
31.884715540000116,2.9316467453719444,-0.7804912412033379,1.1316467365879201,-0.3804912412033379
31.900302897000074,2.934590493455901,-0.7801332013760589,1.1345904846718768,-0.3801332013760589
31.91445476800004,2.9375341341734797,-0.7797742799006228,1.1375341253894555,-0.37977427990062274
31.92982603900009,2.9404826584665806,-0.7794146147856627,1.1404826496825564,-0.37941461478566263
31.944655866999938,2.9434315319056394,-0.7790556664882224,1.1434315231216152,-0.3790556664882224
31.966264459000058,2.946380496586664,-0.7786974685682236,1.1463804878026396,-0.3786974685682236
31.98175484100011,2.9493295523187135,-0.7783400210488565,1.1493295435346893,-0.37834002104885645
31.99578323700007,2.952278698910837,-0.7779833239532665,1.1522786901268127,-0.3779833239532665
32.009319215999994,2.9552478554261405,-0.7776245316340857,1.1552478466421163,-0.3776245316340857
32.02365873200006,2.9582181027893832,-0.7772653966759059,1.158218094005359,-0.37726539667590586
32.04795044499997,2.9611883248724675,-0.7769060526983668,1.1611883160884433,-0.37690605269836674
32.06414874799998,2.9641585216606865,-0.7765464997032556,1.1641585128766623,-0.3765464997032556
32.078777572000035,2.96712869313933,-0.7761867376923488,1.167128684355306,-0.3761867376923488
32.09298640199995,2.969993132422415,-0.7758410359579964,1.1699931236383907,-0.37584103595799634
32.10725070000012,2.972852356978547,-0.7754989884780774,1.172852348194523,-0.3754989884780774
32.1321154960001,2.9757119368594176,-0.7751599244047636,1.1757119280753934,-0.37515992440476353
32.14706678300013,2.978571868952048,-0.7748238441071659,1.178571860168024,-0.37482384410716585
32.160767950000036,2.9814321501430747,-0.7744907479511463,1.1814321413590505,-0.37449074795114623
32.17406145700011,2.9843728175592483,-0.7741503025928915,1.184372808775224,-0.3741503025928915
32.18749694500002,2.9873270382808585,-0.7738089676878633,1.1873270294968343,-0.3738089676878633
32.207611047,2.9902813362120932,-0.7734683016888202,1.190281327428069,-0.37346830168882017
32.223592607,2.9932357112014922,-0.7731283046132293,1.193235702417468,-0.3731283046132293
32.23767959800011,2.9961901630975962,-0.7727889764785184,1.196190154313572,-0.3727889764785184
32.25113549799994,2.9991340079124438,-0.7724516740565155,1.1991339991284196,-0.37245167405651547
32.26535067100008,3.002077398932862,-0.7721153914694667,1.202077390148838,-0.3721153914694667
32.285640833000116,3.0050208989766123,-0.7717800645098023,1.205020890192588,-0.3717800645098023
32.30106218500009,3.0079645077334316,-0.7714456932128674,1.2079644989494074,-0.37144569321286736
32.31507628600002,3.0109082248930457,-0.7711122776139068,1.2109082161090214,-0.37111227761390675
32.32997930600004,3.0138633999816427,-0.7707778006915427,1.2138633911976184,-0.37077780069154265
32.34533426600001,3.0168191033933125,-0.7704426083352434,1.2168190946092883,-0.37044260833524334
32.370220934000145,3.0197747330889477,-0.7701067665931062,1.2197747243049235,-0.37010676659310615
32.38573765299998,3.0227302889258736,-0.7697702754813458,1.2227302801418494,-0.3697702754813458
32.400852101000055,3.0256857707614198,-0.7694331350162034,1.2256857619773955,-0.36943313501620334
32.41659501899994,3.0286313401243063,-0.7690971839376318,1.2286313313402821,-0.3690971839376318
32.43180089800012,3.0315764914632704,-0.768762205812653,1.2315764826792461,-0.36876220581265295
32.45426917999998,3.034521746766302,-0.7684281430137954,1.2345217379822777,-0.36842814301379534
32.46933246599997,3.0374671057489264,-0.7680949955733258,1.2374670969649022,-0.3680949955733258
32.48258991400007,3.040412568126658,-0.7677627635234197,1.2404125593426338,-0.36776276352341963
32.49620180000011,3.043375949295938,-0.7674292212784432,1.2433759405119138,-0.36742922127844313
32.510468714000126,3.0463403184974065,-0.7670960096619063,1.2463403097133823,-0.36709600966190625
32.537323359000084,3.049304736650742,-0.7667632338271861,1.2493047278667178,-0.3667632338271861
32.55261420900001,3.0522692036918864,-0.7664308937814761,1.2522691949078621,-0.3664308937814761
32.566608092000024,3.0552337195567705,-0.7660989895319559,1.2552337107727463,-0.36609898953195585
32.58178950599995,3.0581513659233073,-0.7657733412586906,1.258151357139283,-0.36577334125869054
32.59588667799994,3.0610667270880754,-0.7654496539021122,1.2610667183040511,-0.36544965390211215
32.61869574000002,3.0639822749473042,-0.7651276524946864,1.26398226616328,-0.36512765249468637
32.63308102199994,3.0668980085260142,-0.7648073371440933,1.26689799974199,-0.3648073371440933
32.647459443000116,3.0698139268491604,-0.764488707957448,1.2698139180651362,-0.36448870795744803
32.66132380900012,3.072766462445635,-0.7641667100359817,1.2727664536616106,-0.36416671003598167
32.67441437499997,3.0757218794736665,-0.7638437017947859,1.2757218706896423,-0.36384370179478587
32.69638980200011,3.0786772208817625,-0.7635200024048232,1.2786772120977383,-0.3635200024048232
32.71127207900008,3.081632486508291,-0.7631956118837997,1.2816324777242667,-0.3631956118837997
32.72580647099994,3.0845876761916244,-0.7628705302494535,1.2845876674076002,-0.3628705302494535
32.73979479100012,3.0874858078952987,-0.7625523512374917,1.2874857991112745,-0.36255235123749163
32.75408894299994,3.0903811727662815,-0.7622366947846194,1.2903811639822573,-0.3622366947846194
32.777365244000066,3.0932767761211495,-0.7619232335531825,1.2932767673371253,-0.36192323355318246
32.79169609900009,3.096172616295524,-0.7616119677233578,1.2961726075114999,-0.3616119677233578
32.806057665000026,3.0990686916248853,-0.7613028974740599,1.299068682840861,-0.36130289747405986
32.81884556399996,3.102024610960946,-0.7609889181519988,1.3020246021769217,-0.36098891815199874
32.832769033999966,3.104988049670053,-0.7606746597216705,1.3049880408860288,-0.36067465972167045
32.8549968320001,3.1079515426567523,-0.7603609135480567,1.3079515338727281,-0.36036091354805666
32.86947735300009,3.110915089832494,-0.7600476796405303,1.31091508104847,-0.3600476796405303
32.88338167699999,3.113878691108729,-0.7597349580084516,1.3138786823247048,-0.35973495800845157
32.89753623699994,3.116853814530882,-0.7594213975719611,1.316853805746858,-0.3594213975719611
32.91134808700008,3.119829563528252,-0.7591079747319885,1.3198295547442276,-0.3591079747319885
32.93163092300006,3.122805333681198,-0.7587947528157534,1.3228053248971736,-0.35879475281575335
32.94720335000011,3.1257811249761507,-0.7584817318246916,1.3257811161921265,-0.35848173182469156
32.96127845399997,3.128756937399546,-0.7581689117602229,1.3287569286155219,-0.3581689117602229
32.97586448800007,3.1317144238342975,-0.7578584473035154,1.3317144150502733,-0.35785844730351535
32.99018502600006,3.1346710165019553,-0.7575487816782995,1.3346710077179311,-0.3575487816782995
33.01115564800011,3.1376276821791085,-0.7572398139203886,1.3376276733950843,-0.3572398139203886
33.026190542999984,3.1405844207010354,-0.756931544046996,1.3405844119170112,-0.356931544046996
33.040444075000096,3.1435412319030074,-0.7566239720752962,1.3435412231189832,-0.35662397207529617
33.05396925600007,3.146493658951693,-0.7563168706868392,1.346493650167669,-0.35631687068683915
33.06720280700006,3.149445770424932,-0.7560089796086668,1.3494457616409077,-0.35600897960866673
33.09230840800001,3.1523977967275103,-0.7557002729917516,1.352397787943486,-0.35570027299175155
33.108516490000056,3.155349737634131,-0.7553907508596515,1.3553497288501066,-0.35539075085965144
33.12259782900014,3.1583015929195053,-0.755080413235991,1.358301584135481,-0.35508041323599093
33.13602694500014,3.161216468856455,-0.754774335028816,1.3612164600724308,-0.35477433502881595
33.150963002000026,3.164129583983761,-0.7544702526104501,1.3641295751997367,-0.35447025261045007
33.17221217800011,3.1670428858213584,-0.754167964229707,1.3670428770373342,-0.354167964229707
33.18700068399994,3.1699563732643954,-0.7538674700012283,1.3699563644803712,-0.3538674700012283
33.20097107700008,3.1728700452079455,-0.7535687700389752,1.3728700364239212,-0.35356877003897513
33.21404656899995,3.1757766720123906,-0.7532726888310209,1.3757766632283663,-0.3532726888310209
33.22797726700014,3.1786831191715126,-0.7529786290040961,1.3786831103874884,-0.35297862900409605
33.25384622299998,3.1815897662606933,-0.7526865520116348,1.3815897574766691,-0.3526865520116348
33.26914914500003,3.1844966119272082,-0.7523964579895679,1.384496603143184,-0.35239645798956787
33.283029168999974,3.1874036548182363,-0.7521083470729013,1.387403646034212,-0.3521083470729013
33.2980877980001,3.1903665392068272,-0.7518156321242464,1.390366530422803,-0.3518156321242464
33.31287947100009,3.193335857086159,-0.7515218644195745,1.393335848302135,-0.35152186441957445
33.334244560000116,3.1963051337278596,-0.7512276801951578,1.3963051249438354,-0.3512276801951578
33.349551809000104,3.199274369073497,-0.7509330794567882,1.3992743602894728,-0.3509330794567882
33.362827185000015,3.202243563064648,-0.7506380622102625,1.4022435542806237,-0.3506380622102625
33.37611438800013,3.205224568582545,-0.750341596511366,1.4052245597985207,-0.350341596511366
33.389660580000054,3.208206187724758,-0.7500449738083067,1.4082061789407339,-0.3500449738083067
33.41526964000013,3.211187797449878,-0.7497482564609076,1.4111877886658537,-0.34974825646090757
33.43036374799999,3.214169397754903,-0.7494514444694937,1.4141693889708786,-0.3494514444694937
33.446265842,3.2171509886368272,-0.7491545378343482,1.417150979852803,-0.34915453783434813
33.461281095000004,3.2201057715482424,-0.7488606226607201,1.4201057627642182,-0.34886062266072004
33.47626372500008,3.2230592232320285,-0.7485676675140439,1.4230592144480043,-0.3485676675140439
33.497448145000135,3.226012756186817,-0.7482755328680185,1.4260127474027928,-0.3482755328680185
33.512286869000036,3.228966370184663,-0.7479842187451892,1.428966361400639,-0.34798421874518914
33.52681951599993,3.2319200649976154,-0.7476937251680397,1.4319200562135912,-0.34769372516803965
33.54021268800011,3.2348860529125907,-0.7474027030922005,1.4348860441285665,-0.34740270309220045
33.55415839200009,3.237852732597257,-0.7471121098859038,1.4378527238132326,-0.3471121098859038
33.58032053300008,3.240819460399819,-0.7468220083373609,1.4408194516157946,-0.3468220083373609
33.595063471,3.243786236238795,-0.746532398454538,1.4437862274547706,-0.346532398454538
33.609270770999956,3.246753060032705,-0.7462432802453917,1.4467530512486808,-0.34624328024539164
33.623681683000086,3.24965768699637,-0.7459595180848524,1.4496576782123458,-0.34595951808485237
33.637504829000136,3.2525588351539585,-0.7456739445688989,1.4525588263699343,-0.3456739445688989
33.65752976700014,3.2554597725745427,-0.7453862382131075,1.4554597637905184,-0.34538623821310743
33.672223525999925,3.2583604976901186,-0.7450963991729885,1.4583604889060944,-0.3450963991729885
33.68731782300006,3.2612610089327987,-0.7448044276052038,1.4612610001487745,-0.3448044276052038
33.70150791700007,3.264216170295128,-0.7445060260031178,1.4642161615111038,-0.34450602600311775
33.716490627999974,3.267177615450666,-0.7442075966154398,1.467177606666642,-0.34420759661543976
33.739793915000064,3.270139121470028,-0.7439097718247304,1.470139112686004,-0.34390977182473037
33.754564428000094,3.273100688229784,-0.7436125516434017,1.47310067944576,-0.34361255164340165
33.768586671000094,3.2760623156064996,-0.7433159360838411,1.4760623068224754,-0.34331593608384103
33.78367531999993,3.2790438701905193,-0.7430176332734107,1.4790438614064951,-0.3430176332734107
33.79733120700007,3.2820265236912203,-0.7427191574217894,1.482026514907196,-0.3427191574217894
33.82168087000014,3.285009170855222,-0.7424206182546614,1.4850091620711978,-0.3424206182546614
33.83689581099998,3.2879918116811875,-0.742122015772175,1.4879918028971633,-0.34212201577217494
33.8517568740001,3.290974446167763,-0.7418233499744555,1.4909744373837388,-0.3418233499744555
33.86543120500005,3.2939283302836495,-0.741527912024017,1.4939283214996253,-0.341527912024017
33.880149846999984,3.296880783369848,-0.7412334665160792,1.4968807745858237,-0.3412334665160792
33.90229183099996,3.299833320294385,-0.7409398628843069,1.4998333115103606,-0.3409398628843069
33.918417655999974,3.3027859408172047,-0.7406471011525718,1.5027859320331804,-0.3406471011525718
33.932963382000025,3.3057386446982435,-0.7403551813446777,1.5057386359142193,-0.3403551813446777
33.94767326600004,3.308658917813503,-0.7400677052017096,1.5086589090294786,-0.3400677052017096
33.96168234100014,3.3115776447142378,-0.7397821002699579,1.5115776359302135,-0.3397821002699579
33.9828494410001,3.3144965377829303,-0.7394981986115257,1.514496528998906,-0.33949819861152564
33.998629317999985,3.317415596025604,-0.7392160003230915,1.5174155872415798,-0.3392160003230915
34.013475455999924,3.3203348184482295,-0.7389355055007523,1.5203348096642053,-0.33893550550075224
34.02788865100001,3.323311700444402,-0.7386504624769468,1.5233116916603777,-0.33865046247694675
34.04213391899998,3.3262955148457105,-0.7383648240762903,1.5262955060616863,-0.3383648240762903
34.06624683299992,3.329279335546028,-0.7380792514835245,1.5292793267620037,-0.33807925148352447
34.08152189700013,3.332263162543907,-0.7377937446987903,1.5322631537598828,-0.3377937446987903
34.09641602600004,3.335246995837889,-0.7375083037222184,1.535246987053865,-0.3375083037222184
34.11050176599997,3.3382213104215723,-0.7372236617861228,1.538221301637548,-0.33722366178612273
34.124135169000056,3.341195093530296,-0.7369387434899309,1.5411950847462716,-0.3369387434899309
34.14391895500012,3.344168845510554,-0.7366535004827438,1.5441688367265296,-0.3366535004827438
34.15927214700014,3.34714256632689,-0.7363679327679682,1.547142557542866,-0.33636793276796817
34.1735491930001,3.35011625594385,-0.7360820403490033,1.5501162471598258,-0.33608204034900324
34.187426120000055,3.3530671372270535,-0.7357977355018661,1.5530671284430293,-0.3357977355018661
34.20242146800001,3.3560167307552873,-0.7355126095161616,1.556016721971263,-0.3355126095161616
34.224515351000036,3.358966233550663,-0.7352265464643933,1.5589662247666387,-0.3352265464643933
34.23914634800008,3.3619156453154826,-0.7349395463754332,1.5619156365314584,-0.3349395463754332
34.25290460399992,3.364864965752054,-0.7346516092782502,1.56486495696803,-0.3346516092782502
34.266981751,3.367847364970039,-0.7343599086208784,1.5678473561860147,-0.3343599086208784
34.28099050300011,3.370832337363246,-0.7340679347156562,1.5708323285792216,-0.3340679347156562
34.30359934300009,3.3738173077777227,-0.7337759405817458,1.5738172989936985,-0.33377594058174576
34.318889332000026,3.376802276213332,-0.73348392621916,1.5768022674293076,-0.33348392621916
34.334248764999984,3.3797872426699356,-0.7331918916279127,1.5797872338859114,-0.33319189162791263
34.34828325300009,3.382727889911956,-0.7329047354817342,1.582727881127932,-0.33290473548173416
34.362533100000064,3.385666320045571,-0.7326190213083188,1.5856663112615468,-0.3326190213083188
34.38373754400004,3.3886048680719516,-0.7323345222122178,1.5886048592879274,-0.3323345222122178
34.39973338000004,3.391543533488648,-0.7320512382420781,1.5915435247046237,-0.33205123824207805
34.41336022099995,3.394482315793191,-0.7317691694463369,1.594482307009167,-0.33176916944633683
34.427607287,3.397443230318501,-0.7314853719468213,1.597443221534477,-0.33148537194682126
34.44149259799997,3.4004054345045067,-0.7312008273041674,1.6004054257204825,-0.33120082730416733
34.463622431999966,3.403367579043903,-0.7309156624028017,1.6033675702598786,-0.3309156624028017
34.479103975000044,3.406329663806816,-0.7306298772552278,1.606329655022792,-0.33062987725522774
34.49362931099995,3.409291688663368,-0.7303434718739771,1.609291679879344,-0.33034347187397706
34.50799517600012,3.412215321668512,-0.730061186976694,1.6122153128844878,-0.33006118697669395
34.522434502000124,3.4151370897127844,-0.7297807359600812,1.6151370809287602,-0.3297807359600812
34.54461104400002,3.4180590148048013,-0.7295019259281899,1.6180590060207771,-0.32950192592818983
34.55982405200007,3.4209810960229197,-0.7292247569689626,1.6209810872388954,-0.3292247569689626
34.57372203199998,3.4239033324454455,-0.7289492291698244,1.6239033236614213,-0.3289492291698244
34.58819871300011,3.4268500277329337,-0.7286727622831515,1.6268500189489095,-0.32867276228315145
34.6026073590001,3.4297984131796544,-0.7283971364921219,1.6297984043956302,-0.3283971364921219
34.624038964999954,3.4327468910466044,-0.7281225011207305,1.6327468822625801,-0.3281225011207305
34.639061954,3.435695461001083,-0.7278488561999652,1.6356954522170588,-0.3278488561999652
34.654061929000136,3.438644122710378,-0.7275762017607046,1.6386441139263537,-0.32757620176070457
34.668377512000006,3.441588139550321,-0.7273040170428837,1.6415881307662967,-0.3273040170428837
34.68210706600007,3.444531808744146,-0.727030743327252,1.6445317999601217,-0.327030743327252
34.70480942600011,3.4474753742922397,-0.726756355444124,1.6474753655082155,-0.32675635544412396
34.72127291600009,3.450418835772894,-0.7264808534328109,1.6504188269888698,-0.32648085343281086
34.735533110999995,3.453362192764415,-0.7262042373327812,1.6533621839803907,-0.32620423733278114
34.74896932799993,3.4563371536229592,-0.7259239168437537,1.656337144838935,-0.32592391684375366
34.76314741100009,3.459314504286426,-0.7256431244626328,1.6593144955024017,-0.32564312446263277
34.78386175300011,3.462291831972345,-0.7253620885482108,1.6622918231883206,-0.3253620885482108
34.79903028800004,3.4652691366607984,-0.7250808091023736,1.6652691278767742,-0.3250808091023736
34.81211470400012,3.4682464183318666,-0.7247992861270036,1.6682464095478424,-0.3247992861270036
34.82536471599997,3.4711813548144193,-0.7245210078124285,1.671181346030395,-0.32452100781242843
34.839093792000085,3.4741139357144353,-0.7242415654805043,1.674113926930411,-0.3242415654805043
34.859803088000035,3.47704638518504,-0.7239607472931286,1.6770463764010157,-0.3239607472931286
34.874295902000085,3.479978702580735,-0.7236785533121147,1.6799786937967107,-0.3236785533121147
34.88794666500007,3.4829108872560495,-0.7233949835995814,1.6829108784720253,-0.3233949835995814
34.90122382100003,3.4858682999768007,-0.7231078905020111,1.6858682911927765,-0.32310789050201105
34.91436243499993,3.4888273540710593,-0.7228199392419139,1.688827345287035,-0.3228199392419139
34.936843740000086,3.491786340782846,-0.7225312963823068,1.691786331998822,-0.3225312963823068
34.951300457000116,3.494745259950521,-0.722241961938958,1.6947452511664969,-0.32224196193895793
34.96478755099997,3.4977041114124425,-0.7219519359276738,1.6977041026284183,-0.3219519359276738
34.97913048300006,3.5006533671861733,-0.7216620373863277,1.700653358402149,-0.3216620373863277
34.99362710500009,3.5036020289402408,-0.7213712419053756,1.7036020201562165,-0.3213712419053756
35.01401574600004,3.5065505972086273,-0.7210795000360696,1.706550588424603,-0.32107950003606955
35.02867045700009,3.509499071687586,-0.7207868118084652,1.7094990629035618,-0.32078681180846513
35.046379505999994,3.512447452073376,-0.7204931772527137,1.7124474432893517,-0.32049317725271365
35.062624142999994,3.5154158413893994,-0.7201968375252946,1.7154158326053752,-0.3201968375252946
35.079943947999936,3.5183853155781373,-0.7198999801671847,1.718385306794113,-0.3198999801671847
35.11550401699992,3.52135474928431,-0.7196027181391808,1.7213547405002856,-0.31960271813918073
35.131861351,3.5243241424527687,-0.7193050514468066,1.7243241336687445,-0.31930505144680654
35.14662823899994,3.527293495028369,-0.719006980095586,1.727293486244345,-0.3190069800955859
35.161480397000105,3.530258691598917,-0.718709337636888,1.730258682814893,-0.318709337636888
35.175241399000015,3.5332237211152204,-0.718412233082362,1.7332237123311962,-0.318412233082362
35.19899147599995,3.536188802399441,-0.7181156456132558,1.7361887936154166,-0.3181156456132558
35.21482786599995,3.539153935361403,-0.7178195752385901,1.739153926577379,-0.31781957523859006
35.22968162300003,3.5421191199109283,-0.7175240219673695,1.742119111126904,-0.3175240219673695
35.24434697200013,3.5451015071975265,-0.7172270192665614,1.7451014984135023,-0.3172270192665614
35.259368873000085,3.548084793566564,-0.7169298767813765,1.7480847847825396,-0.3169298767813765
35.282068481000124,3.5510680749080614,-0.7166326838244237,1.7510680661240372,-0.31663268382442367
35.29750827499993,3.554051351221164,-0.7163354403957874,1.7540513424371398,-0.3163354403957874
35.312303389000135,3.5570346225050193,-0.716038146495553,1.7570346137209951,-0.31603814649555295
35.32717550999996,3.5599926186373754,-0.7157430090306829,1.7599926098533512,-0.31574300903068286
35.343304150999984,3.5629492131238134,-0.7154472706428182,1.7629492043397892,-0.3154472706428182
35.36628310900005,3.5659057340835383,-0.7151507981044755,1.765905725299514,-0.31515079810447544
35.381491619000144,3.568862181334255,-0.7148535914339328,1.7688621725502307,-0.31485359143393277
35.39669796700014,3.5718185546936727,-0.7145556506495176,1.7718185459096485,-0.3145556506495176
35.41156400800014,3.574773458348779,-0.7142578037898729,1.7747734495647547,-0.3142578037898729
35.426391547000094,3.5777283626018352,-0.7139607362260176,1.777728353817811,-0.3139607362260176
35.4459206680001,3.580683344507765,-0.7136644420852537,1.7806833357237408,-0.3136644420852537
35.46035794699992,3.5836384038641307,-0.7133689213878804,1.7836383950801065,-0.3133689213878804
35.47428035899998,3.5865935404684897,-0.7130741741541426,1.7865935316844654,-0.3130741741541426
35.488753121999935,3.5895403823956755,-0.7127811363160409,1.7895403736116513,-0.3127811363160409
35.50325125600011,3.592486882182683,-0.7124891397499689,1.7924868733986588,-0.31248913974996884
35.52243101900012,3.5954334806656854,-0.7121981408334671,1.7954334718816611,-0.3121981408334671
35.53707312200004,3.5983801775068893,-0.7119081395998957,1.798380168722865,-0.3119081395998957
35.55202265899993,3.6013269723684918,-0.7116191360824992,1.8013269635844675,-0.31161913608249914
35.567319790000056,3.6043097823373382,-0.7113271596027352,1.804309773553314,-0.31132715960273516
35.58132585399994,3.607295482246398,-0.7110349007116776,1.8072954734623738,-0.3110349007116776
35.60488740200003,3.610281182079135,-0.7107426410409114,1.8102811732951107,-0.3107426410409114
35.61980163199996,3.613266881835548,-0.7104503805904365,1.8132668730515238,-0.3104503805904365
35.63397777699993,3.6162525815156386,-0.7101581193602532,1.8162525727316143,-0.31015811936025317
35.650692015999994,3.619213085940447,-0.7098680126591803,1.8192130771564228,-0.3098680126591803
35.66441279100013,3.622172198930595,-0.7095773530931307,1.8221721901465708,-0.3095773530931307
35.68290253100008,3.6251312447186943,-0.7092860101753572,1.82513123593467,-0.3092860101753572
35.69755893699994,3.6280902231469367,-0.7089939839213966,1.8280902143629125,-0.30899398392139654
35.711193601000105,3.6310491340575193,-0.708701274346825,1.831049125273495,-0.3087012743468249
35.724365197,3.6339947065828784,-0.7084090343769889,1.8339946977988542,-0.30840903437698886
35.74023721200001,3.6369394783720885,-0.7081158260581774,1.8369394695880643,-0.30811582605817733
35.76535534899995,3.639884146638039,-0.7078215798819036,1.8398841378540147,-0.3078215798819036
35.78387283500001,3.6428287110149453,-0.7075262958847193,1.842828702230921,-0.30752629588471925
35.798452134999934,3.645773171137039,-0.7072299741033046,1.8457731623530147,-0.30722997410330455
35.81465066100009,3.6487432493826133,-0.7069303402616084,1.848743240598589,-0.30693034026160837
35.834072289000005,3.6517150425432576,-0.7066301920938627,1.8517150337592334,-0.30663019209386266
35.863345511000034,3.654686801639276,-0.7063297068405076,1.854686792855252,-0.30632970684050753
35.88107614399996,3.657658526632434,-0.7060288845054088,1.85765851784841,-0.30602888450540877
35.89802131800002,3.6606302174844956,-0.7057277250924342,1.8606302087004714,-0.3057277250924342
35.91439915900014,3.663563256592954,-0.7054309239927067,1.8635632478089297,-0.30543092399270666
35.92935089399998,3.6664943974296587,-0.7051356997634011,1.8664943886456344,-0.30513569976340105
35.949436518000084,3.6694256761846016,-0.7048418480814304,1.8694256674005774,-0.30484184808143033
35.963567513000044,3.6723570922150657,-0.7045493690112262,1.8723570834310415,-0.3045493690112262
35.977136884999936,3.675288644878308,-0.7042582626169174,1.875288636094284,-0.30425826261691735
35.990832213999965,3.6782523787295207,-0.7039645039504485,1.8782523699454965,-0.3039645039504485
36.00445133099993,3.6812185278211618,-0.7036700082664581,1.8812185190371375,-0.30367000826645807
36.02813262900008,3.684184627695915,-0.703375017292476,1.8841846189118907,-0.30337501729247596
36.04229028200007,3.6871506782710735,-0.7030795310367253,1.8871506694870492,-0.30307953103672525
36.05594318900012,3.6901166794639355,-0.7027835495074444,1.8901166706799113,-0.30278354950744435
36.06917746599993,3.6930778668387,-0.7024880592156342,1.8930778580546759,-0.30248805921563415
36.081792277999966,3.6960388629752337,-0.7021932179710101,1.8960388541912094,-0.30219321797101006
36.104042973000105,3.69899992129433,-0.7018990018752584,1.8989999125103056,-0.3018990018752584
36.11838678899994,3.7019610416640054,-0.7016054109414951,1.9019610328799812,-0.30160541094149507
36.13117727300005,3.7049222239522694,-0.7013124451828066,1.9049222151682452,-0.30131244518280653
36.143867981000085,3.707870359254628,-0.7010206710577545,1.9078703504706038,-0.30102067105775443
36.15698373800001,3.7108177119641104,-0.7007279922025943,1.9108177031800861,-0.3007279922025943
36.17840649499999,3.7137649677403437,-0.7004343388426454,1.9137649589563195,-0.30043433884264537
36.19091932200013,3.71671212626112,-0.7001397110100119,1.9167121174770958,-0.3001397110100119
36.20461537999995,3.7196591872042433,-0.6998441087369037,1.919659178420219,-0.2998441087369037
36.217699950999986,3.722603555888186,-0.699548713661668,1.9226035471041618,-0.299548713661668
36.231022693000114,3.725547887706636,-0.6992543762798932,1.9255478789226117,-0.29925437627989315
36.25354174300014,3.728492323908428,-0.6989610849485882,1.928492315124404,-0.2989610849485882
36.26850105199992,3.7314368641219278,-0.6986688397047721,1.9314368553379035,-0.2986688397047721
36.28207140800009,3.7343815079754834,-0.6983776405853311,1.9343814991914592,-0.2983776405853311
36.29551367499994,3.7373411311968634,-0.6980852484256493,1.9373411224128392,-0.2980852484256493
36.30874603400002,3.7403014776549606,-0.6977921347389339,1.9403014688709364,-0.29779213473893384
36.33002157100009,3.7432617600828197,-0.6974983750878061,1.9432617512987955,-0.2974983750878061
36.344897401000026,3.746221978339484,-0.6972039694862542,1.9462219695554597,-0.29720396948625416
36.35851000499997,3.7491821322840053,-0.696908917948298,1.949182123499981,-0.296908917948298
36.37292724500003,3.752122382980275,-0.6966149590365345,1.9521223741962508,-0.29661495903653445
36.38701428100012,3.7550614731132295,-0.6963199295744469,1.9550614643292052,-0.29631992957444686
36.40983305899999,3.758000445036736,-0.6960237248716296,1.9580004362527117,-0.29602372487162953
36.42418106100013,3.760939298280855,-0.6957263449754437,1.960939289496831,-0.2957263449754437
36.43758340599993,3.763878032375669,-0.695427789933442,1.9638780235916447,-0.295427789933442
36.45119089200011,3.7668246724165706,-0.6951273398950024,1.9668246636325464,-0.2951273398950024
36.46518828500007,3.769771636082921,-0.694825884821277,1.9697716272988968,-0.29482588482127703
36.48658962100012,3.772718501206615,-0.6945234679649056,1.972718492422591,-0.2945234679649056
36.50109866599996,3.7756652674737614,-0.6942200893581016,1.9756652586897372,-0.2942200893581016
36.513919349999924,3.7786119345704807,-0.6939157490331802,1.9786119257864565,-0.2939157490331802
36.52681452499996,3.7815625476631047,-0.6936100776989008,1.9815625388790805,-0.2936100776989008
36.540167868000026,3.7845132848315313,-0.6933035305294185,1.984513276047507,-0.2933035305294185
36.56044892800014,3.7874639331885227,-0.6929961296874714,1.9874639244044985,-0.29299612968747135
36.574338390000094,3.7904144924871046,-0.6926878751987885,1.9904144837030804,-0.29268787519878847
36.58735810300004,3.7933649624803096,-0.69237876708917,1.9933649536962854,-0.29237876708917
36.601663086000144,3.7963009317507033,-0.6920712725643258,1.996300922966679,-0.29207127256432575
36.61462863800011,3.79923626664429,-0.6917650954525095,1.9992362578602656,-0.2917650954525095
36.63828498399994,3.8021717306093303,-0.6914601582929858,2.002171721825306,-0.29146015829298577
36.65272499299999,3.80510732312204,-0.6911564611401659,2.005107314338016,-0.2911564611401659
36.666701399999965,3.808043043658613,-0.6908540040482407,2.0080430348745884,-0.2908540040482407
36.680570644,3.810984045426486,-0.6905521948853883,2.010984036642462,-0.2905521948853883
36.69391369300001,3.8139254318037725,-0.6902514612440512,2.0139254230197485,-0.2902514612440512
36.71595639299994,3.8168669307766687,-0.6899518309118522,2.0168669219926443,-0.28995183091185217
36.730316295999955,3.8198085419313252,-0.689653303930946,2.019808533147301,-0.289653303930946
36.744368544000054,3.8227502648538745,-0.6893558803433344,2.02275025606985,-0.28935588034333437
36.75817807599992,3.8256699169824664,-0.6890620652048451,2.0256699081984424,-0.2890620652048451
36.77219418100003,3.828588569638694,-0.6887700563212119,2.0285885608546694,-0.2887700563212119
36.79184310200003,3.8315073907992074,-0.6884797365858156,2.0315073820151834,-0.2884797365858156
36.80692219000002,3.834426379486426,-0.6881911060958916,2.034426370702402,-0.2881911060958916
36.82032940299996,3.8373455347227132,-0.6879041649481077,2.0373455259386892,-0.28790416494810767
36.83325746500009,3.8402908373801963,-0.687616050007031,2.040290828596172,-0.28761605000703094
36.84683163699992,3.843238021483896,-0.6873287533038683,2.043238012699872,-0.2873287533038683
36.86796304199993,3.8461853021431565,-0.6870424488290647,2.046185293359132,-0.2870424488290647
36.88237614200011,3.849132679023926,-0.6867571366150715,2.049132670239902,-0.2867571366150715
36.896007417999954,3.852080151792139,-0.686472816694227,2.052080143008115,-0.286472816694227
36.90902164599993,3.8550377033487306,-0.6861877466451122,2.0550376945647066,-0.28618774664511215
36.922461771000144,3.857995714670895,-0.6859019045776371,2.0579957058868708,-0.2859019045776371
36.94443867099994,3.860953656020461,-0.6856153393283066,2.0609536472364365,-0.2856153393283066
36.95841682200012,3.8639115272206213,-0.6853280509142482,2.063911518436597,-0.2853280509142482
36.97178204000011,3.866869328094577,-0.685040039352637,2.0668693193105527,-0.285040039352637
36.984841351000114,3.8698210155092885,-0.6847526273600155,2.069821006725264,-0.2847526273600155
36.99808350100011,3.872772467181733,-0.6844661317025924,2.0727724583977087,-0.2844661317025924
37.0199897980001,3.8757240048199404,-0.6841805230424627,2.075723996035916,-0.28418052304246266
37.03429383499997,3.878675628157343,-0.6838958014054201,2.0786756193733185,-0.28389580140542003
37.047561561000066,3.881627336927363,-0.6836119668171795,2.0816273281433384,-0.2836119668171795
37.06039700700012,3.8846018063972885,-0.6833265613346631,2.0846017976132645,-0.28332656133466305
37.073077388,3.8875777182263307,-0.6830412900799945,2.0875777094423063,-0.28304129007999446
37.096204914000054,3.890553655870267,-0.6827562882512809,2.090553647086243,-0.28275628825128085
37.11079063500006,3.8935296193047053,-0.6824715558508522,2.0935296105206813,-0.28247155585085215
37.124748169999975,3.8965056085052536,-0.6821870928810463,2.0965055997212296,-0.28218709288104626
37.13842522899995,3.89948955136111,-0.6819020434374446,2.0994895425770856,-0.2819020434374446
37.152101753000125,3.902473917064938,-0.6816170074628873,2.1024739082809134,-0.2816170074628873
37.17502523500002,3.905458287840688,-0.6813320245970577,2.1054582790566636,-0.28133202459705764
37.19000660200004,3.908442663687417,-0.6810470948400459,2.108442654903393,-0.28104709484004586
37.20373860099994,3.911427044604181,-0.6807622181919423,2.1114270358201566,-0.28076221819194225
37.216871799000046,3.9143927166271233,-0.6804789014173827,2.1143927078430993,-0.28047890141738263
37.22947536600009,3.917357351572579,-0.6801951188076982,2.117357342788555,-0.2801951188076982
37.25149084899999,3.920321932815085,-0.6799107757297836,2.120321924031061,-0.2799107757297836
37.265865891999965,3.9232864602486845,-0.679625872193801,2.1232864514646606,-0.279625872193801
37.278660742000056,3.926250933767423,-0.6793404082099365,2.126250924983399,-0.27934040820993644
37.291762311999946,3.929194642083521,-0.679056128116299,2.1291946332994964,-0.279056128116299
37.305226276999974,3.9321371538603334,-0.6787708394664282,2.1321371450763094,-0.2787708394664282
37.327264860000014,3.9350795574011284,-0.6784844366494858,2.135079548617104,-0.27848443664948574
37.34262080000008,3.93802185228403,-0.678196919706537,2.138021843500006,-0.2781969197065369
37.35542208800007,3.9409640380871807,-0.6779082886788034,2.1409640293031567,-0.27790828867880335
37.36885352200011,3.9439401860859284,-0.6776156214697415,2.1439401773019044,-0.2776156214697415
37.382164418,3.946918992011986,-0.6773225143058609,2.1469189832279616,-0.27732251430586086
37.40497464000009,3.949897780637995,-0.6770292313772704,2.149897771853971,-0.2770292313772704
37.41923329600013,3.952876551953583,-0.6767357726849939,2.152876543169559,-0.27673577268499383
37.432641805,3.9558553059483783,-0.676442138230045,2.1558552971643543,-0.27644213823004493
37.44581102999996,3.9588113460535728,-0.6761502869539798,2.1588113372695483,-0.2761502869539798
37.45963758900007,3.9617661151707964,-0.6758577657069974,2.1617661063867724,-0.2758577657069974
37.4817641730001,3.964720806133594,-0.6755644560917573,2.1647207973495695,-0.2755644560917573
37.496622075999994,3.96767541873162,-0.6752703581291404,2.167675409947596,-0.27527035812914036
37.51070701699996,3.970629952754535,-0.6749754718400844,2.1706299439705106,-0.2749754718400844
37.5243846840001,3.9735869152857175,-0.6746795772489319,2.1735869065016935,-0.2746795772489319
37.538596018000135,3.976543937364751,-0.6743829483029983,2.1765439285807267,-0.27438294830299825
37.56072647600013,3.9795008870211315,-0.6740855982784553,2.179500878237107,-0.27408559827845524
37.575859662000084,3.9824577640790197,-0.6737875271929825,2.1824577552949957,-0.2737875271929825
37.59014492899996,3.985414568362583,-0.6734887350643063,2.1854145595785583,-0.27348873506430627
37.6040685160001,3.9883715966081104,-0.6731891954971364,2.1883715878240864,-0.2731891954971364
37.617762072999994,3.9913285681440507,-0.6728889412973473,2.1913285593600262,-0.2728889412973473
37.63869268600001,3.994285467191688,-0.6725879740716715,2.1942854584076636,-0.27258797407167146
37.65447795099999,3.997242293579088,-0.6722862938376113,2.197242284795064,-0.27228629383761127
37.66850653999995,4.000199047134322,-0.6719839006127075,2.2001990383502976,-0.2719839006127075
37.68186784399995,4.003167015168221,-0.6716797771445152,2.203167006384197,-0.2716797771445152
37.69579397899997,4.00613553457018,-0.6713751836074068,2.2061355257861557,-0.27137518360740676
37.71551084399994,4.0091040119850785,-0.6710701811485847,2.2091040032010545,-0.2710701811485847
37.73071109200009,4.012072447356586,-0.6707647697738336,2.2120724385725623,-0.27076476977383357
37.74514356999998,4.015040840628375,-0.6704589494889543,2.215040831844351,-0.2704589494889543
37.75902552000002,4.018023632113826,-0.6701514104819127,2.2180236233298016,-0.2701514104819127
37.77341202000002,4.021007180918824,-0.669843776355247,2.2210071721348,-0.2698437763552469
37.79452605000006,4.023990728036018,-0.6695361258600916,2.2239907192519937,-0.26953612586009157
37.80920815800005,4.026974273465321,-0.6692284589964558,2.2269742646812967,-0.26922845899645576
37.82293764299993,4.02995781720664,-0.6689207757643487,2.2299578084226157,-0.2689207757643487
37.835830115000135,4.032938026309278,-0.6686133784098056,2.232938017525254,-0.2686133784098056
37.84977780899999,4.035918049155943,-0.6683058919124506,2.235918040371919,-0.2683058919124506
37.871899732999964,4.0388980609266865,-0.6679982980910938,2.2388980521426625,-0.26799829809109377
37.88634168900012,4.041878061617638,-0.6676905969461299,2.2418780528336137,-0.26769059694612984
37.89980831999992,4.044858051224938,-0.6673827884779596,2.2448580424409137,-0.2673827884779596
37.91337678900004,4.047818363905384,-0.667076661622771,2.2478183551213604,-0.267076661622771
37.92635300000006,4.050777576702543,-0.666770002591216,2.2507775679185187,-0.26677000259121597
37.952473114999975,4.05373672314643,-0.666462703934966,2.2537367143624056,-0.26646270393496596
37.96888139299995,4.056695803098794,-0.6661547656683758,2.25669579431477,-0.2661547656683758
37.98345973000005,4.059654816421383,-0.6658461878058374,2.259654807637359,-0.26584618780583735
37.998114302999966,4.062630571637453,-0.6655354228052915,2.2626305628534293,-0.2655354228052915
38.01154991599992,4.065607191000753,-0.665224379933633,2.265607182216729,-0.265224379933633
38.03126342600012,4.068583791020683,-0.6649131520053595,2.268583782236659,-0.2649131520053595
38.04498279900008,4.071560371685737,-0.6646017390216662,2.271560362901713,-0.26460173902166617
38.05858054600003,4.07453693298441,-0.6642901409837633,2.274536924200386,-0.26429014098376324
38.071412504000136,4.0775125224960265,-0.6639786385324373,2.2775125137120025,-0.2639786385324373
38.08468083299999,4.080488082975926,-0.6636673524348993,2.2804880741919016,-0.26366735243489925
38.10678404999999,4.083463665573996,-0.663356277835929,2.283463656789972,-0.26335627783592896
38.1222721690001,4.086439270275201,-0.6630454147370977,2.286439261491177,-0.26304541473709764
38.13605646700012,4.089414897064512,-0.6627347631399743,2.289414888280488,-0.26273476313997424
38.14981174200011,4.092382712169369,-0.6624248509837535,2.2923827033853454,-0.26242485098375345
38.16397865900012,4.095350072392384,-0.662114559163623,2.2953500636083604,-0.26211455916362303
38.18991932199992,4.098317388319596,-0.6618038440289866,2.298317379535572,-0.2618038440289866
38.204934057999935,4.101284659890615,-0.6614927055861755,2.3012846511065908,-0.26149270558617543
38.21880181200004,4.104251887045054,-0.6611811438415169,2.30425187826103,-0.2611811438415169
38.231949974000145,4.107219912795495,-0.6608694465219103,2.307219904011471,-0.26086944652191024
38.24596310200013,4.110188022892338,-0.6605581452576135,2.3101880141083138,-0.26055814525761345
38.26563386299995,4.113156175075863,-0.6602472455316905,2.313156166291839,-0.26024724553169043
38.27987883000014,4.116124369291747,-0.6599367473498307,2.3161243605077226,-0.25993674734983063
38.29441788300005,4.119092605485667,-0.6596266507177184,2.319092596701643,-0.2596266507177184
38.307271724999964,4.122060133899148,-0.6593166587722743,2.322060125115124,-0.2593166587722743
38.320183311999926,4.125027581013468,-0.6590062509608581,2.325027572229444,-0.25900625096085805
38.344829164999965,4.127994984080742,-0.6586954223553383,2.3279949752967184,-0.25869542235533827
38.359147009000026,4.130962343041299,-0.6583841729619658,2.3309623342572747,-0.2583841729619658
38.372462582000026,4.1339296578354725,-0.6580725027869991,2.3339296490514485,-0.2580725027869991
38.385958941000126,4.136902512245051,-0.657759893911044,2.336902503461027,-0.2577598939110439
38.399342858999944,4.139875631790446,-0.6574469844816857,2.3398756230064217,-0.2574469844816857
38.42120891400009,4.142848722958585,-0.6571338055422131,2.3428487141745613,-0.2571338055422131
38.43577412600007,4.145821785725038,-0.656820357095196,2.3458217769410137,-0.256820357095196
38.44967872899997,4.14879482006537,-0.6565066391432083,2.348794811281346,-0.25650663914320826
38.462909942000124,4.15177449855008,-0.6561920300850207,2.351774489766056,-0.25619203008502067
38.47617024200008,4.154754518455784,-0.6558772958090677,2.3547545096717597,-0.2558772958090677
38.49961437100001,4.157734529069974,-0.6555624735700634,2.35773452028595,-0.25556247357006334
38.51389029699999,4.160714530390051,-0.6552475633682915,2.3607145216060266,-0.25524756336829146
38.52699635399995,4.163694522413421,-0.654932565204022,2.3636945136293974,-0.25493256520402197
38.5411911650001,4.166676341608078,-0.6546173077912786,2.3666763328240537,-0.25461730779127856
38.55442687599998,4.169658253324854,-0.6543020022628185,2.3696582445408296,-0.2543020022628185
38.57631523400005,4.17264016103939,-0.6539866588866141,2.372640152255366,-0.2539866588866141
38.59101789800002,4.175622064751204,-0.6536712776627159,2.37562205596718,-0.2536712776627159
38.605736041,4.1786039644598185,-0.6533558585911748,2.3786039556757945,-0.2533558585911748
38.619157374,4.181549311719885,-0.6530438184268629,2.381549302935861,-0.25304381842686285
38.633414168999934,4.184492629430756,-0.652730959764699,2.384492620646732,-0.25273095976469895
38.65335859700008,4.187435838231288,-0.6524170781849619,2.3874358294472637,-0.25241707818496184
38.66813530200011,4.190378937765975,-0.6521021737255651,2.390378928981951,-0.2521021737255651
38.68150069300009,4.193321927679328,-0.6517862464245452,2.393321918895304,-0.25178624642454517
38.695135887000106,4.196276279085644,-0.6514682025274499,2.3962762703016196,-0.25146820252744984
38.70990881700004,4.199231156223345,-0.6511493770513492,2.3992311474393206,-0.2511493770513492
38.72898566799995,4.202185955982428,-0.6508298352437073,2.4021859471984044,-0.2508298352437073
38.74394762299994,4.205140678189242,-0.6505095771233039,2.4051406694052178,-0.2505095771233039
38.75960420799993,4.208095322670132,-0.6501886027089587,2.4080953138861076,-0.2501886027089587
38.77266240500012,4.2110690133706346,-0.6498650678758942,2.4110690045866106,-0.24986506787589413
38.78644063399997,4.214043699776113,-0.64954122224944,2.414043690992089,-0.24954122224943998
38.80660321100004,4.217018364458512,-0.6492171771476449,2.4170183556744878,-0.2492171771476449
38.821381879,4.219993007404456,-0.6488929325719655,2.4199929986204323,-0.24889293257196543
38.834458138999935,4.2229676286005695,-0.6485684885238624,2.4229676198165455,-0.24856848852386237
38.848688537000044,4.225939974746355,-0.6482440629022178,2.425939965962331,-0.2482440629022178
38.861987451999994,4.228912173999975,-0.6479193895910368,2.4289121652159507,-0.24791938959103677
38.883846203000076,4.23188434476556,-0.6475944555940493,2.431884335981536,-0.24759445559404925
38.89935215100013,4.23485648702025,-0.6472692609137491,2.4348564782362256,-0.24726926091374912
38.91303852400006,4.237828600741177,-0.6469438055526417,2.437828591957153,-0.24694380555264173
38.926923933000126,4.240781481477841,-0.646619956932154,2.440781472693817,-0.246619956932154
38.94044682200001,4.243733267396058,-0.6462954410860365,2.443733258612034,-0.24629544108603652
38.960185335000006,4.246684967630375,-0.6459701468068291,2.446684958846351,-0.24597014680682905
38.975979048,4.249636581975514,-0.6456440741171541,2.4496365731914898,-0.24564407411715405
38.98993784899994,4.252588110226189,-0.645317223039692,2.4525881014421653,-0.24531722303969195
39.00337392899996,4.255568756290724,-0.6449955640066362,2.4555687475066996,-0.24499556400663614
39.018660655000076,4.258553459430353,-0.6446930487495931,2.4585534506463294,-0.24469304874959308
39.039179858000125,4.2615400658536755,-0.6444099403169528,2.4615400570696515,-0.24440994031695273
39.05433520299994,4.264528449377018,-0.6441462506700041,2.4645284405929937,-0.24414625067000406
39.06903757600003,4.267518483741642,-0.6439019909495938,2.4675184749576182,-0.24390199094959375
39.08558727000013,4.27051004261901,-0.6436771714756617,2.4705100338349864,-0.2436771714756617
39.100347348000014,4.273502999616204,-0.6434718017467974,2.4735029908321797,-0.2434718017467974
39.12648708500001,4.276497228281241,-0.6432858904398407,2.476497219497217,-0.24328589043984072
39.141095166000014,4.279492602108414,-0.6431194454095159,2.47949259332439,-0.2431194454095159
39.154658273999985,4.282488994543603,-0.6429724736881026,2.482488985759579,-0.2429724736881026
39.167428969999946,4.285486278989682,-0.6428449814851372,2.4854862702056577,-0.24284498148513722
39.181220682,4.288484328811835,-0.6427369741871467,2.488484320027811,-0.24273697418714668
39.20489255899997,4.291483017342902,-0.6426484563574238,2.4914830085588777,-0.24264845635742383
39.22262698700001,4.294482217888736,-0.642579431735833,2.494482209104712,-0.24257943173583296
39.23203628200008,4.297481803733563,-0.6425299032386549,2.4974817949495387,-0.24252990323865486
39.244766604000006,4.300481648145329,-0.6424998729584608,2.500481639361305,-0.24249987295846076
39.25762576400007,4.30348162438105,-0.6424893421640252,2.5034816155970256,-0.24248934216402518
39.27999688800014,4.306481605692178,-0.6424983113002731,2.506481596908154,-0.2424983113002731
39.29439705799996,4.309481465329948,-0.6425267799882599,2.509481456545924,-0.2425267799882599
39.307221798,4.31248107655074,-0.6425747470251874,2.512481067766716,-0.24257474702518733
39.320473682000056,4.315480312621423,-0.6426422103844558,2.515480303837399,-0.24264221038445577
39.333334986999944,4.318479046824722,-0.642729167215748,2.518479038040698,-0.242729167215748
39.35335834900002,4.321477152464557,-0.6428356138451511,2.521477143680533,-0.24283561384515107
39.366956441999946,4.324474502871416,-0.6429615457753103,2.524474494087392,-0.24296154577531026
39.38059579700007,4.327470971407688,-0.6431069576856205,2.5274709626236644,-0.24310695768562052
39.39333771399993,4.330466431473026,-0.64327184343245,2.5304664226890017,-0.24327184343245
39.406453734000024,4.33346075650968,-0.6434561960494007,2.5334607477256563,-0.24345619604940072
39.42848953199996,4.336453820007872,-0.6436600077476022,2.536453811223848,-0.24366000774760221
39.441538131000016,4.339445495511108,-0.6438832699160406,2.539445486727084,-0.2438832699160406
39.456080019999945,4.342435656621547,-0.6441259731219218,2.5424356478375234,-0.24412597312192175
39.468926367999984,4.345424177005323,-0.644388107111072,2.545424168221299,-0.24438810711107195
39.482548537999946,4.3484109303978995,-0.6446696608083686,2.5484109216138755,-0.2446696608083686
39.5127984400001,4.351395790609386,-0.6449706223182106,2.551395781825362,-0.24497062231821054
39.52562088900004,4.354378631529886,-0.6452909789250187,2.554378622745862,-0.24529097892501872
39.539541237000094,4.3573593271348114,-0.6456307170937738,2.5573593183507874,-0.24563071709377382
39.55251270300005,4.3589224865727685,-0.645823383797022,2.5589224777887445,-0.24582338379702195
39.56493792900005,4.360408642813681,-0.6460266273462745,2.560408634029657,-0.24602662734627445
39.60080537399995,4.361892031384437,-0.6462491732086415,2.5618920226004134,-0.24624917320864148
39.614021959999945,4.3633724015959,-0.646490983774402,2.5633723928118757,-0.24649098377440193
39.628601484,4.364849503269029,-0.646752018178146,2.5648494944850047,-0.24675201817814596
39.642662957000084,4.366323086777157,-0.6470322323056807,2.5663230779931334,-0.24703223230568072
39.65656561000014,4.367792903088183,-0.6473315788014855,2.5677928943041586,-0.24733157880148549
39.689154632000054,4.369258703806643,-0.6476500070767153,2.5692586950226186,-0.24765000707671525
39.702342328999976,4.370720241215698,-0.647987463317748,2.5707202324316736,-0.247987463317748
39.71696715899998,4.372177268319009,-0.6483438904952857,2.5721772595349854,-0.2483438904952857
39.73063861700007,4.373629538882466,-0.6487192283739839,2.573629530098442,-0.24871922837398386
39.743478505999974,4.375076807475801,-0.6491134135226346,2.575076798691777,-0.2491134135226346
39.78013213300005,4.376518829514067,-0.6495263793248854,2.576518820730043,-0.24952637932488542
39.79439952100006,4.377955361298971,-0.6499580559904994,2.5779553525149472,-0.24995805599049936
39.809430752000026,4.379386160060059,-0.6504083705671471,2.5793861512760348,-0.25040837056714704
39.82669180700009,4.380970959946699,-0.6509282632967869,2.5809709511626746,-0.25092826329678686
39.840612426999996,4.382693881381096,-0.6515127139712568,2.582693872597072,-0.25151271397125674
39.87611908600002,4.384410732501736,-0.6521147630469568,2.5844107237177116,-0.2521147630469568
39.889808237000125,4.386121333558902,-0.652734347490959,2.5861213247748784,-0.252734347490959
39.904412343000104,4.38782550545723,-0.6533714024344228,2.587825496673206,-0.2533714024344228
39.91902331699998,4.389701462051806,-0.6540913320220727,2.5897014532677822,-0.2540913320220727
39.931857418999925,4.391786256470392,-0.6549069584590307,2.5917862476863682,-0.25490695845903066
39.97322734499994,4.393866593111169,-0.6557366844564321,2.593866584327145,-0.25573668445643205
39.98890197900005,4.395941417356111,-0.6565801002034571,2.595941408572087,-0.2565801002034571
40.006237849999934,4.3980106391203435,-0.6574371690806168,2.5980106303363195,-0.25743716908061676
40.02073713300001,4.400239739859293,-0.658374819203899,2.600239731075269,-0.25837481920389893
40.03615582499992,4.4025715831443275,-0.6593666665046639,2.6025715743603035,-0.2593666665046639
40.078540386999975,4.404899401865534,-0.6603679228031202,2.60489939308151,-0.26036792280312016
40.09333881800012,4.40722315805776,-0.6613785717694484,2.607223149273736,-0.26137857176944834
40.10902851900005,4.409542813822092,-0.6623985969206365,2.6095428050380676,-0.2623985969206365
40.12327480099998,4.411931678233702,-0.6634595662143092,2.611931669449678,-0.2634595662143092
40.13721558800012,4.41432923122738,-0.6645336664199615,2.614329222443356,-0.26453366641996146
40.17690397399997,4.416723300970462,-0.66561550821733,2.616723292186438,-0.26561550821732993
40.19256244600001,4.419113862465771,-0.6667050803105912,2.619113853681747,-0.26670508031059115
40.20741670899997,4.421500890752764,-0.6678023713232065,2.62150088196874,-0.2678023713232065
40.22052286899998,4.423929699461245,-0.6689277621590132,2.6239296906772207,-0.26892776215901315
40.23362074500005,4.426360151515525,-0.6700620530797706,2.6263601427315013,-0.2700620530797706
40.26817826399997,4.4287874693320335,-0.6712030356820602,2.6287874605480095,-0.27120303568206017
40.28174145999992,4.431211634486833,-0.6723507013055443,2.631211625702809,-0.2723507013055443
40.29520993599999,4.433632628579914,-0.6735050412391586,2.6336326197958897,-0.27350504123915853
40.30893678000007,4.435984819215139,-0.6746353957579923,2.6359848104311148,-0.27463539575799223
40.32248620500013,4.438329703874412,-0.6757721189925889,2.6383296950903876,-0.2757721189925889
40.356424696999966,4.440670692186873,-0.6769168449415784,2.640670683402849,-0.2769168449415784
40.37083325399999,4.443007756840643,-0.6780695602496539,2.643007748056619,-0.2780695602496539
40.38587944100004,4.445340870569619,-0.6792302514682985,2.645340861785595,-0.2792302514682985
40.40007642499995,4.44761519158125,-0.6803721099858748,2.6476151827972263,-0.2803721099858748
40.41400171999999,4.44988209309113,-0.6815215452870705,2.649882084307106,-0.2815215452870705
40.45011456800012,4.452144410882846,-0.6826799761984454,2.6521444020988216,-0.2826799761984454
40.46293969299995,4.45440210925983,-0.683847384441397,2.6544021004758056,-0.283847384441397
40.476697836000085,4.456655152598401,-0.6850237515956733,2.656655143814377,-0.2850237515956733
40.489966000000095,4.458856700177166,-0.6861849869466722,2.658856691393142,-0.28618498694667216
40.5031820480001,4.461050609396125,-0.6873547135002163,2.661050600612101,-0.28735471350021624
40.54301185999998,4.463239288819878,-0.6885341965442379,2.663239280035854,-0.28853419654423784
40.557935872000144,4.465422695060808,-0.6897234126970769,2.6654226862767842,-0.2897234126970769
40.5736339770001,4.467600784835827,-0.6909223383841248,2.6676007760518026,-0.29092233838412473
40.58737175400006,4.469732373849945,-0.692108561384212,2.6697323650659213,-0.29210856138421193
40.6014509470001,4.471853583040845,-0.6933026743887332,2.6718535742568212,-0.29330267438873314
40.64058535699996,4.473968911550055,-0.694507174117771,2.673968902766031,-0.29450717411777094
40.65536501800011,4.476078308518284,-0.6957220316112843,2.67607829973426,-0.2957220316112843
40.66932353700008,4.478181723228858,-0.6969472176601993,2.6781817144448343,-0.29694721766019927
40.68336384700001,4.480292218725386,-0.69819025254988,2.6802922099413617,-0.29819025254987996
40.69693797400009,4.482397451730803,-0.6994437367764798,2.6823974429467787,-0.29944373677647973
40.73106141900007,4.484496687554638,-0.7007072389210612,2.684496678770614,-0.3007072389210612
40.744179095999925,4.486589878526203,-0.7019807302912703,2.6865898697421793,-0.30198073029127026
40.75937000099998,4.488676977112078,-0.7032641819679124,2.6886769683280543,-0.3032641819679124
40.77270651699996,4.4907399807571435,-0.7045466494269433,2.6907399719731195,-0.3045466494269433
40.78578527400009,4.492795664486685,-0.7058387406964591,2.6927956557026613,-0.3058387406964591
40.82096099,4.494844918036064,-0.707141006159035,2.6948449092520397,-0.30714100615903495
40.83472197500009,4.496887691050589,-0.7084534138151316,2.6968876822665653,-0.3084534138151316
40.84891917200002,4.498923933334817,-0.7097759314159914,2.698923924550793,-0.30977593141599136
40.86183183999992,4.500913935646814,-0.7110830330028308,2.70091392686279,-0.3110830330028308
40.874818945000015,4.502894798300672,-0.7123994668095309,2.702894789516648,-0.3123994668095309
40.91271705100007,4.504868540453887,-0.7137265526144041,2.704868531669863,-0.3137265526144041
40.92550315099993,4.50683510482643,-0.7150642519040531,2.706835096042406,-0.31506425190405307
40.94096655299995,4.50879443434657,-0.7164125258570665,2.7087944255625462,-0.3164125258570665
40.954701356999976,4.510780158308271,-0.7177942822835779,2.710780149524247,-0.31779428228357787
40.967625678000104,4.512761945993913,-0.7191880556203399,2.712761937209889,-0.3191880556203399
41.003309470999966,4.514736737049637,-0.7205917246808573,2.7147367282656134,-0.3205917246808573
41.01618655900006,4.516704482063278,-0.7220052543432707,2.716704473279254,-0.32200525434327065
41.03051325000001,4.518665131798965,-0.7234286092389938,2.718665123014941,-0.32342860923899375
41.04416440099999,4.5205291474572515,-0.7247973828203764,2.7205291386732275,-0.3247973828203764
41.057507760000135,4.522380242703434,-0.7261738791513934,2.7223802339194103,-0.3261738791513934
41.09504120700012,4.524223034933183,-0.7275614715114649,2.7242230261491587,-0.32756147151146486
41.108234018000076,4.526057457634451,-0.728960109818112,2.726057448850427,-0.32896010981811197
41.12187805000008,4.5278834445972755,-0.7303697435901725,2.7278834358132515,-0.33036974359017246
41.13529894800013,4.529736639223092,-0.7318176704904461,2.729736630439068,-0.3318176704904461
41.14824159800014,4.531585189990016,-0.7332786404767058,2.7315851812059924,-0.33327864047670575
41.18544351100013,4.53342556015101,-0.7347499021492764,2.7334255513669863,-0.33474990214927636
41.198726994000026,4.535257692408506,-0.7362314097023098,2.735257683624482,-0.3362314097023098
41.212045120000084,4.537081529721415,-0.7377231170109668,2.737081520937391,-0.3377231170109668
41.225303022999924,4.538908961464939,-0.7392346679211721,2.738908952680915,-0.3392346679211721
41.23926178500005,4.540728766279927,-0.7407566547100394,2.740728757495903,-0.34075665471003935
41.2774577990001,4.542540265449457,-0.7422885176637408,2.742540256665433,-0.3422885176637408
41.29004495000004,4.544343405375807,-0.7438302114582874,2.744343396591783,-0.3438302114582874
41.303923390000136,4.5461381327085775,-0.7453816904788172,2.7461381239245535,-0.34538169047881717
41.316602039000145,4.547906189759526,-0.7469273011235815,2.7479061809755017,-0.3469273011235815
41.32999649900012,4.5496645259583985,-0.7484820570788823,2.7496645171743745,-0.34848205707888225
41.36986609099995,4.551414036949273,-0.7500467370978078,2.7514140281652493,-0.35004673709780776
41.38328139100008,4.553154666721453,-0.7516212910870397,2.7531546579374293,-0.35162129108703966
41.397819927,4.554886359548584,-0.7532056686371446,2.7548863507645596,-0.35320566863714453
41.41076926899996,4.55661760044726,-0.7548075717794756,2.756617591663236,-0.35480757177947553
41.42393293100008,4.558340363531241,-0.7564194775080693,2.758340354747217,-0.35641947750806924
41.45994258199994,4.560054149234205,-0.7580409247892724,2.7600541404501806,-0.3580409247892724
41.47364847099993,4.56175890471087,-0.7596718636250948,2.761758895926846,-0.35967186362509473
41.48862844400014,4.563454577394399,-0.7613122437248699,2.763454568610375,-0.3613122437248699
41.50126213800013,4.565163134821975,-0.7629831333904994,2.765163126037951,-0.36298313339049937
41.51452717300003,4.56686448901764,-0.7646646003571481,2.7668644802336164,-0.3646646003571481
41.550493624999945,4.5685569603019704,-0.7663550080626332,2.7685569515179465,-0.3663550080626332
41.56577423199997,4.570240501691385,-0.7680543095806619,2.7702404929073614,-0.3680543095806619
41.58044276800001,4.571915066450198,-0.7697624577380462,2.771915057666174,-0.36976245773804617
41.593964856999946,4.573562843328487,-0.7714614405983321,2.773562834544463,-0.3714614405983321
41.606410447000144,4.575200329685753,-0.7731685016927446,2.775200320901729,-0.3731685016927446
41.641809233000004,4.576828403709914,-0.7748845419376511,2.7768283949258903,-0.3748845419376511
41.655155096000044,4.578447016164613,-0.7766095094364112,2.7784470073805894,-0.37660950943641114
41.67035292300011,4.5800561180996295,-0.778343352022407,2.7800561093156055,-0.378343352022407
41.68374745400001,4.5816334337681255,-0.7800622564832523,2.7816334249841015,-0.3800622564832523
41.69739781599992,4.583199606823249,-0.7817890085197419,2.783199598039225,-0.38178900851974185
41.7314234800001,4.584755745208254,-0.7835248091882622,2.7847557364242297,-0.38352480918826215
41.74523295900008,4.586301796645258,-0.7852696001752457,2.786301787861234,-0.3852696001752457
41.75910687600003,4.587837709195244,-0.7870233228650991,2.7878377004112203,-0.3870233228650991
41.772951338999974,4.589377833949988,-0.7888022379469776,2.789377825165964,-0.38880223794697755
41.78666824400011,4.590908831842231,-0.7905907350866889,2.7909088230582073,-0.39059073508668885
41.82536699000002,4.59242979714131,-0.7923877718486434,2.7924297883572864,-0.3923877718486434
41.83919443400009,4.593940682215679,-0.7941932919556661,2.7939406734316554,-0.3941932919556661
41.8553597770001,4.595441439749475,-0.7960072388649119,2.795441430965451,-0.39600723886491185
41.86966854399998,4.596962556257674,-0.7978661231848331,2.79696254747365,-0.39786612318483305
41.88414215500006,4.598477172882552,-0.7997365869744152,2.7984771640985278,-0.39973658697441516
41.91938654900014,4.599982153438664,-0.8016148126888124,2.7999821446546402,-0.4016148126888124
41.932120123999994,4.601477458149299,-0.8035007506864277,2.801477449365275,-0.40350075068642766
41.94663688200012,4.602963047493482,-0.8053943511218283,2.802963038709458,-0.4053943511218283
41.96132383899999,4.60441446942291,-0.8072647309448961,2.8044144606388857,-0.4072647309448961
41.975117973000124,4.605854319459973,-0.8091414254507973,2.805854310675949,-0.40914142545079724
42.013909324,4.60728382636634,-0.811026010392466,2.8072838175823156,-0.411026010392466
42.02660493799999,4.608702946902993,-0.8129184287659129,2.8087029381189694,-0.4129184287659129
42.041398324000056,4.6101116381450815,-0.8148186233302078,2.8101116293610575,-0.4148186233302078
42.05500382100013,4.611510981380353,-0.8167280396964497,2.811510972596329,-0.41672803969644967
42.06808573400008,4.612899893073915,-0.8186451793154,2.812899884289891,-0.4186451793154
42.10345050799992,4.614278272922173,-0.8205699050114321,2.8142782641381494,-0.4205699050114321
42.116236827999955,4.615646079491756,-0.8225021589283013,2.815646070707732,-0.42250215892830123
42.12962811600005,4.617003271667118,-0.8244418829834675,2.8170032628830937,-0.4244418829834675
42.14315895599998,4.618351382600127,-0.8263912486879689,2.8183513738161032,-0.42639124868796885
42.15641528900005,4.6196889156394345,-0.8283480614086155,2.8196889068554105,-0.4283480614086155
42.18940765399998,4.621015748994909,-0.8303121448848757,2.8210157402108846,-0.4303121448848757
42.202480067000124,4.622331843144061,-0.8322834406124346,2.822331834360037,-0.4322834406124346
42.21655047100012,4.623637158884285,-0.8342618898721444,2.823637150100261,-0.4342618898721444
42.22961691199998,4.624896812004224,-0.8361950635140919,2.8248968032202004,-0.4361950635140919
42.24329912200005,4.626142985093818,-0.8381330193501948,2.826142976309794,-0.4381330193501948
42.276856996000106,4.6273774466397555,-0.8400784562891676,2.8273774378557315,-0.44007845628916753
42.29134725800009,4.628600151732427,-0.8420313035561775,2.828600142948403,-0.4420313035561775
42.30556413299996,4.629811055889927,-0.8439914901068061,2.8298110471059026,-0.44399149010680605
42.31954428800009,4.631047147673594,-0.8460183258693434,2.83104713888957,-0.4460183258693434
42.33340837800006,4.6322775777058,-0.8480602814060353,2.832277568921776,-0.44806028140603527
42.37123854300012,4.633497089300216,-0.8501087764509544,2.8334970805161923,-0.4501087764509544
42.38512635100005,4.634705647701507,-0.8521637526232367,2.834705638917483,-0.4521637526232367
42.400892070000054,4.63590321846649,-0.854225151357308,2.835903209682466,-0.454225151357308
42.414205576000086,4.637063585919875,-0.8562482713923609,2.837063577135851,-0.4562482713923609
42.42771509099998,4.638210831624285,-0.8582757321581893,2.838210822840261,-0.4582757321581893
42.46462178499996,4.639346277263675,-0.8603098248461587,2.839346268479651,-0.4603098248461587
42.481252434,4.640469884502014,-0.8623504807792373,2.8404698757179903,-0.46235048077923724
42.495987001,4.641581615402976,-0.8643976310587982,2.841581606618952,-0.46439763105879817
42.51048223099997,4.642695051968799,-0.8664760548082503,2.842695043184775,-0.4664760548082503
42.52418560299998,4.643797897605655,-0.8685624221344864,2.843797888821631,-0.4685624221344864
42.5619817270001,4.64488915245993,-0.8706548752311493,2.844889143675906,-0.47065487523114924
42.57569440299994,4.645968782950059,-0.8727533497064518,2.8459687741660353,-0.4727533497064518
42.59029536999992,4.647036755852202,-0.8748577809833078,2.847036747068178,-0.4748577809833078
42.604156153000076,4.6480754145509975,-0.8769337066086351,2.8480754057669735,-0.4769337066086351
42.61870120699996,4.6491009037922595,-0.8790139017359524,2.8491008950082355,-0.4790139017359524
42.65599773200006,4.650114102199192,-0.8811001109631981,2.8501140934151676,-0.48110011096319805
42.670788872,4.651114974503001,-0.8831922616707538,2.8511149657189767,-0.4831922616707538
42.68643681699996,4.652103485863957,-0.8852902810321803,2.8521034770799334,-0.4852902810321803
42.700732100000096,4.653058107800473,-0.8873488626462234,2.853058099016449,-0.48734886264622335
42.71419855199997,4.653998524915494,-0.8894110756381932,2.85399851613147,-0.4894110756381932
42.75204184900008,4.654925814031696,-0.891479224972611,2.854925805247672,-0.491479224972611
42.76593377900008,4.6558399376783965,-0.8935532270779653,2.8558399288943725,-0.49355322707796523
42.780404195000074,4.656740858916928,-0.8956329981462412,2.856740850132904,-0.4956329981462412
42.79396112500012,4.657648390443518,-0.8977638545486495,2.8576483816594944,-0.49776385454864946
42.80708289400013,4.65854539842738,-0.8999048167300387,2.858545389643356,-0.4999048167300387
42.844523667999965,4.659429797380404,-0.9020510182296995,2.8594297885963798,-0.5020510182296994
42.85859422800013,4.660301556702141,-0.9042023847884755,2.860301547918117,-0.5042023847884755
42.87285196300013,4.661160646229483,-0.9063588419684975,2.861160637445459,-0.5063588419684975
42.88687239799992,4.661986788827968,-0.9084699733368174,2.861986780043944,-0.5084699733368174
42.89990590499997,4.662798421214802,-0.9105836668990052,2.862798412430778,-0.5105836668990051
42.93258120099995,4.663596557753311,-0.9127024933836646,2.863596548969287,-0.5127024933836646
42.94561710800008,4.664381165984495,-0.9148263666213493,2.864381157200471,-0.5148263666213493
42.960514843000055,4.665152213999532,-0.9169552002373704,2.865152205215508,-0.5169552002373704
42.97429831900013,4.665932452933025,-0.9191510999163558,2.865932444149001,-0.5191510999163558
42.987564862,4.6667031111547725,-0.9213599754398225,2.8667031023707485,-0.5213599754398225
43.02295068600006,4.66746111165892,-0.9235732265346219,2.8674611028748958,-0.5235732265346219
43.03620256099998,4.668206429604165,-0.9257907806677629,2.868206420820141,-0.5257907806677629
43.05057881500011,4.6689390405648385,-0.9280125651652369,2.8689390317808146,-0.5280125651652369
43.06410420900011,4.669661242114734,-0.9302454590599557,2.86966123333071,-0.5302454590599557
43.07728704400006,4.67037091623475,-0.9324827707184277,2.8703709074507264,-0.5324827707184276
43.1103260750001,4.671067920702546,-0.9347240617717335,2.871067911918522,-0.5347240617717335
43.12379900600013,4.671752233206227,-0.9369692604736438,2.8717522244222033,-0.5369692604736438
43.138161884000056,4.672423831840189,-0.9392182949528405,2.872423823056165,-0.5392182949528405
43.15233922200014,4.673065829680345,-0.9414153495357197,2.873065820896321,-0.5414153495357197
43.16623241000002,4.673693368861839,-0.9436133901777515,2.873693360077815,-0.5436133901777515
43.20336745000009,4.6743072921722195,-0.9458152726126928,2.8743072833881955,-0.5458152726126928
43.217472772000065,4.674907576095099,-0.9480209124972312,2.874907567311075,-0.5480209124972312
43.23197973300012,4.675494197636541,-0.9502302253441252,2.8754941888525174,-0.5502302253441251
43.24566867499993,4.676070287958366,-0.9524548560224669,2.8760702791743418,-0.5524548560224669
43.25967422000008,4.676633003670827,-0.9546835666517836,2.876632994886803,-0.5546835666517835
43.29836821599997,4.6771821622541845,-0.9569156564556689,2.8771821534701605,-0.5569156564556689
43.31220641499999,4.677717743419294,-0.9591510429676311,2.8777177346352696,-0.5591510429676311
43.32731465899997,4.6782397273786485,-0.9613896435993791,2.8782397185946245,-0.561389643599379
43.34079078400009,4.678744240146205,-0.9636150772525316,2.878744231362181,-0.5636150772525316
43.35465239500013,4.679234684671011,-0.9658427510079725,2.8792346758869867,-0.5658427510079724
43.39094292000004,4.67971123890321,-0.9680734375068695,2.8797112301191863,-0.5680734375068694
43.40376797800013,4.6801738843398715,-0.9703070501394726,2.8801738755558475,-0.5703070501394726
43.418216277000056,4.680622603018089,-0.9725435021824212,2.8806225942340653,-0.5725435021824212
43.43173467700012,4.680953749934052,-0.9742681624287817,2.8809537411500283,-0.5742681624287816
43.444985965000114,4.681260836320306,-0.9759692059818686,2.8812608275362823,-0.5759692059818686
43.479360598000085,4.6815491602309045,-0.97767353005337,2.8815491514468805,-0.57767353005337
43.492434656000114,4.681818686656848,-0.9793809277000362,2.8818186778728236,-0.5793809277000361
43.506731329000104,4.682069382871568,-0.9810911916054166,2.8820693740875436,-0.5810911916054166
43.52032479800005,4.682308892009604,-0.9828578812743357,2.88230888322558,-0.5828578812743357
43.53465457099992,4.682530625410993,-0.9846330146780267,2.882530616626969,-0.5846330146780266
43.571879468000134,4.682733715346896,-0.9864103775504097,2.882733706562872,-0.5864103775504097
43.58760285800008,4.682918139444404,-0.9881897740926255,2.8829181306603804,-0.5881897740926255
43.60142617099996,4.683083877386885,-0.9899710082817798,2.883083868602861,-0.5899710082817797
43.614391180999974,4.683239485150316,-0.9918484914869152,2.883239476366292,-0.5918484914869152
43.62744185800011,4.683378720395209,-0.9937465939875063,2.8833787116111846,-0.5937465939875063
43.64844331600011,4.683499907176559,-0.9956459342203845,2.883499898392535,-0.5956459342203845
43.66265335100002,4.683603034544643,-0.9975463405722359,2.8836030257606193,-0.5975463405722359
43.676347419999956,4.683688093181473,-0.9994476413334263,2.8836880843974493,-0.5994476413334263
43.68999262700004,4.683759937603288,-1.0014595186428814,2.8837599288192637,-0.6014595186428814
43.70317896000006,4.683815860943272,-1.0034988108473903,2.8838158521592483,-0.6034988108473903
43.72719040200013,4.683854816776626,-1.0055384977249362,2.883854807992602,-0.6055384977249362
43.741359270999965,4.683876802407113,-1.007578438103339,2.883876793623089,-0.607578438103339
43.7550731880001,4.683881816313048,-1.0096184907928873,2.883881807529024,-0.6096184907928873
43.768358758999966,4.683870358764623,-1.011848522163229,2.883870349980599,-0.6118485221632289
43.782083015000126,4.683839784642369,-1.0144784045601005,2.8838397758583447,-0.6144784045601005
43.80663512399997,4.683786224042595,-1.0174419413125904,2.8837862152585707,-0.6174419413125903
43.821415355,4.683712602675273,-1.020441032542747,2.883712593891249,-0.6204410325427471
43.83558744300012,4.683619488907472,-1.0234395818818063,2.883619480123448,-0.6234395818818063
43.85010403499996,4.683506886673235,-1.0264374626415056,2.883506877889211,-0.6264374626415056
43.86432529700005,4.68337480072999,-1.0294345481618274,2.8833747919459656,-0.6294345481618274
43.88556894599992,4.6832232366583435,-1.0324307118163556,2.8832232278743195,-0.6324307118163556
43.9024693880001,4.683052200861861,-1.035425827017621,2.8830521920778374,-0.6354258270176211
43.91812066400007,4.682861700566776,-1.0384197672224513,2.882861691782752,-0.6384197672224513
43.932684422999955,4.6826517438217,-1.0414124059373198,2.882651735037676,-0.6414124059373197
43.947625445000085,4.682422339497275,-1.044403616723684,2.8824223307132506,-0.6444036167236841
43.96775268200008,4.6821734972857945,-1.0473932732033344,2.8821734885017705,-0.6473932732033344
43.98188910199997,4.681905227700809,-1.0503812490637285,2.881905218916785,-0.6503812490637285
43.996183956000095,4.681617542076669,-1.053367418063332,2.881617533292645,-0.6533674180633319
44.00988977299994,4.681310452568048,-1.0563516540369484,2.881310443784024,-0.6563516540369484
44.023696124000026,4.6809839721494315,-1.059333830901051,2.8809839633654075,-0.6593338309010509
44.05438822500014,4.680638114614568,-1.0623138226591122,2.8806381058305437,-0.6623138226591122
44.068875686999945,4.680272894575889,-1.0652915034069215,2.8802728857918654,-0.6652915034069214
44.083568052000146,4.679888327463885,-1.068266747337912,2.8798883186798614,-0.6682667473379119
44.09801610900013,4.679484429526462,-1.07123942874847,2.879484420742438,-0.6712394287484699
44.11164545299994,4.679061217828247,-1.0742094220432472,2.879061209044223,-0.6742094220432472
44.145941727000036,4.678618710249871,-1.0771766017404691,2.8786187014658466,-0.6771766017404691
44.15939999500006,4.678156925487211,-1.0801408424772352,2.878156916703187,-0.6801408424772352
44.173572983999975,4.677675883050608,-1.0831020190148155,2.8776758742665844,-0.6831020190148155
44.18754730499995,4.677175603264032,-1.0860600062439412,2.8771755944800077,-0.6860600062439411
44.20081304099995,4.676656107264227,-1.0890146791900923,2.876656098480203,-0.6890146791900923
44.23321659299995,4.676117416999823,-1.091965913018776,2.8761174082157988,-0.691965913018776
44.24716912100007,4.675559555230405,-1.094913583040802,2.8755595464463806,-0.6949135830408021
44.262308589999975,4.67498254552555,-1.0978575647175508,2.874982536741526,-0.6978575647175508
44.27738950599996,4.6743864122638294,-1.1007977336662342,2.8743864034798055,-0.7007977336662342
44.29130842900008,4.673771180631788,-1.1037339656651508,2.873771171847764,-0.7037339656651508
44.330203326999936,4.673136876622868,-1.1066661366589365,2.873136867838844,-0.7066661366589365
44.345138845000065,4.672483527036321,-1.109594122763803,2.872483518252297,-0.7095941227638031
44.361537318000046,4.671811159476072,-1.112517800272772,2.8718111506920483,-0.712517800272772
44.37652163600001,4.671119802349546,-1.1154370456609044,2.871119793565522,-0.7154370456609044
44.39118066900005,4.670409484866482,-1.1183517355905166,2.8704094760824583,-0.7183517355905166
44.42711606600005,4.669680237037688,-1.1212617469163928,2.8696802282536638,-0.7212617469163928
44.441060225,4.668932089673773,-1.1241669566909869,2.868932080889749,-0.7241669566909869
44.45585830999994,4.668165074383856,-1.127067242169619,2.8681650655998316,-0.727067242169619
44.47123072699992,4.667379223574216,-1.129962480815658,2.8673792147901924,-0.7299624808156581
44.485997707000024,4.666574570446936,-1.1328525503057019,2.8665745616629117,-0.7328525503057018
44.520006030000104,4.665751148998488,-1.1357373285347458,2.8657511402144644,-0.7357373285347458
44.535628653,4.664908994018306,-1.1386166936213376,2.8649089852342824,-0.7386166936213375
44.550632807000056,4.664048141087314,-1.1414905239127306,2.8640481323032896,-0.7414905239127306
44.56547756200007,4.663168626576416,-1.1443586979900233,2.8631686177923923,-0.7443586979900233
44.57932832999995,4.6622704876449745,-1.1472210946732868,2.8622704788609505,-0.7472210946732868
44.61160410799994,4.661353762239226,-1.150077593026687,2.8613537534552016,-0.7500775930266871
44.62535626099998,4.660418489090678,-1.1529280723635942,2.860418480306654,-0.7529280723635942
44.64077298400002,4.659464707714488,-1.1557724122516797,2.8594646989304637,-0.7557724122516797
44.65523398899995,4.658492458407772,-1.1586104925180065,2.858492449623748,-0.7586104925180065
44.66967158200009,4.657501782247918,-1.1614421932541066,2.857501773463894,-0.7614421932541066
44.701188782000145,4.656492721090848,-1.164267394821043,2.8564927123068244,-0.7642673948210429
44.714773616,4.655465317569246,-1.1670859778544715,2.855465308785222,-0.7670859778544715
44.72864838999999,4.6544196150907595,-1.1698978232696773,2.8544196063067355,-0.7698978232696773
44.74161207499992,4.653355657836162,-1.1727028122666117,2.853355649052138,-0.7727028122666116
44.75457761100006,4.65227349075749,-1.1755008263349038,2.852273481973466,-0.7755008263349038
44.78705644399997,4.651173159576137,-1.1782917472588776,2.851173150792113,-0.7782917472588776
44.80003140200006,4.650054710780936,-1.1810754571225386,2.8500547019969122,-0.7810754571225386
44.81396493300008,4.648918191626181,-1.1838518383145584,2.848918182842157,-0.7838518383145584
44.82712788399999,4.647763650129638,-1.1866207735332464,2.8477636413456144,-0.7866207735332463
44.84050325099997,4.646591135070514,-1.1893821457915,2.84659112628649,-0.7893821457914999
44.87439195100001,4.645400695987393,-1.1921358384217529,2.8454006872033686,-0.7921358384217528
44.88814664999995,4.644192383176152,-1.1948817350809007,2.8441923743921276,-0.7948817350809007
44.90197489299999,4.642966247687827,-1.197619719755218,2.842966238903803,-0.7976197197552181
44.91489586600005,4.641722341326459,-1.2003496767652597,2.8417223325424352,-0.8003496767652597
44.92828522500008,4.640460716646906,-1.2030714907707467,2.8404607078628823,-0.8030714907707467
44.96135044500011,4.639181426952626,-1.205785046775444,2.839181418168602,-0.805785046775444
44.97487548799995,4.6378845262934165,-1.208490230132013,2.8378845175093925,-0.808490230132013
44.99028282900008,4.636570069463137,-1.2111869265468604,2.8365700606791133,-0.8111869265468604
45.004372729000124,4.635238111997392,-1.2138750220849635,2.835238103213368,-0.8138750220849634
45.01834476399995,4.63388871017119,-1.2165544031746856,2.833888701387166,-0.8165544031746855
45.05359091100013,4.632521920996554,-1.2192249566125741,2.8325219122125302,-0.8192249566125741
45.06687003100001,4.631137802220125,-1.2218865695681442,2.831137793436101,-0.8218865695681442
45.082355246000134,4.629736412320713,-1.2245391295886434,2.829736403536689,-0.8245391295886434
45.09591066600001,4.628317810506835,-1.2271825246038064,2.828317801722811,-0.8271825246038064
45.10974895300001,4.626882056714206,-1.2298166429305863,2.826882047930182,-0.8298166429305863
45.15104615600012,4.625429211603213,-1.232441373277875,2.8254292028191887,-0.8324413732778749
45.16703264500006,4.623959336556344,-1.2350566047512075,2.82395932777232,-0.8350566047512075
45.184235712000145,4.622472493675598,-1.2376622268574415,2.8224724848915743,-0.8376622268574415
45.200252353999986,4.620968745779868,-1.2402581295094317,2.8209687369958436,-0.8402581295094317
45.21537741299994,4.619448156402279,-1.2428442030306768,2.819448147618255,-0.8428442030306768
45.25800981800012,4.617910789787508,-1.2454203381599558,2.8179107810034836,-0.8454203381599558
45.27350109200006,4.616356710889062,-1.247986426055942,2.816356702105038,-0.8479864260559419
45.291201679000096,4.614785985366544,-1.2505423583018027,2.8147859765825203,-0.8505423583018027
45.30597972999999,4.613198679582876,-1.2530880269097826,2.813198670798852,-0.8530880269097826
45.320941406999964,4.61159486060149,-1.2556233243257602,2.811594851817466,-0.8556233243257602
45.36149493800008,4.609974596183498,-1.2581481434337984,2.8099745873994744,-0.8581481434337984
45.3828778080001,4.608337954784834,-1.2606623775606645,2.80833794600081,-0.8606623775606644
45.40283036999995,4.6066850055533495,-1.2631659204803398,2.8066849967693255,-0.8631659204803398
45.42353762200014,4.6050158183259065,-1.2656586664185094,2.8050158095418825,-0.8656586664185094
45.44130048400007,4.603330463625413,-1.2681405100570278,2.8033304548413893,-0.8681405100570277
45.482711639999934,4.601629012657862,-1.2706113465383708,2.8016290038738383,-0.8706113465383708
45.49883375500008,4.599911537309298,-1.273071071470064,2.799911528525274,-0.8730710714700639
45.51284588900012,4.598178110142803,-1.275519580929096,2.798178101358779,-0.875519580929096
45.52660115899994,4.596428804395411,-1.2779567714663054,2.796428795611387,-0.8779567714663054
45.540994931000114,4.594663693975031,-1.2803825401107545,2.794663685191007,-0.8803825401107545
45.57079812699999,4.592882853457319,-1.2827967843740797,2.7928828446732954,-0.8827967843740797
45.58358850100012,4.591086358082522,-1.2851994022548197,2.7910863492984976,-0.8851994022548196
45.598131888000125,4.5892742837522995,-1.287590292242726,2.7892742749682755,-0.887590292242726
45.61123693900004,4.587446707026524,-1.2899693533230534,2.7874466982425004,-0.8899693533230534
45.62482275599996,4.585603705120041,-1.2923364849808248,2.7856036963360173,-0.8923364849808247
45.659287364999955,4.583745355899405,-1.294691587205078,2.7837453471153806,-0.8946915872050779
45.67198773600012,4.581871737879594,-1.2970345604930964,2.7818717290955703,-0.8970345604930964
45.686117130999946,4.5799829302206945,-1.2993653058546057,2.7799829214366705,-0.8993653058546057
45.69976486299993,4.5780790127245465,-1.3016837248159627,2.7780790039405225,-0.9016837248159627
45.71278383899994,4.576160065831382,-1.3039897194243097,2.776160057047358,-0.9039897194243097
45.74946591799994,4.57422617061642,-1.3062831922517175,2.774226161832396,-0.9062831922517175
45.762500762999935,4.572277408786444,-1.3085640463993025,2.7722774000024204,-0.9085640463993024
45.77692572900014,4.570313862676356,-1.3108321855013128,2.7703138538923318,-0.9108321855013127
45.79125067700011,4.568335615245682,-1.313087513729212,2.768335606461658,-0.9130875137292119
45.804336008000064,4.566342750075087,-1.3153299357957158,2.766342741291063,-0.9153299357957158
45.83980721000012,4.564335351362824,-1.3175593569588273,2.7643353425788,-0.9175593569588273
45.85246439299999,4.562313503921195,-1.3197756830258323,2.762313495137171,-0.9197756830258322
45.86668995900004,4.56027729317295,-1.3219788203572844,2.760277284388926,-0.9219788203572844
45.879305523000085,4.5582268051476875,-1.3241686758709599,2.7582267963636635,-0.9241686758709599
45.89318475599998,4.556162126478227,-1.3263451570457885,2.7561621176942026,-0.9263451570457885
45.93069960399998,4.554083344396928,-1.3285081719257648,2.754083335612904,-0.9285081719257647
45.943699151000146,4.551990546732032,-1.3306576291238308,2.751990537948008,-0.9306576291238308
45.95860113399999,4.549883821903926,-1.3327934378257411,2.7498838131199017,-0.9327934378257411
45.97239631000002,4.547763258921417,-1.334915507793895,2.7477632501373934,-0.934915507793895
45.986079019000044,4.545628947377981,-1.3370237493711523,2.745628938593957,-0.9370237493711523
46.02365691800014,4.5434809774479605,-1.3391180734846184,2.7434809686639365,-0.9391180734846184
46.036367862000134,4.541319439882765,-1.341198391649413,2.7413194310987414,-0.941198391649413
46.05067773900009,4.539144426007039,-1.3432646159724027,2.739144417223015,-0.9432646159724026
46.06383571100014,4.536956027714792,-1.3453166591559167,2.7369560189307682,-0.9453166591559167
46.07789753199995,4.534754337465527,-1.347354434501437,2.734754328681503,-0.947354434501437
46.11260805200004,4.532539448280328,-1.3493778559132563,2.7325394394963043,-0.9493778559132563
46.12625376699998,4.530311453737937,-1.3513868379021223,2.730311444953913,-0.9513868379021223
46.141748001999986,4.528070447970791,-1.3533812955888451,2.7280704391867667,-0.9533812955888451
46.15542021700003,4.525816525661046,-1.3553611447078837,2.725816516877022,-0.9553611447078837
46.16827651099993,4.523549782036588,-1.357326301610906,2.7235497732525644,-0.957326301610906
46.204949254999974,4.521270312867,-1.3592766832703271,2.721270304082976,-0.9592766832703271
46.21809886799997,4.5189782144595085,-1.3612122072828117,2.7189782056754845,-0.9612122072828116
46.232166789000075,4.516673583654937,-1.363132791872757,2.7166735748709128,-0.9631327918727569
46.24580492400014,4.5143565178235905,-1.3650383558957513,2.7143565090395665,-0.9650383558957513
46.2590384990001,4.512027114861157,-1.3669288188419975,2.712027106077133,-0.9669288188419974
46.29475283600004,4.509685473184565,-1.3688041008397165,2.7096854644005406,-0.9688041008397165
46.30858300800014,4.507331691727827,-1.3706641226585232,2.7073316829438028,-0.9706641226585232
46.32300033599995,4.504965869937861,-1.372508805712773,2.7049658611538367,-0.972508805712773
46.33717375900005,4.504847264580264,-1.3726006358222582,2.70484725579624,-0.9726006358222582
46.35156994199997,4.504847264580244,-1.3726006358222766,2.7048472557962198,-0.9726006358222766
46.39042160200006,4.504847264580229,-1.3726006358222904,2.7048472557962047,-0.9726006358222904
46.40455274300007,4.504847264580209,-1.3726006358223088,2.704847255796185,-0.9726006358223088
46.419986768999934,4.504847264580191,-1.3726006358223246,2.7048472557961674,-0.9726006358223246
46.433535798000094,4.5048472645801745,-1.3726006358223397,2.7048472557961505,-0.9726006358223397
46.447750584000005,4.504847264580158,-1.3726006358223535,2.7048472557961336,-0.9726006358223535
46.48332825700004,4.504847264580142,-1.3726006358223666,2.7048472557961176,-0.9726006358223666
46.506269961000044,4.504847264580125,-1.3726006358223803,2.7048472557961007,-0.9726006358223803
46.52066849700009,4.504847264580108,-1.3726006358223939,2.704847255796084,-0.9726006358223939
46.53345173799994,4.504847264580091,-1.3726006358224074,2.704847255796067,-0.9726006358224074
46.547077558999945,4.504847264580075,-1.3726006358224208,2.704847255796051,-0.9726006358224207
46.57548524799995,4.504847264580058,-1.3726006358224345,2.704847255796034,-0.9726006358224345
46.58904863700013,4.504847264580041,-1.372600635822448,2.7048472557960173,-0.972600635822448
46.60432312800003,4.504847264580029,-1.3726006358224598,2.704847255796005,-0.9726006358224598
46.61731215300006,4.504847264580031,-1.372600635822455,2.7048472557960066,-0.9726006358224549
46.62940436400004,4.504847264580034,-1.3726006358224465,2.70484725579601,-0.9726006358224465
46.66526294100004,4.504847264580038,-1.372600635822438,2.7048472557960137,-0.972600635822438
46.678216737999946,4.504847264580041,-1.3726006358224296,2.7048472557960173,-0.9726006358224296
46.69310233300007,4.504847264580042,-1.3726006358224285,2.704847255796018,-0.9726006358224285
46.706615246999945,4.504847264580042,-1.372600635822428,2.704847255796018,-0.9726006358224281
46.719621206000056,4.504847264580042,-1.372600635822428,2.704847255796018,-0.9726006358224281
46.754776611000125,4.504847264580042,-1.3726006358224285,2.704847255796018,-0.9726006358224285
46.76861804100008,4.504847264580042,-1.372600635822428,2.704847255796018,-0.9726006358224281
46.78330091700013,4.504847264580042,-1.372600635822428,2.704847255796018,-0.9726006358224281
46.79730820899999,4.504847264580042,-1.3726006358224285,2.704847255796018,-0.9726006358224285
46.809765065999954,4.504847264580042,-1.3726006358224285,2.704847255796018,-0.9726006358224285
46.84853478700006,4.504847264580042,-1.372600635822428,2.704847255796018,-0.9726006358224281
46.863211727000134,4.504847264580042,-1.372600635822428,2.704847255796018,-0.9726006358224281
46.878390769000134,4.504847264580042,-1.3726006358224285,2.704847255796018,-0.9726006358224285
46.891801190000024,4.504847264580042,-1.3726006358224285,2.704847255796018,-0.9726006358224285
46.90563257000008,4.504847264580042,-1.372600635822428,2.704847255796018,-0.9726006358224281
46.941426271999944,4.504847264580042,-1.3726006358224285,2.704847255796018,-0.9726006358224285
46.95649896500004,4.504847264580042,-1.3726006358224285,2.704847255796018,-0.9726006358224285
46.97314314699997,4.504847264580042,-1.372600635822428,2.704847255796018,-0.9726006358224281
46.98687004700014,4.504847264580042,-1.372600635822428,2.704847255796018,-0.9726006358224281
47.00049164999996,4.504847264580042,-1.3726006358224285,2.704847255796018,-0.9726006358224285
47.040336875000094,4.504847264580042,-1.3726006358224285,2.704847255796018,-0.9726006358224285
47.05616989800001,4.504847264580042,-1.372600635822428,2.704847255796018,-0.9726006358224281
47.070682958000134,4.504847264580042,-1.3726006358224285,2.704847255796018,-0.9726006358224285
47.08467992200008,4.504847264580042,-1.3726006358224285,2.704847255796018,-0.9726006358224285
47.09854736000011,4.504847264580042,-1.372600635822428,2.704847255796018,-0.9726006358224281
47.13389976999997,4.504847264580042,-1.372600635822428,2.704847255796018,-0.9726006358224281
47.147395065999945,4.504847264580042,-1.3726006358224285,2.704847255796018,-0.9726006358224285
47.16270856999995,4.504847264580042,-1.3726006358224285,2.704847255796018,-0.9726006358224285
47.17667161999998,4.504847264580042,-1.372600635822428,2.704847255796018,-0.9726006358224281
47.19045899399998,4.504847264580042,-1.372600635822428,2.704847255796018,-0.9726006358224281
47.225223813999946,4.504847264580042,-1.3726006358224285,2.704847255796018,-0.9726006358224285
47.23766704500008,4.504847264580042,-1.372600635822428,2.704847255796018,-0.9726006358224281
47.25250472700009,4.504847264580042,-1.372600635822428,2.704847255796018,-0.9726006358224281
47.266297272999964,4.504847264580042,-1.3726006358224285,2.704847255796018,-0.9726006358224285
47.27890762300012,4.504847264580042,-1.3726006358224285,2.704847255796018,-0.9726006358224285
47.315276049999966,4.504847264580042,-1.372600635822428,2.704847255796018,-0.9726006358224281
47.32934250800008,4.504847264580042,-1.372600635822428,2.704847255796018,-0.9726006358224281
47.3435598210001,4.504847264580042,-1.3726006358224285,2.704847255796018,-0.9726006358224285
47.357673190000014,4.504847264580042,-1.3726006358224285,2.704847255796018,-0.9726006358224285
47.37128566299998,4.504847264580042,-1.372600635822428,2.704847255796018,-0.9726006358224281
47.41145865900012,4.504847264580042,-1.3726006358224285,2.704847255796018,-0.9726006358224285
47.425593959000025,4.504847264580042,-1.3726006358224285,2.704847255796018,-0.9726006358224285
47.44148493300008,4.504847264580042,-1.372600635822428,2.704847255796018,-0.9726006358224281
47.456187075000116,4.504847264580042,-1.372600635822428,2.704847255796018,-0.9726006358224281
47.46876281999994,4.504847264580042,-1.3726006358224285,2.704847255796018,-0.9726006358224285
47.505762429000015,4.504847264580042,-1.3726006358224285,2.704847255796018,-0.9726006358224285
47.518419729000016,4.504847264580042,-1.372600635822428,2.704847255796018,-0.9726006358224281
47.53223109800001,4.504847264580042,-1.3726006358224285,2.704847255796018,-0.9726006358224285
47.546043831000134,4.504835589224349,-1.3727902763551911,2.7048355804403252,-0.9727902763551911
47.55878768399998,4.504804010475846,-1.3733794287281533,2.704804001691822,-0.9733794287281533
47.593598967999924,4.504759726459426,-1.3743684344856693,2.704759717675402,-0.9743684344856692
47.60715759699997,4.50470993954607,-1.3757575378974585,2.7047099307620464,-0.9757575378974584
47.62252945599994,4.504661877205911,-1.3775459182993484,2.704661868421887,-0.9775459182993483
47.6364881720001,4.50462246693985,-1.3796494224114102,2.704622458155826,-0.9796494224114102
47.64999564899995,4.504597689065312,-1.3818063883764888,2.704597680281288,-0.9818063883764888
47.68767834000005,4.504588668391337,-1.3839634777916496,2.704588659607313,-0.9839634777916496
47.70171020399994,4.504595405399293,-1.3861205755479593,2.704595396615269,-0.9861205755479593
47.71632819000001,4.504617899729672,-1.388277566536039,2.7046178909456478,-0.9882775665360389
47.73038654300012,4.5046559154086605,-1.3904086703751508,2.7046559066246365,-0.9904086703751508
47.744706649000136,4.504709966512257,-1.3925380765840683,2.704709957728233,-0.9925380765840682
47.78102684999999,4.504780069857833,-1.3946670147807554,2.7047800610738086,-0.9946670147807554
47.79589273600004,4.504866221460808,-1.3967953639592676,2.7048662126767837,-0.9967953639592676
47.810315773999946,4.504968416424443,-1.3989230031471418,2.7049684076404192,-0.9989230031471418
47.82375501399997,4.505093728493519,-1.4012153626121138,2.7050937197094953,-1.0012153626121139
47.837492677,4.505236302683253,-1.4035917197672787,2.7052362938992287,-1.0035917197672788
47.870125895,4.505391630676404,-1.4059672773740477,2.70539162189238,-1.0059672773740478
47.882933417000004,4.505559707997395,-1.4083419669838069,2.705559699213371,-1.008341966983807
47.896998131000146,4.505740529803293,-1.4107157201729645,2.705740521019269,-1.0107157201729646
47.910489007000024,4.505936630331738,-1.4131239858934252,2.705936621547714,-1.0131239858934253
47.924430420000135,4.5061450926010576,-1.4155340688057014,2.7061450838170336,-1.0155340688057013
47.95980166300001,4.506365685988587,-1.4179430716531785,2.7063656772045634,-1.0179430716531783
47.974428923999994,4.506598404902904,-1.4203509333744362,2.7065983961188804,-1.020350933374436
47.99187290500004,4.5068432434452435,-1.4227575929369751,2.7068432346612195,-1.022757592936975
48.00661420999995,4.507100850813745,-1.4251698020707928,2.707100842029721,-1.025169802070793
48.02130875800003,4.507370456386242,-1.427580699683065,2.7073704476022176,-1.0275806996830648
48.05556217399999,4.507652053489065,-1.4299902260957162,2.707652044705041,-1.029990226095716
48.07173819600007,4.507945635151706,-1.432398321664614,2.7079456263676818,-1.0323983216646138
48.085777073000145,4.508251194107002,-1.4348049267810428,2.708251185322978,-1.0348049267810429
48.098639319000085,4.50856864396359,-1.4372093357828657,2.7085686351795664,-1.0372093357828658
48.11270409200006,4.508898062152088,-1.4396120997252055,2.708898053368064,-1.0396120997252054
48.13004515300008,4.509239444919983,-1.4420131929577373,2.7092394361359586,-1.0420131929577372
48.14419065300012,4.509592783796684,-1.4444125559031322,2.70959277501266,-1.0444125559031323
48.15754806500013,4.509958070014943,-1.4468101290269957,2.7099580612309193,-1.0468101290269956
48.170850568000105,4.51034772806423,-1.4492910653068256,2.7103477192802057,-1.0492910653068255
48.18453174599995,4.510749997520335,-1.4517856642859344,2.7107499887363113,-1.0517856642859345
48.2052144270001,4.511162493502407,-1.454278592653671,2.7111624847183826,-1.054278592653671
48.21974026900011,4.5115852090735755,-1.45676980848691,2.7115852002895515,-1.05676980848691
48.233339385000136,4.512018137125104,-1.4592592698913285,2.7120181283410796,-1.0592592698913283
48.24694131699994,4.512464917697598,-1.461768728664172,2.7124649089135744,-1.061768728664172
48.26055146199997,4.512921714890723,-1.4642777494884711,2.712921706106699,-1.064277749488471
48.280286480000086,4.513388287983207,-1.4667849708033507,2.713388279199183,-1.0667849708033508
48.295167440000114,4.513864629886872,-1.4692903545191174,2.7138646211028483,-1.0692903545191172
48.30836914600013,4.514350733365136,-1.4717938625739941,2.714350724581112,-1.071793862573994
48.322673011999996,4.514865732520063,-1.4743988019212189,2.7148657237360387,-1.0743988019212187
48.33625960600011,4.515392715571767,-1.47702611294529,2.7153927067877426,-1.07702611294529
48.359114009999985,4.51592699115355,-1.4796519507081243,2.715926982369526,-1.0796519507081244
48.37313304400004,4.516468555146887,-1.4822762949681505,2.7164685463628633,-1.0822762949681506
48.387317133000124,4.517017403377071,-1.4848991254953179,2.7170173945930474,-1.0848991254953178
48.401686031000054,4.5175787660621864,-1.4875465364221347,2.7175787572781624,-1.0875465364221348
48.415005242999996,4.518147210460887,-1.4901943259597148,2.718147201676863,-1.0901943259597147
48.43393107099996,4.518722350916961,-1.4928406690828786,2.7187223421329367,-1.0928406690828787
48.448510780000106,4.519304183750121,-1.4954855488578382,2.719304174966097,-1.0954855488578383
48.46186417900003,4.519892705237253,-1.4981289483601685,2.719892696453229,-1.0981289483601686
48.47584476600014,4.520506259429514,-1.5008574677853093,2.7205062506454896,-1.1008574677853091
48.489222014000006,4.521127872312497,-1.5036010971933693,2.721127863528473,-1.1036010971933692
48.508697899000026,4.521753926924603,-1.5063437164756797,2.721753918140579,-1.1063437164756795
48.52335938800002,4.522384421624394,-1.509085318441425,2.72238441284037,-1.109085318441425
48.53689126099994,4.523019354758785,-1.5118258959024538,2.7230193459747607,-1.1118258959024536
48.55045564400007,4.523653465332535,-1.5145416824703544,2.7236534565485107,-1.1145416824703545
48.56476408000003,4.524292281990135,-1.517255050246875,2.7242922732061112,-1.1172550502468748
48.58438406799996,4.524936093426827,-1.519967237232809,2.7249360846428026,-1.1199672372328089
48.598665653000126,4.525584897460067,-1.522678234233755,2.7255848886760434,-1.1226782342337551
48.61228666200009,4.5262386918903905,-1.5253880320593434,2.7262386831063665,-1.1253880320593432
48.626586738000015,4.526928361661941,-1.5282327620681466,2.726928352877917,-1.1282327620681465
48.639494471000035,4.527630300024486,-1.5311255380620965,2.7276302912404624,-1.1311255380620966
48.66065224900012,4.528332821983494,-1.534018172382791,2.7283328131994704,-1.134018172382791
48.674920992000125,4.529035927510363,-1.5369106649124746,2.729035918726339,-1.1369106649124747
48.688724312999966,4.529739616576471,-1.5398030155334101,2.729739607792447,-1.1398030155334102
48.701901361999944,4.530391155676555,-1.5424675680362605,2.730391146892531,-1.1424675680362606
48.715221020999934,4.531045967106278,-1.5451186521223197,2.7310459583222544,-1.1451186521223198
48.73668518499994,4.531706962914977,-1.5477682010236695,2.731706954130953,-1.1477682010236694
48.75011513100003,4.532374139503549,-1.5504162003135968,2.732374130719525,-1.1504162003135967
48.762945673000104,4.533047493239235,-1.5530626355737984,2.733047484455211,-1.1530626355737983
48.77585242300006,4.533732418772921,-1.555729541385074,2.733732409988897,-1.155729541385074
48.79025108399992,4.5344233618072805,-1.5583963520918294,2.7344233530232565,-1.1583963520918292
48.812913342,4.535119968912453,-1.5610616888741924,2.7351199601284293,-1.1610616888741925
48.82681904900005,4.535822236944308,-1.5637255397021907,2.735822228160284,-1.1637255397021908
48.83994851400007,4.536530162733165,-1.5663878925525592,2.7365301539491407,-1.1663878925525593
48.85333847600009,4.53723492936595,-1.5690143443372784,2.737234920581926,-1.1690143443372785
48.86678778999999,4.537945636747053,-1.5716372590566563,2.737945627963029,-1.1716372590566562
48.88774409100006,4.538662763827855,-1.574258425849645,2.7386627550438307,-1.174258425849645
48.903301332999945,4.539386306309565,-1.5768778290037704,2.7393862975255407,-1.1768778290037702
48.91726788100004,4.540116259854943,-1.5794954528171306,2.740116251070919,-1.1794954528171306
48.93117363200008,4.540857771681062,-1.5821304030009506,2.740857762897038,-1.1821304030009507
48.94495996499995,4.541605552700123,-1.5847647130358575,2.7416055439160987,-1.1847647130358574
48.96793479400003,4.542359304572924,-1.5873973208544903,2.7423592957888996,-1.1873973208544903
48.98310277099995,4.543119023424679,-1.5900282129234973,2.743119014640655,-1.1900282129234974
48.99686723800005,4.543884705349932,-1.5926573757183469,2.7438846965659076,-1.1926573757183467
49.01154653499998,4.544665770824087,-1.5953183233624049,2.7446657620400634,-1.1953183233624047
49.026392547000114,4.545452781989287,-1.5979803949777416,2.7454527732052627,-1.1979803949777414
49.04965739399995,4.54624496030821,-1.6006409335266736,2.7462449515241856,-1.2006409335266737
49.066524566,4.54704230279454,-1.6032999289796264,2.747042294010516,-1.2032999289796265
49.08083098299994,4.547844806442494,-1.6059573713128397,2.7478447976584697,-1.2059573713128398
49.094764349000116,4.548652393350805,-1.6086129938340277,2.748652384566781,-1.2086129938340275
49.10819715799994,4.549465137210028,-1.6112670279132375,2.749465128426004,-1.2112670279132374
49.128560994000054,4.550283039038302,-1.6139194769841183,2.750283030254278,-1.2139194769841182
49.142779190000056,4.551106095744583,-1.6165703310224533,2.751106086960559,-1.2165703310224534
49.15605232300004,4.551934304218353,-1.6192195800100502,2.751934295434329,-1.21921958001005
49.169521540999995,4.5527580175028195,-1.621835328498804,2.7527580087187955,-1.2218353284988042
49.183483744000114,4.553587079088683,-1.624447547506059,2.7535870703046594,-1.2244475475060588
49.203652163000015,4.55442201058831,-1.6270578962655053,2.7544220018042864,-1.2270578962655052
49.21651412599999,4.555262807782738,-1.629666361586889,2.7552627989987144,-1.2296663615868888
49.23124408500007,4.556109466423366,-1.632272930289468,2.756109457639342,-1.2322729302894682
49.24426900100002,4.556966903246751,-1.6348932192590906,2.7569668944627272,-1.2348932192590905
49.25843922800004,4.557830106244036,-1.6375125223595328,2.757830097460012,-1.2375125223595327
49.29127368600007,4.55869880374079,-1.640130008330009,2.758698794956766,-1.2401300083300089
49.30537561699998,4.559572991911814,-1.642745665644748,2.75957298312779,-1.242745665644748
49.32091148199993,4.560452666907734,-1.6453594827860303,2.76045265812371,-1.2453594827860304
49.334500399000035,4.561342424283149,-1.6479855454948988,2.761342415499125,-1.247985545494899
49.34868915600009,4.562237586936339,-1.6506105951323458,2.762237578152315,-1.2506105951323456
49.383184695999944,4.56313790123565,-1.653233882371133,2.763137892451626,-1.2532338823711329
49.398039466,4.564043363711298,-1.6558553971011927,2.7640433549272743,-1.2558553971011928
49.41350347000002,4.564953970873661,-1.6584751292192883,2.7649539620896366,-1.2584751292192884
49.426625521000005,4.56586744300191,-1.6610863167550804,2.7658674342178857,-1.2610863167550805
49.44018295900014,4.566786084717007,-1.6636952925162236,2.766786075932983,-1.2636952925162235
49.47319272499999,4.56771001593538,-1.6663023997688442,2.767710007151356,-1.2663023997688443
49.486541865999925,4.568639232856534,-1.6689076277888828,2.76863922407251,-1.2689076277888827
49.500083023000116,4.569573731658233,-1.6715109658600091,2.7695737228742088,-1.271510965860009
49.51391972300007,4.570514985699926,-1.6741166424087615,2.7705149769159023,-1.2741166424087615
49.52677351300008,4.571461496511412,-1.6767206654232096,2.7714614877273878,-1.2767206654232095
49.56081682900003,4.5724131801652135,-1.6793228023909956,2.7724131713811895,-1.2793228023909955
49.574418411000124,4.573370032903169,-1.6819230430363787,2.773370024119145,-1.2819230430363788
49.589197783000145,4.574332050946701,-1.6845213770911038,2.774332042162677,-1.284521377091104
49.603034548000096,4.575310591694005,-1.6871494261997715,2.775310582909981,-1.2871494261997714
49.61701094900013,4.576294446864062,-1.6897782913538772,2.776294438080038,-1.2897782913538771
49.655133088999946,4.577282699266748,-1.6924055066443895,2.777282690482724,-1.2924055066443896
49.66868463300011,4.578275346135366,-1.695031064716181,2.7782753373513422,-1.2950310647161811
49.68418185199994,4.579272384690901,-1.6976549582187634,2.779272375906877,-1.2976549582187635
49.69817320400011,4.5802670660343106,-1.7002588908087115,2.7802670572502866,-1.3002588908087116
49.71216637800012,4.581266198004914,-1.7028600199793462,2.78126618922089,-1.302860019979346
49.748145969999996,4.58227014300659,-1.7054592952803909,2.782270134222566,-1.3054592952803907
49.76236174900009,4.583278897599539,-1.708056707806004,2.7832788888155147,-1.3080567078060041
49.778246840000065,4.584292458327491,-1.7106522486567266,2.784292449543467,-1.3106522486567265
49.792418991999966,4.585314938993585,-1.713256759543776,2.7853149302095614,-1.3132567595437759
49.80691120300003,4.586342187431155,-1.7158600502714418,2.786342178647131,-1.315860050271442
49.840997429000026,4.587373977445121,-1.7184615443291555,2.7873739686610968,-1.3184615443291556
49.855579427000066,4.588410305893105,-1.7210612337939077,2.788410297109081,-1.3210612337939076
49.86984395800005,4.589451169618903,-1.7236591107481842,2.7894511608348793,-1.323659110748184
49.884869967999975,4.590489625944985,-1.7262373510282454,2.7904896171609614,-1.3262373510282455
49.89931324899999,4.591532652017092,-1.7288126603963236,2.791532643233068,-1.3288126603963235
49.932101901000124,4.592580619651659,-1.7313859628591743,2.7925806108676348,-1.3313859628591742
49.94666535900001,4.593633524987184,-1.733957248934824,2.79363351620316,-1.3339572489348241
49.962806323999985,4.59469136414398,-1.7365265091487294,2.794691355359956,-1.3365265091487295
49.97828500900005,4.595761515498434,-1.7391121636071325,2.7957615067144097,-1.3391121636071324
49.99247037100008,4.596836579313213,-1.7416969650101692,2.796836570529189,-1.3416969650101693
50.02521854800011,4.59791613397657,-1.7442798940118667,2.797916125192546,-1.3442798940118665
50.038503240999944,4.599000176227425,-1.7468609428098076,2.799000167443401,-1.3468609428098075
50.05321644000014,4.600088702791141,-1.749440103607251,2.8000886940071172,-1.3494401036072512
50.06707235299996,4.601205249635716,-1.7520748741854508,2.801205240851692,-1.3520748741854507
50.08133709799995,4.602327913940698,-1.7547157748475404,2.802327905156674,-1.3547157748475405
50.11560175599993,4.6034535615871075,-1.7573554052809237,2.8034535528030835,-1.3573554052809236
50.12950383800012,4.604582191137759,-1.759993762115414,2.8045821823537347,-1.3599937621154141
50.144709315,4.6057138011516585,-1.7626308419824548,2.8057137923676345,-1.3626308419824547
50.15906244300004,4.606851072312192,-1.7652730808917256,2.8068510635281676,-1.3652730808917255
50.17282992300011,4.607991305800789,-1.7679144426501834,2.8079912970167653,-1.3679144426501835
50.21052117399995,4.609134355143336,-1.7705545870682147,2.809134346359312,-1.3705545870682148
50.22490049399994,4.610280219040172,-1.7731935111439476,2.810280210256148,-1.3731935111439477
50.23975892399994,4.611428896188439,-1.7758312118768986,2.811428887404415,-1.3758312118768985
50.25304523099999,4.612611422381204,-1.7785642895605942,2.81261141359718,-1.378564289560594
50.26722841500009,4.613784864629358,-1.7813252679384017,2.813784855845334,-1.3813252679384016
50.303494387,4.614940335855553,-1.7840938153116483,2.814940327071529,-1.3840938153116484
50.316787477999924,4.6160777872413,-1.786869814709618,2.8160777784572764,-1.386869814709618
50.33128320700007,4.617197170729459,-1.7896531488467688,2.817197161945435,-1.3896531488467687
50.344562717000144,4.618298439026237,-1.7924437001276377,2.818298430242213,-1.3924437001276377
50.35829263000005,4.619381545603207,-1.7952413506518388,2.819381536819183,-1.3952413506518386
50.39531897100005,4.6204464446992795,-1.7980459822190504,2.8204464359152555,-1.3980459822190503
50.408999129999984,4.621493091322626,-1.8008574763340057,2.821493082538602,-1.4008574763340058
50.424249947000135,4.6225214412525775,-1.8036757142114943,2.8225214324685535,-1.4036757142114942
50.43839531799995,4.623531451041501,-1.806500576781392,2.823531442257477,-1.4065005767813918
50.452024316000006,4.624523078016632,-1.8093319446936766,2.824523069232608,-1.4093319446936765
50.48840811700006,4.625496280281883,-1.8121696983234759,2.825496271497859,-1.412169698323476
50.501906997000106,4.626451016719602,-1.8150137177761212,2.826451007935578,-1.4150137177761213
50.51639595500001,4.627387246992314,-1.8178638828922131,2.8273872382082903,-1.4178638828922132
50.52937060399995,4.62830493154443,-1.8207200732527002,2.828304922760406,-1.4207200732527
50.54322089600009,4.629204031603915,-1.8235821681839626,2.8292040228198907,-1.4235821681839624
50.57553604999998,4.6300845091839244,-1.8264500467629177,2.8300845003999004,-1.4264500467629175
50.58893740799999,4.630946327084413,-1.8293235878221201,2.8309463183003887,-1.42932358782212
50.6027487880001,4.631789448893702,-1.832202669954889,2.831789440109678,-1.432202669954889
50.615863816,4.63261383899002,-1.835087171520432,2.8326138302059958,-1.4350871715204319
50.62914776799994,4.633419462543007,-1.8379769706489877,2.8334194537589834,-1.4379769706489878
50.66194745400003,4.634206285515189,-1.8408719452469724,2.834206276731165,-1.4408719452469723
50.675672132000045,4.634974274663414,-1.843771973002139,2.8349742658793904,-1.4437719730021388
50.68945201700012,4.635723397540254,-1.8466769313887472,2.8357233887562296,-1.446676931388747
50.702044343000125,4.636453622495374,-1.8495866976727369,2.83645361371135,-1.449586697672737
50.715429246999975,4.637164918676884,-1.8525011489169163,2.83716490989286,-1.4525011489169164
50.737901104,4.637857256032624,-1.8554201619861523,2.8378572472486,-1.4554201619861522
50.75185782099993,4.638530605311447,-1.858343613552579,2.8385305965274226,-1.4583436135525791
50.76499499500005,4.639184938064442,-1.861271380100801,2.8391849292804183,-1.461271380100801
50.77779558499992,4.6398202266461475,-1.864203337933117,2.8398202178621235,-1.464203337933117
50.79119101200013,4.640436444215715,-1.8671393631747462,2.840436435431691,-1.4671393631747462
50.81263363400012,4.641033564738048,-1.8700793317790574,2.8410335559540236,-1.4700793317790573
50.82686531000013,4.64161156298489,-1.8730231195328158,2.841611554200866,-1.4730231195328156
50.840284354999994,4.642170414535903,-1.8759706020614253,2.8421704057518786,-1.4759706020614254
50.85343369600014,4.642710095779691,-1.8789216548341883,2.842710086995667,-1.4789216548341884
50.866819737000014,4.6432305839148045,-1.881876153169564,2.8432305751307805,-1.481876153169564
50.886480622000136,4.643731856950691,-1.884833972240437,2.8437318481666667,-1.4848339722404371
50.90033844799996,4.644213893708643,-1.8877949870793915,2.844213884924619,-1.4877949870793916
50.914142170000105,4.644676673822678,-1.890759072583992,2.844676665038654,-1.4907590725839919
50.92723835600009,4.645120177740406,-1.8937261035220667,2.845120168956382,-1.4937261035220666
50.940465526000025,4.645544386723854,-1.8966959545369981,2.84554437793983,-1.4966959545369982
50.96268463399997,4.645949282850252,-1.899668500153024,2.8459492740662284,-1.499668500153024
50.97702493199995,4.646334849012799,-1.9026436147805343,2.846334840228775,-1.5026436147805344
50.99043121,4.646701068921386,-1.9056211727213783,2.846701060137362,-1.5056211727213782
51.00369356700003,4.647047927103276,-1.9086010481741755,2.8470479183192516,-1.5086010481741754
51.01813413400009,4.647375408903761,-1.9115831152396323,2.847375400119737,-1.5115831152396324
51.03887070299993,4.647683500486782,-1.914567247925858,2.8476834917027576,-1.514567247925858
51.053681073999996,4.647972188835515,-1.9175533201536905,2.8479721800514914,-1.5175533201536906
51.06727885000009,4.648241461752924,-1.9205412057620228,2.8482414529689004,-1.5205412057620227
51.08191851400011,4.648491307862265,-1.9235307785131324,2.8484912990782414,-1.5235307785131322
51.094633897999984,4.648721716607579,-1.9265219120980148,2.8487217078235547,-1.5265219120980147
51.11539297100012,4.64893267825413,-1.929514480141721,2.8489326694701056,-1.5295144801417209
51.12914628599992,4.649124183888818,-1.9325083562086973,2.8491241751047944,-1.5325083562086972
51.14270353500001,4.649296225420561,-1.9355034138081237,2.849296216636537,-1.5355034138081236
51.15577001600013,4.64944879558063,-1.9384995263992635,2.8494487867966063,-1.5384995263992636
51.169089587000144,4.649581887922958,-1.9414965673968045,2.849581879138934,-1.5414965673968046
51.191555218000076,4.649695496824414,-1.9444944101762105,2.84969548804039,-1.5444944101762106
51.204622556000004,4.649789617485037,-1.9474929280790707,2.8497896087010126,-1.5474929280790706
51.218400771999995,4.649864245928242,-1.9504919944184496,2.849864237144218,-1.5504919944184494
51.23250437699994,4.649919379000991,-1.9534914824842402,2.849919370216967,-1.5534914824842403
51.24653033499999,4.649955014373918,-1.956491265548517,2.8499550055898943,-1.5564912655485168
51.278980460999946,4.649971150541437,-1.9594912168708931,2.849971141757413,-1.5594912168708932
51.29225343999997,4.649967786821795,-1.9624912097038711,2.8499677780377706,-1.5624912097038712
51.306874119999975,4.649944923357108,-1.965491117298199,2.8499449145730837,-1.565491117298199
51.31981574099996,4.649902561113354,-1.9684908129082295,2.84990255232933,-1.5684908129082293
51.3335055550001,4.649840701880333,-1.971490169797267,2.8498406930963087,-1.5714901697972672
51.365663408000046,4.649759348271588,-1.9744890612429304,2.849759339487564,-1.5744890612429305
51.378383515999985,4.649658503724295,-1.9774873605425014,2.849658494940271,-1.5774873605425013
51.39215841999999,4.6495381724991205,-1.9804849410182819,2.8495381637150965,-1.5804849410182817
51.40568557200004,4.649398359680046,-1.9834816760229412,2.8493983508960223,-1.583481676022941
51.41910944599999,4.649239071174139,-1.986477438944872,2.849239062390115,-1.586477438944872
51.453020784000046,4.649060313711315,-1.9894721032135365,2.849060304927291,-1.5894721032135366
51.46623119100013,4.648862094844048,-1.9924655423048139,2.8488620860600244,-1.5924655423048137
51.48015968499999,4.6486444229470605,-1.9954576297463487,2.8486444141630365,-1.5954576297463485
51.49417259799998,4.6484073072169565,-1.998448239122891,2.8484072984329325,-1.5984482391228911
51.50777686200013,4.648150757671839,-2.001437244081641,2.8481507488878153,-1.601437244081641
51.54232356400007,4.64787478515089,-2.0044245183375806,2.847874776366866,-1.6044245183375807
51.555447146000006,4.647579401313905,-2.0074099356788215,2.847579392529881,-1.6074099356788216
51.569362088999924,4.647264618640808,-2.010393369971921,2.8472646098567838,-1.6103933699719213
51.58273476699992,4.647085039799244,-2.0119580869836122,2.8470850310152196,-1.6119580869836123
51.59519617199999,4.646894240089857,-2.013445892005656,2.846894231305833,-1.613445892005656
51.63057916799994,4.646684115582315,-2.0149310909835862,2.846684106798291,-1.6149310909835863
51.643179491999945,4.646454701787158,-2.0164134329223105,2.8464546930031336,-1.6164134329223105
51.65655817900006,4.646206037474775,-2.01789266730957,2.8462060286907507,-1.6178926673095702
51.67038464999996,4.6459381646688405,-2.019368544158275,2.8459381558848165,-1.619368544158275
51.68376508899996,4.645651128639222,-2.0208408140487517,2.845651119855198,-1.6208408140487518
51.71815330300001,4.645344977894323,-2.02230922817089,2.8453449691102994,-1.6223092281708902
51.73188514599997,4.645019764172894,-2.0237735383661937,2.8450197553888703,-1.6237735383661938
51.746463851000044,4.644675542435273,-2.02523349716973,2.844675533651249,-1.62523349716973
51.75916573099994,4.644312370854117,-2.026688857851938,2.8443123620700934,-1.626688857851938
51.772913405000054,4.643930310804559,-2.0281393744603244,2.843930302020535,-1.6281393744603245
51.80787986099995,4.643529426853838,-2.0295848018610365,2.8435294180698136,-1.6295848018610366
51.82219533400007,4.643109786750388,-2.0310248957802823,2.8431097779663643,-1.6310248957802824
51.83553545299992,4.642671461412389,-2.032459412845618,2.842671452628365,-1.632459412845618
51.849518106000005,4.642214524915777,-2.0338881106270743,2.8422145161317527,-1.6338881106270744
51.86310243599996,4.641739054481731,-2.035310747678126,2.8417390456977074,-1.6353107476781261
51.89539009800001,4.641245130463627,-2.0367270835764963,2.841245121679603,-1.6367270835764964
51.90856649300008,4.640732836333446,-2.038136878964791,2.840732827549422,-1.638136878964791
51.92363315900002,4.640202258667677,-2.039539895590944,2.840202249883653,-1.6395398955909442
51.93741929499993,4.639586837748123,-2.041110710667518,2.839586828964099,-1.641110710667518
51.952329439000096,4.638898487630769,-2.042817918256468,2.838898478846745,-1.6428179182564682
51.98803082800009,4.638193020718621,-2.0445181241474395,2.838193011934597,-1.6445181241474396
52.00163183900008,4.637470508218378,-2.0462111567291914,2.837470499434354,-1.6462111567291915
52.015742184000146,4.63673102305726,-2.047896845114506,2.8367310142732363,-1.6478968451145062
52.02873915300006,4.6359144288311525,-2.049712215313351,2.8359144200471285,-1.6497122153133512
52.04279495200012,4.635057648865806,-2.051576199576372,2.835057640081782,-1.6515761995763723
52.07800541400002,4.634185574980908,-2.0534330777040606,2.8341855661968838,-1.6534330777040607
52.09143855599996,4.633298266109155,-2.0552827242129705,2.833298257325131,-1.6552827242129706
52.105624689000024,4.632395782212796,-2.057125014108351,2.8323957734287717,-1.6571250141083511
52.11876190099997,4.631407134555671,-2.05910626477868,2.831407125771647,-1.6591062647786803
52.13276098000006,4.630370614924289,-2.0611523175673785,2.8303706061402654,-1.6611523175673786
52.16545642999995,4.629321589051839,-2.0631919865795814,2.8293215802678153,-1.6631919865795814
52.17906241000014,4.628260096253314,-2.065225195373359,2.82826008746929,-1.6652251953733592
52.19375202900005,4.62718617631093,-2.0672518677488982,2.8271861675269063,-1.6672518677488983
52.207226382000044,4.626056734043423,-2.069354255175851,2.8260567252593987,-1.669354255175851
52.221185375000005,4.6249077037697175,-2.0714669723939663,2.8249076949856935,-1.6714669723939664
52.26045910900007,4.62374779360677,-2.0735737360322304,2.8237477848227464,-1.6735737360322305
52.27378185700013,4.622577034401543,-2.075674490062809,2.8225770256175187,-1.6756744900628089
52.28976499400005,4.6213954572895135,-2.077769178617691,2.8213954485054895,-1.677769178617691
52.30310741099993,4.62019421431988,-2.079873637239197,2.8201942055358558,-1.6798736372391971
52.31721724299996,4.618981486918021,-2.0819738499062326,2.8189814781339972,-1.6819738499062327
52.35526830399999,4.617758312255515,-2.0840679952552934,2.817758303471491,-1.6840679952552935
52.369007023999984,4.6165247206866225,-2.0861560213181445,2.8165247119025985,-1.6861560213181446
52.38480704300014,4.615280742824103,-2.088237876278403,2.815280734040079,-1.6882378762784032
52.39959073,4.6140352339334285,-2.09029857807105,2.8140352251494045,-1.69029857807105
52.413567877000105,4.612779624644778,-2.0923520714089734,2.8127796158607543,-1.6923520714089735
52.45404653500009,4.611513477488781,-2.0943990840992113,2.8115134687047574,-1.6943990840992114
52.467054625999936,4.61023682591356,-2.0964395620653087,2.810236817129536,-1.6964395620653088
52.4820368390001,4.608949703644752,-2.0984734514034424,2.808949694860728,-1.6984734514034425
52.49601982200011,4.607649206856486,-2.1005053889621674,2.807649198072462,-1.7005053889621675
52.50991322300001,4.60633822803435,-2.102530926463389,2.8063382192503257,-1.702530926463389
52.548731104000126,4.605016957689276,-2.1045497658121675,2.8050169489052523,-1.7045497658121675
52.56343812699993,4.603685430043229,-2.106561854718942,2.803685421259205,-1.706561854718942
52.57938433100003,4.602343679583845,-2.10856714106899,2.8023436707998206,-1.7085671410689902
52.59331284400014,4.600986571972513,-2.110573378355008,2.8009865631884887,-1.710573378355008
52.60717646400008,4.5996191650665885,-2.1125732069688836,2.7996191562825645,-1.7125732069688837
52.64623889099994,4.598241768404805,-2.114566168224743,2.7982417596207814,-1.714566168224743
52.65966643699994,4.59685441647557,-2.1165522122211584,2.796854407691546,-1.7165522122211585
52.67504008700007,4.59545714401656,-2.118531289229902,2.795457135232536,-1.7185312892299023
52.688976667000134,4.594077304431726,-2.1204642729353216,2.7940772956477016,-1.7204642729353217
52.702684337999926,4.592688436925161,-2.12238768600051,2.792688428141137,-1.72238768600051
52.73780708300001,4.591289128896502,-2.1243035168414397,2.791289120112478,-1.7243035168414398
52.75276683400011,4.589879421738391,-2.1262117087863164,2.7898794129543667,-1.7262117087863165
52.76892206399998,4.5884593571510806,-2.1281122053893102,2.7884593483670566,-1.7281122053893103
52.78324694899993,4.5870312346189825,-2.130001902757822,2.7870312258349585,-1.730001902757822
52.79744022199998,4.585592911294848,-2.1318835962990086,2.7855929025108237,-1.7318835962990087
52.83606024200003,4.584144310253782,-2.133757389134816,2.784144301469758,-1.7337573891348161
52.84938650899994,4.582685474893461,-2.1356232251295326,2.782685466109437,-1.7356232251295327
52.86420566800007,4.581216448918162,-2.1374810483858204,2.7812164401341377,-1.7374810483858205
52.87793968300002,4.579748639558661,-2.1393163120662604,2.7797486307746366,-1.7393163120662605
52.89096363900012,4.578271108083457,-2.141142511300463,2.778271099299433,-1.7411425113004633
52.925473093999926,4.57678329782477,-2.142960346149222,2.776783289040746,-1.7429603461492222
52.93912492300001,4.575285256132892,-2.144769758759053,2.775285247348868,-1.7447697587590532
52.95340544999999,4.573777030683733,-2.1465706915445097,2.7737770218997087,-1.7465706915445098
52.96710119599993,4.572247268377839,-2.1483768111227364,2.772247259593815,-1.7483768111227365
52.98006767100014,4.5707070246642925,-2.1501752370553278,2.7707070158802685,-1.7501752370553278
53.01728158500009,4.569156951156451,-2.151965197572326,2.769156942372427,-1.7519651975723263
53.03038908100007,4.567597094380711,-2.1537466389469744,2.7675970855966874,-1.7537466389469745
53.04559419700013,4.566027501157125,-2.155519507708223,2.7660274923731007,-1.755519507708223
53.05947676599999,4.564433782474078,-2.1573001976992536,2.7644337736900537,-1.7573001976992537
53.072767118,4.562829804612516,-2.15907343292485,2.762829795828492,-1.75907343292485
53.10954615800006,4.561216490768991,-2.160838178398839,2.7612164819849667,-1.760838178398839
53.12300569800004,4.5595938858785185,-2.1625943849684357,2.7595938770944946,-1.7625943849684358
53.138970297000014,4.557962035134898,-2.164342003718685,2.7579620263508744,-1.764342003718685
53.15309056000001,4.556344931907886,-2.166055118029609,2.756344923123862,-1.766055118029609
53.166426129,4.55471954027155,-2.167757806459532,2.7547195314875257,-1.767757806459532
53.20496973100012,4.553084640576938,-2.1694513674562,2.7530846317929143,-1.7694513674562002
53.21840579200011,4.551440284078579,-2.171135747926041,2.751440275294555,-1.7711357479260412
53.23337853199996,4.54978652232747,-2.172810895063294,2.7497865135434463,-1.772810895063294
53.247378404000074,4.548109812436123,-2.1744906387301453,2.748109803652099,-1.7744906387301453
53.2612268580001,4.546423277573691,-2.1761620062031968,2.746423268789667,-1.7761620062031969
53.297406950000095,4.544727705939408,-2.1778242053203876,2.7447276971553842,-1.7778242053203877
53.3113856760001,4.54302314737365,-2.179477187222307,2.743023138589626,-1.779477187222307
53.32618264200005,4.541309651980957,-2.1811209033204793,2.7413096431969333,-1.7811209033204793
53.33910171899993,4.539598777921198,-2.18274417412149,2.7395987691371744,-1.7827441741214902
53.351680601,4.537879505751982,-2.1843573162878864,2.737879496967958,-1.7843573162878865
53.38954868199994,4.536151278750154,-2.185960861070858,2.73615126996613,-1.785960861070858
53.403024822000134,4.534414150489799,-2.1875547587613995,2.7344141417057752,-1.7875547587613996
53.41741555599992,4.532668174820935,-2.1891389599495623,2.7326681660369108,-1.7891389599495624
53.43121808900014,4.530930881667201,-2.190697434396563,2.730930872883177,-1.790697434396563
53.44561491400009,4.5291855344698675,-2.192245005824896,2.7291855256858435,-1.792245005824896
53.480330617999925,4.527431265749225,-2.1937824567739677,2.7274312569652013,-1.7937824567739677
53.49444735199995,4.52566813418848,-2.1953097358134834,2.7256681254044564,-1.7953097358134835
53.50866232499993,4.523896198767328,-2.196826791853415,2.7238961899833036,-1.796826791853415
53.522809693,4.5220929479886465,-2.1983530532876654,2.7220929392046225,-1.7983530532876655
53.53561978300013,4.5202796355114945,-2.1998707789909595,2.7202796267274705,-1.7998707789909596
53.57538988200008,4.518457993517036,-2.2013784970993147,2.7184579847330124,-1.8013784970993147
53.58931972999994,4.5166280772360565,-2.2028761618998765,2.7166280684520325,-1.8028761618998765
53.60490645799996,4.51478994215021,-2.2043637279846005,2.714789933366186,-1.8043637279846005
53.61908998900003,4.512941379072983,-2.205842998634012,2.7129413702889593,-1.805842998634012
53.63334923100001,4.511084617482123,-2.2073122134080068,2.7110846086980986,-1.8073122134080069
53.6696304300001,4.509219833055761,-2.208771231811117,2.709219824271737,-1.808771231811117
53.685214663000124,4.507347081786395,-2.2102200100344827,2.7073470730023708,-1.8102200100344827
53.70114165500013,4.505466419905734,-2.2116585045767163,2.7054664111217104,-1.8116585045767164
53.71564778900006,4.503600283922978,-2.2130694114296676,2.703600275138954,-1.8130694114296677
53.72971963300006,4.501727273344563,-2.214468695376979,2.701727264560539,-1.8144686953769793
53.769194123000034,4.49984626531181,-2.215857210041213,2.6998462565277856,-1.8158572100412131
53.782969372000025,4.497957321744276,-2.2172349097148527,2.697957312960252,-1.8172349097148528
53.798489002999986,4.496060504822737,-2.2186017490463907,2.6960604960387133,-1.8186017490463908
53.812621455,4.494125987262813,-2.2199794082991655,2.694125978478789,-1.8199794082991656
53.82674588000009,4.492181625813363,-2.221348347072844,2.6921816170293393,-1.8213483470728442
53.864226989000144,4.4902299123273535,-2.2227067834094867,2.6902299035433295,-1.8227067834094868
53.87775848699994,4.488270903532912,-2.2240546778250416,2.6882708947488876,-1.8240546778250417
53.89196732000005,4.486304656370211,-2.2253919911418683,2.686304647586187,-1.8253919911418683
53.90607078800008,4.484359843120544,-2.2266990497482193,2.6843598343365196,-1.8266990497482194
53.92009847899999,4.482409120532967,-2.2279939729619844,2.6824091117489433,-1.8279939729619845
53.95828227300012,4.480451038526876,-2.229277740698238,2.6804510297428523,-1.8292777406982381
53.97253108600012,4.478485660895667,-2.2305503111324265,2.678485652111643,-1.8305503111324266
53.98859388200003,4.476513051670426,-2.231811642804797,2.676513042886402,-1.831811642804797
54.007174074999966,4.47452233320203,-2.233068750542055,2.674522324418006,-1.833068750542055
54.02152847000002,4.472524039162701,-2.2343150762658706,2.6725240303786766,-1.8343150762658706
54.05546986400009,4.470518810548187,-2.2355502139428105,2.670518801764163,-1.8355502139428106
54.06921871700001,4.468506709997437,-2.2367741249898807,2.6685067012134134,-1.8367741249898808
54.084384463000106,4.466487800364068,-2.237986771174779,2.6664877915800442,-1.837986771174779
54.09825798099996,4.464475607577366,-2.2391799566529076,2.6644755987933424,-1.8391799566529077
54.112168022000105,4.462457321817585,-2.2403611672702266,2.6624573130335607,-1.8403611672702267
54.148173900000074,4.460432297747668,-2.24153078834,2.6604322889636443,-1.84153078834
54.16450006700006,4.458400601917231,-2.2426887814242495,2.658400593133207,-1.8426887814242496
54.18098890100009,4.456362301095139,-2.2438351084671386,2.6563622923111154,-1.8438351084671387
54.19563234399993,4.454357432521177,-2.24494706556022,2.654357423737153,-1.8449470655602203
54.209541441000056,4.452347880487466,-2.246045503020561,2.6523478717034417,-1.846045503020561
54.244066759000134,4.450331609093317,-2.2471315572989528,2.6503316003092934,-1.8471315572989528
54.258131822999985,4.44830869464495,-2.2482051872934403,2.6483086858609264,-1.8482051872934404
54.273006531999954,4.446279213699992,-2.2492663523722687,2.6462792049159676,-1.8492663523722688
54.28737901900013,4.444236899657271,-2.25031835469565,2.6442368908732474,-1.8503183546956499
54.30087282299996,4.442187884426033,-2.251358078730376,2.6421878756420094,-1.8513580787303763
54.340051225000025,4.440132578960008,-2.2523853123588986,2.640132570175984,-1.8523853123588987
54.35445304600012,4.438071059397447,-2.253400017527618,2.638071050613423,-1.8534000175276182
54.370144466000056,4.4360034021068016,-2.2544021566470485,2.6360033933227776,-1.8544021566470485
54.38454746599996,4.43395836613939,-2.2553776816451068,2.6339583573553664,-1.8553776816451069
54.39803153899993,4.4319086693365435,-2.2563394268989345,2.6319086605525195,-1.8563394268989346
54.43173532300011,4.429852880587648,-2.257288080437782,2.6298528718036236,-1.8572880804377823
54.44483767700012,4.427791083510373,-2.2582236036758725,2.627791074726349,-1.8582236036758726
54.45917298600011,4.425723361966781,-2.259145958561495,2.6257233531827566,-1.859145958561495
54.47214435199999,4.423628917922782,-2.260064496373607,2.623628909138758,-1.860064496373607
54.488075451999975,4.421527535082111,-2.260970671330336,2.6215275262980873,-1.8609706713303362
54.51905513399993,4.419420604023534,-2.261863870305736,2.61942059523951,-1.861863870305736
54.533896486,4.41730820487247,-2.262744059331939,2.6173081960884463,-1.862744059331939
54.549578095000015,4.415190417962299,-2.2636112049358457,2.6151904091782754,-1.8636112049358458
54.562943973000074,4.413107783264697,-2.2644485700571386,2.6131077744806728,-1.8644485700571387
54.57697427500011,4.411021836018384,-2.2652713914702396,2.61102182723436,-1.8652713914702397
54.612093248000065,4.408930531037031,-2.2660804986740204,2.608930522253007,-1.8660804986740205
54.626428284999974,4.406833958484563,-2.266875856784863,2.6068339497005386,-1.866875856784863
54.64182450800013,4.404732208752015,-2.267657431511921,2.604732199967991,-1.8676574315119212
54.65564392600004,4.402631450599857,-2.2684229117657253,2.6026314418158334,-1.8684229117657254
54.66922625999996,4.400525988455041,-2.269174341433302,2.6005259796710174,-1.8691743414333022
54.70605000699993,4.398415594089071,-2.2699118053365828,2.5984155853050472,-1.8699118053365829
54.72019840799999,4.396300360137264,-2.27063527110474,2.59630035135324,-1.87063527110474
54.73608464800009,4.394180379447378,-2.271344706981395,2.594180370663354,-1.8713447069813949
54.75115722700002,4.392124076828581,-2.2720170554899695,2.5921240680445568,-1.8720170554899696
54.765698853,4.390066544063541,-2.272673246198432,2.590066535279517,-1.8726732461984321
54.80237369600013,4.388004286798427,-2.273314434390445,2.5880042780144032,-1.873314434390445
54.81665214000009,4.385937414422616,-2.2739405860551347,2.5859374056385924,-1.8739405860551348
54.831660502999966,4.383866036570281,-2.2745516679792153,2.5838660277862573,-1.8745516679792154
54.84526483900004,4.382181874356749,-2.2750322640301084,2.582181865572725,-1.8750322640301085
54.858716383,4.380513222430389,-2.2754885274691565,2.5805132136463653,-1.8754885274691566
54.89576233499997,4.378839649417978,-2.2759263961130314,2.578839640633954,-1.8759263961130315
54.90853490600011,4.377161358092486,-2.2763458169088224,2.5771613493084624,-1.8763458169088225
54.92606612000009,4.375478551798563,-2.276746739038785,2.5754785430145386,-1.876746739038785
54.93960388300002,4.373717765638969,-2.277146392252548,2.573717756854945,-1.877146392252548
54.954458466000006,4.371941366890503,-2.2775305400041432,2.5719413581064794,-1.8775305400041433
54.987638281000045,4.370161124521413,-2.277896462285363,2.570161115737389,-1.877896462285363
55.00244699600012,4.368377225515989,-2.278244120662273,2.5683772167319647,-1.878244120662273
55.015756981000095,4.366589857242586,-2.2785734786192515,2.5665898484585616,-1.8785734786192516
55.028734084999996,4.364663362851625,-2.278909400319445,2.5646633540676014,-1.8789094003194453
55.04291672099998,4.362686607932868,-2.279236664935498,2.5626865991488437,-1.879236664935498
55.06477838699993,4.360707100854559,-2.2795468485338626,2.560707092070535,-1.8795468485338627
55.079634624999926,4.358724989209903,-2.279839927987069,2.558724980425879,-1.879839927987069
55.09344886000008,4.356740420786298,-2.2801158814429443,2.5567404120022736,-1.8801158814429444
55.106481337000105,4.354565378672535,-2.2804011110124613,2.554565369888511,-1.8804011110124614
55.11938453500011,4.351991599290821,-2.280721660318825,2.5519915905067974,-1.8807216603188253
55.14189247000013,4.349065072275406,-2.2810669734292297,2.5490650634913816,-1.8810669734292298
55.15696048099994,4.346083536571693,-2.2813992581866467,2.546083527787669,-1.8813992581866468
55.17111954899997,4.343099904016986,-2.281712156078966,2.543099895232962,-1.881712156078966
55.185745949999955,4.340114300669317,-2.2820056538862983,2.540114291885293,-1.8820056538862984
55.20055185299998,4.337126852669983,-2.2822797392084047,2.537126843885959,-1.8822797392084047
55.226652908999995,4.334137686238216,-2.282534400465221,2.5341376774541917,-1.8825344004652211
55.24207414200009,4.331146927665855,-2.2827696268973456,2.5311469188818307,-1.8827696268973457
55.2561901250001,4.328154703312005,-2.2829854085664993,2.5281546945279807,-1.8829854085664994
55.26969559200006,4.325161139597699,-2.2831817363559375,2.525161130813675,-1.8831817363559376
55.282989802999964,4.322166363000558,-2.2833586019708405,2.522166354216534,-1.8833586019708406
55.30576622100011,4.319170500049447,-2.283515997938662,2.519170491265423,-1.883515997938662
55.32075733500005,4.3161736773191315,-2.2836539176094455,2.5161736685351075,-1.8836539176094456
55.334237266999935,4.313176021424926,-2.283772355156106,2.513176012640902,-1.8837723551561063
55.34746217099996,4.310177659017347,-2.283871305574675,2.510177650233323,-1.883871305574675
55.36127953100004,4.307178716776759,-2.283950764684511,2.5071787079927352,-1.8839507646845113
55.3845653410001,4.304179321408026,-2.28401072912848,2.504179312624002,-1.8840107291284802
55.39927453700011,4.301179599635153,-2.2840511963730923,2.5011795908511294,-1.8840511963730924
55.41371901899993,4.298179678195944,-2.284072164708613,2.49817966941192,-1.8840721647086132
55.42764192000004,4.295179683836632,-2.284073633249132,2.495179675052608,-1.8840736332491321
55.44124711099994,4.29217974330653,-2.2840556019326055,2.492179734522506,-1.8840556019326056
55.472017754000035,4.289179983352683,-2.284018071520854,2.4891799745686587,-1.8840180715208539
55.48533642000007,4.286180530714496,-2.28396104359953,2.4861805219304722,-1.88396104359953
55.49997820800013,4.283181512118404,-2.2838845205780536,2.4831815033343796,-1.8838845205780537
55.51273830900004,4.280183054272493,-2.2837885056895133,2.4801830454884692,-1.8837885056895134
55.52568526899995,4.277185283861162,-2.2836730029905237,2.4771852750771384,-1.8836730029905238
55.560521506999976,4.274188327539766,-2.283538017361056,2.4741883187557416,-1.8835380173610563
55.574393798000074,4.271192311929262,-2.2833835545042356,2.471192303145238,-1.8833835545042357
55.589079143999925,4.268197363610864,-2.2832096209460913,2.46819735482684,-1.8832096209460913
55.60273310499997,4.265203609120693,-2.2830162240352925,2.465203600336669,-1.8830162240352926
55.61702265500003,4.262211174944433,-2.28280337194283,2.462211166160409,-1.8828033719428299
55.6526325100001,4.259220187511981,-2.2825710736616713,2.459220178727957,-1.8825710736616714
55.666760306000015,4.256230773192112,-2.2823193390063854,2.4562307644080876,-1.8823193390063855
55.68201358800002,4.253243058287135,-2.2820481786127234,2.4532430495031106,-1.8820481786127234
55.696229308000056,4.2502571690275595,-2.281757603937173,2.4502571602435355,-1.881757603937173
55.70950078999999,4.247273231566765,-2.2814476272564694,2.4472732227827407,-1.8814476272564695
55.745864858999994,4.244291371975664,-2.281118261667081,2.44429136319164,-1.8811182616670812
55.75971804100004,4.2413117162373775,-2.280769521084657,2.4413117074533535,-1.8807695210846571
55.774166122,4.238334390241923,-2.280401420243435,2.4383343814578993,-1.8804014202434352
55.78770943900008,4.235359519780878,-2.28001397469562,2.4353595109968538,-1.8800139746956201
55.80066054100007,4.232387230542079,-2.279607200810728,2.432387221758055,-1.879607200810728
55.836760755000114,4.229417648104304,-2.279181115774895,2.42941763932028,-1.879181115774895
55.85047762399995,4.226450897931966,-2.2787357375901514,2.426450889147942,-1.8787357375901514
55.86571760700008,4.223487105369819,-2.278271085073659,2.423487096585795,-1.878271085073659
55.87959878200013,4.220526395637659,-2.277787177856917,2.420526386853635,-1.8777871778569173
55.89333194899996,4.2175688938250335,-2.2772840363849336,2.4175688850410095,-1.8772840363849337
55.92767853100008,4.214614724885952,-2.276761681915361,2.4146147161019282,-1.8767616819153612
55.940862614000025,4.211664013633612,-2.276220136517599,2.4116640048495883,-1.876220136517599
55.95606900500002,4.208716884735125,-2.2756594230718576,2.408716875951101,-1.8756594230718577
55.97016696900005,4.205773462706252,-2.275079565268199,2.4057734539222277,-1.8750795652681993
55.98490341399997,4.202833871906136,-2.274480587605529,2.402833863122112,-1.8744805876055293
56.019700361000105,4.199898236532046,-2.273862515390563,2.3998982277480216,-1.873862515390563
56.03445885299993,4.1969666806141435,-2.2732253747367612,2.3969666718301195,-1.8732253747367613
56.049585922999995,4.194039328010226,-2.2725691925632217,2.394039319226202,-1.8725691925632217
56.063586059000045,4.191116302400512,-2.271893996593543,2.391116293616488,-1.8718939965935433
56.07767723500001,4.188197727282395,-2.2711998153546555,2.388197718498371,-1.8711998153546556
56.110442178000085,4.185283725965241,-2.270486678175613,2.385283717181217,-1.870486678175613
56.12451988800012,4.182374421565168,-2.2697546151863537,2.382374412781144,-1.8697546151863538
56.139599150000095,4.179469936999858,-2.269003657316432,2.3794699282158343,-1.8690036573164321
56.15248979100011,4.1765703949833535,-2.268233836293705,2.3765703861993295,-1.868233836293705
56.16513962599993,4.173675918020869,-2.2674451846429964,2.3736759092368453,-1.8674451846429965
56.20273862900012,4.1707866284036275,-2.2666377356847205,2.3707866196196035,-1.8666377356847206
56.21791621400007,4.167902648203686,-2.2658115235334773,2.367902639419662,-1.8658115235334773
56.23557858000004,4.16502409926878,-2.264966583096606,2.3650240904847557,-1.864966583096606
56.250031657000136,4.16215110321717,-2.2641029500727154,2.3621510944331456,-1.8641029500727155
56.26443669300011,4.159283781432514,-2.263220660950172,2.3592837726484897,-1.863220660950172
56.30062160800003,4.1564222550587315,-2.2623197530055603,2.3564222462747075,-1.8623197530055604
56.313754533000065,4.153566644994885,-2.261400264302106,2.3535666362108607,-1.8614002643021061
56.329490320000104,4.150717071890077,-2.2604622336880698,2.350717063106053,-1.8604622336880698
56.343636109000045,4.147873656138344,-2.2595057007951063,2.3478736473543202,-1.8595057007951064
56.35749333700005,4.145036517873581,-2.2585307060365887,2.3450365090895566,-1.8585307060365888
56.39190329400003,4.142205776964459,-2.2575372906059,2.3422057681804347,-1.8575372906059
56.40492266199999,4.139381553009357,-2.2565254964746932,2.3393815442253327,-1.8565254964746933
56.41930430499997,4.136563965331317,-2.2554953663911195,2.336563956547293,-1.8554953663911196
56.43304819900004,4.133753132973002,-2.2544469438780252,2.333753124188978,-1.8544469438780253
56.44702709100011,4.130949174691659,-2.253380273231102,2.3309491659076347,-1.8533802732311022
56.48703054099997,4.128152208954109,-2.252295399517028,2.328152200170085,-1.8522953995170282
56.50243615499994,4.125362353931738,-2.2511923685715547,2.325362345147714,-1.8511923685715548
56.51964464100001,4.122579727495506,-2.2500712269975764,2.3225797187114816,-1.8500712269975765
56.53294786400011,4.119804447210965,-2.2489320221631597,2.3198044384269414,-1.8489320221631598
56.54780936499992,4.117036630333298,-2.2477748021995363,2.317036621549274,-1.8477748021995364
56.586615418000065,4.114276393802351,-2.2465996159990786,2.314276385018327,-1.8465996159990787
56.60018980299992,4.11152385423771,-2.245406513213228,2.311523845453686,-1.845406513213228
56.61591938400011,4.1087791279337615,-2.244195544250402,2.3087791191497375,-1.844195544250402
56.62886979400014,4.106042330854783,-2.2429667602738577,2.306042322070759,-1.8429667602738578
56.64227076299994,4.103313578630045,-2.2417202131995344,2.303313569846021,-1.8417202131995345
56.68109999400008,4.100592986548923,-2.2404559556938612,2.3005929777648992,-1.8404559556938613
56.693422415999976,4.0978806695560275,-2.239174041171531,2.2978806607720035,-1.839174041171531
56.70789072000002,4.095176742246346,-2.2378745237932396,2.2951767334623216,-1.8378745237932397
56.720966222000015,4.092481318860409,-2.2365574584634045,2.2924813100763846,-1.8365574584634046
56.73498012799996,4.089794513279449,-2.2352229008278393,2.2897945044954247,-1.8352229008278393
56.772465981000096,4.087116439020605,-2.2338709072714056,2.2871164302365807,-1.8338709072714057
56.7864794300001,4.084447209232117,-2.2325015349156305,2.284447200448093,-1.8325015349156306
56.80176988099993,4.081786936688544,-2.231114841616293,2.2817869279045198,-1.831114841616293
56.81619227800002,4.079135733786004,-2.2297108859609764,2.2791357250019804,-1.8297108859609765
56.829890777999935,4.076493712537433,-2.2282897272666,2.2764937037534088,-1.8282897272666
56.868392734000054,4.073860984567826,-2.226851425576906,2.273860975783802,-1.8268514255769062
56.884404496000116,4.0712376611095555,-2.2253960416599274,2.2712376523255315,-1.8253960416599275
56.899828095999965,4.068623852997643,-2.2239236370054183,2.268623844213619,-1.8239236370054184
56.913024996000104,4.066019670665095,-2.222434273822258,2.266019661881071,-1.822434273822258
56.92599185400013,4.063425224138224,-2.2209280150358173,2.2634252153542,-1.8209280150358174
56.962258738999935,4.0608406230320115,-2.2194049242853064,2.2608406142479875,-1.8194049242853065
56.97516258299993,4.058265976545473,-2.217865065921083,2.2582659677614494,-1.817865065921083
56.98989604799999,4.055701393457036,-2.2163085050019338,2.255701384673012,-1.8163085050019339
57.00316686399992,4.053146982119955,-2.2147353072923264,2.253146973335931,-1.8147353072923265
57.0168293910001,4.050602850457729,-2.2131455392596298,2.2506028416737047,-1.8131455392596298
57.052543343000025,4.048069105959546,-2.211539268071306,2.248069097175522,-1.8115392680713063
57.06675013300014,4.04554585567573,-2.209916561592075,2.245545846891706,-1.809916561592075
57.08291999700009,4.043033206213232,-2.2082774883810434,2.2430331974292077,-1.8082774883810435
57.09699063200014,4.040531263731116,-2.206622117688811,2.2405312549470917,-1.806622117688811
57.11013006600001,4.0380401339360805,-2.204950519454543,2.2380401251520565,-1.8049505194545432
57.145678652000015,4.035559922077988,-2.203262764303019,2.2355599132939643,-1.8032627643030192
57.15881026300008,4.033090732945422,-2.2015589235416395,2.233090724161398,-1.8015589235416396
57.17424211299999,4.030632670861257,-2.199839069157424,2.230632662077233,-1.7998390691574242
57.18850495800007,4.028185839678249,-2.198103273813964,2.2281858308942253,-1.7981032738139642
57.201989293999986,4.025750342774649,-2.1963516108483554,2.225750333990625,-1.7963516108483555
57.23780524199992,4.023326283049843,-2.194584154268098,2.223326274265819,-1.7945841542680983
57.250791209,4.020913762919994,-2.1928009787479694,2.22091375413597,-1.7928009787479695
57.26585490599996,4.018512884313716,-2.1910021596268696,2.218512875529692,-1.7910021596268697
57.28019428500011,4.016123748667773,-2.189187772904639,2.2161237398837494,-1.789187772904639
57.29395161699995,4.013746456922793,-2.1873578952388466,2.213746448138769,-1.7873578952388467
57.330561020000005,4.011381109518996,-2.185512603941552,2.2113811007349717,-1.785512603941552
57.34512149300008,4.009027806391959,-2.183651976976037,2.209027797607935,-1.7836519769760373
57.361286915999926,4.006686646968388,-2.181776092953515,2.2066866381843644,-1.781776092953515
57.37446656600014,4.004357730161924,-2.1798850311298077,2.2043577213779004,-1.7798850311298078
57.387448581999934,4.002041154368955,-2.177978871401995,2.202041145584931,-1.777978871401995
57.42199645200003,3.9997370174644615,-2.176057694305041,2.1997370086804375,-1.7760576943050412
57.43423122000013,3.997445416797884,-2.1741215810083943,2.19744540801386,-1.7741215810083943
57.44814090099999,3.995166449189009,-2.1721706133125513,2.195166440404985,-1.7721706133125514
57.46069010700012,3.9929002109238816,-2.1702048736456083,2.1929002021398576,-1.7702048736456084
57.47403479400009,3.990646797750732,-2.168224445059774,2.190646788966708,-1.768224445059774
57.50892568800009,3.9884063048759293,-2.16622941122786,2.1884062960919053,-1.7662294112278603
57.523070512000004,3.9861788269599643,-2.1642198564397512,2.1861788181759403,-1.7642198564397513
57.539353767999955,3.9839644581134497,-2.1621958655988363,2.1839644493294257,-1.7621958655988363
57.554138174999935,3.9817632918931403,-2.160157524218429,2.181763283109116,-1.760157524218429
57.567881825000086,3.9795754212979793,-2.1581049184181493,2.1795754125139553,-1.7581049184181494
57.60487847100012,3.9774009387651748,-2.1560381349202853,2.1774009299811503,-1.7560381349202854
57.61841519199993,3.9752399361662887,-2.1539572610461337,2.1752399273822647,-1.7539572610461338
57.63439502699998,3.973092504803361,-2.151862384712306,2.173092496019337,-1.751862384712306
57.64857927999992,3.9709587354050466,-2.1497535944270147,2.1709587266210226,-1.7497535944270148
57.66270245700002,3.9688387181227855,-2.1476309792863377,2.168838709338761,-1.7476309792863378
57.69989552900006,3.966732542526993,-2.145494628970448,2.1667325337429686,-1.745494628970448
57.71372421499996,3.9646402976032733,-2.1433446337398263,2.164640288819249,-1.7433446337398264
57.73001880200013,3.962562071748666,-2.141181084431455,2.162562062964642,-1.7411810844314553
57.744222532000094,3.9624585300339,-2.1410725528085908,2.162458521249876,-1.7410725528085909
57.75754745099994,3.9624585300338806,-2.1410725528085712,2.1624585212498566,-1.7410725528085713
57.79633665899996,3.9624585300338664,-2.1410725528085575,2.1624585212498424,-1.7410725528085575
57.810401988999956,3.9624585300338473,-2.141072552808539,2.162458521249823,-1.741072552808539
57.82510953500014,3.9624585300338317,-2.1410725528085233,2.1624585212498078,-1.7410725528085234
57.838360804000104,3.962458530033816,-2.1410725528085077,2.1624585212497918,-1.7410725528085078
57.85145717399996,3.9624585300338024,-2.141072552808494,2.1624585212497784,-1.741072552808494
57.892796535000116,3.962458530033788,-2.14107255280848,2.1624585212497633,-1.7410725528084803
57.90544828099996,3.962458530033773,-2.141072552808466,2.162458521249749,-1.741072552808466
57.91971918200011,3.9624585300337585,-2.1410725528084527,2.162458521249734,-1.7410725528084527
57.933362374000126,3.962458530033744,-2.1410725528084398,2.16245852124972,-1.7410725528084399
57.945880048999925,3.962458530033729,-2.141072552808427,2.1624585212497047,-1.741072552808427
57.98647583100001,3.962458530033714,-2.1410725528084136,2.1624585212496896,-1.7410725528084137
58.00202871900001,3.9624585300337,-2.1410725528084007,2.1624585212496754,-1.7410725528084008
58.01887042900012,3.9624585300336874,-2.14107255280839,2.162458521249663,-1.7410725528083901
58.03336604900005,3.962458530033692,-2.1410725528083945,2.1624585212496674,-1.7410725528083946
58.04734445100007,3.9624585300337003,-2.141072552808403,2.1624585212496763,-1.741072552808403
58.084194387000025,3.9624585300337096,-2.1410725528084114,2.162458521249685,-1.7410725528084114
58.09796001099994,3.9624585300337185,-2.1410725528084193,2.162458521249694,-1.7410725528084194
58.114136920999954,3.9624585300337203,-2.141072552808421,2.162458521249696,-1.7410725528084212
58.12809749999997,3.9624585300337207,-2.1410725528084216,2.1624585212496967,-1.7410725528084217
58.14136988600012,3.9624585300337207,-2.1410725528084216,2.1624585212496967,-1.7410725528084217
58.17979456300009,3.9624585300337203,-2.1410725528084216,2.162458521249696,-1.7410725528084217
58.19352531000004,3.9624585300337207,-2.1410725528084216,2.1624585212496967,-1.7410725528084217
58.20940705399994,3.9624585300337203,-2.1410725528084216,2.162458521249696,-1.7410725528084217
58.22247850200006,3.9624585300337203,-2.1410725528084216,2.162458521249696,-1.7410725528084217
58.23537657199995,3.9624585300337207,-2.1410725528084216,2.1624585212496967,-1.7410725528084217
58.27122332700014,3.9624585300337203,-2.1410725528084216,2.162458521249696,-1.7410725528084217
58.28423494399999,3.9624585300337203,-2.1410725528084216,2.162458521249696,-1.7410725528084217
58.298946275999924,3.9624585300337207,-2.1410725528084216,2.1624585212496967,-1.7410725528084217
58.31342191700014,3.9624585300337203,-2.1410725528084216,2.162458521249696,-1.7410725528084217
58.32670286899997,3.9624585300337207,-2.1410725528084216,2.1624585212496967,-1.7410725528084217
58.360092097000006,3.9624585300337207,-2.1410725528084216,2.1624585212496967,-1.7410725528084217
58.37525644900006,3.9624585300337203,-2.1410725528084216,2.162458521249696,-1.7410725528084217
58.3925024780001,3.9624585300337207,-2.1410725528084216,2.1624585212496967,-1.7410725528084217
58.40620994100004,3.9624585300337203,-2.1410725528084216,2.162458521249696,-1.7410725528084217
58.41975114899992,3.9624585300337203,-2.1410725528084216,2.162458521249696,-1.7410725528084217
58.4521277230001,3.9624585300337207,-2.1410725528084216,2.1624585212496967,-1.7410725528084217
58.46556243700002,3.9624585300337203,-2.1410725528084216,2.162458521249696,-1.7410725528084217
58.480016119000084,3.9624585300337203,-2.1410725528084216,2.162458521249696,-1.7410725528084217
58.49274075800008,3.9624585300337207,-2.1410725528084216,2.1624585212496967,-1.7410725528084217
58.50582909200011,3.9624585300337203,-2.1410725528084216,2.162458521249696,-1.7410725528084217
58.55398552299994,3.9624585300337207,-2.1410725528084216,2.1624585212496967,-1.7410725528084217
58.56986221000011,3.9624585300337207,-2.1410725528084216,2.1624585212496967,-1.7410725528084217
58.58673057500005,3.9624585300337203,-2.1410725528084216,2.162458521249696,-1.7410725528084217
58.602588663000006,3.9624585300337207,-2.1410725528084216,2.1624585212496967,-1.7410725528084217
58.618356580999944,3.9624585300337207,-2.1410725528084216,2.1624585212496967,-1.7410725528084217
58.657978634000074,3.9624585300337203,-2.1410725528084216,2.162458521249696,-1.7410725528084217
58.670628567999984,3.9624585300337207,-2.1410725528084216,2.1624585212496967,-1.7410725528084217
58.68406758900005,3.9624585300337203,-2.1410725528084216,2.162458521249696,-1.7410725528084217
58.69728576400007,3.9624585300337203,-2.1410725528084216,2.162458521249696,-1.7410725528084217
58.70983143000012,3.9624585300337207,-2.1410725528084216,2.1624585212496967,-1.7410725528084217
58.744122942000104,3.9624585300337203,-2.1410725528084216,2.162458521249696,-1.7410725528084217
58.756348419999995,3.9624585300337203,-2.1410725528084216,2.162458521249696,-1.7410725528084217
58.77035693300013,3.9624585300337207,-2.1410725528084216,2.1624585212496967,-1.7410725528084217
58.783901453,3.9624585300337203,-2.1410725528084216,2.162458521249696,-1.7410725528084217
58.79624353899999,3.9624585300337207,-2.1410725528084216,2.1624585212496967,-1.7410725528084217
58.828655701000116,3.9624585300337207,-2.1410725528084216,2.1624585212496967,-1.7410725528084217
58.84170955600007,3.9624585300337203,-2.1410725528084216,2.162458521249696,-1.7410725528084217
58.85539951100009,3.9624585300337207,-2.1410725528084216,2.1624585212496967,-1.7410725528084217
58.86759739000013,3.9624585300337203,-2.1410725528084216,2.162458521249696,-1.7410725528084217
58.88065338799993,3.9624585300337203,-2.1410725528084216,2.162458521249696,-1.7410725528084217
58.916218182999955,3.9624585300337207,-2.1410725528084216,2.1624585212496967,-1.7410725528084217
58.929371069000126,3.9624585300337203,-2.1410725528084216,2.162458521249696,-1.7410725528084217
58.94399752200002,3.9624585300337203,-2.1410725528084216,2.162458521249696,-1.7410725528084217
58.95658981099996,3.9624585300337207,-2.1410725528084216,2.1624585212496967,-1.7410725528084217
58.96962022499997,3.9624585300337203,-2.1410725528084216,2.162458521249696,-1.7410725528084217
59.005966944999955,3.9624585300337207,-2.1410725528084216,2.1624585212496967,-1.7410725528084217
59.018714002000024,3.9624585300337207,-2.1410725528084216,2.1624585212496967,-1.7410725528084217
59.033851726999956,3.9624585300337203,-2.1410725528084216,2.162458521249696,-1.7410725528084217
59.047861926999985,3.9622695976572353,-2.141092663228113,2.162269588873211,-1.741092663228113
59.06109396900001,3.9616833804291427,-2.141159352677149,2.1616833716451183,-1.741159352677149
59.09385077000002,3.960700656817482,-2.1412791394787,2.1607006480334574,-1.7412791394787002
59.10686970799998,3.9593222854882426,-2.1414585320970647,2.159322276704218,-1.7414585320970648
59.12136264200012,3.957549205194257,-2.141704028260635,2.1575491964102325,-1.741704028260635
59.13431640399995,3.955472573916705,-2.1420081286474915,2.1554725651326807,-1.7420081286474915
59.14805840400004,3.953377650602769,-2.142331189503178,2.1533776418187447,-1.7423311895031781
59.18259637899996,3.951285252974054,-2.142670223677148,2.1512852441900296,-1.7426702236771483
59.19503113299993,3.949195502821702,-2.1430252114354102,2.149195494037678,-1.7430252114354103
59.210050906000106,3.947108521782751,-2.1433961321153694,2.1471085129987264,-1.7433961321153695
59.223115993999954,3.9448783624838537,-2.1438083187464803,2.1448783536998297,-1.7438083187464803
59.23652447199993,3.9425927090234194,-2.1442444566757946,2.142592700239395,-1.7442444566757946
59.272015936000116,3.940309638681024,-2.144693920630225,2.1403096298969997,-1.7446939206302252
59.28588660300011,3.9380292291506045,-2.145156695314302,2.1380292203665805,-1.7451566953143023
59.30162121600006,3.9357515580355296,-2.145632764979593,2.1357515492515056,-1.745632764979593
59.314837204000014,3.933392324739104,-2.1461393155807653,2.1333923159550796,-1.7461393155807654
59.32816089400012,3.9310205094543136,-2.1466608409995653,2.1310205006702896,-1.7466608409995654
59.36422139199999,3.928651306465897,-2.1471941080126986,2.1286512976818726,-1.7471941080126987
59.37840136099999,3.9262847738998596,-2.1477391035369973,2.1262847651158356,-1.7477391035369974
59.39157644000011,3.9239209698166913,-2.1482958142015445,2.123920961032667,-1.7482958142015446
59.40546577500004,3.921482072846981,-2.1488820589335496,2.121482064062957,-1.7488820589335496
59.41792248799993,3.919032707085794,-2.149481550571326,2.11903269830177,-1.7494815505713261
59.44065452299992,3.9165858476016258,-2.15009119105602,2.1165858388176018,-1.7500911910560202
59.45523600499996,3.91414153644562,-2.150710969910496,2.1141415276615954,-1.7507109699104961
59.46854603299994,3.911699815625119,-2.151340876483383,2.111699806841095,-1.751340876483383
59.48163473599993,3.909235236944798,-2.151987302655414,2.109235228160774,-1.7519873026554142
59.49541661400008,3.906771450879524,-2.15264380433142,2.1067714420955,-1.75264380433142
59.51569618100007,3.904310245322623,-2.1533099150074455,2.1043102365385984,-1.7533099150074456
59.530133449999994,3.9018516577499542,-2.153985624540871,2.10185164896593,-1.7539856245408711
59.54317745499998,3.89939572559752,-2.1546709226429197,2.099395716813496,-1.7546709226429198
59.55687250599999,3.896858103162004,-2.1553886118607095,2.09685809437798,-1.7553886118607096
59.56996305000007,3.894307231942147,-2.1561183181272914,2.094307223158123,-1.7561183181272915
59.59224885499998,3.8917585655058318,-2.156855688191906,2.0917585567218078,-1.756855688191906
59.606388428999935,3.8892121268779998,-2.15760071539307,2.0892121180939753,-1.7576007153930702
59.620043402999954,3.886667939063465,-2.158353393000123,2.0866679302794404,-1.7583533930001232
59.633623082999975,3.8840729845763224,-2.159128907024393,2.0840729757922984,-1.759128907024393
59.647129277999966,3.8814739299876093,-2.159912647819331,2.0814739212035853,-1.759912647819331
59.667573359000016,3.8788768215447424,-2.160702813703655,2.0788768127607185,-1.760702813703655
59.68184003600004,3.8762816751310756,-2.1614993998448813,2.076281666347051,-1.7614993998448814
59.69595478800011,3.873688506617965,-2.1623024013712624,2.073688497833941,-1.7623024013712625
59.70962985799997,3.871125045012391,-2.163103489627212,2.0711250362283664,-1.7631034896272122
59.72278762500014,3.868565238175612,-2.1639111338239263,2.068565229391588,-1.7639111338239264
59.742947158000106,3.866007651424711,-2.1647257811106284,2.0660076426406864,-1.7647257811106285
59.75837285900002,3.8634523039186233,-2.165547425384778,2.0634522951345993,-1.7655474253847783
59.7724843200001,3.8608992147995074,-2.1663760604914235,2.060899206015483,-1.7663760604914236
59.78738373600004,3.8583307524996844,-2.1672172469912416,2.0583307437156604,-1.7672172469912417
59.801520282999945,3.8557635338923792,-2.168065331827516,2.055763525108355,-1.7680653318275161
59.822694115000104,3.853198501751109,-2.1689200068426366,2.053198492967085,-1.7689200068426367
59.837366449,3.850635672993165,-2.1697812663997196,2.050635664209141,-1.7697812663997197
59.852025685999934,3.8480750645213013,-2.1706491048184566,2.048075055737277,-1.7706491048184567
59.865385608,3.8455058196834515,-2.171527098309482,2.045505810899427,-1.7715270983094822
59.879190221000044,3.8429381759957475,-2.172411614903095,2.042938167211723,-1.772411614903095
59.903586113000074,3.840372719289436,-2.173302454731245,2.0403727105054115,-1.7733024547312453
59.91941074500005,3.8378094651364685,-2.1741996123866634,2.037809456352444,-1.7741996123866635
59.933758528,3.8352484290954303,-2.17510308242373,2.0352484203114063,-1.7751030824237302
59.94796330999998,3.832605360771418,-2.176041600001632,2.032605351987394,-1.7760416000016321
59.96227814300005,3.829947993097909,-2.1769898197479285,2.0299479843138846,-1.7769898197479286
59.98205850199997,3.8272920956999923,-2.1779421498646503,2.027292086915968,-1.7779421498646504
59.997688385999936,3.8246376749355138,-2.178898588072051,2.0246376661514898,-1.778898588072051
60.012849420000066,3.821984737158783,-2.1798591320805527,2.0219847283747585,-1.7798591320805528
60.02614161600013,3.819350179633821,-2.18081785337158,2.0193501708497967,-1.78081785337158
60.03911605999997,3.8167181506332652,-2.181780756184366,2.016718141849241,-1.7817807561843662
60.06128510100007,3.814087772528152,-2.1827481596734954,2.0140877637441275,-1.7827481596734955
60.076635619999934,3.8114590530144716,-2.183720061008528,2.011459044230447,-1.7837200610085282
60.09064549599998,3.808831999783362,-2.1846964573458623,2.0088319909993375,-1.7846964573458624
60.10438801200007,3.806124812137315,-2.185706677525644,2.0061248033532904,-1.7857066775256443
60.11755541499997,3.8034036415478765,-2.186724657130122,2.0034036327638525,-1.7867246571301223
60.136765620000006,3.8006833069321235,-2.1877448685936405,2.0006832981480995,-1.7877448685936406
60.15197692900006,3.79796381012059,-2.1887673112296886,1.9979638013365657,-1.7887673112296887
60.16599323200012,3.7952451529432447,-2.1897919843502587,1.9952451441592205,-1.7897919843502588
60.179787513000065,3.792574936897127,-2.190801536863403,1.9925749281131029,-1.7908015368634032
60.19360888999995,3.789908510530037,-2.19181356683384,1.9899085017460127,-1.7918135668338402
60.21242111200013,3.7872433842504933,-2.1928290155751737,1.9872433754664691,-1.7928290155751738
60.22723613800008,3.78457956244189,-2.193847881417271,1.9845795536578656,-1.7938478814172711
60.24053510199997,3.7819170494854726,-2.1948701626843836,1.9819170407014484,-1.7948701626843837
60.254282226999976,3.7792170527689013,-2.195910265097915,1.979217043984877,-1.7959102650979153
60.267850296000006,3.776514463980454,-2.1969541325638495,1.97651445519643,-1.7969541325638496
60.287015149000126,3.77381280647148,-2.1980004079339484,1.973812797687456,-1.7980004079339484
60.30066075700006,3.7711120823873276,-2.199049090377376,1.9711120736033034,-1.799049090377376
60.31389010099997,3.7684122938726072,-2.200100179061388,1.968412285088583,-1.800100179061388
60.327386066000145,3.765699949943697,-2.201158754972584,1.965699941159673,-1.801158754972584
60.3401851860001,3.7629877042854276,-2.202219667451779,1.9629876955014034,-1.8022196674517792
60.36177034599996,3.7602762652671524,-2.2032826398171315,1.9602762564831282,-1.8032826398171315
60.37629902399999,3.757565634453308,-2.204347671455331,1.957565625669284,-1.8043476714553313
60.38953850100006,3.7548558134078625,-2.2054147617518804,1.9548558046238382,-1.8054147617518805
60.40258640299999,3.752130263191534,-2.206490208821796,1.9521302544075099,-1.806490208821796
60.41599974299993,3.7494044905907495,-2.2075676286503048,1.9494044818067253,-1.8075676286503048
60.44003362400008,3.7466793629195103,-2.208646678664668,1.946679354135486,-1.808646678664668
60.45487901000001,3.7439548811527703,-2.2097273584788364,1.943954872368746,-1.8097273584788365
60.46825277200014,3.7412310462652534,-2.210809667706184,1.9412310374812292,-1.810809667706184
60.48086642099997,3.738543736245179,-2.211879817064329,1.9385437274611548,-1.8118798170643289
60.49443397799996,3.735859321139589,-2.212951765033565,1.935859312355565,-1.812951765033565
60.5193281280001,3.7331759242517943,-2.2140262593566984,1.9331759154677701,-1.8140262593566985
60.53428023100014,3.730493547997188,-2.2151032990665485,1.930493539213164,-1.8151032990665485
60.54805858899999,3.727812194790245,-2.2161828831936448,1.9278121860062207,-1.8161828831936448
60.56210928700011,3.7250744371196642,-2.217287332761829,1.92507442833564,-1.817287332761829
60.575402045000146,3.722329734792101,-2.218395690322289,1.922329726008077,-1.8183956903222889
60.597282350000114,3.719585416458247,-2.219504998318849,1.9195854076742227,-1.8195049983188492
60.61092132299996,3.7168414824472205,-2.220615256618473,1.9168414736631962,-1.8206152566184732
60.62417020199996,3.7140979330880888,-2.2217264650880106,1.9140979243040646,-1.8217264650880107
60.637802257999965,3.711340635732663,-2.22284415304372,1.9113406269486386,-1.8228441530437203
60.65129574899993,3.7085828308053577,-2.2239627147172114,1.9085828220213334,-1.8239627147172115
60.67330925200008,3.7058252584481832,-2.225081849619451,1.905825249664159,-1.8250818496194512
60.687798737000094,3.703067918780288,-2.226201557702087,1.903067909996264,-1.826201557702087
60.70111292699994,3.7003108119208115,-2.2273218389167364,1.9003108031367872,-1.8273218389167365
60.714469849000125,3.6975537907232785,-2.2284427509971168,1.8975537819392543,-1.8284427509971168
60.72773751099999,3.694796993255978,-2.229564235306433,1.8947969844719539,-1.829564235306433
60.74933447500007,3.692040427347083,-2.230686288657071,1.8920404185630588,-1.8306862886570712
60.76455083399992,3.689284093114052,-2.2318089110012176,1.8892840843300276,-1.8318089110012177
60.77869750400009,3.6865279906743336,-2.2329321022910382,1.8865279818903093,-1.8329321022910383
60.792625817000044,3.683812619207623,-2.2340399149504866,1.8838126104235988,-1.8340399149504867
60.80603298899996,3.68110003687657,-2.2351484987182646,1.8811000280925458,-1.8351484987182647
60.82657716300014,3.6783881240371765,-2.2362587192479104,1.8783881152531523,-1.8362587192479105
60.841579050000064,3.6756768816770555,-2.2373705761351093,1.8756768728930313,-1.8373705761351093
60.856238043000076,3.6729663107835813,-2.238484068974947,1.872966301999557,-1.8384840689749469
60.87015162600005,3.670277599897994,-2.239588460864076,1.8702775911139697,-1.8395884608640762
60.883629187,3.667589139843787,-2.2406901808336093,1.867589131059763,-1.8406901808336094
60.903459886000064,3.6648997778490466,-2.2417896972798266,1.8648997690650224,-1.8417896972798267
60.91794117800009,3.662209515719819,-2.242887009464344,1.862209506935795,-1.8428870094643441
60.93204652999998,3.659518355262763,-2.243982116650255,1.8595183464787388,-1.8439821166502552
60.94537698099998,3.656799909878538,-2.2450861105874362,1.856799901094514,-1.8450861105874363
60.95839929900012,3.654078936128926,-2.2461893768369747,1.8540789273449019,-1.8461893768369748
60.97995293200006,3.6513573521517797,-2.2472911368919752,1.8513573433677555,-1.8472911368919753
60.994463128999996,3.6486351587808556,-2.2483913904149135,1.8486351499968314,-1.8483913904149136
61.00784200099997,3.6459123568500895,-2.2494901370687295,1.8459123480660653,-1.8494901370687296
61.02192020100006,3.6432252401253593,-2.250572249861504,1.843225231341335,-1.850572249861504
61.03573528800007,3.6405390577960994,-2.251651140276913,1.8405390490120752,-1.8516511402769131
61.055961927,3.637851892461538,-2.2527275800101174,1.8378518836775137,-1.8527275800101175
61.07096614400007,3.6351637463575024,-2.2538015681654766,1.8351637375734782,-1.8538015681654767
61.0841807270001,3.632474621720638,-2.2548731038493894,1.8324746129366136,-1.8548731038493895
61.09794173099999,3.6297075948776034,-2.255974171118077,1.8297075860935792,-1.8559741711180773
61.111205861000144,3.626927227969259,-2.257080752267497,1.8269272191852346,-1.857080752267497
61.131769634999955,3.624146933145518,-2.2581875145179686,1.8241469243614936,-1.8581875145179687
61.14692865799998,3.621366710418291,-2.259294457864766,1.8213667016342667,-1.8592944578647659
61.161153242999944,3.618586559799374,-2.260401582303183,1.8185865510153498,-1.860401582303183
61.17464674300004,3.615819606909482,-2.261503845387278,1.8158195981254577,-1.8615038453872783
61.1883203320001,3.613053554494275,-2.262606369210479,1.8130535457102506,-1.862606369210479
61.20873625000013,3.610287715360342,-2.263709427971206,1.8102877065763179,-1.863709427971206
61.22324810100008,3.607522089611139,-2.2648130216281963,1.8075220808271146,-1.8648130216281964
61.236859127000116,3.604756677350111,-2.2659171501401763,1.804756668566087,-1.8659171501401763
61.25220522199993,3.6020021298281066,-2.267016846803514,1.8020021210440824,-1.867016846803514
61.26713731400014,3.59924782628785,-2.2681154886537427,1.7992478175038256,-1.8681154886537428
61.28767011800005,3.5964931927913826,-2.269213302939988,1.7964931840073584,-1.869213302939988
61.30311585599998,3.593738229587357,-2.270310289563154,1.7937382208033326,-1.8703102895631543
61.31579187400007,3.5909829369244535,-2.271406448424221,1.7909829281404293,-1.8714064484242212
61.329240706000064,3.58820391546251,-2.272511420356948,1.7882039066784856,-1.8725114203569482
61.34248049400003,3.5854232399897885,-2.2736168352859076,1.7854232312057643,-1.8736168352859077
61.36231220600007,3.5826424911377055,-2.274722065610951,1.7826424823536813,-1.8747220656109511
61.37657379699999,3.5798616689185163,-2.275827111327208,1.779861660134492,-1.875827111327208
61.389878858999964,3.5770807733444747,-2.276931972429807,1.7770807645604505,-1.8769319724298072
61.40282720000005,3.574302659279912,-2.2780354740225457,1.7743026504958876,-1.8780354740225458
61.415553859000056,3.5715245919290273,-2.2791386530719597,1.771524583145003,-1.8791386530719598
61.437618364999935,3.568746420286421,-2.2802415694538,1.768746411502397,-1.8802415694538
61.45147885000006,3.565968144376929,-2.2813442231582077,1.7659681355929047,-1.8813442231582078
61.46502285600013,3.5631897642253842,-2.2824466141753277,1.76318975544136,-1.8824466141753278
61.47775885400006,3.560464897902038,-2.2835267226330336,1.760464889118014,-1.8835267226330337
61.490726430999985,3.557742195791321,-2.2846040111491352,1.757742187007297,-1.8846040111491353
61.51099782599999,3.555018822736587,-2.2856796023983437,1.7550188139525627,-1.8856796023983438
61.52543026700005,3.55229477979587,-2.286753495962789,1.7522947710118457,-1.8867534959627892
61.53932770999995,3.5495700680274664,-2.2878256914252635,1.7495700592434422,-1.8878256914252636
61.55223477499999,3.5468323731844653,-2.2889011984448775,1.746832364400441,-1.8889011984448776
61.56599197200012,3.54409348728066,-2.289975586221379,1.7440934784966358,-1.8899755862213792
61.58800545600002,3.54135406236138,-2.2910485988960385,1.741354053577356,-1.8910485988960386
61.60288599199998,3.538614099117016,-2.2921202361984374,1.7386140903329916,-1.8921202361984375
61.61641604600004,3.5358735982380947,-2.2931904978584985,1.7358735894540704,-1.8931904978584986
61.62997528799997,3.533088594048001,-2.294277184368953,1.7330885852639766,-1.8942771843689532
61.64311645299995,3.5302990265989553,-2.2953654922137394,1.7302990178149311,-1.8953654922137395
61.66424056000005,3.5275094058130003,-2.2964536633346335,1.727509397028976,-1.8964536633346336
61.68079746500007,3.524719731696831,-2.297541697729022,1.7247197229128066,-1.897541697729022
61.69520951599998,3.5219300042571535,-2.298629595394288,1.7219299954731293,-1.8986295953942882
61.70929786500005,3.51915616460664,-2.299710914680827,1.7191561558226158,-1.8997109146808269
61.72281254800009,3.5163829457264733,-2.3007913349344427,1.716382936942449,-1.9007913349344427
61.74716949899994,3.513609504497879,-2.301871184291191,1.7136094957138546,-1.901871184291191
61.76241505400003,3.510835841038383,-2.3029504627053146,1.7108358322543589,-1.9029504627053146
61.77668891899998,3.5080619554655215,-2.3040291701310767,1.7080619466814972,-1.9040291701310768
61.789800139000135,3.505271078902323,-2.305114062716628,1.7052710701182987,-1.905114062716628
61.80324940700007,3.502479270900403,-2.3061991851903816,1.702479262116379,-1.9061991851903817
61.82480167500012,3.4996874184813502,-2.3072841933806116,1.699687409697326,-1.9072841933806117
61.83893797900009,3.4968955216498423,-2.3083690872855,1.696895512865818,-1.9083690872855001
61.852299421,3.4941035804105613,-2.30945386690322,1.6941035716265371,-1.90945386690322
61.865817762999995,3.4913955574966917,-2.310504754407168,1.6913955487126675,-1.9105047544071683
61.879306940000106,3.488691067202683,-2.311551576764987,1.688691058418659,-1.911551576764987
61.901610181000024,3.485985670842816,-2.312596055264152,1.6859856620587916,-1.912596055264152
61.91586801700009,3.483279370448401,-2.3136381891204305,1.6832793616643766,-1.9136381891204306
61.929336852999995,3.4805721680514354,-2.314677977551347,1.6805721592674112,-1.9146779775513472
61.94269643400003,3.477828764004011,-2.315729449046595,1.6778287552199866,-1.9157294490465953
61.956390433000024,3.475081860003478,-2.3167806555920256,1.6750818512194539,-1.9167806555920257
61.97777521000012,3.4723344204475324,-2.3178304616101637,1.6723344116635082,-1.9178304616101638
61.99231336799994,3.4695864460502404,-2.3188788668281606,1.6695864372662161,-1.9188788668281607
62.006861053999955,3.466837937525809,-2.3199258709735346,1.6668379287417847,-1.9199258709735347
62.022091830000136,3.4641180684628763,-2.3209599766402444,1.664118059678852,-1.9209599766402445
62.035301679999975,3.4613989203926216,-2.3219913325422783,1.6613989116085974,-1.9219913325422784
62.05575498200005,3.4586789523823724,-2.3230205240928914,1.6586789435983482,-1.9230205240928915
62.07094723099999,3.4559581661548804,-2.3240475506402207,1.6559581573708562,-1.9240475506402208
62.08512061200008,3.4532365634334146,-2.3250724115337777,1.6532365546493903,-1.9250724115337778
62.098528243000146,3.4505095597414535,-2.326096891906259,1.6505095509574292,-1.9260968919062589
62.11206817600009,3.4477815449232496,-2.3271194149853613,1.6477815361392254,-1.9271194149853614
62.13057865299993,3.4450527630094987,-2.328139889170638,1.6450527542254745,-1.9281398891706383
62.14537873600011,3.442323215539036,-2.3291583138866176,1.6423232067550118,-1.9291583138866177
62.15911383699995,3.439592904051127,-2.3301746885589822,1.6395928952671028,-1.9301746885589823
62.17250451600012,3.4368341135975347,-2.3311996975932128,1.6368341048135104,-1.9311996975932129
62.186155608000035,3.434072784383249,-2.332224158284155,1.6340727755992248,-1.9322241582841553
62.20815943799994,3.4313109693150374,-2.333247308452001,1.6313109605310132,-1.933247308452001
62.22340325799996,3.4285486690148748,-2.3342691478663333,1.6285486602308505,-1.9342691478663334
62.23682838600007,3.425785884104842,-2.335289676297027,1.6257858753208179,-1.9352896762970273
62.250687751999976,3.422978189380069,-2.3363259339297335,1.6229781805960448,-1.9363259339297336
62.264240554000025,3.4201659076438755,-2.3373638187606005,1.6201658988598513,-1.9373638187606006
62.28643435899994,3.4173536051120097,-2.3384016472412466,1.6173535963279855,-1.9384016472412466
62.30206060699993,3.4145412817856053,-2.339439419371212,1.6145412730015811,-1.9394394193712121
62.31696861699993,3.4117289376658033,-2.3404771351501026,1.611728928881779,-1.9404771351501027
62.33107046100008,3.40891930647688,-2.3415137474719945,1.6089192976928557,-1.9415137474719946
62.34464612000011,3.406109771412636,-2.3425501752373235,1.6061097626286116,-1.9425501752373235
62.36363131000007,3.4033001879075764,-2.343586471680471,1.6033001791235522,-1.943586471680471
62.377914659,3.4004905559678407,-2.3446226367991674,1.6004905471838164,-1.9446226367991675
62.39207798799998,3.397680875599571,-2.345658670591147,1.5976808668155467,-1.945658670591147
62.40600263900001,3.394917542003682,-2.346676826729747,1.5949175332196577,-1.946676826729747
62.418532828000025,3.392156153617175,-2.347692699866434,1.5921561448331507,-1.9476926998664341
62.43859901099995,3.3893942577732776,-2.348707192546765,1.5893942489892534,-1.948707192546765
62.45323343400014,3.3866318551620997,-2.3497203045172492,1.5866318463780755,-1.9497203045172493
62.46631829900002,3.3838689464738785,-2.3507320355247447,1.5838689376898543,-1.9507320355247448
62.479805525000074,3.381106831859758,-2.351741892316489,1.5811068230757337,-1.9517418923164889
62.4932225770001,3.378344268729462,-2.3527503082104424,1.5783442599454378,-1.9527503082104425
62.51890882800012,3.375581189102316,-2.3537573080307546,1.5755811803182918,-1.9537573080307546
62.53373510799997,3.372817593704194,-2.3547628915128844,1.57281758492017,-1.9547628915128845
62.54704910400005,3.3700534832611004,-2.355767058392659,1.5700534744770762,-1.955767058392659
62.56072666399996,3.3672400150700685,-2.3567882761232917,1.5672400062860443,-1.9567882761232918
62.57418960199993,3.3644212136226948,-2.3578114619450012,1.5644212048386705,-1.9578114619450013
62.59520916099996,3.361602423187159,-2.3588346781030047,1.5616024144031349,-1.9588346781030048
62.610278707000134,3.358783643763789,-2.3598579245971836,1.5587836349797646,-1.9598579245971837
62.62429182899996,3.355964875352912,-2.3608812014274183,1.5559648665688879,-1.9608812014274184
62.63661174899994,3.353181855117183,-2.361891009233488,1.5531818463331588,-1.9618910092334882
62.65049722399999,3.350400362786326,-2.3628991331235536,1.5504003540023017,-1.9628991331235537
62.67094376099999,3.3476185084763936,-2.3639062577249077,1.5476184996923694,-1.9639062577249078
62.68438007200007,3.3448362925463955,-2.364912382907581,1.5448362837623713,-1.9649123829075812
62.69856291600013,3.342053715355385,-2.3659175085417266,1.5420537065713609,-1.9659175085417266
62.71192866399997,3.33926182111385,-2.3669249901674814,1.5392618123298256,-1.9669249901674815
62.724338778999936,3.3364691793565577,-2.367931882855263,1.5364691705725335,-1.9679318828552632
62.74862993900001,3.333676263833082,-2.368938015922016,1.533676255049058,-1.9689380159220162
62.76272837400006,3.3308830747500466,-2.3699433892933053,1.5308830659660224,-1.9699433892933054
62.77626400000008,3.328089612314095,-2.3709480028947505,1.5280896035300706,-1.9709480028947506
62.790040595999926,3.325297652765602,-2.3719511938974756,1.5252976439815777,-1.9719511938974756
62.803143412000054,3.3225054970378776,-2.372953543519673,1.5225054882538533,-1.9729535435196732
62.82603735900011,3.319713051460092,-2.373955085365072,1.5197130426760677,-1.973955085365072
62.83972445199993,3.316920316265936,-2.374955819349857,1.516920307481912,-1.9749558193498569
62.85300379299997,3.3141272916891262,-2.375955745390277,1.514127282905102,-1.975955745390277
62.86731448199998,3.311335282655447,-2.3769543787064946,1.511335273871423,-1.9769543787064947
62.88034165599993,3.308543041167096,-2.3779521442232623,1.508543032383072,-1.9779521442232624
62.90262408800004,3.3057504984973463,-2.3789490664836945,1.505750489713322,-1.9789490664836946
62.91661345700004,3.302957654900859,-2.3799451453968774,1.5029576461168348,-1.9799451453968775
62.93021318900014,3.3001645106323285,-2.3809403808719747,1.5001645018483043,-1.9809403808719748
62.944353271999944,3.297365542658765,-2.3819375190492775,1.497365533874741,-1.9819375190492776
62.95801119399994,3.2945665158599384,-2.3829354523537454,1.4945665070759142,-1.9829354523537455
62.98077808800008,3.2917677347481398,-2.383934074498983,1.4917677259641156,-1.983934074498983
62.995413249999956,3.2889691994928882,-2.3849333854245027,1.488969190708864,-1.9849333854245028
63.00941421300013,3.2861709102636927,-2.385933385069779,1.4861709014796685,-1.985933385069779
63.02373673400007,3.2833746510570294,-2.386932707170116,1.4833746422730052,-1.9869327071701162
63.03667531600013,3.2805782331871245,-2.387931250371058,1.4805782244031003,-1.9879312503710582
63.05898000000002,3.2777815501725187,-2.3889290507233745,1.4777815413884945,-1.9889290507233746
63.07366550300003,3.2749846022105435,-2.38992610815666,1.4749845934265193,-1.9899261081566602
63.08738967299996,3.2721873894985505,-2.390922422600564,1.4721873807145263,-1.9909224226005642
63.10101945099996,3.2693753692864362,-2.3919233717170574,1.469375360502412,-1.9919233717170575
63.11414429799993,3.2665624558342277,-2.3929242447046786,1.4665624470502034,-1.9929242447046787
63.13535966600011,3.2637494181070266,-2.3939247683537315,1.4637494093230023,-1.9939247683537316
63.150422413000115,3.260936256148218,-2.394924942648785,1.4609362473641936,-1.994924942648785
63.16464790700002,3.258122970001189,-2.395924767574413,1.4581229612171647,-1.995924767574413
63.178338347000135,3.2553198764521483,-2.3969204352122495,1.455319867668124,-1.9969204352122496
63.19193049199998,3.2525171049560373,-2.3979152802184367,1.452517096172013,-1.9979152802184368
63.21167335400014,3.2497141101831493,-2.3989094959640855,1.449714101399125,-1.9989094959640856
63.22627102399997,3.246910892274759,-2.39990308239909,1.446910883490735,-1.99990308239909
63.239415418000135,3.244107451372156,-2.4008960394733685,1.444107442588132,-2.0008960394733686
63.25300605999996,3.24130187707408,-2.4018896540822694,1.4413018682900558,-2.0018896540822695
63.26686404299994,3.2384963944986813,-2.402883879146759,1.438496385714657,-2.002883879146759
63.28841836700008,3.2356911149589727,-2.4038786769472296,1.4356911061749484,-2.0038786769472297
63.30359758600002,3.2328860385718774,-2.4048740474422154,1.4328860297878532,-2.0048740474422155
63.31786591900004,3.230081165454311,-2.4058699905902325,1.4300811566702867,-2.0058699905902326
63.332903263999924,3.2272778611230244,-2.40686603995847,1.4272778523390002,-2.00686603995847
63.34624860500003,3.224474844849968,-2.4078626730344976,1.4244748360659438,-2.0078626730344977
63.3656125760001,3.2216720452295418,-2.4088599152332413,1.4216720364455175,-2.0088599152332414
63.380682278999984,3.2188694623941037,-2.409857766507608,1.4188694536100794,-2.0098577665076083
63.39462413399997,3.216067096476024,-2.4108562268104707,1.4160670876919996,-2.010856226810471
63.40841618000013,3.213261238062869,-2.4118560472126056,1.413261229278845,-2.0118560472126057
63.42151746000013,3.2104550113433903,-2.4128554213018734,1.410455002559366,-2.0128554213018734
63.43962786499992,3.2076486016451464,-2.4138542814407344,1.4076485928611222,-2.0138542814407345
63.45474297800001,3.2048420090622622,-2.4148526275956907,1.404842000278238,-2.014852627595691
63.4684507720001,3.2020352336888727,-2.4158504597332535,1.4020352249048484,-2.0158504597332536
63.48249407399999,3.1992113018477624,-2.4168540972147436,1.3992112930637381,-2.0168540972147437
63.49600347299997,3.196386489632053,-2.417858103818801,1.3963864808480289,-2.017858103818801
63.5153799520001,3.1935616954155712,-2.4188621610629557,1.393561686631547,-2.018862161062956
63.53063388600003,3.190736919199223,-2.4198662689468873,1.390736910415199,-2.0198662689468874
63.543686853000054,3.18791216098392,-2.4208704274702706,1.3879121521998956,-2.0208704274702707
63.55763432899994,3.185152431365408,-2.421852403177115,1.3851524225813836,-2.0218524031771152
63.57133289700005,3.1823967408591405,-2.422834942296591,1.3823967320751163,-2.022834942296591
63.59265925599993,3.1796416843528696,-2.4238192577617164,1.3796416755688454,-2.0238192577617165
63.60617352999998,3.1768872629916447,-2.4248053491633956,1.3768872542076205,-2.0248053491633957
63.619892703000005,3.1741334779202535,-2.42579321609179,1.3741334691362292,-2.02579321609179
63.63265124600002,3.171348038105686,-2.426793084575819,1.371348029321662,-2.0267930845758193
63.646190915000034,3.1685597771853726,-2.4277929365060102,1.3685597684013484,-2.0277929365060103
63.667317968000134,3.165771188094611,-2.428791872802853,1.3657711793105867,-2.028791872802853
63.68234028400002,3.1629822711341338,-2.4297898933586177,1.3629822623501096,-2.029789893358618
63.695389101000046,3.1601930266046323,-2.430786998065703,1.360193017820608,-2.030786998065703
63.70954331200005,3.157458659882753,-2.431762726631305,1.3574586510987288,-2.031762726631305
63.72337097700006,3.154726369105432,-2.432735050293767,1.354726360321408,-2.032735050293767
63.74218923500007,3.1519932378720257,-2.4337050089822614,1.3519932290880015,-2.0337050089822615
63.75661283900013,3.1492592682295686,-2.4346726019703198,1.3492592594455444,-2.03467260197032
63.77125589599996,3.146524462225728,-2.4356378285332405,1.3465244534417036,-2.0356378285332406
63.785373027000105,3.1437426202748595,-2.436617613112888,1.3437426114908353,-2.036617613112888
63.79867719399999,3.1409555308738257,-2.437598009704367,1.3409555220898015,-2.037598009704367
63.81783954399998,3.1381680550500564,-2.4385773070738335,1.3381680462660321,-2.0385773070738336
63.832179219999944,3.1353801932370824,-2.4395555050689777,1.3353801844530582,-2.0395555050689778
63.84533532199998,3.132591945868496,-2.440532603537662,1.3325919370844719,-2.0405326035376623
63.85854108600006,3.1298110413804276,-2.441505792029893,1.3298110325964034,-2.041505792029893
63.871927439000046,3.127030089000958,-2.4424775325211923,1.327030080216934,-2.0424775325211924
63.897312177,3.124248680809503,-2.4434479675740493,1.324248672025479,-2.0434479675740493
63.91102071099999,3.121466817418866,-2.444417096974658,1.3214668086348416,-2.0444170969746582
63.92411286300012,3.118684499441941,-2.4453849205095004,1.318684490657917,-2.0453849205095005
63.9369929720001,3.1159060097410998,-2.4463498923572233,1.3159060009570756,-2.0463498923572234
63.95034472600014,3.113127253791345,-2.447313366112768,1.3131272450073206,-2.047313366112768
63.971842840000136,3.1103480059533215,-2.448275420040966,1.3103479971692973,-2.0482754200409663
63.98632716199995,3.1075682669525007,-2.449236053890689,1.3075682581684764,-2.0492360538906893
64.00006848900011,3.1047880375144836,-2.4501952674111833,1.3047880287304594,-2.0501952674111834
64.01352502600002,3.1019692514629265,-2.451167081475863,1.3019692426789022,-2.051167081475863
64.02663695499996,3.099147159346536,-2.4521404367231208,1.2991471505625116,-2.052140436723121
64.04813081800012,3.0963251918121775,-2.4531141531016405,1.2963251830281532,-2.0531141531016406
64.06307240000001,3.093503348906068,-2.4540882305954783,1.293503340122044,-2.0540882305954784
64.07727621899994,3.0906816306744145,-2.4550626691886834,1.2906816218903903,-2.0550626691886835
64.09130291099996,3.0878809737912354,-2.4560295852759237,1.2878809650072112,-2.056029585275924
64.10448037300011,3.085081109258245,-2.4569951892430226,1.2850811004742206,-2.0569951892430227
64.12771132900002,3.082280924314829,-2.4579598636476994,1.2822809155308048,-2.0579598636476994
64.14163461499993,3.079480419269606,-2.4589236083836354,1.2794804104855817,-2.0589236083836355
64.15578272700009,3.0766795944312246,-2.459886423344614,1.2766795856472004,-2.059886423344614
64.16945788399994,3.073864888599616,-2.4608537193003923,1.2738648798155918,-2.0608537193003924
64.18369593700004,3.071049648746097,-2.461821822868398,1.271049639962073,-2.061821822868398
64.20644645300013,3.06823460154174,-2.4627904864779513,1.2682345927577157,-2.0627904864779514
64.22167570800002,3.0654197470979576,-2.463759710090716,1.2654197383139334,-2.063759710090716
64.23600700600014,3.0626050855261497,-2.4647294936683335,1.2626050767421255,-2.0647294936683336
64.2502530480001,3.0598032632267116,-2.465695648914928,1.2598032544426874,-2.0656956489149283
64.2634648180001,3.0570024132959235,-2.46666247289802,1.2570024045118993,-2.0666624728980203
64.28572606000012,3.0542018733391814,-2.467630194397098,1.2542018645551571,-2.0676301943970983
64.3013447190001,3.051401643644091,-2.468598813312783,1.251401634860067,-2.068598813312783
64.31458398299992,3.0486017244982246,-2.4695683295456017,1.2486017157142004,-2.0695683295456018
64.32753979800009,3.0457785865832427,-2.4705463879981004,1.2457785777992185,-2.0705463879981005
64.34136122900009,3.0429523608698115,-2.4715252742535525,1.2429523520857872,-2.0715252742535526
64.3612010270001,3.040126058371008,-2.4725039387873124,1.2401260495869837,-2.0725039387873125
64.375792348,3.0372996791042333,-2.4734823815933638,1.237299670320209,-2.073482381593364
64.38940630399998,3.034473223086877,-2.4744606026656806,1.234473214302853,-2.0744606026656807
64.40369234900004,3.0316938270922913,-2.4754216513759797,1.231693818308267,-2.07542165137598
64.41690914500009,3.028916409234638,-2.4763803526946147,1.2289164004506137,-2.0763803526946147
64.43613563899999,3.0261384784913843,-2.4773375668608555,1.22613846970736,-2.0773375668608556
64.45112344900008,3.0233600356588193,-2.478293293600324,1.223360026874795,-2.078293293600324
64.46499143599999,3.0205810815333756,-2.4792475326390577,1.2205810727493513,-2.079247532639058
64.47857279300001,3.017814967320205,-2.4801955273384193,1.2178149585361806,-2.0801955273384194
64.49249228899998,3.015048929419092,-2.481141442138964,1.2150489206350679,-2.0811414421389642
64.51658150899993,3.012282263401087,-2.4820855182085184,1.2122822546170628,-2.0820855182085185
64.53238237000005,3.0095149704884925,-2.4830277551299917,1.2095149617044683,-2.083027755129992
64.54641490800009,3.006747051903884,-2.4839681524871082,1.20674704311986,-2.0839681524871083
64.55978700700007,3.0039594568180856,-2.484913427691735,1.2039594480340614,-2.084913427691735
64.57287718199996,3.0011703348875844,-2.4858577283920766,1.2011703261035602,-2.0858577283920767
64.59679086300002,2.9983807602157815,-2.4868006908018803,1.1983807514317573,-2.0868006908018804
64.61171405100004,2.995590733444823,-2.4877423147040805,1.1955907246607989,-2.0877423147040806
64.62469339500012,2.992800255216957,-2.4886825998819213,1.1928002464329326,-2.0886825998819214
64.63719843100012,2.989964532475029,-2.4896372617487152,1.1899645236910048,-2.0896372617487153
64.65092313900004,2.9871241902484846,-2.4905933936032247,1.1871241814644604,-2.090593393603225
64.67349107299992,2.984283822780721,-2.4915494504712243,1.1842838139966967,-2.0915494504712244
64.687832093,2.98144343007382,-2.4925054323520293,1.181443421289796,-2.0925054323520293
64.70319561800011,2.9786030121297546,-2.4934613392449783,1.1786030033457304,-2.0934613392449783
64.71646906299998,2.9757656530402548,-2.4944162504117053,1.1757656442562305,-2.0944162504117054
64.73000337600001,2.9729285075431284,-2.4953712654495326,1.1729284987591042,-2.0953712654495327
64.75011915699997,2.9700914152882585,-2.496326438644133,1.1700914065042343,-2.096326438644133
64.7646451380001,2.9672543762844557,-2.4972817699925294,1.1672543675004314,-2.0972817699925295
64.77799483000013,2.9644173905405395,-2.4982372594917606,1.1644173817565153,-2.0982372594917607
64.79142973100011,2.961646988104382,-2.4991694462556677,1.1616469793203577,-2.099169446255668
64.80532919699999,2.9588794545311896,-2.500098515581003,1.1588794457471654,-2.1000985155810032
64.82959634100007,2.95611127198112,-2.5010256494761456,1.1561112631970956,-2.1010256494761457
64.84384967699998,2.9533424418076857,-2.5019508474877705,1.1533424330236615,-2.1019508474877706
64.85762495099993,2.950572965364716,-2.502874109163497,1.1505729565806917,-2.1028741091634973
64.87141015700013,2.947751551696605,-2.5038132327674987,1.1477515429125809,-2.1038132327674988
64.88497995000012,2.9449242105998006,-2.504753774712429,1.1449242018157764,-2.104753774712429
64.90731783599995,2.942096703889188,-2.5056938186631568,1.1420966951051639,-2.105693818663157
64.92235564299995,2.9392690316524837,-2.506633364590518,1.1392690228684594,-2.106633364590518
64.93633811400014,2.936441193977406,-2.50757241246537,1.1364411851933818,-2.10757241246537
64.94978993600012,2.9336642674288207,-2.5084933264051608,1.1336642586447965,-2.108493326405161
64.96447085099999,2.9308894254593945,-2.509411489793141,1.1308894166753702,-2.1094114897931413
64.98661662500012,2.9281139698154792,-2.510327796472678,1.128113961031455,-2.110327796472678
65.00194356499992,2.925337901739438,-2.5112422460336092,1.1253378929554139,-2.1112422460336093
65.01646151,2.9225612224739073,-2.5121548380666057,1.122561213689883,-2.1121548380666058
65.03042462400003,2.9197571397787785,-2.51307586080692,1.1197571309947543,-2.1130758608069202
65.04468480200012,2.916951456657364,-2.513998656400374,1.1169514478733398,-2.113998656400374
65.07215588200006,2.9141461453150983,-2.51492258159108,1.114146136531074,-2.11492258159108
65.08915861500009,2.911341206206768,-2.51584763622926,1.1113411974227436,-2.11584763622926
65.10264594800014,2.908536639787099,-2.516773820164945,1.1085366310030749,-2.116773820164945
65.11606447999998,2.9057024524166684,-2.5177106359235437,1.1057024436326441,-2.117710635923544
65.12957822499993,2.902866103778861,-2.5186485110115053,1.1028660949948368,-2.1186485110115054
65.15009609499998,2.9000298576766386,-2.51958669613366,1.1000298488926143,-2.11958669613366
65.16510637900001,2.8971937141438886,-2.520525191278797,1.0971937053598644,-2.120525191278797
65.17926375699994,2.894357673214498,-2.521463996435702,1.094357664430474,-2.1214639964357023
65.19247283599998,2.8915786671527024,-2.522385015991036,1.0915786583686782,-2.122385015991036
65.20693725399997,2.8888032475741605,-2.5233068615175283,1.0888032387901363,-2.1233068615175283
65.22530430300003,2.8860284317113565,-2.5242305226779034,1.0860284229273323,-2.1242305226779035
65.23904171499998,2.883254220752044,-2.525155999076791,1.08325421196802,-2.125155999076791
65.25231088700002,2.8804806158837253,-2.5260832903180397,1.080480607099701,-2.1260832903180398
65.26698493200001,2.877657437917685,-2.527028070872839,1.0776574291336607,-2.1270280708728393
65.28093088800006,2.874828671085505,-2.52797425680476,1.0748286623014807,-2.12797425680476
65.30199031899997,2.871999763368842,-2.5289200214367566,1.0719997545848179,-2.1289200214367567
65.31790188200011,2.8691707148304286,-2.5298653647478573,1.0691707060464044,-2.1298653647478574
65.33203330100014,2.866341525533015,-2.5308102867170956,1.066341516748991,-2.1308102867170957
65.34650815700002,2.863514417507498,-2.5317540151605793,1.0635144087234736,-2.1317540151605794
65.35999459300001,2.8606872661781972,-2.5326972227713496,1.060687257394173,-2.1326972227713497
65.38045141800012,2.8578599541781826,-2.5336399486543772,1.0578599453941584,-2.1336399486543773
65.39574207800001,2.855032481589565,-2.5345821927822825,1.055032472805541,-2.1345821927822826
65.40942253499998,2.852204848494433,-2.5355239551277085,1.0522048397104087,-2.1355239551277085
65.42356786100004,2.8493964684019817,-2.536458509932305,1.0493964596179575,-2.136458509932305
65.43721631300014,2.846588780328617,-2.5373917192672173,1.0465887715445927,-2.1373917192672174
65.4596620960001,2.8437807585263264,-2.538323923932481,1.0437807497423022,-2.138323923932481
65.47485643599998,2.8409724033546095,-2.539255123808755,1.0409723945705853,-2.139255123808755
65.48817821500006,2.8381637151730073,-2.5401853187768184,1.038163706388983,-2.1401853187768185
65.50160319600013,2.83532198284684,-2.541125789539066,1.0353219740628157,-2.1411257895390663
65.51438309500008,2.832477623071604,-2.542067020524213,1.0324776142875798,-2.142067020524213
65.53650943499997,2.8296332310529975,-2.5430081540656952,1.0296332222689732,-2.1430081540656953
65.55138455299993,2.8267888067943736,-2.543949190162416,1.0267887980103494,-2.143949190162416
65.56604147200005,2.8239443502990595,-2.5448901288132637,1.0239443415150353,-2.144890128813264
65.57945907800013,2.8211192304541206,-2.5458249221524665,1.0211192216700964,-2.1458249221524666
65.59390925899993,2.8182953291303385,-2.54675999868928,1.0182953203463143,-2.14675999868928
65.61525086100005,2.815471632978117,-2.5476956946100295,1.0154716241940929,-2.1476956946100296
65.63016575899996,2.8126481421333143,-2.5486320098696975,1.01264813334929,-2.1486320098696976
65.64313777699999,2.809824856731773,-2.5495689444232323,1.0098248479477487,-2.1495689444232324
65.65664004500013,2.806995420708815,-2.550508071686512,1.0069954119247908,-2.150508071686512
65.67079554199995,2.8041655089985524,-2.5514468563724924,1.0041655002145282,-2.1514468563724924
65.69269343600013,2.8013354473172494,-2.5523851888586195,1.0013354385332252,-2.1523851888586196
65.70699535500012,2.798505235737161,-2.5533230691209354,0.9985052269531367,-2.1533230691209355
65.72042207799996,2.7956748743305497,-2.5542604971354947,0.9956748655465255,-2.154260497135495
65.73369235600012,2.792829905705177,-2.555202514979583,0.9928298969211526,-2.155202514979583
65.7471115620001,2.789984190905032,-2.556144842722414,0.9899841821210076,-2.156144842722414
65.76936587599994,2.787138495067617,-2.5570872277284944,0.9871384862835926,-2.1570872277284945
65.78543538100007,2.784292818194109,-2.558029669997444,0.9842928094100849,-2.158029669997444
65.79976156800012,2.7814471602856483,-2.5589721695288734,0.9814471515016241,-2.1589721695288735
65.81279775899998,2.7786161981999093,-2.559909606943366,0.9786161894158851,-2.159909606943366
65.82934124899998,2.7757858611458914,-2.560846329555139,0.9757858523618672,-2.160846329555139
65.85081085599995,2.7729553724637106,-2.5617825938932612,0.9729553636796864,-2.1617825938932613
65.86496831,2.770124732227575,-2.5627183999331846,0.9701247234435508,-2.1627183999331847
65.87955372600004,2.7672939405116885,-2.563653747650383,0.9672939317276643,-2.163653747650383
65.89318056799993,2.7644818280767587,-2.5645821629266803,0.9644818192927345,-2.1645821629266804
65.90687670700004,2.761670392235495,-2.5655092843181793,0.9616703834514706,-2.1655092843181794
65.92702639699996,2.7588586380429834,-2.5664354397722002,0.9588586292589591,-2.1664354397722003
65.94167126699995,2.756046565831095,-2.5673606291794284,0.9560465570470706,-2.1673606291794285
65.955034393,2.753234175931739,-2.5682848524306623,0.9532341671477147,-2.1682848524306624
65.96842075300015,2.7504119101531557,-2.5692113768866807,0.9504119013691315,-2.1692113768866808
65.98164274100009,2.7475889063011323,-2.5701373572043473,0.9475888975171081,-2.1701373572043474
66.00475828000003,2.7447656697401897,-2.571062627769213,0.9447656609561654,-2.171062627769213
66.02065096599995,2.741942200648778,-2.5719871885227947,0.9419421918647537,-2.171987188522795
66.03501960400013,2.7391184992053454,-2.572911039406658,0.9391184904213212,-2.172911039406658
66.05000112099992,2.736286081004879,-2.573837069593824,0.9362860722208548,-2.1738370695938243
66.06347068200012,2.733453057292106,-2.574762765515329,0.9334530485080819,-2.174762765515329
66.08435002700003,2.7306198765800116,-2.5756879808139637,0.9306198677959874,-2.1756879808139638
66.0985954790001,2.727786538950129,-2.5766127154631056,0.9277865301661048,-2.1766127154631056
66.11285730899999,2.7249530444840038,-2.577536969436135,0.9249530356999796,-2.1775369694361353
66.126081226,2.7221433797314534,-2.57845259925765,0.9221433709474292,-2.1784525992576502
66.13994847899994,2.719334616157163,-2.5793666911408155,0.9193346073731388,-2.1793666911408156
66.16069789099993,2.7165254865142843,-2.5802796574253075,0.91652547773026,-2.1802796574253076
66.17544337000004,2.7137159912538933,-2.5811914979645287,0.9137159824698691,-2.181191497964529
66.18872569199993,2.7109061308271283,-2.58210221261206,0.9109061220431041,-2.18210221261206
66.20194354,2.708069144977409,-2.5830208337695466,0.9080691361933846,-2.1830208337695467
66.21571412899993,2.7052301033860005,-2.583939685625178,0.9052300946019762,-2.183939685625178
66.238866271,2.7023909346610524,-2.5848581445745165,0.9023909258770282,-2.1848581445745165
66.2536137940001,2.6995516388569416,-2.585776210599972,0.8995516300729174,-2.1857762105999723
66.26722604199995,2.6967122160280432,-2.586693883683962,0.896712207244019,-2.186693883683962
66.28165528299996,2.693973959641375,-2.587577115232139,0.8939739508573508,-2.187577115232139
66.29458025600002,2.6912400762528375,-2.5884555781435927,0.8912400674688132,-2.188455578143593
66.31525424300003,2.688505216646701,-2.5893309971310408,0.888505207862677,-2.189330997131041
66.33122970399995,2.6857693842120804,-2.590203371109641,0.8857693754280562,-2.190203371109641
66.3454472630001,2.683032582339305,-2.591072698998318,0.8830325735552809,-2.191072698998318
66.35971726599996,2.6802258831604804,-2.5919617969723157,0.8802258743764562,-2.1919617969723157
66.37537318399995,2.677408475755954,-2.5928530779527437,0.8774084669719298,-2.1928530779527438
66.39487852899993,2.6745907211506736,-2.59374326066072,0.8745907123666494,-2.19374326066072
66.4091255400001,2.671772619772766,-2.59463234496099,0.8717726109887416,-2.19463234496099
66.42293337599995,2.6689541720504057,-2.5955203307184687,0.8689541632663815,-2.1955203307184687
66.43668354500005,2.6661256327765086,-2.5964104152675644,0.8661256239924844,-2.1964104152675645
66.45071711000014,2.6632963149313102,-2.5972998234997835,0.863296306147286,-2.1972998234997836
66.47180798199997,2.660466733741564,-2.598188393566424,0.8604667249575397,-2.198188393566424
66.48674371600009,2.6576368894555706,-2.5990761253895114,0.8576368806715464,-2.1990761253895115
66.50023831800013,2.6548067823216535,-2.5999630188911467,0.8548067735376292,-2.1999630188911468
66.51371121700004,2.651973316585088,-2.6008500848925338,0.8519733078010636,-2.200850084892534
66.52770867200002,2.64913945091623,-2.601736446769121,0.8491394421322058,-2.201736446769121
66.54811981800003,2.6463053491151163,-2.602622053333182,0.8463053403310921,-2.202622053333182
66.56503744299994,2.643471011383056,-2.603506904521811,0.843471002599032,-2.203506904521811
66.57885301400006,2.640636437921383,-2.6043910002721535,0.8406364291373587,-2.2043910002721536
66.5927795120001,2.637779169196516,-2.6052817845058143,0.8377791604124918,-2.2052817845058144
66.60726726500002,2.6349204944789606,-2.6061731574255536,0.8349204856949364,-2.2061731574255536
66.62828818699995,2.6320618628512995,-2.6070646685248557,0.8320618540672753,-2.207064668524856
66.64232090500013,2.6292032743202163,-2.607956317801634,0.8292032655361921,-2.207956317801634
66.65622332900011,2.6263447288923896,-2.6088481052538226,0.8263447201083653,-2.2088481052538227
66.67056318499999,2.6235082997339902,-2.6097334385058613,0.823508290949966,-2.2097334385058613
66.68407916699994,2.6206732565224393,-2.610619142753947,0.8206732477384151,-2.210619142753947
66.70528492099993,2.6178384423420926,-2.611505579773331,0.8178384335580684,-2.211505579773331
66.71980975399993,2.6150038573823458,-2.612392749504787,0.8150038485983215,-2.212392749504787
66.7330803960001,2.6121695018325823,-2.6132806518890432,0.8121694930485581,-2.2132806518890433
66.7463532490001,2.609316555214053,-2.614174710082296,0.8093165464300289,-2.214174710082296
66.75959695400002,2.6064625219853146,-2.6150688608270696,0.8064625132012904,-2.2150688608270697
66.78128593800011,2.603608417635987,-2.6159627845309075,0.8036084088519628,-2.2159627845309076
66.79574188300012,2.6007542421841308,-2.6168564811881447,0.8007542334001065,-2.216856481188145
66.80890589499995,2.597899995647809,-2.617749950793132,0.7978999868637848,-2.217749950793132
66.82188249199999,2.5951274990125857,-2.618618874360612,0.7951274902285614,-2.218618874360612
66.83505125800002,2.592360033916083,-2.6194888282044095,0.7923600251320588,-2.2194888282044096
66.86239319700007,2.589593316411946,-2.620361156699317,0.7895933076279216,-2.220361156699317
66.877031967,2.5868273485377737,-2.6212358592028915,0.7868273397537495,-2.2212358592028916
66.89083987999993,2.5840621323306023,-2.622112935070947,0.7840621235465781,-2.222112935070947
66.90399886499995,2.58124020907036,-2.6230098434077336,0.7812402002863357,-2.2230098434077337
66.9172763250001,2.5784113719283277,-2.623909799753725,0.7784113631443035,-2.223909799753725
66.94021923000014,2.575582780252649,-2.624810527311377,0.7755827714686248,-2.224810527311377
66.95621091199996,2.572754434253576,-2.625712026013735,0.7727544254695518,-2.2257120260137353
66.97204607000003,2.5699263341413405,-2.6266142957937944,0.7699263253573163,-2.2266142957937944
66.98629163300006,2.5671196194226926,-2.6275108672050824,0.7671196106386684,-2.2275108672050825
67.00045428599992,2.564314438219847,-2.628408414728305,0.7643144294358228,-2.228408414728305
67.02252337599998,2.5615096830395645,-2.6293072926487824,0.7615096742555403,-2.2293072926487825
67.03732207799999,2.5587053545128056,-2.630207500764303,0.7587053457287813,-2.230207500764303
67.05124294000007,2.5559014532704336,-2.6311090388723537,0.7559014444864094,-2.231109038872354
67.06493962500008,2.5530653485819688,-2.6320219652186516,0.7530653397979445,-2.2320219652186517
67.07777697899996,2.5502268323865165,-2.6329361548660204,0.7502268236024923,-2.2329361548660205
67.09787942999992,2.547388458051142,-2.633850784865258,0.7473884492671179,-2.233850784865258
67.112599305,2.5445502256441657,-2.6347658551943494,0.7445502168601414,-2.2347658551943494
67.12625728400008,2.5417121352338934,-2.6356813658312714,0.7417121264498692,-2.2356813658312715
67.13940964900007,2.5388920206558305,-2.636590882212479,0.7388920118718063,-2.236590882212479
67.15227255700006,2.5360725576385805,-2.63749916932984,0.7360725488545563,-2.23749916932984
67.17011117700008,2.533252796857303,-2.6384065316221785,0.7332527880732786,-2.2384065316221786
67.18367136999996,2.5304327386153482,-2.6393129689918755,0.730432729831324,-2.2393129689918756
67.19799958399994,2.527612383216108,-2.640218481341416,0.7276123744320839,-2.240218481341416
67.21195260500008,2.524821623193372,-2.6411130833224106,0.724821614409348,-2.2411130833224107
67.22579602299993,2.522031893010656,-2.6420054626719995,0.7220318842266316,-2.2420054626719996
67.24613355800011,2.5192416141065612,-2.6428961248039538,0.719241605322537,-2.242896124803954
67.26104280599998,2.5164507875381186,-2.643785069380866,0.7164507787540944,-2.2437850693808663
67.27499904599995,2.513659414362574,-2.644672296065981,0.7136594055785499,-2.244672296065981
67.28877054200007,2.510816512821505,-2.6455749818405634,0.7108165040374808,-2.2455749818405635
67.30220624699996,2.5079680153524406,-2.6464797475715023,0.7079680065684164,-2.2464797475715024
67.3257781960001,2.505119606226621,-2.6473847913888306,0.7051195974425968,-2.2473847913888307
67.34005356700004,2.502271285471198,-2.648290113283918,0.7022712766871739,-2.248290113283918
67.35369360899995,2.4994230531133703,-2.6491957132481168,0.6994230443293461,-2.249195713248117
67.36756657199999,2.496631539900349,-2.6500825536541677,0.6966315311163249,-2.2500825536541678
67.38134964799997,2.493842455005862,-2.6509666517589645,0.693842446221838,-2.2509666517589646
67.40192333000005,2.4910528025704974,-2.651848957430157,0.6910527937864732,-2.2518489574301572
67.41679907000002,2.4882625837461774,-2.6527294703034148,0.6882625749621532,-2.252729470303415
67.43028170899993,2.485471799685065,-2.653608190015151,0.6854717909010406,-2.253608190015151
67.44406485800005,2.482622995476635,-2.6545039998774507,0.6826229866926108,-2.2545039998774508
67.4568635390001,2.479766875786221,-2.6554019433890432,0.6797668670021968,-2.2554019433890433
67.4777902830001,2.4769107089988993,-2.6562997370841375,0.6769107002148751,-2.2562997370841376
67.49294586399992,2.4740544951225254,-2.657197380960275,0.6740544863385012,-2.257197380960275
67.50576147100014,2.471198234164956,-2.658094875014982,0.6711982253809319,-2.258094875014982
67.5186870760001,2.4683365500327406,-2.6589939838256984,0.6683365412487163,-2.2589939838256985
67.53199726799994,2.4654745825065,-2.659893184104188,0.6654745737224756,-2.2598931841041883
67.55249948999995,2.4626126157344963,-2.6607923867834815,0.6626126069504721,-2.2607923867834816
67.56665269299992,2.459750649716862,-2.6616915918635353,0.659750640932838,-2.2616915918635354
67.57993254000007,2.456888684453533,-2.6625907993443705,0.6568886756695089,-2.2625907993443706
67.59363796299999,2.4540524477851204,-2.663482270190808,0.6540524390010962,-2.263482270190808
67.6072637530001,2.451217778965982,-2.6643740134768543,0.6512177701819579,-2.2643740134768544
67.62604161900003,2.4483833295292947,-2.6652664538352364,0.6483833207452705,-2.2652664538352365
67.64018956400014,2.445549099646476,-2.6661595912119815,0.6455490908624519,-2.2661595912119816
67.65342707100012,2.4427150894889285,-2.667053425553079,0.6427150807049042,-2.267053425553079
67.66647703900003,2.439872595215841,-2.667950587412049,0.6398725864318167,-2.267950587412049
67.67942210000001,2.437029790954623,-2.6688483568756163,0.6370297821705988,-2.2688483568756164
67.70212232199992,2.4341871330434097,-2.6697465896278176,0.6341871242593855,-2.2697465896278177
67.71660184300003,2.4313446215577033,-2.6706452856447958,0.631344612773679,-2.270645285644796
67.72953526200013,2.4285022565730032,-2.671544444902685,0.628502247788979,-2.271544444902685
67.743109,2.4257068034564275,-2.6724298831368047,0.6257067946724033,-2.272429883136805
67.75630668100007,2.4229143409422695,-2.6733162440154072,0.6229143321582453,-2.2733162440154073
67.78040450200001,2.420122418529021,-2.674204304676902,0.6201224097449967,-2.274204304676902
67.7965019180001,2.4173310372513495,-2.6750940647921797,0.6173310284673252,-2.27509406479218
67.81016821200001,2.4145401981437167,-2.675985524031503,0.6145401893596925,-2.275985524031503
67.82363620900014,2.4117314537834846,-2.6768843413681394,0.6117314449994604,-2.2768843413681394
67.83686045600007,2.408922115070183,-2.677784689265435,0.608922106286159,-2.277784689265435
67.85704959500003,2.4061131660953587,-2.6786862523519965,0.6061131573113345,-2.2786862523519966
67.871084914,2.4033046073846447,-2.6795890304591166,0.6033045986006205,-2.2795890304591166
67.88539847400011,2.400496439463603,-2.6804930234178586,0.6004964306795786,-2.2804930234178586
67.89892769800008,2.3976649428597634,-2.6814055548217772,0.5976649340757392,-2.2814055548217773
67.91313125500005,2.3948320644327405,-2.6823191676821714,0.5948320556487163,-2.2823191676821715
67.9316747580001,2.3919993716892076,-2.6832333560991426,0.5919993629051834,-2.2832333560991427
67.94557016700014,2.3891668647461057,-2.684148120034949,0.5891668559620815,-2.284148120034949
67.95806202900008,2.386334543720358,-2.6850634594518286,0.5863345349363336,-2.2850634594518286
67.97183032399994,2.3834875997622467,-2.6859837868925034,0.5834875909782224,-2.2859837868925035
67.98458422099998,2.3806398251728518,-2.6869041881321523,0.5806398163888276,-2.2869041881321523
68.00650319900001,2.377791993298149,-2.6878244121089065,0.5777919845141246,-2.2878244121089066
68.02009633600005,2.374944104149177,-2.688744458819205,0.5749440953651528,-2.288744458819205
68.03401418099997,2.372096157736967,-2.6896643282594805,0.5720961489529428,-2.2896643282594806
68.0477030720001,2.3693128424023246,-2.6905622687253086,0.5693128336183004,-2.2905622687253087
68.06209567299993,2.36653233213439,-2.691457203619719,0.5665323233503659,-2.291457203619719
68.08300825600008,2.363751209660458,-2.6923502341904846,0.5637512008764338,-2.2923502341904847
68.09767947800015,2.360969476284769,-2.6932413600188037,0.5609694675007446,-2.2932413600188037
68.11099767600012,2.358187133311845,-2.6941305806867777,0.5581871245278209,-2.2941305806867778
68.12461573900009,2.3553697545849017,-2.695029347955585,0.5553697458008775,-2.295029347955585
68.13753764400008,2.352549283519151,-2.6959280286717333,0.5525492747351268,-2.2959280286717334
68.15838244199995,2.3497285025049908,-2.696825736047479,0.5497284937209665,-2.296825736047479
68.173384145,2.346907411878318,-2.697722469975922,0.5469074030942938,-2.297722469975922
68.18747575499992,2.344086011975071,-2.6986182303502786,0.5440860031910468,-2.2986182303502787
68.19998502099997,2.3412646619902366,-2.699512898439369,0.5412646532062124,-2.299512898439369
68.21367512000006,2.3384430193259576,-2.7004065771596877,0.5384430105419333,-2.3004065771596878
68.24014104599996,2.3356210653616007,-2.701299272406159,0.5356210565775765,-2.301299272406159
68.25544989600007,2.332798800439954,-2.702190984070348,0.5327987916559296,-2.3021909840703483
68.26836738800012,2.329976224903835,-2.7030817120439377,0.5299762161198107,-2.3030817120439377
68.28192736699998,2.327135616773902,-2.703977281829926,0.5271356079898777,-2.3039772818299262
68.30165839000006,2.324293912397287,-2.70487263949185,0.5242939036132628,-2.30487263949185
68.32098001999998,2.3214520483771595,-2.705767490316264,0.5214520395931352,-2.305767490316264
68.3366379250001,2.3186100248039208,-2.706661834274701,0.5186100160198965,-2.306661834274701
68.35048215200004,2.3157678417679715,-2.7075556713387163,0.5157678329839472,-2.3075556713387164
68.36385737799992,2.312946157155253,-2.70844223164356,0.5129461483712288,-2.30844223164356
68.37756648300001,2.31012523055889,-2.709327387071739,0.5101252217748657,-2.3093273870717392
68.397930653,2.3073039707637206,-2.7102114799188293,0.5073039619796964,-2.3102114799188294
68.41314059900014,2.3044823781700003,-2.711094510059401,0.5044823693859761,-2.311094510059401
68.42674626100006,2.301660453178024,-2.711976477368182,0.5016604443939998,-2.311976477368182
68.44086204099995,2.2988640672275475,-2.712850686827514,0.49886405844352333,-2.312850686827514
68.45568188400011,2.2960695634857204,-2.7137262071868857,0.4960695547016962,-2.313726207186886
68.47359861600012,2.29327560323293,-2.7146034603821545,0.49327559444890556,-2.3146034603821546
68.48860944800003,2.2904821875436885,-2.7154824460759435,0.49048217875966427,-2.3154824460759436
68.50339457900009,2.287689317492297,-2.71636316393021,0.487689308708273,-2.3163631639302102
68.51682452699993,2.2848579379864193,-2.7172567519547863,0.4848579292023951,-2.3172567519547864
68.530626708,2.2820228814694845,-2.71815076599062,0.4820228726854603,-2.31815076599062
68.55628715900002,2.2791876133275726,-2.7190441086538204,0.47918760454354836,-2.3190441086538205
68.57213964099992,2.276352133719665,-2.7199367798942986,0.4763521249356406,-2.3199367798942987
68.58574071399994,2.2735164428047616,-2.7208287796619914,0.4735164340207374,-2.3208287796619915
68.598669643,2.27067112009552,-2.721723196379357,0.47067111131149564,-2.321723196379357
68.61201680099998,2.2678251686548823,-2.7226173527328443,0.46782515987085804,-2.3226173527328444
68.63095571200006,2.2649790863710204,-2.7235110925274357,0.4649790775869962,-2.323511092527436
68.64484744800006,2.2621328733049064,-2.7244044157439884,0.4621328645208822,-2.3244044157439885
68.65991693699993,2.259286529517515,-2.7252973223633647,0.45928652073349086,-2.325297322363365
68.67322562899994,2.256471159015357,-2.7261808799548666,0.456471150231333,-2.3261808799548667
68.68657760399992,2.2536578026936804,-2.7270651681365057,0.4536577939096562,-2.3270651681365058
68.70600014499996,2.2508448370616945,-2.727950698335973,0.45084482827767025,-2.327950698335973
68.72044118400004,2.2480322626677154,-2.7288374703806557,0.44803225388369117,-2.328837470380656
68.73491403399998,2.245220080059981,-2.7297254840977003,0.44522007127595686,-2.3297254840977004
68.74868067700004,2.2423961709389597,-2.7306184102114126,0.4423961621549355,-2.3306184102114127
68.76220848799994,2.2395719178222504,-2.731512458279358,0.4395719090382262,-2.331512458279358
68.78176503200007,2.2367479563086285,-2.7324074269852945,0.43674794752460433,-2.3324074269852946
68.79583606999995,2.2339242866981976,-2.7333033162341165,0.43392427791417343,-2.3333033162341166
68.80961686,2.2311009092910314,-2.7342001259306166,0.4311009005070072,-2.3342001259306167
68.8238254580001,2.228276798754488,-2.7350981684112927,0.4282767899704638,-2.335098168411293
68.83818508600007,2.2254529185726577,-2.735997121007665,0.4254529097886335,-2.335997121007665
68.8630112410001,2.222629322791737,-2.736896966504305,0.42262931400771264,-2.336896966504305
68.8775929200001,2.2198060116940597,-2.737797704811238,0.41980600291003545,-2.337797704811238
68.89137969300009,2.2169829855619243,-2.7386993358384,0.4169829767779001,-2.3386993358384003
68.90455034000001,2.214163751178649,-2.7396007852285593,0.41416374239462495,-2.3396007852285594
68.91837619700004,2.2113450159616344,-2.740503161421709,0.41134500717761013,-2.340503161421709
68.94009683500008,2.2085265964475185,-2.74140652317652,0.40852658766349426,-2.34140652317652
68.95509759900006,2.2057084929809005,-2.7423108703825427,0.40570848419687633,-2.342310870382543
68.96815643500008,2.202890705906342,-2.7432162029292066,0.4028906971223176,-2.3432162029292067
68.9815049660001,2.200042306149127,-2.7441320417964543,0.400042297365103,-2.3441320417964544
68.99480347100007,2.1971915853284503,-2.745048778072261,0.39719157654442605,-2.345048778072261
69.02146578299994,2.194340908229541,-2.7459656502959486,0.39434089944551665,-2.3459656502959487
69.03519624399996,2.19149027485888,-2.746882658465432,0.3914902660748558,-2.346882658465432
69.04874225399999,2.1886396852229533,-2.747799802578627,0.38863967643892905,-2.3477998025786273
69.06177934700008,2.1857920378754137,-2.7487159745770144,0.38579202909138943,-2.3487159745770145
69.07520013199996,2.1829444763381565,-2.749631880771427,0.38294446755413225,-2.349631880771427
69.09689165000009,2.1800968452392095,-2.750547570669608,0.3800968364551853,-2.350547570669608
69.11107119100006,2.1772491445950024,-2.751463044266279,0.3772491358109782,-2.351463044266279
69.12366232599993,2.1744013744219313,-2.7523783015561696,0.37440136563790705,-2.3523783015561697
69.13715323199995,2.1715549990923617,-2.753293106248739,0.3715549903083375,-2.353293106248739
69.14978653799994,2.168708778787199,-2.754208141012432,0.3687087700031746,-2.3542081410124323
69.17204419299992,2.16586264023841,-2.755123430040776,0.3658626314543858,-2.355123430040776
69.18586301899995,2.1630165834687176,-2.7560389733264716,0.3630165746846934,-2.3560389733264717
69.19947802399997,2.1601706085008314,-2.7569547708622104,0.3601705997168072,-2.3569547708622105
69.2129588570001,2.157325560132768,-2.757870562143236,0.35732555134874366,-2.357870562143236
69.22676220900007,2.1544806452524106,-2.758786616240264,0.35448063646838635,-2.358786616240264
69.24678302000007,2.151635819608872,-2.7597029474265873,0.35163581082484785,-2.3597029474265874
69.26205390299992,2.1487910832291384,-2.7606195556935167,0.34879107444511415,-2.360619555693517
69.27566524500003,2.145946436140203,-2.7615364410323493,0.34594642735617875,-2.3615364410323494
69.28978724300009,2.143141958021824,-2.7624398691971512,0.34314194923779984,-2.3624398691971513
69.30279672000006,2.14033916605302,-2.7633412593192443,0.340339157268996,-2.3633412593192444
69.32390575099998,2.1375359382791546,-2.764241293218842,0.33753592949513034,-2.364241293218842
69.33789790300011,2.1347322753564795,-2.765139970685239,0.33473226657245525,-2.365139970685239
69.35152739399996,2.131928177941349,-2.7660372915080487,0.3319281691573248,-2.3660372915080488
69.36421993299996,2.129123274010869,-2.7669347143851684,0.32912326522684476,-2.3669347143851684
69.37831245000007,2.126318756929208,-2.7678334833101648,0.3263187481451839,-2.367833483310165
69.39915291400007,2.123514668477607,-2.768733588635912,0.32351465969358295,-2.368733588635912
69.41374456099993,2.1207110092928794,-2.7696350301579944,0.32071100050885515,-2.3696350301579945
69.426585252,2.117907780011747,-2.770537807671694,0.31790777122772274,-2.370537807671694
69.43917740400002,2.115092862536102,-2.7714456680242936,0.31509285375207763,-2.3714456680242937
69.45197082899995,2.1122776376619425,-2.7723547494920022,0.3122776288779183,-2.3723547494920023
69.47499175899998,2.109462741005206,-2.7732648467499392,0.3094627322211816,-2.3732648467499393
69.48929096899997,2.1066481729324056,-2.774175959679607,0.30664816414838136,-2.374175959679607
69.50219970100011,2.103833933810024,-2.77508808816237,0.3038339250259996,-2.37508808816237
69.51614843700008,2.1010656795847056,-2.7759848102931066,0.30106567080068136,-2.3759848102931067
69.52866344500012,2.098299135749974,-2.776878527109679,0.2982991269659496,-2.376878527109679
69.55129042499993,2.095531874931207,-2.777770021416229,0.29553186614718263,-2.377770021416229
69.56540887400001,2.0927638989138604,-2.7786592926375535,0.29276389012983617,-2.3786592926375536
69.57848089799995,2.0899952094838525,-2.779546340199892,0.2899952006998283,-2.379546340199892
69.59229460799997,2.0871842014740167,-2.780446116711441,0.2871841926899925,-2.380446116711441
69.60570375499992,2.0843694728410473,-2.781348268511439,0.2843694640570231,-2.381348268511439
69.62872466700014,2.0815550902350632,-2.782251499209961,0.281555081451039,-2.382251499209961
69.64238116499996,2.0787410540696336,-2.783155808674284,0.2787410452856094,-2.383155808674284
69.65531856799998,2.075927364758253,-2.784061196771528,0.2759273559742288,-2.384061196771528
69.66803736399993,2.0730767416322524,-2.784979154202718,0.2730767328482282,-2.384979154202718
69.68152373099997,2.0702229407888253,-2.7858981872898676,0.2702229320048011,-2.3858981872898677
69.70408423799995,2.0673691548168924,-2.786817266555016,0.2673691460328682,-2.386817266555016
69.71871496099993,2.0645153837172017,-2.7877363919979197,0.26451537493317745,-2.3877363919979198
69.73228882300009,2.0616616274905013,-2.7886555636183377,0.2616616187064771,-2.3886555636183378
69.74577034699996,2.0588109436046507,-2.789573838015001,0.25881093482062645,-2.389573838015001
69.75905670299994,2.0559604616305935,-2.7904921900056743,0.2559604528465693,-2.3904921900056744
69.78064022700005,2.0531100213244846,-2.791410671319873,0.2531100125404604,-2.391410671319873
69.79541157099993,2.050259622692199,-2.792329281955715,0.25025961390817497,-2.392329281955715
69.80845850900005,2.0474092657396055,-2.793248021911307,0.24740925695558125,-2.3932480219113073
69.82174446499994,2.044569672662106,-2.7941635793866646,0.24456966387808188,-2.3941635793866647
69.83492228099999,2.0417307768384623,-2.7950793747259484,0.24173076805443805,-2.3950793747259485
69.85664729199993,2.0388920163433104,-2.7959955894672848,0.2388920075592862,-2.395995589467285
69.87084306800011,2.036053391238624,-2.796912223590672,0.23605338245459984,-2.396912223590672
69.88390359699997,2.03321490158639,-2.7978292770760937,0.23321489280236585,-2.397829277076094
69.89746703600008,2.0303703955390975,-2.7987486551828322,0.23037038675507326,-2.3987486551828323
69.91104723000012,2.027525648885571,-2.7996683908781645,0.22752564010154663,-2.3996683908781646
69.93457716900002,2.0246809840901783,-2.800588379722601,0.22468097530615405,-2.4005883797226013
69.9490959530001,2.021836401175451,-2.8015086217088503,0.22183639239142683,-2.4015086217088504
69.96248480899999,2.0189919001639147,-2.802429116829629,0.2189918913798905,-2.4024291168296292
69.97517565199996,2.016190793736243,-2.803335013498928,0.21619078495221866,-2.403335013498928
69.98862492900003,2.0133915222062098,-2.804238752169275,0.21339151342218554,-2.404238752169275
70.01143066999998,2.0105917931629693,-2.805141072493532,0.2105917843789451,-2.405141072493532
70.02542652500006,2.0077916073251743,-2.8060419742400846,0.20779159854115004,-2.4060419742400847
70.03872505699997,2.0049909654115936,-2.8069414571776825,0.2049909566275694,-2.4069414571776826
70.05205681300004,2.0021411349588,-2.8078558451895708,0.20214112617477586,-2.407855845189571
70.0659371700001,1.9992860172196463,-2.8087718860600233,0.19928600843562205,-2.4087718860600233
70.086923136,1.996430887341774,-2.80968788909563,0.19643087855774977,-2.40968788909563
70.10164037200002,1.993575745325682,-2.8106038542962324,0.19357573654165772,-2.4106038542962325
70.11470534099999,1.9907205911718717,-2.8115197816616697,0.1907205823878475,-2.41151978166167
70.127707396,1.9878858760975442,-2.8124288333884064,0.18788586731351997,-2.4124288333884065
70.1406487270001,1.9850520511393803,-2.8133369441852336,0.1850520423553561,-2.4133369441852337
70.16177249900011,1.9822180355756291,-2.8142444599686978,0.18221802679160493,-2.414244459968698
70.17621066400011,1.979383829531225,-2.8151513806987976,0.17938382074720072,-2.4151513806987976
70.18971306599997,1.9765494331311075,-2.8160577063355503,0.17654942434708332,-2.4160577063355504
70.20308163899995,1.9737239174803973,-2.816960415926421,0.1737239086963731,-2.4169604159264213
70.21602273100007,1.970898613108097,-2.817862133058843,0.17089860432407278,-2.417862133058843
70.23883856900011,1.9680730408920062,-2.8187630105392447,0.16807303210798197,-2.418763010539245
70.25348610700007,1.9652472010816608,-2.819663048288069,0.16524719229763662,-2.419663048288069
70.26672728800008,1.9624210939266191,-2.820562246225827,0.1624210851425949,-2.420562246225827
70.2815148740001,1.9596135360697609,-2.821454371544118,0.15961352728573663,-2.421454371544118
70.29466263400013,1.9568065465755755,-2.822344839744414,0.1568065377915513,-2.4223448397444143
70.31802129900007,1.9539991317647352,-2.823233966122427,0.15399912298071095,-2.423233966122427
70.33313726300003,1.951191292278669,-2.824121750475011,0.15119128349464472,-2.424121750475011
70.34645669099996,1.9483830287589046,-2.8250081925993284,0.14838301997488035,-2.4250081925993285
70.36030358700009,1.945572659880997,-2.8258951278603415,0.14557265109697282,-2.4258951278603416
70.37474607800004,1.9427625885504403,-2.8267833819766466,0.14276257976641604,-2.4267833819766467
70.39486361100012,1.9399529246219256,-2.8276729239187266,0.13995291583790137,-2.4276729239187267
70.40982567200012,1.9371436686856442,-2.8285637534997274,0.13714365990162003,-2.4285637534997275
70.42321024000012,1.9343348213317075,-2.8294558705325237,0.1343348125476833,-2.4294558705325238
70.43633606999992,1.9315060149317278,-2.83035547976795,0.13150600614770358,-2.4303554797679503
70.450075642,1.928676249904149,-2.8312562138024613,0.12867624112012477,-2.4312562138024614
70.47129599899995,1.9258467218043487,-2.8321576918358407,0.12584671302032446,-2.4321576918358407
70.48611908499993,1.9230174308279369,-2.833059913805771,0.12301742204391264,-2.433059913805771
70.49955379800008,1.920188377170509,-2.8339628796498775,0.12018836838648483,-2.4339628796498776
70.51329108799996,1.9173607820912344,-2.834866215588784,0.11736077330721018,-2.434866215588784
70.52780052000003,1.9145334991557987,-2.8357703073890255,0.11453349037177452,-2.4357703073890256
70.54757219800013,1.91170646457126,-2.8366751754667536,0.11170645578723581,-2.4366751754667537
70.56206640200003,1.9088796785507587,-2.8375808197537498,0.10887966976673447,-2.43758081975375
70.57613729100012,1.9060531413074169,-2.838487240181735,0.10605313252339266,-2.4384872401817352
70.58885470099995,1.9032679224987057,-2.839381796717229,0.10326791371468147,-2.439381796717229
70.60258639099993,1.9004854530093365,-2.8402775158999316,0.10048544422531225,-2.4402775158999317
70.62231047800014,1.8977035811899894,-2.8411750895705854,0.09770357240596517,-2.4411750895705855
70.637339742,1.8949223082766617,-2.8420745173303965,0.09492229949263753,-2.4420745173303966
70.65072257700012,1.892141635505084,-2.8429757987797437,0.09214162672105974,-2.442975798779744
70.66471502000013,1.889310752750232,-2.843894717740973,0.08931074396620775,-2.443894717740973
70.67945010200015,1.8864744399720266,-2.8448158858883126,0.08647443118800235,-2.4448158858883127
70.70609853199994,1.883638269729356,-2.8457374927926264,0.08363826094533189,-2.4457374927926265
70.71471093200012,1.8808022420900943,-2.8466595384318625,0.08080223330607006,-2.4466595384318626
70.72869753999998,1.8779663571221095,-2.847582022783953,0.07796634833808525,-2.447582022783953
70.74092231100008,1.8751350211238509,-2.848503571240817,0.07513501233982667,-2.448503571240817
70.7542621770001,1.872304097470162,-2.84942560153603,0.07230408868613769,-2.44942560153603
70.77560179400007,1.86947335532801,-2.850348188942698,0.06947334654398585,-2.450348188942698
70.78982293900003,1.8666427948070272,-2.851271333425086,0.066642786023003,-2.451271333425086
70.80299898199996,1.8638124160168485,-2.852195034947439,0.06381240723282433,-2.4521950349474393
70.81567700200003,1.8609903686692868,-2.853115964588947,0.06099035988526258,-2.453115964588947
70.82886657099993,1.8581685063101188,-2.8540359711385648,0.05816849752609454,-2.454035971138565
70.85050483700002,1.85534638930728,-2.8549551962729716,0.05534638052325569,-2.4549551962729717
70.86449941399997,1.8525240178771576,-2.8558736399216844,0.05252400909313337,-2.4558736399216845
70.87741042500011,1.8497013922361536,-2.856791302014281,0.04970138345212938,-2.456791302014281
70.89064828300002,1.846869730277815,-2.857711695765646,0.04686972149379076,-2.457711695765646
70.90383627100005,1.844037771044902,-2.8586327817302157,0.044037762260877855,-2.458632781730216
70.92540727599999,1.8412059876065938,-2.8595544080153945,0.0412059788225696,-2.4595544080153946
70.94055760700007,1.8383743800659798,-2.8604765745876257,0.03837437128195553,-2.460476574587626
70.95321175200002,1.8355429485261414,-2.8613992814133415,0.0355429397421172,-2.4613992814133416
70.96637802400005,1.832721461146849,-2.862319474612847,0.032721452362824754,-2.462319474612847
70.98039863200006,1.8299007472912798,-2.8632403021150274,0.02990073850725561,-2.4632403021150275
70.99894255799995,1.8270802952104186,-2.8641619311094395,0.027080286426394373,-2.4641619311094396
71.01238358499995,1.8242601051320082,-2.8650843615216646,0.024260096347983984,-2.4650843615216647
71.02495550000003,1.8214401772837636,-2.866007593277222,0.021440168499739398,-2.4660075932772223
71.038026533,1.8186250381795728,-2.866930203836207,0.018625029395548554,-2.466930203836207
71.05070750999994,1.8158104385374687,-2.867853658174781,0.015810429753444488,-2.467853658174781
71.07177525199995,1.8129961414208846,-2.8687780340725317,0.012996132636860391,-2.468778034072532
71.08575960899998,1.8101821471315567,-2.86970333143035,0.010182138347532455,-2.4697033314303503
71.09940308099999,1.8073684559711887,-2.87062955014903,0.007368447187164451,-2.47062955014903
71.11254576600004,1.8045260241920058,-2.871565858237502,0.004526015407981587,-2.471565858237502
71.12603633799995,1.8016814751708725,-2.872503002938528,0.001681466386848296,-2.472503002938528
71.14768390099994,1.7988369672036597,-2.873440272242813,-0.00116304158036451,-2.4734402722428133
71.16188137199993,1.7959925002958264,-2.8743776661485683,-0.004007508488197864,-2.4743776661485684
71.17512527999997,1.793148074452836,-2.8753151846539984,-0.0068519343311881364,-2.4753151846539985
71.18836764000002,1.790384764576833,-2.8762249011028422,-0.009615244207191287,-2.4762249011028423
71.20071352800005,1.7876249922604637,-2.8771309285194833,-0.012375016523560545,-2.4771309285194834
71.22257440599992,1.7848644724962068,-2.878034676022404,-0.015135536287817386,-2.478034676022404
71.23673233199997,1.782103207167549,-2.878936142994982,-0.01789680161647511,-2.478936142994982
71.24951236800007,1.779341198158493,-2.8798353288221508,-0.02065881062553121,-2.479835328822151
71.26309232900007,1.7765329649765638,-2.880748666055105,-0.023467043807460453,-2.480748666055105
71.27581824499998,1.7737203081858963,-2.881664568148775,-0.026279700598127897,-2.481664568148775
71.29657344499992,1.7709079847671363,-2.8825814933668585,-0.02909202401688793,-2.4825814933668586
71.310321208,1.7680959950924502,-2.883499441588018,-0.03190401369157403,-2.4834994415880183
71.32454057199993,1.7652843395339637,-2.884418412690774,-0.03471566925006053,-2.4844184126907742
71.33807154700003,1.7624657796229548,-2.88533984514108,-0.03753422916106941,-2.48533984514108
71.35143607200007,1.7596465804123456,-2.886260562728405,-0.04035342837167866,-2.486260562728405
71.37362497899994,1.7568271079349635,-2.8871804431630235,-0.04317290084906067,-2.4871804431630236
71.388561837,1.754007362439399,-2.8880994863638287,-0.04599264634462519,-2.488099486363829
71.402542326,1.7511873441742636,-2.8890176922497894,-0.048812664609760636,-2.4890176922497895
71.41602866400012,1.7483481965172472,-2.8899414523043587,-0.051651812266777064,-2.489941452304359
71.42930418600008,1.7455078955705376,-2.89086522624057,-0.05449211321348657,-2.49086522624057
71.44871806600008,1.7426674885520672,-2.8917886739773286,-0.05733252023195701,-2.4917886739773287
71.46379249699999,1.739826975499297,-2.892711795502449,-0.06017303328472723,-2.492711795502449
71.477320491,1.7369863564496935,-2.8936345908037615,-0.06301365233433076,-2.4936345908037616
71.49047379600006,1.7341536483454862,-2.894554353294424,-0.06584636043853798,-2.494554353294424
71.50361880100013,1.7313216542811913,-2.895473270580444,-0.06867835450283288,-2.495473270580444
71.52375670300012,1.7284894798697736,-2.896391631872124,-0.07151052891425058,-2.496391631872124
71.53843459600012,1.725657125220387,-2.8973094371340684,-0.07434288356363727,-2.4973094371340685
71.55177046500012,1.7228245904421982,-2.898226686330903,-0.07717541834182606,-2.498226686330903
71.56570940000006,1.7199787795639174,-2.899147796274751,-0.0800212292201068,-2.4991477962747513
71.578735736,1.7171322118252303,-2.9000689298268534,-0.08286779695879387,-2.5000689298268535
71.59605582800009,1.7142855793890435,-2.9009898634210796,-0.08571442939498075,-2.5009898634210797
71.61042877499995,1.7114388822694007,-2.9019105970528885,-0.08856112651462356,-2.5019105970528885
71.62363120400005,1.708592120480347,-2.902831130717737,-0.0914078883036773,-2.502831130717737
71.6363113320001,1.7057432450085832,-2.9037521548325373,-0.09425676377544101,-2.5037521548325374
71.6496923740001,1.7028942147116597,-2.9046730699511865,-0.09710579407236453,-2.5046730699511865
71.67093391100002,1.7000451378933377,-2.9055938411343862,-0.09995487089068655,-2.5055938411343863
71.68569301899993,1.6971960145608802,-2.906514468379796,-0.10280399422314401,-2.506514468379796
71.69936481200011,1.6943468447215695,-2.9074349516850626,-0.10565316406245473,-2.5074349516850627
71.71310368100012,1.691506734804407,-2.9083526150257843,-0.10849327397961717,-2.5083526150257844
71.72613067600014,1.6886672256635689,-2.909270513437545,-0.11133278312045536,-2.5092705134375453
71.748348437,1.6858278423735478,-2.91018880107634,-0.11417216641047645,-2.5101888010763402
71.76243639400013,1.682988584987697,-2.9111074779249093,-0.11701142379632712,-2.5111074779249094
71.77699467299999,1.6801494535593653,-2.9120265439659936,-0.11985055522465893,-2.5120265439659937
71.79052040800002,1.6773249994222763,-2.9129414821484287,-0.12267500936174791,-2.512941482148429
71.80375222600014,1.6745015606027782,-2.913856952321748,-0.125498448181246,-2.513856952321748
71.82446361000007,1.6716783746205006,-2.9147732019139236,-0.1283216341635236,-2.5147732019139237
71.83960579099994,1.6688554416906063,-2.9156902308551276,-0.13114456709341793,-2.5156902308551277
71.852329887,1.6660327620282376,-2.916608039075474,-0.13396724675578664,-2.516608039075474
71.86533122600008,1.6632264527998923,-2.917520387639226,-0.13677355598413188,-2.5175203876392263
71.87903748200006,1.6604206129462293,-2.9184312415013105,-0.13957939583779488,-2.5184312415013106
71.89880244699998,1.6576143785086037,-2.9193408789695208,-0.1423856302754205,-2.519340878969521
71.91279679900003,1.6548077500143519,-2.920249299872922,-0.14519225876967234,-2.5202492998729222
71.92533068500006,1.6520007279908806,-2.921156504040808,-0.14799928079314362,-2.521156504040808
71.93805849199998,1.6491657901705004,-2.9220717544435404,-0.15083421861352386,-2.5220717544435405
71.95165942800008,1.646328689405364,-2.922987190077359,-0.1536713193786603,-2.5229871900773593
71.9712691310001,1.6434914390038584,-2.9239021618312213,-0.1565085697801658,-2.5239021618312214
71.986006912,1.6406540390418332,-2.9248166696806672,-0.15934596974219106,-2.5248166696806673
71.99837507999996,1.6378164895951355,-2.925730713601249,-0.16218351918888874,-2.525730713601249
72.01098204300001,1.6349846535206876,-2.926642944375071,-0.16501535526333666,-2.5266429443750713
72.02350357499995,1.6321533163842612,-2.9275556948681625,-0.16784669239976302,-2.5275556948681626
72.04596887000002,1.629322178462573,-2.9284690630913452,-0.17067783032145112,-2.5284690630913453
72.05877470900009,1.6264912398903981,-2.9293830490011414,-0.1735087688936261,-2.5293830490011415
72.07335371399995,1.6236605008024985,-2.9302976525540414,-0.17633950798152576,-2.5302976525540415
72.08657447400014,1.620828509831443,-2.9312127443853755,-0.17917149895258122,-2.5312127443853756
72.09939777699992,1.6179962637644005,-2.932127276158703,-0.18200374501962369,-2.532127276158703
72.1191039570001,1.6151638294125965,-2.933041224620829,-0.1848361793714277,-2.533041224620829
72.13379265599997,1.6123312068961662,-2.9339545897329917,-0.18766880188785806,-2.533954589732992
72.14758358800009,1.609498396335253,-2.9348673714564506,-0.19050161244877128,-2.5348673714564507
72.1606997450001,1.606664949381337,-2.935779720241961,-0.19333505940268725,-2.535779720241961
72.17375699000013,1.6038312948239357,-2.936691505309086,-0.1961687139600885,-2.536691505309086
72.19342324700006,1.6009974564794915,-2.937602719003496,-0.19900255230453268,-2.537602719003496
72.20764096099992,1.5981634344632163,-2.9385133612881433,-0.20183657432080793,-2.5385133612881434
72.22106492900002,1.5953292288903285,-2.9394234321260075,-0.20467077989369575,-2.5394234321260076
72.23400839200008,1.5924856371273206,-2.9403360097137656,-0.2075143716567036,-2.5403360097137657
72.24755278099997,1.5896414557830254,-2.941248421365735,-0.21035855300099882,-2.541248421365735
72.27052529100001,1.5867971712529083,-2.94216051130298,-0.2132028375311159,-2.54216051130298
72.28443060300015,1.5839527835733576,-2.943072279513829,-0.21604722521066666,-2.543072279513829
72.29785583500006,1.5811082927807667,-2.9439837259866155,-0.21889171600325752,-2.5439837259866156
72.31094787000006,1.5782968302427942,-2.944883793442662,-0.22170317854123,-2.5448837934426622
72.32346102399993,1.5754867305135447,-2.9457820881077645,-0.2245132782704795,-2.5457820881077646
72.3471447280001,1.572676243228596,-2.946679169494717,-0.22732376555542833,-2.546679169494717
72.36139316100002,1.569865368911787,-2.947575037436314,-0.23013463987223726,-2.547575037436314
72.37411749900002,1.5670541080870324,-2.948469691765577,-0.23294590069699184,-2.548469691765577
72.3867494210001,1.5642218397906205,-2.949369965728681,-0.23577816899340376,-2.549369965728681
72.39950175000013,1.5613881209707887,-2.9502699757941104,-0.2386118878132355,-2.5502699757941105
72.42064516200003,1.5585541932666762,-2.9511693279140307,-0.241445815517348,-2.551169327914031
72.43481177900003,1.5557200568310476,-2.9520680220399598,-0.24427995195297658,-2.55206802203996
72.44788769899992,1.5528857118166774,-2.9529660581234527,-0.24711429696734677,-2.552966058123453
72.46164351099992,1.5500475330747798,-2.9538646328863645,-0.2499524757092444,-2.5538646328863646
72.47458621100009,1.5472089854617725,-2.954762708017964,-0.2527910233222517,-2.554762708017964
72.50015195600008,1.5443702606688108,-2.9556602229443754,-0.25562974811521344,-2.5556602229443754
72.51378995200002,1.5415313588064548,-2.9565571776306405,-0.25846864997756946,-2.5565571776306406
72.527845867,1.5386922799852707,-2.957453572041827,-0.2613077287987535,-2.557453572041827
72.54276315200013,1.5358711143934238,-2.9583444899964513,-0.2641288943906004,-2.5583444899964514
72.55665997400001,1.5330512164356929,-2.959236147662291,-0.26694879234833135,-2.559236147662291
72.57820938999998,1.530231647002656,-2.9601288436336874,-0.2697683617813682,-2.5601288436336875
72.59252758499997,1.5274124064766235,-2.961022577789597,-0.27258760230740076,-2.561022577789597
72.60666700499996,1.5245934952398625,-2.9619173500088367,-0.2754065135441617,-2.561917350008837
72.62053986900014,1.5217762609970282,-2.9628116791563084,-0.278223747786996,-2.5628116791563085
72.63410256800012,1.5189587712640733,-2.963704901406392,-0.2810412375199509,-2.563704901406392
72.657272401,1.516140938712049,-2.964597041581524,-0.2838590700719752,-2.564597041581524
72.67246406899994,1.5133227637565294,-2.9654880995501314,-0.2866772450274948,-2.5654880995501315
72.68660884399992,1.5105042468131442,-2.9663780751808004,-0.28949576197088,-2.5663780751808005
72.70070031699993,1.507666254935178,-2.96727326121832,-0.2923337538488462,-2.56727326121832
72.71492021600011,1.5048270095922092,-2.968168218596164,-0.29517299919181506,-2.5681682185961643
72.73934684100004,1.5019875855643214,-2.9690626088999887,-0.2980124232197028,-2.569062608899989
72.75459919600007,1.4991479829647725,-2.9699564320941167,-0.30085202581925174,-2.569956432094117
72.76858276300004,1.4963082019068301,-2.970849688142895,-0.3036918068771941,-2.570849688142895
72.781463282,1.4935211709590874,-2.971725038873695,-0.3064788378249368,-2.571725038873695
72.79456073300003,1.4907363184982871,-2.9725975412952876,-0.3092636902857371,-2.5725975412952877
72.82251484400012,1.487950849190287,-2.9734680724195464,-0.31204915959373714,-2.5734680724195464
72.83819941699994,1.4851647644304986,-2.9743366318103694,-0.3148352443535256,-2.5743366318103695
72.852592018,1.4823780656146408,-2.9752032190326427,-0.3176219431693834,-2.575203219032643
72.86733162199994,1.47956771291122,-2.9760766333781348,-0.3204322958728043,-2.576076633378135
72.88131347400008,1.4767562283003022,-2.976951875859865,-0.32324378048372204,-2.5769518758598653
72.902561891,1.4739451644708303,-2.977828468847423,-0.32605484431319387,-2.577828468847423
72.9180973,1.471134522071516,-2.9787064121385156,-0.32886548671250826,-2.5787064121385157
72.93092940700012,1.4683243017509817,-2.9795857055305395,-0.3316757070330425,-2.5795857055305396
72.94469082,1.4654861999231557,-2.9804748335078086,-0.33451380886086857,-2.5804748335078087
72.95822349200012,1.4626462087571288,-2.9813651951629634,-0.3373538000268954,-2.5813651951629635
72.98070451000012,1.4598064006194473,-2.9822561404144996,-0.3401936081645769,-2.5822561404144997
72.99572772400006,1.456966775630036,-2.983147669224796,-0.34303323315398826,-2.583147669224796
73.00968079800009,1.4541273339088108,-2.9840397815562016,-0.34587267487521345,-2.5840397815562017
73.02325633800001,1.451328354010752,-2.9849203453416777,-0.3486716547732722,-2.584920345341678
73.03670229099998,1.44853200460566,-2.985801891828668,-0.3514680041783642,-2.5858018918286683
73.05488479600012,1.4457361751189104,-2.986685085853277,-0.3542638336651138,-2.586685085853277
73.0708772590001,1.4429408665211887,-2.987569927108866,-0.3570591422628355,-2.587569927108866
73.08467167799995,1.4401460797830024,-2.9884564152882276,-0.35985392900102187,-2.5884564152882277
73.09982805999994,1.4373111274874493,-2.9893569153805015,-0.36268888129657495,-2.5893569153805016
73.11446313900001,1.434472555502897,-2.990259148518716,-0.36552745328112723,-2.590259148518716
73.1368661890001,1.4316341516136961,-2.9911619103416465,-0.3683658571703281,-2.5911619103416466
73.15522314000009,1.4287959159183123,-2.992065200817976,-0.3712040928657119,-2.592065200817976
73.17057741000008,1.425957848515208,-2.992969019916369,-0.3740421602688162,-2.592969019916369
73.1861307040001,1.4231434481566132,-2.9938650405185685,-0.376856560627411,-2.5938650405185686
73.19947610999998,1.4203299278759853,-2.994759501632533,-0.3796700809080389,-2.594759501632533
73.21631279500002,1.417516037910695,-2.995652799072992,-0.3824839708733292,-2.595652799072992
73.23063269900013,1.4147017787420346,-2.9965449326871507,-0.3852982300419896,-2.596544932687151
73.24431109200009,1.4118871508513675,-2.9974359023224157,-0.3881128579326567,-2.597435902322416
73.25774557499994,1.4090435146910059,-2.99833515691975,-0.39095649409301836,-2.59833515691975
73.27159485300012,1.4061976234185243,-2.9992347079727772,-0.39380238536549994,-2.5992347079727773
73.29330074199993,1.4033516127015027,-3.000133881054212,-0.39664839608252156,-2.6001338810542123
73.30870452099998,1.400505482590138,-3.0010326761481987,-0.39949452619388626,-2.6010326761481988
73.32214756300004,1.397659233134635,-3.0019310932388796,-0.4023407756493893,-2.6019310932388797
73.33516298300015,1.3948603868477971,-3.002813505874847,-0.4051396219362271,-2.602813505874847
73.34850069100003,1.3920635328271507,-3.003693480185449,-0.40793647595687355,-2.603693480185449
73.36969151900007,1.389266160854284,-3.0045718065744094,-0.4107338479297402,-2.6045718065744095
73.38366774099995,1.386468271900161,-3.0054484847368634,-0.41353173688386313,-2.6054484847368635
73.39721803700013,1.3836698669359266,-3.0063235143685154,-0.4163301418480976,-2.6063235143685155
73.41034960599995,1.3808483290183016,-3.0072042591883856,-0.41915167976572265,-2.6072042591883857
73.42420401000004,1.3780250032544235,-3.008084416032426,-0.42197500552960077,-2.608084416032426
73.44681776800007,1.3752013522521729,-3.0089635289128767,-0.42479865653185134,-2.6089635289128768
73.4599952430001,1.3723773763975677,-3.0098415977095554,-0.4276226323864565,-2.6098415977095555
73.47355133600013,1.3695530760766752,-3.0107186223024214,-0.430446932707349,-2.6107186223024215
73.48801577600011,1.3667258204578132,-3.011596413955226,-0.433274188326211,-2.611596413955226
73.502241443,1.3638987110674117,-3.0124752173608487,-0.43610129771661255,-2.6124752173608488
73.52465723499995,1.3610719023222342,-3.0133549873587637,-0.43892810646179004,-2.613354987358764
73.53990091800006,1.3582453945527624,-3.0142357238461135,-0.44175461423126183,-2.6142357238461136
73.55499044499993,1.3554191880894382,-3.015117426719934,-0.44458082069458604,-2.615117426719934
73.56855076000011,1.3525606226733216,-3.0160097799909997,-0.44743938611070266,-2.616009779991
73.58265665199997,1.3496994844959826,-3.016902863931432,-0.45030052428804157,-2.6169028639314322
73.59979494200002,1.3468383252964142,-3.0177958805209903,-0.45316168348761,-2.6177958805209904
73.6137993100001,1.3439771450762186,-3.018688829759188,-0.45602286370780565,-2.618688829759188
73.62721347599995,1.3411159438369695,-3.019581711645557,-0.4588840649470547,-2.6195817116455573
73.64059279399999,1.33826837897757,-3.02047051395534,-0.4617316298064542,-2.62047051395534
73.65505669799995,1.3354216653203057,-3.0213595291362925,-0.4645783434637185,-2.6213595291362926
73.67242585200006,1.3325750880541916,-3.0222489809373756,-0.46742492072983266,-2.6222489809373757
73.687329352,1.3297286472461904,-3.0231388693376657,-0.4702713615378338,-2.623138869337666
73.70052344800001,1.326882342963271,-3.024029194316224,-0.4731176658207532,-2.624029194316224
73.71353510300014,1.3240204424908075,-3.0249246673057413,-0.4759795662932167,-2.6249246673057414
73.72648289500012,1.321157720507976,-3.025820409136823,-0.47884228827604813,-2.625820409136823
73.74675199400008,1.3182950017204407,-3.0267161611797615,-0.48170500706358355,-2.6267161611797616
73.76133989300001,1.3154322861282368,-3.0276119234345464,-0.4845677226557874,-2.6276119234345465
73.77509847200008,1.3125695737314016,-3.0285076959011663,-0.4874304350526226,-2.6285076959011664
73.78811466699995,1.3097512617866363,-3.0293901759172215,-0.49024874699738796,-2.6293901759172216
73.80175722500007,1.30693565341596,-3.0302731265567835,-0.49306435536806426,-2.6302731265567836
73.82603410000002,1.3041204217500697,-3.0311572775598967,-0.4958795870339545,-2.631157277559897
73.84085445000005,1.301305567300713,-3.0320426287658413,-0.4986944414833112,-2.6320426287658414
73.85521734899999,1.2984910905795641,-3.032929180013681,-0.5015089182044601,-2.632929180013681
73.86882077199994,1.2956839494440595,-3.0338134513581303,-0.5043160593399647,-2.6338134513581304
73.882284734,1.2928767563451966,-3.0346962109145896,-0.5071232524388276,-2.6346962109145897
73.90316248700015,1.2900691253625987,-3.0355775767832114,-0.5099308834214256,-2.6355775767832115
73.91724328500004,1.2872610571881886,-3.036457548746785,-0.5127389515958356,-2.636457548746785
73.93200029100012,1.284452552513998,-3.0373361265884498,-0.5155474562700262,-2.63733612658845
73.94575090100011,1.2816309495539728,-3.0382174339928993,-0.5183690592300514,-2.6382174339928994
73.96040980099997,1.2788083471960194,-3.0390978917627662,-0.5211916615880048,-2.6390978917627663
73.98059565199992,1.2759854149076832,-3.03997729113229,-0.524014593876341,-2.6399772911322903
73.99528868900006,1.273162153085839,-3.04085563197784,-0.5268378556981852,-2.64085563197784
74.01004704799993,1.2703385621274028,-3.04173291417593,-0.5296614466566214,-2.6417329141759303
74.02467555199996,1.2675441701422645,-3.0426013965057255,-0.5324558386417597,-2.6426013965057256
74.03890965699998,1.2647518773964874,-3.0434712233096546,-0.5352481313875368,-2.6434712233096547
74.06036868499996,1.261960153375107,-3.0443428737186027,-0.5380398554089172,-2.6443428737186028
74.07545608300006,1.2591689992690966,-3.0452163473607174,-0.5408310095149276,-2.6452163473607175
74.08940476499993,1.256378416269182,-3.0460916438633703,-0.5436215925148422,-2.6460916438633704
74.10247555699993,1.2535484530722558,-3.04698076966858,-0.5464515557117684,-2.64698076966858
74.116908083,1.2507150645730867,-3.047871777227885,-0.5492849442109375,-2.647871777227885
74.13927820699996,1.2478819064201392,-3.048763516953557,-0.552118102363885,-2.648763516953557
74.15463809700009,1.2450489788026091,-3.049655988786051,-0.5549510299814151,-2.649655988786051
74.16861193099999,1.2422162819096771,-3.0505491926657644,-0.5577837268743471,-2.6505491926657645
74.18193899700009,1.2393751156222856,-3.0514457575400153,-0.5606248931617386,-2.6514457575400154
74.19637015000012,1.2365336506873341,-3.0523429653265697,-0.5634663580966901,-2.6523429653265698
74.22031456000013,1.2336923432629625,-3.0532406717980987,-0.5663076655210617,-2.6532406717980987
74.23666289900007,1.23085119343669,-3.054138876926948,-0.5691488153473343,-2.654138876926948
74.25127471299993,1.228010201296035,-3.0550375806854526,-0.5719898074879892,-2.6550375806854527
74.26527942400003,1.225173167961645,-3.055935032217625,-0.5748268408223791,-2.655935032217625
74.27929883699994,1.2223361519885252,-3.0568318138379613,-0.577663856795499,-2.6568318138379614
74.30005484499998,1.2194989447187037,-3.0577279900562937,-0.5805010640653205,-2.657727990056294
74.31592488699994,1.2166615462813557,-3.058623560831818,-0.5833384625026685,-2.6586235608318183
74.33042239600013,1.2138239568056757,-3.0595185261237607,-0.5861760519783485,-2.659518526123761
74.34512938400007,1.210998482750242,-3.060408841895362,-0.5890015260337822,-2.660408841895362
74.35832118400003,1.2081733640406298,-3.0612980164746175,-0.5918266447433944,-2.6612980164746176
74.37977708500011,1.2053479506783191,-3.0621862543300784,-0.5946520581057051,-2.6621862543300785
74.39480291099994,1.202522242973899,-3.063073555364105,-0.5974777658101251,-2.663073555364105
74.40849810700001,1.199696241237993,-3.063959919479157,-0.6003037675460312,-2.663959919479157
74.42328431100009,1.196851245932738,-3.064851884646687,-0.6031487628512862,-2.664851884646687
74.43750028499994,1.1940053454656627,-3.0657446021488646,-0.6059946633183615,-2.6657446021488647
74.45898635899994,1.1911595794045533,-3.066637748011902,-0.6088404293794709,-2.666637748011902
74.47591915099997,1.1883139478138882,-3.0675313222155585,-0.611686060970136,-2.6675313222155586
74.49037194200014,1.1854684507581505,-3.0684253247395903,-0.6145315580258737,-2.6684253247395904
74.50580282500005,1.182641862079065,-3.069313178156596,-0.6173581467049591,-2.669313178156596
74.52108780699996,1.1798159778029305,-3.0701997816769824,-0.6201840309810938,-2.6701997816769825
74.54413265800008,1.1769897994163425,-3.071085447229923,-0.6230102093676817,-2.671085447229923
74.55905196000003,1.1741633272306347,-3.0719701747178525,-0.6258366815533896,-2.6719701747178526
74.57252984399997,1.171336561557169,-3.07285396404331,-0.6286634472268553,-2.67285396404331
74.58667897500004,1.1685207256449157,-3.0737343815742886,-0.6314792831391085,-2.6737343815742887
74.59975638100013,1.1657058477584137,-3.074615844933763,-0.6342941610256105,-2.674615844933763
74.62264987200001,1.1628913546771436,-3.0754985361966094,-0.6371086541068807,-2.6754985361966095
74.6384966380001,1.160077246936741,-3.076382455194838,-0.6399227618472831,-2.676382455194838
74.653072221,1.1572635250727692,-3.077267601760229,-0.642736483711255,-2.6772676017602293
74.67132005500002,1.1544421458665084,-3.0781564028188995,-0.6455578629175158,-2.6781564028188996
74.68776741600004,1.1516206648272749,-3.0790463516109217,-0.6483793439567493,-2.6790463516109218
74.70797527400009,1.1487995040006975,-3.07993731496469,-0.6512005047833267,-2.67993731496469
74.72490713100001,1.1459786637515965,-3.0808292927649874,-0.6540213450324277,-2.6808292927649875
74.73963772499997,1.1431581444447503,-3.0817222848964687,-0.6568418643392739,-2.681722284896469
74.7543078870001,1.1403181457820015,-3.0826223007687297,-0.6596818630020227,-2.6826223007687298
74.76873829700003,1.137477168015405,-3.083523159025711,-0.6625228407686192,-2.683523159025711
74.78853451500004,1.1346363434254947,-3.0844245002035318,-0.6653636653585295,-2.684424500203532
74.80635335400007,1.1317956720943623,-3.085326324276146,-0.668204336689662,-2.6853263242761463
74.82157834400005,1.1289551541040892,-3.086228631217492,-0.671044854679935,-2.686228631217492
74.83743587200001,1.126111227394379,-3.087132505223868,-0.6738887813896453,-2.687132505223868
74.85223268599998,1.123267236947676,-3.088036825548751,-0.6767327718363483,-2.688036825548751
74.873340697,1.1204233695351684,-3.088941532711886,-0.6795766392488558,-2.688941532711886
74.89029536099997,1.1175796252094783,-3.089846626696532,-0.6824203835745459,-2.689846626696532
74.90465028099993,1.1147360040232157,-3.0907521074859456,-0.6852640047608085,-2.6907521074859457
74.9198890350001,1.1118815265667108,-3.091661235081123,-0.6881184822173134,-2.691661235081123
74.93523114699997,1.109026446347476,-3.0925704560799567,-0.6909735624365483,-2.692570456079957
74.95493211100006,1.1061713374370816,-3.093479586979651,-0.6938286713469426,-2.693479586979651
74.97009403700008,1.1033161998383698,-3.0943886277793196,-0.6966838089456544,-2.6943886277793196
74.98509577999994,1.100461033554198,-3.0952975784780525,-0.6995389752298262,-2.6952975784780526
74.99964549700007,1.0976232147181015,-3.096201230227938,-0.7023767940659227,-2.696201230227938
75.01400668199994,1.0947864832859289,-3.0971051505172746,-0.7052135254980954,-2.6971051505172747
75.03598179200003,1.0919499300007602,-3.09800962968682,-0.708050078783264,-2.69800962968682
75.05133888599994,1.089113554972702,-3.0989146677014654,-0.7108864538113222,-2.6989146677014655
75.06563564299995,1.086277358311856,-3.099820264526082,-0.7137226504721683,-2.6998202645260823
75.08040587999994,1.0834367047003666,-3.100727838771722,-0.7165633040836576,-2.700727838771722
75.09481680700014,1.0805959468380597,-3.101635924880515,-0.7194040619459645,-2.7016359248805153
75.11672069099995,1.0777553277652647,-3.1025444450489745,-0.7222446810187595,-2.7025444450489746
75.13299241599998,1.0749148475482986,-3.103453399255888,-0.7250851612357256,-2.703453399255888
75.14697016100013,1.072074506253487,-3.1043627874800364,-0.7279255025305371,-2.7043627874800364
75.16142157800004,1.0692491915800115,-3.1052680402258344,-0.7307508172040127,-2.7052680402258344
75.17509081999992,1.06642492424346,-3.1061738753058963,-0.7335750845405642,-2.7061738753058964
75.197704209,1.0636009241247768,-3.107080543111797,-0.7363990846592474,-2.7070805431117972
75.21242668000014,1.0607771914694872,-3.1079880435647067,-0.739222817314537,-2.707988043564707
75.2269061930001,1.0579537265230947,-3.108896376585726,-0.7420462822609295,-2.708896376585726
75.24199321200012,1.0551326489114463,-3.1098039991836943,-0.7448673598725779,-2.7098039991836944
75.2572725120001,1.0523114086671597,-3.1107106878652324,-0.7476886001168646,-2.7107106878652325
75.28203985699997,1.0494898806206294,-3.1116164805367865,-0.7505101281633948,-2.7116164805367866
75.29752540599998,1.0466680650564189,-3.112521377107004,-0.7533319437276054,-2.712521377107004
75.31166120900002,1.0438459622591287,-3.1134253774846186,-0.7561540465248955,-2.7134253774846187
75.32684866099999,1.0410076734244944,-3.1143342481539484,-0.7589923353595298,-2.7143342481539485
75.34079579500008,1.03816868550284,-3.1152438522257073,-0.7618313232811842,-2.7152438522257074
75.35587723999993,1.0353298462488985,-3.116153920177532,-0.7646701625351258,-2.716153920177532
75.371277083,1.0324911557384662,-3.117064451985129,-0.767508853045558,-2.717064451985129
75.38559462700005,1.0296526140473372,-3.1179754476241808,-0.770347394736687,-2.717975447624181
75.3992402880001,1.0268225470056103,-3.118884345408865,-0.773177461778414,-2.718884345408865
75.41267583700005,1.023993137154275,-3.119793789968636,-0.7760068716297492,-2.719793789968636
75.43563915599998,1.0211639482565331,-3.1207039216596706,-0.7788360605274911,-2.7207039216596707
75.45222787900002,1.018334980479257,-3.1216147404282877,-0.7816650283047673,-2.7216147404282878
75.46660172700012,1.0155062339893064,-3.1225262462207652,-0.7844937747947178,-2.7225262462207653
75.48043887900008,1.0126531398085545,-3.123446010272114,-0.7873468689754697,-2.7234460102721143
75.49447458100008,1.0097983803083699,-3.1243662965759955,-0.7902016284756543,-2.7243662965759956
75.51838757900009,1.006943616259825,-3.125286568770591,-0.7930563925241991,-2.725286568770591
75.53449053000008,1.0040888476629914,-3.126206826855877,-0.7959111611210328,-2.726206826855877
75.54962755500014,1.0012340745179367,-3.1271270708318317,-0.7987659342660876,-2.727127070831832
75.56471599500014,0.9984071190527463,-3.128037955468644,-0.801592889731278,-2.7280379554686442
75.579148755,0.9955813858675628,-3.128947596687677,-0.8044186229164614,-2.7289475966876773
75.59992866099992,0.9927554047514713,-3.1298564673675355,-0.8072446040325529,-2.7298564673675356
75.61547785900007,0.9899291759145883,-3.130764567440645,-0.8100708328694359,-2.730764567440645
75.62963569900012,0.9871026995670474,-3.1316718968394865,-0.8128973092169768,-2.7316718968394866
75.64415992099998,0.9842877649917017,-3.1325755932089505,-0.8157122437923225,-2.7325755932089506
75.65870818799999,0.9814737823626206,-3.133480170698784,-0.8185262264214036,-2.733480170698784
75.67977961700012,0.9786601464466543,-3.134385826043972,-0.8213398623373699,-2.734385826043972
75.69582627499994,0.9758468576566591,-3.135292559111623,-0.8241531511273651,-2.735292559111623
75.71136488100001,0.9730339164054413,-3.136200369768689,-0.8269660923785829,-2.736200369768689
75.72643173999995,0.9702113701607908,-3.1371123405524655,-0.8297886386232334,-2.7371123405524656
75.74149584399993,0.9673885650368163,-3.1380252932298127,-0.832611443747208,-2.738025293229813
75.76234696000006,0.9645660229712866,-3.1389390588711694,-0.8354339858127376,-2.7389390588711695
75.77871778500003,0.9617437441983326,-3.139853637400741,-0.8382562645856916,-2.739853637400741
75.79241530100012,0.9589217289520681,-3.140769028742659,-0.8410782798319562,-2.740769028742659
75.80707726000014,0.9560988029913925,-3.141685598374047,-0.8439012057926317,-2.741685598374047
75.82085390299994,0.9532760692827664,-3.1426029693716084,-0.8467239395012578,-2.7426029693716085
75.84645062899995,0.9504535896026609,-3.143521121642408,-0.8495464191813633,-2.743521121642408
75.86218794199999,0.9476313641673176,-3.1444400551161,-0.8523686446167066,-2.7444400551161
75.87674198600007,0.9448093931929541,-3.145359769722284,-0.8551906155910701,-2.7453597697222842
75.89225292200013,0.9420040931881271,-3.1462751296739886,-0.8579959155958972,-2.7462751296739887
75.90708786000005,0.9392000507811002,-3.1471914246421457,-0.860799958002924,-2.747191424642146
75.92927961600003,0.9363964060348502,-3.1481089356371217,-0.863603602749174,-2.7481089356371218
75.94462900500002,0.9335931594767304,-3.149027662486335,-0.8664068493072938,-2.749027662486335
75.95952856999997,0.9307903116340187,-3.149947605016977,-0.8692096971500055,-2.749947605016977
75.97459890899995,0.9279978548897114,-3.150864128654693,-0.8720021538943128,-2.750864128654693
75.98845400599998,0.9252054577734369,-3.1517789863987296,-0.8747945510105873,-2.7517789863987296
76.00799094800004,0.9224125729824936,-3.1526923542826015,-0.8775874358015306,-2.7526923542826016
76.02357534199996,0.9196192013117785,-3.15360423204635,-0.8803808074722457,-2.7536042320463503
76.0381053210001,0.916825343556334,-3.1545146194304383,-0.8831746652276902,-2.7545146194304384
76.05353491799997,0.9139983673665528,-3.155434584732857,-0.8860016414174714,-2.755434584732857
76.066926749,0.911168612364234,-3.156354792088824,-0.8888313964197903,-2.7563547920888243
76.09142161800014,0.9083386629654226,-3.1572744014359375,-0.8916613458186016,-2.7572744014359376
76.10728918299992,0.9055085192964952,-3.1581934127331266,-0.894491489487529,-2.7581934127331267
76.12202193999997,0.9026781814838379,-3.159111825939353,-0.8973218273001863,-2.7591118259393532
76.13659363600004,0.8998437588813235,-3.160031445173961,-0.9001562499027007,-2.760031445173961
76.15165951300014,0.8970092813567381,-3.16095162109307,-0.9029907274272861,-2.7609516210930702
76.17488932600008,0.8941749625866039,-3.161872285890241,-0.9058250461974203,-2.761872285890241
76.19173602000001,0.8913408026552401,-3.1627934395380826,-0.9086592061287841,-2.7627934395380827
76.20642186600003,0.8885068016469605,-3.1637150820091917,-0.9114932071370637,-2.763715082009192
76.22227446800002,0.8856910979595771,-3.164630579171749,-0.9143089108244471,-2.764630579171749
76.23951666800008,0.8828760420483137,-3.1655447827627623,-0.9171239667357105,-2.7655447827627624
76.26372435400003,0.8800606676550287,-3.1664580050878244,-0.9199393411289956,-2.7664580050878245
76.2801129290001,0.8772449751217672,-3.167370246035982,-0.922755033662257,-2.767370246035982
76.29581687600012,0.8744289647906165,-3.1682815054964055,-0.9255710439934077,-2.7682815054964056
76.31515366500003,0.871642023064784,-3.1691818930181084,-0.9283579857192402,-2.7691818930181085
76.33252605200005,0.8688560666188847,-3.17008002055524,-0.9311439421651395,-2.7700800205552403
76.349563751,0.8660442185098225,-3.1709847420892885,-0.9339557902742017,-2.7709847420892886
76.36698321900008,0.8631921178080724,-3.1719022088333615,-0.9368078909759519,-2.7719022088333616
76.38347929700012,0.8603400486380406,-3.1728197735931483,-0.9396599601459836,-2.7728197735931484
76.39904798499992,0.8574880110030414,-3.173737436367589,-0.9425119977809828,-2.7737374363675893
76.41426382600002,0.854636004906444,-3.174655197155592,-0.9453640038775802,-2.774655197155592
76.4324667190001,0.8517840303516151,-3.1755730559560904,-0.9482159784324091,-2.7755730559560905
76.44962819300008,0.8489320873419247,-3.1764910127679817,-0.9510679214420995,-2.776491012767982
76.46415514199998,0.8460801758807375,-3.1774090675901916,-0.9539198329032867,-2.7774090675901917
76.47931418600001,0.843241514567754,-3.1783226874416,-0.9567584942162702,-2.7783226874416003
76.49443602800011,0.8404034056793233,-3.1792356233740846,-0.959596603104701,-2.7792356233740847
76.51480274000005,0.8375651490897369,-3.1801481000099874,-0.9624348596942873,-2.7801481000099875
76.53153109000004,0.8347267448733201,-3.1810601173254125,-0.9652732639107041,-2.7810601173254126
76.54726986900005,0.8318881931044099,-3.181971675296476,-0.9681118156796144,-2.781971675296476
76.562291619,0.8290332269071233,-3.1828882323887733,-0.9709667818769009,-2.7828882323887734
76.57613594100008,0.8261774056140565,-3.183805080068059,-0.9738226031699677,-2.783805080068059
76.59396206299994,0.8233215891885575,-3.1847219429088427,-0.9766784195954668,-2.784721942908843
76.60981681800013,0.8204657776307097,-3.1856388209110973,-0.9795342311533145,-2.7856388209110974
76.62477083199997,0.8176099709405927,-3.1865557140747964,-0.9823900378434315,-2.7865557140747965
76.63897807600006,0.8147585667024149,-3.187471270037074,-0.9852414420816094,-2.787471270037074
76.65403498,0.8119074362413602,-3.1883868866289182,-0.988092572542664,-2.7883868866289183
76.67233431299996,0.8090563490722015,-3.1893026380162626,-0.9909436597118227,-2.7893026380162627
76.68693826599997,0.8062053052013645,-3.190218524197038,-0.9937947035826598,-2.790218524197038
76.70151688800001,0.8033543046352273,-3.191134545169192,-0.9966457041487969,-2.791134545169192
76.71538783699998,0.8005399532854344,-3.192038311637872,-0.9994600554985898,-2.792038311637872
76.72932667000009,0.7977271778273324,-3.1929403330628303,-1.002272830956692,-2.7929403330628304
76.74591031699993,0.7949140419726273,-3.193841229889198,-1.005085966811397,-2.793841229889198
76.75940378900009,0.7921005461709555,-3.1947410019729836,-1.0078994626130688,-2.7947410019729837
76.77255168900001,0.7892866908720089,-3.19563964917037,-1.0107133179120154,-2.79563964917037
76.78647852900008,0.7865186331047573,-3.1965241522522834,-1.0134813756792669,-2.7965241522522835
76.80103166699996,0.7837537178654544,-3.1974101987847137,-1.0162462909185699,-2.7974101987847138
76.82563498900004,0.7809895452557398,-3.1982985593656985,-1.0190104635282844,-2.7982985593656986
76.84461857500014,0.7782261172123152,-3.199189233372815,-1.021773891571709,-2.799189233372815
76.85998652300009,0.7754634356713611,-3.2000822201820163,-1.024536573112663,-2.8000822201820164
76.87520121400007,0.7726375067515837,-3.200997333667519,-1.0273625020324406,-2.800997333667519
76.88912935600001,0.7698029432029735,-3.201915797400638,-1.0301970655810506,-2.801915797400638
76.90269275200012,0.7669685416687428,-3.2028347609923618,-1.0330314671152814,-2.802834760992362
76.916219748,0.7641343022370385,-3.2037542244141126,-1.0358657065469856,-2.8037542244141127
76.93068504400003,0.7613002249960032,-3.204674187637293,-1.038699783788021,-2.804674187637293
76.94365180900013,0.7584513940008688,-3.2055992929016495,-1.0415486147831554,-2.8055992929016496
76.95633277599995,0.7556018125473339,-3.206524749025887,-1.0443981962366902,-2.806524749025887
76.98002908000012,0.7527522624182904,-3.207450301596153,-1.0472477463657337,-2.807450301596153
76.99587489800001,0.7499027436170108,-3.208375950611388,-1.0500972651670133,-2.808375950611388
77.00949169900014,0.7470532561467567,-3.209301696070529,-1.0529467526372676,-2.8093016960705293
77.02417903300011,0.7442200242815746,-3.210222485428086,-1.0557799845024496,-2.810222485428086
77.0389676750001,0.7413878166579339,-3.2111435327965614,-1.0586121921260903,-2.8111435327965615
77.06054448000009,0.7385557830302472,-3.2120651150283615,-1.061444225753777,-2.8120651150283615
77.07758464400013,0.7357239234995052,-3.212987232090616,-1.064276085284519,-2.812987232090616
77.09278339499997,0.7328922381667116,-3.213909883950439,-1.0671077706173127,-2.8139098839504393
77.10722394999993,0.7300848849060758,-3.2148243368860263,-1.0699151238779483,-2.8148243368860264
77.12196267000013,0.7272784306723306,-3.2157371859179893,-1.0727215781116937,-2.8157371859179894
77.14627579500007,0.7244715904779837,-3.216648847502495,-1.0755284183060405,-2.816648847502495
77.16535364300012,0.7216643648254611,-3.2175593214763563,-1.078335643958563,-2.8175593214763563
77.18276109299995,0.7188567542172538,-3.2184686076765967,-1.0811432545667703,-2.818468607676597
77.20024575699995,0.7160158781606042,-3.2193880772404273,-1.0839841306234201,-2.8193880772404274
77.21928895099995,0.7131724714009458,-3.220308670799354,-1.0868275373830785,-2.820308670799354
77.23887461899994,0.710329154642395,-3.2212295422953563,-1.0896708541416293,-2.8212295422953564
77.25638738399994,0.7074859279121183,-3.2221506917196288,-1.092514080871906,-2.822150691719629
77.27472699999998,0.7046427912372816,-3.223072119063375,-1.0953572175467428,-2.823072119063375
77.29260394400012,0.7017934083988356,-3.223995792512932,-1.0982066003851885,-2.823995792512932
77.30942712499996,0.6989437278563044,-3.224919679927953,-1.1010562809277198,-2.824919679927953
77.324785067,0.6960940817076483,-3.225843673422286,-1.1039059270763758,-2.8258436734222863
77.34003470099992,0.6932444699568172,-3.226767772994641,-1.106755538827207,-2.826767772994641
77.35525304800012,0.6903948926077524,-3.227691978643747,-1.1096051161762719,-2.827691978643747
77.37080960799995,0.687570239599432,-3.228607774053445,-1.1124297691845921,-2.828607774053445
77.38457694299996,0.6847466501745307,-3.229522360833551,-1.1152533586094935,-2.829522360833551
77.40592855599994,0.6819228073492692,-3.2304361649246913,-1.118077201434755,-2.8304361649246914
77.42176361099996,0.6790987113406075,-3.2313491862566592,-1.1209012974434167,-2.8313491862566593
77.43585313900007,0.6762743623655239,-3.232261424759304,-1.1237256464185004,-2.832261424759304
77.45029004899993,0.6734540013490267,-3.2331714546393715,-1.1265460074349976,-2.8331714546393716
77.46375442099998,0.6706335752256887,-3.234080515489518,-1.1293664335583355,-2.834080515489518
77.48047607400008,0.667812860167251,-3.2349886794095166,-1.1321871486167732,-2.8349886794095167
77.49472257499997,0.6649918564589509,-3.2358959463075303,-1.1350081523250735,-2.8358959463075304
77.50825614600012,0.6621705643860487,-3.2368023160918167,-1.1378294443979755,-2.8368023160918168
77.52209023900014,0.6593446858182368,-3.2377092261935254,-1.1406553229657874,-2.8377092261935255
77.53489113699993,0.6565183292830002,-3.2386154271904517,-1.1434816795010239,-2.838615427190452
77.55611328200007,0.6536917221547976,-3.239520846239236,-1.1463082866292265,-2.8395208462392363
77.57004612800006,0.650864864649966,-3.2404254832705814,-1.1491351441340583,-2.8404254832705815
77.58465920000003,0.6480377569848558,-3.2413293382152526,-1.1519622517991683,-2.8413293382152527
77.59926355700009,0.6451829037580598,-3.2422415757664726,-1.1548171050259644,-2.8422415757664727
77.61288666099995,0.6423260347692964,-3.243154433692637,-1.157673974014728,-2.843154433692637
77.63243849700007,0.6394691592000341,-3.2440672710242975,-1.16053084958399,-2.8440672710242976
77.64793610700008,0.6366122770504216,-3.244980087761405,-1.1633877317336028,-2.844980087761405
77.66201403200012,0.6337553883206081,-3.2458928839039114,-1.166244620463416,-2.8458928839039115
77.67740585399997,0.6309539591967308,-3.24678869456731,-1.1690460495872934,-2.84678869456731
77.69088023099994,0.6281559175245515,-3.2476850750607147,-1.1718440912594728,-2.8476850750607148
77.71043868800007,0.6253583569957996,-3.248582956052926,-1.1746416517882246,-2.848582956052926
77.72499521500004,0.6225612784151437,-3.2494823372856856,-1.1774387303688805,-2.8494823372856857
77.73896866199993,0.6197646825871135,-3.250383218500302,-1.1802353261969107,-2.850383218500302
77.7524353230001,0.6169855892999563,-3.251280331667001,-1.183014419484068,-2.851280331667001
77.76730289500006,0.6142080155879074,-3.2521790978050524,-1.185791993196117,-2.8521790978050525
77.79656516299997,0.6114310706385824,-3.2530798047747065,-1.1885689381454418,-2.8530798047747066
77.80425229299999,0.6086547558081356,-3.253982452136091,-1.1913452529758888,-2.853982452136091
77.8183855740001,0.6058790724524185,-3.254887039448386,-1.1941209363316059,-2.854887039448386
77.83270907500014,0.6030474577346292,-3.255811228825896,-1.196952551049395,-2.855811228825896
77.84732024300001,0.6002090042921141,-3.2567380350177233,-1.1997910044919102,-2.8567380350177234
77.86846888500008,0.5973706638723841,-3.257665187283682,-1.20262934491164,-2.8576651872836822
77.88416936700014,0.5945324365176338,-3.2585926856099867,-1.2054675722663903,-2.858592685609987
77.89993376999996,0.5916943222700602,-3.259520529982853,-1.208305686513964,-2.859520529982853
77.91460956500009,0.5889232747345648,-3.260427707503519,-1.2110767340494593,-2.860427707503519
77.92967935599995,0.586156427893451,-3.2613358437660467,-1.2138435808905732,-2.8613358437660468
77.94866202699995,0.5833902739077733,-3.262246088261233,-1.216609734876251,-2.8622460882612333
77.96413798999993,0.5806248143839252,-3.2631584404604714,-1.219375194400099,-2.8631584404604715
77.98021928000003,0.5778600509278959,-3.264072899833929,-1.2221399578561283,-2.864072899833929
77.99550129099998,0.5750337562216808,-3.265009192595524,-1.2249662525623433,-2.865009192595524
78.00995937200014,0.5721992033490289,-3.265948600315088,-1.2278008054349954,-2.8659486003150882
78.0325161400001,0.5693647631410701,-3.2668883479189335,-1.2306352456429541,-2.8668883479189335
78.04746551800008,0.5665304356385565,-3.2678284353935494,-1.2334695731454677,-2.8678284353935495
78.061361261,0.5636962208822425,-3.268768862725413,-1.2363037879017817,-2.868768862725413
78.07544990199995,0.5608987803065504,-3.2696979517725238,-1.2391012284774738,-2.869697951772524
78.09070800400013,0.5581036986841351,-3.2706277180642536,-1.241896310099889,-2.8706277180642537
78.11303918800013,0.5553090551954893,-3.271558800447594,-1.2446909535885349,-2.8715588004475943
78.12849899599996,0.5525148504603061,-3.272491198716082,-1.247485158323718,-2.872491198716082
78.14342434000014,0.5497210850981856,-3.2734249126629646,-1.2502789236858387,-2.8734249126629647
78.15788078300011,0.5469021412492351,-3.27436753535416,-1.2530978675347892,-2.87436753535416
78.17283229500003,0.5440812274532062,-3.27531011914064,-1.2559187813308181,-2.8753101191406403
78.19757386100014,0.541260103176262,-3.276252072777083,-1.2587399056077622,-2.876252072777083
78.21698613000012,0.5384387685591715,-3.277193396216485,-1.2615612402248528,-2.877193396216485
78.23556213500001,0.5356172237427096,-3.2781340894118824,-1.2643827850413145,-2.8781340894118825
78.25419546500007,0.5328173907019994,-3.2790665522799114,-1.2671826180820247,-2.8790665522799115
78.27627219800002,0.5300183111165482,-3.279997412237602,-1.269981697667476,-2.879997412237602
78.30526683300013,0.5272188268465963,-3.280927054431566,-1.272781181937428,-2.880927054431566
78.321397101,0.5244189384219384,-3.281855478685873,-1.2755810703620858,-2.881855478685873
78.33613677400012,0.5216186463724537,-3.282782684824817,-1.2783813624115705,-2.882782684824817
78.34994378300007,0.5187977622824407,-3.2837156242768253,-1.2812022465015835,-2.8837156242768254
78.36497864000012,0.5159754575749012,-3.2846482845179525,-1.284024551209123,-2.8846482845179526
78.38735398199992,0.5131529299879345,-3.285580270037369,-1.2868470787960897,-2.885580270037369
78.40453226599993,0.5103301796828464,-3.2865115807818093,-1.289669829101178,-2.8865115807818094
78.418734825,0.5075072068209522,-3.2874422166980524,-1.2924928019630721,-2.8874422166980525
78.43450502099995,0.5046777763728035,-3.2883748212121446,-1.2953222324112206,-2.8883748212121447
78.44894623100004,0.5018481736481486,-3.28930803765733,-1.2981518351358756,-2.88930803765733
78.46980158500014,0.4990187366008272,-3.2902417563024224,-1.300981272183197,-2.8902417563024225
78.48487136900007,0.4961894653199725,-3.29117597711801,-1.3038105434640517,-2.89117597711801
78.49925935300007,0.4933603598947113,-3.2921107000746614,-1.306639648889313,-2.8921107000746615
78.51323468100009,0.49058034369077314,-3.293028599759262,-1.309419665093251,-2.893028599759262
78.52787247900005,0.48780232519508343,-3.2939438374285417,-1.3121976835889408,-2.8939438374285418
78.54568444100005,0.4850237115997063,-3.294857266813455,-1.314976297184318,-2.894857266813455
78.56082898599993,0.48224450408169783,-3.2957688875270605,-1.3177555047023264,-2.8957688875270606
78.57433198600006,0.47946470381836637,-3.2966786991831842,-1.3205353049656579,-2.8966786991831843
78.58828850300006,0.476643559550385,-3.2976012661909926,-1.3233564492336392,-2.8976012661909927
78.60168982100004,0.4738187347561707,-3.2985257845291507,-1.3261812740278536,-2.8985257845291508
78.62212364200013,0.47099413225642667,-3.2994509818021873,-1.3290058765275976,-2.8994509818021874
78.63659763300006,0.468169752214352,-3.3003768579566457,-1.3318302565696722,-2.900376857956646
78.65050112199992,0.46534559479307513,-3.3013034129390477,-1.334654413990949,-2.901303412939048
78.66418823100003,0.46250377351004823,-3.302236276780721,-1.337496235273976,-2.9022362767807213
78.67898817100013,0.45966107945389095,-3.3031696459851507,-1.3403389293301333,-2.903169645985151
78.70284927300008,0.45681845008629307,-3.3041032121837466,-1.3431815586977311,-2.9041032121837467
78.71791292800003,0.45397588542090483,-3.3050369753720226,-1.3460241233631194,-2.9050369753720227
78.73161482699993,0.45113338547137827,-3.3059709355454983,-1.348866623312646,-2.9059709355454983
78.74647174100005,0.4483279818899975,-3.306892226849086,-1.3516720268940268,-2.906892226849086
78.759966846,0.4455241460287431,-3.307811679003716,-1.354475862755281,-2.907811679003716
78.78024463800011,0.4427199179193397,-3.3087299341490577,-1.3572800908646845,-2.908729934149058
78.7947321470001,0.4399152980728145,-3.309646992117774,-1.3600847107112097,-2.909646992117774
78.809002298,0.43711028700026305,-3.3105628527427453,-1.3628897217837612,-2.9105628527427454
78.82355631500013,0.4342936721837383,-3.3114822169691793,-1.365706336600286,-2.9114822169691794
78.8374889910001,0.43147674120515117,-3.31240266754978,-1.368523267578873,-2.91240266754978
78.85549718400011,0.4286601015404294,-3.313324009184874,-1.3713399072435948,-2.913324009184874
78.86947777299997,0.42584375347142966,-3.314246241782266,-1.3741562553125946,-2.914246241782266
78.88262093799995,0.4230276972799843,-3.315169365249667,-1.37697231150404,-2.915169365249667
78.89599922599996,0.4202545564622378,-3.316077943444608,-1.3797454523217865,-2.9160779434446082
78.91006316099993,0.41748302113248065,-3.316983759881586,-1.3825169876515435,-2.916983759881586
78.93131560400002,0.41471082556614197,-3.3178875536874717,-1.3852891832178822,-2.9178875536874718
78.94684357899996,0.41193797123931186,-3.31878932438103,-1.3880620375447124,-2.91878932438103
78.96095820899995,0.4091644596284305,-3.319689071482102,-1.3908355491555937,-2.919689071482102
78.97450053300008,0.40632675486510905,-3.3206084832809095,-1.3936732539189152,-2.9206084832809096
78.988653376,0.40348028109446876,-3.3215309451036306,-1.3965197276895553,-2.9215309451036306
79.00847684099995,0.4006338695713093,-3.3224535989835116,-1.3993661392127148,-2.9224535989835116
79.02246048899997,0.3977875203085738,-3.3233764449163496,-1.4022124884754503,-2.9233764449163497
79.03664826900012,0.39494123331922054,-3.3242994828979486,-1.4050587754648036,-2.9242994828979487
79.05081337699994,0.39209352869480596,-3.325223172890649,-1.4079064800892183,-2.9252231728906493
79.064951608,0.3892457957764454,-3.326147039983023,-1.4107542130075788,-2.926147039983023
79.09281055800011,0.38639811213720404,-3.327071058959812,-1.4136018966468202,-2.927071058959812
79.10760760500011,0.3835504777851792,-3.3279952298183963,-1.416449530998845,-2.9279952298183964
79.12098250200006,0.38070289272847635,-3.3289195525561364,-1.4192971160555479,-2.9289195525561365
79.13509054700012,0.3778692948359793,-3.329839690277065,-1.4221307139480448,-2.929839690277065
79.14947417200005,0.3750365990618771,-3.3307601186185702,-1.424963409722147,-2.9307601186185703
79.17068429200003,0.37220407498886704,-3.3316810752170456,-1.4277959337951571,-2.9316810752170457
79.18585348700003,0.3693717227154588,-3.3326025600404607,-1.4306282860685653,-2.932602560040461
79.20008268700008,0.3665395423401599,-3.333524573056768,-1.4334604664438644,-2.933524573056768
79.214425248,0.3636979297477982,-3.3344498429284766,-1.436302079036226,-2.9344498429284767
79.22816894099992,0.36085572984007547,-3.335375005056392,-1.4391442789439488,-2.9353750050563923
79.25363174400013,0.3580134416181619,-3.336299895829297,-1.4419865671658623,-2.936299895829297
79.26892931299994,0.3551710651078883,-3.337224515238786,-1.444828943676136,-2.937224515238786
79.28310116300008,0.3523286003352285,-3.3381488632764076,-1.4476714084487958,-2.9381488632764077
79.29725314899997,0.3494837269194299,-3.339073932757327,-1.4505162818645942,-2.939073932757327
79.31111343900011,0.34663879460884334,-3.3399992489227257,-1.4533612141751808,-2.939999248922726
