elapsed_s,odom_x,odom_y,world_x,world_y
2.979100219999964,8.78402541208484e-09,2.6808659954842366e-20,-2.8,-0.4
2.9990447759998915,8.784025823997399e-09,2.6808662469080236e-20,-2.7999999999999994,-0.4
3.018897182999808,8.784026235833795e-09,2.6808664982812994e-20,-2.799999999999999,-0.4
3.0390101759999197,8.784024580943531e-09,2.6808654881763974e-20,-2.8000000000000007,-0.4
3.0589515079998364,8.78402499280987e-09,2.6808657395803304e-20,-2.8000000000000003,-0.4
3.120458312999972,8.784025404720789e-09,2.6808659910074495e-20,-2.8,-0.4
3.1207501499998216,8.784025816614362e-09,2.68086624241996e-20,-2.7999999999999994,-0.4
3.1210505509998256,8.7840257418128e-09,2.68086619676446e-20,-2.7999999999999994,-0.4
3.1387129839999943,8.784024942698415e-09,2.680865709004367e-20,-2.8000000000000003,-0.4
3.1591176489998816,8.784025354583714e-09,2.6808659604165627e-20,-2.8,-0.4
3.1789495499999703,8.784025766454479e-09,2.680866211815866e-20,-2.7999999999999994,-0.4
3.199024987999792,8.784024851687877e-09,2.6808656534587194e-20,-2.8000000000000003,-0.4
3.2189701089998835,8.784025263559039e-09,2.6808659048634183e-20,-2.8,-0.4
3.238786635999986,8.784025675425193e-09,2.680866156261039e-20,-2.7999999999999994,-0.4
3.2589890319998176,8.784025129792909e-09,2.680865823217222e-20,-2.8000000000000003,-0.4
3.2791897879999397,8.784025110937817e-09,2.6808658117082867e-20,-2.8000000000000003,-0.4
3.299025206999886,8.78402511130034e-09,2.6808658119295682e-20,-2.8000000000000003,-0.4
3.3192183459998432,8.784025111627541e-09,2.6808658121292926e-20,-2.8000000000000003,-0.4
3.3388890869998704,8.784025111895262e-09,2.6808658122927056e-20,-2.8000000000000003,-0.4
3.358991246999949,8.784025112114202e-09,2.6808658124263456e-20,-2.8000000000000003,-0.4
3.378921218999949,8.784025112293273e-09,2.68086581253565e-20,-2.8000000000000003,-0.4
3.3991336859999137,8.784025112439777e-09,2.680865812625075e-20,-2.8000000000000003,-0.4
3.418944222999926,8.784025112559599e-09,2.6808658126982132e-20,-2.8000000000000003,-0.4
3.4388579449998815,8.784025112657641e-09,2.6808658127580588e-20,-2.8000000000000003,-0.4
3.4591254539998317,8.784025112737765e-09,2.6808658128069662e-20,-2.8000000000000003,-0.4
3.4789264059998004,8.78402511280332e-09,2.6808658128469808e-20,-2.8000000000000003,-0.4
3.4993995069999073,8.784025112857003e-09,2.680865812879749e-20,-2.8000000000000003,-0.4
3.5190705210000033,8.784025112900839e-09,2.6808658129065016e-20,-2.8000000000000003,-0.4
3.539065029999847,8.784025112936685e-09,2.6808658129283817e-20,-2.8000000000000003,-0.4
3.558980109999993,8.784025112966087e-09,2.680865812946328e-20,-2.8000000000000003,-0.4
3.5787414999999783,8.784025112990125e-09,2.6808658129610003e-20,-2.8000000000000003,-0.4
3.599007039999833,8.784025113009818e-09,2.680865812973022e-20,-2.8000000000000003,-0.4
3.619017471999996,8.784025113025839e-09,2.6808658129828015e-20,-2.8000000000000003,-0.4
3.6387252209999588,8.784025113039037e-09,2.6808658129908558e-20,-2.8000000000000003,-0.4
3.6590991789998952,8.784025113049819e-09,2.6808658129974347e-20,-2.8000000000000003,-0.4
3.679089005999913,8.784025113058668e-09,2.6808658130028366e-20,-2.8000000000000003,-0.4
3.6988521099999616,8.784025113065901e-09,2.6808658130072512e-20,-2.8000000000000003,-0.4
3.7192444899999373,8.784025113071802e-09,2.680865813010852e-20,-2.8000000000000003,-0.4
3.7390981539999757,8.784025113076588e-09,2.6808658130137735e-20,-2.8000000000000003,-0.4
3.759020898000017,8.784025113080425e-09,2.680865813016116e-20,-2.8000000000000003,-0.4
3.7795607619998464,8.784025113083639e-09,2.6808658130180783e-20,-2.8000000000000003,-0.4
3.798841836999827,8.784025113086294e-09,2.6808658130196957e-20,-2.8000000000000003,-0.4
3.818964618999871,8.78402511308842e-09,2.680865813020993e-20,-2.8000000000000003,-0.4
3.838887090999833,8.784025113090162e-09,2.6808658130220565e-20,-2.8000000000000003,-0.4
3.8589996739999606,8.784025113091535e-09,2.680865813022892e-20,-2.8000000000000003,-0.4
3.8790323159998934,8.784025113092788e-09,2.680865813023655e-20,-2.8000000000000003,-0.4
3.8990871109999716,8.784025113093727e-09,2.6808658130242286e-20,-2.8000000000000003,-0.4
3.9190014280000014,8.78402511309453e-09,2.680865813024716e-20,-2.8000000000000003,-0.4
3.938904307999792,8.784025113095226e-09,2.6808658130251407e-20,-2.8000000000000003,-0.4
3.959079804999874,8.784025113095759e-09,2.6808658130254672e-20,-2.8000000000000003,-0.4
3.979025723999939,8.784025113096212e-09,2.6808658130257456e-20,-2.8000000000000003,-0.4
3.9989321079999627,8.78402511309656e-09,2.68086581302596e-20,-2.8000000000000003,-0.4
4.019071007999855,8.784025113096854e-09,2.680865813026135e-20,-2.8000000000000003,-0.4
4.039109939999889,8.784025113097172e-09,2.68086581302633e-20,-2.8000000000000003,-0.4
4.058875189999981,8.78402511309745e-09,2.6808658130264994e-20,-2.8000000000000003,-0.4
4.079010072999836,8.784025113097698e-09,2.680865813026654e-20,-2.8000000000000003,-0.4
4.09906831599983,8.78402511309786e-09,2.680865813026749e-20,-2.8000000000000003,-0.4
4.11926493399983,8.784025113097986e-09,2.680865813026825e-20,-2.8000000000000003,-0.4
4.138915352999902,8.784025113098096e-09,2.6808658130268885e-20,-2.8000000000000003,-0.4
4.159148365999954,8.784025113098207e-09,2.6808658130269574e-20,-2.8000000000000003,-0.4
4.179052902999956,8.784025113098277e-09,2.6808658130270034e-20,-2.8000000000000003,-0.4
4.1992370399998435,8.784025113098297e-09,2.6808658130270128e-20,-2.8000000000000003,-0.4
4.219296589999885,8.784025113098401e-09,2.680865813027075e-20,-2.8000000000000003,-0.4
4.239025361999893,8.784025113098409e-09,2.6808658130270808e-20,-2.8000000000000003,-0.4
4.259017857999879,8.784025113098475e-09,2.6808658130271208e-20,-2.8000000000000003,-0.4
4.278935467999872,8.784025113098565e-09,2.6808658130271753e-20,-2.8000000000000003,-0.4
4.298940431999881,8.784025113098508e-09,2.68086581302714e-20,-2.8000000000000003,-0.4
4.31905846199993,8.78402511309857e-09,2.6808658130271792e-20,-2.8000000000000003,-0.4
4.338796811999828,8.784025113098626e-09,2.6808658130272117e-20,-2.8000000000000003,-0.4
4.358804007999879,8.784025113098725e-09,2.6808658130272722e-20,-2.8000000000000003,-0.4
4.3792044509998505,8.784025113098719e-09,2.6808658130272677e-20,-2.8000000000000003,-0.4
4.39919279999981,8.784025113098733e-09,2.680865813027279e-20,-2.8000000000000003,-0.4
4.419060381999998,8.784025113098747e-09,2.68086581302729e-20,-2.8000000000000003,-0.4
4.438739864999889,8.784025113098732e-09,2.680865813027281e-20,-2.8000000000000003,-0.4
4.459031591999974,8.784025113098766e-09,2.6808658130273044e-20,-2.8000000000000003,-0.4
4.4788772349998,8.784025113098798e-09,2.680865813027322e-20,-2.8000000000000003,-0.4
4.498900021999816,8.78402511309877e-09,2.680865813027305e-20,-2.8000000000000003,-0.4
4.519428779000009,8.784025113098773e-09,2.6808658130273065e-20,-2.8000000000000003,-0.4
4.5389867289998165,8.784025113098793e-09,2.680865813027319e-20,-2.8000000000000003,-0.4
4.559202615000004,8.784025113098801e-09,2.6808658130273248e-20,-2.8000000000000003,-0.4
4.579049664999957,8.784025113098776e-09,2.6808658130273113e-20,-2.8000000000000003,-0.4
4.598955584999885,8.78402511309873e-09,2.6808658130272824e-20,-2.8000000000000003,-0.4
4.619021338999801,8.784025113098783e-09,2.680865813027318e-20,-2.8000000000000003,-0.4
4.738597704999847,8.784025113098862e-09,2.6808658130273667e-20,-2.8000000000000003,-0.4
4.752809203999959,8.784025113098856e-09,2.68086581302736e-20,-2.8000000000000003,-0.4
4.7670556969999325,8.784025113098725e-09,2.6808658130272794e-20,-2.8000000000000003,-0.4
4.77988371299989,8.784025113098628e-09,2.6808658130272216e-20,-2.8000000000000003,-0.4
4.793709444999877,8.78402511309864e-09,2.6808658130272285e-20,-2.8000000000000003,-0.4
4.807074101999888,8.784025113098584e-09,2.680865813027192e-20,-2.8000000000000003,-0.4
4.832430660999989,8.784025113098436e-09,2.6808658130271015e-20,-2.8000000000000003,-0.4
4.847355791999917,8.784025113098383e-09,2.6808658130270678e-20,-2.8000000000000003,-0.4
4.860736437000014,8.784025113098343e-09,2.6808658130270432e-20,-2.8000000000000003,-0.4
4.874062932000015,8.784025113098313e-09,2.6808658130270266e-20,-2.8000000000000003,-0.4
4.887751769999795,8.78402511309837e-09,2.6808658130270612e-20,-2.8000000000000003,-0.4
4.91212339599997,8.784025113098391e-09,2.6808658130270733e-20,-2.8000000000000003,-0.4
4.927527139999938,8.784025113098444e-09,2.6808658130271064e-20,-2.8000000000000003,-0.4
4.94224063799993,8.784025113098462e-09,2.680865813027116e-20,-2.8000000000000003,-0.4
4.957113113999867,8.784025113098419e-09,2.6808658130270922e-20,-2.8000000000000003,-0.4
4.971657022999807,8.784025113098383e-09,2.6808658130270684e-20,-2.8000000000000003,-0.4
4.993898092999871,8.784025113098464e-09,2.6808658130271166e-20,-2.8000000000000003,-0.4
5.009701074999839,8.784025113098412e-09,2.6808658130270856e-20,-2.8000000000000003,-0.4
5.02436425399992,8.784025113098432e-09,2.680865813027099e-20,-2.8000000000000003,-0.4
5.037188474000004,8.784025113098434e-09,2.6808658130271e-20,-2.8000000000000003,-0.4
5.051963455999839,8.784025113098462e-09,2.6808658130271148e-20,-2.8000000000000003,-0.4
5.074336104999929,8.784025113098432e-09,2.6808658130270964e-20,-2.8000000000000003,-0.4
5.090973575999897,8.784025113098485e-09,2.6808658130271277e-20,-2.8000000000000003,-0.4
5.104533947999926,8.784025113098584e-09,2.6808658130271888e-20,-2.8000000000000003,-0.4
5.119318454999984,8.784025113098652e-09,2.680865813027231e-20,-2.8000000000000003,-0.4
5.133115232999899,8.78402511309863e-09,2.680865813027217e-20,-2.8000000000000003,-0.4
5.154513341999973,8.784025113098666e-09,2.6808658130272367e-20,-2.8000000000000003,-0.4
5.170940625999947,8.78402511309863e-09,2.6808658130272132e-20,-2.8000000000000003,-0.4
5.185261983999908,8.78402511309862e-09,2.6808658130272045e-20,-2.8000000000000003,-0.4
5.198736044999805,8.784025113098667e-09,2.6808658130272328e-20,-2.8000000000000003,-0.4
5.213571598999806,8.784025113098657e-09,2.6808658130272264e-20,-2.8000000000000003,-0.4
5.236582888999919,8.784025113098621e-09,2.6808658130272036e-20,-2.8000000000000003,-0.4
5.251547122999909,8.784025113098628e-09,2.6808658130272075e-20,-2.8000000000000003,-0.4
5.264467892999846,8.784025113098626e-09,2.6808658130272063e-20,-2.8000000000000003,-0.4
5.279100670999924,8.784025113098637e-09,2.680865813027213e-20,-2.8000000000000003,-0.4
5.29279391099999,8.78402511309865e-09,2.6808658130272204e-20,-2.8000000000000003,-0.4
5.317049520999944,8.78402511309864e-09,2.6808658130272153e-20,-2.8000000000000003,-0.4
5.3326695009998275,8.784025113098647e-09,2.6808658130272174e-20,-2.8000000000000003,-0.4
5.346366892999868,8.784025113098719e-09,2.6808658130272562e-20,-2.8000000000000003,-0.4
5.360254075999819,8.784025113098766e-09,2.6808658130272842e-20,-2.8000000000000003,-0.4
5.374602702999937,8.784025113098823e-09,2.6808658130273185e-20,-2.8000000000000003,-0.4
5.3962764439997954,8.78402511309886e-09,2.6808658130273414e-20,-2.8000000000000003,-0.4
5.412045776000014,8.78402511309891e-09,2.68086581302737e-20,-2.8000000000000003,-0.4
5.425190666999924,8.784025113098982e-09,2.6808658130274115e-20,-2.8000000000000003,-0.4
5.43908445399984,8.784025113099048e-09,2.6808658130274518e-20,-2.8000000000000003,-0.4
5.452138014999946,8.784025113099207e-09,2.6808658130275508e-20,-2.8000000000000003,-0.4
5.47407315800001,8.784025113099168e-09,2.68086581302753e-20,-2.8000000000000003,-0.4
5.488569764999966,8.78402511309915e-09,2.6808658130275192e-20,-2.8000000000000003,-0.4
5.502072834999808,8.784025113099154e-09,2.6808658130275225e-20,-2.8000000000000003,-0.4
5.515403365999873,8.784025113099157e-09,2.6808658130275262e-20,-2.8000000000000003,-0.4
5.529606242,8.784025113099157e-09,2.6808658130275265e-20,-2.8000000000000003,-0.4
5.550769158999856,8.784025113099119e-09,2.6808658130275024e-20,-2.8000000000000003,-0.4
5.565420543999835,8.784025113099087e-09,2.680865813027484e-20,-2.8000000000000003,-0.4
5.580679392999855,8.784025113099071e-09,2.680865813027479e-20,-2.8000000000000003,-0.4
5.594199316999948,8.784025113099025e-09,2.6808658130274503e-20,-2.8000000000000003,-0.4
5.6080908059998364,8.784025113099021e-09,2.6808658130274485e-20,-2.8000000000000003,-0.4
5.6290578690000075,8.784025113098932e-09,2.6808658130273943e-20,-2.8000000000000003,-0.4
5.64472986099986,8.784025113099018e-09,2.6808658130274482e-20,-2.8000000000000003,-0.4
5.658512415999894,8.784025113098932e-09,2.6808658130273943e-20,-2.8000000000000003,-0.4
5.673548107999977,8.784025113098982e-09,2.6808658130274256e-20,-2.8000000000000003,-0.4
5.688117593000015,8.784025113098912e-09,2.6808658130273817e-20,-2.8000000000000003,-0.4
5.7146942239999134,8.784025113098962e-09,2.680865813027412e-20,-2.8000000000000003,-0.4
5.7316671469998255,8.784025113098998e-09,2.6808658130274335e-20,-2.8000000000000003,-0.4
5.745084975999816,8.784025113099016e-09,2.6808658130274464e-20,-2.8000000000000003,-0.4
5.759187957999984,8.784025113099034e-09,2.680865813027457e-20,-2.8000000000000003,-0.4
5.772595293999984,8.784025113099044e-09,2.6808658130274606e-20,-2.8000000000000003,-0.4
5.798426343999836,8.784025113099021e-09,2.680865813027447e-20,-2.8000000000000003,-0.4
5.8140248149998115,8.784025113099077e-09,2.6808658130274795e-20,-2.8000000000000003,-0.4
5.827230591999978,8.784025113099097e-09,2.6808658130274906e-20,-2.8000000000000003,-0.4
5.841203142999802,8.784025113099122e-09,2.680865813027506e-20,-2.8000000000000003,-0.4
5.8551710179999645,8.784025113099188e-09,2.6808658130275478e-20,-2.8000000000000003,-0.4
5.877360761999853,8.784025113099147e-09,2.680865813027521e-20,-2.8000000000000003,-0.4
5.894043281999984,8.784025113099164e-09,2.6808658130275298e-20,-2.8000000000000003,-0.4
5.908611929000017,8.784025113099134e-09,2.680865813027511e-20,-2.8000000000000003,-0.4
5.921365868999828,8.784025113099142e-09,2.6808658130275165e-20,-2.8000000000000003,-0.4
5.934800842999948,8.78402511309916e-09,2.6808658130275268e-20,-2.8000000000000003,-0.4
5.960144084999911,8.784025113099233e-09,2.6808658130275737e-20,-2.8000000000000003,-0.4
5.977495283999815,8.784025113099248e-09,2.6808658130275827e-20,-2.8000000000000003,-0.4
5.992226941999888,8.784025113099278e-09,2.6808658130276017e-20,-2.8000000000000003,-0.4
6.006702398000016,8.784025113099233e-09,2.6808658130275722e-20,-2.8000000000000003,-0.4
6.021036909999793,8.784025113099283e-09,2.680865813027605e-20,-2.8000000000000003,-0.4
6.0431893749998835,8.784025113099226e-09,2.6808658130275743e-20,-2.8000000000000003,-0.4
6.0590721809999195,8.784025113099319e-09,2.6808658130276303e-20,-2.8000000000000003,-0.4
6.072618532999968,8.784025113099342e-09,2.6808658130276483e-20,-2.8000000000000003,-0.4
6.086710363999828,8.784025113099369e-09,2.6808658130276667e-20,-2.8000000000000003,-0.4
6.0999348459999965,8.784025113099392e-09,2.6808658130276814e-20,-2.8000000000000003,-0.4
6.119589862999874,8.784025113099332e-09,2.680865813027646e-20,-2.8000000000000003,-0.4
6.13400201699983,8.784025113099337e-09,2.6808658130276468e-20,-2.8000000000000003,-0.4
6.147685467999963,8.784025113099302e-09,2.6808658130276215e-20,-2.8000000000000003,-0.4
6.160964708999927,8.784025113099385e-09,2.6808658130276727e-20,-2.8000000000000003,-0.4
6.17392787499989,8.784025113099372e-09,2.6808658130276628e-20,-2.8000000000000003,-0.4
6.195402101999889,8.784025113099446e-09,2.6808658130277097e-20,-2.8000000000000003,-0.4
6.209951983999872,8.784025113099465e-09,2.680865813027721e-20,-2.8000000000000003,-0.4
6.223664116000009,8.784025113099488e-09,2.6808658130277368e-20,-2.8000000000000003,-0.4
6.236280012999941,8.784025113099498e-09,2.6808658130277413e-20,-2.8000000000000003,-0.4
6.250173586999836,8.784025113099451e-09,2.680865813027715e-20,-2.8000000000000003,-0.4
6.2736808929998915,8.784025113099441e-09,2.6808658130277088e-20,-2.8000000000000003,-0.4
6.289697396999827,8.784025113099428e-09,2.6808658130277037e-20,-2.8000000000000003,-0.4
6.303412032999859,8.784025113099481e-09,2.680865813027732e-20,-2.8000000000000003,-0.4
6.317742782999858,8.784025113099422e-09,2.6808658130276953e-20,-2.8000000000000003,-0.4
6.331111570999838,8.784025113099415e-09,2.6808658130276923e-20,-2.8000000000000003,-0.4
6.352860721999832,8.784025113099365e-09,2.6808658130276616e-20,-2.8000000000000003,-0.4
6.3686407619998135,8.784025113099473e-09,2.6808658130277254e-20,-2.8000000000000003,-0.4
6.382194996999942,8.784025113099408e-09,2.6808658130276862e-20,-2.8000000000000003,-0.4
6.395379639999874,8.784025113099438e-09,2.6808658130277037e-20,-2.8000000000000003,-0.4
6.408961710999847,8.784025113099412e-09,2.6808658130276847e-20,-2.8000000000000003,-0.4
6.431514215999869,8.784025113099455e-09,2.6808658130277106e-20,-2.8000000000000003,-0.4
6.447181044999979,8.784025113099365e-09,2.6808658130276568e-20,-2.8000000000000003,-0.4
6.460479477999797,8.784025113099461e-09,2.680865813027716e-20,-2.8000000000000003,-0.4
6.4744588579999345,8.784025113099428e-09,2.680865813027697e-20,-2.8000000000000003,-0.4
6.487559253999962,8.784025113099465e-09,2.6808658130277206e-20,-2.8000000000000003,-0.4
6.511020174999885,8.7840251130995e-09,2.680865813027743e-20,-2.8000000000000003,-0.4
6.525818845000003,8.784025113099504e-09,2.6808658130277437e-20,-2.8000000000000003,-0.4
6.538411887999928,8.784025113099484e-09,2.6808658130277305e-20,-2.8000000000000003,-0.4
6.552315904999887,8.784025113099435e-09,2.680865813027699e-20,-2.8000000000000003,-0.4
6.566494380999984,8.78402511309949e-09,2.6808658130277344e-20,-2.8000000000000003,-0.4
6.588778424999873,8.784025113099428e-09,2.6808658130276962e-20,-2.8000000000000003,-0.4
6.603650603999995,8.784025113099468e-09,2.6808658130277193e-20,-2.8000000000000003,-0.4
6.617305324999961,8.784025113099415e-09,2.6808658130276853e-20,-2.8000000000000003,-0.4
6.630603776999806,8.784025113099407e-09,2.6808658130276784e-20,-2.8000000000000003,-0.4
6.643892701999903,8.784025113099422e-09,2.6808658130276893e-20,-2.8000000000000003,-0.4
6.665296976999798,8.784025113099498e-09,2.6808658130277368e-20,-2.8000000000000003,-0.4
6.679727243999878,8.784025113099484e-09,2.6808658130277302e-20,-2.8000000000000003,-0.4
6.6929000650000035,8.78402511309958e-09,2.6808658130277904e-20,-2.8000000000000003,-0.4
6.706184334,8.784025113099508e-09,2.6808658130277458e-20,-2.8000000000000003,-0.4
6.719703521999918,8.784025113099494e-09,2.6808658130277383e-20,-2.8000000000000003,-0.4
6.740579230999856,8.784025113099471e-09,2.6808658130277227e-20,-2.8000000000000003,-0.4
6.755325022999841,8.784025113099532e-09,2.680865813027761e-20,-2.8000000000000003,-0.4
6.768403307999961,8.78402511309946e-09,2.680865813027713e-20,-2.8000000000000003,-0.4
6.7815172789999,8.784025113099511e-09,2.680865813027745e-20,-2.8000000000000003,-0.4
6.7951572580000175,8.784025113099518e-09,2.6808658130277497e-20,-2.8000000000000003,-0.4
6.818153625999912,8.784025113099566e-09,2.6808658130277804e-20,-2.8000000000000003,-0.4
6.833286191999832,8.78402511309958e-09,2.6808658130277904e-20,-2.8000000000000003,-0.4
6.846220843999845,8.784025113099597e-09,2.6808658130277985e-20,-2.8000000000000003,-0.4
6.85932962999982,8.784025113099486e-09,2.6808658130277338e-20,-2.8000000000000003,-0.4
6.872556933999931,8.78402511309956e-09,2.6808658130277795e-20,-2.8000000000000003,-0.4
6.893410136999819,8.784025113099498e-09,2.6808658130277395e-20,-2.8000000000000003,-0.4
6.908364942999924,8.78402511309953e-09,2.6808658130277612e-20,-2.8000000000000003,-0.4
6.922036790999982,8.784025113099518e-09,2.6808658130277503e-20,-2.8000000000000003,-0.4
6.935404688999824,8.78402511309957e-09,2.6808658130277837e-20,-2.8000000000000003,-0.4
6.948846652999919,8.784025113099599e-09,2.6808658130277997e-20,-2.8000000000000003,-0.4
6.975136686999804,8.784025113099432e-09,2.6808658130276986e-20,-2.8000000000000003,-0.4
6.993720731999929,8.78402511309942e-09,2.6808658130276905e-20,-2.8000000000000003,-0.4
7.008738790999814,8.784025113099377e-09,2.680865813027664e-20,-2.8000000000000003,-0.4
7.024358742000004,8.784025113099336e-09,2.6808658130276396e-20,-2.8000000000000003,-0.4
7.039029853999864,8.784025113099296e-09,2.6808658130276143e-20,-2.8000000000000003,-0.4
7.062677754999868,8.784025113099377e-09,2.680865813027661e-20,-2.8000000000000003,-0.4
7.080328926999982,8.784025113099312e-09,2.6808658130276228e-20,-2.8000000000000003,-0.4
7.09550195199995,8.784025113099403e-09,2.6808658130276772e-20,-2.8000000000000003,-0.4
7.109871228999964,8.784025113099324e-09,2.680865813027627e-20,-2.8000000000000003,-0.4
7.125977826999815,8.784025113099302e-09,2.680865813027613e-20,-2.8000000000000003,-0.4
7.147113648999948,8.784025113099197e-09,2.6808658130275478e-20,-2.8000000000000003,-0.4
7.165081313999963,8.78402511309925e-09,2.68086581302758e-20,-2.8000000000000003,-0.4
7.181895922999956,8.784025113099207e-09,2.6808658130275538e-20,-2.8000000000000003,-0.4
7.197011565999901,8.78402511309923e-09,2.6808658130275677e-20,-2.8000000000000003,-0.4
7.214184459999842,8.784025113099248e-09,2.680865813027578e-20,-2.8000000000000003,-0.4
7.23930485599999,8.784025113099226e-09,2.680865813027566e-20,-2.8000000000000003,-0.4
7.2573298819997945,8.784025113099203e-09,2.6808658130275532e-20,-2.8000000000000003,-0.4
7.273007163999864,8.784025113099142e-09,2.6808658130275177e-20,-2.8000000000000003,-0.4
7.289193157,8.784025113099159e-09,2.6808658130275283e-20,-2.8000000000000003,-0.4
7.3044368179998855,8.784025113099097e-09,2.6808658130274912e-20,-2.8000000000000003,-0.4
7.323012027000004,8.784025113099089e-09,2.6808658130274843e-20,-2.8000000000000003,-0.4
7.338164510999832,8.784025113099041e-09,2.6808658130274548e-20,-2.8000000000000003,-0.4
7.351425299999846,8.784025113099034e-09,2.68086581302745e-20,-2.8000000000000003,-0.4
7.365004779999936,8.784025113099008e-09,2.6808658130274317e-20,-2.8000000000000003,-0.4
7.378582569999935,8.784025113099015e-09,2.6808658130274344e-20,-2.8000000000000003,-0.4
7.40017963199989,8.784025113098985e-09,2.680865813027416e-20,-2.8000000000000003,-0.4
7.415166983999825,8.784025113098947e-09,2.680865813027395e-20,-2.8000000000000003,-0.4
7.42863906499997,8.784025113098894e-09,2.680865813027361e-20,-2.8000000000000003,-0.4
7.443941646999974,8.784025113098889e-09,2.6808658130273594e-20,-2.8000000000000003,-0.4
7.457331427999861,8.784025113098834e-09,2.680865813027325e-20,-2.8000000000000003,-0.4
7.480338400999926,8.784025113098816e-09,2.6808658130273128e-20,-2.8000000000000003,-0.4
7.4960716599998705,8.784025113098723e-09,2.6808658130272568e-20,-2.8000000000000003,-0.4
7.510409629999913,8.78402511309866e-09,2.6808658130272183e-20,-2.8000000000000003,-0.4
7.523663541999895,8.784025113098623e-09,2.6808658130271948e-20,-2.8000000000000003,-0.4
7.537215233999859,8.78402511309857e-09,2.6808658130271638e-20,-2.8000000000000003,-0.4
7.5599677699999575,8.784025113098548e-09,2.6808658130271515e-20,-2.8000000000000003,-0.4
7.575943775999804,8.784025113098512e-09,2.6808658130271313e-20,-2.8000000000000003,-0.4
7.589715429999842,8.784025113098495e-09,2.6808658130271226e-20,-2.8000000000000003,-0.4
7.603048144000013,8.784025113098426e-09,2.6808658130270784e-20,-2.8000000000000003,-0.4
7.617351169999893,8.784025113098449e-09,2.6808658130270892e-20,-2.8000000000000003,-0.4
7.63956928399989,8.784025113098436e-09,2.680865813027079e-20,-2.8000000000000003,-0.4
7.654705219999869,8.784025113098396e-09,2.6808658130270534e-20,-2.8000000000000003,-0.4
7.668043515999898,8.784025113098388e-09,2.680865813027048e-20,-2.8000000000000003,-0.4
7.6809412819998215,8.784025113098383e-09,2.680865813027043e-20,-2.8000000000000003,-0.4
7.69370468399984,8.784025113098388e-09,2.6808658130270462e-20,-2.8000000000000003,-0.4
7.715766393999957,8.784025113098396e-09,2.680865813027051e-20,-2.8000000000000003,-0.4
7.730205170999852,8.784025113098406e-09,2.6808658130270588e-20,-2.8000000000000003,-0.4
7.74298415699991,8.784025113098412e-09,2.6808658130270612e-20,-2.8000000000000003,-0.4
7.756392506999873,8.784025113098383e-09,2.680865813027039e-20,-2.8000000000000003,-0.4
7.770110143000011,8.784025113098376e-09,2.6808658130270344e-20,-2.8000000000000003,-0.4
7.790636648999907,8.78402511309838e-09,2.6808658130270353e-20,-2.8000000000000003,-0.4
7.805266903999836,8.784025113098303e-09,2.680865813026988e-20,-2.8000000000000003,-0.4
7.81877469899996,8.784025113098297e-09,2.6808658130269857e-20,-2.8000000000000003,-0.4
7.831593164999958,8.78402511309825e-09,2.6808658130269577e-20,-2.8000000000000003,-0.4
7.845658741999841,8.784025113098302e-09,2.680865813026986e-20,-2.8000000000000003,-0.4
7.867734530999996,8.784025113098192e-09,2.6808658130269204e-20,-2.8000000000000003,-0.4
7.883055026999955,8.784025113098181e-09,2.6808658130269123e-20,-2.8000000000000003,-0.4
7.896187145999875,8.784025113098187e-09,2.680865813026915e-20,-2.8000000000000003,-0.4
7.908995085000015,8.784025113098197e-09,2.680865813026918e-20,-2.8000000000000003,-0.4
7.922239364000006,8.784025113098125e-09,2.680865813026875e-20,-2.8000000000000003,-0.4
7.943707829999994,8.784025113098118e-09,2.6808658130268716e-20,-2.8000000000000003,-0.4
7.958659781999813,8.784025113098088e-09,2.680865813026852e-20,-2.8000000000000003,-0.4
7.9717134589998295,8.784025113098095e-09,2.6808658130268557e-20,-2.8000000000000003,-0.4
7.985208366999814,8.784025113098063e-09,2.6808658130268385e-20,-2.8000000000000003,-0.4
7.9984876070000155,8.784025113098075e-09,2.6808658130268455e-20,-2.8000000000000003,-0.4
8.017463291000013,8.784025113098082e-09,2.68086581302685e-20,-2.8000000000000003,-0.4
8.032959815999902,8.784025113098009e-09,2.680865813026807e-20,-2.8000000000000003,-0.4
8.04723653699989,8.784025113097916e-09,2.6808658130267522e-20,-2.8000000000000003,-0.4
8.059827261999999,8.784025113097797e-09,2.68086581302668e-20,-2.8000000000000003,-0.4
8.07301276599992,8.784025113097838e-09,2.6808658130267058e-20,-2.8000000000000003,-0.4
8.09213685099985,8.784025113097797e-09,2.680865813026679e-20,-2.8000000000000003,-0.4
8.107073576999937,8.78402511309779e-09,2.680865813026674e-20,-2.8000000000000003,-0.4
8.120177345999991,8.784025113097742e-09,2.680865813026646e-20,-2.8000000000000003,-0.4
8.133447801999864,8.78402511309774e-09,2.680865813026643e-20,-2.8000000000000003,-0.4
8.146635690999801,8.784025113097686e-09,2.6808658130266113e-20,-2.8000000000000003,-0.4
8.166013240999973,8.784025113097628e-09,2.6808658130265776e-20,-2.8000000000000003,-0.4
8.17977370199992,8.784025113097575e-09,2.6808658130265472e-20,-2.8000000000000003,-0.4
8.193130243999803,8.784025113097529e-09,2.680865813026518e-20,-2.8000000000000003,-0.4
8.205882731999964,8.784025113097466e-09,2.680865813026477e-20,-2.8000000000000003,-0.4
8.219059576999825,8.78402511309736e-09,2.680865813026414e-20,-2.8000000000000003,-0.4
8.242351535999887,8.78402511309739e-09,2.6808658130264314e-20,-2.8000000000000003,-0.4
8.25657967799998,8.784025113097304e-09,2.6808658130263766e-20,-2.8000000000000003,-0.4
8.269624169999815,8.784025113097297e-09,2.680865813026373e-20,-2.8000000000000003,-0.4
8.283195471999989,8.784025113097307e-09,2.68086581302638e-20,-2.8000000000000003,-0.4
8.296056529999987,8.784025113097354e-09,2.680865813026407e-20,-2.8000000000000003,-0.4
8.317225857999802,8.784025113097263e-09,2.6808658130263525e-20,-2.8000000000000003,-0.4
8.331892702000005,8.784025113097287e-09,2.6808658130263658e-20,-2.8000000000000003,-0.4
8.344435428999986,8.784025113097261e-09,2.6808658130263477e-20,-2.8000000000000003,-0.4
8.358047977999831,8.784025113097307e-09,2.6808658130263757e-20,-2.8000000000000003,-0.4
8.370624908999844,8.784025113097253e-09,2.6808658130263423e-20,-2.8000000000000003,-0.4
8.393073564999895,8.784025113097235e-09,2.6808658130263315e-20,-2.8000000000000003,-0.4
8.407470618999923,8.784025113097142e-09,2.6808658130262755e-20,-2.8000000000000003,-0.4
8.420194435999974,8.784025113097119e-09,2.6808658130262623e-20,-2.8000000000000003,-0.4
8.433474783999827,8.78402511309703e-09,2.6808658130262084e-20,-2.8000000000000003,-0.4
8.447359861999985,8.784025113097013e-09,2.6808658130261994e-20,-2.8000000000000003,-0.4
8.47018608899998,8.784025113096968e-09,2.6808658130261717e-20,-2.8000000000000003,-0.4
8.484969154999817,8.784025113097031e-09,2.6808658130262078e-20,-2.8000000000000003,-0.4
8.496949559999848,8.784025113096917e-09,2.680865813026138e-20,-2.8000000000000003,-0.4
8.510176541999954,8.784025113096899e-09,2.6808658130261256e-20,-2.8000000000000003,-0.4
8.52323515199987,8.784025113096823e-09,2.6808658130260796e-20,-2.8000000000000003,-0.4
8.544253574999857,8.784025113096844e-09,2.680865813026089e-20,-2.8000000000000003,-0.4
8.559240241999987,8.784025113096756e-09,2.680865813026035e-20,-2.8000000000000003,-0.4
8.57107525399988,8.784025113096824e-09,2.6808658130260772e-20,-2.8000000000000003,-0.4
8.584989080000014,8.784025113096788e-09,2.680865813026052e-20,-2.8000000000000003,-0.4
8.598383547999902,8.78402511309687e-09,2.6808658130261067e-20,-2.8000000000000003,-0.4
8.622273389999918,8.784025113096794e-09,2.6808658130260597e-20,-2.8000000000000003,-0.4
8.637027111999942,8.784025113096771e-09,2.6808658130260477e-20,-2.8000000000000003,-0.4
8.650594663999982,8.78402511309672e-09,2.680865813026016e-20,-2.8000000000000003,-0.4
8.664279020999857,8.784025113096715e-09,2.6808658130260122e-20,-2.8000000000000003,-0.4
8.677411198999835,8.784025113096728e-09,2.6808658130260185e-20,-2.8000000000000003,-0.4
8.696787352000001,8.784025113096665e-09,2.6808658130259815e-20,-2.8000000000000003,-0.4
8.711850065999897,8.784025113096705e-09,2.680865813026005e-20,-2.8000000000000003,-0.4
8.725074197999902,8.784025113096649e-09,2.6808658130259686e-20,-2.8000000000000003,-0.4
8.737688901999945,8.784025113096669e-09,2.6808658130259806e-20,-2.8000000000000003,-0.4
8.750917695999988,8.784025113096646e-09,2.6808658130259677e-20,-2.8000000000000003,-0.4
8.772591800999862,8.784025113096692e-09,2.6808658130259977e-20,-2.8000000000000003,-0.4
8.788069109999924,8.784025113096637e-09,2.680865813025964e-20,-2.8000000000000003,-0.4
8.801155221999807,8.784025113096622e-09,2.6808658130259565e-20,-2.8000000000000003,-0.4
8.813993086999972,8.784025113096523e-09,2.6808658130258972e-20,-2.8000000000000003,-0.4
8.827709046999871,8.784025113096477e-09,2.6808658130258702e-20,-2.8000000000000003,-0.4
8.853027354999995,8.784025113096513e-09,2.6808658130258897e-20,-2.8000000000000003,-0.4
8.86804353399998,8.78402511309653e-09,2.680865813025901e-20,-2.8000000000000003,-0.4
8.881512726999972,8.78402511309645e-09,2.680865813025853e-20,-2.8000000000000003,-0.4
8.895309902000008,8.784025113096485e-09,2.680865813025872e-20,-2.8000000000000003,-0.4
8.908359461999908,8.784025113096434e-09,2.680865813025841e-20,-2.8000000000000003,-0.4
8.9328937639998,8.784025113096392e-09,2.6808658130258163e-20,-2.8000000000000003,-0.4
8.946849811999982,8.784025113096371e-09,2.6808658130258043e-20,-2.8000000000000003,-0.4
8.960584561999895,8.784025113096275e-09,2.680865813025747e-20,-2.8000000000000003,-0.4
8.975941623999915,8.784025113096255e-09,2.680865813025736e-20,-2.8000000000000003,-0.4
8.988349249999828,8.784025113096232e-09,2.680865813025722e-20,-2.8000000000000003,-0.4
9.00959822599998,8.784025113096225e-09,2.6808658130257164e-20,-2.8000000000000003,-0.4
9.024176114999818,8.784025113096166e-09,2.680865813025681e-20,-2.8000000000000003,-0.4
9.037128308999854,8.784025113096124e-09,2.6808658130256544e-20,-2.8000000000000003,-0.4
9.050529545000018,0.00010500878319392629,-1.2104832152363821e-08,-2.799895000000831,-0.40000001210483216
9.064657136999813,0.0005950087570050412,-1.6836721469435732e-07,-2.7994050000270203,-0.4000001683672147
9.085637068999858,0.00148500861371452,-6.692242949424074e-07,-2.7985150001703105,-0.40000066922429495
9.101868389999936,0.0027750081856652634,-1.715899204512589e-06,-2.79722500059836,-0.4000017158992045
9.115816200999916,0.004465007229280005,-3.509615006499517e-06,-2.7955350015547453,-0.4000035096150065
9.12942998099993,0.006555005666310559,-6.065246021371995e-06,-2.7934450031177147,-0.4000060652460214
9.143080190999854,0.00904500403975867,-8.9104762955679e-06,-2.7909550047442666,-0.4000089104762956
9.160167951999938,0.011922268887054726,-1.1926550937926877e-05,-2.7880777398969707,-0.4000119265509379
9.175758653000003,0.014911333241381688,-1.4779317376273681e-05,-2.7850886755426436,-0.4000147793173763
9.189333290999912,0.017900397852626444,-1.7348828744078084e-05,-2.782099610931399,-0.4000173488287441
9.20336559899988,0.020876149862909324,-1.9882938991589612e-05,-2.779123858921116,-0.4000198829389916
9.217035585999838,0.02384619575717581,-2.3136121015860175e-05,-2.7761538130268493,-0.40002313612101587
9.235897720999901,0.026816240706890725,-2.7160287442114064e-05,-2.7731837680771343,-0.4000271602874421
9.250453585999821,0.029786284511916766,-3.195543799978633e-05,-2.7702137242721085,-0.4000319554379998
9.263828017999913,0.03275632697211673,-3.752157236496191e-05,-2.7672436818119084,-0.400037521572365
9.278036119999797,0.03572587368575186,-4.386206766084133e-05,-2.7642741350982734,-0.40004386206766085
9.291654866999806,0.038695206815318836,-5.0990280566775905e-05,-2.7613048019687065,-0.4000509902805668
9.311750526999958,0.04166453794606531,-5.890746081024498e-05,-2.75833547083796,-0.40005890746081024
9.327646134999895,0.04463386686835858,-6.761360782920685e-05,-2.7553661419156668,-0.4000676136078292
9.342197497999905,0.04760319337256605,-7.71087210119932e-05,-2.7523968154114593,-0.40007710872101204
9.355941347999988,0.050533719214324466,-8.759980305765735e-05,-2.7494662895697006,-0.4000875998030577
9.369621845999973,0.053447609514622116,-0.00010014576808495496,-2.746552399269403,-0.400100145768085
9.390716036999947,0.05636148964409026,-0.00011486563553906227,-2.743638519139935,-0.4001148656355391
9.4061142139999,0.05927535798089327,-0.00013175939722739885,-2.740724650803132,-0.4001317593972274
9.420615856999802,0.06218921290320206,-0.0001508270437466949,-2.737810795880823,-0.4001508270437467
9.434911356999919,0.06513148434135611,-0.0001714646195171895,-2.734868524442669,-0.4001714646195172
9.448808686999882,0.06808771303414006,-0.0001912302564279587,-2.7319122957498854,-0.400191230256428
9.467104653999968,0.07104394900165945,-0.00020987613604839882,-2.728956059782366,-0.4002098761360484
9.482415916999798,0.07400019181976687,-0.00022740225570025543,-2.7259998169642583,-0.4002274022557003
9.496728473999838,0.07695644106432092,-0.00024380861286978618,-2.7230435677197042,-0.4002438086128698
9.509477660999892,0.0798980061569474,-0.0002596956533171447,-2.720102002627078,-0.40025969565331715
9.523901642999817,0.08283326837598932,-0.00027707078420984434,-2.717166740408036,-0.4002770707842099
9.543366638999942,0.08576852039301236,-0.0002960914635815333,-2.714231488391013,-0.4002960914635816
9.560185402999878,0.08870376128550396,-0.0003167576854560363,-2.711296247498521,-0.40031675768545605
9.573115888999837,0.09163899013095055,-0.00033906944333791277,-2.7083610186530747,-0.4003390694433379
9.587111628999992,0.09458651211713869,-0.00036301798133800027,-2.7054134966668864,-0.400363017981338
9.600886059999993,0.09753929756196401,-0.00038823427740260967,-2.702460711222061,-0.4003882342774026
9.620232129999977,0.10049207246591826,-0.00041465607403541447,-2.699507936318107,-0.4004146560740354
9.63578214999984,0.10344483633684531,-0.000442283366832691,-2.69655517244718,-0.40044228336683274
9.649740629000007,0.10639758868259079,-0.00047111615118998544,-2.6936024201014344,-0.40047111615119
9.663079940999978,0.10933209227041932,-0.0005011296922137371,-2.690667916513606,-0.40050112969221374
9.67747736199999,0.11225876156063523,-0.0005328907402618441,-2.68774124722339,-0.4005328907402619
9.697284036999918,0.11518541012484677,-0.0005665074037575327,-2.6848145986591785,-0.40056650740375754
9.713366274000009,0.11811203678652597,-0.0006019796691856738,-2.681887971997499,-0.4006019796691857
9.726740987999847,0.1210386403691536,-0.0006393075222875007,-2.6789613684148716,-0.40063930752228755
9.740175251999972,0.12393970714275444,-0.0006783706345369418,-2.6760603016412707,-0.400678370634537
9.754335389999824,0.126829803529356,-0.0007199940372520637,-2.673170205254669,-0.40071999403725206
9.772381874999837,0.1297198590740342,-0.0007643627218885581,-2.670280149709991,-0.4007643627218886
9.787743754999838,0.13260987116906559,-0.0008114766484116725,-2.6673901376149596,-0.4008114766484117
9.801205611999876,0.13549983720676645,-0.0008613357743103045,-2.664500171577259,-0.4008613357743103
9.815504092999845,0.13845162316364837,-0.000914347027745858,-2.6615483856203768,-0.40091434702774587
9.829108028999826,0.14144568281930206,-0.0009681079817637463,-2.6585543259647233,-0.40096810798176374
9.849260903999948,0.14443974501451554,-0.0010217273159710849,-2.6555602637695097,-0.40102172731597113
9.86377179499982,0.1474338097425876,-0.0010752050302375604,-2.6525661990414378,-0.4010752050302376
9.877870434999977,0.15042787699681984,-0.0011285411244577426,-2.649572131787205,-0.4011285411244578
9.891886241999828,0.15337307269006695,-0.0011804338232150248,-2.6466269360939583,-0.40118043382321505
9.90513249799983,0.15629735071399,-0.0012301252614539536,-2.643702658070035,-0.40123012526145396
9.925285857999825,0.15922166054373837,-0.0012779083115339956,-2.640778348240287,-0.40127790831153404
9.940931571999954,0.16214600093389459,-0.0013237829531053554,-2.6378540078501307,-0.4013237829531054
9.95444831399982,0.1650703706390287,-0.0013677491666313248,-2.6349296381449965,-0.40136774916663137
9.968398050999895,0.1680396329264775,-0.0014108963286565705,-2.6319603758575476,-0.4014108963286566
9.981904935999864,0.17103470265509924,-0.0014542176306625223,-2.628965306128926,-0.4014542176306625
10.001114729999927,0.17402977411477463,-0.001497419088343467,-2.625970234669251,-0.40149741908834347
10.016713557000003,0.17702484730070936,-0.0015405007016337617,-2.622975161483316,-0.4015405007016338
10.029812916999845,0.18001992220810772,-0.0015834624704587131,-2.6199800865759175,-0.40158346247045873
10.043759050999824,0.18301817349502242,-0.0016263797127846061,-2.616981835289003,-0.40162637971278464
10.057138563999843,0.18601778558340326,-0.0016693130402866054,-2.613982223200622,-0.40166931304028664
10.081334126000002,0.1890173976417648,-0.0017122484650896352,-2.6109826111422603,-0.4017122484650897
10.096919771999865,0.19201700967010554,-0.0017551859871936738,-2.60798299911392,-0.4017551859871937
10.111240871999826,0.19501662166842404,-0.0017981256065987014,-2.604983387115601,-0.4017981256065987
10.129967092000015,0.19799199953792845,-0.0018405013236729862,-2.602008009246097,-0.401840501323673
10.139513135000016,0.200957002030996,-0.001881876668835106,-2.5990430067530292,-0.4018818766688351
10.156289473000015,0.20392201683602595,-0.001922360110356122,-2.5960779919479995,-0.40192236011035615
10.171665694000012,0.2068870436847244,-0.0019619516445719023,-2.593112965099301,-0.40196195164457194
10.185586976999957,0.20985208230879637,-0.002000651267900372,-2.590147926475229,-0.4020006512679004
10.199517047999962,0.21283039822548613,-0.002038747649709471,-2.587169610558539,-0.4020387476497095
10.212937688000011,0.21581440558626847,-0.0020764876541653444,-2.584185603197757,-0.40207648765416537
10.233524610999893,0.2187984180720528,-0.0021138202380932914,-2.5812015907119723,-0.40211382023809333
10.249075878999975,0.22178243562721212,-0.0021507454007944748,-2.578217573156813,-0.4021507454007945
10.263374514999896,0.22476645819611923,-0.0021872631415797332,-2.575233550587906,-0.40218726314157976
10.277055950999966,0.2277427340756511,-0.0022232098873713416,-2.5722572747083743,-0.40222320988737137
10.290050285999996,0.23071569557795704,-0.002258437823777823,-2.5692843132060683,-0.40225843782377785
10.309348582999974,0.2336886651912605,-0.0022929744720111465,-2.5663113435927647,-0.4022929744720112
10.32535217099985,0.23666164275481957,-0.0023268198302045288,-2.5633383660292055,-0.4023268198302046
10.339335191999908,0.23963462810789196,-0.0023599738965266815,-2.5603653806761333,-0.4023599738965267
10.352864898999997,0.24261959377596157,-0.0023926756058936737,-2.5573804150080637,-0.4023926756058937
10.36682563699992,0.24560969406328179,-0.0024251618480669256,-2.5543903147207434,-0.4024251618480669
10.386942885999815,0.24859979707753935,-0.0024573961200603546,-2.551400211706486,-0.4024573961200604
10.402749422999932,0.2515899027975011,-0.0024893784216533017,-2.548410105986524,-0.40248937842165333
10.416233296999962,0.25458001120193363,-0.002521108752609352,-2.5454199975820915,-0.4025211087526094
10.42970302699996,0.2575456877176636,-0.002552671263842278,-2.5424543210663617,-0.4025526712638423
10.444176865999907,0.26050088213601397,-0.0025852035617756667,-2.5394991266480114,-0.4025852035617757
10.464139709999927,0.26345606375104724,-0.0026188788171703087,-2.536543945032978,-0.40261887881717034
10.479227419999916,0.2664112321207106,-0.0026536970249903687,-2.5335887766633145,-0.4026536970249904
10.502930719000005,0.26936638680295355,-0.0026896581800258884,-2.530633621981072,-0.4026896581800259
10.520000750000008,0.2723494087686238,-0.0027268502331163217,-2.5276506000154013,-0.40272685023311633
10.537574715999881,0.2753460149339502,-0.0027643416058918562,-2.524653993850075,-0.40276434160589186
10.560296220999817,0.2783426200716136,-0.002801915027831351,-2.521657388712412,-0.40280191502783136
10.57814745099995,0.28133922417936685,-0.0028395704988861993,-2.5186607846046583,-0.40283957049888625
10.593678955999849,0.28433582725496387,-0.002877308019043985,-2.5156641815290612,-0.40287730801904403
10.609041117999823,0.2873122881743744,-0.0029150546496541445,-2.5126877206096507,-0.40291505464965416
10.623724578999827,0.2902801080676083,-0.0029534804423829355,-2.509719900716417,-0.40295348044238294
10.643460315999846,0.2932479172133078,-0.0029927275432367786,-2.5067520915707173,-0.4029927275432368
10.659073870999919,0.2962157153841857,-0.0030327959492102334,-2.5037842933998395,-0.40303279594921027
10.674090828999852,0.2991835023529557,-0.0030736856572335875,-2.5008165064310695,-0.4030736856572336
10.68756323499997,0.3021490572853126,-0.0031149432500349305,-2.4978509514987124,-0.40311494325003494
10.70053707499983,0.3051136693480992,-0.0031553628879145584,-2.494886339435926,-0.4031553628879146
10.718269946999953,0.30807829357361705,-0.0031948803704258196,-2.4919217152104083,-0.40319488037042583
10.733370135999849,0.3110429296873321,-0.003233495693908048,-2.4889570790966933,-0.4032334956939081
10.747435732999975,0.3140075774147102,-0.0032712088547840923,-2.485992431369315,-0.4032712088547841
10.76193255399994,0.31696402185460953,-0.0033084321479016623,-2.4830359869294156,-0.4033084321479017
10.77690463099998,0.3199169343789962,-0.0033467157182826253,-2.480083074405029,-0.4033467157182826
10.794296681999867,0.32286983111922396,-0.0033861979925233184,-2.4771301776648014,-0.40338619799252334
10.80939565299991,0.32582271158869397,-0.0034268789641161528,-2.474177297195331,-0.40342687896411616
10.82272947599995,0.3287755753008076,-0.003468758626359131,-2.4712244334832176,-0.40346875862635917
10.837363663999895,0.33175570133531773,-0.0035118984571466476,-2.4682443074487077,-0.4035118984571467
10.851740209999889,0.33474901252809885,-0.0035551255092854703,-2.4652509962559264,-0.4035551255092855
10.867961316999981,0.33774232610523963,-0.0035981871368786318,-2.4622576826787856,-0.40359818713687867
10.88391392099993,0.34073564205759754,-0.0036410833397995356,-2.4592643667264276,-0.40364108333979953
10.898193883999966,0.3437289603760308,-0.0036838141179039996,-2.4562710484079946,-0.403683814117904
10.911260073999983,0.3467266455755998,-0.003726483013726529,-2.4532733632084254,-0.40372648301372654
10.925015554999845,0.3497262015944008,-0.0037691745689707487,-2.4502738071896246,-0.40376917456897077
10.945667638999794,0.35272575756133034,-0.003811869768619147,-2.447274251222695,-0.40381186976861916
10.961072459999968,0.35572531347638375,-0.0038545686126716587,-2.4442746953076413,-0.40385456861267166
10.975014844999805,0.35872486933955655,-0.0038972711011282207,-2.4412751394444685,-0.4038972711011282
10.988451295000004,0.3617051194849635,-0.003939876437500115,-2.438294889299062,-0.4039398764375001
11.002033237999967,0.3646770870090291,-0.0039830459876381,-2.435322921774996,-0.4039830459876381
11.023716068999875,0.367649044076676,-0.004026929495057342,-2.432350964707349,-0.40402692949505736
11.038944019999917,0.3706209905163898,-0.0040715269572276095,-2.4293790182676354,-0.40407152695722764
11.053788404999978,0.37359292615665696,-0.004116838371573334,-2.4264070826273683,-0.40411683837157336
11.067021157,0.37654299512092704,-0.004162719473768659,-2.423457013663098,-0.4041627194737687
11.080907272999866,0.37948367546306044,-0.0042099226812280805,-2.4205163333209647,-0.40420992268122813
11.099356030999843,0.3824243313091725,-0.004258628041633289,-2.4175756774748525,-0.4042586280416333
11.115667272999872,0.385364961891936,-0.004308835542276647,-2.4146350468920894,-0.40430883554227665
11.128814174999889,0.3883055664440305,-0.004360545170055617,-2.4116944423399946,-0.40436054517005565
11.142536814999858,0.3912715113655056,-0.00441370947543825,-2.4087284974185197,-0.40441370947543825
11.15688901999988,0.39424958065019394,-0.004466630414064207,-2.4057504281338313,-0.4044666304140642
11.177239894999957,0.3972276597262114,-0.004518997456663919,-2.402772349057814,-0.4045189974566639
11.192200075999835,0.40020574849053536,-0.004570810601429027,-2.39979426029349,-0.4045708106014291
11.206904926999869,0.4031838468401457,-0.004622069846565524,-2.3968161619438795,-0.40462206984656557
11.221331912999858,0.4061469527066118,-0.004672385560004039,-2.3938530560774134,-0.40467238556000407
11.234789902999864,0.4091036462402562,-0.004721516839829577,-2.390896362543769,-0.4047215168398296
11.253323529999989,0.41206035783583067,-0.004769548861932686,-2.3879396509481947,-0.4047695488619327
11.269384402000014,0.41501708708464635,-0.004816481619673804,-2.384982921699379,-0.4048164816196738
11.283522691999906,0.4179738335780124,-0.00486231510656605,-2.382026175206013,-0.40486231510656606
11.297364337999852,0.4209567860055791,-0.004907690567343339,-2.379043222778446,-0.4049076905673434
11.31193684599998,0.4239523062587547,-0.004953105072405149,-2.3760477025252706,-0.4049531050724052
11.331713695999952,0.4269478281377102,-0.004998412214832995,-2.373052180646315,-0.404998412214833
11.348299039999802,0.42994335163859715,-0.005043611994580725,-2.3700566571454282,-0.4050436119945807
11.362046318000012,0.4329388767575679,-0.005088704411574337,-2.3670611320264574,-0.40508870441157435
11.375412737999795,0.4359186517703187,-0.0051333108816020165,-2.3640813570137067,-0.40513331088160204
11.388482160999956,0.43889168494706443,-0.005177155468373016,-2.3611083238369606,-0.405177155468373
11.408990957000015,0.4418647281687317,-0.00522031354895026,-2.3581352806152935,-0.4052203135489503
11.424027260999992,0.4448377812767984,-0.0052627851210320644,-2.355162227507227,-0.4052627851210321
11.438745947999905,0.44781084411274213,-0.005304570182354055,-2.352189164671283,-0.40530457018235405
11.451964536999867,0.45077789653252304,-0.0053455315661485705,-2.349222112251502,-0.4053455315661486
11.466922059999888,0.45374238087106594,-0.005385561487377963,-2.3462576279129594,-0.405385561487378
11.484470454999837,0.4567068772988508,-0.005424685875050067,-2.3432931314851744,-0.4054246858750501
11.499614334999933,0.45967138553927256,-0.005462904725516236,-2.3403286232447527,-0.40546290472551627
11.513695518999839,0.4626359053157253,-0.005500218035210779,-2.3373641034682997,-0.4055002180352108
11.527703211000016,0.46557692310911286,-0.005536128994867964,-2.334423085674912,-0.40553612899486796
11.541641736999964,0.4685078831052824,-0.0055702048171123435,-2.331492125678743,-0.40557020481711237
11.561330924000004,0.471438862910434,-0.00560253193578893,-2.328561145873591,-0.40560253193578893
11.576231568999901,0.4743698614812357,-0.005633110339390656,-2.3256301473027894,-0.4056331103393907
11.590377554999804,0.4773008777743489,-0.005661940017032781,-2.3226991310096765,-0.4056619400170328
11.602924172999792,0.4802457748381129,-0.0056892719349444865,-2.319754233945912,-0.40568927193494453
11.6175983789999,0.48319662570243305,-0.00571538321577923,-2.3168033830815924,-0.40571538321577927
11.635577870999896,0.48614748739649893,-0.005740240507264078,-2.3138525213875263,-0.4057402405072641
11.650507065999818,0.4890983593874171,-0.005763843804909772,-2.310901649396608,-0.4057638438049098
11.664578312000003,0.4920492411422923,-0.005786193104453687,-2.307950767641733,-0.4057861931044537
11.67824252299988,0.494994186941993,-0.005807193210217105,-2.305005821842032,-0.40580719321021713
11.692233731999977,0.4979365946775326,-0.005826717470611687,-2.3020634141064926,-0.4058267174706117
11.712056530999917,0.5008790117816058,-0.005844774728573562,-2.2991209970024196,-0.4058447747285736
11.728628080999897,0.5038214375228061,-0.005861364979613093,-2.296178571261219,-0.4058613649796131
11.742122289999998,0.5067638711697248,-0.005876488219608185,-2.2932361376143007,-0.4058764882196082
11.75621623500001,0.5097278544137699,-0.005890769680785278,-2.290272154370255,-0.4058907696807853
11.770380337999995,0.5127018974829405,-0.005905670850232942,-2.2872981113010846,-0.405905670850233
11.79018521199987,0.5156759371297251,-0.0059212400978764295,-2.2843240716543,-0.40592124009787645
11.806726402999857,0.5186499732040514,-0.005937477422933091,-2.281350035579974,-0.4059374774229331
11.820876891999887,0.5216240055558451,-0.005954382824581296,-2.27837600322818,-0.4059543828245813
11.835136268999804,0.5245890218828895,-0.005971983694243295,-2.275410986901136,-0.4059719836942433
11.848599062999938,0.5275501700783708,-0.00599054275165662,-2.272449838705654,-0.40599054275165664
11.867216856999903,0.5305113118667227,-0.006010097379998643,-2.2694886969173025,-0.40601009737999866
11.883047198999975,0.5334724469132232,-0.006030647577059495,-2.2665275618708023,-0.40603064757705953
11.89608429499981,0.5364335748831514,-0.0060521933405157935,-2.263566433900874,-0.4060521933405158
11.909577646999878,0.5394148582766434,-0.00607470201779537,-2.260585150507382,-0.4060747020177954
11.92385440299995,0.5424054573134052,-0.006097556333391393,-2.25759455147062,-0.4060975563333914
11.945412696999938,0.5453960544956657,-0.006120652044642497,-2.2546039542883594,-0.40612065204464254
11.960376187999827,0.5483866498039401,-0.006143989151392594,-2.251613358980085,-0.4061439891513926
11.974289983999824,0.5513772432187429,-0.0061675676534934856,-2.2486227655652824,-0.4061675676534935
11.988557845999821,0.5543704995089969,-0.006191314566080744,-2.2456295092750285,-0.40619131456608076
12.002365005999991,0.5573648985243066,-0.00621494491484868,-2.2426351102597186,-0.4062149449148487
12.02068998599998,0.5603592986641718,-0.006238432329543531,-2.239640710119853,-0.40623843232954354
12.035255094999911,0.5633536999217699,-0.00626177681011654,-2.2366463088622552,-0.40626177681011655
12.048866322999856,0.5663481022902772,-0.006284978356512173,-2.233651906493748,-0.40628497835651217
12.063411091999797,0.5693392730115027,-0.006308111345267276,-2.2306607357725223,-0.4063081113452673
12.077680296999915,0.572329056698008,-0.0063314777702251765,-2.227670952086017,-0.4063314777702252
12.099272131999896,0.5753188383225979,-0.00635510654873126,-2.2246811704614275,-0.4063551065487313
12.114508490999924,0.578308617862251,-0.0063789976806075226,-2.2216913909217744,-0.40637899768060753
12.128772630999947,0.5812983952939451,-0.006403151165665036,-2.2187016134900803,-0.40640315116566506
12.14346085599982,0.5842143192583049,-0.006426192665297017,-2.2157856895257204,-0.40642619266529706
12.157688437999923,0.5870986103809188,-0.0064462274665390154,-2.2129013984031065,-0.406446227466539
12.176981727999873,0.5899829201340158,-0.006463371603810836,-2.2100170886500097,-0.40646337160381085
12.192176458999938,0.5928672456205449,-0.006477625059890814,-2.2071327631634805,-0.4064776250598908
12.205622914999822,0.5957515839434405,-0.006488987820462382,-2.2042484248405847,-0.4064889878204624
12.219347456999913,0.5986794594732262,-0.006498007568161622,-2.201320549310799,-0.4064980075681616
12.232954426999868,0.6016320438332743,-0.0065058161927168045,-2.198367964950751,-0.4065058161927168
12.25278741399984,0.604584631152273,-0.006512411759535215,-2.195415377631752,-0.40651241175953523
12.268391576999875,0.6075372209318433,-0.006517794267501747,-2.192462787852182,-0.4065177942675018
12.282689221999817,0.6104898126736045,-0.0065219637157092145,-2.1895101961104206,-0.40652196371570926
12.295410309999852,0.6134497483534361,-0.006524992997786751,-2.186550260430589,-0.40652499299778677
12.308905535999884,0.6164128316619346,-0.006527065758088304,-2.1835871771220905,-0.40652706575808834
12.328538234999996,0.6193759154819369,-0.006528190514559704,-2.180624093302088,-0.40652819051455974
12.344393187999913,0.6223389995101405,-0.0065283672670888694,-2.177661009273885,-0.4065283672670889
12.357597027999873,0.6253020834432426,-0.006527596015655236,-2.1746979253407828,-0.40652759601565525
12.371301696999808,0.6282714890716752,-0.006525929784701454,-2.17172851971235,-0.4065259297847015
12.385150618999887,0.6312436036561723,-0.006523533559775241,-2.168756405127853,-0.4065235335597753
12.405011838999826,0.6342157175747968,-0.006520419078359167,-2.1657842912092287,-0.4065204190783592
12.420274741999947,0.6371878306539707,-0.006516586340636187,-2.1628121781300544,-0.4065165863406362
12.434194944999945,0.6401599427201167,-0.00651203534683024,-2.1598400660639085,-0.4065120353468303
12.448149953999973,0.6431073129982854,-0.006507379020982999,-2.1568926957857397,-0.406507379020983
12.462461458999996,0.6460440817316906,-0.006504245558713573,-2.1539559270523347,-0.4065042455587136
12.482672988999866,0.6489808517412524,-0.006502721415276439,-2.151019157042773,-0.40650272141527644
12.498184635999905,0.6519176221450836,-0.006502806591128946,-2.148082386638942,-0.406502806591129
12.511150351999959,0.6548543920612945,-0.006504501086246703,-2.145145616722731,-0.40650450108624675
12.5246054979998,0.6578277462287165,-0.006507401673443228,-2.1421722625553086,-0.40650740167344324
12.538957435999919,0.660820490585841,-0.006510214672655634,-2.1391795181981843,-0.40651021467265563
12.559180521999906,0.6638132351139076,-0.0065128395157027456,-2.1361867736701177,-0.4065128395157028
12.575805338999999,0.6668059798010855,-0.006515276202571381,-2.1331940289829396,-0.4065152762025714
12.58952410500001,0.6697987246355451,-0.0065175247332509715,-2.1302012841484803,-0.406517524733251
12.603669436000018,0.6727506954005578,-0.006520010763778645,-2.1272493133834676,-0.4065200107637787
12.617842031999999,0.675685189890131,-0.0065240669954555325,-2.124314818893894,-0.40652406699545557
12.636781537999923,0.6786196816041692,-0.0065297891089387385,-2.121380327179856,-0.4065297891089388
12.65084904299988,0.6815541695969706,-0.006537177102384561,-2.1184458391870544,-0.4065371771023846
12.664521670999875,0.6844886529228325,-0.006546230973411916,-2.1155113558611927,-0.4065462309734119
12.677965365999853,0.6874492587885528,-0.006556465575179458,-2.1125507499954725,-0.4065564655751795
12.691355284999872,0.6904223960464121,-0.0065661588435447175,-2.1095776127376134,-0.40656615884354474
12.709001787999796,0.6933955354791628,-0.006575160341614708,-2.1066044733048623,-0.4065751603416147
12.723760356999946,0.6963686769258446,-0.006583470068902314,-2.1036313318581805,-0.40658347006890233
12.737197315000003,0.6993418202255007,-0.0065910880249578155,-2.1006581885585245,-0.40659108802495786
12.751049645999956,0.7023026296340849,-0.006597875310503597,-2.0976973791499405,-0.4065978753105036
12.764881676999948,0.7052581546095926,-0.006603531094143568,-2.0947418541744325,-0.4066035310941436
12.78450630999987,0.7082136815453568,-0.006608047808745309,-2.0917863272386685,-0.4066080478087453
12.800767793999967,0.7111692100023767,-0.006611425453637911,-2.0888307987816486,-0.40661142545363793
12.813105668999924,0.7141247395416509,-0.006613664028319056,-2.0858752692423743,-0.40661366402831906
12.827866633999975,0.7170492160852063,-0.006614479554287486,-2.082950792698819,-0.40661447955428753
12.841612489,0.7199603836765155,-0.006613097458725934,-2.08003962510751,-0.406613097458726
12.863685226999905,0.7228715493410396,-0.006609474121633307,-2.0771284594429855,-0.40660947412163334
12.879355393999958,0.7257827113532987,-0.006603609545156948,-2.0742172974307262,-0.40660360954515695
12.89408337499981,0.7286938679878139,-0.0065955037327737566,-2.0713061407962114,-0.40659550373277376
12.907689924999886,0.7316476492891428,-0.006585420311159046,-2.0683523594948823,-0.4065854203111591
12.921607360999815,0.7346253986133227,-0.0065746065867958395,-2.0653746101707027,-0.40657460658679584
12.939023571000007,0.7376031457987634,-0.006563219142710728,-2.0623968629852616,-0.40656321914271076
12.954608951999944,0.7405808907349278,-0.00655125797932737,-2.0594191180490973,-0.4065512579793274
12.968814760999976,0.7435586333112785,-0.006538723097086724,-2.0564413754727466,-0.4065387230970867
12.98258106499975,0.7465394122121534,-0.006525855089720681,-2.0534605965718717,-0.4065258550897207
12.996387217999882,0.749521494742288,-0.006513397175329025,-2.050478514041737,-0.406513397175329
13.01683243399998,0.7525035791682871,-0.0065014016603851775,-2.0474964296157383,-0.4065014016603852
13.031878029999689,0.7554856654184514,-0.006489868545179494,-2.0445143433655737,-0.4064898685451795
13.04534733100013,0.7584677534210811,-0.0064787978299874725,-2.0415322553629442,-0.40647879782998747
13.060796145999802,0.761456397656957,-0.006467998543256825,-2.0385436111270683,-0.4064679985432568
13.074295955000025,0.7644478505488217,-0.006456998864229656,-2.0355521582352036,-0.4064569988642297
13.092405439999993,0.7674393026196451,-0.0064457781178632245,-2.03256070616438,-0.40644577811786325
13.108016783999801,0.7704307538530911,-0.006434336304225001,-2.029569254930934,-0.40643433630422504
13.122187103999977,0.7734222042328223,-0.006422673423373472,-2.026577804551203,-0.4064226734233735
13.135909033999951,0.7764122476236758,-0.006410782326481579,-2.0235877611603494,-0.4064107823264816
13.149719865999714,0.7794016873253683,-0.006398622989206988,-2.0205983214586567,-0.40639862298920704
13.169861625999829,0.7823911259043511,-0.006386190691440371,-2.0176088828796743,-0.4063861906914404
13.185921929999722,0.7853805633357008,-0.006373485433283453,-2.014619445448324,-0.4063734854332835
13.19895105799992,0.7883699995944935,-0.006360507214841753,-2.0116300091895316,-0.4063605072148418
13.21302231300001,0.7913320027780187,-0.006347132520859808,-2.0086680060060065,-0.40634713252085986
13.227381378000018,0.7942822441182672,-0.006332583299913773,-2.005717764665758,-0.4063325832999138
13.250160232000098,0.7972324789148793,-0.006316762731072173,-2.002767529869146,-0.4063167627310722
13.265652502999956,0.8001827066199934,-0.006299670817272788,-1.9998173021640318,-0.4062996708172728
13.279981348999854,0.8031329266857486,-0.0062813075616882244,-1.9968670820982766,-0.40628130756168823
13.293931503000067,0.8061095287752916,-0.0062617434199805245,-1.9938904800087336,-0.40626174341998056
13.3078901399997,0.8090987995473399,-0.0062417750258280625,-1.9909012092366853,-0.4062417750258281
13.327743711999801,0.8120880684613732,-0.0062215303973772885,-1.9879119403226522,-0.4062215303973773
13.343782684999724,0.8150773354918651,-0.006201009534800596,-1.98492267329216,-0.4062010095348006
13.358912821999866,0.8180666006132895,-0.006180212438270198,-1.9819334081707356,-0.40618021243827024
13.372936655999865,0.8210553789208488,-0.006159282267571154,-1.9789446298631765,-0.4061592822675712
13.387375414999724,0.824043950869447,-0.006138622041489997,-1.975956057914578,-0.40613862204149004
13.403120220000119,0.8270325248370357,-0.006118255963300579,-1.9729674839469895,-0.4061182559633006
13.418921466999791,0.8300211007946638,-0.00609818403320493,-1.9699789079893613,-0.40609818403320497
13.432536938000112,0.8330096787133799,-0.00607840625139545,-1.9669903300706453,-0.40607840625139546
13.446561407999752,0.8359817200834355,-0.006059178954242535,-1.9640182887005897,-0.40605917895424254
13.460781884999733,0.838946678632441,-0.0060408697726796095,-1.9610533301515842,-0.4060408697726796
13.482180096000093,0.8419116425965498,-0.006023459574916825,-1.9580883661874755,-0.40602345957491687
13.496932938999862,0.8448766117031878,-0.006006948362555566,-1.9551233970808375,-0.4060069483625556
13.510271221999801,0.84784158567978,-0.005991336137113641,-1.9521584231042453,-0.4059913361371137
13.52407585900005,0.8508124079066182,-0.005976541458907576,-1.9491876008774072,-0.4059765414589076
13.53718694999975,0.8537857380508158,-0.005962430155890987,-1.9462142707332095,-0.405962430155891
13.5549728149997,0.8567590713733609,-0.005949005242002037,-1.9432409374106643,-0.40594900524200206
13.569641176999767,0.8597324077158007,-0.005936266717955763,-1.9402676010682245,-0.4059362667179558
13.58435316300006,0.8627057469196835,-0.005924214584429934,-1.9372942618643418,-0.40592421458442995
13.597032920999709,0.865685028662037,-0.005912542781868848,-1.934314980121988,-0.4059125427818689
13.611628257999882,0.8686668548508131,-0.005900444100383259,-1.9313331539332121,-0.4059004441003833
13.629697110999814,0.8716486790996567,-0.0058878763968273065,-1.9283513296843684,-0.40588787639682733
13.644195722999712,0.8746305013347939,-0.005874839671516627,-1.9253695074492314,-0.40587483967151666
13.657651054000098,0.8776123214824505,-0.005861333924771197,-1.9223876873015748,-0.4058613339247712
13.670912151000039,0.8805953132482364,-0.005847364250650072,-1.9194046955357889,-0.4058473642506501
13.684830915999783,0.8835788060066327,-0.005832964367423787,-1.9164212027773924,-0.40583296436742383
13.705021539999734,0.8865622966788756,-0.005818138556240421,-1.9134377121051496,-0.40581813855624044
13.720637402999955,0.8895457852041597,-0.0058028868174039225,-1.9104542235798654,-0.40580288681740395
13.734422390999725,0.8925292715216786,-0.005787209151222924,-1.9074707372623467,-0.40578720915122296
13.747747086000118,0.8955010027445106,-0.00577148256505362,-1.9044990060395146,-0.40577148256505363
13.761364624999942,0.8984677004331898,-0.005756580656821827,-1.9015323083508355,-0.40575658065682185
13.783293637999805,0.9014344022947354,-0.005742534035031097,-1.89856560648929,-0.40574253403503113
13.798598148999872,0.9044011080825726,-0.005729342700846765,-1.8955989007014526,-0.40572934270084676
13.812307590000046,0.9073678175501251,-0.005717006655365632,-1.8926321912339001,-0.40571700665536564
13.826309018000075,0.9103137094907471,-0.005705791073440367,-1.8896862992932781,-0.4057057910734404
13.840140338000083,0.9132506834203963,-0.005696180702621856,-1.886749325363629,-0.40569618070262187
13.85962195299976,0.9161876621602437,-0.005688174183360544,-1.8838123466237815,-0.40568817418336056
13.87520870000003,0.9191246448344422,-0.005681771518042463,-1.880875363949583,-0.40568177151804247
13.888772766000102,0.922061630567144,-0.005676972708578329,-1.8779383782168813,-0.40567697270857833
13.902362706999838,0.92503751052053,-0.005673358547326586,-1.8749624982634954,-0.4056733585473266
13.916167178000023,0.9280343189503881,-0.005669870622881565,-1.8719656898336372,-0.40566987062288157
13.935614474999738,0.9310311274755171,-0.005666465538267212,-1.8689688813085081,-0.40566646553826724
13.95170925799971,0.9340279360936269,-0.005663143293483187,-1.8659720726903983,-0.4056631432934832
13.966138802999694,0.9370247448024276,-0.0056599038885294896,-1.8629752639815975,-0.4056599038885295
13.980695748999779,0.9400226090845987,-0.0056567366163950685,-1.8599773996994267,-0.40565673661639506
13.994674858999815,0.9430209257694795,-0.005653614326005074,-1.8569790830145458,-0.4056536143260051
14.011506462999705,0.9460192424995484,-0.005650535735006018,-1.8539807662844767,-0.40565053573500603
14.02752167199992,0.949017559274168,-0.00564750084339856,-1.8509824495098572,-0.40564750084339857
14.041492973999766,0.9520158760927016,-0.00564450965118334,-1.8479841326913236,-0.40564450965118337
14.055312213999741,0.9550138025419626,-0.005641566091439335,-1.8449862062420626,-0.40564156609143937
14.06952182000009,0.9580115617260013,-0.005638680226575127,-1.841988447058024,-0.4056386802265751
14.086525637000022,0.9610093209654853,-0.005635852543318751,-1.8389906878185398,-0.4056358525433188
14.101428128999714,0.9640070802592855,-0.005633083041671273,-1.8359929285247398,-0.4056330830416713
14.114766980000013,0.9670048396062727,-0.005630371721633735,-1.8329951691777526,-0.40563037172163374
14.128398330999744,0.9700007961276627,-0.005627736553570228,-1.8299992126563627,-0.40562773655357026
14.141972636999753,0.9729959800858279,-0.0056252240547441665,-1.8270040286981972,-0.4056252240547442
14.16279362299997,0.9759911641462315,-0.005622836544628908,-1.8240088446377936,-0.40562283654462894
14.17931994200012,0.9789863483036582,-0.005620574023232487,-1.821013660480367,-0.4056205740232325
14.19458560399994,0.9819815325528914,-0.005618436490554836,-1.8180184762311338,-0.40561843649055485
14.208993288000102,0.9849665452828368,-0.0056162778063418685,-1.8150334635011884,-0.4056162778063419
14.224551568999914,0.987947198419822,-0.005613650456049144,-1.8120528103642033,-0.4056136504560492
14.24359084699995,0.9909278510744041,-0.0056105233613060424,-1.8090721577096212,-0.40561052336130604
14.262161905999847,0.9939085031627949,-0.005606896522195449,-1.8060915056212303,-0.40560689652219545
14.27616846199976,0.9968891546012055,-0.005602769938823948,-1.8031108541828198,-0.405602769938824
14.289881373000071,0.9998761494379763,-0.0055983216933976334,-1.800123859346049,-0.40559832169339766
14.30387685699975,1.0028658634007837,-0.005594101283625115,-1.7971341453832417,-0.40559410128362516
14.323511728999847,1.0058555777278406,-0.005590147316672064,-1.7941444310561847,-0.4055901473166721
14.339998536999929,1.0088452923954023,-0.0055864597925681676,-1.791154716388623,-0.4055864597925682
14.354607648999945,1.0118350073797233,-0.005583038711343256,-1.788165001404302,-0.40558303871134327
14.3690143299998,1.0148061404234578,-0.005580070455956209,-1.7851938683605675,-0.40558007045595623
14.384723363999683,1.0177693103525238,-0.005578025981679275,-1.7822306984315015,-0.4055780259816793
14.401147112999979,1.0207324807832157,-0.005576927314961725,-1.7792675280008097,-0.40557692731496175
14.418104996000011,1.0236956514136435,-0.005576774455917952,-1.7763043573703818,-0.405576774455918
14.432087712000111,1.0266588219419175,-0.005577567404562385,-1.7733411868421078,-0.4055775674045624
14.446164218999684,1.0296364636179955,-0.005579184037594536,-1.7703635451660298,-0.4055791840375946
14.460652310999876,1.0326203588929648,-0.00558124421862738,-1.7673796498910606,-0.4055812442186274
14.48014395999985,1.0356042538513366,-0.005583720856229494,-1.7643957549326887,-0.4055837208562295
14.4962743399999,1.0385881484349866,-0.0055866139503533635,-1.7614118603490387,-0.4055866139503534
14.510257628999852,1.0415720425857904,-0.005589923500942084,-1.758427966198235,-0.4055899235009421
14.523828793999883,1.0445326208707622,-0.005593828578945852,-1.7554673879132632,-0.4055938285789459
14.537503930999947,1.0474832050957188,-0.005598946873270846,-1.7525168036883065,-0.40559894687327086
14.5574441819997,1.0504337868583196,-0.00560532869984619,-1.7495662219257058,-0.4056053286998462
14.573000368999828,1.053384365617479,-0.005612974057500777,-1.7466156431665463,-0.4056129740575008
14.587231828000085,1.0563349408321154,-0.00562188294483392,-1.74366506795191,-0.4056218829448339
14.60024386400005,1.0593178832466545,-0.005631851689746864,-1.7406821255373708,-0.4056318516897469
14.614094063000039,1.0623174056751377,-0.005641921598432315,-1.7376826031088877,-0.4056419215984323
14.63376859899995,1.065316928143801,-0.005651979531646977,-1.7346830806402243,-0.405651979531647
14.64836460299989,1.0683164506525964,-0.005662025489390689,-1.731683558131429,-0.40566202548939073
14.662120181000091,1.0713159732014752,-0.005672059471663293,-1.7286840355825501,-0.4056720594716633
14.675430194999763,1.0742578202704518,-0.005681378436037232,-1.7257421885135735,-0.40568137843603724
14.68868336699984,1.077174954193169,-0.00568861374074397,-1.7228250545908563,-0.405688613740744
14.70813199700001,1.0800920925593949,-0.005693754266341005,-1.7199079162246305,-0.405693754266341
14.723935796999967,1.0830092338648771,-0.005696800010176751,-1.7169907749191482,-0.4056968000101768
14.73754189999977,1.0859263766053653,-0.005697750970681226,-1.71407363217866,-0.4056977509706812
14.7511509630001,1.0888879809508147,-0.005697027357271183,-1.7111120278332106,-0.4056970273572712
14.765989842999943,1.0918750536603825,-0.005695883527505182,-1.7081249551236428,-0.4056958835275052
14.785086819000071,1.0948621262230542,-0.005694405042234775,-1.705137882560971,-0.4056944050422348
14.800849605999929,1.0978491986013375,-0.005692591901479614,-1.7021508101826879,-0.40569259190147966
14.814401574999692,1.1008362707577402,-0.005690444105257504,-1.6991637380262852,-0.4056904441052575
14.828009002000044,1.103806527698071,-0.005687824780085329,-1.6961934810859542,-0.40568782478008536
14.84209812999984,1.1067695773282544,-0.005684290097461105,-1.693230431455771,-0.40568429009746115
14.860738781999999,1.1097326256746534,-0.005679806592743659,-1.690267383109372,-0.40567980659274366
14.876059687999941,1.1126956724334376,-0.005674374266391152,-1.6873043363505877,-0.4056743742663912
14.889934992000008,1.115658717300777,-0.005667993118962453,-1.6843412914832483,-0.40566799311896246
14.904338652999968,1.1186331984325257,-0.005660998426218004,-1.6813668103514996,-0.405660998426218
14.918953444999943,1.121612582437604,-0.005654457424547107,-1.6783874263464214,-0.40565445742454714
14.944715573999702,1.1245919675634444,-0.005648448569844277,-1.675408041220581,-0.4056484485698443
14.961150614999724,1.1275713537150007,-0.00564297186230003,-1.6724286550690246,-0.40564297186230003
14.975397707999718,1.1305507407972275,-0.005638027302090352,-1.6694492679867978,-0.40563802730209036
14.988908019999826,1.1335311530975065,-0.005633604137195851,-1.6664688556865188,-0.40563360413719585
15.002944197999796,1.1365120051198252,-0.00562967659878455,-1.6634880036642001,-0.40562967659878457
15.020116357999768,1.1394928577527947,-0.005626243663321155,-1.6605071510312306,-0.4056262436633212
15.035521792999816,1.1424737109143455,-0.005623305330901421,-1.6575262978696799,-0.40562330533090146
15.049569036000094,1.1454545645224092,-0.005620861601605138,-1.654545444261616,-0.40562086160160515
15.063502750999987,1.1484150528105581,-0.005618502950125639,-1.6515849559734672,-0.40561850295012564
15.0772335260001,1.1513668119260794,-0.005614994043914319,-1.648633196857946,-0.4056149940439143
15.096739229999685,1.1543185693166775,-0.005610251097871294,-1.6456814394673478,-0.4056102510978713
15.111843182999792,1.1572703244664388,-0.00560427411282695,-1.6427296843175865,-0.40560427411282696
15.12582755299968,1.1602220768594482,-0.005597063089823836,-1.639777931924577,-0.40559706308982385
15.140341295000098,1.1631927640310455,-0.00558899836574753,-1.6368072447529798,-0.4055889983657476
15.154875359999778,1.1661721106936043,-0.0055813631144021264,-1.633827898090421,-0.4055813631144021
15.174026206000008,1.1691514586745073,-0.0055742609003698596,-1.630848550109518,-0.40557426090036985
15.190989399999808,1.17213080787839,-0.005567691723879902,-1.6278692009056352,-0.4055676917238799
15.20486204399981,1.1751101582098862,-0.005561655585139328,-1.6248898505741391,-0.40556165558513935
15.21868820099985,1.1780954845868208,-0.005556087454116255,-1.6219045241972045,-0.40555608745411625
15.23235227500004,1.1810833723117433,-0.0055508379076828415,-1.618916636472282,-0.40555083790768287
15.250476361999745,1.1840712605710673,-0.00554590188951331,-1.615928748212958,-0.40554590188951334
15.267143799999985,1.187059149331893,-0.005541279399661366,-1.6129408594521324,-0.4055412793996614
15.28027617399971,1.190047038561321,-0.005536970438183879,-1.6099529702227042,-0.4055369704381839
15.293808618999947,1.1930205893756896,-0.00553312302113701,-1.6069794194083358,-0.40553312302113703
15.30802940999979,1.1959879958381785,-0.005530098526077492,-1.6040120129458468,-0.4055300985260775
15.328422629999977,1.1989554030365996,-0.00552791221627537,-1.6010446057474257,-0.4055279122162754
15.344291972999827,1.2019228107341962,-0.00552656409190328,-1.5980771980498292,-0.4055265640919033
15.358437295999693,1.2048902186942105,-0.005526054153069678,-1.5951097900898148,-0.4055260541530697
15.372695288999921,1.2078649138018351,-0.005526037185133707,-1.5921350949821902,-0.40552603718513375
15.387540073000082,1.2108427319016881,-0.005525511401679265,-1.5891572768823372,-0.4055255114016793
15.4070564379997,1.2138205498454369,-0.005524413154470157,-1.5861794589385885,-0.4055244131544702
15.423513131999925,1.21679836752303,-0.005522742443542503,-1.5832016412609953,-0.4055227424435425
15.43855501899975,1.2197761848244149,-0.005520499268963366,-1.5802238239596105,-0.4055204992689634
15.452269769999702,1.2227481953555395,-0.005517636988312875,-1.5772518134284859,-0.4055176369883129
15.466443859000037,1.2257177166535238,-0.005514002161220985,-1.5742822921305015,-0.405514002161221
15.484324218999745,1.2286872368878596,-0.0055095829963977905,-1.5713127718961657,-0.40550958299639783
15.500529121999762,1.2316567558513811,-0.005504379494151614,-1.5683432529326442,-0.40550437949415163
15.515353991999973,1.2346262733369213,-0.005498391654844398,-1.565373735447104,-0.4054983916548444
15.530390099999977,1.2375996511879763,-0.005491960713648238,-1.562400357596049,-0.40549196071364824
15.544377424000004,1.2405746850613413,-0.005486105398643267,-1.559425323722684,-0.40548610539864327
15.561727866999945,1.2435497201317367,-0.005480893652348149,-1.5564502886522886,-0.4054808936523482
15.57761683900003,1.2465247562599442,-0.005476325475007118,-1.5534752525240811,-0.4054763254750071
15.59202778599979,1.2494997933067442,-0.005472400866833961,-1.5505002154772811,-0.405472400866834
15.604905422999991,1.2524530644214766,-0.005468636703067139,-1.5475469443625487,-0.40546863670306715
15.619414249000101,1.2553970051876744,-0.00546354635855682,-1.544603003596351,-0.40546354635855686
15.64179247800007,1.2583409431335435,-0.005457025823840805,-1.5416590656504818,-0.4054570258238408
15.65762932199982,1.261284877564284,-0.005449075100457034,-1.5387151312197413,-0.4054490751004571
15.67184922599995,1.2642288077850978,-0.005439694190282521,-1.5357712009989275,-0.40543969419028253
15.685437871999738,1.2671813737028002,-0.005428928216912116,-1.5328186350812252,-0.4054289282169121
15.70018678700012,1.2701376382627532,-0.005417015113959354,-1.5298623705212722,-0.4054170151139594
15.717129404999696,1.2730938980975053,-0.005403982083395072,-1.52690611068652,-0.4054039820833951
15.73232096200013,1.2760501527827928,-0.005389829127089765,-1.5239498560012326,-0.40538982912708976
15.74673021600006,1.279006401894351,-0.005374556247074294,-1.5209936068896743,-0.4053745562470743
15.76090284299994,1.2819614972728526,-0.005358159588818377,-1.5180385115111728,-0.4053581595888184
15.776002195000046,1.2849160941284739,-0.0053406062005053444,-1.5150839146555515,-0.4053406062005054
15.795722306000016,1.2878706838566634,-0.0053218915333528025,-1.512129324927362,-0.40532189153335285
15.811350358000027,1.2908252660009907,-0.005302015590252632,-1.5091747427830347,-0.40530201559025264
15.82510833299989,1.2937798401050258,-0.005280978374275318,-1.5062201686789995,-0.40528097837427535
15.838495476999697,1.2967364143401396,-0.005259316300191373,-1.5032635944438857,-0.4052593163001914
15.852046736999682,1.2996938547207653,-0.005238635574075569,-1.50030615406326,-0.4052386355740756
15.874126724999996,1.302651302516016,-0.005219043847583852,-1.4973487062680093,-0.4052190438475839
15.890322217999937,1.3056087573248976,-0.005200541123373694,-1.4943912514591278,-0.4052005411233737
15.905240520999769,1.3085662187464135,-0.005183127403952633,-1.4914337900376118,-0.4051831274039527
15.918761499999846,1.3115361679202475,-0.0051663103103789495,-1.4884638408637778,-0.405166310310379
15.93279298099992,1.3145114641167286,-0.005148905204792744,-1.4854885446672967,-0.40514890520479274
15.94973669199976,1.3174867565265536,-0.005130864402656486,-1.4825132522574718,-0.4051308644026565
15.96554090099994,1.3204620450138993,-0.005112187904795426,-1.479537963770126,-0.4051121879047955
15.980153753999957,1.323437329442944,-0.005092875712061388,-1.4765626793410813,-0.40509287571206143
15.994432640999776,1.3264236795967221,-0.005073065980162228,-1.4735763291873032,-0.40507306598016224
16.008440454000038,1.3294147746492262,-0.005053414896199587,-1.4705852341347991,-0.4050534148961996
16.02778937800008,1.3324058711985525,-0.00503399298029473,-1.4675941375854729,-0.40503399298029474
16.043805985000063,1.3353969692271446,-0.005014800232564689,-1.4646030395568808,-0.4050148002325647
16.057203030999744,1.3383880687174436,-0.004995836653121965,-1.4616119400665817,-0.404995836653122
16.070556162999992,1.3413661154751222,-0.004977301570982987,-1.4586338933089031,-0.404977301570983
16.083493661999682,1.3443385714659104,-0.004959488255237186,-1.455661437318115,-0.4049594882552372
16.106941868999684,1.3473110316163943,-0.004942383133872171,-1.452688977167631,-0.4049423831338722
16.122264420999954,1.3502834957578453,-0.004925986207858934,-1.44971651302618,-0.40492598620785897
16.135836894999784,1.3532559637215338,-0.004910297478126908,-1.4467440450624915,-0.40491029747812696
16.149554207999927,1.356230593808628,-0.0048949782565179244,-1.4437694149753972,-0.40489497825651793
16.16377035299979,1.3592061466792884,-0.004879085163561017,-1.440793862104737,-0.404879085163561
16.18450767399986,1.3621816961218889,-0.004862562720033889,-1.4378183126621364,-0.4048625627200339
16.199269463000064,1.3651572420033165,-0.0048454109266753845,-1.4348427667807089,-0.4048454109266754
16.212880112999983,1.3681327841904607,-0.0048276297842524745,-1.4318672245935646,-0.4048276297842525
16.22757093899986,1.3710859876065917,-0.004809862747351041,-1.4289140211774336,-0.4048098627473511
16.24243731499996,1.374029625348757,-0.004793498289987201,-1.4259703834352684,-0.40479349828998723
16.264840278999827,1.3769732707274405,-0.0047785705605999,-1.4230267380565849,-0.4047785705605999
16.280173764999972,1.3799169230414081,-0.00476507956274594,-1.4200830857426172,-0.404765079562746
16.294622782000033,1.382860581589421,-0.004753025299638104,-1.4171394271946043,-0.40475302529963814
16.30802313199979,1.3857866972172619,-0.00474161643597348,-1.4142133115667634,-0.4047416164359735
16.32204724799999,1.3887052853946615,-0.004728334211277535,-1.4112947233893638,-0.4047283342112776
16.3397543829999,1.3916238634780915,-0.0047129934903413625,-1.4083761453059338,-0.4047129934903414
16.3551262579997,1.3945424300156752,-0.004695594280794499,-1.40545757876835,-0.40469559428079455
16.36800273899985,1.3974609835555496,-0.004676136591291965,-1.4025390252284757,-0.404676136591292
16.381408211999997,1.4004181771025888,-0.004654706422031219,-1.3995818316814366,-0.4046547064220312
16.39521977599975,1.4033961339515588,-0.004632492153978332,-1.3966038748324665,-0.40463249215397834
16.417164518999698,1.4063740865187184,-0.0046097111140129205,-1.393625922265307,-0.40460971111401295
16.432807766999986,1.4093520346961974,-0.0045863633029634785,-1.390647974087828,-0.4045863633029635
16.44685982299984,1.4123299783761278,-0.00456244872167293,-1.3876700304078975,-0.40456244872167296
16.460681976999922,1.4153010504019774,-0.004538362698098317,-1.384698958382048,-0.40453836269809834
16.47469929199974,1.4182691842411856,-0.00451505584512106,-1.3817308245428397,-0.4045150558451211
16.49248330899968,1.4212373243860974,-0.004492566358500117,-1.378762684397928,-0.4044925663585001
16.51563619400008,1.4242054706116267,-0.00447089423993967,-1.3757945381723986,-0.4044708942399397
16.532983636999916,1.4271736226926863,-0.0044500394910838275,-1.372826386091339,-0.4044500394910838
16.550697181999794,1.4301307188132417,-0.0044301754053493615,-1.3698692899707836,-0.40443017540534937
16.566876102999913,1.4330830817831044,-0.004411542974354352,-1.366916927000921,-0.4044115429743544
16.59710439300011,1.4360354521849557,-0.004394127935628471,-1.3639645565990697,-0.4043941279356285
16.613050986999724,1.43898782951681,-0.004377930292133525,-1.3610121792672154,-0.40437793029213354
16.629694205000078,1.441940213276681,-0.004362950046623179,-1.3580597955073443,-0.4043629500466232
16.642840549999846,1.4448947411919202,-0.00434915819604342,-1.3551052675921051,-0.40434915819604345
16.657543962999853,1.447850190646882,-0.004336505880091118,-1.3521498181371434,-0.4043365058800911
16.671795604999943,1.450805644763964,-0.004324993983896297,-1.3491943640200614,-0.4043249939838963
16.685726702999773,1.4537611031031121,-0.004314622509173276,-1.3462389056809132,-0.40431462250917327
16.699769941000113,1.4567165652242726,-0.004305391457465414,-1.3432834435597527,-0.4043053914574654
16.713156709999794,1.4596619254798129,-0.004297418061260849,-1.3403380833042124,-0.40429741806126085
16.726550337999697,1.4626029584780875,-0.0042909433710388006,-1.3373970503059378,-0.4042909433710388
16.744735806000108,1.4655439944008726,-0.004285971506235945,-1.3344560143831528,-0.40428597150623596
16.75880323699971,1.4684850324802474,-0.004282502468150724,-1.331514976303778,-0.40428250246815073
16.77188208499979,1.4714260719482875,-0.0042805362576886,-1.3285739368357379,-0.4042805362576886
16.786724425999864,1.4743865185874723,-0.00427950644901264,-1.325613490196553,-0.40427950644901267
16.80025899999987,1.4773558761853616,-0.004277788883070144,-1.3226441325986638,-0.40427778888307014
16.819520861999763,1.4803252332224268,-0.004275282765377258,-1.3196747755615985,-0.4042752827653773
16.83358161000001,1.483294589489255,-0.004271988096109205,-1.3167054192947703,-0.4042719880961092
16.84653262200004,1.4862639447764352,-0.004267904875498117,-1.3137360640075901,-0.40426790487549813
16.859778215999768,1.4892046461065966,-0.004263716848256873,-1.3107953626774287,-0.4042637168482569
16.873334303000092,1.4921330691721708,-0.004261247656768255,-1.3078669396118545,-0.4042612476567683
16.894894873000112,1.495061493206009,-0.004260595036755024,-1.3049385155780164,-0.40426059503675504
16.91030623599977,1.4979899170812505,-0.004261758988469991,-1.3020100917027748,-0.40426175898847
16.924324714000022,1.5009183396710344,-0.004264739511465038,-1.299081669112991,-0.4042647395114651
16.937333686000102,1.5038523458320256,-0.0042687034718435456,-1.2961476629519997,-0.40426870347184357
16.95113254900002,1.5067887470271337,-0.0042712071481100814,-1.2932112617568916,-0.4042712071481101
16.97027871799969,1.5097251491561863,-0.004272092338265028,-1.290274859627839,-0.40427209233826505
16.985447217999763,1.5126615513270996,-0.004271359042037253,-1.2873384574569258,-0.40427135904203726
16.999121157999753,1.515597952647796,-0.004269007259649148,-1.2844020561362293,-0.40426900725964915
17.01342416800003,1.5185508564441796,-0.0042651632032186275,-1.2814491523398457,-0.40426516320321865
17.02738356399982,1.521511107008871,-0.0042602633860549756,-1.2784889017751544,-0.404260263386055
17.045857984999884,1.5244713557101515,-0.0042543438817824585,-1.2755286530738739,-0.4042543438817825
17.061263961000122,1.5274316021967795,-0.004247404691101441,-1.2725684065872458,-0.4042474046911015
17.075858243000084,1.530391846117515,-0.004239445814835261,-1.2696081626665103,-0.4042394458148353
17.089320100000123,1.5333732450384223,-0.004230709839121214,-1.266626763745603,-0.40423070983912124
17.1031578919999,1.5363644982261697,-0.004222115014890266,-1.2636355105578556,-0.4042221150148903
17.122521960999848,1.5393557520559646,-0.004213746624620996,-1.2606442567280607,-0.404213746624621
17.139100027999802,1.5423470065106653,-0.00420560466835762,-1.25765300227336,-0.40420560466835764
17.153296025999907,1.545338261573131,-0.004197689146152524,-1.2546617472108943,-0.40419768914615256
17.167298255000105,1.5483262810422365,-0.004190037658993646,-1.2516737277417889,-0.4041900376589937
17.18138618099988,1.55131291439551,-0.0041827301415975834,-1.2486870943885153,-0.4041827301415976
17.198521971999753,1.5542995485747375,-0.0041757683771742726,-1.2457004602092878,-0.4041757683771743
17.21355143599999,1.5572861835398923,-0.004169152365815372,-1.242713825244133,-0.4041691523658154
17.22680374300012,1.5602728192509485,-0.004162882107609672,-1.2397271895330768,-0.4041628821076097
17.241122718999804,1.5632668013703261,-0.00415683992790013,-1.2367332074136992,-0.40415683992790014
17.255278094999767,1.5662639316230427,-0.004150735955619315,-1.2337360771609827,-0.40415073595561934
17.273425222000014,1.569261061723353,-0.004144557602750633,-1.2307389470606724,-0.40414455760275064
17.289699177000102,1.57225819166941,-0.00413830486928068,-1.2277418171146153,-0.4041383048692807
17.303403706999916,1.5752553214593688,-0.004131977755236268,-1.2247446873246566,-0.4041319777552363
17.317280357999834,1.5782192603607408,-0.004125350306258392,-1.2217807484232845,-0.4041253503062584
17.331789945000082,1.5811689719305382,-0.004117522343808569,-1.2188310368534871,-0.4041175223438086
17.352126793999787,1.5841186798093232,-0.004108409066446998,-1.2158813289747021,-0.404108409066447
17.367731905000028,1.5870683834370296,-0.004098010475905249,-1.2129316253469957,-0.40409801047590527
17.382603187000086,1.5900180822535919,-0.004086326574156136,-1.2099819265304335,-0.40408632657415616
17.39737386799993,1.5929952224177684,-0.004073614532297656,-1.207004786366257,-0.4040736145322977
17.41216695399976,1.59598566009771,-0.004061023369018982,-1.2040143486863153,-0.404061023369019
17.432793018999973,1.5989760988080197,-0.004048679346635119,-1.2010239099760056,-0.40404867934663513
17.448139658999708,1.6019665385282726,-0.0040365824652168055,-1.1980334702557527,-0.40403658246521684
17.46181422199993,1.6049569792380445,-0.004024732724856333,-1.1950430295459809,-0.40402473272485634
17.47625037900002,1.6079347778356212,-0.004012944665999005,-1.192065230948404,-0.404012944665999
17.49080077399981,1.6109071556437506,-0.004000509935275674,-1.1890928531402747,-0.4040005099352757
17.508037524999736,1.6138795303928923,-0.0039873643106772255,-1.186120478391133,-0.4039873643106772
17.523518031999856,1.6168519019130254,-0.003973507792955606,-1.183148106871,-0.40397350779295566
17.538835944000084,1.6198242700341283,-0.003958940382904295,-1.180175738749897,-0.4039589403829043
17.551860025999986,1.622809239570098,-0.003943711174445451,-1.1771907692139274,-0.4039437111744455
17.56617425899981,1.6257996096058298,-0.003928185121031149,-1.1742003991781955,-0.4039281851210312
17.585390466000035,1.6287899783408575,-0.003912410536914538,-1.1712100304431678,-0.40391241053691457
17.60040412400008,1.6317803457545261,-0.003896387422202887,-1.1682196630294992,-0.4038963874222029
17.61449841999979,1.6347707118261798,-0.0038801157770126425,-1.1652292969578455,-0.40388011577701266
17.62854875500011,1.6377600312522833,-0.0038635919123683844,-1.162239977531742,-0.4038635919123684
17.642030046999707,1.6407489011314758,-0.003846785164431557,-1.1592511076525496,-0.40384678516443157
17.65944449099993,1.6437377693825672,-0.0038296913310983173,-1.1562622394014581,-0.40382969133109836
17.674190185999805,1.6467266359779829,-0.0038123104125274538,-1.1532733728060425,-0.40381231041252746
17.688344715000085,1.6497155008901474,-0.0037946424088777368,-1.150284507893878,-0.40379464240887775
17.702060863999804,1.6526550976255332,-0.0037775575492926734,-1.1473449111584921,-0.4037775575492927
17.717250995999848,1.6555735894019294,-0.003762554139827685,-1.1444264193820959,-0.4037625541398277
17.735766059999833,1.6584920910442913,-0.0037496113929903455,-1.141507917739734,-0.40374961139299037
17.750910173999955,1.6614106010976486,-0.003738729315232556,-1.1385894076863767,-0.4037387293152326
17.764356415000066,1.6643291181070237,-0.003729907911980461,-1.1356708906770017,-0.4037299079119805
17.778966516000082,1.6672763304713243,-0.003722814835886046,-1.132723678312701,-0.40372281483588607
17.793728945999874,1.670237672134933,-0.0037167271468369865,-1.1297623366490923,-0.403716727146837
17.81490924600007,1.6731990156716714,-0.0037116314618614865,-1.126800993112354,-0.4037116314618615
17.829950019999842,1.6761603607492326,-0.0037075277815316952,-1.1238396480347927,-0.40370752778153174
17.844778722,1.6791217070353095,-0.003704416106307955,-1.1208783017487158,-0.403704416106308
17.85786921199974,1.6821068616189672,-0.0037020120876902225,-1.1178931471650582,-0.40370201208769024
17.871834004999755,1.6851032971894062,-0.0036995555035819363,-1.1148967115946191,-0.40369955550358194
17.89151485799971,1.688099732682549,-0.0036970063805770014,-1.1119002761014762,-0.40369700638057704
17.907016427999906,1.691096168095539,-0.0036943647186648346,-1.1089038406884864,-0.4036943647186649
17.92076631199984,1.6940926034255173,-0.0036916305178562145,-1.105907405358508,-0.4036916305178562
17.93447625800013,1.6970636775334327,-0.003689100343696774,-1.1029363312505926,-0.4036891003436968
17.94842408999989,1.7000238831437584,-0.0036875511691951456,-1.099976125640267,-0.4036875511691952
17.967301118000023,1.7029840891123176,-0.0036870229136450106,-1.0970159196717078,-0.40368702291364505
17.982998493999958,1.7059442950870147,-0.0036875155771073525,-1.0940557136970106,-0.40368751557710736
17.99718180700006,1.7089045007157535,-0.003689029159525954,-1.0910955080682718,-0.403689029159526
18.010753511999837,1.7118892967023556,-0.003691355164416412,-1.0881107120816698,-0.40369135516441645
18.024349012999892,1.7148857953535024,-0.0036938231356875074,-1.085114213430523,-0.4036938231356875
18.044120775999772,1.717882293928402,-0.003696382009377157,-1.0821177148556234,-0.4036963820093772
18.059823768999877,1.7208787924242963,-0.0036990317854854273,-1.079121216359729,-0.40369903178548544
18.073948362999772,1.723875290838427,-0.0037017724640121853,-1.0761247179455984,-0.40370177246401223
18.087762959999736,1.7268696788351425,-0.0037046212033446345,-1.0731303299488828,-0.40370462120334466
18.101691039000116,1.729863162249235,-0.003707634601896163,-1.0701368465347902,-0.4037076346018962
18.120323428999882,1.7328566454884071,-0.0037108170242728293,-1.0671433632956182,-0.40371081702427286
18.13548178499991,1.7358501285431154,-0.0037141684704803477,-1.06414988024091,-0.40371416847048036
18.15004629500004,1.7388436114038157,-0.00371768894048947,-1.0611563973802096,-0.4037176889404895
18.163074069999993,1.7418360427984108,-0.0037212848075143705,-1.0581639659856146,-0.4037212848075144
18.177267321000045,1.7448280238267284,-0.0037246891994873023,-1.055171984957297,-0.40372468919948734
18.196472347999816,1.7478200050843649,-0.0037278857057290293,-1.0521800036996605,-0.40372788570572904
18.211885903999928,1.7508119865568756,-0.0037308743262203952,-1.0491880222271497,-0.4037308743262204
18.225690847000124,1.7538039682298163,-0.0037336550609518744,-1.046196040554209,-0.4037336550609519
18.244053786999984,1.7568010192517691,-0.003736288208843719,-1.0431989895322562,-0.4037362882088437
18.258506776999866,1.7598002427840616,-0.0037389331460006107,-1.0401997659999638,-0.4037389331460006
18.27329752599985,1.762799466298515,-0.003741598235777885,-1.0372005424855104,-0.40374159823577793
18.28925650899987,1.7657986897949927,-0.003744283478175422,-1.0342013189890327,-0.4037442834781754
18.304375819999905,1.7687979132733602,-0.003746988873193099,-1.031202095510665,-0.4037469888731931
18.31808926100007,1.7717946092383139,-0.0037497350878299054,-1.0282053995457114,-0.4037497350878299
18.33176779900009,1.7747902218975375,-0.0037525899710447804,-1.0252097868864878,-0.4037525899710448
18.35071670299999,1.7777858344460773,-0.003755558722980921,-1.022214174337948,-0.40375555872298097
18.36559816299973,1.7807814468796057,-0.0037586413436207717,-1.0192185619044196,-0.40375864134362077
18.379508161999865,1.7837770591937938,-0.003761837832964266,-1.0162229495902315,-0.40376183783296427
18.393488326000124,1.786762518762604,-0.003764989579536337,-1.0132374900214214,-0.4037649895795364
18.407754823999994,1.7897436275899299,-0.0037676755908177964,-1.0102563811940954,-0.40376767559081783
18.428332561999696,1.7927247368170407,-0.003769873555852562,-1.0072752719669846,-0.4037698735558526
18.44334905999972,1.7957058463640376,-0.0037715834745860495,-1.0042941624199877,-0.4037715834745861
18.456413072999794,1.7986869561510206,-0.003772805346969744,-1.0013130526330047,-0.40377280534696974
18.471829579000087,1.8016635528891525,-0.003773497449433247,-0.9983364558948729,-0.40377349744943325
18.485330596999802,1.8046382154710168,-0.003773543235911159,-0.9953617933130086,-0.4037735432359112
18.505744986999844,1.8076128779912162,-0.003772935813552804,-0.9923871307928092,-0.40377293581355284
18.52250666399982,1.8105875403063119,-0.0037716751823882685,-0.9894124684777135,-0.40377167518238827
18.536475567000025,1.8135622022728648,-0.0037697613424761962,-0.9864378065111605,-0.4037697613424762
18.550272463999818,1.816534212053203,-0.0037671727736246193,-0.9834657967308222,-0.4037671727736246
18.56497539199995,1.8195050846592298,-0.0037638395760400028,-0.9804949241247956,-0.40376383957604
18.583426680000002,1.8224759563292403,-0.003759756467517603,-0.977524052454785,-0.4037597564675176
18.599060651999707,1.8254468268739412,-0.0037549234483187713,-0.9745531819100841,-0.4037549234483188
18.613646626999753,1.828417696104039,-0.0037493405187492414,-0.9715823126799863,-0.4037493405187493
18.627240111999754,1.8313944833069729,-0.003743048332106045,-0.9686055254770525,-0.40374304833210606
18.640751961999968,1.8343738061815058,-0.0037362074391568364,-0.9656262026025195,-0.40373620743915684
18.659961909000003,1.8373531277828026,-0.0037288328493291713,-0.9626468810012228,-0.4037288328493292
18.675777935999804,1.8403324480152603,-0.0037209245628594097,-0.959667560768765,-0.4037209245628594
18.689654147999818,1.843311766783277,-0.0037124825800004557,-0.9566882420007483,-0.4037124825800005
18.70318857999996,1.846303200481339,-0.0037036229718723796,-0.9536968083026864,-0.4037036229718724
18.71752176899986,1.84929982693976,-0.0036948072391717168,-0.9507001818442653,-0.4036948072391717
18.737390360999825,1.8522964536536684,-0.0036860787831374375,-0.947703555130357,-0.40368607878313745
18.753308288999733,1.8552930806205215,-0.0036774376037923863,-0.9447069281635039,-0.40367743760379243
18.767180210000106,1.858289707837778,-0.0036688837011363377,-0.9417103009462473,-0.40366888370113635
18.780603432999897,1.8612836429719,-0.0036603575194188494,-0.9387163658121254,-0.40366035751941887
18.794491353999774,1.8642764238291316,-0.0036516600248189222,-0.9357235849548937,-0.40365166002481895
18.813235889999987,1.8672692041373125,-0.0036427756120038903,-0.9327308046467129,-0.4036427756120039
18.829376133999858,1.8702619838847683,-0.0036337042810215265,-0.929738024899257,-0.4036337042810215
18.84292873399977,1.873254763059824,-0.0036244460318929977,-0.9267452457242014,-0.403624446031893
18.856608372999972,1.8762391124218665,-0.00361495133376006,-0.9237608963621589,-0.4036149513337601
18.869943695999837,1.8792198477838504,-0.0036049847217116677,-0.9207801610001749,-0.4036049847217117
18.891548337999893,1.8822005814417737,-0.003594520876174318,-0.9177994273422516,-0.40359452087617437
18.906684929999983,1.8851813133126896,-0.0035835597974416644,-0.9148186954713358,-0.4035835597974417
18.920408328999883,1.8881620433136517,-0.003572101485819115,-0.9118379654703737,-0.4035721014858191
18.934867649000125,1.8911330640733461,-0.003560097760505247,-0.9088669447106792,-0.4035600977605053
18.948708013999976,1.8940999212232768,-0.0035472750416830146,-0.9059000875607486,-0.40354727504168303
18.9672337049999,1.8970667745709293,-0.0035336008419400156,-0.902933234213096,-0.40353360084194
18.98228032599968,1.9000336238719302,-0.0035190751624021143,-0.8999663849120951,-0.40351907516240215
18.995986526000024,1.9030004688819062,-0.003503698004266451,-0.8969995399021191,-0.4035036980042665
19.010072419999915,1.9059470324996812,-0.003487400458793902,-0.8940529762843441,-0.40348740045879394
19.02387804599971,1.9088848974891854,-0.0034696020820014035,-0.8911151112948399,-0.40346960208200144
19.043773913999985,1.9118227524772946,-0.003450223031116073,-0.8881772563067307,-0.4034502230311161
19.059168666999767,1.9147605966135506,-0.0034292633117498565,-0.8852394121704747,-0.4034292633117499
19.07252302599977,1.917698429047499,-0.0034067229299680427,-0.8823015797365263,-0.40340672292996804
19.086707559999695,1.9206698816115622,-0.003382786659111919,-0.8793301271724632,-0.4033827866591119
19.100429398999722,1.9236587552463398,-0.0033589110021430054,-0.8763412535376855,-0.40335891100214305
19.119621118999703,1.926647631150019,-0.003335321087687104,-0.8733523776340064,-0.4033353210876871
19.135087656999758,1.9296365092952825,-0.003312016915955266,-0.8703634994887428,-0.4033120169159553
19.149001337000072,1.9326253896548136,-0.0032889984871694437,-0.8673746191292118,-0.4032889984871695
19.16336923499989,1.9356119529544604,-0.0032661225463938024,-0.8643880558295649,-0.4032661225463938
19.178262240999857,1.9385975201808419,-0.0032429126263685,-0.8614024886031835,-0.4032429126263685
19.193143867000117,1.941583084499115,-0.0032193315940984325,-0.8584169242849102,-0.40321933159409845
19.208023039999944,1.9445686458631497,-0.003195379449953967,-0.8554313629208756,-0.403195379449954
19.221465053999736,1.9475542042268168,-0.003171056194301035,-0.8524458045572085,-0.40317105619430105
19.235051699999758,1.9505456635613492,-0.0031463665040332447,-0.8494543452226762,-0.4031463665040333
19.2491859270001,1.9535396516490684,-0.00312149283315498,-0.8464603571349569,-0.403121492833155
19.271420678999903,1.956533638459136,-0.0030964658468197966,-0.8434663703248892,-0.4030964658468198
19.286681602999806,1.959527623983703,-0.0030712855451055917,-0.8404723848003224,-0.40307128554510563
19.299665974999925,1.962521608214916,-0.0030459519280642963,-0.8374784005691094,-0.4030459519280643
19.31341213399969,1.9655197178727999,-0.0030204673872630183,-0.8344802909112254,-0.40302046738726305
19.327412043999857,1.9685195959301245,-0.0029949605756117957,-0.8314804128539008,-0.4029949605756118
19.34830461899969,1.9715194739844537,-0.002969453412783761,-0.8284805347995716,-0.4029694534127838
19.363482203000103,1.9745193520357902,-0.00294394589877886,-0.8254806567482351,-0.40294394589877885
19.378020645999868,1.9775192300841489,-0.00291843803359759,-0.8224807786998765,-0.4029184380335976
19.391527195999743,1.9805185213480418,-0.0028929294685344554,-0.8194814874359835,-0.4028929294685345
19.40676132099975,1.983517560973594,-0.002867401884097041,-0.8164824478104313,-0.4028674018840971
19.42434635199993,1.9865166004106283,-0.0028418521617166485,-0.813483408373397,-0.4028418521617167
19.4397229169997,1.9895156396589806,-0.002816280301394669,-0.8104843691250447,-0.4028162803013947
19.453392356999984,1.9925146787184886,-0.002790686303132497,-0.8074853300655367,-0.40279068630313253
19.467182229999935,1.9955121523248427,-0.0027650693091098725,-0.8044878564591826,-0.4027650693091099
19.48252883200007,1.9985089544917465,-0.002739380460628558,-0.8014910542922788,-0.40273938046062857
19.500835611999946,2.001505755970135,-0.0027136114167102855,-0.7984942528138905,-0.4027136114167103
19.516001077999817,2.0045025567578634,-0.002687762177379177,-0.795497452026162,-0.4026877621773792
19.530229399000063,2.007499356852783,-0.0026618327426484113,-0.7925006519312423,-0.40266183274264844
19.54502007999986,2.010475484486437,-0.0026358165414076423,-0.7895245242975881,-0.4026358165414077
19.559241221000093,2.013442746341765,-0.002609072511081012,-0.7865572624422605,-0.402609072511081
19.577517870999827,2.0164100005183707,-0.0025814896784641527,-0.7835900082656546,-0.4025814896784642
19.592477284000097,2.019377246779139,-0.0025530680457603967,-0.7806227620048865,-0.4025530680457604
19.607263463999743,2.02234448488695,-0.0025238076152417533,-0.7776555238970753,-0.40252380761524176
19.621552435999774,2.0253268983002903,-0.0024936922159965328,-0.774673110483735,-0.40249369221599657
19.636337399000013,2.028315945323263,-0.002463205000884385,-0.7716840634607625,-0.4024632050008844
19.656675679000045,2.0313049894802053,-0.0024324380758483167,-0.76869501930382,-0.40243243807584833
19.67262836699979,2.034294030744942,-0.002401391441165466,-0.7657059780390831,-0.4024013914411655
19.685997359000112,2.0372830690913006,-0.0023700650971007833,-0.7627169396927247,-0.4023700650971008
19.699790534999693,2.040252310229882,-0.0023384908416888128,-0.7597476985541434,-0.4023384908416888
19.713216269999748,2.0432130584429093,-0.002306036021541567,-0.756786950341116,-0.4023060360215416
19.737553530000014,2.0461737954956565,-0.0022725785741634806,-0.7538262132883689,-0.4022725785741635
19.75514059200009,2.049134521048593,-0.0022381185033913975,-0.7508654877354322,-0.4022381185033914
19.77038771599996,2.0520952347621924,-0.002202655813175382,-0.747904774021833,-0.4022026558131754
19.784234720000086,2.055071901459289,-0.002166138924503851,-0.7449281073247365,-0.40216613892450387
19.79810120399975,2.0580556200309337,-0.00212909407941721,-0.7419443887530917,-0.4021290940794172
19.814339467999844,2.0610393334202994,-0.0020916341615089006,-0.7389606753637259,-0.40209163416150895
19.830085801999985,2.0640230415696443,-0.0020537591715076354,-0.735976967214381,-0.40205375917150765
19.843617818999746,2.067006744421225,-0.0020154691101445066,-0.7329932643628005,-0.4020154691101445
19.857244464000132,2.0699862736260464,-0.0019767804819402954,-0.730013735157979,-0.4019767804819403
19.871437966999792,2.072964009291034,-0.0019375539430903355,-0.7270359994929914,-0.40193755394309033
19.89350936400001,2.0759417374206426,-0.001897759495937585,-0.7240582713633827,-0.4018977594959376
19.909055041999864,2.078919457906563,-0.0018573971419327292,-0.7210805508774625,-0.40185739714193275
19.9232771290001,2.081897170640484,-0.0018164668825406348,-0.7181028381435413,-0.40181646688254063
19.938104066999813,2.0848544039064087,-0.001775071481476036,-0.7151456048776166,-0.40177507148147606
19.95181407999985,2.087802846573476,-0.0017325217665303694,-0.7121971622105492,-0.4017325217665304
19.974874339999815,2.090751270050425,-0.0016886624481588864,-0.7092487387336002,-0.40168866244815893
19.99149772199985,2.0936996737555718,-0.0016434935350165237,-0.7063003350284536,-0.40164349353501655
20.00515645900009,2.0966480571072355,-0.0015970150360126304,-0.7033519516767899,-0.40159701503601264
20.01967078199982,2.09961758677699,-0.0015490656844315473,-0.7003824220070354,-0.40154906568443155
20.034034177999956,2.1025995512990527,-0.0015004073418295885,-0.6974004574849726,-0.4015004073418296
20.051893472000074,2.1055815083480147,-0.0014512931555903659,-0.6944185004360106,-0.40145129315559036
20.06691622099993,2.108563457854194,-0.0014017231268630191,-0.6914365509298315,-0.40140172312686306
20.080442881999943,2.111545399747905,-0.0013516972568095294,-0.6884546090361203,-0.4013516972568095
20.094151960999852,2.1145368460386202,-0.0013011922934360557,-0.6854631627454051,-0.4013011922934361
20.108750030999772,2.1175323692860286,-0.001250698386563502,-0.6824676394979967,-0.4012506983865635
20.132043464999924,2.1205278943044563,-0.0012003096539600906,-0.679472114479569,-0.4012003096539601
20.147160058000054,2.123523421090208,-0.0011500260956826614,-0.6764765876938172,-0.4011500260956827
20.16034057999991,2.1265189496395935,-0.0010998477118070028,-0.6734810591444318,-0.401099847711807
20.173243670999682,2.129513619320651,-0.0010497967053955488,-0.6704863894633744,-0.4010497967053956
20.187736223,2.132507922368556,-0.0009998874799537043,-0.6674920864154692,-0.40099988747995374
20.202541024000084,2.135502227697619,-0.0009501153007483191,-0.6644977810864061,-0.40095011530074837
20.216799304000006,2.138496535301568,-0.0009004801678849852,-0.6615034734824574,-0.400900480167885
20.23055146899992,2.1414908451741295,-0.0008509820814670913,-0.6585091636098959,-0.40085098208146713
20.24448003199973,2.1444889245226006,-0.000806303460868472,-0.6555110842614247,-0.4008063034608685
20.25879348400008,2.1474888059004313,-0.0007802260489397034,-0.652511202883594,-0.4007802260489397
20.276575010999977,2.150488793407977,-0.0007736482795384599,-0.6495112153760485,-0.4007736482795385
20.291421061999927,2.1534887602962103,-0.000786570430574459,-0.646511248487815,-0.4007865704305745
20.305512767999744,2.1564885798169926,-0.0008189919560892084,-0.6435114289670327,-0.4008189919560892
20.31898487300009,2.159488125228379,-0.0008709114862781376,-0.6405118835556465,-0.4008709114862782
20.33263549299977,2.162487269800022,-0.0009423268275488414,-0.6375127389840034,-0.4009423268275489
20.352331307999748,2.1654858868185096,-0.0010332349626137457,-0.6345141219655157,-0.4010332349626138
20.367113990999997,2.168483849592719,-0.0011436320506176985,-0.6315161591913063,-0.4011436320506177
20.381380916999888,2.1714810314591655,-0.0012735134273008594,-0.6285189773248598,-0.4012735134273009
20.39497112899994,2.1744773057873625,-0.001422873605197821,-0.6255227029966628,-0.40142287360519785
20.409600421999812,2.1774725459851685,-0.0015917062738637563,-0.6225274627988568,-0.40159170627386376
20.427338539999937,2.1804666255041267,-0.001780004300143424,-0.6195333832798986,-0.40178000430014343
20.44391207700005,2.183459417844827,-0.0019877597284733073,-0.6165405909391981,-0.40198775972847334
20.45790318200011,2.1864507965622377,-0.002214963781217416,-0.6135492122217876,-0.40221496378121746
20.471692421999933,2.189440635271051,-0.002461606859038347,-0.6105593735129742,-0.40246160685903837
20.48654961399984,2.1924288076510265,-0.0027276785413027325,-0.6075712011329988,-0.40272767854130276
20.50552127800006,2.1954151874523284,-0.003013167586521658,-0.6045848213316969,-0.40301316758652167
20.520995054999958,2.19839964850085,-0.0033180619328253024,-0.6016003602831752,-0.4033180619328253
20.534221934999778,2.201382064703559,-0.0036423486984729194,-0.5986179440804662,-0.40364234869847293
20.547829458000024,2.204362310053814,-0.003986014182396995,-0.5956376987302114,-0.403986014182397
20.561999462999893,2.207340258636692,-0.0043490438647818775,-0.5926597501473334,-0.4043490438647819
20.58276742599969,2.210315784634308,-0.004731422407677479,-0.5896842241497176,-0.4047314224076775
20.597031663999815,2.213288762331131,-0.005133133655647301,-0.5867112464528943,-0.40513313365564735
20.611867894999932,2.2162590661192962,-0.00555416063645079,-0.5837409426647291,-0.40555416063645083
20.626047022999728,2.219226570503912,-0.005994485561760709,-0.5807734382801133,-0.4059944855617607
20.639825810000048,2.222191150108357,-0.0064540898279144745,-0.5778088586756684,-0.4064540898279145
20.67385529199987,2.225152679679585,-0.00693295401670012,-0.5748473291044403,-0.40693295401670015
20.687977935999925,2.228111034093412,-0.0074310578961769925,-0.5718889746906135,-0.407431057896177
20.704656398999987,2.2310660883598037,-0.00794838042153029,-0.5689339204242216,-0.4079483804215303
20.720116241999904,2.2340177176281566,-0.008484899735960115,-0.5659822911558687,-0.40848489973596014
20.735109539999712,2.2369657971925743,-0.009040593171605419,-0.5630342115914511,-0.40904059317160546
20.76925267599995,2.239910202497134,-0.009615437250501154,-0.5600898062868915,-0.4096154372505012
20.784325666000086,2.242850809141148,-0.010209407685570484,-0.5571491996428772,-0.4102094076855705
20.800808431999712,2.245787492884425,-0.010822479381650854,-0.5542125158996005,-0.4108224793816509
20.814548995999985,2.247693411136922,-0.011234707574747413,-0.5523065976471035,-0.41123470757474745
20.828505769999765,2.249155052183084,-0.011571714644247846,-0.5508449566009412,-0.41157171464424785
20.858993103999865,2.2506121887538093,-0.011927694035448846,-0.549387820030216,-0.4119276940354489
20.872794627999838,2.2520645745964942,-0.012302585588682087,-0.5479354341875311,-0.4123025855886821
20.887589702000014,2.253511964261379,-0.012696325948165449,-0.5464880445226465,-0.41269632594816547
20.901311268999734,2.2549541131430604,-0.013108848572716462,-0.545045895640965,-0.41310884857271646
20.915059876999976,2.25639077752181,-0.013540083746993453,-0.5436092312622152,-0.41354008374699347
20.947903591000113,2.257821714604767,-0.013989958593278335,-0.5421782941792581,-0.41398995859327836
20.961619234999716,2.2592466825669653,-0.014458397083791564,-0.5407533262170601,-0.41445839708379156
20.976255910999726,2.260665440592211,-0.014945320053545574,-0.5393345681918142,-0.4149453200535456
20.990221727999824,2.2620777489137787,-0.015450645213718858,-0.5379222598702467,-0.4154506452137189
21.003778505000128,2.2634833688549234,-0.01597428716556196,-0.5365166399291019,-0.415974287165562
21.036228835999964,2.264882062869221,-0.016516157414831326,-0.5351179459148043,-0.41651615741483133
21.049970653999708,2.2662735945807104,-0.017076164386744447,-0.5337264142033149,-0.41707616438674444
21.064353534999782,2.267657728823845,-0.017654213441456065,-0.5323422799601802,-0.4176542134414561
21.078884242999948,2.269103587885141,-0.018279952716843056,-0.5308964208988844,-0.4182799527168431
21.092944453999962,2.2705974120078714,-0.018947396401291318,-0.529402596776154,-0.41894739640129136
21.123510664999912,2.2720832428206443,-0.019632449959339368,-0.527916765963381,-0.4196324499593394
21.137595492999708,2.273560872739054,-0.020335017682622844,-0.5264391360449712,-0.4203350176826229
21.15298407899968,2.275030095324442,-0.021055001415888626,-0.5249699134595835,-0.42105500141588864
21.167163800000026,2.276585158274394,-0.021838201526641315,-0.5234148505096314,-0.4218382015266413
21.18051502200001,2.2784322928547116,-0.022786387412961743,-0.5215677159293137,-0.42278638741296176
21.21370143399986,2.280316677998987,-0.02377164606797271,-0.5196833307850381,-0.42377164606797274
21.22802105200003,2.2821935497915393,-0.024771143073263474,-0.517806458992486,-0.42477114307326347
21.243663434999917,2.2840628006498407,-0.025784821137541925,-0.5159372081341846,-0.42578482113754196
21.257145261999767,2.286016873205068,-0.02686223687140752,-0.5139831355789575,-0.42686223687140756
21.27171984599977,2.2881401333398803,-0.02804676401632583,-0.511859875444145,-0.42804676401632585
21.302869886000053,2.2902577576308176,-0.029241862876429433,-0.5097422511532077,-0.42924186287642946
21.31808896000007,2.2923694688791825,-0.030447379166894665,-0.5076305399048429,-0.4304473791668947
21.334918057000095,2.2944752158379242,-0.03166328363222481,-0.5055247929461011,-0.43166328363222484
21.350420063999763,2.296654239456054,-0.03293479572146275,-0.5033457693279715,-0.43293479572146276
21.365956449000123,2.2989098893592272,-0.03426120945772749,-0.5010901194247981,-0.4342612094577275
21.398969285999783,2.301161121046685,-0.03559510817010136,-0.4988388877373402,-0.4355951081701014
21.4140516760001,2.303407909680942,-0.036936477141885964,-0.4965920991030832,-0.436936477141886
21.43042095399983,2.3056502304735353,-0.038285301573971274,-0.49434977831049,-0.4382853015739713
21.445018123999716,2.3079165146830958,-0.03965850216583357,-0.49208349410092955,-0.4396585021658336
21.45940292299997,2.3101933853133843,-0.041047159921553174,-0.4898066234706411,-0.4410471599215532
21.4945452139998,2.3124662379534646,-0.042442384314281836,-0.4875337708305607,-0.44244238431428184
21.50951198200005,2.3147350536648017,-0.043844163718317376,-0.48526495511922363,-0.4438441637183174
21.525710897999716,2.3169998135424965,-0.045252486453337355,-0.4830001952415288,-0.44525248645333737
21.5401055169998,2.3192561878700295,-0.04666468841889419,-0.4807438209139958,-0.44666468841889423
21.553694996999866,2.3215065549409277,-0.04808237821966619,-0.4784934538430976,-0.44808237821966623
21.589234991999774,2.3237527310794595,-0.04950669878740683,-0.4762472777045659,-0.44950669878740684
21.603448486999923,2.3259946967479506,-0.050937637733101046,-0.47400531203607477,-0.4509376377331011
21.61786088399981,2.328232432445351,-0.05237518261016547,-0.4717675763386744,-0.4523751826101655
21.632165229000066,2.3304136653266156,-0.05378607723361962,-0.4695863434574097,-0.45378607723361963
21.646863713999892,2.332567439236282,-0.05519052229648612,-0.46743256954774326,-0.45519052229648616
21.677467576000026,2.334715979341022,-0.05660296111175623,-0.4652840294430032,-0.45660296111175624
21.69262770399996,2.336859255972097,-0.05802337417535759,-0.46314075281192846,-0.4580233741753576
21.708490030999883,2.3389972395334464,-0.05945174187310286,-0.4610027692505789,-0.4594517418731029
21.723469238999996,2.3411002650264865,-0.06086838948194888,-0.45889974375753884,-0.4608683894819489
21.736306471000034,2.343184796269098,-0.06228517509730316,-0.4568152125149272,-0.46228517509730316
21.772705015999918,2.3452634209603485,-0.06371061235450598,-0.4547365878236769,-0.463710612354506
21.78897178200009,2.3473361031926765,-0.06514467662959544,-0.45266390559134884,-0.46514467662959547
21.805906855999865,2.3494028071611766,-0.06658734314958062,-0.4505972016228488,-0.4665873431495806
21.820798215999957,2.3514323971881845,-0.06801700231179118,-0.4485676115958408,-0.4680170023117912
21.834447414000124,2.3534421487768706,-0.06944660702990575,-0.4465578600071547,-0.46944660702990576
21.86630498999989,2.3554452670194244,-0.07088549146050933,-0.44455474176460097,-0.47088549146050934
21.88077695600009,2.357441709068575,-0.07233362482545448,-0.44255829971545024,-0.4723336248254545
21.89612831999989,2.3594314322198593,-0.07379097614875613,-0.44056857656416604,-0.47379097614875615
21.909767416000022,2.3613650726211945,-0.07522153302762823,-0.4386349361628308,-0.47522153302762826
21.92392957099969,2.3632700585118527,-0.07664677218901304,-0.43672995027217265,-0.4766467721890131
21.958284838999816,2.3651673479135935,-0.07808224104509817,-0.4348326608704318,-0.4780822410450982
21.97506785900009,2.3670568858940055,-0.07952789803461027,-0.4329431228900198,-0.47952789803461027
21.993650918999947,2.3689386177451053,-0.08098370130129695,-0.43106139103892005,-0.480983701301297
22.008857530999876,2.370826880773322,-0.08246071517617516,-0.4291731280107034,-0.48246071517617517
22.025094491000118,2.372713975257742,-0.08395256145100989,-0.42728603352628314,-0.4839525614510099
22.062164247999817,2.37459335908687,-0.0854541097598159,-0.42540664969715536,-0.48545410975981595
22.077321123000047,2.376464982380616,-0.08696532025050743,-0.42353502640340945,-0.4869653202505074
22.09333062499968,2.378328795464858,-0.08848615281455748,-0.4216712133191671,-0.4884861528145575
22.107160216999773,2.3801782553956072,-0.09001128298105074,-0.4198217533884181,-0.4900112829810508
22.121208831000104,2.3820169215713607,-0.09154381103524485,-0.41798308721266464,-0.49154381103524486
22.15430142399987,2.3838475083197594,-0.09308598083761478,-0.4161525004642659,-0.4930859808376148
22.168629624999767,2.385669965081208,-0.09463774979445182,-0.41433004370281745,-0.49463774979445185
22.18219276600007,2.387484241520658,-0.09619907504692457,-0.41251576726336747,-0.4961990750469246
22.1963994299997,2.389289833613427,-0.09776952380105354,-0.4107101751705984,-0.49776952380105355
22.210770592000017,2.39108694340328,-0.09934928376090386,-0.40891306538074534,-0.4993492837609039
22.2427782379998,2.3928757143471806,-0.10093847967009414,-0.4071242944368447,-0.5009384796700942
22.257454659000132,2.39465609690111,-0.10253706751228328,-0.4053439118829152,-0.5025370675122833
22.273166217999687,2.396428041753385,-0.10414500301099933,-0.40357196703064036,-0.5041450030109993
22.287635396999804,2.3981722150209865,-0.10574478019996539,-0.4018277937630388,-0.5057447801999654
22.30292620799969,2.3998992610072514,-0.10734668203154288,-0.40010074777677396,-0.5073466820315429
22.339864473999796,2.401617333628721,-0.10895820422625269,-0.39838267515530434,-0.5089582042262527
22.354724241999747,2.403326379296761,-0.1105792965188881,-0.39667362948726437,-0.5105792965188881
22.37029491699991,2.4050263447042957,-0.11220990834574074,-0.39497366407972967,-0.5122099083457408
22.38629667400005,2.4066992318039317,-0.1138327970975373,-0.3933007769800936,-0.5138327970975374
22.400943307999796,2.4083549339450743,-0.11545804700577014,-0.39164507483895106,-0.5154580470057701
22.43530553100004,2.410001030478778,-0.11709302500137787,-0.3899989783052473,-0.5170930250013779
22.449348099999725,2.411637464248592,-0.11873767431397034,-0.3883625445354335,-0.5187376743139703
22.464787634999766,2.4132641784335744,-0.12039193783734545,-0.3867358303504509,-0.5203919378373455
22.48065179399987,2.414919766695636,-0.12209495684720595,-0.3850802420883892,-0.522094956847206
22.49611928599984,2.416590908344069,-0.123831690047902,-0.38340910043995624,-0.523831690047902
22.530390388000114,2.4182531504162306,-0.12557694301325392,-0.38174685836779476,-0.525576943013254
22.54465236300007,2.419906449477502,-0.12733067013955737,-0.38009355930652333,-0.5273306701395574
22.561969708999868,2.4215507623269485,-0.12909282560167742,-0.3784492464570768,-0.5290928256016775
22.576465804999998,2.423149854536704,-0.1308246715573339,-0.37685015424732127,-0.5308246715573339
22.59097642599977,2.424723643568809,-0.13254892469603172,-0.37527636521521623,-0.5325489246960318
22.627221015999794,2.426287461515824,-0.13428222623715966,-0.37371254726820125,-0.5342822262371597
22.641130477999695,2.427841256355478,-0.1360245185203731,-0.37215875242854723,-0.5360245185203731
22.65674113199998,2.4293849763989326,-0.13777574358623984,-0.37061503238509275,-0.5377757435862398
22.671513771000036,2.430949852010462,-0.1395712372429045,-0.3690501567735631,-0.5395712372429045
22.68441394699971,2.4325236168249353,-0.1413957355778552,-0.36747639195909,-0.5413957355778553
22.720701013999815,2.43408802341023,-0.14322826440475048,-0.36591198537379555,-0.5432282644047505
22.735305688999915,2.4356430307895693,-0.14506877572384336,-0.364356977994456,-0.5450687757238434
22.751361210999903,2.4371885982323773,-0.14691722132630103,-0.362811410551648,-0.546917221326301
22.76599988399971,2.438694762273703,-0.1487378546091634,-0.36130524651032214,-0.5487378546091635
22.780368181999847,2.440177914721583,-0.1505515674681247,-0.35982209406244214,-0.5505515674681247
22.814051856000106,2.4416507147599424,-0.15237369687226215,-0.3583492940240829,-0.5523736968722621
22.828271294999695,2.4431131146278178,-0.15420418373232156,-0.35688689415620756,-0.5542041837323216
22.84349456899986,2.4445650669015095,-0.15604296868802792,-0.3554349418825158,-0.5560429686880279
22.858330857999817,2.4460317169587786,-0.15792181668391786,-0.3539682918252467,-0.5579218166839179
22.872292757999958,2.4475022863040903,-0.15982585324651657,-0.35249772247993505,-0.5598258532465166
22.907358817999693,2.448963031148798,-0.1617374373879405,-0.3510369776352271,-0.5617374373879405
22.92272657699982,2.4504139127562534,-0.16365651841599366,-0.3495860960277719,-0.5636565184159936
22.939463294000006,2.4518548926513644,-0.16558304543967456,-0.34814511613266097,-0.5655830454396746
22.955204621999883,2.453265317058578,-0.1674894756322836,-0.34673469172544724,-0.5674894756322837
22.970694179999782,2.4546564125873997,-0.16939184174400385,-0.3453435961966256,-0.5693918417440038
23.004616326000132,2.4560368807850304,-0.17130193366552524,-0.343963127998995,-0.5713019336655253
23.020001156999797,2.4574066787451447,-0.17321969202929136,-0.3425933300388806,-0.5732196920292914
23.035528705999923,2.458765763893061,-0.1751450572294657,-0.34123424489096443,-0.5751450572294657
23.049988777999943,2.4601120490469257,-0.17707507686806423,-0.3398879597370996,-0.5770750768680643
23.063955469999883,2.461446608257349,-0.17901137969436315,-0.3385534005266764,-0.5790113796943632
23.099958733999983,2.4627702665707303,-0.1809551506661279,-0.33722974221329505,-0.5809551506661279
23.116200376999814,2.4640829821966284,-0.18290632841476656,-0.33591702658739697,-0.5829063284147666
23.132725981999783,2.4653847136900824,-0.18486485133784086,-0.33461529509394294,-0.5848648513378409
23.14677509199987,2.4666735878187747,-0.1868279049853016,-0.33332642096525067,-0.5868279049853016
23.16146056299999,2.4679505610473957,-0.1887970321798371,-0.3320494477366296,-0.5887970321798371
23.19796939999992,2.4692163689472513,-0.19077335525452332,-0.33078363983677406,-0.5907733552545233
23.21242355399977,2.4704709709698967,-0.192756810900523,-0.3295290378141287,-0.592756810900523
23.22812778399998,2.471714326925852,-0.19474733558051616,-0.3282856818581732,-0.5947473355805162
23.242565927999976,2.4729507227831506,-0.19675178088758924,-0.3270492860008747,-0.5967517808875893
23.25690095899995,2.4741777725247736,-0.19876605553692428,-0.3258222362592518,-0.5987660555369243
23.29146502599974,2.4753936063188138,-0.20078712001304597,-0.32460640246521155,-0.600787120013046
23.305802512000128,2.476598186595139,-0.20281491186362083,-0.32340182218888636,-0.6028149118636208
23.32130057900008,2.4777914761313617,-0.20484936842843468,-0.3222085326526636,-0.6048493684284347
23.335593178999943,2.4789631774939265,-0.206872960442596,-0.32103683129009886,-0.606872960442596
23.350399874999994,2.480118804145645,-0.20889578294740824,-0.31988120463838055,-0.6088957829474082
23.38365960899978,2.4812626594821126,-0.21092528505713123,-0.3187373493019128,-0.6109252850571313
23.398267888999953,2.482394704896072,-0.21296139827227192,-0.3176053038879534,-0.6129613982722719
23.41495401899988,2.4835149021788716,-0.21500405387019916,-0.3164851066051537,-0.6150040538701992
23.42917724599988,2.4846217520276346,-0.21705052025567384,-0.31537825675639075,-0.6170505202556739
23.44706993299974,2.4857160053933307,-0.2191022744795373,-0.3142840033906946,-0.6191022744795374
23.476577404999944,2.4867982430036,-0.2211603919636466,-0.31320176578042513,-0.6211603919636466
23.49069656100005,2.4878684278565,-0.2232248023405101,-0.31213158092752513,-0.6232248023405101
23.506704407999905,2.488926523362174,-0.22529543502748084,-0.31107348542185154,-0.6252954350274809
23.520882841999764,2.489965348164999,-0.22735824552139083,-0.3100346606190265,-0.6273582455213909
23.5346376949999,2.490988708044322,-0.2294212662677445,-0.3090113007397033,-0.6294212662677445
23.57029198699979,2.491999585466892,-0.23149043201244218,-0.3080004233171332,-0.6314904320124421
23.58465989199999,2.4929979435353893,-0.2335656672303297,-0.30700206524863605,-0.6335656672303297
23.600797285,2.4939837458094516,-0.23564689617471493,-0.30601626297457374,-0.6356468961747149
23.616782199,2.494969637724156,-0.23776078666772896,-0.3050303710598694,-0.637760786667729
23.63119383599974,2.495949694826896,-0.2398936118600251,-0.30405031395712934,-0.6398936118600251
23.660153926999783,2.49691767011913,-0.24203194744153353,-0.30308233866489553,-0.6420319474415336
23.674456899999996,2.4978735326200328,-0.24417572497310905,-0.3021264761639926,-0.644175724973109
23.689909723000028,2.4988172517364586,-0.24632487584143195,-0.3011827570475667,-0.646324875841432
23.70549607299995,2.4997397771753245,-0.24845881842591674,-0.30026023160870086,-0.6484588184259168
23.720023439999977,2.5006458720810745,-0.25058935737038707,-0.29935413670295086,-0.6505893573703871
23.748735864999844,2.5015393067719187,-0.2527252362586502,-0.2984607020121066,-0.6527252362586502
23.762833553000064,2.5024200497794773,-0.2548663798612068,-0.29757995900454803,-0.6548663798612069
23.776743976999796,2.503288070082395,-0.2570127127631242,-0.2967119387016304,-0.6570127127631242
23.792311341999948,2.504139699567594,-0.25915516893507057,-0.29586030921643136,-0.6591551689350705
23.80573500100013,2.5049768327543336,-0.2612988693324399,-0.29502317602969175,-0.66129886933244
23.83975329000009,2.5058009708333264,-0.2634475991416012,-0.2941990379506989,-0.6634475991416012
23.85457861200007,2.506612083590498,-0.2656012795870659,-0.2933879251935272,-0.6656012795870659
23.868918201000042,2.5074101412893017,-0.2677598317118482,-0.2925898674947236,-0.6677598317118483
23.88313481299997,2.5082032324211005,-0.26994511404417854,-0.2917967763629248,-0.6699451140441786
23.89731160999986,2.508987434484115,-0.2721453434339613,-0.2910125742999101,-0.6721453434339613
23.929065088000016,2.5097589583698285,-0.2743500504750609,-0.2902410504141968,-0.6743500504750609
23.94343632799996,2.510517778513574,-0.2765591621138756,-0.28948223027045117,-0.6765591621138756
23.958779364000065,2.511263869771629,-0.27877260515085533,-0.28873613901239636,-0.6787726051508554
23.972771977000093,2.511988347820842,-0.28096405224909915,-0.2880116609631833,-0.6809640522490992
23.987499221999997,2.5126957976422446,-0.28314857694542034,-0.28730421114178073,-0.6831485769454204
24.020435060999944,2.5133899101353796,-0.28533737598724995,-0.28661009864864573,-0.68533737598725
24.034393677999788,2.5140706594776274,-0.2875303679461196,-0.2859293493063979,-0.6875303679461195
24.049073801000077,2.514738020343516,-0.28972747123757403,-0.2852619884405092,-0.689727471237574
24.063716840000097,2.5153951388214173,-0.291939043570901,-0.28460486996260803,-0.691939043570901
24.078764918999923,2.5160403561592144,-0.29415898694383835,-0.28395965262481093,-0.6941589869438384
24.111284337999905,2.516672321679689,-0.2963827390822239,-0.2833276871043364,-0.6963827390822239
24.126123102000065,2.5172910129020374,-0.2986102208808999,-0.28270899588198795,-0.6986102208809
24.143126620999965,2.5178964078176627,-0.3008413531020328,-0.28210360096636267,-0.7008413531020328
24.161184797000033,2.5184919986132237,-0.3030889950790327,-0.2815080101708016,-0.7030889950790327
24.178155078999907,2.519075981032163,-0.305345616690589,-0.2809240277518623,-0.705345616690589
24.210826219999717,2.519646869105599,-0.3076055864627273,-0.28035313967842646,-0.7076055864627273
24.226439201999938,2.5202046436400707,-0.3098688284144565,-0.27979536514395464,-0.7098688284144565
24.241528177999726,2.520749285882999,-0.31213526645477224,-0.27925072290102637,-0.7121352664547722
24.25733921699998,2.521272407202627,-0.31437003056655527,-0.2787276015813984,-0.7143700305665552
24.27205122400005,2.52177818068729,-0.31659305871379695,-0.27822182809673546,-0.716593058713797
24.3061940099999,2.5222700696639957,-0.31881920026271304,-0.27772993912002963,-0.7188192002627131
24.328292235999697,2.5227480549714043,-0.32104836849483903,-0.277251953812621,-0.721048368494839
24.34951312699991,2.5232121179897846,-0.32328047657380543,-0.2767878907942407,-0.7232804765738055
24.36751523199996,2.5236680720551283,-0.32554347336294304,-0.276331936728897,-0.7255434733629431
24.387288073999798,2.5241134236601366,-0.3278229386661987,-0.27588658512388875,-0.7278229386661987
24.42390460699994,2.5245453847217716,-0.33010497936742605,-0.27545462406225374,-0.7301049793674261
24.43751287000009,2.5249639403505117,-0.33238951680561285,-0.2750360684335136,-0.7323895168056129
24.452768074999994,2.525369076118916,-0.33467647223368474,-0.2746309326651093,-0.7346764722336847
24.4702213019998,2.525755008045597,-0.3369332240119188,-0.2742450007384285,-0.7369332240119189
24.485172648999878,2.5261244709977553,-0.3391783769979634,-0.27387553778627005,-0.7391783769979634
24.514811194000004,2.5264798265828894,-0.3414258060206191,-0.27352018220113594,-0.7414258060206191
24.529046254999912,2.52682106078517,-0.3436754224374635,-0.2731789479988551,-0.7436754224374635
24.543531295000093,2.527148160145742,-0.3459271375198075,-0.2728518486382834,-0.7459271375198075
24.55855663899979,2.527460407867508,-0.3481760052474545,-0.2725396009165175,-0.7481760052474545
24.574775953999733,2.5277581147414026,-0.3504247223568512,-0.2722418940426228,-0.7504247223568512
24.607489102000045,2.528041556528801,-0.35267528201480597,-0.2719584522552245,-0.7526752820148059
24.623546287999716,2.528310721832904,-0.35492759372945026,-0.2716892869511214,-0.7549275937294503
24.63981762299977,2.52856559983095,-0.3571815669384677,-0.27143440895307513,-0.7571815669384677
24.654092225999875,2.5287643841151666,-0.35906057013933323,-0.27123562466885875,-0.7590605701393333
24.67230887799974,2.5289269944734136,-0.36078002430227957,-0.2710730143106117,-0.7607800243022795
24.70979902799968,2.5290706271679264,-0.3625011676420815,-0.2709293816160989,-0.7625011676420815
24.72543663800002,2.5291952647196543,-0.3642237907081536,-0.27080474406437105,-0.7642237907081536
24.743323551999993,2.5293008919611175,-0.36594768386984616,-0.2706991168229078,-0.7659476838698462
24.761357932999772,2.5293898884135033,-0.36771675634908224,-0.270610120370522,-0.7677167563490823
24.777934477999906,2.5294614709713836,-0.36951187993416873,-0.2705385378126417,-0.7695118799341687
24.809784301999798,2.5295143271461935,-0.3713076524623887,-0.2704856816378318,-0.7713076524623887
24.826194694999913,2.529548451188221,-0.37310387858904487,-0.2704515575958042,-0.773103878589045
24.84334818000002,2.529563839385443,-0.37490036292009604,-0.2704361693985824,-0.7749003629200961
24.85885302299971,2.5295607048131825,-0.3767667647179056,-0.2704393039708428,-0.7767667647179056
24.874575967999817,2.529539553756054,-0.37868533244476754,-0.2704604550279712,-0.7786853324447676
24.893199077999952,2.5295004243369523,-0.3806036177150942,-0.270499584447073,-0.7806036177150942
24.908770660000073,2.5294433199922803,-0.3825214520623751,-0.270556688791745,-0.7825214520623751
24.92242077700007,2.529368245737021,-0.38443866705970564,-0.27063176304700454,-0.7844386670597057
24.93688774899988,2.529271994379483,-0.38643034319513087,-0.2707280144045425,-0.7864303431951309
24.950430017999906,2.5291560430591518,-0.3884815418935827,-0.27084396572487357,-0.7884815418935827
24.966997755999955,2.529023287242816,-0.39053172156923716,-0.2709767215412091,-0.7905317215692371
24.98363554599996,2.5288737358449906,-0.39258074455316055,-0.2711262729390347,-0.7925807445531605
24.99802191699996,2.5287073989080047,-0.3946284732540956,-0.27129260987602066,-0.7946284732540956
25.012261951000028,2.528515638394303,-0.39677941712497866,-0.2714843703897225,-0.7967794171249787
25.0262800349999,2.528273029102345,-0.39931229926647366,-0.27172697968168036,-0.7993122992664736
25.0461598469999,2.5279759845855323,-0.40221554917758207,-0.27202402419849303,-0.8022155491775821
25.062115440999833,2.527651398927149,-0.40519793286566236,-0.27234860985687614,-0.8051979328656624
25.076767880000034,2.5273074347681463,-0.40817814375918604,-0.272692574015879,-0.8081781437591861
25.090342267000096,2.526944106640959,-0.41115605594468657,-0.2730559021430663,-0.8111560559446866
25.104773775999774,2.526561429896148,-0.4141315436058165,-0.27343857888787726,-0.8141315436058165
25.122211980999737,2.5261594207017475,-0.41710448102866504,-0.27384058808227785,-0.8171044810286651
25.13874459099975,2.5257380960425855,-0.42007474260706856,-0.27426191274143985,-0.8200747426070686
25.15302434299997,2.5252974737195677,-0.4230422028479167,-0.27470253506445763,-0.8230422028479167
25.17038282899989,2.52483757234892,-0.426006736376456,-0.2751624364351053,-0.826006736376456
25.196439686000076,2.5243584113614097,-0.42896821794158596,-0.2756415974226156,-0.828968217941586
25.226187902999982,2.523860011001515,-0.4319265224211507,-0.2761399977825105,-0.8319265224211507
25.244483518999687,2.5233423923265783,-0.43488152482722614,-0.276657616457447,-0.8348815248272261
25.264279899999792,2.52280557720591,-0.43783310031140044,-0.2771944315781152,-0.8378331003114005
25.278994607999948,2.522249588319869,-0.44078112417004806,-0.27775042046415654,-0.840781124170048
25.296534346999806,2.5216744491589034,-0.44372547184959965,-0.27832555962512195,-0.8437254718495997
25.329773453999906,2.5210801840225585,-0.44666601895180413,-0.2789198247614668,-0.8466660189518042
25.344656573999828,2.5204668180184466,-0.44960264123898314,-0.2795331907655787,-0.8496026412389832
25.359258533000002,2.5198343770611915,-0.4525352146392823,-0.2801656317228338,-0.8525352146392824
25.372742548999895,2.5191828878713287,-0.45546361525191187,-0.2808171209126966,-0.855463615251912
25.387174927999922,2.5185123779741803,-0.45838771935238104,-0.28148763080984507,-0.858387719352381
25.418042288999686,2.517822875698688,-0.46130740339772686,-0.2821771330853373,-0.8613074033977268
25.43113170499987,2.5171144101762213,-0.4642225440317327,-0.28288559860780405,-0.8642225440317327
25.445318325000017,2.5163870113393427,-0.46713301809014063,-0.2836129974446826,-0.8671330180901407
25.45908912999971,2.515640709920547,-0.47003870260585434,-0.2843592988634782,-0.8700387026058544
25.47337453899968,2.5148755374509557,-0.4729394748141354,-0.2851244713330696,-0.8729394748141355
25.50626078099981,2.514091526258992,-0.4758352121577897,-0.2859084825250333,-0.8758352121577897
25.52070105100006,2.5132887094690126,-0.4787257922923446,-0.2867112993150127,-0.8787257922923446
25.53611045599996,2.5124671209999083,-0.4816110930912201,-0.287532887784117,-0.8816110930912201
25.55134859499981,2.5116267955636675,-0.4844909926508863,-0.2883732132203578,-0.8844909926508864
25.566363439000042,2.510767768663918,-0.4873653692960152,-0.2892322401201075,-0.8873653692960153
25.59652679099986,2.5098900765944165,-0.4902341015846212,-0.2901099321896088,-0.8902341015846212
25.611387252999748,2.508993756437522,-0.4930970683131921,-0.2910062523465031,-0.8930970683131921
25.627066203999902,2.50807884606263,-0.49595414852180886,-0.29192116272139534,-0.8959541485218089
25.64180479899983,2.5071453841245654,-0.4988052214992581,-0.2928546246594599,-0.8988052214992581
25.656875335999985,2.5061934100619565,-0.5016501667881308,-0.2938065987220688,-0.9016501667881308
25.686135786000023,2.5052229640955668,-0.5044888641899111,-0.29477704468845856,-0.9044888641899111
25.70042753699977,2.504234087226594,-0.5073211937700566,-0.29576592155743153,-0.9073211937700566
25.715036988999827,2.5032268212349376,-0.5101470358630638,-0.29677318754908777,-0.9101470358630638
25.729096187000096,2.502201208677437,-0.5129662710775243,-0.2977988001065883,-0.9129662710775244
25.74414908499989,2.501157292886071,-0.5157787803011699,-0.2988427158979543,-0.9157787803011699
25.77527338899995,2.500095117966125,-0.5185844447059046,-0.2999048908179005,-0.9185844447059046
25.792050160999906,2.4990147287943314,-0.5213831457528237,-0.30098527998969393,-0.9213831457528238
25.8085144260001,2.4979161710169726,-0.5241747651972252,-0.3020838377670527,-0.9241747651972252
25.823448761999998,2.4967994910479505,-0.5269591850936026,-0.3032005177360748,-0.9269591850936026
25.837038834999703,2.4956647360668285,-0.5297362878006295,-0.30433527271719685,-0.9297362878006296
25.86809871799983,2.494511954016836,-0.5325059559861294,-0.30548805476718943,-0.9325059559861294
25.882177071999877,2.493341193602843,-0.5352680726320336,-0.3066588151811822,-0.9352680726320336
25.89986755899986,2.492152504289302,-0.5380225210393252,-0.30784750449472353,-0.9380225210393253
25.92116507600008,2.4909459362981585,-0.5407691848329681,-0.3090540724858668,-0.9407691848329681
25.93875111300008,2.4897215406067343,-0.5435079479668253,-0.310278468177291,-0.9435079479668254
25.978588077999802,2.4884793689455624,-0.5462386947285625,-0.3115206398384629,-0.9462386947285625
25.995329034999713,2.4872194737962117,-0.5489613097445343,-0.31278053498781366,-0.9489613097445343
26.01183110099987,2.485941908389066,-0.5516756779846622,-0.3140581003949592,-0.9516756779846622
26.02927137799975,2.48464672670107,-0.5543816847672918,-0.3153532820829552,-0.9543816847672918
26.04383360299994,2.4833339834534613,-0.5570792157640385,-0.316666025330564,-0.9570792157640385
26.075058495999883,2.4820037341094436,-0.5597681570046196,-0.3179962746745817,-0.9597681570046196
26.09003511500009,2.480656034871857,-0.5624483948816672,-0.3193439739121682,-0.9624483948816672
26.107978383999807,2.479290942680793,-0.5651198161555299,-0.32070906610323213,-0.9651198161555299
26.12243670599969,2.477908515211192,-0.567782307959056,-0.3220914935728332,-0.9677823079590561
26.13659047799979,2.4765088108704094,-0.570435757802363,-0.3234911979136159,-0.970435757802363
26.173008075000098,2.4750918887957445,-0.5730800535775904,-0.32490811998828084,-0.9730800535775904
26.187359990999767,2.473657808851946,-0.5757150835636342,-0.32634219993207925,-0.9757150835636342
26.202568047999875,2.472206631628678,-0.5783407364308701,-0.3277933771553472,-0.9783407364308702
26.21716535199971,2.4707384184379624,-0.5809569012458542,-0.32926159034606295,-0.9809569012458542
26.231321870999864,2.469253231311588,-0.583563467476013,-0.3307467774724375,-0.983563467476013
26.263458668999874,2.4677511329984885,-0.5861603249943108,-0.33224887578553686,-0.9861603249943108
26.278280562999726,2.4662321869620953,-0.5887473640839036,-0.33376782182193,-0.9887473640839036
26.2943076869999,2.4646964573776526,-0.5913244754427747,-0.3353035514063727,-0.9913244754427747
26.309251283000094,2.4631440091295076,-0.5938915501883527,-0.33685599965451773,-0.9938915501883527
26.323277655000084,2.461574907808367,-0.5964484798621114,-0.3384251009756585,-0.9964484798621114
26.357310120999728,2.459989219708528,-0.5989951564341521,-0.3400107890754973,-0.9989951564341522
26.372430270999985,2.4583870118250783,-0.6015314723077695,-0.341612996958947,-1.0015314723077695
26.389189849999866,2.4567683518510597,-0.6040573203239943,-0.34323165693296565,-1.0040573203239944
26.403776838000113,2.4551333081746187,-0.6065725937661236,-0.3448667006094066,-1.0065725937661236
26.419286666999824,2.453481949876106,-0.6090771863642288,-0.34651805890791954,-1.009077186364229
26.45164812400003,2.451814346725163,-0.6115709922996454,-0.34818566205886237,-1.0115709922996454
26.468123159000015,2.4501305691777753,-0.6140539062094433,-0.34986943960625005,-1.0140539062094434
26.48456912200004,2.448430688373294,-0.6165258231908796,-0.3515693204107313,-1.0165258231908796
26.499483074999944,2.446714776131431,-0.6189866388058289,-0.35328523265259415,-1.018986638805829
26.51507363099995,2.444982904949223,-0.6214362490851981,-0.35501710383480223,-1.0214362490851983
26.568335997000077,2.4432351479979695,-0.6238745505333169,-0.35676486078605585,-1.0238745505333169
26.58596609099982,2.441471579120141,-0.626301440132312,-0.3585284296638842,-1.026301440132312
26.605059174999724,2.439692272826262,-0.6287168153464585,-0.36030773595776333,-1.0287168153464585
26.623262951999777,2.4378973042917575,-0.6311205741265133,-0.3621027044922678,-1.0311205741265135
26.638191738999694,2.436086749353781,-0.6335126149140253,-0.36391325943024455,-1.0335126149140255
26.67857201799984,2.4342606845080095,-0.6358928366456275,-0.36573932427601585,-1.0358928366456275
26.692783401000042,2.432419186905411,-0.6382611387573051,-0.3675808218786143,-1.038261138757305
26.707905265999898,2.4305623343489855,-0.6406174211886467,-0.36943767443503983,-1.0406174211886468
26.72247061799976,2.428690205290477,-0.6429615843870701,-0.37130980349354825,-1.04296158438707
26.736707690999765,2.42680287882706,-0.6452935293120287,-0.3731971299569654,-1.0452935293120287
26.769250376999707,2.4249004346979968,-0.6476131574391961,-0.37509957408602856,-1.047613157439196
26.784590568999874,2.4229829532812692,-0.6499203707646295,-0.3770170555027561,-1.0499203707646294
26.80069391899974,2.421050515590181,-0.6522150718089086,-0.3789494931938444,-1.0522150718089085
26.814848160999873,2.4191032032699398,-0.6544971636212562,-0.38089680551408556,-1.0544971636212561
26.829704939000067,2.4171410985941972,-0.656766549783632,-0.3828589101898281,-1.056766549783632
26.86221151399991,2.415164284461587,-0.6590231344148086,-0.3848357243224383,-1.0590231344148087
26.876582336999718,2.413172844392211,-0.6612668221744213,-0.3868271643918142,-1.0612668221744213
26.893114091999678,2.4111668625241167,-0.6634975182669958,-0.3888331462599086,-1.063497518266996
26.908270109999876,2.4091464236097373,-0.6657151284459538,-0.39085358517428803,-1.0657151284459538
26.924761027999693,2.4071116130123187,-0.667919559017595,-0.39288839577170664,-1.0679195590175952
26.961985513999707,2.405062516702305,-0.6701107168450562,-0.39493749208172035,-1.0701107168450563
26.976196915999708,2.4029992212537117,-0.6722885093522447,-0.39700078753031365,-1.0722885093522447
26.993124915999715,2.400921813840463,-0.674452844527751,-0.39907819494356245,-1.074452844527751
27.008320484000023,2.398830382232714,-0.6766036309287361,-0.40116962655131116,-1.0766036309287361
27.023768232000066,2.39672501479314,-0.6787407776847947,-0.4032749939908853,-1.0787407776847946
27.060919968999997,2.3946058004732005,-0.6808641945017937,-0.40539420831082484,-1.0808641945017938
27.076979649000123,2.392472828809385,-0.6829737916656893,-0.4075271799746405,-1.0829737916656894
27.093956432999903,2.3903261899194295,-0.6850694800463144,-0.40967381886459586,-1.0850694800463145
27.110163386000067,2.3881659744985093,-0.6871511711011468,-0.411834034285516,-1.0871511711011468
27.12511380000001,2.3859922738154027,-0.6892187768790494,-0.41400773496862264,-1.0892187768790493
27.166248315000075,2.3838051797086406,-0.6912722100239851,-0.41619482907538474,-1.0912722100239851
27.182712841999773,2.381604784582624,-0.6933113837787096,-0.4183952242014013,-1.0933113837787096
27.20124758599991,2.3793911814037187,-0.6953362119884346,-0.4206088273803066,-1.0953362119884347
27.218510854999977,2.377164463696332,-0.6973466091044698,-0.4228355450876933,-1.09734660910447
27.238925608999807,2.374924725538953,-0.6993424901878358,-0.4250752832450724,-1.0993424901878357
27.28612817399994,2.372672061560188,-0.7013237709128539,-0.42732794722383716,-1.1013237709128538
27.303595689000076,2.3704065669347547,-0.7032903675707082,-0.4295934418492706,-1.1032903675707082
27.32091401999992,2.3681283373794617,-0.7052421970729822,-0.4318716714045636,-1.1052421970729822
27.33506567299969,2.365837469149171,-0.7071791769551706,-0.4341625396348543,-1.1071791769551707
27.351811360000056,2.363534059032725,-0.7091012253801606,-0.4364659497513004,-1.1091012253801606
27.3761716649999,2.3612182043488574,-0.7110082611416926,-0.4387818044351679,-1.1110082611416927
27.390005516999963,2.3588900029420845,-0.7129002036677893,-0.4411100058419408,-1.1129002036677893
27.405406484999958,2.3565495531785685,-0.7147769730241601,-0.4434504556054568,-1.1147769730241601
27.420043193000083,2.3541969539419645,-0.7166384899175792,-0.44580305484206084,-1.1166384899175792
27.434183689000065,2.35183230462924,-0.7184846756992348,-0.44816770415478535,-1.1184846756992348
27.465899787999888,2.3494557051464766,-0.7203154523680523,-0.4505443036375487,-1.1203154523680523
27.47967697099989,2.3470672559046495,-0.7221307425739892,-0.45293275287937584,-1.1221307425739893
27.494575582999687,2.344667057815384,-0.7239304696213051,-0.45533295096864146,-1.123930469621305
27.510164773000042,2.342255212286692,-0.7257145574717995,-0.45774479649733335,-1.1257145574717995
27.524688453999943,2.339831821218688,-0.7274829307480261,-0.4601681875653374,-1.127482930748026
27.564334203000044,2.337396986999284,-0.7292355147364774,-0.4626030217847412,-1.1292355147364774
27.579541820999793,2.3349508124998644,-0.7309722353907401,-0.46504919628416097,-1.13097223539074
27.59599125999989,2.332493401070938,-0.732693019334625,-0.46750660771308716,-1.1326930193346252
27.610620981999773,2.330024856537771,-0.7343977938652669,-0.4699751522462545,-1.134397793865267
27.624102775999972,2.3275452831960033,-0.736086486956195,-0.47245472558802204,-1.136086486956195
27.665105654999707,2.32505478580724,-0.7377590272603777,-0.47494522297678543,-1.1377590272603777
27.68005438899968,2.322553469594625,-0.7394153441132356,-0.4774465391894003,-1.1394153441132358
27.695789192999882,2.3200414402383958,-0.7410553675356286,-0.47995856854562957,-1.1410553675356288
27.7096152229999,2.317518803871419,-0.7426790282368106,-0.4824812049126064,-1.1426790282368107
27.72352533199978,2.3149856670747058,-0.7442862576173588,-0.48501434170931956,-1.1442862576173587
27.758629683999743,2.3124421368729102,-0.7458769877720708,-0.4875578719111151,-1.1458769877720707
27.773281463000103,2.3098883207298044,-0.7474511514928341,-0.4901116880542209,-1.147451151492834
27.788441719000048,2.3073243265437413,-0.7490086822714658,-0.492675682240284,-1.1490086822714658
27.810162483999875,2.306553159753313,-0.7494726882250842,-0.49344684903071245,-1.1494726882250843
27.826527403999762,2.3065531597532933,-0.7494726882250957,-0.493446849030732,-1.1494726882250959
27.866868939999904,2.3065531597532782,-0.7494726882251045,-0.4934468490307471,-1.1494726882251045
27.88295762699977,2.3065531597532587,-0.7494726882251177,-0.49344684903076663,-1.1494726882251176
27.899927868000077,2.306553159753241,-0.7494726882251317,-0.4934468490307844,-1.1494726882251318
27.915195514999823,2.3065531597532263,-0.7494726882251422,-0.49344684903079905,-1.1494726882251423
27.93267770899979,2.3065531597532094,-0.7494726882251537,-0.4934468490308159,-1.1494726882251536
27.965746009999975,2.3065531597531925,-0.7494726882251652,-0.4934468490308328,-1.1494726882251651
27.98050781400002,2.3065531597531757,-0.7494726882251769,-0.4934468490308497,-1.149472688225177
27.99676240599979,2.306553159753159,-0.7494726882251884,-0.4934468490308661,-1.1494726882251884
28.011963031999812,2.306553159753142,-0.7494726882252001,-0.4934468490308834,-1.1494726882252002
28.027151828999877,2.306553159753125,-0.7494726882252116,-0.4934468490309003,-1.1494726882252118
28.05941780499984,2.306553159753108,-0.7494726882252232,-0.4934468490309172,-1.1494726882252233
28.073994098999947,2.306553159753091,-0.7494726882252356,-0.4934468490309345,-1.1494726882252357
28.089689993000093,2.306553159753079,-0.7494726882252467,-0.4934468490309465,-1.1494726882252468
28.104623192999725,2.3065531597530806,-0.7494726882252449,-0.4934468490309447,-1.149472688225245
28.120365744999845,2.3065531597530895,-0.7494726882252356,-0.49344684903093583,-1.1494726882252357
28.155147609000096,2.3065531597530984,-0.7494726882252256,-0.49344684903092695,-1.1494726882252255
28.16843314699986,2.3065531597531073,-0.7494726882252156,-0.49344684903091807,-1.1494726882252158
28.18354239999985,2.3065531597531117,-0.749472688225211,-0.4934468490309136,-1.1494726882252109
28.197719513000038,2.3065531597531117,-0.7494726882252108,-0.4934468490309136,-1.1494726882252109
28.21279202699975,2.3065531597531117,-0.749472688225211,-0.4934468490309136,-1.1494726882252109
28.24544599099977,2.3065531597531117,-0.749472688225211,-0.4934468490309136,-1.1494726882252109
28.259702527999934,2.3065531597531117,-0.7494726882252107,-0.4934468490309136,-1.1494726882252109
28.275379608999856,2.3065531597531117,-0.749472688225211,-0.4934468490309136,-1.1494726882252109
28.28938414199979,2.3065531597531117,-0.749472688225211,-0.4934468490309136,-1.1494726882252109
28.30288296399999,2.3065531597531117,-0.7494726882252107,-0.4934468490309136,-1.1494726882252109
28.33773361899989,2.3065531597531117,-0.749472688225211,-0.4934468490309136,-1.1494726882252109
28.353060717999824,2.3065531597531117,-0.749472688225211,-0.4934468490309136,-1.1494726882252109
28.368020142999967,2.3065531597531117,-0.7494726882252107,-0.4934468490309136,-1.1494726882252109
28.382939783999745,2.3065531597531117,-0.749472688225211,-0.4934468490309136,-1.1494726882252109
28.396478721999983,2.3065531597531117,-0.749472688225211,-0.4934468490309136,-1.1494726882252109
28.42844731199989,2.3065531597531117,-0.749472688225211,-0.4934468490309136,-1.1494726882252109
28.443522407000046,2.3065531597531117,-0.749472688225211,-0.4934468490309136,-1.1494726882252109
28.458514943999717,2.3065531597531117,-0.749472688225211,-0.4934468490309136,-1.1494726882252109
28.47343971899977,2.3065531597531117,-0.749472688225211,-0.4934468490309136,-1.1494726882252109
28.487507726000104,2.3065531597531117,-0.749472688225211,-0.4934468490309136,-1.1494726882252109
28.524400572999866,2.3065531597531117,-0.749472688225211,-0.4934468490309136,-1.1494726882252109
28.551379415999918,2.3065531597531117,-0.749472688225211,-0.4934468490309136,-1.1494726882252109
28.56855738199988,2.3065531597531117,-0.749472688225211,-0.4934468490309136,-1.1494726882252109
28.586085152999885,2.3065531597531117,-0.749472688225211,-0.4934468490309136,-1.1494726882252109
28.604100489000075,2.3065531597531117,-0.749472688225211,-0.4934468490309136,-1.1494726882252109
28.65156934799984,2.3065531597531117,-0.7494726882252107,-0.4934468490309136,-1.1494726882252109
28.6696533490001,2.3065531597531117,-0.749472688225211,-0.4934468490309136,-1.1494726882252109
28.686168127999963,2.3065531597531117,-0.749472688225211,-0.4934468490309136,-1.1494726882252109
28.699804217000064,2.3065531597531117,-0.7494726882252107,-0.4934468490309136,-1.1494726882252109
28.71349238400012,2.3065531597531117,-0.749472688225211,-0.4934468490309136,-1.1494726882252109
28.742216699999744,2.3065531597531117,-0.749472688225211,-0.4934468490309136,-1.1494726882252109
28.756278046000034,2.3065531597531117,-0.7494726882252107,-0.4934468490309136,-1.1494726882252109
28.771686248999913,2.3065531597531117,-0.749472688225211,-0.4934468490309136,-1.1494726882252109
28.785562807999895,2.3065531597531117,-0.749472688225211,-0.4934468490309136,-1.1494726882252109
28.799330634999706,2.3065531597531117,-0.7494726882252107,-0.4934468490309136,-1.1494726882252109
28.83230864999973,2.3065531597531117,-0.749472688225211,-0.4934468490309136,-1.1494726882252109
28.846139424000057,2.3065531597531117,-0.749472688225211,-0.4934468490309136,-1.1494726882252109
28.86119076,2.3065531597531117,-0.7494726882252107,-0.4934468490309136,-1.1494726882252109
28.875029766000125,2.3065531597531117,-0.749472688225211,-0.4934468490309136,-1.1494726882252109
28.8900979069997,2.3065531597531117,-0.749472688225211,-0.4934468490309136,-1.1494726882252109
28.922248632999754,2.3065531597531117,-0.749472688225211,-0.4934468490309136,-1.1494726882252109
28.936009960000092,2.3065531597531117,-0.749472688225211,-0.4934468490309136,-1.1494726882252109
28.951509803999897,2.3065531597531117,-0.749472688225211,-0.4934468490309136,-1.1494726882252109
28.965800057000024,2.3065531597531117,-0.749472688225211,-0.4934468490309136,-1.1494726882252109
28.979684904000123,2.3065531597531117,-0.749472688225211,-0.4934468490309136,-1.1494726882252109
29.012223352999854,2.3065531597531117,-0.749472688225211,-0.4934468490309136,-1.1494726882252109
29.02636317600013,2.3065531597531117,-0.749472688225211,-0.4934468490309136,-1.1494726882252109
29.041008270999782,2.3065531597531117,-0.749472688225211,-0.4934468490309136,-1.1494726882252109
29.055902839000055,2.3065531597531117,-0.749472688225211,-0.4934468490309136,-1.1494726882252109
29.070271323000043,2.3065531597531117,-0.749472688225211,-0.4934468490309136,-1.1494726882252109
29.099670987999843,2.3065531597531117,-0.749472688225211,-0.4934468490309136,-1.1494726882252109
29.114640709999776,2.3065531597531117,-0.749472688225211,-0.4934468490309136,-1.1494726882252109
29.130641063999747,2.3065531597531117,-0.749472688225211,-0.4934468490309136,-1.1494726882252109
29.144750405999957,2.3065409658933183,-0.7495769776720714,-0.4934590428907071,-1.1495769776720715
29.158771460999787,2.3064872540846344,-0.7500640236669361,-0.49351275469939093,-1.1500640236669362
29.18951171499998,2.3063966465638375,-0.7509493970446374,-0.49360336222018786,-1.1509493970446374
29.204130878000115,2.3062755959765395,-0.7522337014195455,-0.4937244128074858,-1.1522337014195454
29.21936995300007,2.3061305621149746,-0.7539174619822362,-0.49386944666905075,-1.1539174619822363
29.23325844399983,2.305971002900032,-0.7559589792740828,-0.4940290058839931,-1.1559589792740828
29.24824307699987,2.305823051108947,-0.7580598781718821,-0.4941769576750783,-1.158059878171882
29.27778027399995,2.3056913794052263,-0.7601618602064684,-0.49430862937879905,-1.1601618602064683
29.291448757999888,2.3055759956913837,-0.762264799223621,-0.4944240130926416,-1.162264799223621
29.30787188299996,2.3054769068923786,-0.7643685690116906,-0.4945231018916467,-1.1643685690116907
29.32250601999999,2.3053904738405193,-0.7665515808531375,-0.494609534943506,-1.1665515808531375
29.336558606999688,2.3053160427928527,-0.7688010791414942,-0.4946839659911726,-1.1688010791414942
29.370481704999975,2.3052562206547633,-0.7710510133276384,-0.494743788129262,-1.1710510133276384
29.385516209000116,2.3052110099487857,-0.7733012885379739,-0.49478899883523964,-1.1733012885379739
29.40122263199987,2.3051804125813318,-0.7755518098845272,-0.49481959620269356,-1.1755518098845272
29.41594305800004,2.305163869442817,-0.777843719361827,-0.4948361393412082,-1.177843719361827
29.430704692000063,2.3051609206244574,-0.7801585189808212,-0.4948390881595679,-1.1801585189808212
29.46049602500011,2.3051717178850866,-0.7824732952963189,-0.49482829089893876,-1.1824732952963188
29.47493514599978,2.3051962608439514,-0.7847879666800781,-0.494803747940074,-1.1847879666800782
29.490857577999805,2.305234548635567,-0.7871024515075588,-0.4947654601484581,-1.1871024515075588
29.505152486999805,2.3052871620090625,-0.7894535179382377,-0.49471284677496286,-1.1894535179382377
29.519506242000034,2.3053531472651794,-0.7918238235836284,-0.49464686151884596,-1.1918238235836283
29.54918659100008,2.305432048143509,-0.7941937344591663,-0.49456796064051645,-1.1941937344591662
29.564705598000046,2.305523862301046,-0.7965631801890934,-0.4944761464829792,-1.1965631801890935
29.579653360999828,2.3056285870113213,-0.7989320904114644,-0.494371421772704,-1.1989320904114644
29.593581521999795,2.305747498945145,-0.8013302495263736,-0.49425250983888036,-1.2013302495263736
29.60750287199994,2.3058793773889645,-0.8037426738246418,-0.4941206313950608,-1.203742673824642
29.62383240999975,2.306023463572098,-0.8061543997814309,-0.49397654521192713,-1.2061543997814308
29.63945214499995,2.306179753803851,-0.808565365621562,-0.49382025498017423,-1.208565365621562
29.652735669000094,2.306348244080922,-0.810975509589327,-0.49365176470310335,-1.210975509589327
29.667781608999803,2.306534390349362,-0.8134677748641918,-0.4934656184346635,-1.2134677748641918
29.681436663999875,2.3067356469850537,-0.8160335784428582,-0.4932643617989716,-1.2160335784428582
29.70396073300003,2.3069463821540945,-0.8185986209232624,-0.4930536266299308,-1.2185986209232624
29.71960237600001,2.3071665929797476,-0.8211628672901332,-0.49283341580427775,-1.2211628672901331
29.73323896199986,2.3073962764559273,-0.823726282539076,-0.49260373232809807,-1.223726282539076
29.746862144000033,2.3076363411624308,-0.8262994368465287,-0.49236366762159456,-1.2262994368465288
29.761140744999693,2.3078860217918744,-0.8288762590013911,-0.4921139869921509,-1.228876259001391
29.78104168699997,2.3081448818775607,-0.8314521752054914,-0.4918551269064646,-1.2314521752054914
29.796725169999945,2.308412918133386,-0.8340271527588055,-0.49158709065063944,-1.2340271527588054
29.810764362999862,2.308690127156757,-0.8366011589732248,-0.4913098816272683,-1.2366011589732249
29.824592511999754,2.3089827307304787,-0.83923499616635,-0.49101727805354667,-1.23923499616635
29.838220529999717,2.3092871302019153,-0.8419091732572755,-0.49071287858211,-1.2419091732572756
29.858253293999724,2.3095986796650347,-0.8445825267849383,-0.4904013291189906,-1.2445825267849382
29.87356490299976,2.3099173768919607,-0.8472550376323229,-0.4900826318920646,-1.247255037632323
29.88812195300011,2.310243219603705,-0.8499266866884377,-0.4897567891803205,-1.2499266866884378
29.900813771000003,2.310578350085335,-0.8526158511080779,-0.48942165869869036,-1.2526158511080778
29.91559094199988,2.3109211270827985,-0.8553125535856025,-0.4890788817012268,-1.2553125535856027
29.93565740400004,2.311270484421857,-0.8580084114772444,-0.48872952436216854,-1.2580084114772445
29.95047986199984,2.31162642002168,-0.8607034087260478,-0.48837358876234527,-1.2607034087260478
29.96520758599968,2.3119889317622624,-0.8633975292801845,-0.48801107702176294,-1.2633975292801845
29.979300502999877,2.3123586797284013,-0.8660958907543652,-0.4876413290556241,-1.2660958907543653
29.993471021999767,2.3127351514562866,-0.8687955621359283,-0.4872648573277387,-1.2687955621359284
30.013720749999948,2.3131180377240748,-0.8714943312324369,-0.48688197105995057,-1.271494331232437
30.030040117999988,2.313507336369427,-0.8741921828026785,-0.48649267241459837,-1.2741921828026785
30.043903215,2.3139030451937916,-0.876889101610624,-0.4860969635902337,-1.276889101610624
30.057886628000006,2.314303989304024,-0.8795767623938838,-0.4856960194800015,-1.2795767623938838
30.07133113199984,2.3147110495025984,-0.8822598659576943,-0.4852889592814269,-1.2822598659576943
30.089618732999725,2.315124763457735,-0.8849419516205175,-0.4848752453262901,-1.2849419516205174
30.105313575000082,2.315545128624227,-0.8876230028819065,-0.4844548801597983,-1.2876230028819067
30.119256968999935,2.3159721424159465,-0.8903030032477789,-0.4840278663680788,-1.290303003247779
30.133147437999696,2.316410057497389,-0.8930096818282249,-0.4835899512866364,-1.293009681828225
30.14807163799992,2.3168559579583214,-0.8957289530680391,-0.4831440508257039,-1.2957289530680391
30.16898835799998,2.317307617472556,-0.8984472736856163,-0.4826923913114691,-1.2984472736856163
30.186881292999942,2.317765034013529,-0.9011646314840641,-0.48223497477049637,-1.3011646314840641
30.201910309999903,2.318228205528848,-0.9038810142708121,-0.4817718032551772,-1.3038810142708122
30.21672108000007,2.318707873132418,-0.9066625856502903,-0.4812921356516071,-1.3066625856502903
30.231197043999828,2.3191990667810862,-0.9094914875707999,-0.4808009420029391,-1.3094914875708
30.24590145399975,2.3196934172119046,-0.9123198395517097,-0.48030659157212074,-1.3123198395517097
30.261277154000027,2.320190923809167,-0.9151476380703542,-0.4798090849748582,-1.3151476380703542
30.276399163999713,2.320691585953239,-0.9179748796047581,-0.47930842283078645,-1.3179748796047581
30.290173709999863,2.3211925470822203,-0.9207847126823135,-0.478807461701805,-1.3207847126823136
30.303781645999834,2.3216959195746765,-0.923586674559467,-0.47830408920934886,-1.323586674559467
30.321015831000068,2.322203011432048,-0.9263879657038088,-0.4777969973519771,-1.326387965703809
30.335726524999927,2.322713821760613,-0.9291885811782028,-0.4772861870234122,-1.3291885811782027
30.349076633999857,2.3232283496600927,-0.9319885160467022,-0.4767716591239326,-1.3319885160467022
30.36283052800013,2.3237571243399953,-0.9348480848007823,-0.47624288444403007,-1.3348480848007824
30.376744190999716,2.324294821889494,-0.9377482081858254,-0.47570518689453145,-1.3377482081858254
30.393418257999883,2.324833787464015,-0.9406480961858463,-0.4751662213200105,-1.3406480961858462
30.408894079999982,2.3253740209605134,-0.9435477482464298,-0.47462598782351195,-1.3435477482464298
30.422795371999882,2.325915522275707,-0.9464471638132,-0.47408448650831847,-1.3464471638132
30.43653009500008,2.3264601806873624,-0.9493569574790659,-0.47353982809666295,-1.349356957479066
30.45019474600008,2.3270065914359988,-0.9522711239092929,-0.4729934173480266,-1.352271123909293
30.467976219000093,2.327553887376435,-0.955185124225503,-0.47244612140759035,-1.3551851242255029
30.483616751,2.328102068458168,-0.9580989581588145,-0.4718979403258574,-1.3580989581588145
30.49746505500002,2.3286511346306162,-0.9610126254403623,-0.4713488741534091,-1.3610126254403623
30.51187860799996,2.329191609664071,-0.9638734065237798,-0.4708083991199543,-1.3638734065237799
30.526954356000033,2.3297304886540413,-0.9667111265862189,-0.470269520129984,-1.3667111265862188
30.54446940799994,2.330272111217943,-0.9695483242735288,-0.46972789756608213,-1.369548324273529
30.56018393599993,2.3308164768494004,-0.9723849969331587,-0.4691835319346249,-1.3723849969331587
30.57433689100003,2.331363585039478,-0.9752211419130487,-0.4686364237445475,-1.3752211419130487
30.58814796699994,2.3319236782795136,-0.9781126359705893,-0.4680763305045117,-1.3781126359705893
30.601964020999958,2.3324913297644123,-0.9810401575311679,-0.467508679019613,-1.381040157531168
30.621657285000083,2.3330594367160784,-0.9839675907391676,-0.4669405720679469,-1.3839675907391675
30.63777712699971,2.3336279991207665,-0.986894935523748,-0.46637200966325887,-1.386894935523748
30.6517838809998,2.334197016964711,-0.989822191814048,-0.4658029918193143,-1.3898221918140479
30.665395598999794,2.3347669280491252,-0.9927517236852428,-0.4652330807349001,-1.392751723685243
30.680621016000032,2.3353374084809193,-0.9956821944787903,-0.464662600303106,-1.3956821944787903
30.69976242100006,2.3359082576098356,-0.9986125934732805,-0.46409175117418977,-1.3986125934732805
30.714801240000043,2.3364794754268385,-1.0015429206223259,-0.4635205333571868,-1.401542920622326
30.72958665200008,2.337051061922884,-1.0044731758795407,-0.4629489468611414,-1.4044731758795406
30.743170574999795,2.337622968853385,-1.007403099631299,-0.46237703993064017,-1.4074030996312992
30.757163211000034,2.338195231872443,-1.0103328385727672,-0.4618047769115825,-1.4103328385727671
30.778453189999937,2.338767873072358,-1.0132625036192011,-0.46123213571166755,-1.413262503619201
30.79429287700009,2.3393408924435883,-1.0161920947217837,-0.460659116340437,-1.4161920947217839
30.807735859000104,2.3399142899765875,-1.0191216118316992,-0.46008571880743787,-1.4191216118316992
30.821842327999775,2.340489919549317,-1.0220609977547885,-0.4595100892347084,-1.4220609977547887
30.83570111899985,2.3410664100423095,-1.025004631897175,-0.4589335987417158,-1.425004631897175
30.85572002999993,2.341642911917449,-1.0279482638104245,-0.45835709686657644,-1.4279482638104244
30.872000071999764,2.3422194251747257,-1.0308918934944915,-0.45778058360929963,-1.4308918934944916
30.886030682999944,2.3427959498141324,-1.0338355209493324,-0.4572040589698929,-1.4338355209493323
30.901225481999745,2.343359753547669,-1.036710964243163,-0.4566402552363562,-1.4367109642431628
30.914540980000083,2.343920188968822,-1.039556776186502,-0.4560798198152032,-1.4395567761865022
30.93224645799978,2.344483078926512,-1.042402103649846,-0.45551692985751346,-1.442402103649846
30.94764278999969,2.345048423001923,-1.0452469445161388,-0.45495158578210226,-1.4452469445161387
30.96131100799971,2.3456162207744127,-1.048091296668684,-0.45438378800961265,-1.448091296668684
30.975523747000125,2.346197061226059,-1.050990942251549,-0.45380294755796635,-1.4509909422515492
30.990855077999868,2.346785381704022,-1.05392659749337,-0.4532146270800035,-1.45392659749337
31.01118393999991,2.3473738541695286,-1.0568622222719883,-0.45262615461449673,-1.4568622222719885
31.027842743000065,2.347962478621002,-1.0597978165795545,-0.4520375301630235,-1.4597978165795547
31.04203107799981,2.3485512550568655,-1.062733380408202,-0.45144875372715987,-1.4627333804082019
31.05600249899976,2.3491372164205537,-1.0656534013059344,-0.4508627923634716,-1.4656534013059344
31.07046571199976,2.3497225413912997,-1.0685666464593555,-0.45027746739272567,-1.4685666464593554
31.088601785000037,2.3503085868059865,-1.0714797467695458,-0.4496914219780388,-1.4714797467695457
31.103952388999687,2.3508953526287732,-1.0743927020583404,-0.4491046561552521,-1.4743927020583403
31.11846348799986,2.3514828388237707,-1.077305512147583,-0.4485171699602546,-1.4773055121475829
31.1331628559999,2.3520690584598034,-1.080207864409945,-0.4479309503242219,-1.480207864409945
31.147836006999796,2.3526554640251605,-1.0831055872968796,-0.44734454475886487,-1.4831055872968797
31.16816360000007,2.353242962936255,-1.0860030887112033,-0.4467570458477703,-1.4860030887112035
31.18482446699977,2.3538315551094424,-1.0889003682403837,-0.4461684536745829,-1.4889003682403836
31.200243126000032,2.354421240460921,-1.0917974254719205,-0.4455787683231045,-1.4917974254719204
31.21422335400007,2.3550106990062973,-1.094690688133035,-0.444989309777728,-1.4946906881330349
31.229139428999815,2.355598713820821,-1.0975825986220296,-0.44440129496320413,-1.4975825986220297
31.251223629999686,2.356185502636808,-1.1004747581238346,-0.4438145061472172,-1.5004747581238345
31.267014366000012,2.3567710653488074,-1.103367166118702,-0.4432289434352179,-1.5033671661187018
31.281127828999843,2.357355401851583,-1.1062598220868323,-0.4426446069324421,-1.5062598220868324
31.294339149000052,2.357943597562541,-1.1091767983902407,-0.4420564112214844,-1.5091767983902407
31.30889855800001,2.358533747293572,-1.1121053257107076,-0.4414662614904534,-1.5121053257107078
31.327023302000043,2.359123577184359,-1.1150339174664305,-0.4408764315996665,-1.5150339174664307
31.343007833,2.359713087227865,-1.1179625736224779,-0.4402869215561602,-1.5179625736224778
31.35725611199973,2.3603022774170617,-1.1208912941439184,-0.43969773136696366,-1.5208912941439183
31.37071449600012,2.360885716976284,-1.1237942639054035,-0.43911429180774153,-1.5237942639054034
31.385209113999963,2.361465709759048,-1.1266863947434962,-0.4385342990249774,-1.5266863947434963
31.404534615999864,2.36204444206089,-1.1295787780748532,-0.4379555667231352,-1.5295787780748533
31.420002364999846,2.362621913771889,-1.1324714133501166,-0.4373780950121362,-1.5324714133501165
31.43486092399985,2.363198124782365,-1.1353643000198828,-0.4368018840016603,-1.5353643000198827
31.449698960999967,2.3637793798416697,-1.1382876589763162,-0.4362206289423556,-1.5382876589763161
31.464205295000056,2.3643635231239086,-1.1412263291248337,-0.4356364856601167,-1.5412263291248336
31.483372111000108,2.3649475687380876,-1.1441650186859365,-0.4350524400459377,-1.5441650186859364
31.499111997999762,2.365531516683569,-1.1471037276563762,-0.43446849210045624,-1.5471037276563764
31.514742846999752,2.3661153669597064,-1.1500424560329086,-0.43388464182431896,-1.5500424560329087
31.529504205999956,2.366682956730259,-1.1529034004550218,-0.43331705205376636,-1.5529034004550217
31.543635054000106,2.367241160278393,-1.1557314870446143,-0.4327588485056322,-1.5557314870446142
31.562164892999817,2.3677964872572668,-1.1585601398875653,-0.43220352152675856,-1.5585601398875655
31.578788488999862,2.368348937092463,-1.1613893560579893,-0.43165107169156247,-1.5613893560579895
31.59419394800011,2.368898509212543,-1.1642191326294218,-0.43110149957148236,-1.5642191326294217
31.60865409799976,2.369457913564544,-1.1671117324165539,-0.43054209521948117,-1.5671117324165538
31.62201065799968,2.3700253750067635,-1.170047929765524,-0.42997463377726186,-1.5700479297655239
31.640465435000124,2.3705925954537177,-1.1729841736799964,-0.42940741333030763,-1.5729841736799965
31.65561800399996,2.371159574901588,-1.1759204641401546,-0.4288404338824372,-1.5759204641401547
31.669100742999717,2.3717263133465534,-1.1788568011262188,-0.42827369543747196,-1.5788568011262187
31.682882486999688,2.3722865974272693,-1.1817624550410242,-0.427713411356756,-1.5817624550410243
31.696680140000126,2.3728430263472835,-1.1846551687271758,-0.42715698243674183,-1.584655168727176
31.716278286999795,2.3733980949896005,-1.18754814373837,-0.4266019137944248,-1.58754814373837
31.732486584999833,2.373951803231491,-1.1904413794349455,-0.4260482055525343,-1.5904413794349455
31.74772107600006,2.374504150950526,-1.193334875177184,-0.4254958578334995,-1.593334875177184
31.76103888600005,2.3750560249946977,-1.1962330734450801,-0.42494398378932763,-1.59623307344508
31.77493249999975,2.375607054151962,-1.1991334089128425,-0.4243929546320633,-1.5991334089128424
31.79637978100004,2.376156882150912,-1.2020339723286795,-0.4238431266331135,-1.6020339723286794
31.8120583059997,2.3767055088972486,-1.2049347631951373,-0.4232944998867767,-1.6049347631951374
31.826303424000116,2.377252934296882,-1.207835781014723,-0.4227470744871433,-1.6078357810147232
31.83980539199979,2.3778042185000188,-1.2107625888378715,-0.42219579028400656,-1.6107625888378716
31.85421380799994,2.378357536534747,-1.2137017262461853,-0.4216424722492782,-1.6137017262461852
31.87434428599977,2.3789106193897154,-1.2166409079193787,-0.42108938939430995,-1.6166409079193786
31.89005853599997,2.3794634670613912,-1.2195801338386352,-0.4205365417226341,-1.6195801338386353
31.903983275999735,2.3800160795462304,-1.2225194039851337,-0.41998392923779493,-1.6225194039851338
31.9178977199997,2.3805633598626277,-1.225432872201581,-0.41943664892139765,-1.6254328722015812
31.932284449999997,2.3811074184209766,-1.2283354581254913,-0.4188925903630487,-1.6283354581254912
31.95278154399989,2.3816502980043417,-1.2312382647877684,-0.41834971077968364,-1.6312382647877683
31.969435864999696,2.3821919985231634,-1.2341412917095353,-0.4178080102608619,-1.6341412917095353
31.983717944999853,2.3827325198880764,-1.2370445384118787,-0.4172674888959489,-1.6370445384118786
31.997676593999813,2.3832640486413124,-1.2399078933568415,-0.41673596014271297,-1.6399078933568414
32.01265301699982,2.3837898451521022,-1.2427544991559658,-0.4162101636319231,-1.642754499155966
32.03121285700013,2.3843130450768286,-1.2456015833459995,-0.4156869637071967,-1.6456015833459996
32.046703681999816,2.384833647980235,-1.2484491435584166,-0.41516636080379055,-1.6484491435584165
32.06124689000012,2.3853516534292254,-1.251297177424295,-0.41464835535479994,-1.6512971774242948
32.07551770699979,2.385865078136821,-1.2541352373007388,-0.4141349306472044,-1.6541352373007387
32.0895080949997,2.386374749216932,-1.2569693443801069,-0.4136252595670933,-1.6569693443801068
32.109776886999725,2.386881462007804,-1.259803981869239,-0.4131185467762215,-1.659803981869239
32.1264142499997,2.387385215957447,-1.262639146680223,-0.4126147928265782,-1.662639146680223
32.14050573500003,2.3878860105170974,-1.2654748357245726,-0.41211399826692796,-1.6654748357245728
32.15471083499983,2.388393917769336,-1.2683652076189378,-0.4116060910146895,-1.6683652076189377
32.16794752200008,2.3889070325568813,-1.2712902894161726,-0.411092976227144,-1.6712902894161727
32.189022238999996,2.389419380362404,-1.2742155056529554,-0.41058062842162135,-1.6742155056529553
32.204335067999864,2.3899309611506783,-1.2771408561281683,-0.41006904763334706,-1.6771408561281684
32.21912291400008,2.3904417748865328,-1.2800663406406931,-0.4095582338974926,-1.680066340640693
32.233234369999764,2.3909523679572526,-1.282994935023355,-0.4090476408267727,-1.682994935023355
32.24784967699975,2.391462520434344,-1.2859249224166742,-0.4085374883496815,-1.6859249224166741
32.26616768300005,2.3919720144067798,-1.288855024388781,-0.4080279943772456,-1.688855024388781
32.28222612500008,2.3924808498488264,-1.291785240791678,-0.40751915893519897,-1.691785240791678
32.29611774499995,2.3929890267347815,-1.2947155714773637,-0.4070109820492438,-1.6947155714773636
32.310213331000114,2.3934965035526177,-1.2976437403362877,-0.40650350523140766,-1.6976437403362876
32.324510362999945,2.3940044922778747,-1.3005708418891566,-0.4059955165061506,-1.7005708418891565
32.34428857099988,2.394513220357751,-1.303497815033301,-0.4054867884262743,-1.7034978150333009
32.360361928999964,2.3950226877597873,-1.3064246595819675,-0.404977321024238,-1.7064246595819674
32.3745550860001,2.39553289445148,-1.3093513753484112,-0.4044671143325451,-1.7093513753484113
32.38840248800011,2.3960428347653018,-1.312274523450666,-0.40395717401872355,-1.7122745234506662
32.40281515099991,2.3965517181951745,-1.3151963068837487,-0.4034482905888508,-1.7151963068837488
32.42102210300004,2.3970597347800577,-1.3181182411616725,-0.4029402740039676,-1.7181182411616724
32.436456504999796,2.3975668844752396,-1.3210403260272618,-0.40243312430878575,-1.721040326027262
32.45146432599972,2.398073167236081,-1.3239625612233232,-0.4019268415479442,-1.7239625612233231
32.4649287310001,2.3985736053747297,-1.3268576051580427,-0.4014264034092956,-1.7268576051580427
32.48003410299975,2.3990702097597643,-1.3297412247389298,-0.40092979902426107,-1.7297412247389299
32.49962409399973,2.3995649663987852,-1.332625161921092,-0.4004350423852401,-1.7326251619210922
32.514286561999825,2.40005787508867,-1.3355094155205431,-0.3999421336953555,-1.7355094155205433
32.52904328499994,2.40054893562706,-1.3383939843531676,-0.3994510731569654,-1.7383939843531677
32.543314208999846,2.4010382438690465,-1.3412794049883823,-0.3989617649149788,-1.7412794049883824
32.55807715800006,2.4015257608960594,-1.3441653662266753,-0.3984742478879659,-1.7441653662266754
32.57619001799981,2.4020114481984303,-1.3470516359585043,-0.39798856058559506,-1.7470516359585044
32.59182379799972,2.4024953055809517,-1.3499382130238078,-0.39750470320307363,-1.7499382130238077
32.60717319599985,2.4029773328491486,-1.3528250962624009,-0.3970226759348767,-1.7528250962624008
32.62129102199992,2.4034647790837496,-1.3557527043714634,-0.39653522970027577,-1.7557527043714636
32.63604899899997,2.4039560974991683,-1.3587026667573823,-0.39604391128485705,-1.7587026667573822
32.654913068999804,2.4044476563070534,-1.3616525890956999,-0.39555235247697196,-1.7616525890957
32.670082588000014,2.404939455504135,-1.364602471366819,-0.3950605532798903,-1.764602471366819
32.683939147000046,2.405431495087152,-1.36755231355115,-0.3945685136968735,-1.7675523135511502
32.69708524900011,2.4059181379230723,-1.3704707817223991,-0.39408187086095303,-1.7704707817223992
32.71186651599987,2.4064012263981764,-1.3733760105884538,-0.3935987823858489,-1.773376010588454
32.73214047899978,2.4068829330040584,-1.3762814688973577,-0.3931170757799669,-1.7762814688973578
32.74752182899988,2.4073632576317436,-1.3791871559918278,-0.3926367511522817,-1.7791871559918278
32.76162200199974,2.4078422001725714,-1.3820930712145265,-0.3921578086114539,-1.7820930712145264
32.77557339400005,2.408323772245764,-1.3850222919103616,-0.39167623653826134,-1.7850222919103618
32.789669486999856,2.4088065828035425,-1.3879625315692103,-0.3911934259804828,-1.7879625315692103
32.80907666899998,2.4092888739433898,-1.3909028564734698,-0.3907111348406356,-1.79090285647347
32.82373250899968,2.4097706456502515,-1.3938432665313745,-0.3902293631337739,-1.7938432665313746
32.83764350399974,2.410251897909092,-1.3967837616511602,-0.3897481108749332,-1.7967837616511604
32.85109595400013,2.4107282943218786,-1.399699222906918,-0.3892717144621467,-1.7996992229069182
32.86611201799974,2.411201538982906,-1.4026041299336671,-0.3887984698011193,-1.802604129933667
32.88519704799978,2.4116733536802104,-1.4055092695576188,-0.3883266551038149,-1.8055092695576187
32.90132745200003,2.4121437382994717,-1.4084146410748617,-0.3878562704845536,-1.8084146410748616
32.91486409799995,2.4126126927267166,-1.4113202437814296,-0.3873873160573087,-1.8113202437814295
32.928446286999815,2.413085892475957,-1.4142588427908176,-0.3869141163080685,-1.8142588427908177
32.94357995999985,2.4135619125941457,-1.4172143763637177,-0.3864380961898797,-1.8172143763637179
32.96518313299998,2.414038096076643,-1.420169883620437,-0.3859619127073821,-1.8201698836204372
32.98108114499996,2.4145144429220022,-1.423125364551936,-0.3854855658620231,-1.8231253645519359
32.99561522699992,2.414990953128763,-1.426080819149182,-0.38500905565526233,-1.826080819149182
33.00918979699986,2.4154673325668585,-1.429034312364146,-0.3845326762171668,-1.8290343123641462
33.023803973999975,2.4159438099938972,-1.431986940130513,-0.3840561987901281,-1.831986940130513
33.04424211999981,2.416420522171364,-1.4349395300046832,-0.3835794866126614,-1.8349395300046831
33.059572523999805,2.4168974690962473,-1.4378920819679932,-0.3831025396877781,-1.8378920819679934
33.07279643900006,2.417374650765529,-1.440844596001779,-0.3826253580184962,-1.8408445960017792
33.08602401499979,2.417846077644579,-1.443762701198915,-0.3821539311394462,-1.8437627011989148
33.10196379800004,2.4183137106047226,-1.4466662738675653,-0.3816862981793028,-1.8466662738675654
33.12099701400007,2.418779858527989,-1.4495700853182567,-0.3812201502560364,-1.8495700853182568
33.13626356899999,2.4192445212924545,-1.452474134791469,-0.38075548749157084,-1.852474134791469
33.149958252999795,2.419707698776579,-1.4553784215276113,-0.38029231000744623,-1.8553784215276115
33.16370846299992,2.4201743987013833,-1.4583126405031344,-0.37982561008264204,-1.8583126405031343
33.17771563600013,2.420643062600019,-1.4612618123684278,-0.3793569461840063,-1.861261812368428
33.1978322399998,2.4211113732184644,-1.4642110403531015,-0.37888863556556096,-1.8642110403531014
33.2125617979998,2.4215793305499975,-1.4671603244148343,-0.3784206782340278,-1.8671603244148343
33.22732319900001,2.4220469345879074,-1.4701096645113065,-0.3779530741961179,-1.8701096645113067
33.2416715869997,2.422514266745481,-1.4730595460955935,-0.37748574203854446,-1.8730595460955937
33.256138403999785,2.4229812957026176,-1.4760096892920038,-0.3770187130814078,-1.8760096892920037
33.27331553699992,2.42344798924346,-1.4789598855676882,-0.3765520195405654,-1.8789598855676881
33.28879787599976,2.423914347361977,-1.481910134884513,-0.37608566142204847,-1.8819101348845129
33.30307571699973,2.4243803700521362,-1.4848604372043408,-0.3756196387318891,-1.884860437204341
33.316542418999916,2.4248382195075586,-1.4877638344528281,-0.3751617892764667,-1.8877638344528282
33.33031768399974,2.4252909363598825,-1.4906473858142422,-0.37470907242414286,-1.8906473858142423
33.349992766999776,2.425741625681137,-1.4935312547672304,-0.3742583831028883,-1.8935312547672303
33.36557057599998,2.4261902872485246,-1.496415439886158,-0.37380972153550074,-1.896415439886158
33.37873777499976,2.426636920840251,-1.4992999397452387,-0.3733630879437744,-1.8992999397452386
33.39319937100004,2.4270837719387868,-1.502198517600111,-0.37291623684523856,-1.902198517600111
33.40728364599977,2.4275299716353764,-1.5051032429633133,-0.3724700371486489,-1.9051032429633135
33.42695578799999,2.4279746305102816,-1.5080082045964223,-0.3720253782737437,-1.9080082045964222
33.44250278300001,2.4284177484383913,-1.510913401682104,-0.371582260345634,-1.9109134016821039
33.45730947099969,2.428859325295033,-1.5138188334029583,-0.37114068348899254,-1.9138188334029582
33.47034254899995,2.4293001761865227,-1.5167295778502345,-0.3706998325975026,-1.9167295778502345
33.484585282000126,2.4297399895648306,-1.51964270869762,-0.3702600192191947,-1.9196427086976202
33.50513422800009,2.4301784431977604,-1.5225560445096233,-0.3698215655862649,-1.9225560445096233
33.51976908499978,2.430615536989792,-1.5254695846515638,-0.36938447179423317,-1.9254695846515637
33.5337922440001,2.4310512708457037,-1.5283833284887154,-0.3689487379383216,-1.9283833284887155
33.54755701699992,2.4314877201364413,-1.5313103944901825,-0.368512288647584,-1.9313103944901826
33.561383951999915,2.4319241012910444,-1.5342432256067595,-0.3680759074929809,-1.9342432256067594
33.580145026999844,2.43235959580895,-1.5371761885106041,-0.3676404129750752,-1.937176188510604
33.59505721599976,2.432794203650358,-1.5401092829336738,-0.3672058051336675,-1.940109282933674
33.60825723399989,2.4332279247755486,-1.5430425086079127,-0.3667720840084767,-1.9430425086079128
33.62267274200008,2.4336579739975375,-1.5459580837792752,-0.36634203478648786,-1.9459580837792751
33.63645199200005,2.434085398508235,-1.5488662490034928,-0.3659146102757904,-1.9488662490034927
33.65180765399987,2.4345112957825714,-1.5517746382820112,-0.3654887130014539,-1.9517746382820111
33.66653539799995,2.434935665703099,-1.5546832508127972,-0.36506434308092617,-1.9546832508127974
33.680643462000035,2.4353585081527926,-1.5575920857937529,-0.3646415006312327,-1.957592085793753
33.69421964099979,2.4357819981859685,-1.5605152723319056,-0.3642180105980568,-1.9605152723319055
33.7083583619999,2.4362053297976196,-1.5634447051975888,-0.3637946789864057,-1.9634447051975887
33.7272217039997,2.4366276423587783,-1.5663742851450653,-0.36337236642524706,-1.9663742851450654
33.743096316999754,2.4370489358183423,-1.5693040118198398,-0.3629510729656831,-1.96930401181984
33.75687077199996,2.437469210125333,-1.5722338848674002,-0.36253079865869253,-1.9722338848674004
33.7703215099998,2.4378902762588046,-1.5751757979958136,-0.3621097325252207,-1.9751757979958136
33.78491086300005,2.4383114674017015,-1.5781229017099436,-0.36168854138232387,-1.9781229017099435
33.80339583499995,2.438732072338496,-1.5810700891433855,-0.36126793644552935,-1.9810700891433854
33.81856284899982,2.4391520910525513,-1.5840173601795373,-0.36084791773147407,-1.9840173601795374
33.83302817799972,2.439571523527246,-1.5869647147017936,-0.3604284852567794,-1.9869647147017937
33.847515179000084,2.439989389139012,-1.5899056701068912,-0.36001061964501346,-1.9899056701068911
33.86132548399996,2.440406047060922,-1.5928439590709562,-0.3595939617231032,-1.9928439590709561
33.88189394300002,2.4408218820237098,-1.5957823646154576,-0.3591781267603156,-1.9957823646154575
33.89812120800002,2.4412368939947577,-1.5987208865099012,-0.3587631147892676,-1.998720886509901
33.912089498999876,2.4416510829415117,-1.601659524523781,-0.35834892584251365,-2.001659524523781
33.92556695899998,2.4420676700808923,-1.604619730717251,-0.357932338703133,-2.004619730717251
33.94079753999972,2.442485621513342,-1.6075899866164538,-0.3575143872706832,-2.0075899866164537
33.95964123299996,2.4429035605177627,-1.610560244264406,-0.35709644826626263,-2.010560244264406
33.97550248099992,2.443321487094145,-1.6135305036610565,-0.35667852168988023,-2.0135305036610567
33.99040418799973,2.443739401242482,-1.616500764806353,-0.35626060754154354,-2.016500764806353
34.00456304499971,2.4441554136004986,-1.6194584259562135,-0.35584459518352674,-2.0194584259562136
34.01820216300007,2.444570207980008,-1.6224107437443485,-0.3554298008040173,-2.0224107437443486
34.0383350489999,2.4449845242466535,-1.6253631286668473,-0.35501548453737186,-2.0253631286668474
34.05399440299993,2.4453983623895676,-1.6283155806462835,-0.3546016463944577,-2.0283155806462836
34.069285848999925,2.445811722397901,-1.6312680996052271,-0.3541882863861243,-2.031268099605227
34.08231192299968,2.4462203583632496,-1.6341864192187574,-0.35377965042077575,-2.0341864192187575
34.110333816999855,2.44662855753633,-1.6370898591730256,-0.3533714512476953,-2.0370898591730255
34.119248351000124,2.4470384678766197,-1.6399930580373612,-0.3529615409074056,-2.039993058037361
34.13571705399977,2.447450089241726,-1.6428960148032712,-0.3525499195422994,-2.0428960148032713
34.14924491399984,2.447863421488662,-1.6457987284623488,-0.35213658729536323,-2.0457987284623487
34.163240435000034,2.448280678844477,-1.6487213929691242,-0.35171932993954824,-2.0487213929691244
34.17753821700012,2.4486984124376128,-1.6516534796684847,-0.35130159634641256,-2.051653479668485
34.19854393299988,2.4491151726086877,-1.6545857048861792,-0.3508848361753376,-2.054585704886179
34.213263551999944,2.449530959311764,-1.6575180682990287,-0.3504690494722613,-2.0575180682990286
34.227201899999955,2.4499457725010205,-1.660450569583853,-0.3500542362830048,-2.060450569583853
34.24162452499991,2.4503579817928265,-1.663372353239032,-0.34964202699119884,-2.063372353239032
34.25519765800004,2.4507681861491557,-1.6662896686411108,-0.3492318226348696,-2.0662896686411107
34.277506712999866,2.4511770255043,-1.6692071756506734,-0.3488229832797254,-2.0692071756506736
34.293470683999885,2.4515844997687566,-1.67212487362904,-0.34841550901526874,-2.07212487362904
34.30746886499969,2.4519906088533236,-1.6750427619374892,-0.3480093999307017,-2.0750427619374894
34.321289765999836,2.4523978838878437,-1.6779779473720067,-0.3476021248961816,-2.077977947372007
34.336971021999716,2.452805461699248,-1.6809209382995938,-0.3471945470847775,-2.080920938299594
34.35680624700012,2.453212301862112,-1.6838640312906639,-0.3467877069219134,-2.083864031290664
34.37235286200007,2.4536184043508804,-1.6868072261603295,-0.3463816044331449,-2.0868072261603294
34.38547351700004,2.454023769140039,-1.6897505227236946,-0.34597623964398627,-2.0897505227236945
34.40008406899983,2.4544311712537787,-1.6927127023050443,-0.3455688375302466,-2.0927127023050445
34.41493063599978,2.4548397540328035,-1.6956834851858835,-0.3451602547512218,-2.0956834851858837
34.43599779600004,2.4552483690414335,-1.6986542636338877,-0.3447516397425918,-2.098654263633888
34.45140873300011,2.4556570162796225,-1.701625037648707,-0.3443429925044028,-2.101625037648707
34.464513186999966,2.4560656957473213,-1.7045958072299916,-0.3439343130367041,-2.1045958072299915
34.478603324000005,2.4564712888254823,-1.707545431968639,-0.34352871995854306,-2.107545431968639
34.49260471299999,2.456874861800788,-1.7104860904176833,-0.34312514698323726,-2.1104860904176834
34.515375146999986,2.4572776248823476,-1.713426859902099,-0.34272238390167775,-2.113426859902099
34.53223123599969,2.4576795780396115,-1.7163677401988302,-0.3423204307444139,-2.11636774019883
34.54721689699977,2.458080721242091,-1.7193087310848136,-0.3419192875419341,-2.1193087310848138
34.56107158400005,2.4584777818518444,-1.7222272868034871,-0.34152222693218093,-2.1222272868034873
34.57518282199976,2.4588719400171746,-1.7251363837654996,-0.34112806876685076,-2.1251363837654997
34.59823367800004,2.4592644764269043,-1.728045700001443,-0.34073553235712106,-2.128045700001443
34.61367970099968,2.4596553909590497,-1.7309552346072252,-0.3403446178249756,-2.1309552346072254
34.6281502989998,2.460044683492132,-1.7338649866786866,-0.3399553252918932,-2.1338649866786867
34.64151402199991,2.4604355150640527,-1.7367971278146088,-0.33956449371997266,-2.1367971278146087
34.657092178000084,2.46082689923619,-1.739739809016958,-0.3391731095478354,-2.139739809016958
34.677395124999975,2.4612174824561284,-1.7426825966370825,-0.33878252632789696,-2.1426825966370826
34.69321746499986,2.4616072646949316,-1.7456254904569763,-0.3383927440890937,-2.1456254904569763
34.70746180399988,2.4619962459237277,-1.7485684902586245,-0.33800376286029765,-2.1485684902586244
34.72254393399976,2.462382493119179,-1.7514926343896626,-0.3376175156648462,-2.1514926343896628
34.73732594699982,2.4627690509677125,-1.7544085013648227,-0.33723095781631285,-2.1544085013648226
34.754850228999885,2.4631570901817157,-1.757324171571736,-0.33684291860230964,-2.157324171571736
34.770125017000055,2.4635466106610315,-1.7602396442578163,-0.3364533981229938,-2.1602396442578162
34.784412702000054,2.4639376123051164,-1.763154918670527,-0.3360623964789089,-2.1631549186705272
34.798768439999776,2.464330208878608,-1.7660759433962065,-0.33566979990541723,-2.1660759433962067
34.81255401099975,2.4647219957322806,-1.7689996329418098,-0.33527801305174476,-2.16899963294181
34.83497418699994,2.465112511140049,-1.7719234925851672,-0.3348874976439764,-2.1719234925851674
34.85077140499993,2.465501755028063,-1.7748475217733597,-0.3344982537559624,-2.17484752177336
34.86479171799988,2.465889727322713,-1.7777717199534318,-0.3341102814613124,-2.177771719953432
34.879923481000105,2.466277711381681,-1.7807051681153183,-0.3337222974023444,-2.1807051681153182
34.89421596299985,2.4666652524689545,-1.783642639543966,-0.3333347563150708,-2.183642639543966
34.915468266999824,2.4670518496863396,-1.7865802353432476,-0.3329481590976857,-2.1865802353432477
34.9306375929998,2.467437502993923,-1.7895179552098783,-0.3325625057901025,-2.1895179552098782
34.945905981999886,2.4678222123518876,-1.792455798840561,-0.33217779643213774,-2.192455798840561
34.95978118500011,2.468202156299318,-1.7953663924729955,-0.33179785248470717,-2.1953663924729954
34.97442492599998,2.468578685943925,-1.798265485908336,-0.3314213228401002,-2.198265485908336
34.9955452050001,2.468953291968933,-1.8011648285314357,-0.33104671681509235,-2.201164828531436
35.01275740599999,2.4693259742094322,-1.8040644190659283,-0.3306740345745931,-2.2040644190659284
35.02736528899982,2.4696967325013546,-1.8069642562353345,-0.33030327628267075,-2.2069642562353344
35.04191076899974,2.4700718052281587,-1.809909330777668,-0.3299282035558666,-2.209909330777668
35.0562661219999,2.470450227082489,-1.812880443216543,-0.3295497817015365,-2.212880443216543
35.072708957999794,2.4708287747304993,-1.8158515396306978,-0.329171234053526,-2.2158515396306977
35.08843361899994,2.471207448171533,-1.8188226200148456,-0.3287925606124924,-2.2188226200148455
35.1027305719997,2.4715862474049044,-1.8217936843636604,-0.3284137613791209,-2.2217936843636603
35.11650834099987,2.4719623281376997,-1.824744379906238,-0.32803768064632566,-2.224744379906238
35.13140172599992,2.4723364666541716,-1.8276864448902863,-0.3276635421298537,-2.227686444890286
35.152113787999724,2.4727097320790667,-1.8306286207725957,-0.3272902767049586,-2.230628620772596
35.16671637200011,2.4730821243795127,-1.8335709072940676,-0.32691788440451264,-2.2335709072940677
35.180718021000075,2.4734536435227166,-1.8365133041955917,-0.32654636526130876,-2.236513304195592
35.19606938799984,2.4738252753379912,-1.8394631085461335,-0.3261747334460341,-2.2394631085461336
35.211288405999994,2.474196682644361,-1.8424161217710184,-0.32580332613966423,-2.2424161217710186
35.228529754999954,2.474567482830033,-1.8453692112914832,-0.3254325259539925,-2.245369211291483
35.244825959999844,2.474937675879333,-1.8483223769827068,-0.3250623329046922,-2.2483223769827068
35.259987079999746,2.475307261776614,-1.8512756187198673,-0.32469274700741124,-2.2512756187198675
35.27498925499981,2.475674750706185,-1.8542178214105196,-0.3243252580778404,-2.2542178214105197
35.289212688999896,2.47604065007346,-1.85715537916482,-0.32395935871056514,-2.25715537916482
35.306858426999725,2.4764055376365146,-1.8600930627715324,-0.3235944711475107,-2.2600930627715323
35.32263920999981,2.4767694133520606,-1.863030871882156,-0.32323059543196475,-2.263030871882156
35.337911719999965,2.4771322771769295,-1.8659688061481703,-0.3228677316070958,-2.2659688061481704
35.351481809000006,2.477493914104208,-1.8689052394919135,-0.3225060946798175,-2.2689052394919136
35.36552818999985,2.477854396942872,-1.8718411066835305,-0.3221456118411532,-2.2718411066835307
35.38512723200006,2.4782138089520442,-1.874777105159593,-0.3217861998319811,-2.274777105159593
35.40192169599982,2.478572150083913,-1.8777132345295278,-0.32142785870011226,-2.2777132345295277
35.41649279599983,2.4789294202908088,-1.8806494944027419,-0.32107058849321657,-2.280649494402742
35.430748016999814,2.47928906942026,-1.8836119452162388,-0.3207109393637655,-2.2836119452162387
35.44534129699991,2.4796502688532107,-1.8865869163219544,-0.3203497399308146,-2.2865869163219545
35.462989997999784,2.4800115503278652,-1.8895618774656162,-0.3199884584561601,-2.289561877465616
35.478884335999965,2.4803729138439383,-1.8925368286449606,-0.319627094940087,-2.292536828644961
35.49428053299994,2.480734359401157,-1.8955117698577193,-0.3192656493828685,-2.295511769857719
35.509248267999965,2.4810935295978687,-1.898465729097205,-0.31890647918615667,-2.298465729097205
35.52394434099983,2.4814524248438867,-1.9014106108043836,-0.3185475839401386,-2.3014106108043837
35.542456915999765,2.4818121707195164,-1.904355388719924,-0.3181878380645089,-2.304355388719924
35.55836891000013,2.4821727671947422,-1.9073000625981225,-0.3178272415892831,-2.3073000625981224
35.571942028999956,2.482534214239475,-1.9102446321932822,-0.3174657945445505,-2.310244632193282
35.58596581000006,2.4828965548394857,-1.913192630538106,-0.31710345394453965,-2.313192630538106
35.60051041299971,2.4832584262799213,-1.9161422029843533,-0.316741582504104,-2.3161422029843535
35.622274565,2.4836195739667435,-1.9190918641349526,-0.31638043481728184,-2.3190918641349527
35.63777966299972,2.483979997878206,-1.922041613812315,-0.3160200109058193,-2.322041613812315
35.65162760099997,2.484339697992608,-1.9249914518388433,-0.3156603107914173,-2.3249914518388435
35.665897921999886,2.4846986633327393,-1.9279412942851106,-0.3153013454512861,-2.3279412942851105
35.680315930999996,2.485056897540207,-1.9308911891468235,-0.31494311124381813,-2.3308911891468234
35.70107381399998,2.485414404830204,-1.9338411721942594,-0.3145856039538213,-2.3338411721942594
35.71687505399973,2.4857711851810227,-1.9367912432482894,-0.31422882360300264,-2.3367912432482894
35.730961910999895,2.4861272385709987,-1.9397414021297816,-0.3138727702130266,-2.3397414021297815
35.74522217899971,2.4864809371406182,-1.9426738147621916,-0.3135190716434071,-2.3426738147621915
35.760075664999704,2.486834992573771,-1.9455984567927866,-0.31316501621025417,-2.3455984567927866
35.77759625399972,2.487190416827834,-1.9485229327896911,-0.3128095919561913,-2.3485229327896913
35.79353019899986,2.4875472098249474,-1.9514472421122586,-0.31245279895907796,-2.3514472421122585
35.80704143399976,2.4879053714869492,-1.9543713841198775,-0.3120946372970761,-2.3543713841198777
35.821208930999774,2.4882659600770363,-1.9573046477213727,-0.31173404870698906,-2.3573046477213726
35.83508638599983,2.4886280870497623,-1.9602417590094239,-0.311371921734263,-2.360241759009424
35.85397647700006,2.488991248717074,-1.9631787425412421,-0.31100876006695133,-2.3631787425412423
35.86904323499971,2.489355445033901,-1.9661155979523213,-0.3106445637501243,-2.366115597952321
35.883150044999866,2.4897206759550414,-1.9690523248781724,-0.3102793328289839,-2.3690523248781723
35.89633461299968,2.4900894414915538,-1.972011422296352,-0.3099105672924716,-2.372011422296352
35.91138211199973,2.490459389965694,-1.9749811047080745,-0.3095406188183314,-2.3749811047080747
35.932312427999705,2.490829148932668,-1.9779508107215307,-0.30917085985135717,-2.3779508107215306
35.94836099500003,2.49119871839097,-1.9809205403246268,-0.30880129039305526,-2.380920540324627
35.962033652999935,2.4915680983390995,-1.98389029350527,-0.3084319104449258,-2.38389029350527
35.97550704799983,2.4919375364920295,-1.9868619252112834,-0.3080624722919958,-2.3868619252112833
35.990056950999815,2.492306949690832,-1.9898343681982742,-0.30769305909319344,-2.389834368198274
36.00809688000004,2.4926762420755724,-1.9928068261974607,-0.30732376670845296,-2.392806826197461
36.02297422300012,2.493045413645644,-1.995779299203932,-0.3069545951383814,-2.395779299203932
36.03711668599976,2.4934144644004266,-1.99875178721278,-0.30658554438359875,-2.39875178721278
36.050831134999726,2.493780907872273,-2.001705631617402,-0.3062191009117523,-2.4017056316174017
36.064550045999795,2.494145582274053,-2.0046515666388607,-0.3058544265099723,-2.4046515666388606
36.08514078899975,2.4945094503937244,-2.007597601357168,-0.3054905583903009,-2.407597601357168
36.10030144899997,2.4948725122040294,-2.0105437355516464,-0.30512749657999594,-2.4105437355516464
36.11427330899983,2.495234767677775,-2.0134899690016166,-0.30476524110625025,-2.4134899690016165
36.12773592000008,2.4955961634674853,-2.0164358968820233,-0.3044038453165401,-2.416435896882023
36.1418165839998,2.4959567174979758,-2.0193817517052586,-0.30404329128604957,-2.4193817517052585
36.16131935699991,2.496316450384048,-2.0223277069152314,-0.3036835583999773,-2.4223277069152314
36.17731853400005,2.496675362097751,-2.0252737622830486,-0.30332464668627424,-2.4252737622830485
36.191722809999874,2.4970334526111984,-2.028219917579815,-0.302966556172827,-2.4282199175798147
36.20542312099974,2.49739274539549,-2.031180571650138,-0.3026072633885355,-2.431180571650138
36.22093797399998,2.497753037061133,-2.0341474403032125,-0.30224697172289217,-2.4341474403032124
36.23739883099984,2.4981136201751024,-2.0371142735487537,-0.3018863886089229,-2.4371142735487537
36.252765704999774,2.498474494733918,-2.0400810713581308,-0.3015255140501072,-2.4400810713581307
36.267113694000045,2.4988356607340982,-2.043047833702715,-0.3011643480499271,-2.443047833702715
36.28091049799991,2.4991943136187142,-2.0459942440618133,-0.3008056951653111,-2.445994244061813
36.29461452400005,2.4995509289785196,-2.048932048888117,-0.3004490798055057,-2.4489320488881168
36.31804271499982,2.499906509841144,-2.0518699791055344,-0.3000934989428812,-2.4518699791055343
36.33318822299975,2.5002610561624983,-2.0548080343497896,-0.29973895262152705,-2.4548080343497896
36.34723952399986,2.5006145678986216,-2.0577462142565914,-0.29938544088540375,-2.4577462142565913
36.36134075099994,2.500966065270835,-2.0606769228922572,-0.29903394351319035,-2.460676922892257
36.37494591099971,2.5013158753869784,-2.0636045279965565,-0.2986841333970469,-2.4636045279965564
36.394224027000064,2.5016643770020073,-2.0665322891528666,-0.29833563178201805,-2.4665322891528665
36.40980134300003,2.5020115700463084,-2.069460205776348,-0.29798843873771697,-2.4694602057763477
36.42294957099989,2.5023574544505287,-2.072388277282133,-0.2976425543334966,-2.472388277282133
36.43677707599977,2.5027040069449975,-2.075332089557793,-0.2972960018390278,-2.475332089557793
36.45099741499985,2.5030506032783877,-2.0782828655036494,-0.29694940550563764,-2.4782828655036493
36.4740109060001,2.5033964595509337,-2.081233728282515,-0.2966035492330916,-2.4812337282825148
36.48840778099998,2.5037415757408823,-2.084184677708783,-0.29625843304314303,-2.484184677708783
36.50290083200002,2.504085951826524,-2.0871357135968394,-0.29591405695750117,-2.4871357135968393
36.5160580270001,2.504430779386012,-2.090096323749215,-0.29556922939801344,-2.490096323749215
36.53086049599983,2.504775672936811,-2.093061051946551,-0.2952243358472142,-2.493061051946551
36.554709170999786,2.5051201739244973,-2.096025825785296,-0.29487983485952807,-2.496025825785296
36.57882048599981,2.5054642823430333,-2.098990645213482,-0.294535726440992,-2.498990645213482
36.59601227999997,2.5058079981863868,-2.101955510179122,-0.29419201059763855,-2.5019555101791218
36.61406051900008,2.5061499336778494,-2.104909310530288,-0.2938500751061759,-2.5049093105302878
36.63079913599972,2.5064905361328544,-2.1078584347687412,-0.2935094726511709,-2.507858434768741
36.65929558799985,2.5068303392829674,-2.110807651211351,-0.29316966950105794,-2.510807651211351
36.67575567600011,2.5071693431032274,-2.1137569596414814,-0.29283066568079796,-2.5137569596414813
36.68995687599977,2.5075075475687334,-2.116706359842489,-0.29249246121529193,-2.516706359842489
36.70340024099983,2.5078461191952317,-2.119663158265949,-0.2921538895887936,-2.5196631582659488
36.71724837399984,2.5081855224886542,-2.122623050083377,-0.2918144862953711,-2.522623050083377
36.74086181500002,2.508525457101066,-2.125582880927487,-0.2914745516829593,-2.525582880927487
36.755487498999855,2.5088659230215145,-2.128542650702904,-0.2911340857625109,-2.528542650702904
36.76935024399995,2.5092069202390257,-2.1315023593142564,-0.29079308854499963,-2.5315023593142563
36.78286116300001,2.509549681155341,-2.134473608778416,-0.2904503276286845,-2.534473608778416
36.7958119059997,2.5098931386364334,-2.1374498111469906,-0.29010687014759196,-2.5374498111469905
36.81176343799984,2.5102367004650303,-2.140426001471877,-0.289763308318995,-2.540426001471877
36.82648411800005,2.5105803666407067,-2.143402179749422,-0.2894196421433186,-2.543402179749422
36.83990042799974,2.5109241371630335,-2.1463783459759647,-0.2890758716209918,-2.5463783459759646
36.8540723589997,2.5112675653586334,-2.149350300822824,-0.28873244342539195,-2.549350300822824
36.86863923099986,2.511611038283848,-2.152320428658134,-0.2883889705001774,-2.552320428658134
36.88228174799974,2.511954770629012,-2.155290526481998,-0.2880452381550134,-2.555290526481998
36.89662959099974,2.5122987623915076,-2.1582605942717583,-0.2877012463925177,-2.5582605942717582
36.910163324999985,2.5126430135687077,-2.1612306320047563,-0.28735699521531766,-2.561230632004756
36.92382521000013,2.5129864007587637,-2.164190128252899,-0.28701360802526166,-2.564190128252899
36.937199259999716,2.5133298935101394,-2.1671450514338835,-0.286670115273886,-2.5671450514338834
36.95466174999979,2.51367403107795,-2.170099899587374,-0.2863259777060754,-2.570099899587374
36.96874641699992,2.514018813445809,-2.1730546725726607,-0.2859811953382163,-2.5730546725726606
36.98345559299992,2.514364240597299,-2.1760093702490364,-0.2856357681867263,-2.5760093702490363
36.996889728999804,2.514707912907429,-2.178941798989971,-0.28529209587659654,-2.578941798989971
37.01021177000007,2.5150518822827466,-2.1818645605490623,-0.28494812650127876,-2.581864560549062
37.02831144400011,2.5153972971762464,-2.1847871516278503,-0.28460271160777895,-2.58478715162785
37.04179495099993,2.515744157503436,-2.1877095715114194,-0.2842558512805895,-2.5877095715114193
37.05648025000005,2.5160924631794654,-2.190631819484899,-0.2839075456045599,-2.5906318194848987
37.069325571000036,2.5164457445378217,-2.1935867893820618,-0.28355426424620367,-2.5935867893820617
37.08300911099991,2.5168009454955746,-2.196558705222455,-0.2831990632884507,-2.596558705222455
37.09933219399977,2.517155967888254,-2.199530642399372,-0.28284404089577153,-2.599530642399372
37.11518980300002,2.5175108117145824,-2.2025026009020716,-0.282489197069443,-2.6025026009020715
37.129027815999734,2.517865476973273,-2.205474580719822,-0.28213453181075243,-2.605474580719822
37.14359351899998,2.5182204445253107,-2.2084503239316833,-0.28177956425871464,-2.608450323931683
37.157994647999885,2.518575557528777,-2.211427678128418,-0.2814244512552482,-2.611427678128418
37.17611762399997,2.5189306307122163,-2.2144050370742714,-0.281069378071809,-2.6144050370742713
37.19129159399995,2.519285664075565,-2.217382400768709,-0.28071434470846013,-2.617382400768709
37.20539300899986,2.519640657618759,-2.2203597692112,-0.28035935116526645,-2.6203597692111997
37.21977526899968,2.519991718852346,-2.223306806965,-0.28000828993167914,-2.623306806965
37.2339614709997,2.5203401282122746,-2.2262409607787825,-0.27965988057175073,-2.6262409607787824
37.2541636579997,2.5206873872994615,-2.2291752509504237,-0.2793126214845638,-2.6291752509504236
37.269460169999775,2.521033496060539,-2.2321096770289826,-0.2789665127234864,-2.6321096770289825
37.28318915299974,2.521378454442317,-2.2350442385634994,-0.2786215543417083,-2.6350442385634993
37.29715158299973,2.5217224511512364,-2.2379754070985665,-0.27827755763278894,-2.6379754070985664
37.31093391199988,2.5220674397366403,-2.2409049564439636,-0.27793256904738506,-2.6409049564439635
37.33197157900008,2.522413703025436,-2.243834355396993,-0.27758630575858945,-2.6438343553969927
37.34782802099994,2.522761240952065,-2.2467636034030045,-0.27723876783196033,-2.6467636034030044
37.36254621100011,2.523110053450725,-2.249692699907382,-0.2768899553333002,-2.6496926999073818
37.3760836670001,2.5234594050141816,-2.252620854665858,-0.2765406037698437,-2.652620854665858
37.390623836999794,2.523807522810202,-2.255548780286682,-0.2761924859738234,-2.655548780286682
37.412046218000114,2.524154334955756,-2.258476860848518,-0.2758456738282695,-2.658476860848518
37.427281746999824,2.5244998413818847,-2.261405095769151,-0.27550016740214067,-2.661405095769151
37.44150210299972,2.5248440420198874,-2.26433348446632,-0.2751559667641379,-2.66433348446632
37.45565737599986,2.5251906602888496,-2.2672914210498525,-0.2748093484951757,-2.6672914210498524
37.46953663199997,2.5255387626813035,-2.270264036824929,-0.2744612461027218,-2.670264036824929
37.490032419000045,2.5258866828872946,-2.2732366739289365,-0.27411332589673076,-2.6732366739289364
37.50591407499974,2.526234420905516,-2.27620933235071,-0.27376558787850946,-2.67620933235071
37.519933784999694,2.5265819767346622,-2.279182012079083,-0.2734180320493631,-2.679182012079083
37.533610526000075,2.526926603224964,-2.282132903541428,-0.2730734055590611,-2.682132903541428
37.54860459099996,2.5272691913331995,-2.2850745484495105,-0.27273081745082584,-2.6850745484495104
37.56860394099999,2.5276107985788316,-2.2880163074244915,-0.2723892102051937,-2.6880163074244914
37.584269091000124,2.527951424923883,-2.2909581801393117,-0.2720485838601423,-2.6909581801393117
37.59856096899989,2.5282910703304813,-2.2939001662668996,-0.27170893845354405,-2.6939001662668995
37.611953072000006,2.528630535121783,-2.2968487096449186,-0.2713694736622423,-2.6968487096449185
37.62559409799974,2.528969560987838,-2.299800104732453,-0.27103044779618735,-2.699800104732453
37.645975635999775,2.529307840024728,-2.302751585512295,-0.27069216875929714,-2.7027515855122948
37.66131312099992,2.5296453722107937,-2.3057031517954645,-0.27035463657323167,-2.7057031517954644
37.67552796199993,2.5299821575244223,-2.308654803392977,-0.270017851259603,-2.7086548033929767
37.68983012700005,2.5303206071367863,-2.31162605555316,-0.269679401647239,-2.7116260555531597
37.703412813000114,2.5306600591435715,-2.3146063013189506,-0.2693399496404538,-2.7146063013189505
37.72112988899994,2.530999523667614,-2.317586545658992,-0.26900048511641117,-2.717586545658992
37.73682437100001,2.5313390007089094,-2.3205667885732306,-0.26866100807511595,-2.7205667885732305
37.750917569999956,2.53167849026745,-2.323547030061614,-0.26832151851657526,-2.723547030061614
37.76502057099992,2.532017347899396,-2.32652111723255,-0.2679826608846292,-2.72652111723255
37.77908393099983,2.5323561352775386,-2.3294925439769782,-0.2676438735064868,-2.729492543976978
37.798077391000106,2.5326951627229013,-2.3324639433403056,-0.26730484606112404,-2.7324639433403055
37.812815888999694,2.533034430233271,-2.3354353153031386,-0.2669655785507543,-2.7354353153031385
37.82622734699976,2.5333739378064277,-2.3384066598460778,-0.2666260709775976,-2.7384066598460777
37.84000084500008,2.5337098847367687,-2.341341894153087,-0.2662901240472566,-2.741341894153087
37.854441052000084,2.5340455540841273,-2.3442615093513415,-0.265954454699898,-2.7442615093513414
37.87592203700001,2.534382770735973,-2.347180946239912,-0.26561723804805215,-2.747180946239912
37.8920042809998,2.5347215345975873,-2.350100203998778,-0.265278474186438,-2.750100203998778
37.90658012400013,2.535061845573816,-2.3530192818079656,-0.26493816321020924,-2.7530192818079655
37.91969740799982,2.5354070408847202,-2.3559706272738183,-0.2645929678993051,-2.7559706272738183
37.93351526299989,2.5357539621357432,-2.3589386292434558,-0.2642460466482821,-2.7589386292434557
37.951990356000124,2.536100580075991,-2.3619066666504995,-0.2638994287080343,-2.7619066666504994
37.96724025499975,2.536446894701847,-2.3648747394639646,-0.2635531140821783,-2.7648747394639646
37.98113909299968,2.536792906009692,-2.367842847652855,-0.26320710277433346,-2.767842847652855
37.9952430259998,2.537130749429506,-2.370736557276655,-0.26286925935451944,-2.770736557276655
38.00946112199995,2.537467679359758,-2.3735980783358697,-0.2625323294242672,-2.7735980783358696
38.02949888199987,2.537807553130451,-2.3764592512370073,-0.2621924556535742,-2.776459251237007
38.04500765199987,2.538150370381834,-2.379320072951545,-0.26184963840219133,-2.779320072951545
38.058815677999746,2.538496130751037,-2.3821805404513263,-0.26150387803298836,-2.7821805404513262
38.07240442199986,2.5388500401101934,-2.385091352469297,-0.2611499686738319,-2.785091352469297
38.086616507999906,2.5392069264531294,-2.3880329896234898,-0.26079308233089593,-2.7880329896234897
38.10521405199984,2.539562874776102,-2.390974740428742,-0.26043713400792345,-2.7909747404287417
38.12094973999979,2.539917885042915,-2.3939166045859226,-0.2600821237411104,-2.7939166045859225
38.134347102999754,2.5402719572174712,-2.3968585817959047,-0.2597280515665541,-2.7968585817959046
38.14852328999973,2.5406260306593174,-2.3998079460172352,-0.25937397812470797,-2.799807946017235
38.16273331999969,2.54097979361511,-2.4027605133019767,-0.25902021516891516,-2.8027605133019766
38.181084258000055,2.5413328831866147,-2.405713161190619,-0.2586671255974107,-2.805713161190619
38.19641886799968,2.5416852993554637,-2.408665889529588,-0.2583147094285616,-2.8086658895295877
38.21030031699979,2.5420370421033294,-2.411618698165302,-0.25796296668069596,-2.8116186981653017
38.22352693900007,2.5423862306369562,-2.414556887370123,-0.2576137781470691,-2.8145568873701228
38.237203522999835,2.542733486491135,-2.417488910409613,-0.25726652229289027,-2.817488910409613
38.25641967999968,2.5430795356853855,-2.4204210761088074,-0.25692047309863986,-2.8204210761088073
38.271644400000014,2.5434243781611023,-2.423353383971108,-0.256575630622923,-2.823353383971108
38.285375468999746,2.543768013859881,-2.4262858334998967,-0.2562319949241445,-2.8262858334998966
38.29903168199985,2.5441110254413215,-2.4292230558505024,-0.2558889833427038,-2.8292230558505023
38.31445406999978,2.544453221946285,-2.432162387354713,-0.2555467868377401,-2.832162387354713
38.33678406000013,2.544794378667271,-2.4351018397240067,-0.25520563011675446,-2.8351018397240066
38.353459650000104,2.5451344955615913,-2.438041412590573,-0.254865513222434,-2.838041412590573
38.370057982999924,2.545473572586682,-2.440981105586563,-0.2545264361973434,-2.840981105586563
38.384666228000015,2.5458101377861855,-2.443902198124063,-0.25418987099783985,-2.843902198124063
38.3992057439998,2.546147367335844,-2.4468151179939763,-0.2538526414481814,-2.8468151179939762
38.42064750099985,2.546486304028176,-2.449727839720534,-0.2535137047558491,-2.849727839720534
38.43729095399999,2.5468269477467604,-2.452640362303239,-0.2531730610372649,-2.852640362303239
38.45231788899969,2.5471692983745884,-2.4555526847416718,-0.25283071040943694,-2.8555526847416717
38.4703212779998,2.5475130668466934,-2.458462160911264,-0.2524869419373319,-2.8584621609112637
38.48759734400005,2.5478584977064433,-2.4613702918436076,-0.252141511077582,-2.8613702918436075
38.519316441,2.5482057286954305,-2.4642782083896604,-0.25179428008859484,-2.8642782083896603
38.53724727299982,2.5485547596806026,-2.4671859094351443,-0.2514452491034227,-2.867185909435144
38.553783005000014,2.548905590528215,-2.4700933938658656,-0.25109441825581014,-2.8700933938658655
38.56969016900007,2.5492612540107413,-2.473030750238671,-0.250738754773284,-2.8730307502386707
38.58608132999984,2.5496181855681277,-2.4759832210259884,-0.25038182321589764,-2.8759832210259884
38.60410903399975,2.549974451000044,-2.478935772266638,-0.25002555778398117,-2.878935772266638
38.61923839099995,2.550330050288356,-2.481888403810328,-0.24966995849566942,-2.881888403810328
38.632567953999796,2.550684983414964,-2.4848411155067653,-0.24931502536906125,-2.8848411155067653
38.64676343299993,2.5510400410082457,-2.4878000300517824,-0.24895996777577967,-2.8878000300517823
38.661077603999956,2.5513949619846934,-2.490761625691851,-0.24860504679933193,-2.8907616256918507
38.67992402499999,2.551749441145593,-2.4937232742461664,-0.24825056763843234,-2.8937232742461663
38.69547876499996,2.552103478483055,-2.4966849756488187,-0.24789653030097014,-2.8966849756488187
38.708449857999994,2.552457073989201,-2.4996467298338954,-0.24754293479482437,-2.8996467298338953
38.72240308100004,2.552809627461673,-2.5026038615483186,-0.24719038132235216,-2.9026038615483185
38.73650064499975,2.5531613361227756,-2.5055590596009827,-0.2468386726612497,-2.9055590596009826
38.75596784499999,2.5535124314658155,-2.508514330582287,-0.2464875773182098,-2.9085143305822867
38.77155557999981,2.553862913475667,-2.511469674364934,-0.24613709530835814,-2.911469674364934
38.786602796000125,2.5542127821372342,-2.514425090821621,-0.2457872266467911,-2.914425090821621
38.80004419900001,2.554564114097765,-2.5173968436498426,-0.24543589468626026,-2.9173968436498425
38.814207830999976,2.5549162806917822,-2.5203758382667214,-0.2450837280922431,-2.9203758382667213
38.833375184999795,2.55526845404077,-2.523354832085042,-0.24473155474325514,-2.923354832085042
38.84923523399971,2.555620634144727,-2.526333825104791,-0.24437937463929815,-2.926333825104791
38.863848008000105,2.5559728210036496,-2.529312817325951,-0.2440271877803757,-2.929312817325951
38.8782181680001,2.5563182872070946,-2.5322389576214106,-0.2436817215769307,-2.9322389576214105
38.89229353199994,2.556659237724155,-2.535142639560943,-0.2433407710598705,-2.935142639560943
38.911582254999985,2.55699826631423,-2.53804654652849,-0.24300174246979545,-2.93804654652849
38.925997802999746,2.5573353728288013,-2.540950677251941,-0.24266463595522403,-2.9409506772519407
38.939397550999956,2.557670557120194,-2.543855030459086,-0.24232945166383146,-2.943855030459086
38.95408812099981,2.5580036785827938,-2.546758468712512,-0.24199633020123157,-2.946758468712512
38.968787809000105,2.5583347832703294,-2.5496616438523754,-0.24166522551369596,-2.9496616438523753
38.98730396099995,2.5586639252176955,-2.552565042169056,-0.24133608356632985,-2.952565042169056
39.00279833299987,2.558991104274465,-2.5554686623356133,-0.24100890450956047,-2.9554686623356132
39.01651879299993,2.5593163202911073,-2.558372503025002,-0.240683688492918,-2.958372503025002
39.03093130100001,2.5596443280255716,-2.561315830391703,-0.2403556807584537,-2.961315830391703
39.04613560499979,2.5599742063125266,-2.564280534072608,-0.24002580247149874,-2.964280534072608
39.06363618899991,2.5603036477902648,-2.5672452863240713,-0.23969636099376057,-2.9672452863240713
39.07879881299982,2.560632652451637,-2.570210087081729,-0.23936735633238815,-2.9702100870817287
39.09279479199972,2.5609612202894962,-2.5731749362812213,-0.2390387884945291,-2.973174936281221
39.10740775699992,2.5612886476277783,-2.5761339597673136,-0.23871136115624703,-2.9761339597673135
39.12076895899986,2.561615153539129,-2.5790905343045702,-0.23838485524489617,-2.97909053430457
39.141196606999756,2.561941007283877,-2.5820471807902927,-0.23805900150014825,-2.9820471807902926
39.15654713199979,2.5622662088461627,-2.5850038990806254,-0.2377337999378626,-2.9850038990806254
39.17019897599971,2.562590758210164,-2.587960689031707,-0.2374092505738612,-2.987960689031707
39.18379033999986,2.562916543967065,-2.590933446978373,-0.2370834648169602,-2.990933446978373
39.198860791000016,2.56324301345938,-2.593913253405585,-0.23675699532464511,-2.993913253405585
39.219698777000076,2.5635694219318705,-2.5968930665175365,-0.2364305868521548,-2.9968930665175364
39.236059005000016,2.5638957693844078,-2.5998728863129767,-0.23610423939961755,-2.9998728863129767
39.249473824999995,2.5642220558168467,-2.602852712790653,-0.23577795296717863,-3.002852712790653
39.262880733999964,2.56454317769431,-2.605781474443173,-0.23545683108971538,-3.005781474443173
39.277212200999884,2.5648637237920524,-2.6086881710221443,-0.23513628499197292,-3.0086881710221443
39.29511090699975,2.56518617635682,-2.611594656725957,-0.23481383242720533,-3.011594656725957
39.31134773000008,2.565510535249887,-2.6145009303041795,-0.23448947353413852,-3.0145009303041794
39.32608308699969,2.565836800331709,-2.617406990506476,-0.23416320845231642,-3.0174069905064758
39.3403412629998,2.566163886337955,-2.6203116977164993,-0.23383612244607033,-3.020311697716499
39.35494095399986,2.5664891356862216,-2.6232160708481715,-0.23351087309780372,-3.0232160708481715
39.37164718100007,2.566812434899102,-2.626120661704986,-0.23318757388492317,-3.026120661704986
39.38692437499981,2.5671337838308474,-2.629025468977527,-0.23286622495317788,-3.029025468977527
39.400752283999964,2.5674531823365907,-2.6319304913562815,-0.23254682644743463,-3.0319304913562815
39.41568046799989,2.5677728502868127,-2.63484818681918,-0.23222715849721265,-3.03484818681918
39.42951219499969,2.5680944568432547,-2.6377711134165893,-0.23190555194077067,-3.0377711134165892
39.449692815999924,2.568417568930264,-2.6406938739696204,-0.23158243985376137,-3.0406938739696203
39.46478044899982,2.568742186462112,-2.6436164677027856,-0.2312578223219135,-3.0436164677027855
39.479275886000096,2.5690683093526716,-2.646538893840668,-0.23093169943135372,-3.046538893840668
39.49294627999984,2.569398135837095,-2.6494854431434134,-0.23060187294693035,-3.0494854431434133
39.50732269900004,2.5697287461307337,-2.6524435691104817,-0.23027126265329168,-3.0524435691104816
39.53076546299985,2.5700587550663845,-2.65540176222548,-0.22994125371764085,-3.05540176222548
39.5475368179998,2.5703881626304095,-2.6583600223661707,-0.22961184615361585,-3.0583600223661707
39.56312426299996,2.570716968809196,-2.6613183494103008,-0.22928303997482935,-3.0613183494103007
39.57814751199999,2.571045457929681,-2.6642791113806994,-0.22895455085434424,-3.0642791113806993
39.59202781499994,2.5713735412553143,-2.667240946766261,-0.22862646752871107,-3.067240946766261
39.61299253899983,2.5717011099315945,-2.6702028391144137,-0.22829889885243082,-3.0702028391144136
39.629176658999995,2.5720281639486315,-2.6731647883357312,-0.2279718448353938,-3.073164788335731
39.643763823999734,2.572354703296552,-2.676126794340786,-0.22764530548747341,-3.076126794340786
39.65802395300011,2.572675872675237,-2.6790383828225286,-0.22732413610878854,-3.0790383828225285
39.67256023699997,2.5729968527985827,-2.681928129950109,-0.22700315598544263,-3.081928129950109
39.69191472599982,2.5733201489548825,-2.684817618883512,-0.22667985982914285,-3.0848176188835117
39.70862168300005,2.5736457609364467,-2.6877068477665182,-0.22635424784757863,-3.087706847766518
39.723946941999884,2.5739736885341054,-2.6905958147430753,-0.22602632024991998,-3.090595814743075
39.73846192999986,2.574309348957879,-2.693536568459971,-0.22569065982614633,-3.093536568459971
39.75321942400001,2.5746489729427497,-2.696509408641196,-0.22535103584127558,-3.0965094086411957
39.77256343199974,2.574988798483428,-2.6994822257893354,-0.22501121030059723,-3.0994822257893353
39.78812848799976,2.5753288255783553,-2.7024550198906976,-0.22467118320567003,-3.1024550198906975
39.8034720119997,2.575669054225968,-2.705427790931616,-0.22433095455805718,-3.105427790931616
39.81695710700001,2.5760099128300693,-2.708404811749405,-0.22399009595395603,-3.1084048117494048
39.83124719300008,2.5763509482067675,-2.7113836645703517,-0.22364906057725786,-3.1113836645703516
39.85147068499987,2.5766919399807224,-2.7143625223828547,-0.2233080688033029,-3.1143625223828546
39.867566935999776,2.577032888151862,-2.7173413851862773,-0.2229671206321635,-3.1173413851862772
39.8838375429998,2.577373792720113,-2.720320252979982,-0.22262621606391253,-3.120320252979982
39.89982355799998,2.57771158285554,-2.7232741346555476,-0.2222884259284852,-3.1232741346555475
39.914277643000105,2.5780468619332675,-2.726214657475693,-0.22195314685075784,-3.126214657475693
39.93091254199976,2.578381110788709,-2.7291552975792044,-0.2216188979953162,-3.1291552975792043
39.94637642199973,2.578714329380839,-2.7320960546051447,-0.2212856794031861,-3.1320960546051446
39.96344037799986,2.579046517668756,-2.7350369281925544,-0.22095349111526952,-3.1350369281925543
39.9785159329997,2.579374791700084,-2.73795419044389,-0.22062521708394112,-3.13795419044389
39.994680062999805,2.5797000782111477,-2.7408614802587805,-0.22029993057287767,-3.1408614802587804
40.01325600999985,2.5800234857720445,-2.743768979688119,-0.21997652301198078,-3.1437689796881187
40.03304722300004,2.5803450142476976,-2.7466766875175592,-0.21965499453632775,-3.146676687517559
40.04901383399988,2.5806646635038195,-2.7495846025326696,-0.21933534528020582,-3.1495846025326695
40.06465960799983,2.5809867268321574,-2.7525263698754783,-0.21901328195186798,-3.152526369875478
40.08081725099987,2.5813111850946617,-2.755485589297788,-0.2186888236893636,-3.155485589297788
40.09667436799987,2.581635912351202,-2.7584420935129703,-0.21836409643282328,-3.1584420935129702
40.11381884699972,2.5819590302633877,-2.761388031576607,-0.21804097852063764,-3.1613880315766067
40.128471794000006,2.582281218949395,-2.7643340714118114,-0.21771878983463022,-3.1643340714118113
40.14315730900012,2.582602478377167,-2.767280212725474,-0.2173975304068585,-3.167280212725474
40.15738687899989,2.58292280851474,-2.7702264552244826,-0.21707720026928534,-3.1702264552244825
40.176852859999826,2.5832422093302467,-2.773172798615714,-0.2167577994537786,-3.173172798615714
40.194385939000085,2.583560680791909,-2.776119242606038,-0.2164393279921164,-3.176119242606038
40.20929126099986,2.583878222868041,-2.779065786902309,-0.21612178591598452,-3.179065786902309
40.223500364000074,2.5841969544112176,-2.7820305804515977,-0.21580305437280778,-3.1820305804515976
40.23834153699977,2.5845162896763294,-2.7850036570761225,-0.21548371910769593,-3.1850036570761224
40.255333043999826,2.584835371839257,-2.787976760875209,-0.21516463694476817,-3.187976760875209
40.27001721400006,2.5851542008976875,-2.7909498918273097,-0.21484580788633778,-3.1909498918273096
40.28461148800011,2.5854727768493144,-2.793923049910878,-0.2145272319347109,-3.193923049910878
40.299040233999904,2.585784875352545,-2.7968425758564943,-0.21421513343148035,-3.1968425758564942
40.313036924000016,2.5860924120787825,-2.7997393066835183,-0.21390759670524284,-3.1997393066835182
40.332315956999764,2.586397764840143,-2.8026362685426625,-0.21360224394388228,-3.2026362685426624
40.34801123700004,2.586700933463069,-2.805533459787348,-0.21329907532095627,-3.2055334597873477
40.362099244999854,2.587001917775244,-2.8084308787708614,-0.2129980910087812,-3.2084308787708613
40.37650700900008,2.5873054173723173,-2.8113671246751037,-0.212694591411708,-3.2113671246751037
40.39187367799991,2.5876116331187315,-2.8143241207740917,-0.21238837566529378,-3.2143241207740916
40.409838520999756,2.5879185456855076,-2.817281044629939,-0.21208146309851772,-3.2172810446299387
40.42509009499986,2.5882261550556023,-2.8202378960784156,-0.21177385372842306,-3.2202378960784155
40.4397467299998,2.588534461211932,-2.8231946749553165,-0.21146554757209346,-3.2231946749553164
40.45391190999976,2.5888452080201483,-2.826169748336705,-0.21115480076387705,-3.226169748336705
40.46793374699996,2.589156849906263,-2.829153169523007,-0.21084315887776217,-3.229153169523007
40.487042340000016,2.589468482839716,-2.8321365916444727,-0.21053152594430946,-3.2321365916444726
40.50263243199993,2.5897801068205,-2.835120014701074,-0.21021990196352514,-3.235120014701074
40.51654978700003,2.5900917218486144,-2.838103438692784,-0.20990828693541097,-3.238103438692784
40.5296346319999,2.590402286299213,-2.8410758878819076,-0.20959772248481245,-3.2410758878819075
40.5450775490001,2.590712754882582,-2.844043596530768,-0.2092872539014432,-3.244043596530768
40.56270050199987,2.591023637444423,-2.8470112618418373,-0.20897637133960245,-3.247011261841837
40.578607778000105,2.591334933978684,-2.849978883757366,-0.20866507480534136,-3.249978883757366
40.59223043299994,2.591646644479305,-2.852946462219612,-0.2083533643047204,-3.252946462219612
40.60606303700001,2.5919589534000655,-2.8559159176315445,-0.20804105538395978,-3.2559159176315444
40.61982458599982,2.5922716953506346,-2.858886158848547,-0.2077283134333907,-3.2588861588485467
40.64162892399986,2.5925847806879565,-2.8618563638896797,-0.20741522809606883,-3.2618563638896796
40.65790531500011,2.592898209407853,-2.8648265327152465,-0.20710179937617212,-3.2648265327152464
40.67260222699974,2.593211981506131,-2.8677966652855487,-0.20678802727789414,-3.2677966652855486
40.68702125999994,2.593526313305708,-2.870769000626032,-0.2064736954783175,-3.2707690006260317
40.701796366999815,2.5938410111174774,-2.8737422666516217,-0.20615899766654788,-3.2737422666516216
40.723068036000086,2.594155969862031,-2.8767155050478617,-0.20584403892199443,-3.2767155050478616
40.739987509999764,2.5944711895369363,-2.8796887157918567,-0.205528819247089,-3.2796887157918566
40.75368255299986,2.5947866701397744,-2.882661898860705,-0.20521333864425095,-3.282661898860705
40.76858654500006,2.5950997363432577,-2.8856129603327556,-0.20490027244076758,-3.2856129603327555
40.78327239899977,2.595410786795712,-2.888554645013269,-0.20458922198831342,-3.288554645013269
40.80687973499994,2.5957207685972334,-2.8914964424954688,-0.2042792401867919,-3.2914964424954687
40.82314783200013,2.5960296817069124,-2.8944383523911346,-0.20397032707711293,-3.2944383523911345
40.838149137999835,2.5963375260839863,-2.897380374312034,-0.20366248270003906,-3.297380374312034
40.85371694599985,2.596641798096871,-2.900300390521496,-0.20335821068715454,-3.300300390521496
40.869238647999964,2.5969432562971657,-2.9032111086883545,-0.20305675248685962,-3.3032111086883544
40.88915989700013,2.5972428549439397,-2.9061220188457195,-0.20275715384008564,-3.3061220188457194
40.90636190600003,2.597540593914922,-2.9090331198055903,-0.20245941486910324,-3.3090331198055902
40.92197221599986,2.597836473088597,-2.9119444103798866,-0.2021635356954281,-3.3119444103798865
40.93694236999977,2.5981342091826094,-2.91488949995139,-0.20186579960141593,-3.31488949995139
40.95207178199985,2.5984330782116083,-2.9178521069549497,-0.20156693057241704,-3.3178521069549496
40.971598676999974,2.5987313732204815,-2.9208147718097237,-0.2012686355635438,-3.3208147718097236
40.988586350000105,2.599029094198032,-2.923777494404492,-0.20097091458599348,-3.3237774944044918
41.0046734,2.5993262411330833,-2.9267402746280355,-0.20067376765094203,-3.3267402746280355
41.019791312999814,2.5996220043420473,-2.9296956955037823,-0.20037800444197806,-3.329695695503782
41.035357132999934,2.5999166164301757,-2.9326480180764767,-0.20008339235384964,-3.3326480180764766
41.056700083999885,2.6002103837794377,-2.9356004248235594,-0.19978962500458763,-3.3356004248235593
41.07589100700011,2.600503306365783,-2.938552915503327,-0.19949670241824213,-3.338552915503327
41.09381791100009,2.6007953841652327,-2.9415054898740722,-0.19920462461879263,-3.341505489874072
41.112367367999695,2.6010875884757683,-2.9444643214079913,-0.19891242030825707,-3.344464321407991
41.13013742899989,2.6013806081327244,-2.9474257593411077,-0.1986194006513009,-3.3474257593411076
41.1499645880001,2.6016740779962415,-2.9503853939757896,-0.19832593078778382,-3.3503853939757895
41.172834588999876,2.6019676262445293,-2.953337985841353,-0.19803238253949607,-3.353337985841353
41.18945377099976,2.6022620151259157,-2.9562904940098744,-0.19773799365810962,-3.3562904940098743
41.20566380900004,2.602557244616539,-2.9592429182420137,-0.1974427641674863,-3.3592429182420136
41.22258659499971,2.6028533146924677,-2.9621952582984434,-0.1971466940915576,-3.3621952582984433
41.24207123099973,2.6031507847159507,-2.96515324582515,-0.1968492240680746,-3.36515324582515
41.25891012699981,2.603451104681092,-2.9681370459012504,-0.19654890410293335,-3.3681370459012503
41.27500003499995,2.603751395570164,-2.9711208489037184,-0.19624861321386122,-3.3711208489037183
41.29213847899996,2.604051657383139,-2.9741046548322703,-0.19594835140088618,-3.37410465483227
41.30861082399974,2.6043518901199882,-2.977088463686624,-0.19564811866403709,-3.377088463686624
41.32676771000001,2.6046503949812707,-2.9800549394751332,-0.19534961380275462,-3.380054939475133
41.34502683899996,2.604943422007399,-2.9829519382821976,-0.19505658677662652,-3.3829519382821975
41.36274828699993,2.60523866389599,-2.9858487122038766,-0.1947613448880352,-3.3858487122038765
41.38775454799975,2.605536120474461,-2.9887452595468385,-0.1944638883095644,-3.3887452595468384
41.407151743999975,2.6058357915689276,-2.9916415786178723,-0.1941642172150977,-3.391641578617872
41.426304343999846,2.606138561232147,-2.994546410045078,-0.19386144755187829,-3.394546410045078
41.445130988999836,2.6064476676416586,-2.9974999285429087,-0.19355234114236675,-3.3974999285429086
41.4644856970001,2.606757550926273,-3.0004533656320125,-0.1932424578577523,-3.4004533656320124
41.48230458100011,2.6070682110645533,-3.0034067211080533,-0.192931797719472,-3.403406721108053
41.49827382499984,2.607379648035001,-3.006359994766693,-0.19262036074902422,-3.4063599947666927
41.51425395000001,2.6076922621621272,-3.0093170654138137,-0.1923077466218981,-3.4093170654138136
41.53068195899982,2.60800695614144,-3.0122896014887464,-0.19199305264258548,-3.4122896014887463
41.545661279000115,2.6083219297001747,-3.0152621079521023,-0.1916780790838506,-3.415262107952102
41.56196735299977,2.6086371828355475,-3.018234584777584,-0.19136282594847787,-3.418234584777584
41.57832105000011,2.608952715544769,-3.021207031938899,-0.19104729323925618,-3.421207031938899
41.5929412590001,2.6092685278250465,-3.0241794494097496,-0.19073148095897885,-3.4241794494097495
41.60873738799978,2.6095846196735866,-3.0271518371638417,-0.19041538911043876,-3.4271518371638416
41.62293507299978,2.6099009910875908,-3.0301241951748814,-0.19009901769643456,-3.4301241951748813
41.639201806999836,2.6102180959656063,-3.0331011852413234,-0.18978191281841905,-3.4331011852413233
41.65520710299984,2.610535528631521,-3.036080159035542,-0.1894644801525045,-3.436080159035542
41.67145313099968,2.610852887694919,-3.039057380437357,-0.18914712108910647,-3.4390573804373568
41.692937523999944,2.611169765009449,-3.0420276122180376,-0.18883024377457636,-3.4420276122180375
41.708869440999706,2.611486974731453,-3.044997808517223,-0.18851303405257225,-3.444997808517223
41.72362210000006,2.6118045168569544,-3.047967969297712,-0.18819549192707097,-3.447967969297712
41.74165763399992,2.612122391381978,-3.050938094522305,-0.18787761740204711,-3.450938094522305
41.7598590959999,2.612440598302546,-3.0539081841538027,-0.18755941048147928,-3.4539081841538026
41.77770236499987,2.6127591376146686,-3.0568782381550057,-0.18724087116935673,-3.4568782381550056
41.79407109899989,2.613078009314355,-3.059848256488714,-0.18692199946967047,-3.459848256488714
41.81053530599979,2.6133969837423385,-3.0628159039741187,-0.1866030250416868,-3.4628159039741186
41.82557114499991,2.613716265060729,-3.065782507089725,-0.18628374372329626,-3.465782507089725
41.84292890799975,2.614035964557908,-3.068749065168932,-0.18596404422611723,-3.468749065168932
41.86073157099986,2.6143560822275207,-3.0717155781527903,-0.18564392655650463,-3.47171557815279
41.875571220999745,2.6146766180632093,-3.074682045982355,-0.18532339072081605,-3.474682045982355
41.89417457700006,2.614997254208843,-3.077647527647837,-0.18500275457518223,-3.4776475276478367
41.91099374500004,2.615317431325068,-3.080612640916954,-0.1846825774589571,-3.480612640916954
41.927299102000006,2.6156369806363546,-3.0835762245613183,-0.1843630281476707,-3.483576224561318
41.94484894199991,2.6159552580511685,-3.086533555871898,-0.18404475073285687,-3.486533555871898
41.9598047070001,2.6162728795561523,-3.089490957700004,-0.18372712922787304,-3.4894909577000037
41.9754974760001,2.6165898451356853,-3.092448429900161,-0.18341016364834006,-3.492448429900161
41.99231103299985,2.6169061547741737,-3.095405972326892,-0.18309385400985168,-3.4954059723268918
42.008463297999924,2.617221142562415,-3.0983569335535397,-0.18277886622161033,-3.4983569335535396
42.02617946899977,2.6175341017693734,-3.1012812217231542,-0.18246590701465193,-3.501281221723154
42.041040247999945,2.6178485565490193,-3.104205349448794,-0.18215145223500606,-3.5042053494487937
42.055785474999766,2.6181645068190984,-3.107129315965557,-0.18183550196492693,-3.5071293159655568
42.0705918189999,2.6184819524969654,-3.110053120508598,-0.18151805628705997,-3.510053120508598
42.08797815699995,2.618800893499583,-3.1129767623131213,-0.18119911528444232,-3.512976762313121
42.10428852600012,2.619121329743526,-3.1159002406143665,-0.18087867904049926,-3.5159002406143665
42.12232081099978,2.6194432611449745,-3.118823554647627,-0.18055674763905083,-3.5188235546476268
42.137650592,2.619770153565897,-3.1217817230552454,-0.1802298552181285,-3.5217817230552453
42.155264593999846,2.6200990091382774,-3.124758245659483,-0.1799009996457479,-3.524758245659483
42.17080628000008,2.620427327751672,-3.127731035187317,-0.17957268103235347,-3.527731035187317
42.18864178199988,2.6207543692685293,-3.1306887962034855,-0.179245639515496,-3.5306887962034854
42.203842140000006,2.621082031460487,-3.1336464885252906,-0.1789179773235383,-3.5336464885252905
42.2199238769997,2.621410314313114,-3.1366041120224866,-0.1785896944709111,-3.5366041120224865
42.236232984000026,2.621739217811956,-3.1395616665648327,-0.17826079097206948,-3.5395616665648326
42.25257316700004,2.6220687419425284,-3.1425191520220865,-0.17793126684149696,-3.5425191520220864
42.26939023999989,2.62239888669032,-3.145476568264011,-0.1776011220937055,-3.545476568264011
42.2853182299998,2.622729652040789,-3.1484339151603735,-0.17727035674323632,-3.5484339151603734
42.301356618,2.6230595911917196,-3.151381786573932,-0.17694041759230572,-3.551381786573932
42.316848248999804,2.6233881836904986,-3.154325708011841,-0.1766118250935267,-3.554325708011841
42.333514285999854,2.6237158118192347,-3.1572697369301945,-0.17628419696479058,-3.5572697369301944
42.34969546099978,2.6240424755427716,-3.1602138730130838,-0.17595753324125374,-3.5602138730130837
42.3646510799997,2.624368174826054,-3.163158115944589,-0.17563183395797122,-3.563158115944589
42.379622976999826,2.624692385768018,-3.1660925891423886,-0.17530762301600733,-3.5660925891423885
42.395914393999874,2.6250173478847185,-3.169022721565834,-0.1749826608993068,-3.569022721565834
42.412866813999926,2.6253436280155698,-3.171952707516724,-0.17465638076845558,-3.571952707516724
42.429722512000126,2.6256712260945494,-3.1748825464022015,-0.17432878268947594,-3.5748825464022014
42.445223826999836,2.626000142055371,-3.177812237629434,-0.17399986672865442,-3.577812237629434
42.46116612599985,2.62633312495738,-3.180769669507951,-0.17366688382664552,-3.580769669507951
42.47634848199982,2.626667447573998,-3.1837407178686776,-0.17333256121002716,-3.5837407178686775
42.49457232999998,2.627001507531151,-3.186711795773888,-0.17299850125287453,-3.586711795773888
42.51274828700002,2.6273353048262287,-3.1896829032003526,-0.17266470395779665,-3.5896829032003525
42.528540336000106,2.6276688394566188,-3.1926540401248533,-0.17233116932740655,-3.5926540401248532
42.5431394740001,2.6277688486257564,-3.1935453869510813,-0.1722311601582689,-3.593545386951081
42.55726039899969,2.6277688486257564,-3.1935453869511,-0.1722311601582689,-3.5935453869511
42.57318135499986,2.6277688486257564,-3.193545386951119,-0.1722311601582689,-3.593545386951119
42.58872346699968,2.6277688486257564,-3.193545386951132,-0.1722311601582689,-3.593545386951132
42.60324749999995,2.6277688486257573,-3.1935453869511505,-0.172231160158268,-3.5935453869511504
42.61713059899989,2.627768848625759,-3.1935453869511656,-0.17223116015826623,-3.5935453869511655
42.63122359699969,2.6277688486257618,-3.1935453869511843,-0.17223116015826356,-3.593545386951184
42.650057824999976,2.6277688486257627,-3.1935453869511945,-0.17223116015826267,-3.5935453869511944
42.66595432300005,2.6277688486257627,-3.1935453869512043,-0.17223116015826267,-3.593545386951204
42.68164841199973,2.6277688486257627,-3.1935453869512136,-0.17223116015826267,-3.5935453869512135
42.699367934000065,2.6277688486257627,-3.193545386951223,-0.17223116015826267,-3.593545386951223
42.715222994999976,2.627768848625765,-3.1935453869512322,-0.17223116015826045,-3.593545386951232
42.7317274049999,2.6277688486257698,-3.193545386951245,-0.17223116015825557,-3.593545386951245
42.74849982499995,2.627768848625778,-3.1935453869512638,-0.17223116015824713,-3.5935453869512637
42.765168500999835,2.6277688486257826,-3.193545386951274,-0.1722311601582427,-3.593545386951274
42.782004403999736,2.6277688486257826,-3.1935453869512727,-0.1722311601582427,-3.5935453869512726
42.799051069999905,2.6277688486257813,-3.1935453869512633,-0.17223116015824402,-3.5935453869512632
42.816946704999964,2.6277688486257795,-3.1935453869512562,-0.1722311601582458,-3.593545386951256
42.83421008499977,2.6277688486257795,-3.1935453869512562,-0.1722311601582458,-3.593545386951256
42.85427251399983,2.6277688486257795,-3.1935453869512567,-0.1722311601582458,-3.5935453869512566
42.87217781100003,2.6277688486257795,-3.1935453869512562,-0.1722311601582458,-3.593545386951256
42.88969024599987,2.6277688486257795,-3.1935453869512562,-0.1722311601582458,-3.593545386951256
42.918198945000086,2.6277688486257795,-3.1935453869512562,-0.1722311601582458,-3.593545386951256
42.93451086099981,2.6277688486257795,-3.1935453869512562,-0.1722311601582458,-3.593545386951256
42.95259373299973,2.6277688486257795,-3.1935453869512562,-0.1722311601582458,-3.593545386951256
42.969970558999876,2.6277688486257795,-3.1935453869512562,-0.1722311601582458,-3.593545386951256
42.99007287800009,2.6277688486257795,-3.1935453869512567,-0.1722311601582458,-3.5935453869512566
43.02036312799987,2.6277688486257795,-3.1935453869512562,-0.1722311601582458,-3.593545386951256
43.03955839200012,2.6277688486257795,-3.1935453869512562,-0.1722311601582458,-3.593545386951256
43.06117472999972,2.6277688486257795,-3.1935453869512562,-0.1722311601582458,-3.593545386951256
43.07912099999999,2.6277688486257795,-3.1935453869512562,-0.1722311601582458,-3.593545386951256
43.09812507599986,2.6277688486257795,-3.1935453869512562,-0.1722311601582458,-3.593545386951256
43.126806866999914,2.6277688486257795,-3.1935453869512562,-0.1722311601582458,-3.593545386951256
43.14567249099969,2.6277688486257795,-3.1935453869512562,-0.1722311601582458,-3.593545386951256
43.16682367999988,2.6277688486257795,-3.1935453869512562,-0.1722311601582458,-3.593545386951256
43.18740433400012,2.6277688486257795,-3.1935453869512562,-0.1722311601582458,-3.593545386951256
43.206884791999755,2.6277688486257795,-3.1935453869512562,-0.1722311601582458,-3.593545386951256
43.23348426300004,2.6277688486257795,-3.1935453869512562,-0.1722311601582458,-3.593545386951256
43.25040940199983,2.6277688486257795,-3.1935453869512562,-0.1722311601582458,-3.593545386951256
43.26869813999997,2.6277688486257795,-3.1935453869512562,-0.1722311601582458,-3.593545386951256
43.286405092999985,2.6277688486257795,-3.1935453869512562,-0.1722311601582458,-3.593545386951256
43.30392105199985,2.6277688486257795,-3.1935453869512562,-0.1722311601582458,-3.593545386951256
43.33564047100003,2.6277688486257795,-3.1935453869512562,-0.1722311601582458,-3.593545386951256
43.35201523499995,2.6277688486257795,-3.1935453869512562,-0.1722311601582458,-3.593545386951256
43.37135950900006,2.62776884862578,-3.1935453869512567,-0.17223116015824536,-3.5935453869512566
43.38662551399989,2.6277688486257795,-3.1935453869512562,-0.1722311601582458,-3.593545386951256
43.402118430999735,2.6277688486257795,-3.1935453869512562,-0.1722311601582458,-3.593545386951256
43.43322880699975,2.6277688486257795,-3.1935453869512562,-0.1722311601582458,-3.593545386951256
43.44906273099991,2.6277688486257795,-3.1935453869512562,-0.1722311601582458,-3.593545386951256
43.465719430000036,2.6277688486257795,-3.1935453869512562,-0.1722311601582458,-3.593545386951256
43.48434675900012,2.6277688486257795,-3.1935453869512562,-0.1722311601582458,-3.593545386951256
43.50119132299983,2.62776884862578,-3.1935453869512567,-0.17223116015824536,-3.5935453869512566
43.52910007500009,2.6277688486257795,-3.1935453869512562,-0.1722311601582458,-3.593545386951256
43.54416174499988,2.6277688486257795,-3.1935453869512562,-0.1722311601582458,-3.593545386951256
43.560787598999696,2.6277688486257795,-3.1935453869512562,-0.1722311601582458,-3.593545386951256
43.57581716399977,2.6277688486257795,-3.1935453869512562,-0.1722311601582458,-3.593545386951256
43.59230202399999,2.6277688486257795,-3.1935453869512562,-0.1722311601582458,-3.593545386951256
43.6270187409998,2.6277688486257795,-3.1935453869512562,-0.1722311601582458,-3.593545386951256
43.64257857999996,2.6277688486257795,-3.1935453869512562,-0.1722311601582458,-3.593545386951256
43.658622652000076,2.6277688486257795,-3.1935453869512562,-0.1722311601582458,-3.593545386951256
43.673653006999984,2.6277688486257795,-3.1935453869512562,-0.1722311601582458,-3.593545386951256
43.68972301500003,2.6277688486257795,-3.1935453869512562,-0.1722311601582458,-3.593545386951256
43.72583544299982,2.6277688486257795,-3.1935453869512562,-0.1722311601582458,-3.593545386951256
43.741508394999755,2.6277688486257795,-3.1935453869512562,-0.1722311601582458,-3.593545386951256
43.754279474999976,2.6277688486257795,-3.1935453869512562,-0.1722311601582458,-3.593545386951256
43.7676004540001,2.6277688486257795,-3.1935453869512562,-0.1722311601582458,-3.593545386951256
43.78128731499987,2.6277688486257795,-3.1935453869512562,-0.1722311601582458,-3.593545386951256
43.81178967699975,2.6277688486257795,-3.1935453869512562,-0.1722311601582458,-3.593545386951256
43.826282757999934,2.6277688486257795,-3.1935453869512562,-0.1722311601582458,-3.593545386951256
43.84114226099996,2.62776884862578,-3.1935453869512567,-0.17223116015824536,-3.5935453869512566
43.855158959999926,2.6277688486257795,-3.1935453869512562,-0.1722311601582458,-3.593545386951256
43.86822531299981,2.6277688486257795,-3.1935453869512562,-0.1722311601582458,-3.593545386951256
43.90653505499972,2.6277688486257795,-3.1935453869512562,-0.1722311601582458,-3.593545386951256
43.92124321799997,2.6277688486257795,-3.1935453869512562,-0.1722311601582458,-3.593545386951256
43.936271544999954,2.6277688486257795,-3.1935453869512562,-0.1722311601582458,-3.593545386951256
43.95218597600001,2.6277688486257795,-3.1935453869512562,-0.1722311601582458,-3.593545386951256
43.966159366000056,2.62776884862578,-3.1935453869512562,-0.17223116015824536,-3.593545386951256
44.00266831299973,2.6277688486257795,-3.1935453869512562,-0.1722311601582458,-3.593545386951256
44.017201542000066,2.6277688486257795,-3.1935453869512562,-0.1722311601582458,-3.593545386951256
44.034190782999985,2.6277688486257795,-3.1935453869512562,-0.1722311601582458,-3.593545386951256
44.049296270999776,2.6277688486257795,-3.1935453869512562,-0.1722311601582458,-3.593545386951256
44.06523835699977,2.6277688486257795,-3.1935453869512562,-0.1722311601582458,-3.593545386951256
44.09815383599994,2.6277688486257795,-3.1935453869512562,-0.1722311601582458,-3.593545386951256
44.11314836099996,2.6277688486257795,-3.1935453869512562,-0.1722311601582458,-3.593545386951256
44.130341544999965,2.6277688486257795,-3.1935453869512562,-0.1722311601582458,-3.593545386951256
44.145776540999805,2.6277688486257795,-3.1935453869512562,-0.1722311601582458,-3.593545386951256
44.16047843899992,2.6277688486257795,-3.1935453869512562,-0.1722311601582458,-3.593545386951256
44.193807521999815,2.6277688486257795,-3.1935453869512562,-0.1722311601582458,-3.593545386951256
44.20913570500011,2.6277688486257795,-3.1935453869512562,-0.1722311601582458,-3.593545386951256
44.226071894999905,2.6277688486257795,-3.1935453869512562,-0.1722311601582458,-3.593545386951256
44.24074620499982,2.6277688486257795,-3.1935453869512562,-0.1722311601582458,-3.593545386951256
44.25547482499974,2.6277688486257795,-3.1935453869512562,-0.1722311601582458,-3.593545386951256
44.29409231099976,2.6277688486257795,-3.1935453869512562,-0.1722311601582458,-3.593545386951256
44.309690315000125,2.6277688486257795,-3.1935453869512562,-0.1722311601582458,-3.593545386951256
44.32523981200006,2.62776884862578,-3.1935453869512562,-0.17223116015824536,-3.593545386951256
44.33975666599986,2.6277688486257795,-3.1935453869512562,-0.1722311601582458,-3.593545386951256
44.3532796689999,2.6277688486257795,-3.1935453869512562,-0.1722311601582458,-3.593545386951256
44.38935818899995,2.6277688486257795,-3.1935453869512562,-0.1722311601582458,-3.593545386951256
44.4034298199997,2.6277688486257795,-3.1935453869512562,-0.1722311601582458,-3.593545386951256
44.418799529000125,2.6277688486257795,-3.1935453869512562,-0.1722311601582458,-3.593545386951256
44.43301154100004,2.6277688486257795,-3.1935453869512562,-0.1722311601582458,-3.593545386951256
44.44741416900001,2.62776884862578,-3.1935453869512562,-0.17223116015824536,-3.593545386951256
44.48050185299985,2.6277688486257795,-3.1935453869512562,-0.1722311601582458,-3.593545386951256
44.49514387299973,2.6277688486257795,-3.1935453869512562,-0.1722311601582458,-3.593545386951256
44.51089462999994,2.6277688486257795,-3.1935453869512562,-0.1722311601582458,-3.593545386951256
44.52452944099991,2.6277688486257795,-3.1935453869512562,-0.1722311601582458,-3.593545386951256
44.53889948699975,2.6277688486257795,-3.1935453869512562,-0.1722311601582458,-3.593545386951256
44.57123643399996,2.6277688486257795,-3.1935453869512562,-0.1722311601582458,-3.593545386951256
44.58673533299975,2.6277688486257795,-3.1935453869512562,-0.1722311601582458,-3.593545386951256
44.60255930500011,2.6277688486257795,-3.1935453869512562,-0.1722311601582458,-3.593545386951256
44.61717470200006,2.627873814210809,-3.1935480715705666,-0.1721261945732162,-3.5935480715705665
44.63272426499975,2.6283637210876094,-3.1935575660857944,-0.17163628769641592,-3.5935575660857944
44.664911386000085,2.6292536552883257,-3.1935682112778916,-0.17074635349569967,-3.5935682112778915
44.67968951999978,2.6305436396812216,-3.193573887121888,-0.1694563691028037,-3.593573887121888
44.69589958199981,2.6322336269085547,-3.1935684734893424,-0.16776638187547066,-3.5935684734893423
44.710908251999854,2.634314219403371,-3.193546378453374,-0.16568578938065448,-3.593546378453374
44.72664841799974,2.636517449819018,-3.1935079157506068,-0.1634825589650073,-3.5935079157506067
44.75971375799986,2.6387203622682183,-3.1934542465313265,-0.16127964651580706,-3.5934542465313264
44.77444692699987,2.6409228517980856,-3.193385373352488,-0.15907715698593972,-3.593385373352488
44.79047433699975,2.6431248134758856,-3.1933012994954026,-0.15687519530813976,-3.5933012994954026
44.80506463000006,2.645398760460086,-3.193199286749672,-0.15460124832393918,-3.593199286749672
44.82105698999999,2.647728506646839,-3.1930812442549708,-0.15227150213718632,-3.5930812442549707
44.854985644999715,2.65005753124903,-3.192949731032594,-0.14994247753499534,-3.592949731032594
44.87042406099977,2.652385756378778,-3.192804751480643,-0.14761425240524728,-3.5928047514806427
44.88893060799978,2.6547131041749417,-3.1926463104475613,-0.14528690460908367,-3.592646310447561
44.90556776299968,2.657083392645384,-3.1924714525364544,-0.14291661613864148,-3.5924714525364543
44.92088216699972,2.6594846453828453,-3.19228188570729,-0.14051536340117998,-3.59228188570729
44.950570967999965,2.661884895186406,-3.1920800165110443,-0.1381151135976193,-3.5920800165110442
44.96561057599979,2.6642840790276168,-3.1918658502486266,-0.13571592975640856,-3.5918658502486265
44.98167704899993,2.6666821339060194,-3.1916393925438546,-0.13331787487800595,-3.5916393925438546
44.99667774900013,2.6691245348978274,-3.1913964530152397,-0.1308754738861979,-3.5913964530152396
45.01148548700007,2.671592178834381,-3.191139756363822,-0.12840782994964428,-3.591139756363822
45.048556229999804,2.674058643101374,-3.1908719620619577,-0.12594136568265135,-3.5908719620619576
45.06329115199992,2.676523877789979,-3.1905930755284544,-0.12347613099404642,-3.5905930755284543
45.08065537900006,2.6789878330162455,-3.190303102406573,-0.12101217576777978,-3.590303102406573
45.09525011799974,2.681503630479958,-3.189995980190122,-0.11849637830406712,-3.589995980190122
45.10916057899999,2.684051506816559,-3.1896752085054088,-0.1159485019674662,-3.5896752085054087
45.13992015400004,2.6865981643025734,-3.1893448996359344,-0.11340184448145196,-3.5893448996359343
45.15588766399992,2.689143567238634,-3.18900505821201,-0.11085644154539143,-3.58900505821201
45.17091537900001,2.691687679942964,-3.1886556889975766,-0.10831232884106123,-3.5886556889975765
45.18598822299987,2.6941862237029275,-3.188302724297914,-0.10581378508109784,-3.5883027242979137
45.2017203099997,2.6966643024069503,-3.187941819070751,-0.10333570637707501,-3.587941819070751
45.22087193099992,2.699140807529196,-3.187570269577657,-0.1008592012548295,-3.587570269577657
45.238308898999776,2.701615693348815,-3.187188082678118,-0.0983843154352102,-3.587188082678118
45.254110311999966,2.7040889141748528,-3.1867952654280107,-0.09591109460917258,-3.5867952654280106
45.26833028199985,2.7066042817848337,-3.186385017487637,-0.09339572699919163,-3.586385017487637
45.284016952999764,2.7091431673390716,-3.1859612656672525,-0.09085684144495376,-3.5859612656672524
45.29986122300011,2.711680471128532,-3.1855281433487423,-0.08831953765549327,-3.5855281433487423
45.31596232900006,2.714216158568775,-3.185085656435733,-0.08578385021525037,-3.5850856564357327
45.33091688599984,2.7167501950973993,-3.1846338109594927,-0.08324981368662598,-3.5846338109594926
45.34608153399972,2.719372798008208,-3.184157195128031,-0.08062721077581747,-3.584157195128031
45.361368014999925,2.72208747711662,-3.1836578664523465,-0.0779125316674052,-3.5836578664523464
45.3830823830001,2.724801112712636,-3.183152897502673,-0.07519889607138941,-3.5831528975026727
45.39938219700002,2.7275136930774777,-3.1826422904597114,-0.07248631570654762,-3.5826422904597113
45.415175574999694,2.7302252064969577,-3.182126047528503,-0.06977480228706767,-3.582126047528503
45.42917415399984,2.7328681738679337,-3.181616618947327,-0.06713183491609165,-3.581616618947327
45.44537408099973,2.735480799050924,-3.1811051777106174,-0.06451920973310132,-3.5811051777106173
45.46786088199974,2.738091915811003,-3.1805860902896064,-0.061908092973022466,-3.5805860902896063
45.4863179649999,2.7407015017706717,-3.1800593611329164,-0.059298507013353596,-3.5800593611329163
45.50141353599997,2.7433095345655603,-3.1795249947546615,-0.05669047421846507,-3.5795249947546615
45.51836069399974,2.74596621745216,-3.1789730132822616,-0.054033791331865366,-3.5789730132822615
45.53412985399996,2.7486521979511815,-3.17840867382304,-0.05134781083284379,-3.57840867382304
45.55014809699992,2.7513369228545708,-3.177838391033996,-0.048663085929454564,-3.5778383910339957
45.565155101999835,2.7540203790114033,-3.177262167708617,-0.045979629772622044,-3.577262167708617
45.57966157099986,2.7567025532769724,-3.17668000666949,-0.043297455507052884,-3.57668000666949
45.59437786300009,2.7593803138743396,-3.176092568856826,-0.040619694909685755,-3.5760925688568257
45.60814488999972,2.7620554116232428,-3.1754993997555063,-0.03794459716078258,-3.5754993997555062
45.62292203999982,2.764729166353886,-3.1749002059727367,-0.035270842430139115,-3.5749002059727366
45.63652359599996,2.767401564497891,-3.174294990549217,-0.03259844428613423,-3.574294990549217
45.651162429999886,2.7700725924937637,-3.173683756556205,-0.029927416290261633,-3.5736837565562047
45.66452089399968,2.7728178797431897,-3.173049863086324,-0.027182129040835612,-3.573049863086324
45.67807946300013,2.7756246632448445,-3.1723985888365367,-0.02437534553918086,-3.5723985888365366
45.69414717199993,2.7784307755718114,-3.1717444287780707,-0.021569233212213934,-3.5717444287780706
45.70857134899984,2.7812362137570257,-3.171087383602611,-0.018763795026999652,-3.571087383602611
45.723456208000016,2.7840409748341415,-3.170427454004887,-0.01595903394988385,-3.570427454004887
45.73805302799997,2.786877160869436,-3.1697573648603212,-0.013122847914589286,-3.569757364860321
45.75126330399985,2.78972942350834,-3.1690816274016194,-0.010270585275685473,-3.5690816274016193
45.769195438,2.792581282810729,-3.168404189733822,-0.007418725973296514,-3.568404189733822
45.783762950999744,2.7954327377631265,-3.167725052097676,-0.004567271020898822,-3.5677250520976758
45.797929539999814,2.798283787352193,-3.1670442147345277,-0.0017162214318324764,-3.5670442147345276
45.811032982999905,2.801099324848997,-3.1663697630837913,0.0010993160649714895,-3.566369763083791
45.82491748699999,2.803899160257106,-3.1656960412234456,0.003899151473080842,-3.5656960412234455
45.844494470999734,2.806698292034922,-3.1650194019192153,0.006698283250896608,-3.565019401919215
45.85947068399969,2.8094967171424527,-3.1643398459059644,0.00949670835842742,-3.5643398459059643
45.87346527099976,2.812294432540476,-3.163657373921722,0.012294423756450623,-3.563657373921722
45.886817646999816,2.815095166385376,-3.1629711063286785,0.015095157601350717,-3.5629711063286784
45.90090035199978,2.8178968102344326,-3.1622816552486244,0.017896801450407285,-3.5622816552486243
45.921533403999774,2.8206977669186237,-3.1615894177879094,0.0206977581345984,-3.5615894177879093
45.94419671199989,2.823498033666753,-3.1608943946314145,0.023498024882727453,-3.5608943946314144
45.96078509599988,2.8262976077083,-3.1601965864667823,0.026297598924274634,-3.560196586466782
45.97657024599971,2.8291236822479537,-3.1594894484403495,0.029123673463928412,-3.5594894484403494
45.99096699100005,2.8319625344989117,-3.158777154925972,0.031962525714886336,-3.558777154925972
46.00442009499989,2.834809731840867,-3.158060891403162,0.0348097230568416,-3.5580608914031617
46.019357268999784,2.837707414285762,-3.1573315208767694,0.03770740550173679,-3.5573315208767693
46.03353406099973,2.8406051721456183,-3.156602450028447,0.04060516336159292,-3.5566024500284468
46.04929200399988,2.84350300538944,-3.1558736788659876,0.04350299660541479,-3.5558736788659875
46.06341894000002,2.8464009139862365,-3.1551452073971933,0.046400905202211185,-3.555145207397193
46.077910134999684,2.8492988979050105,-3.1544170356298484,0.04929888912098512,-3.5544170356298483
46.092189108999946,2.8521969571147685,-3.1536891635717446,0.052196948330743176,-3.5536891635717445
46.10645791799993,2.855095091584514,-3.1529615912306674,0.055095082800488804,-3.5529615912306673
46.1191532979999,2.857983453556417,-3.152236540409433,0.05798344477239148,-3.552236540409433
46.13296754199996,2.860867465748604,-3.1515119269005254,0.060867456964578626,-3.5515119269005253
46.151395384000125,2.863751312384614,-3.150786654784727,0.06375130360058856,-3.550786654784727
46.166499606000116,2.866634993314043,-3.150060724099862,0.0666349845300176,-3.550060724099862
46.17969763199994,2.8695185083864967,-3.1493341348837918,0.06951849960247136,-3.5493341348837917
46.19325126099989,2.872341631703432,-3.1486215203333403,0.07234162291940649,-3.54862152033334
46.20666374000007,2.875138320128042,-3.1479127111940812,0.07513831134401672,-3.547912711194081
46.22381480299987,2.8779343014144,-3.1472011177802584,0.07793429263037455,-3.5472011177802583
46.23853058899999,2.8807295727905884,-3.14648674079734,0.08072956400656306,-3.5464867407973397
46.2518948039999,2.8835241314853954,-3.145769580953554,0.08352412270137011,-3.545769580953554
46.26491647999978,2.8863726087169557,-3.1450361529888156,0.08637259993293034,-3.5450361529888155
46.278427243000124,2.889256041555098,-3.1442930225127435,0.08925603277107275,-3.5442930225127434
46.29587803399977,2.892139330425451,-3.1435493336485973,0.09213932164142546,-3.5435493336485973
46.3104017359999,2.8950224752198777,-3.14280508642427,0.09502246643585233,-3.54280508642427
46.32356268699982,2.8979054758302514,-3.1420602808676703,0.09790546704622605,-3.54206028086767
46.33679591299983,2.9007516341700184,-3.1413240600072942,0.10075162538599303,-3.541324060007294
46.350790513999755,2.903581630637668,-3.14059008156088,0.1035816218536425,-3.5405900815608797
46.367123924,2.9064111406763207,-3.1398542301438916,0.10641113189229534,-3.5398542301438916
46.38400956300006,2.909240163046389,-3.1391165060787,0.10924015426236355,-3.5391165060786998
46.402573988000086,2.9120686965085043,-3.138376909688494,0.11206868772447898,-3.538376909688494
46.41999730900011,2.9149211322922355,-3.13762928473134,0.11492112350821015,-3.5376292847313398
46.438959191000095,2.917784917320131,-3.1368776025152,0.11778490853610579,-3.5368776025152
46.459735537999904,2.9206496613046236,-3.136124631155154,0.12064965252059823,-3.536124631155154
46.47689733399989,2.923519031868623,-3.1353695149082283,0.12351902308459772,-3.5353695149082283
46.4930545159998,2.9263881867925825,-3.1346135797243435,0.12638817800855717,-3.5346135797243434
46.5124391439997,2.9292571258427738,-3.1338568256650823,0.12925711705874843,-3.533856825665082
46.53692058799993,2.9321258487854838,-3.133099252792088,0.13212584000145844,-3.5330992527920877
46.555814748999865,2.934986265525846,-3.1323429790676416,0.13498625674182074,-3.5323429790676415
46.57525773199973,2.937813945188963,-3.1315937503684026,0.13781393640493755,-3.5315937503684025
46.59296944199991,2.9406411389152987,-3.1308426900813915,0.14064113013127333,-3.5308426900813914
46.61008920600011,2.9434678455184713,-3.130089798521778,0.14346783673444596,-3.530089798521778
46.6259628309997,2.946294063812302,-3.1293350760055008,0.14629405502827675,-3.5293350760055007
46.64128142000004,2.9491282312782956,-3.128576291654294,0.14912822249427027,-3.5285762916542938
46.658322075000115,2.952009065353304,-3.1278040576903985,0.15200905656927866,-3.5278040576903984
46.67803538599969,2.9548897825469855,-3.12703138783025,0.1548897737629602,-3.5270313878302497
46.69528932699973,2.9577703827933792,-3.126258282091544,0.1577703740093539,-3.526258282091544
46.70998561400006,2.960650866026534,-3.1254847404919763,0.1606508572425085,-3.5254847404919762
46.72492073799981,2.96353129185229,-3.124710747176388,0.1635312830682647,-3.524710747176388
46.74234832499974,2.966411840456338,-3.1239362591412374,0.16641183167231288,-3.5239362591412373
46.75740242500001,2.9692922739114342,-3.123161342960194,0.16929226512740891,-3.523161342960194
46.771708337000064,2.9721725921539397,-3.1223859986503775,0.17217258336991437,-3.5223859986503774
46.785051495999824,2.9750527951202206,-3.121610226228916,0.17505278633619525,-3.521610226228916
46.79964444899974,2.977932882746645,-3.120834025712945,0.1779328739626198,-3.520834025712945
46.81446311700006,2.980812854969583,-3.120057397119621,0.1808128461855576,-3.5200573971196207
46.82892462599989,2.9836927117254106,-3.119280340466096,0.1836927029413853,-3.519280340466096
46.842230054999845,2.986532444606482,-3.1185132785625616,0.1865324358224565,-3.5185132785625615
46.85639342699983,2.9893545850801266,-3.117749034855091,0.1893545762961013,-3.517749034855091
46.87673694,2.992176220162787,-3.1169829273184457,0.1921762113787615,-3.5169829273184456
46.89330400499989,2.9949973486235297,-3.11621495628684,0.1949973398395044,-3.51621495628684
46.90928579599972,2.997817969231647,-3.1154451220952986,0.19781796044762157,-3.5154451220952985
46.9246739849998,3.000678261849055,-3.114663002742566,0.20067825306502973,-3.514663002742566
46.94028206300004,3.003560842232873,-3.113874996422756,0.20356083344884768,-3.513874996422756
46.95500193399971,3.0064435021781755,-3.113087281202012,0.20644349339415013,-3.513087281202012
46.970567297000116,3.009326241655565,-3.1122998570883675,0.20932623287153973,-3.5122998570883674
46.98523348499998,3.0122090606356435,-3.1115127240898564,0.2122090518516182,-3.5115127240898563
46.999267708999696,3.015073814738507,-3.1107310096951606,0.21507380595448167,-3.5107310096951605
47.012938517000066,3.01793102605653,-3.109952348605779,0.21793101727250486,-3.509952348605779
47.02785389399992,3.0207884976120263,-3.109174643059011,0.22078848882800095,-3.5091746430590107
47.04299468499971,3.023646229085434,-3.108397893141825,0.22364622030140868,-3.508397893141825
47.057522371999994,3.0265042201571575,-3.1076220989410905,0.22650421137313215,-3.5076220989410904
47.07065929999976,3.0293295299833685,-3.1068565017100065,0.22932952119934313,-3.5068565017100064
47.08523404599987,3.032141251312296,-3.1060968197500345,0.23214124252827073,-3.5060968197500344
47.10389335600007,3.034953547656977,-3.1053392692358455,0.23495353887295156,-3.5053392692358454
47.12027861999991,3.0377664174016523,-3.1045838506026793,0.237766408617627,-3.504583850602679
47.13465353600009,3.0405798589302377,-3.1038305642845465,0.24057985014621242,-3.5038305642845464
47.149331460999974,3.0434447205993354,-3.103065281657704,0.24344471181531002,-3.5030652816577037
47.166523436000034,3.0463412838361204,-3.1022916836155257,0.24634127505209502,-3.5022916836155256
47.186697001999846,3.0492378598905816,-3.1015181335678372,0.24923785110655627,-3.501518133567837
47.20198964899987,3.0521344487619237,-3.1007446315148504,0.2521344399778984,-3.5007446315148503
47.21712720499977,3.0550310504493505,-3.099971177456778,0.2550310416653252,-3.499971177456778
47.231699545999845,3.0578697750135286,-3.099213777200921,0.2578697662295033,-3.499213777200921
47.24681602299984,3.0606841758526606,-3.0984650621208663,0.2606841670686353,-3.498465062120866
47.2644605539997,3.0634991450238513,-3.097718486659409,0.263499136239826,-3.497718486659409
47.28026236999972,3.06631468090048,-3.0969740512479578,0.2663146721164549,-3.4969740512479577
47.295368256999836,3.0691307818555966,-3.0962317563166812,0.2691307730715713,-3.496231756316681
47.30931505300009,3.071953781432763,-3.0954898781728373,0.27195377264873777,-3.495489878172837
47.324813305999896,3.0747800083357433,-3.0947492130307097,0.27477999955171795,-3.4947492130307096
47.34387149400004,3.0776067374084297,-3.0940104667213935,0.2776067286244044,-3.4940104667213934
47.3597231389997,3.0804339673480534,-3.0932736395853597,0.2804339585640281,-3.4932736395853596
47.37389339300012,3.0832616968516144,-3.0925387319621933,0.2832616880675891,-3.492538731962193
47.38754536100009,3.086116716201208,-3.0917985358241427,0.28611670741718287,-3.4917985358241426
47.40168644599976,3.0889850494519058,-3.0910559191584834,0.28898504066788044,-3.4910559191584833
47.42155681700001,3.091853621288239,-3.0903142246331043,0.2918536125042137,-3.4903142246331043
47.43743456199968,3.094722431413748,-3.089573452324658,0.2947224226297225,-3.4895734523246578
47.45117898400008,3.0975914795319466,-3.0888336023097005,0.29759147074792125,-3.4888336023097004
47.464581487999794,3.1004402567670577,-3.088100150163001,0.30044024798303237,-3.488100150163001
47.47861061799972,3.1032806428986963,-3.0873705935673508,0.303280634114671,-3.4873705935673507
47.495776205000084,3.106121454807642,-3.0866426966645824,0.3061214460236168,-3.4866426966645823
47.51072823799973,3.1089626915241046,-3.0859164597031836,0.3089626827400793,-3.4859164597031835
47.52390796099985,3.111804352078146,-3.085191882931077,0.31180434329412066,-3.485191882931077
47.537238593999746,3.1146495688926468,-3.0844681400842737,0.31464956010862144,-3.4844681400842736
47.55112831600013,3.1174965264377543,-3.083745608837674,0.317496517653729,-3.483745608837674
47.571776291000106,3.120343876731026,-3.083024626886887,0.32034386794700076,-3.4830246268868867
47.58720004599968,3.1231916189293454,-3.0823051944453996,0.32319161014532005,-3.4823051944453995
47.60314742200012,3.126039752189481,-3.0815873117262393,0.3260397434054556,-3.4815873117262393
47.61660393099987,3.128921167012932,-3.080862227580538,0.32892115822890666,-3.480862227580538
47.6311373420001,3.131819686329684,-3.080132631960931,0.33181967754565855,-3.480132631960931
47.648860675999686,3.1347181356584026,-3.0794027583509154,0.3347181268743773,-3.4794027583509153
47.664542905999724,3.1376165149724247,-3.0786726067572086,0.33761650618839933,-3.4786726067572085
47.679056505999824,3.1405148242450895,-3.0779421771865234,0.3405148154610642,-3.4779421771865233
47.694396494999864,3.1433913493660546,-3.077217295793413,0.34339134058202925,-3.477217295793413
47.708301831999734,3.146258787583997,-3.0764957817020195,0.3462587787999718,-3.4764957817020194
47.72747210600005,3.149126495610847,-3.075775340732516,0.34912648682682157,-3.475775340732516
47.74273706300005,3.151994473044996,-3.075055972985801,0.3519944642609705,-3.475055972985801
47.756020333999686,3.1548627194847954,-3.0743376785626175,0.35486271070077,-3.4743376785626174
47.77005442099994,3.1577464571396967,-3.073616237569993,0.3577464483556714,-3.473616237569993
47.784403152000095,3.1606368412,-3.0728926663791762,0.3606368324159748,-3.472892666379176
47.80520777600009,3.163527097139417,-3.0721685835877053,0.3635270883553918,-3.472168583587705
47.820501512999954,3.166417224867394,-3.07144398921827,0.36641721608336875,-3.47144398921827
47.83408575999988,3.1693072242933806,-3.0707188832935723,0.3693072155093553,-3.4707188832935723
47.847978141999874,3.17217818620595,-3.0699984591751743,0.3721781774219246,-3.4699984591751742
47.864835934999746,3.1750412810097566,-3.069281205463817,0.37504127222573125,-3.469281205463817
47.89116498499993,3.177900546536146,-3.0685661967611986,0.3779005377521205,-3.4685661967611985
47.91005250400008,3.180743669295447,-3.067856872559389,0.38074366051142183,-3.467856872559389
47.92613356800007,3.183587220192974,-3.06714926663736,0.38358721140894847,-3.46714926663736
47.942297988999826,3.1864311981902635,-3.06644337925353,0.3864311894062382,-3.46644337925353
47.95694393300005,3.189275602248693,-3.065739210665688,0.38927559346466767,-3.465739210665688
47.97584986200013,3.192120431329487,-3.0650367611309974,0.39212042254546153,-3.4650367611309973
47.99483934199975,3.1949656843937118,-3.064336030905991,0.39496567560968643,-3.464336030905991
48.01168200500001,3.1978113604022806,-3.0636370202465777,0.3978113516182553,-3.4636370202465776
48.02910747999999,3.200686685712156,-3.0629322773966225,0.40068667692813076,-3.4629322773966225
48.046948435999866,3.2035768463283523,-3.062224600305996,0.40357683754432694,-3.462224600305996
48.06903926500013,3.20646547446757,-3.061517951933982,0.40646546568354447,-3.461517951933982
48.087335693999876,3.209347554167877,-3.060813709154437,0.40934754538385176,-3.460813709154437
48.10379123300004,3.2122298359318573,-3.0601102938258458,0.41222982714783196,-3.4601102938258457
48.119288650000044,3.215112319521946,-3.0594077060061817,0.4151123107379209,-3.4594077060061816
48.13512197399973,3.217995004700565,-3.0587059457533536,0.41799499591653966,-3.4587059457533536
48.15124254899979,3.2208799093478033,-3.058004493042347,0.420879900563778,-3.458004493042347
48.16845441700002,3.2237728838939614,-3.0573009494721153,0.4237728751099361,-3.457300949472115
48.186378962999925,3.226665719932692,-3.0565968366026386,0.42666571114866647,-3.4565968366026385
48.20385909599986,3.229558417351961,-3.055892154461185,0.4295584085679356,-3.4558921544611847
48.220406220000086,3.2324509760397455,-3.0551869030750454,0.4324509672557202,-3.4551869030750453
48.23505754699977,3.2353418368616507,-3.0544814587925,0.43534182807762534,-3.4544814587925
48.25120804199992,3.238226293477572,-3.053776831246637,0.43822628469354674,-3.453776831246637
48.268953008999915,3.2411105623565155,-3.0530714356260975,0.4411105535724902,-3.4530714356260974
48.2846865250001,3.2439946432939584,-3.0523652719808987,0.44399463450993304,-3.4523652719808986
48.30007210400004,3.2468785360853882,-3.051658340361114,0.4468785273013629,-3.451658340361114
48.316044134999856,3.2497669182554163,-3.0509495058927936,0.449766909471391,-3.4509495058927935
48.33212645599974,3.252675232870151,-3.050235421147512,0.4526752240861258,-3.4502354211475117
48.3461648,3.2555835146637837,-3.0495212027421554,0.4555835058797584,-3.4495212027421553
48.35997008499976,3.2584917636301682,-3.048806850678231,0.4584917548461429,-3.448806850678231
48.37473219499975,3.261399979763166,-3.0480923649572595,0.46139997097914076,-3.4480923649572595
48.4004802879997,3.264308163056635,-3.0473777455807345,0.46430815427260974,-3.4473777455807344
48.418957845999785,3.26721631350443,-3.0466629925501723,0.46721630472040454,-3.446662992550172
48.43429729800005,3.2701244311004114,-3.0459481058670828,0.47012442231638607,-3.4459481058670827
48.45068596199985,3.273028897486577,-3.0452340795651938,0.4730288887025518,-3.4452340795651937
48.466797884000016,3.2759318642594355,-3.0445206872254795,0.47593185547541017,-3.4445206872254794
48.48216068999977,3.2788210678081984,-3.043810911515957,0.47882105902417305,-3.443810911515957
48.4984105609999,3.281654684699571,-3.0431134312534236,0.48165467591554556,-3.4431134312534235
48.51361083300003,3.284487806383356,-3.04241394220526,0.4844877975993307,-3.4424139422052598
48.52886807999971,3.2873204314355107,-3.0417124447230557,0.48732042265148534,-3.4417124447230556
48.544575614999985,3.290152558432232,-3.041008939159414,0.49015254964820665,-3.441008939159414
48.55995358599989,3.292984185949969,-3.040303425867951,0.49298417716594356,-3.440303425867951
48.57564366599968,3.295815312565418,-3.039595905203285,0.4958153037813928,-3.439595905203285
48.59064435799996,3.298645936855531,-3.0388863775210497,0.49864592807150565,-3.4388863775210496
48.60590196699991,3.3015184797376618,-3.038164794561779,0.5015184709536364,-3.438164794561779
48.6194156250001,3.3044150918005215,-3.037437410850262,0.5044150830164962,-3.437437410850262
48.63856924800007,3.3073117886665595,-3.0367103649282186,0.5073117798825342,-3.4367103649282185
48.65471178499979,3.3102085702963837,-3.0359836568055307,0.5102085615123584,-3.4359836568055306
48.66870813899982,3.313105436650604,-3.035257286492085,0.5131054278665785,-3.4352572864920847
48.686808209999754,3.3159934791376937,-3.034533226516058,0.5159934703536684,-3.434533226516058
48.71369422900011,3.31887757522136,-3.0338094998573517,0.5188775664373346,-3.4338094998573516
48.73219429599999,3.3217649801927016,-3.0330842567463665,0.5217649714086763,-3.4330842567463664
48.7499145459999,3.3246662515590804,-3.0323554606314533,0.524666242775055,-3.4323554606314532
48.76837631800004,3.32756757718913,-3.0316268805693385,0.5275675684051047,-3.4316268805693384
48.787283436999815,3.3304689570667585,-3.0308985165640654,0.5304689482827332,-3.4308985165640653
48.80549654799984,3.3333703911758743,-3.0301703686196633,0.533370382391849,-3.430170368619663
48.82213623199982,3.336261278612804,-3.0294451246760326,0.5362612698287785,-3.4294451246760325
48.838006306000125,3.3391100190504135,-3.0287316561789646,0.5391100102663882,-3.4287316561789645
48.85237160700012,3.3419591503077206,-3.028019749966208,0.5419591415236953,-3.4280197499662077
48.86745928300002,3.3448086715279586,-3.0273094062518395,0.5448086627439332,-3.4273094062518394
48.88195170599988,3.3476585818542337,-3.0266006252494715,0.5476585730702084,-3.4266006252494714
48.899872855999774,3.3505088804295364,-3.025893407172246,0.5505088716455111,-3.425893407172246
48.91554870799996,3.353359566396739,-3.0251877522328336,0.5533595576127137,-3.4251877522328336
48.93010392600013,3.3562106388986006,-3.0244836606434338,0.5562106301145753,-3.4244836606434337
48.94435293799984,3.359091429312521,-3.0237736122405168,0.5590914205284956,-3.4237736122405167
48.95829627299986,3.361987087284547,-3.023060426464134,0.5619870785005219,-3.4230604264641338
48.97984366600008,3.3648828552923953,-3.0223476876007824,0.56488284650837,-3.4223476876007823
48.997366017000104,3.3677787332670848,-3.0216353956674413,0.5677787244830594,-3.4216353956674412
49.01221778200011,3.37067472113964,-3.020923550681077,0.5706747123556148,-3.420923550681077
49.02665181599991,3.373554574961384,-3.0202162973063187,0.5735545661773584,-3.4202162973063186
49.041654996999796,3.376427700432411,-3.0195117710047836,0.5764276916483855,-3.4195117710047835
49.062750065000046,3.379301080673227,-3.018808284492111,0.5793010718892018,-3.418808284492111
49.08001916199987,3.38217471530753,-3.0181058378604306,0.5821747065235048,-3.4181058378604305
49.094969156999696,3.3850486039589844,-3.0174044312017356,0.5850485951749591,-3.4174044312017355
49.111152232999984,3.3878802710812264,-3.0167148085197213,0.587880262297201,-3.416714808519721
49.12514252999995,3.3906942981289556,-3.01603210923578,0.5906942893449303,-3.41603210923578
49.14419518,3.3935089413974424,-3.01535195498209,0.5935089326134171,-3.41535195498209
49.16015811500006,3.3963241985849377,-3.0146743463148655,0.5963241898009124,-3.4146743463148654
49.173695997000095,3.3991400673891947,-3.0139992837882383,0.5991400586051694,-3.4139992837882382
49.187680556999794,3.4019790418081137,-3.0133211815315812,0.6019790330240884,-3.413321181531581
49.20216687199968,3.4048290813067537,-3.012642306972426,0.6048290725227283,-3.412642306972426
49.22344547199987,3.4076795334373444,-3.011965167059198,0.6076795246533191,-3.411965167059198
49.239390329000116,3.4105303971441114,-3.0112897620427006,0.6105303883600861,-3.4112897620427005
49.25451636599996,3.41338167137113,-3.010616092173097,0.6133816625871047,-3.410616092173097
49.26857640000003,3.4162428286975492,-3.0099411154233717,0.6162428199135239,-3.4099411154233716
49.28358272599985,3.419107828102686,-3.009263912093645,0.6191078193186605,-3.4092639120936448
49.30158192199974,3.4219724981915496,-3.0085853170573396,0.6219724894075243,-3.4085853170573395
49.320446646999926,3.4248368382880847,-3.0079053304746024,0.6248368295040594,-3.4079053304746023
49.33670290899977,3.4277008477163324,-3.0072239525059024,0.6277008389323071,-3.4072239525059023
49.35051977499984,3.4305826606168703,-3.0065370337153885,0.630582651832845,-3.4065370337153884
49.365230371999814,3.433472540726861,-3.005847393809378,0.6334725319428358,-3.405847393809378
49.380965695999976,3.4363622475865516,-3.0051570283154976,0.6363622388025263,-3.4051570283154975
49.396337239000104,3.4392517810137613,-3.0044659372772693,0.639251772229736,-3.404465937277269
49.41145310499974,3.4421411408263234,-3.0037741207382656,0.6421411320422981,-3.4037741207382655
49.42457491999971,3.443152375710775,-3.003531813558072,0.6431523669267496,-3.403531813558072
49.43900223300011,3.443152375710794,-3.0035318135580678,0.6431523669267687,-3.4035318135580677
49.45766272600008,3.4431523757108127,-3.00353181355806,0.6431523669267873,-3.40353181355806
49.472677147999775,3.4431523757108256,-3.003531813558055,0.6431523669268002,-3.403531813558055
49.48668250500009,3.4431523757108446,-3.003531813558047,0.6431523669268193,-3.403531813558047
49.50041536899994,3.4431523757108593,-3.003531813558041,0.643152366926834,-3.403531813558041
49.516490951999685,3.443152375710878,-3.0035318135580336,0.6431523669268526,-3.4035318135580335
49.540230821999785,3.4431523757108886,-3.0035318135580304,0.6431523669268633,-3.4035318135580304
49.5570515349998,3.4431523757108984,-3.003531813558028,0.643152366926873,-3.4035318135580277
49.57208401499997,3.4431523757109175,-3.0035318135580216,0.6431523669268921,-3.4035318135580215
49.586175308000065,3.443152375710936,-3.0035318135580154,0.6431523669269108,-3.4035318135580153
49.60014563599975,3.443152375710955,-3.0035318135580087,0.6431523669269295,-3.4035318135580086
49.62084707400004,3.4431523757109717,-3.003531813558003,0.6431523669269463,-3.403531813558003
49.6368664109998,3.443152375710981,-3.0035318135580007,0.6431523669269557,-3.4035318135580006
49.65127077500006,3.4431523757109757,-3.003531813558002,0.6431523669269503,-3.403531813558002
49.665785728999936,3.443152375710966,-3.003531813558005,0.6431523669269406,-3.403531813558005
49.67975434300001,3.4431523757109566,-3.003531813558008,0.6431523669269312,-3.4035318135580077
49.700272666000046,3.4431523757109566,-3.003531813558008,0.6431523669269312,-3.4035318135580077
49.715069948000064,3.443152375710957,-3.003531813558008,0.6431523669269317,-3.4035318135580077
49.73088237499974,3.4431523757109566,-3.003531813558008,0.6431523669269312,-3.4035318135580077
49.74579350099998,3.4431523757109566,-3.003531813558008,0.6431523669269312,-3.4035318135580077
49.76078457400013,3.443152375710957,-3.003531813558008,0.6431523669269317,-3.4035318135580077
49.793089542999724,3.4431523757109566,-3.003531813558008,0.6431523669269312,-3.4035318135580077
49.80942145499989,3.4431523757109566,-3.003531813558008,0.6431523669269312,-3.4035318135580077
49.8255479070001,3.4431523757109566,-3.003531813558008,0.6431523669269312,-3.4035318135580077
49.84037279099971,3.443152375710957,-3.0035318135580074,0.6431523669269317,-3.4035318135580073
49.854724986000065,3.4431523757109566,-3.003531813558008,0.6431523669269312,-3.4035318135580077
49.88919043200008,3.4431523757109566,-3.003531813558008,0.6431523669269312,-3.4035318135580077
49.90465997999968,3.443152375710957,-3.0035318135580074,0.6431523669269317,-3.4035318135580073
49.922113486999706,3.4431523757109566,-3.003531813558008,0.6431523669269312,-3.4035318135580077
49.93753050999999,3.4431523757109566,-3.003531813558008,0.6431523669269312,-3.4035318135580077
49.95192463599983,3.4431523757109566,-3.003531813558008,0.6431523669269312,-3.4035318135580077
49.984094670999866,3.443152375710957,-3.0035318135580074,0.6431523669269317,-3.4035318135580073
49.9992248179999,3.4431523757109566,-3.003531813558008,0.6431523669269312,-3.4035318135580077
50.01464636100013,3.4431523757109566,-3.003531813558008,0.6431523669269312,-3.4035318135580077
50.02920729399989,3.4431523757109566,-3.003531813558008,0.6431523669269312,-3.4035318135580077
50.04333022600008,3.4431523757109566,-3.003531813558008,0.6431523669269312,-3.4035318135580077
50.07872574899989,3.4431523757109566,-3.003531813558008,0.6431523669269312,-3.4035318135580077
50.09311618200013,3.4431523757109566,-3.003531813558008,0.6431523669269312,-3.4035318135580077
50.108827396999686,3.443152375710957,-3.0035318135580074,0.6431523669269317,-3.4035318135580073
50.12276372800011,3.4431523757109566,-3.003531813558008,0.6431523669269312,-3.4035318135580077
50.13762560400005,3.4431523757109566,-3.003531813558008,0.6431523669269312,-3.4035318135580077
50.17427686799988,3.4431523757109566,-3.003531813558008,0.6431523669269312,-3.4035318135580077
50.190030205000085,3.443152375710957,-3.0035318135580074,0.6431523669269317,-3.4035318135580073
50.20660577900003,3.4431523757109566,-3.003531813558008,0.6431523669269312,-3.4035318135580077
50.22136714599969,3.4431523757109566,-3.003531813558008,0.6431523669269312,-3.4035318135580077
50.23615216599978,3.443152375710957,-3.0035318135580074,0.6431523669269317,-3.4035318135580073
50.27183427299974,3.4431523757109566,-3.003531813558008,0.6431523669269312,-3.4035318135580077
50.28659338700004,3.4431523757109566,-3.003531813558008,0.6431523669269312,-3.4035318135580077
50.302522648999684,3.4431523757109566,-3.003531813558008,0.6431523669269312,-3.4035318135580077
50.31659934000004,3.443152375710957,-3.0035318135580074,0.6431523669269317,-3.4035318135580073
50.33176380400005,3.4431523757109566,-3.003531813558008,0.6431523669269312,-3.4035318135580077
50.37469000999977,3.4431523757109566,-3.003531813558008,0.6431523669269312,-3.4035318135580077
50.394699446000004,3.443152375710957,-3.0035318135580074,0.6431523669269317,-3.4035318135580073
50.41718995999986,3.4431523757109566,-3.003531813558008,0.6431523669269312,-3.4035318135580077
50.43471096400003,3.4431523757109566,-3.003531813558008,0.6431523669269312,-3.4035318135580077
50.45429570600004,3.4431523757109566,-3.003531813558008,0.6431523669269312,-3.4035318135580077
50.49802921700007,3.443152375710957,-3.0035318135580074,0.6431523669269317,-3.4035318135580073
50.5173083899997,3.4431523757109566,-3.003531813558008,0.6431523669269312,-3.4035318135580077
50.533640200000036,3.4431523757109566,-3.003531813558008,0.6431523669269312,-3.4035318135580077
50.54838698799972,3.4431523757109566,-3.003531813558008,0.6431523669269312,-3.4035318135580077
50.563263909999705,3.4431523757109566,-3.003531813558008,0.6431523669269312,-3.4035318135580077
50.593558855999845,3.443152375710957,-3.003531813558008,0.6431523669269317,-3.4035318135580077
50.60963250100008,3.443152375710957,-3.003531813558008,0.6431523669269317,-3.4035318135580077
50.627006665999716,3.443152375710957,-3.0035318135580074,0.6431523669269317,-3.4035318135580073
50.64230464299976,3.443152375710957,-3.003531813558008,0.6431523669269317,-3.4035318135580077
50.657296982999696,3.443152375710957,-3.003531813558008,0.6431523669269317,-3.4035318135580077
50.689553099999785,3.443152375710957,-3.003531813558008,0.6431523669269317,-3.4035318135580077
50.70389134999982,3.443152375710957,-3.0035318135580074,0.6431523669269317,-3.4035318135580073
50.71908791300007,3.443152375710957,-3.003531813558008,0.6431523669269317,-3.4035318135580077
50.733975426999905,3.443152375710957,-3.003531813558008,0.6431523669269317,-3.4035318135580077
50.748762655999826,3.443152375710957,-3.0035318135580074,0.6431523669269317,-3.4035318135580073
50.78360198899986,3.443152375710957,-3.003531813558008,0.6431523669269317,-3.4035318135580077
50.79836046100013,3.443152375710957,-3.003531813558008,0.6431523669269317,-3.4035318135580077
50.81300850899993,3.443152375710957,-3.003531813558008,0.6431523669269317,-3.4035318135580077
50.82696061999991,3.443152375710957,-3.0035318135580074,0.6431523669269317,-3.4035318135580073
50.841799691999995,3.443152375710957,-3.003531813558008,0.6431523669269317,-3.4035318135580077
50.872065295999846,3.443152375710957,-3.003531813558008,0.6431523669269317,-3.4035318135580077
50.88657665699998,3.443152375710957,-3.0035318135580074,0.6431523669269317,-3.4035318135580073
50.90216952600008,3.443152375710957,-3.003531813558008,0.6431523669269317,-3.4035318135580077
50.917056212000034,3.443152375710957,-3.003531813558008,0.6431523669269317,-3.4035318135580077
50.93206733300008,3.443152375710957,-3.003531813558008,0.6431523669269317,-3.4035318135580077
50.96655738300001,3.443152375710957,-3.0035318135580074,0.6431523669269317,-3.4035318135580073
50.98093883499973,3.443152375710957,-3.003531813558008,0.6431523669269317,-3.4035318135580077
50.99824378299968,3.443152375710957,-3.003531813558008,0.6431523669269317,-3.4035318135580077
51.01277759599975,3.443152375710957,-3.003531813558008,0.6431523669269317,-3.4035318135580077
51.0268386729997,3.443152375710957,-3.003531813558008,0.6431523669269317,-3.4035318135580077
51.06180721199985,3.443152375710957,-3.003531813558008,0.6431523669269317,-3.4035318135580077
51.077458479999905,3.443152375710957,-3.003531813558008,0.6431523669269317,-3.4035318135580077
51.093444054999736,3.443152375710957,-3.0035318135580074,0.6431523669269317,-3.4035318135580073
51.111163601999806,3.443152375710957,-3.003531813558008,0.6431523669269317,-3.4035318135580077
51.1264284880001,3.443152375710957,-3.003531813558008,0.6431523669269317,-3.4035318135580077
51.16249843899982,3.443152375710957,-3.003531813558008,0.6431523669269317,-3.4035318135580077
51.17797782599996,3.443152375710957,-3.0035318135580074,0.6431523669269317,-3.4035318135580073
51.19522073799976,3.443152375710957,-3.003531813558008,0.6431523669269317,-3.4035318135580077
51.20927651399984,3.443152375710957,-3.003531813558008,0.6431523669269317,-3.4035318135580077
51.22365654100008,3.443152375710957,-3.0035318135580074,0.6431523669269317,-3.4035318135580073
51.25668793099999,3.443152375710957,-3.003531813558008,0.6431523669269317,-3.4035318135580077
51.27029364399982,3.443152375710957,-3.003531813558008,0.6431523669269317,-3.4035318135580077
51.28374696300011,3.443152375710957,-3.003531813558008,0.6431523669269317,-3.4035318135580077
51.29767478000008,3.443152375710957,-3.0035318135580074,0.6431523669269317,-3.4035318135580073
51.31121332199996,3.443152375710957,-3.003531813558008,0.6431523669269317,-3.4035318135580077
51.34138404700002,3.443152375710957,-3.003531813558008,0.6431523669269317,-3.4035318135580077
51.35522507900009,3.443152375710957,-3.0035318135580074,0.6431523669269317,-3.4035318135580073
51.37053642199976,3.443152375710957,-3.003531813558008,0.6431523669269317,-3.4035318135580077
51.38412653199998,3.4431489783353504,-3.0034268686285013,0.6431489695513251,-3.403426868628501
51.40833527399968,3.4431300250028114,-3.002937236505402,0.6431300162187861,-3.402937236505402
51.43424765099985,3.443088860375193,-3.0020481912270225,0.6430888515911675,-3.4020481912270224
51.448545407999745,3.4430192397281116,-3.0007600745559744,0.6430192309440863,-3.4007600745559743
51.46305169399989,3.442914922514016,-2.9990733014707343,0.6429149137299905,-3.399073301470734
51.4767539070001,3.4427707294536796,-2.9969954486958175,0.6427707206696542,-3.3969954486958174
51.49108019399978,3.442602524815218,-2.9947875801159483,0.6426025160311926,-3.394787580115948
51.52263290299993,3.4424192893748526,-2.9925809081331263,0.6424192805908273,-3.392580908133126
51.53683363699997,3.4422210316294324,-2.99037553507335,0.642221022845407,-3.3903755350733498
51.55113960699987,3.4420077607724053,-2.9881715632023966,0.64200775198838,-3.3881715632023965
51.566424783999764,3.4417745012539416,-2.9859176934691836,0.6417744924699162,-3.3859176934691835
51.580294300000105,3.4415240628937465,-2.9836338346449707,0.6415240541097211,-3.3836338346449706
51.61345005999988,3.441259725402725,-2.9813515427723054,0.6412597166186997,-3.3813515427723053
51.62768012599986,3.4409814985777945,-2.9790709024378623,0.6409814897937691,-3.3790709024378622
51.64236180000012,3.4406893927306443,-2.9767919981671085,0.640689383946619,-3.3767919981671084
51.65629221899985,3.440374957595066,-2.974448109077531,0.6403749488110408,-3.374448109077531
51.671265980999806,3.4400418280696483,-2.972057354005582,0.640041819285623,-3.372057354005582
51.702506717000006,3.4396965580494223,-2.9696683220451656,0.639696549265397,-3.3696683220451655
51.71750687100007,3.4393391564442672,-2.96728107484653,0.6393391476602419,-3.36728107484653
51.73286854599996,3.4389696324771233,-2.964895674013868,0.638969623693098,-3.364895674013868
51.74705309099977,3.4385808356503107,-2.9624652212422005,0.6385808268662854,-3.3624652212422004
51.76149654699998,3.4381767150755245,-2.9600089338914963,0.6381767062914991,-3.3600089338914962
51.79235630900007,3.4377617270449305,-2.9575544592180365,0.6377617182609052,-3.3575544592180364
51.80696048300001,3.437335879687795,-2.9551018453029214,0.6373358709037698,-3.3551018453029213
51.82131097899969,3.4368991813461123,-2.9526511401908033,0.636899172562087,-3.3526511401908032
51.8359417260001,3.43645126831386,-2.950200272502175,0.6364512595298346,-3.350200272502175
51.84973114199988,3.4359924061641274,-2.9477504929037894,0.635992397380102,-3.3477504929037893
51.880568684999844,3.435522771107445,-2.9453027556902276,0.6355227623234199,-3.3453027556902275
51.89565135399994,3.435042372233153,-2.9428571082351147,0.6350423634491276,-3.3428571082351146
51.91110129899994,3.434551218838913,-2.94041359787163,0.6345512100548878,-3.34041359787163
51.92549294300011,3.4340353994727684,-2.93790135830786,0.634035390688743,-3.33790135830786
51.94204386499973,3.4334998244347785,-2.9353361281649804,0.6334998156507532,-3.3353361281649803
51.97119444799978,3.4329558162513365,-2.9327726731910038,0.6329558074673112,-3.3327726731910037
51.98677012699977,3.4324033808058854,-2.9302110211096575,0.63240337202186,-3.3302110211096574
51.999891786000035,3.4318425240730073,-2.9276511996251697,0.6318425152889819,-3.3276511996251696
52.013650252999696,3.4312740636874044,-2.925097015476821,0.6312740549033791,-3.325097015476821
52.02765595999995,3.4306974533925,-2.922546357074782,0.6306974446084745,-3.3225463570747817
52.04860852099978,3.4301123361291643,-2.9199976367087492,0.630112327345139,-3.319997636708749
52.06351299799985,3.429518718410933,-2.917450882751123,0.6295187096269075,-3.317450882751123
52.07761753,3.4289166068459687,-2.914906123552414,0.6289165980619433,-3.3149061235524138
52.091458529999954,3.4283079208508003,-2.9123716202978316,0.6283079120667749,-3.3123716202978315
52.10578165599986,3.427691382661095,-2.909842743870625,0.6276913738770697,-3.309842743870625
52.12451208099969,3.427066145993998,-2.9073160039881754,0.6270661372099728,-3.3073160039881753
52.140803019999794,3.4264322182530824,-2.9047914305702003,0.6264322094690571,-3.3047914305702
52.15438094299975,3.4257896069448353,-2.9022690535107656,0.6257895981608099,-3.3022690535107655
52.16850880800007,3.4251296960327795,-2.8997143934345426,0.6251296872487542,-3.2997143934345425
52.1828408519998,3.424457428938087,-2.897143610386462,0.6244574201540618,-3.297143610386462
52.20232116000011,3.4237775278745723,-2.894574835762107,0.623777519090547,-3.294574835762107
52.217095627999925,3.4230899988422743,-2.892008092230578,0.6230899900582489,-3.292008092230578
52.23082022499989,3.4223948479085453,-2.8894434024430526,0.62239483912452,-3.2894434024430526
52.244724059999726,3.421673066732513,-2.886808637421463,0.6216730579484877,-3.286808637421463
52.25939833100006,3.4209306096165544,-2.884117935750853,0.620930600832529,-3.284117935750853
52.27833640699987,3.4201832859726222,-2.8814285816610123,0.6201832771885969,-3.2814285816610123
52.29330690599977,3.419431098246588,-2.878740583953773,0.6194310894625628,-3.278740583953773
52.30721140399987,3.4186740489002423,-2.8760539514265147,0.618674040116217,-3.2760539514265146
52.32108558599998,3.417930325232958,-2.87343476610249,0.6179303164489327,-3.27343476610249
52.33539666799993,3.4171878162904066,-2.870845775583135,0.6171878075063812,-3.270845775583135
52.35657091200005,3.416438429646547,-2.8682587674468776,0.6164384208625218,-3.2682587674468775
52.37206811500005,3.415682170593908,-2.86567375996442,0.6156821618098829,-3.26567375996442
52.38618200699989,3.4149190444735575,-2.8630907713923404,0.6149190356895322,-3.2630907713923403
52.399781634999954,3.4141440350082846,-2.8604924839947903,0.6141440262242592,-3.26049248399479
52.415061083999944,3.413360336432829,-2.8578882609754994,0.6133603276488038,-3.2578882609754993
52.434330504999934,3.4125703113216876,-2.855285950210979,0.6125703025376623,-3.255285950210979
52.44969939799989,3.4117739643407528,-2.8526855670704916,0.6117739555567274,-3.2526855670704915
52.46331016099998,3.410971300193255,-2.8500871269119163,0.6109712914092298,-3.2500871269119163
52.47807575499996,3.4101503409285976,-2.84745096492284,0.6101503321445723,-3.24745096492284
52.49267981199978,3.40931751577151,-2.844794410682102,0.6093175069874848,-3.244794410682102
52.51225944900011,3.4084797199345505,-2.842139419851263,0.6084797111505251,-3.242139419851263
52.52838893000012,3.4076369563525817,-2.839486001730955,0.6076369475685564,-3.239486001730955
52.54173803699973,3.406789227977866,-2.836834165616304,0.6067892191938409,-3.2368341656163038
52.55548171699979,3.4059240995022186,-2.8341440216224174,0.6059240907181933,-3.2341440216224173
52.56980532700004,3.405048238163101,-2.831432873782026,0.6050482293790758,-3.2314328737820257
52.59212583900012,3.4041688322895145,-2.8287228735961722,0.6041688235054892,-3.228722873596172
52.607867252999995,3.40328588338524,-2.8260140256989534,0.6032858746012146,-3.2260140256989533
52.6222289939999,3.4023993929601217,-2.823306334722497,0.6023993841760964,-3.223306334722497
52.63663306000012,3.4015097929451756,-2.820601152369747,0.6015097841611503,-3.220601152369747
52.65057735000005,3.4006168008183,-2.8178977261199765,0.6006167920342746,-3.2178977261199764
52.671490048999885,3.3997202269578337,-2.815195485616368,0.5997202181738084,-3.215195485616368
52.687200059999896,3.3988200729382454,-2.8124944356043113,0.5988200641542201,-3.2124944356043112
52.7016779879998,3.397916340340289,-2.8097945808271048,0.5979163315562639,-3.2097945808271047
52.71668275699972,3.3969915918676237,-2.80704228552119,0.5969915830835983,-3.2070422855211898
52.73277178300009,3.396053704856209,-2.8042560042146754,0.5960536960721838,-3.2042560042146753
52.75133276099973,3.3951143666243033,-2.801470211822677,0.595114357840278,-3.2014702118226768
52.767928297000026,3.394173577426778,-2.7986849091010573,0.5941735686427525,-3.198684909101057
52.78150454599995,3.3932313375188916,-2.7959000968055467,0.5932313287348663,-3.1959000968055467
52.79544321499975,3.3922896773144813,-2.7931219438393926,0.592289668530456,-3.1931219438393925
52.80964765099975,3.3913472512526766,-2.790346989417026,0.5913472424686512,-3.190346989417026
52.832446298999685,3.3904031568227313,-2.7875726021629608,0.590403148038706,-3.1875726021629607
52.847561128999814,3.389457394365976,-2.7847987830802583,0.5894573855819507,-3.184798783080258
52.86160733499969,3.388509964224345,-2.782025533171773,0.5885099554403195,-3.182025533171773
52.87623665899969,3.3875500987148373,-2.7792203898820134,0.5875500899308119,-3.1792203898820133
52.890722993999816,3.3865839894411653,-2.7763985690043023,0.58658398065714,-3.176398569004302
52.90860878499984,3.3856174552113747,-2.773576893654939,0.5856174464273494,-3.173576893654939
52.92537201299979,3.3846504960473873,-2.7707553638979205,0.584650487263362,-3.1707553638979205
52.94062305700004,3.3836831119711364,-2.76793397979724,0.583683103187111,-3.16793397979724
52.954577944999755,3.3827238158776596,-2.765138296537213,0.5827238070936342,-3.165138296537213
52.96825074100002,3.381766958701212,-2.762353980825347,0.5817669499171867,-3.162353980825347
52.98886459399978,3.38080875381477,-2.759570128631882,0.5808087450307449,-3.159570128631882
53.00406755600011,3.3798492014428727,-2.7567867406091553,0.5798491926588474,-3.156786740609155
53.01902124200001,3.3788883018103713,-2.754003817409401,0.5788882930263459,-3.154003817409401
53.037940488999766,3.377926069746851,-2.7512214031581204,0.5779260609628256,-3.1512214031581203
53.052710300999706,3.376962495815386,-2.74843947412187,0.5769624870313605,-3.14843947412187
53.0683816559997,3.375995030446748,-2.745650609625183,0.5759950216627225,-3.145650609625183
53.084260029999996,3.3750137442654595,-2.7428237280310452,0.5750137354814342,-3.142823728031045
53.099579720000065,3.374032270760667,-2.739996911468823,0.5740322619766416,-3.139996911468823
53.11409818099969,3.373050609936687,-2.7371701599509617,0.5730506011526617,-3.1371701599509616
53.128438281999706,3.372068761797835,-2.734343473489874,0.5720687530138098,-3.134343473489874
53.14900892699984,3.371086726348423,-2.731516852097971,0.5710867175643979,-3.131516852097971
53.164973166999744,3.3701045035927564,-2.728690295787666,0.570104494808731,-3.128690295787666
53.17978819799987,3.3691220935351542,-2.7258638045713726,0.5691220847511289,-3.1258638045713725
53.19410155999981,3.368161548230243,-2.723102650487877,0.5681615394462178,-3.1231026504878767
53.209703967999985,3.367208290453014,-2.7203702239401615,0.5672082816689885,-3.1203702239401614
53.2289120099997,3.366252521334204,-2.7176386748155745,0.5662525125501787,-3.1176386748155744
53.2441710999999,3.365294241681435,-2.714908005422258,0.5652942328974095,-3.114908005422258
53.258409494000034,3.3643334523044466,-2.7121782180676144,0.5643334435204213,-3.1121782180676143
53.272870726000065,3.3633570321938713,-2.709410978817734,0.563357023409846,-3.109410978817734
53.28762031700012,3.362372100083521,-2.706623157402568,0.5623720912994958,-3.106623157402568
53.306496817999914,3.361386121721957,-2.703835705846865,0.5613861129379316,-3.103835705846865
53.32280421099972,3.360399097248069,-2.7010486245432785,0.5603990884640435,-3.1010486245432785
53.33783310500007,3.359411026800893,-2.6982619138844055,0.5594110180168679,-3.0982619138844054
53.35241477199975,3.3584215989819963,-2.6954731342893825,0.558421590197971,-3.0954731342893824
53.36694759299985,3.3574327002514712,-2.6926830740949184,0.5574326914674459,-3.0926830740949183
53.38433485499968,3.3564447657102305,-2.689892672344242,0.5564447569262052,-3.089892672344242
53.39890594099984,3.3554577954762403,-2.687101929370557,0.555457786692215,-3.087101929370557
53.41381160300011,3.3544717896673584,-2.6843108455071083,0.554471780883333,-3.084310845507108
53.429641622999725,3.35347795298131,-2.681495220549418,0.5534779441972848,-3.0814952205494177
53.44368629399992,3.35248009927753,-2.6786679422539543,0.5524800904935048,-3.0786679422539542
53.46112270599974,3.3514822896330982,-2.675840648408662,0.5514822808490729,-3.075840648408662
53.47742086299991,3.3504845240482566,-2.673013339014229,0.5504845152642313,-3.073013339014229
53.49204909800005,3.349486802523246,-2.6701860140713416,0.5494867937392205,-3.0701860140713415
53.506283955999834,3.3485063362283154,-2.6674089312141214,0.5485063274442901,-3.0674089312141213
53.52090598500013,3.3475316759896234,-2.664653942362143,0.5475316672055981,-3.064653942362143
53.542026378999935,3.3465551611268327,-2.661899610341815,0.5465551523428074,-3.061899610341815
53.5576990699999,3.3455767920825865,-2.6591459364016545,0.5455767832985612,-3.0591459364016544
53.57256995700004,3.3445965693003714,-2.6563929217898727,0.5445965605163461,-3.0563929217898727
53.58736267900008,3.34360491541631,-2.6536116790100293,0.5436049066322846,-3.053611679010029
53.60221421999972,3.342608783261166,-2.650815805646985,0.5426087744771406,-3.0508158056469847
53.62055982900006,3.3416134258669996,-2.6480196563679774,0.5416134170829743,-3.0480196563679773
53.63636396600009,3.3406188433102306,-2.645223231387688,0.5406188345262053,-3.0452232313876877
53.65149721700004,3.3396250356672263,-2.6424265309208304,0.539625026883201,-3.0424265309208303
53.665908960000024,3.3386348372557157,-2.639639001900576,0.5386348284716904,-3.039639001900576
53.68219110299992,3.337645025673922,-2.6368558157863804,0.5376450168898965,-3.0368558157863803
53.6998882649998,3.3366541035297006,-2.6340730248819453,0.5366540947456753,-3.034073024881945
53.71535992599979,3.33566207098085,-2.631290629630417,0.5356620621968249,-3.031290629630417
53.728749621999896,3.334668928185348,-2.628508630474873,0.5346689194013226,-3.0285086304748727
53.74285467999994,3.33367082622342,-2.625714876173529,0.5336708174393947,-3.025714876173529
53.75675701099976,3.332671482345814,-2.622915768455019,0.5326714735617886,-3.022915768455019
53.77998376499977,3.331672814040755,-2.620116419633957,0.5316728052567297,-3.0201164196339567
53.79599301699977,3.330674821366412,-2.61731682987339,0.5306748125823866,-3.01731682987339
53.80998885999975,3.329677504380913,-2.614516999336385,0.5296774955968875,-3.0145169993363847
53.82337305299984,3.3286762357595236,-2.611704625322462,0.5286762269754983,-3.0117046253224617
53.83732455999984,3.3276728970234117,-2.608887009623175,0.5276728882393864,-3.008887009623175
53.85975331399982,3.3266693367441076,-2.6060694728241094,0.5266693279600823,-3.0060694728241093
53.876826236999705,3.3256655549278187,-2.603252014942698,0.5256655461437933,-3.003252014942698
53.89239207700007,3.3246615515807503,-2.600434635996352,0.524661542796725,-3.000434635996352
53.906645619000074,3.3236674692831,-2.5976466141981014,0.5236674604990745,-2.9976466141981013
53.92143508699996,3.322676610165331,-2.5948715411528984,0.5226766013813058,-2.9948715411528983
53.93697458299971,3.3216844684036873,-2.5920969264188733,0.5216844596196619,-2.9920969264188733
53.9532181269999,3.320691044210153,-2.5893227705888657,0.5206910354261276,-2.9893227705888656
53.967407932000015,3.3196963377969917,-2.5865490742556148,0.5196963290129664,-2.9865490742556147
53.982053569999835,3.3186892984995766,-2.5837440296602843,0.5186892897155513,-2.983744029660284
53.99664320499983,3.317676357382907,-2.580922565879643,0.5176763485988816,-2.9809225658796428
54.01743970499979,3.3166634704590376,-2.5781010826436903,0.5166634616750123,-2.9781010826436902
54.03492790899986,3.3156506377283432,-2.575279579953465,0.5156506289443179,-2.975279579953465
54.04923998699974,3.3146378591911967,-2.5724580578100116,0.5146378504071714,-2.9724580578100115
54.06261450699981,3.3136339850309473,-2.5696604942680326,0.513633976246922,-2.9696604942680325
54.07795493499975,3.312634707179272,-2.566872918920943,0.5126346983952468,-2.966872918920943
54.096195097999725,3.31163636500997,-2.5640850083317135,0.5116363562259445,-2.9640850083317134
54.11168178899993,3.3106389586355083,-2.5612967628144157,0.510638949851483,-2.9612967628144156
54.1260560129997,3.3096424881682496,-2.558508182683159,0.5096424793842242,-2.958508182683159
54.13997799499998,3.3086435556822864,-2.5557100121245364,0.5086435468982611,-2.9557100121245363
54.1559670690001,3.307643816012018,-2.552907643000152,0.5076438072279927,-2.952907643000152
54.17167928699996,3.3066446748622638,-2.5501050604267945,0.5066446660782384,-2.9501050604267944
54.187284441999736,3.305646132278595,-2.547302264532297,0.5056461234945697,-2.947302264532297
54.200638407999804,3.3046481883065564,-2.5444992554444976,0.504648179522531,-2.9444992554444975
54.21402723799997,3.3036515793093852,-2.5416980454240745,0.5036515705253599,-2.9416980454240744
54.228555255999936,3.302655947204339,-2.5388974625504326,0.5026559384203138,-2.9388974625504325
54.248727837999695,3.301660987534305,-2.536096640711089,0.5016609787502797,-2.936096640711089
54.26469539200002,3.300666700356642,-2.5332955800674988,0.5006666915726168,-2.9332955800674987
54.27990772299995,3.299673085728665,-2.530494280781131,0.4996730769446396,-2.9304942807811307
54.2954247199998,3.2986741499043264,-2.5276763131518676,0.49867414112030106,-2.9276763131518675
54.309917796000036,3.297672666763756,-2.524850889852502,0.4976726579797308,-2.924850889852502
54.33067664699979,3.2966712408419983,-2.522025446272363,0.4966712320579729,-2.9220254462723627
54.34801205300005,3.2956698721394555,-2.51919998241256,0.4956698633554302,-2.91919998241256
54.36182170999996,3.294668560656522,-2.516374498274248,0.4946685518724965,-2.916374498274248
54.37531257899968,3.2936768514333994,-2.513575181202014,0.49367684264937406,-2.913575181202014
54.38934845400013,3.2926901073574584,-2.510786777697124,0.49269009857343304,-2.910786777697124
54.408632263999834,3.2917043820269125,-2.507998013893893,0.4917043732428872,-2.907998013893893
54.42442201800009,3.2907196755733206,-2.505208890164521,0.49071966678929524,-2.9052088901645208
54.43820273799997,3.2897359881281028,-2.502419406881256,0.4897359793440774,-2.902419406881256
54.45241668199992,3.288749927625215,-2.499620202364514,0.4887499188411897,-2.899620202364514
54.46735447900005,3.2877631429695193,-2.496816728610023,0.487763134185494,-2.896816728610023
54.485812443999976,3.286777036914765,-2.494013016089521,0.48677702813073953,-2.894013016089521
54.50213017200008,3.2857916095187227,-2.4912090649672707,0.4857916007346974,-2.8912090649672706
54.51614482199989,3.2848068608391277,-2.4884048754075443,0.4848068520551023,-2.888404875407544
54.52967958399972,3.283817493688127,-2.485585997095599,0.4838174849041015,-2.885585997095599
54.54370457899972,3.282825787024185,-2.4827607882360616,0.4828257782401595,-2.8827607882360615
54.56579010600012,3.2818339385666904,-2.479935629152984,0.48183392978266504,-2.879935629152984
54.5812683329998,3.280841948318141,-2.4771105198534884,0.4808419395341157,-2.8771105198534883
54.59546474300009,3.279849816281038,-2.474285460344685,0.47984980749701256,-2.874285460344685
54.609167023000055,3.278858110927993,-2.4714618067946157,0.47885810214396773,-2.8714618067946156
54.62467334500002,3.277866791983985,-2.46863868431762,0.4778667831999597,-2.8686386843176197
54.64480466200007,3.276875666040305,-2.4658154940773716,0.4768756572562798,-2.8658154940773715
54.660911007000095,3.275884733101592,-2.4629922360870653,0.47588472431756657,-2.862992236087065
54.67587355799992,3.2748939931724728,-2.4601689103598923,0.47489398438844743,-2.860168910359892
54.689557767999986,3.2739069285755233,-2.457355163231479,0.473906919791498,-2.857355163231479
54.70326549300012,3.272921851856797,-2.4545453764921126,0.4729218430727715,-2.8545453764921125
54.722148716999754,3.2719373239999165,-2.451735397388717,0.4719373152158912,-2.8517353973887167
54.737871699999914,3.2709533450424484,-2.4489252260285053,0.47095333625842306,-2.848925226028505
54.75317712999981,3.2699699150219335,-2.4461148625186984,0.46996990623790813,-2.8461148625186983
54.768192379999846,3.2689820637976967,-2.4432904991485223,0.4689820550136714,-2.843290499148522
54.782056022999996,3.267992171665996,-2.440460108435152,0.46799216288197076,-2.8404601084351517
54.8006797810001,3.2670023163467476,-2.4376297048473763,0.4670023075627223,-2.837629704847376
54.81645724699979,3.2660124978401206,-2.434799288385672,0.46601248905609527,-2.834799288385672
54.830874516999984,3.2650227161462824,-2.43196885905052,0.46502270736225704,-2.83196885905052
54.8454626780001,3.2640454634550773,-2.4291731428466217,0.46404545467105196,-2.8291731428466216
54.85927632800008,3.263074680874757,-2.4263919193297925,0.4630746720907317,-2.8263919193297924
54.87676034399988,3.262105205303046,-2.4236102399477137,0.4621051965190208,-2.8236102399477137
54.89277028999982,3.261137036954014,-2.420828105314604,0.46113702816998847,-2.820828105314604
54.90612589499983,3.2601701760414357,-2.4180455160447782,0.46017016725741033,-2.818045516044778
54.919174319999684,3.2592045250221076,-2.4152621988520147,0.4592045162380822,-2.8152621988520146
54.93304037699977,3.258240131606511,-2.412478313760991,0.4582401228224855,-2.812478313760991
54.95448015199986,3.2572770364244423,-2.4096939792749144,0.457277027640417,-2.8096939792749143
54.97038325800008,3.2563152396853146,-2.406909195999204,0.4563152309012892,-2.806909195999204
54.98516348699991,3.2553547415982567,-2.404123964539374,0.45535473281423133,-2.804123964539374
54.99880073200006,3.2543938947400592,-2.401333635177889,0.4543938859560339,-2.801333635177889
55.012378533999936,3.2534334984619675,-2.3985409147704657,0.45343348967794217,-2.7985409147704656
55.03130448199977,3.252474233932181,-2.3957478054194183,0.4524742251481557,-2.7957478054194183
55.046353787999806,3.251516101308213,-2.392954307583389,0.4515160925241877,-2.792954307583389
55.060822978999795,3.2505591007473953,-2.3901604217210792,0.45055909196336996,-2.790160421721079
55.07530220300009,3.2495946901070196,-2.3873419169543846,0.4495946813229943,-2.7873419169543845
55.08978672599983,3.2486265551971014,-2.3845116910550206,0.4486265464130761,-2.7845116910550205
55.110393066999904,3.2476586353775714,-2.3816813915888497,0.44765862659354605,-2.7816813915888496
55.12701623199996,3.2466909306540224,-2.3788510185722216,0.44669092186999704,-2.7788510185722215
55.14265684399993,3.2457234410320384,-2.3760205720214804,0.44572343224801303,-2.7760205720214803
55.15701035899997,3.244754556212094,-2.3731855503819803,0.44475454742806875,-2.7731855503819802
55.17135709299987,3.243784972991404,-2.3703486023249845,0.4437849642073788,-2.7703486023249844
55.19289505199981,3.2428153420810584,-2.3675116705673203,0.44281533329703304,-2.76751167056732
55.20901260000005,3.2418456634813313,-2.3646747551097897,0.44184565469730597,-2.7646747551097897
55.223617972000056,3.240875937192497,-2.3618378559531954,0.44087592840847156,-2.7618378559531953
55.23768475599968,3.239918337825998,-2.359035500921328,0.4399183290419728,-2.759035500921328
55.252331294999976,3.2389670628768843,-2.35624756567088,0.43896705409285897,-2.75624756567088
55.27856148199976,3.2380170985642143,-2.3534591835603798,0.43801708978018894,-2.7534591835603797
55.294620456000075,3.2370684450979015,-2.3506703552059687,0.43706843631387615,-2.7506703552059686
55.30785979899997,3.2361211026875694,-2.3478810812238926,0.43612109390354403,-2.7478810812238925
55.323101296999766,3.2351696500757265,-2.3450758378141954,0.4351696412917012,-2.7450758378141953
55.33626342100001,3.2342166159156953,-2.342263406062175,0.43421660713167,-2.742263406062175
55.354852404999974,3.2332643247311776,-2.339450722651293,0.4332643159471523,-2.7394507226512927
55.370430945999715,3.2323127765886266,-2.3366377877778266,0.43231276780460126,-2.7366377877778265
55.3841486849999,3.2313619715544424,-2.3338246016380686,0.43136196277041705,-2.7338246016380685
55.39808510099988,3.230405499256187,-2.330992827468692,0.4304054904721615,-2.730992827468692
55.412050044000125,3.229446155692633,-2.3281526073339474,0.4294461469086075,-2.7281526073339473
55.43289812099988,3.2284867595589892,-2.325312404956388,0.4284867507749639,-2.7253124049563877
55.44881170299982,3.227527310855585,-2.3224722203369876,0.42752730207155976,-2.7224722203369875
55.4620340959998,3.2265678095827477,-2.31963205347672,0.42656780079872236,-2.7196320534767198
55.47678170799986,3.225616587367345,-2.3168157712160973,0.4256165785833197,-2.716815771216097
55.491723286000024,3.224669718618265,-2.314009453376615,0.4246697098342396,-2.714009453376615
55.510156284999766,3.223723780144675,-2.3112028218282346,0.42372377136064987,-2.7112028218282345
55.5256601210001,3.2227787720505088,-2.3083958768793362,0.42277876326648345,-2.708395876879336
55.5395130280001,3.2218346944396012,-2.3055886188383354,0.4218346856555759,-2.7055886188383353
55.55350857600001,3.22089863318749,-2.3028015391371977,0.4208986244034647,-2.7028015391371976
55.56849275299987,3.2199671651456936,-2.300022719136368,0.41996715636166826,-2.700022719136368
55.590203429999974,3.219037364295181,-2.297243340844684,0.4190373555111555,-2.697243340844684
55.60642085399991,3.218109230970573,-2.2944634052623996,0.41810922218654767,-2.6944634052623995
55.6203192229998,3.217182765505888,-2.291682913389969,0.4171827567218629,-2.691682913389969
55.63658970699976,3.2162474576101294,-2.288871230328793,0.4162474488261041,-2.6888712303287927
55.65048983099973,3.2153074611990884,-2.2860436215343016,0.41530745241506306,-2.6860436215343015
55.67069488899983,3.214367960822891,-2.2832158478887328,0.41436795203886545,-2.6832158478887327
55.68657333099986,3.213428956510448,-2.2803879094791024,0.4134289477264228,-2.6803879094791023
55.70160490600006,3.21249044829065,-2.2775598063924316,0.41249043950662445,-2.6775598063924315
55.715761650000104,3.2115597246137924,-2.274755018102539,0.411559715829767,-2.674755018102539
55.72918162399969,3.210631059397417,-2.271960646198973,0.41063105061339167,-2.671960646198973
55.74834104699971,3.209701053704245,-2.269166720138714,0.40970104492021964,-2.6691667201387137
55.76351511400003,3.208769707748319,-2.266373240564794,0.4087696989642935,-2.666373240564794
55.77785879299995,3.2078370217439915,-2.2635802081201444,0.4078370129599662,-2.6635802081201443
55.79123159899996,3.2068918852981327,-2.260753297939304,0.4068918765141074,-2.660753297939304
55.80459154599998,3.2059406526087257,-2.257908337909981,0.4059406438247004,-2.657908337909981
55.82788494600004,3.204989425503375,-2.2550633760135947,0.40498941671934974,-2.6550633760135947
55.8445580770001,3.204038203982084,-2.2522184122501567,0.4040381951980585,-2.6522184122501566
55.85936469500007,3.2030869880448556,-2.2493734466196775,0.40308697926083026,-2.6493734466196774
55.87199458300006,3.2021506277949823,-2.246571613625855,0.40215061901095694,-2.646571613625855
55.88732271699996,3.20122197366679,-2.243787818897248,0.40122196488276485,-2.643787818897248
55.90528987399989,3.2002948974000693,-2.241003498302108,0.400294888616044,-2.641003498302108
55.920854475999704,3.1993693992926024,-2.238218652734773,0.3993693905085771,-2.638218652734773
55.93606006899995,3.1984454796416633,-2.235433283089745,0.39844547085763793,-2.635433283089745
55.94943367399969,3.197511388646854,-2.232613010347183,0.3975113798628285,-2.6326130103471828
55.963456943999745,3.196571556930881,-2.229774391714308,0.3965715481468557,-2.629774391714308
55.98126811599991,3.1956319673674014,-2.2269356929191857,0.3956319585833761,-2.6269356929191856
55.99597325699983,3.1946926199632495,-2.2240969139824696,0.39469261117922416,-2.6240969139824695
56.00945337100006,3.1937535147252567,-2.221258054924816,0.3937535059412314,-2.621258054924816
56.02373974999978,3.192839165149575,-2.218491125439418,0.3928391563655498,-2.618491125439418
56.03879178200009,3.1919377466434637,-2.215754257308798,0.3919377378594384,-2.6157542573087977
56.057613247999825,3.191039139536508,-2.2130164648121116,0.39103913075248276,-2.6130164648121115
56.073670899000035,3.1901433447766063,-2.2102777508373213,0.390143335992581,-2.610277750837321
56.08786458899999,3.189250363308687,-2.2075381182733564,0.3892503545246617,-2.6075381182733564
56.104277858999694,3.1883436938285414,-2.204749911649414,0.3883436850445161,-2.6047499116494137
56.12023033399987,3.18742686782562,-2.201933014421945,0.3874268590415948,-2.601933014421945
56.14252187499983,3.1865091225633098,-2.1991164165551313,0.38650911377928443,-2.5991164165551313
56.160078355999985,3.185590458139353,-2.196300118348966,0.3855904493553277,-2.596300118348966
56.175039981000054,3.1846708746516,-2.193484120103418,0.3846708658675748,-2.593484120103418
56.1903304279997,3.183751143933668,-2.1906692297062365,0.38375113514964276,-2.5906692297062364
56.205052187999854,3.1828324167461326,-2.187854465770501,0.38283240796210727,-2.587854465770501
56.22385575900012,3.181914643330038,-2.185039390706539,0.3819146345460127,-2.5850393907065388
56.24039649199972,3.1809978237907495,-2.18222400483753,0.38099781500672414,-2.58222400483753
56.25608608300013,3.1800819582335214,-2.179408308486693,0.380081949449496,-2.579408308486693
56.272298654999986,3.179166550688484,-2.176592363308534,0.37916654190445875,-2.5765923633085337
56.28840897399982,3.178250265507751,-2.1737766607803515,0.3782502567237258,-2.5737766607803514
56.3055921319999,3.177333029653946,-2.1709612677974564,0.3773330208699206,-2.5709612677974563
56.3228832289999,3.1764148432316404,-2.1681461846808268,0.37641483444761503,-2.5681461846808267
56.33794011699979,3.1754957063455174,-2.1653314117514055,0.37549569756149204,-2.5653314117514054
56.35324645800006,3.174572147462429,-2.162505997872312,0.37457213867840355,-2.5625059978723117
56.36900225699969,3.173646488113236,-2.1596760908284485,0.37364647932921047,-2.5596760908284484
56.38970801099981,3.17272027576735,-2.1568463647289855,0.3727202669833245,-2.5568463647289854
56.40608028800011,3.171793510460141,-2.1540168196819853,0.3717935016761156,-2.5540168196819852
56.4217011129997,3.1708661922269976,-2.1511874557955006,0.3708661834429723,-2.5511874557955005
56.437035310000056,3.1699354510799775,-2.1483492473214274,0.3699354422959522,-2.5483492473214273
56.45188647200007,3.169003208178157,-2.1455072597496367,0.3690031993941316,-2.5455072597496367
56.4705662519998,3.168070743147897,-2.1426653450511366,0.36807073436387183,-2.5426653450511365
56.48669583600008,3.167138055994904,-2.139823503243283,0.3671380472108785,-2.5398235032432828
56.50113560199975,3.166205146724868,-2.1369817343434456,0.36620513794084264,-2.5369817343434455
56.51598174600008,3.165275401450017,-2.134150672578084,0.36527539266599174,-2.534150672578084
56.53031336399977,3.16434655432719,-2.131324350022682,0.3643465455431647,-2.531324350022682
56.554819662,3.163417095808003,-2.1284982284708263,0.36341708702397746,-2.528498228470826
56.57283812599985,3.162487025935956,-2.125672308054775,0.36248701715193077,-2.5256723080547747
56.58739648599999,3.161556344754573,-2.122846588906775,0.3615563359705476,-2.522846588906775
56.60234997399971,3.1606269275141,-2.1200256139601743,0.3606269187300746,-2.520025613960174
56.616680161999966,3.159698886042348,-2.117206397554377,0.3596988772583227,-2.517206397554377
56.635901676,3.1587716255708633,-2.114386924175531,0.358771616786838,-2.514386924175531
56.6537688410001,3.1578451461707977,-2.1115671940399894,0.35784513738677237,-2.5115671940399893
56.668780165999806,3.1569194479132516,-2.1087472073641407,0.3569194391292263,-2.5087472073641406
56.68519497400007,3.156005097576794,-2.1059582497961618,0.3560050887927688,-2.5059582497961617
56.701989367000124,3.155097011243944,-2.103182132011402,0.3550970024599187,-2.503182132011402
56.72046410500002,3.1541908290931184,-2.1004053920789825,0.3541908203090931,-2.5004053920789824
56.73797988599995,3.15328655155056,-2.0976280313050104,0.3532865427665346,-2.4976280313050103
56.75394673799997,3.1523841790416203,-2.0948500509958867,0.35238417025759494,-2.4948500509958866
56.76883602800012,3.1514708505045586,-2.0920330385918704,0.3514708417205332,-2.4920330385918703
56.78398861999972,3.1505511355630875,-2.0891947237229,0.3505511267790622,-2.4891947237228997
56.80237288300009,3.1496318238937215,-2.0863562782110896,0.3496318151096962,-2.4863562782110895
56.81861321700012,3.148712915515009,-2.0835177021137308,0.34871290673098354,-2.4835177021137307
56.833214390999956,3.1477944104455036,-2.080678995488126,0.34779440166147824,-2.480678995488126
56.84823408599982,3.1468779422858297,-2.0778460624877138,0.3468779335018044,-2.4778460624877137
56.86326792599971,3.145961710625635,-2.0750158098650666,0.3459617018416097,-2.4750158098650665
56.88219498600006,3.1450448624075156,-2.072185756913603,0.34504485362349024,-2.472185756913603
56.89923237300013,3.1441273976749837,-2.0693559037676414,0.3441273888909584,-2.4693559037676414
56.91343929299978,3.143209316471585,-2.0665262505614863,0.34320930768755975,-2.4665262505614862
56.92715321999981,3.1422949879627224,-2.0637088580452416,0.3422949791786971,-2.4637088580452415
56.94301090099975,3.141383339689244,-2.060896372435405,0.3413833309052188,-2.4608963724354047
56.96090828599995,3.1404727506096024,-2.058083543715394,0.3404727418255771,-2.458083543715394
56.977772263999896,3.1395632208529314,-2.055270372284105,0.33956321206890605,-2.455270372284105
56.99273314099969,3.1386547505482154,-2.052456858540486,0.3386547417641901,-2.452456858540486
57.00858663299982,3.137751388950727,-2.0496551886047696,0.3377513801667016,-2.4496551886047695
57.02324665399988,3.136851194768408,-2.0468582797979917,0.3368511859843828,-2.4468582797979916
57.03986430000009,3.1359524986181753,-2.0440608892873797,0.33595248983414994,-2.4440608892873796
57.056145014000094,3.135055300757793,-2.0412630178752833,0.3350552919737675,-2.441263017875283
57.07068557599973,3.134159601444595,-2.03846466636419,0.3341595926605696,-2.43846466636419
57.084808501,3.1332541180758873,-2.0356319517048007,0.33325410929186194,-2.4356319517048006
57.10093246499969,3.1323428049136366,-2.032781356200875,0.33234279612961126,-2.432781356200875
57.11808228599989,3.131431311954989,-2.0299308181827147,0.3314313031709637,-2.4299308181827146
57.133614181999974,3.1305196392035652,-2.0270803376616535,0.3305196304195399,-2.4270803376616534
57.148589652000055,3.129607786662986,-2.0242299146490335,0.32960777787896056,-2.4242299146490334
57.1635116519999,3.1287003133641593,-2.0213930733681527,0.328700304580134,-2.4213930733681526
57.17857501599997,3.127795343924017,-2.0185618523275894,0.3277953351399918,-2.4185618523275894
57.19521886000007,3.126891053304149,-2.015730414399091,0.32689104452012385,-2.415730414399091
57.21095522399969,3.125987441556537,-2.012898759745413,0.32598743277251163,-2.412898759745413
57.22602044900009,3.125084508733122,-2.0100668885293214,0.3250844999490967,-2.4100668885293213
57.24134084499997,3.124176372633271,-2.007216920371753,0.32417636384924586,-2.407216920371753
57.256655736999846,3.1232656513785755,-2.004358753394256,0.32326564259455015,-2.404358753394256
57.27308306200007,3.1223549240617086,-2.0015005883484047,0.32235491527768323,-2.4015005883484046
57.28968274800013,3.121444190682675,-1.9986424252342134,0.32144418189864954,-2.3986424252342133
57.30490540200003,3.120533451241478,-1.9957842640516947,0.32053344245745263,-2.3957842640516946
57.31996206400004,3.1196280767905247,-1.9929424392774349,0.31962806800649934,-2.392942439277435
57.336116207999794,3.1187255213915095,-1.9901074502958147,0.31872551260748416,-2.390107450295815
57.35347959299975,3.1178235755378783,-1.9872722673297047,0.3178235667538529,-2.387272267329705
57.36922641899969,3.116922239271323,-1.9844368905101635,0.3169222304872976,-2.3844368905101634
57.38416387899974,3.116021512633509,-1.9816013199682558,0.3160215038494836,-2.3816013199682557
57.399850300000026,3.1151213001663143,-1.9787663113269205,0.31512129138228895,-2.3787663113269204
57.414194452999936,3.114220599576269,-1.9759317685445432,0.31422059079224374,-2.375931768544543
57.43373179900004,3.113319265323638,-1.9730974271919401,0.31331925653961257,-2.37309742719194
57.4512746959997,3.1124172974534745,-1.970263287410767,0.3124172886694492,-2.370263287410767
57.46633816799999,3.111514696010855,-1.9674293493426693,0.3115146872268295,-2.3674293493426695
57.48083223799972,3.1106181139025124,-1.9646148228450997,0.3106181051184871,-2.3646148228450996
57.49523093199991,3.1097254215153023,-1.961808198598322,0.30972541273127696,-2.361808198598322
57.510941042999775,3.1088340628634663,-1.9590011504842797,0.308834054079441,-2.35900115048428
57.527562161000105,3.1079440381482626,-1.956193679136771,0.30794402936423726,-2.356193679136771
57.54243789999987,3.1070553475706504,-1.953385785189696,0.30705533878662505,-2.353385785189696
57.5565644349997,3.1061630349315066,-1.950562261879785,0.30616302614748125,-2.350562261879785
57.57066825400011,3.105269394466176,-1.9477317397682792,0.3052693856821507,-2.347731739768279
57.589009041000054,3.1043765331450732,-1.9449009717865682,0.3043765243610479,-2.344900971786568
57.60498918400003,3.103484451035847,-1.942069958149123,0.3034844422518215,-2.342069958149123
57.6192349749997,3.1025931482060853,-1.9392386990704338,0.30259313942206,-2.339238699070434
57.633229897999854,3.1016994169471253,-1.9363980423568714,0.3016994081630999,-2.3363980423568713
57.64871572300012,3.10080405247752,-1.9335535445380212,0.30080404369349445,-2.333553544538021
57.66735515000005,3.099908246432203,-1.9307091857519243,0.29990823764817787,-2.330709185751924
57.682989572,3.0990119988327622,-1.9278649660671308,0.2990119900487369,-2.3278649660671307
57.697054007999895,3.098115309700797,-1.9250208855521849,0.29811530091677163,-2.325020885552185
57.711167703,3.0972154549953537,-1.9221680280390603,0.29721544621132834,-2.3221680280390604
57.72630897399972,3.0963142699241635,-1.9193114006716192,0.29631426114013815,-2.3193114006716193
57.744454470999926,3.0954129711070495,-1.9164548091902875,0.29541296232302416,-2.3164548091902875
57.759557438,3.094511558545447,-1.913598253599592,0.2945115497614217,-2.313598253599592
57.774795196999776,3.0936100322407687,-1.9107417339040644,0.29361002345674336,-2.3107417339040643
57.78888928499987,3.092709289967886,-1.9078881868380457,0.2927092811838605,-2.3078881868380456
57.80338795300008,3.0918087266835506,-1.9050359633328475,0.2918087178995252,-2.3050359633328474
57.820888153999704,3.090907941391969,-1.902183809933893,0.29090793260794356,-2.302183809933893
57.83685085399998,3.0900069340986063,-1.8993317266584615,0.29000692531458094,-2.2993317266584614
57.85162728199998,3.0891057048089112,-1.8964797135238332,0.2891056960248859,-2.296479713523833
57.86509462199979,3.088203674007001,-1.8936256251818633,0.2882036652229756,-2.293625625181863
57.88023748299997,3.0873014837243695,-1.890770589309677,0.2873014749403442,-2.290770589309677
57.89729477300011,3.0863994371894674,-1.8879155080172407,0.2863994284054421,-2.2879155080172406
57.91195249499992,3.0854975344045896,-1.8850603813117899,0.2854975256205643,-2.28506038131179
57.92628111699992,3.0845957753720183,-1.882205209200565,0.284595766587993,-2.282205209200565
57.94124741399969,3.083695101361868,-1.8793528810363174,0.28369509257784253,-2.2793528810363175
57.95647602899976,3.082795065507827,-1.8765017170463658,0.2827950567238018,-2.276501717046366
57.97412363199987,3.0818952804745,-1.8736504738911859,0.28189527169047457,-2.273650473891186
57.98926726400009,3.08099574626885,-1.870799151592846,0.28099573748482465,-2.270799151592846
58.00284022699975,3.0800964628978376,-1.8679477501734065,0.28009645411381223,-2.2679477501734064
58.01669910299984,3.079213231607455,-1.8651484068794284,0.27921322282342986,-2.2651484068794283
58.03105758600009,3.078335010414359,-1.8623719648426673,0.27833500163033387,-2.2623719648426674
58.050273112999776,3.077454672634918,-1.8595961931947091,0.27745466385089257,-2.2595961931947093
58.066433997000104,3.076572218780872,-1.85682109354911,0.27657220999684684,-2.25682109354911
58.081810385999916,3.0756876493651926,-1.854046667519034,0.27568764058116724,-2.254046667519034
58.09570885700009,3.074792645193728,-1.8512441994842093,0.27479263640970286,-2.2512441994842094
58.11099590799972,3.0738940098838325,-1.8484272240271467,0.2738940010998072,-2.2484272240271466
58.134110520999684,3.0729964283628366,-1.845609912621049,0.27299641957881127,-2.245609912621049
58.14912144200002,3.0720999007563288,-1.842792265660103,0.27209989197230344,-2.242792265660103
58.16373605600006,3.071204427189754,-1.839974283538563,0.27120441840572873,-2.239974283538563
58.17767906999984,3.070304586076918,-1.8371394083652464,0.2703045772928925,-2.2371394083652465
58.19296841799974,3.0694028404334315,-1.8342969092138135,0.26940283164940615,-2.2342969092138136
58.20896627699972,3.06850153565878,-1.8314542702401424,0.2685015268747546,-2.2314542702401425
58.223616225999876,3.0676006717746374,-1.828611491512613,0.267600662990612,-2.228611491512613
58.23838191899972,3.0667002488026753,-1.8257685730996067,0.26670024001865,-2.225768573099607
58.25205836300006,3.0657988830021243,-1.822921776224095,0.265798874218099,-2.222921776224095
58.26594431999979,3.064896734165267,-1.8200734371619338,0.26489672538124154,-2.220073437161934
58.28509105499984,3.0639942840001346,-1.8172251935564219,0.2639942752161093,-2.217225193556422
58.301381644,3.0630915325168324,-1.8143770454394403,0.2630915237328071,-2.2143770454394405
58.31635471699997,3.0621884797254597,-1.81152899284286,0.2621884709414344,-2.21152899284286
58.33170723499984,3.06129496416261,-1.8087130389532697,0.2612949553785846,-2.20871303895327
58.3463497639998,3.0604043806965886,-1.805911208648228,0.26040437191256327,-2.205911208648228
58.36235990399996,3.059512339541118,-1.8031098420986402,0.2595123307570928,-2.20310984209864
58.37752386599982,3.0586188409376907,-1.800308940062889,0.2586188321536653,-2.200308940062889
58.39178899000012,3.0577238851281936,-1.7975085032992308,0.25772387634416827,-2.1975085032992308
58.405675647999715,3.056823636200583,-1.7946961726625297,0.2568236274165576,-2.1946961726625296
58.420059096999694,3.0559206623481834,-1.791878891128747,0.25592065356415805,-2.1918788911287472
58.44417926199981,3.055016674095463,-1.7890619349243206,0.25501666531143785,-2.1890619349243208
58.461561731999836,3.054111671559636,-1.7862453044145,0.2541116627756108,-2.1862453044145
58.477374890999954,3.053205654858045,-1.7834289999644903,0.2532056460740195,-2.1834289999644905
58.49399188099983,3.0522987005999007,-1.7806115950687857,0.2522986918158754,-2.1806115950687857
58.50937214700002,3.0513924499825724,-1.7777933628835072,0.2513924411985471,-2.177793362883507
58.52481967400013,3.0504871676476824,-1.774974819514017,0.250487158863657,-2.174974819514017
58.54292042599968,3.0495828537020855,-1.7721559652929968,0.24958284491806015,-2.1721559652929967
58.55920147199981,3.048679508252519,-1.7693368005531644,0.24867949946849377,-2.1693368005531646
58.57332341799997,3.047770285703293,-1.7664966001739884,0.24777027691926756,-2.1664966001739883
58.5903203309997,3.0468581719803485,-1.763646600832455,0.24685816319632314,-2.163646600832455
58.607652673000075,3.045946246020886,-1.7607965414059197,0.24594623723686082,-2.1607965414059196
58.62467927500006,3.0450345078288645,-1.7579464219067547,0.2450344990448392,-2.157946421906755
58.63962700199977,3.0441229574082405,-1.7550962423473262,0.24412294862421513,-2.155096242347326
58.655390423999734,3.043218454215501,-1.7522668099332392,0.24321844543147586,-2.152266809933239
58.670846127999766,3.042317727222525,-1.7494460276666026,0.2423177184384997,-2.1494460276666025
58.68867437299991,3.041417951225004,-1.7466249419064837,0.2414179424409788,-2.1466249419064836
58.705328980999866,3.0405191263251994,-1.7438035529734999,0.24051911754117405,-2.1438035529735
58.72105737600009,3.039621252625264,-1.7409818611883066,0.23962124384123884,-2.1409818611883065
58.735156724000035,3.038720525803206,-1.7381482592798554,0.23872051701918062,-2.1381482592798555
58.75182547500003,3.037818759752578,-1.7353094948107295,0.23781875096855254,-2.1353094948107296
58.770810096000105,3.03691752142053,-1.7324705627597483,0.23691751263650485,-2.1324705627597482
58.78645024599996,3.036016810838205,-1.7296314632250074,0.23601680205417974,-2.1296314632250075
58.80052082499992,3.0351166280367323,-1.7267921963046262,0.235116619252707,-2.1267921963046263
58.8165191999999,3.034217565631772,-1.723954575537847,0.2342175568477467,-2.123954575537847
58.83069452599989,3.0333193415831086,-1.7211175468711675,0.23331933279908323,-2.1211175468711674
58.850252942,3.032421711943664,-1.7182803300786829,0.2324217031596385,-2.118280330078683
58.871204089999765,3.031524676752838,-1.7154429252849357,0.23152466796881255,-2.1154429252849356
58.889595410000084,3.0306282360500063,-1.7126053326144717,0.23062822726598098,-2.112605332614472
58.90773341499994,3.029731877756256,-1.7097669224103165,0.22973186897223075,-2.1097669224103166
58.926431085000104,3.028834906195804,-1.7069283667187432,0.22883489741177865,-2.1069283667187433
58.94248933199992,3.0279385173188573,-1.704093661759059,0.227938508534832,-2.104093661759059
58.960221864000005,3.0270458838573537,-1.701273909633112,0.2270458750733284,-2.101273909633112
58.97637596899972,3.02615221593896,-1.6984544851882966,0.2261522071549349,-2.0984544851882965
58.991118916999994,3.0252575136839694,-1.6956353888041178,0.22525750489994412,-2.095635388804118
59.00558276099969,3.02436177721281,-1.6928166208600304,0.22436176842878464,-2.0928166208600305
59.0216704689999,3.0234639610223137,-1.6899947834138032,0.2234639522382884,-2.089994783413803
59.03851959799999,3.022561910774328,-1.6871593690995708,0.22256190199030268,-2.0871593690995707
59.05475889100012,3.0216604639675193,-1.6843237628790697,0.22166045518349398,-2.0843237628790696
59.069201819,3.020759620642713,-1.681487964880728,0.22075961185868787,-2.081487964880728
59.08399193299988,3.0198593808407113,-1.6786519752329787,0.21985937205668593,-2.0786519752329786
59.10191839999993,3.0189597446022858,-1.6758157940642664,0.21895973581826045,-2.0758157940642663
59.117558334999785,3.018060711968182,-1.6729794215030427,0.2180607031841566,-2.072979421503043
59.13282904999983,3.017162282979117,-1.6701428576777675,0.2171622741950916,-2.0701428576777676
59.14782248300003,3.016275062042168,-1.667341713369984,0.21627505325814278,-2.067341713369984
59.16392754000003,3.0153908833956478,-1.6645563073049006,0.21539087461162243,-2.0645563073049007
59.1860009239997,3.0145020065708588,-1.6617625120736883,0.21450199778683343,-2.061762512073688
59.208964266000066,3.01359449182308,-1.6589127919761406,0.2135944830390546,-2.0589127919761405
59.220980157999975,3.0126867482214306,-1.6560631447689913,0.21268673943740524,-2.0560631447689914
59.23709674299994,3.0117787757717456,-1.6532135704705786,0.21177876698772025,-2.0532135704705787
59.25168666600007,3.010870574479878,-1.6503640690992842,0.21087056569585272,-2.050364069099284
59.267666901999974,3.009964652632341,-1.647522407518023,0.2099646438483158,-2.047522407518023
59.28456634300005,3.0090694042572323,-1.6447116093087926,0.20906939547320702,-2.0447116093087927
59.29889489199991,3.0081753758106875,-1.641900422839896,0.20817536702666217,-2.041900422839896
59.31240885300008,3.0072825674610897,-1.639088848640799,0.20728255867706435,-2.039088848640799
59.32649192199983,3.006390979376595,-1.6362768872410416,0.20639097059256972,-2.0362768872410415
59.3456817419999,3.005500611725125,-1.6334645391702354,0.2055006029410995,-2.0334645391702355
59.36195942399968,3.0046114646743773,-1.6306518049580687,0.204611455890352,-2.030651804958069
59.37705096900004,3.0037235383918146,-1.6278386851342999,0.20372352960778928,-2.0278386851343
59.39230489099987,3.00282814622299,-1.624998493197515,0.20282813743896488,-2.024998493197515
59.406819115999724,3.0019288830887403,-1.6221451471483592,0.20192887430471496,-2.0221451471483594
59.42312918699986,3.0010298252530725,-1.6192917364052335,0.20102981646904716,-2.0192917364052336
59.43895708800005,3.0001309727206458,-1.6164382609829118,0.20013096393662044,-2.0164382609829117
59.45327477499973,2.999232325496111,-1.6135847208961624,0.19923231671208574,-2.0135847208961626
59.46846925599971,2.9983381798899904,-1.6107443449669103,0.19833817110596508,-2.0107443449669105
59.48508334899975,2.997446494653483,-1.6079094437243597,0.1974464858694578,-2.0079094437243596
59.51066017500011,2.9965555015806786,-1.6050743248626114,0.1965554927966533,-2.0050743248626115
59.528205056999695,2.9956652007246856,-1.6022389885506643,0.19566519194066023,-2.002238988550664
59.54553498199971,2.9947755921385752,-1.5994034349575283,0.19477558335454992,-1.9994034349575283
59.56733013100006,2.993887987757052,-1.5965717216223159,0.1938879789730268,-1.996571721622316
59.588398724999706,2.993001763785957,-1.5937414908364325,0.19300175500193184,-1.9937414908364324
59.60566542899983,2.9921163802658195,-1.5909109970189845,0.19211637148179417,-1.9909109970189847
59.62194629700002,2.9912318372747095,-1.5880802404195604,0.1912318284906842,-1.9880802404195603
59.63638062399991,2.9903481348906187,-1.5852492212877491,0.19034812610659335,-1.985249221287749
59.65227879700001,2.9894615875100117,-1.582406484088086,0.18946157872598635,-1.9824064840880862
59.668005099000084,2.9885739447938553,-1.579558686288282,0.18857393600982997,-1.9795586862882821
59.68445595499975,2.9876867234297904,-1.5767107571895769,0.18768671464576503,-1.976710757189577
59.70076715099981,2.986799923437238,-1.5738626968543101,0.18679991465321288,-1.9738626968543103
59.715119792999985,2.985913544835613,-1.571014505344826,0.18591353605158778,-1.9710145053448258
59.730736296999794,2.9850252651293734,-1.5681592217396654,0.18502525634534805,-1.9681592217396653
59.7454713059999,2.984135914501089,-1.565300978368568,0.1841359057170635,-1.965300978368568
59.763789105000114,2.983246400615062,-1.5624427858006993,0.18324639183103653,-1.9624427858006994
59.78151719099992,2.9823567234741986,-1.5595846440453802,0.18235671469017323,-1.9595846440453801
59.797640844999705,2.9814668830814077,-1.55672655311194,0.1814668742973824,-1.95672655311194
59.81439983899986,2.9805764796316536,-1.5538669950965023,0.1805764708476283,-1.9538669950965022
59.830686315999856,2.979685972012942,-1.5510067656316653,0.17968596322891672,-1.9510067656316652
59.84873730300001,2.978795572235901,-1.548146502593487,0.17879556345187586,-1.9481465025934872
59.86439632099996,2.9779052803018073,-1.5452862059860377,0.17790527151778202,-1.9452862059860379
59.87915320099978,2.9770150962119133,-1.542425875813377,0.17701508742788796,-1.942425875813377
59.89257785899986,2.97613068249119,-1.539583148161287,0.17613067370716484,-1.939583148161287
59.90667134599994,2.9752493552693737,-1.5367477736916375,0.1752493464853484,-1.9367477736916374
59.923925473999816,2.974368785193689,-1.5339121639870292,0.17436877640966353,-1.9339121639870291
59.93847506999987,2.973488972326922,-1.5310763192496486,0.1734889635428969,-1.9310763192496485
59.95246028899987,2.972609916731808,-1.5282402396816976,0.17260990794778275,-1.9282402396816978
59.96671429699995,2.971741008505748,-1.5254333274043579,0.17174099972172252,-1.9254333274043578
59.98079579899991,2.970877780173597,-1.5226385040603667,0.17087777138957172,-1.9226385040603668
59.99777699499987,2.9700163662735863,-1.519843120943437,0.170016357489561,-1.9198431209434372
60.013259671999776,2.9691567671687067,-1.5170471792315203,0.16915675838468136,-1.9170471792315205
60.02719188099968,2.9682989832211883,-1.5142506801028006,0.16829897443716302,-1.9142506801028008
60.040628292000065,2.9674298682668145,-1.5114121298928556,0.1674298594827892,-1.9114121298928555
60.0551100780001,2.9665537613323494,-1.5085498858626034,0.16655375254832405,-1.9085498858626035
60.0707471889998,2.9656778199399882,-1.5056875911666296,0.16567781115596292,-1.9056875911666298
60.086258472000054,2.964802044092659,-1.5028252458145281,0.1648020353086337,-1.9028252458145283
60.09901439400005,2.963926433793301,-1.4999628498158755,0.1639264250092758,-1.8999628498158754
60.11245767100013,2.9630585836486336,-1.4971263508754058,0.16305857486460829,-1.8971263508754057
60.12592231299982,2.962193070487524,-1.4943012534236142,0.16219306170349856,-1.894301253423614
60.144967786999814,2.9613264484117843,-1.4914764959434026,0.16132643962775894,-1.8914764959434027
60.159609834999856,2.960458717554956,-1.488652078870043,0.1604587087709306,-1.888652078870043
60.17302026599987,2.9595898780507492,-1.4858280026387596,0.15958986926672392,-1.8858280026387595
60.186547668999765,2.9587190941251684,-1.4830014658986068,0.1587190853411431,-1.883001465898607
60.19975261100012,2.9578469292331517,-1.4801740436658322,0.1578469204491264,-1.880174043665832
60.21835980899982,2.956973756850364,-1.4773469324067567,0.15697374806633846,-1.8773469324067569
60.23286237399975,2.9560995770876817,-1.4745201324803792,0.15609956830365634,-1.874520132480379
60.24686228299993,2.955224390056113,-1.4716936442456552,0.1552243812720877,-1.871693644245655
60.26093226199987,2.954344279834379,-1.4688544238135697,0.15434427105035375,-1.8688544238135698
60.27433089500005,2.9534618863087343,-1.4660098005932032,0.15346187752470897,-1.8660098005932033
60.291934830999935,2.952578958766529,-1.4631653430781097,0.15257894998250388,-1.8631653430781099
60.3065519700001,2.9516954972388834,-1.4603210513685425,0.15169548845485803,-1.8603210513685426
60.32023437699968,2.950811501756932,-1.457476925564742,0.15081149297290652,-1.8574769255647419
60.33362198400005,2.9499228455267583,-1.454619259312751,0.149922836742733,-1.8546192593127508
60.3482798120001,2.9490323054637324,-1.451755718595877,0.14903229667970708,-1.8517557185958768
60.368316638999886,2.9481417361396494,-1.4488921869791394,0.14814172735562403,-1.8488921869791395
60.3837892199997,2.947251137554603,-1.4460286644628382,0.14725112877057756,-1.846028664462838
60.397565491999785,2.9463605097086876,-1.4431651510472712,0.14636050092466224,-1.843165151047271
60.41145178800002,2.945478819591903,-1.4403314138845205,0.1454788108078775,-1.8403314138845204
60.425044240000034,2.944600020733903,-1.4375107304246748,0.1446000119498776,-1.837510730424675
60.44528844899992,2.943720107472586,-1.4346903944046197,0.1437200986885605,-1.8346903944046198
60.46094486700008,2.9428390799453132,-1.4318704062646361,0.1428390711612879,-1.831870406264636
60.474710636999816,2.941956938289624,-1.4290507664449497,0.14195692950559868,-1.8290507664449498
60.48923991300012,2.9410766884150803,-1.4262413761487438,0.14107667963105497,-1.8262413761487437
60.50331350400006,2.9401963122319863,-1.423436672644606,0.14019630344796097,-1.8234366726446058
60.5228107370001,2.939314468728358,-1.420632430143503,0.13931445994433256,-1.8206324301435028
60.53842476900013,2.9384311581455957,-1.417828649413085,0.13843114936157042,-1.817828649413085
60.55361033699978,2.9375463807255024,-1.4150253312208765,0.13754637194147712,-1.8150253312208764
60.56866405899996,2.9366538382513774,-1.4122007317319811,0.13665382946735205,-1.812200731731981
60.582130880999784,2.9357586563352096,-1.4093657995296147,0.13575864755118427,-1.8093657995296146
60.60257528899979,2.934864140039727,-1.406530657231232,0.13486413125570174,-1.806530657231232
60.618053149999696,2.9339702894142317,-1.4036953049931036,0.13397028063020633,-1.8036953049931035
60.63203170599968,2.9330771045079946,-1.4008597429715222,0.1330770957239693,-1.800859742971522
60.6459716490001,2.9321816466409296,-1.3980155070971834,0.1321816378569043,-1.7980155070971833
60.66043157699983,2.9312847292675244,-1.395167706707264,0.13128472048349904,-1.795167706707264
60.68090816900008,2.9303874590601477,-1.3923200174667572,0.13038745027612242,-1.792320017466757
60.6958207780001,2.9294898360325736,-1.3894724394193758,0.1294898272485483,-1.789472439419376
60.709631600999955,2.9285918601985874,-1.3866249726088358,0.12859185141456209,-1.786624972608836
60.72354696799971,2.927698750459618,-1.3837930730678512,0.1276987416755926,-1.783793073067851
60.73801916799971,2.926808606983291,-1.3809675675826503,0.1268085981992657,-1.7809675675826502
60.758996916000115,2.925919384197304,-1.378141772209268,0.1259193754132788,-1.7781417722092678
60.77330649600003,2.9250310821960634,-1.3753156872477097,0.12503107341203812,-1.7753156872477098
60.78729216399984,2.924143701073877,-1.3724893129980138,0.12414369228985178,-1.772489312998014
60.8011277789999,2.923256309041665,-1.3696612101767736,0.12325630025763967,-1.7696612101767735
60.81510765000007,2.9223679215597373,-1.366832677569301,0.12236791277571202,-1.766832677569301
60.83617759399999,2.92147867036029,-1.3640044163837166,0.12147866157626463,-1.7640044163837167
60.85104443399973,2.9205885555262507,-1.3611764268837703,0.12058854674222541,-1.7611764268837704
60.86453658400001,2.919697577140622,-1.3583487093331756,0.11969756835659684,-1.7583487093331756
60.87934980399973,2.9188026188295386,-1.355510246642631,0.11880261004551329,-1.755510246642631
60.892962491999924,2.917906590947199,-1.352666978390597,0.11790658216317373,-1.752666978390597
60.916910228999996,2.917011028460632,-1.3498235635155544,0.11701101967660676,-1.7498235635155543
60.93302737699992,2.9161159313938305,-1.3469800020936826,0.11611592260980519,-1.7469800020936828
60.94638320499985,2.9152212997707734,-1.344136294201161,0.11522129098674805,-1.744136294201161
60.960016331999896,2.9143380416751703,-1.3413260871360206,0.11433803289114497,-1.7413260871360206
60.975570213999845,2.913460958047653,-1.3385298295121892,0.1134609492636276,-1.7385298295121894
60.995176685999695,2.9125855567806247,-1.335733044749255,0.11258554799659937,-1.7357330447492552
61.01287767100007,2.911711838190903,-1.332935733859406,0.11171182940687752,-1.732935733859406
61.02704923999977,2.910839802594698,-1.330137897855018,0.11083979381067266,-1.730137897855018
61.04216288800012,2.909959004426212,-1.327307819967703,0.1099589956421867,-1.7273078199677032
61.056834899999785,2.909072712056225,-1.3244613761274768,0.10907270327219987,-1.724461376127477
61.071850036000114,2.908185956758436,-1.3216150764695784,0.10818594797441072,-1.7216150764695786
61.08887697099976,2.907298738556303,-1.3187689210693043,0.10729872977227783,-1.7187689210693042
61.1028286899998,2.9064110574732953,-1.3159229100019376,0.10641104868926998,-1.7159229100019378
61.118367736999744,2.9055191634941626,-1.3130646322212403,0.10551915471013729,-1.7130646322212404
61.135746162999794,2.904625587763846,-1.3102010586662032,0.1046255789798205,-1.710201058666203
61.156073908999815,2.9037320059574747,-1.3073374870072003,0.10373199717344939,-1.7073374870072002
61.17136720399981,2.9028384180750515,-1.3044739172442446,0.10283840929102617,-1.7044739172442447
61.18558701100005,2.9019448241165824,-1.3016103493773503,0.10194481533255706,-1.7016103493773502
61.200096064000036,2.9010531572902005,-1.2987531819325175,0.1010531485061752,-1.6987531819325175
61.21471452799983,2.900162112143494,-1.2958988212739417,0.10016210335946862,-1.6958988212739419
61.24413772999992,2.8992708247358694,-1.2930445362531882,0.09927081595184406,-1.693044536253188
61.264317322000124,2.898379295073745,-1.2901903268908168,0.09837928628971948,-1.690190326890817
61.28314655200006,2.8974875231635497,-1.28733619320739,0.09748751437952441,-1.6873361932073898
61.30009388299982,2.896593526589603,-1.2844755831944343,0.09659351780557746,-1.6844755831944345
61.318768111000054,2.8956986443780575,-1.2816121764291346,0.09569863559403213,-1.6816121764291347
61.34853135799972,2.8948037625285092,-1.2787487695506825,0.09480375374448391,-1.6787487695506824
61.36860614500006,2.8939088810409697,-1.2758853625591133,0.09390887225694433,-1.6758853625591135
61.38453298299987,2.8930139999154325,-1.2730219554544109,0.09301399113140718,-1.673021955454411
61.399101568000106,2.8921270809475246,-1.2701832423948052,0.09212707216349925,-1.6701832423948053
61.41444425299983,2.8912443467602698,-1.2673548713139833,0.09124433797624443,-1.6673548713139832
61.42949062799994,2.890362521511788,-1.2645262167137696,0.09036251272776274,-1.6645262167137695
61.4489273759998,2.8894816052931374,-1.2616972788862648,0.08948159650911203,-1.661697278886265
61.46511727999973,2.888601598195287,-1.2588680581235971,0.08860158941126173,-1.658868058123597
61.47981373400012,2.8877215052032525,-1.2560368676054248,0.08772149641922722,-1.6560368676054247
61.49443190599982,2.886840405433272,-1.2532051345681163,0.08684039664924681,-1.6532051345681165
61.51280897999982,2.8859584625669266,-1.2503736639997125,0.08595845378290123,-1.6503736639997126
61.52800997300005,2.8850756766824017,-1.2475424561512278,0.0850756678983764,-1.647542456151228
61.54252295599986,2.884192047857959,-1.244711511273656,0.08419203907393369,-1.644711511273656
61.5563877889997,2.8833221926515056,-1.2419248165202081,0.08332218386748025,-1.6419248165202083
61.570054708999805,2.882460525867942,-1.2391563737576616,0.08246051708391677,-1.6391563737576615
61.58887115799985,2.881601272192717,-1.23638718107803,0.08160126340869178,-1.63638718107803
61.605100554000046,2.8807444322784885,-1.233617240584683,0.0807444234944632,-1.633617240584683
61.61915676700005,2.879890006776082,-1.230846554381566,0.07988999799205665,-1.630846554381566
61.634678843999836,2.8790229864947254,-1.228028934334369,0.0790229777107001,-1.628028934334369
61.64954504699995,2.8781470544795558,-1.2251838996581852,0.07814704569553044,-1.625183899658185
61.6705587189997,2.877270551024338,-1.2223390409803065,0.0772705422403126,-1.6223390409803065
61.688234621999754,2.8763934761644427,-1.2194943584155458,0.07639346738041741,-1.6194943584155457
61.70376724999983,2.8755158299352583,-1.2166498520786733,0.07551582115123301,-1.6166498520786732
61.717821846000106,2.8746365685700526,-1.2138012804758125,0.07463655978602723,-1.6138012804758124
61.732572051000034,2.873757130010732,-1.2109508076892648,0.07375712122670652,-1.6109508076892647
61.751368880999735,2.8728781101125342,-1.208100205769488,0.07287810132850892,-1.608100205769488
61.769275911999785,2.8719995088944166,-1.2052494747779714,0.07199950011039125,-1.6052494747779713
61.78404505399999,2.8711213263753352,-1.202398614776209,0.07112131759130991,-1.602398614776209
61.79871424199996,2.8702521538766095,-1.1995771841359941,0.07025214509258415,-1.599577184135994
61.81320207499971,2.869385465857302,-1.1967687906548397,0.06938545707327659,-1.5967687906548398
61.83489582099969,2.8685172953304217,-1.1939608551135408,0.06851728654639633,-1.593960855113541
61.85130004100006,2.8676476425379356,-1.1911533782946948,0.06764763375391025,-1.591153378294695
61.865979515999925,2.8667765077222223,-1.188346360980768,0.06677649893819693,-1.588346360980768
61.879526828999815,2.8658933006159826,-1.185504546399683,0.06589329183195725,-1.585504546399683
61.893987614000025,2.865004118962763,-1.1826441252775788,0.06500411017873775,-1.5826441252775787
61.91272935799975,2.8641148242342003,-1.1797837393081834,0.06411481545017494,-1.5797837393081835
61.92970929199987,2.863225416431656,-1.1769233884959625,0.06322540764763085,-1.5769233884959624
61.943695258999696,2.8623358955565457,-1.1740630728453874,0.06233588677252033,-1.5740630728453873
61.957775545999766,2.861445380912694,-1.1711998590531174,0.06144537212866874,-1.5711998590531175
61.97165071999984,2.8605544757971493,-1.1683353921816093,0.06055446701312395,-1.5683353921816092
61.98990550099984,2.859663575305961,-1.1654709238718404,0.05966356652193561,-1.5654709238718403
62.00588462499968,2.85877267943913,-1.1626064541238175,0.05877267065510461,-1.5626064541238174
62.02003869899977,2.857881788196661,-1.159741982937549,0.057881779412635836,-1.559741982937549
62.03463199199973,2.856992947820539,-1.1568843145325198,0.05699293903651359,-1.5568843145325197
62.04789912299998,2.856104767731788,-1.1540296296268726,0.05610475894776279,-1.5540296296268727
62.07010774500009,2.8552163319234003,-1.151175024296013,0.05521632313937497,-1.551175024296013
62.08672696300005,2.854327640402512,-1.148320498562851,0.05432763161848664,-1.548320498562851
62.100443208000115,2.8534386931762508,-1.145466052450291,0.05343868439222543,-1.545466052450291
62.114951968000014,2.85255338990878,-1.142624612384451,0.052553381124754495,-1.5426246123844511
62.12927994100005,2.851669100720867,-1.1397889170667828,0.05166909193684166,-1.5397889170667827
62.14567239999974,2.85078408352923,-1.1369534488738706,0.050784074745204855,-1.5369534488738705
62.161104831999864,2.849898338392205,-1.1341182079926142,0.04989832960817964,-1.5341182079926141
62.175412281000035,2.8490118653681766,-1.131283194609898,0.0490118565841513,-1.5312831946098981
62.18827063899994,2.8481198582045453,-1.1284323101557467,0.048119849420519945,-1.5284323101557469
62.2029676489999,2.8472257020969725,-1.1255742317813657,0.047225693312947126,-1.5255742317813659
62.22034439899994,2.846331677688904,-1.1227161122078364,0.0463316689048785,-1.5227161122078363
62.234431132000054,2.845437784982245,-1.1198579514412237,0.04543777619821965,-1.5198579514412236
62.24893531299972,2.844544023978895,-1.116999749487596,0.0445440151948695,-1.5169997494875962
62.2628019819997,2.8436570227390914,-1.1141620559774563,0.04365701395506605,-1.5141620559774562
62.27630887999999,2.8427736354712585,-1.1113329278531714,0.04277362668723317,-1.5113329278531715
62.29591566099975,2.841891134892843,-1.1085035230151037,0.04189112610881773,-1.5085035230151038
62.31120742500002,2.841009521090521,-1.1056738417411536,0.04100951230649574,-1.5056738417411535
62.325184748999845,2.8401287941508837,-1.1028438843092494,0.04012878536685838,-1.5028438843092493
62.339268693999884,2.8392442346007765,-1.0999989415523852,0.03924422581675113,-1.4999989415523851
62.35395732499978,2.838358030915271,-1.0971474105167585,0.03835802213124584,-1.4971474105167584
62.37645189199998,2.8374721716071636,-1.09429577247774,0.037472162823138255,-1.4942957724777401
62.39177974800009,2.836586656689376,-1.0914440274769195,0.03658664790535049,-1.4914440274769194
62.40514573999985,2.8357014861748193,-1.0885921755558854,0.03570147739079399,-1.4885921755558855
62.41886945700003,2.834828795966108,-1.0857781414766856,0.03482878718208271,-1.4857781414766857
62.43268513199996,2.833962818207026,-1.082979892694891,0.03396280942300045,-1.4829798926948912
62.454890764999845,2.833098558024747,-1.08018111294983,0.03309854924072164,-1.48018111294983
62.46989219500006,2.832236015744826,-1.0773818032957572,0.032236006960800534,-1.4773818032957573
62.48603464999974,2.831375191692167,-1.0745819647871275,0.031375182908141674,-1.4745819647871277
62.49989194900013,2.8305046322531076,-1.0717460745782859,0.030504623469082226,-1.4717460745782858
62.514748604999795,2.8296279952565446,-1.0688912537332687,0.029627986472519297,-1.4688912537332688
62.5334749379997,2.828751021403115,-1.0660365363494986,0.028751012619089522,-1.4660365363494985
62.54929001100004,2.8278737107050205,-1.0631819224667094,0.027873701920995142,-1.4631819224667093
62.563040409999985,2.82699606317448,-1.0603274121246464,0.026996054390454827,-1.4603274121246463
62.57623827900011,2.826119445951899,-1.0574767413969386,0.02611943716787346,-1.4574767413969387
62.590221433000124,2.825243769001181,-1.054627562898688,0.025243760217155575,-1.454627562898688
62.61054299400007,2.824368568404292,-1.0517782380396816,0.024368559620266517,-1.4517782380396818
62.627164743000094,2.8234938441856987,-1.0489287668995675,0.02349383540167338,-1.4489287668995674
62.64073718099985,2.8226195963698473,-1.0460791495579973,0.022619587585821943,-1.4460791495579972
62.654155364999724,2.8217424340013344,-1.043218674022438,0.02174242521730907,-1.4432186740224382
62.667902958999775,2.820863958203615,-1.0403535647180087,0.020863949419589467,-1.4403535647180088
62.687451370999725,2.8199855628562265,-1.0374884307478134,0.01998555407220115,-1.4374884307478135
62.7028028809998,2.8191072479598285,-1.0346232721141186,0.019107239175803148,-1.4346232721141186
62.71680847799985,2.818229013515132,-1.0317580888191678,0.01822900473110689,-1.4317580888191679
62.73069367599987,2.8173550279344854,-1.0289060557776923,0.017355019150460116,-1.4289060557776923
62.74439966399973,2.8164833227504142,-1.0260595178229321,0.016483313966388913,-1.426059517822932
62.76205522699979,2.815612184499278,-1.0232128063160806,0.01561217571525253,-1.4232128063160805
62.77600429600011,2.814741613215632,-1.0203659213700538,0.01474160443160688,-1.420365921370054
62.7900258520001,2.8138716089340043,-1.0175188630977712,0.013871600149979013,-1.4175188630977713
62.803123112000094,2.8130007086826563,-1.0146669908648767,0.013000699898630952,-1.4146669908648768
62.81704122499991,2.812129603480084,-1.0118130008867106,0.012129594696058454,-1.4118130008867107
62.83595957900002,2.81125889475585,-1.008958889924088,0.011258885971824562,-1.408958889924088
62.851034494999794,2.810388582526764,-1.0061046580320856,0.010388573742738494,-1.4061046580320857
62.864578195999684,2.809518666809617,-1.003250305265786,0.009518658025591709,-1.4032503052657859
62.87863755500007,2.808660269311226,-1.0004342470942753,0.008660260527200592,-1.4004342470942754
62.89248067099993,2.807805189104597,-0.9976350949869278,0.0078051803205716475,-1.3976350949869278
62.91053596400002,2.8069483343518082,-0.994836485580011,0.006948325567782909,-1.394836485580011
62.925517092999826,2.8060897053972997,-0.9920384199985165,0.006089696613274409,-1.3920384199985165
62.93889155000011,2.805229302586224,-0.9892408993672154,0.005229293802198498,-1.3892408993672154
62.95305817099984,2.8043565749075445,-0.986407803506692,0.004356566123519201,-1.386407803506692
62.96698454300008,2.803478218098983,-0.9835554258772767,0.003478209314957681,-1.3835554258772769
62.987490513999774,2.8026002431068497,-0.9807029306998473,0.002600234322824413,-1.3807029306998473
63.00379699199971,2.801722649946881,-0.9778503180255352,0.0017226411628556981,-1.3778503180255353
63.01801125499992,2.8008454386347963,-0.9749975879054513,0.0008454298507709623,-1.3749975879054515
63.032112452999854,2.7999663926792113,-0.9721379768365672,-3.36161048140049e-05,-1.3721379768365671
63.04578390899974,2.799086342756539,-0.9692754837167448,-0.0009136660274862152,-1.369275483716745
63.0659661899997,2.798206161875478,-0.9664130308622801,-0.0017938469085474473,-1.3664130308622802
63.08225950600013,2.7973258500378733,-0.9635506182791629,-0.0026741587461520666,-1.363550618279163
63.09637916299994,2.7964454072455682,-0.9606882459733804,-0.003554601538457103,-1.3606882459733805
63.11019428199984,2.7955654316072924,-0.9578275755021938,-0.004434577176732901,-1.3578275755021938
63.12370717199997,2.7946858569670034,-0.9549675726302368,-0.005314151817021884,-1.3549675726302368
63.142293065999866,2.7938064756353485,-0.9521075103146602,-0.006193533148676877,-1.3521075103146603
63.15760595200004,2.7929272876163465,-0.9492473885685312,-0.007072721167678875,-1.3492473885685312
63.17114819099993,2.7920482929140085,-0.9463872074049131,-0.007951715870016862,-1.3463872074049132
63.18529594200004,2.7911730413750817,-0.9435392489648671,-0.00882696740894362,-1.3435392489648672
63.20030592499984,2.790298794477769,-0.9406967131705501,-0.009701214306256478,-1.34069671317055
63.21761467200008,2.789423905599506,-0.9378543749024808,-0.010576103184519514,-1.3378543749024807
63.23331629099971,2.7885483747849236,-0.9350122343056495,-0.011451633999101762,-1.3350122343056494
63.24701181599971,2.7876722020786824,-0.9321702915250369,-0.012327806705342947,-1.332170291525037
63.260857005999924,2.786803954932267,-0.9293572123454501,-0.013196053851758371,-1.32935721234545
63.27436125500003,2.7859378638868946,-0.9265568867589585,-0.014062144897130757,-1.3265568867589586
63.29337535399986,2.785070103270938,-0.9237570780864552,-0.01492990551308715,-1.3237570780864552
63.308492478999824,2.7842006733929097,-0.9209577873233454,-0.015799335391115665,-1.3209577873233456
63.3230120339997,2.783329574561915,-0.9181590154648565,-0.01667043422211023,-1.3181590154648566
63.33629800099993,2.7824500899838167,-0.9153370916467031,-0.01754991880020862,-1.315337091646703
63.350949936999996,2.7815678079386363,-0.9125037776610629,-0.01843220084538899,-1.312503777661063
63.37125705199992,2.7806863238397055,-0.9096702153215882,-0.019313684944319842,-1.3096702153215882
63.387134624000055,2.7798056377569282,-0.9068364048529839,-0.02019437102709709,-1.306836404852984
63.40092814600007,2.778925749760153,-0.9040023464799987,-0.021074259023872166,-1.3040023464799986
63.41528689199981,2.7780412204698393,-0.9011513481149561,-0.021958788314186073,-1.3011513481149561
63.42881749100002,2.7771542160308016,-0.8982928316119513,-0.022845792753223737,-1.2982928316119513
63.44833199299978,2.7762670375330796,-0.8954343691255752,-0.023732971250945756,-1.2954343691255752
63.4639541869999,2.7753796849799643,-0.8925759606664315,-0.024620323804060984,-1.2925759606664315
63.47793155699969,2.7744921583747377,-0.8897176062451153,-0.025507850409287602,-1.2897176062451154
63.49242808299982,2.7736049376431082,-0.8868609020972558,-0.026395071140917103,-1.286860902097256
63.507594801000096,2.7727176985701854,-0.8840049516317017,-0.027282310213839978,-1.2840049516317018
63.52749430500012,2.7718302266611348,-0.8811490735101898,-0.028169782122890563,-1.2811490735101898
63.54471512899977,2.7709425219218624,-0.87829326775171,-0.029057486862162918,-1.27829326775171
63.55933520199983,2.770054584358274,-0.8754375343752643,-0.029945424425751543,-1.2754375343752642
63.57416297499981,2.769167627894239,-0.8725859045661731,-0.030832380889786126,-1.2725859045661732
63.59110993499985,2.7682808330119304,-0.8697361139852925,-0.03171917577209493,-1.2697361139852925
63.61122377600009,2.7673936572656896,-0.8668864419491713,-0.032606351518335686,-1.2668864419491714
63.62787963799997,2.7665061006713647,-0.8640368885087141,-0.03349390811266062,-1.264036888508714
63.641301964999684,2.765618163244809,-0.8611874537148146,-0.034381845539216194,-1.2611874537148147
63.654435005000096,2.764730148803913,-0.8583384438409002,-0.03526985998011245,-1.2583384438409002
63.67043534499976,2.7638425425599396,-0.8554894785856555,-0.03615746622408578,-1.2554894785856554
63.68954079599985,2.7629553305871104,-0.8526403905236243,-0.037044678196914926,-1.2526403905236243
63.70465878899972,2.7620685129024207,-0.8497911797093723,-0.037931495881604604,-1.2497911797093724
63.719311484999935,2.761182089522852,-0.8469418461974618,-0.038817919261173284,-1.246941846197462
63.73303381899973,2.760301406027365,-0.8441090535277793,-0.03969860275666015,-1.2441090535277795
63.746989688999975,2.759423925431888,-0.841283119024679,-0.04057608335213736,-1.2412831190246791
63.764702948999684,2.758547448224723,-0.8384568731548746,-0.04145256055930213,-1.2384568731548746
63.77919244999998,2.757671974516354,-0.8356303162746367,-0.04232803426767129,-1.2356303162746367
63.79370761999985,2.756797504417143,-0.8328034487402719,-0.043202504366882444,-1.232803448740272
63.80725624899992,2.7559185697382067,-0.8299597866061625,-0.04408143904581863,-1.2299597866061625
63.82207260600012,2.7550370012563743,-0.8271087626021919,-0.04496300752765103,-1.227108762602192
63.844157400000086,2.7541550425946846,-0.82425785927545,-0.04584496618934075,-1.22425785927545
63.85996331299998,2.7532726937696537,-0.821407076679329,-0.04672731501437166,-1.221407076679329
63.87374321199991,2.7523899547978132,-0.8185564148672368,-0.0476100539862121,-1.218556414867237
63.88725487299985,2.7515039954554275,-0.8156964364142337,-0.048496013328597876,-1.2156964364142337
63.901580030000105,2.7506167284159395,-0.8128324426770327,-0.04938328036808581,-1.2128324426770327
63.922213864000014,2.7497294187666026,-0.8099684621407365,-0.050270590017422734,-1.2099684621407365
63.93954532900011,2.7488420665076116,-0.8071044948059809,-0.05115794227641368,-1.2071044948059808
63.95307845000002,2.747954671639164,-0.8042405406733976,-0.05204533714486148,-1.2042405406733976
63.96734860899983,2.7470718378960277,-0.8013919453254259,-0.052928170887997616,-1.201391945325426
63.981462384,2.7461904557073464,-0.7985500883371867,-0.053809553076678895,-1.1985500883371867
64.00020590999998,2.7453084675744126,-0.7957084193491646,-0.054691541209612726,-1.1957084193491645
64.01475125699994,2.744425873537324,-0.7928669384905574,-0.055574135246701406,-1.1928669384905575
64.028938101,2.7435426736362105,-0.7900256458905605,-0.05645733514781481,-1.1900256458905605
64.04231957099978,2.7426569479695972,-0.7871781675952718,-0.05734306081442808,-1.1871781675952717
64.05623264700012,2.7417699916930016,-0.7843280844210513,-0.05823001709102371,-1.1843280844210513
64.07686635499999,2.740882662598437,-0.7814781172958897,-0.05911734618558828,-1.1814781172958897
64.09263184499991,2.7399949607010803,-0.7786282662685553,-0.060005048082945045,-1.1786282662685554
64.10605709300012,2.7391068860161294,-0.7757785313878149,-0.060893122767895935,-1.1757785313878149
64.11937650100003,2.7382181837474318,-0.7729280686447446,-0.061781825036593574,-1.1729280686447447
64.13358581899979,2.737329025832221,-0.7700773521971355,-0.06267098295180418,-1.1700773521971355
64.15500731599991,2.7364395261323016,-0.7672267423769906,-0.06356048265172376,-1.1672267423769906
64.17125252799974,2.7355496846604606,-0.7643762392252911,-0.06445032412356477,-1.164376239225291
64.18628943299996,2.7346595014294883,-0.7615258427830145,-0.065340507354537,-1.1615258427830146
64.20110191599974,2.7337826025795096,-0.7587172822193722,-0.06621740620451577,-1.158717282219372
64.21517998900003,2.7329130658765868,-0.7559261308838567,-0.06708694290743855,-1.1559261308838567
64.2382434499998,2.732045380858341,-0.7531344033605345,-0.06795462792568419,-1.1531344033605344
64.25475267099978,2.73117954790657,-0.7503421008778149,-0.06882046087745541,-1.150342100877815
64.26835016099972,2.7303155674022634,-0.7475492246643849,-0.06968444138176189,-1.147549224664385
64.28213102099994,2.7294497414697254,-0.7447441576339334,-0.07055026731429992,-1.1447441576339334
64.29635040900007,2.72858383251355,-0.7419336481467202,-0.07141617627047525,-1.1419336481467202
64.31615487900012,2.727719363755293,-0.7391226953431146,-0.07228064502873233,-1.1391226953431146
64.33174735499983,2.7268563354219166,-0.736311299961122,-0.0731436733621087,-1.136311299961122
64.34594357899982,2.7259947477400095,-0.7334994627388656,-0.07400526104401584,-1.1334994627388655
64.35923123299995,2.7251239277108597,-0.7306536826243705,-0.07487608107316568,-1.1306536826243705
64.37233937999986,2.724247646744828,-0.7277902905827933,-0.07575236203919733,-1.1277902905827935
64.39152496700012,2.7233712286784533,-0.7249269405014599,-0.07662878010557206,-1.12492694050146
64.40646256200012,2.7224946735137583,-0.7220636323869571,-0.07750533527026704,-1.1220636323869573
64.4198579399997,2.721617981252754,-0.7192003662458484,-0.07838202753127144,-1.1192003662458485
64.43440941499989,2.7207425135878034,-0.7163412161109775,-0.07925749519622194,-1.1163412161109774
64.45043144899978,2.719867854365014,-0.7134837431505776,-0.08013215441901123,-1.1134837431505775
64.46920093999984,2.7189934838851033,-0.7106261818232921,-0.08100652489892202,-1.110626181823292
64.48503071299979,2.718119402156992,-0.70776853215828,-0.08188060662703345,-1.10776853215828
64.49884389199974,2.71724560918961,-0.7049107941847272,-0.08275439959441533,-1.1049107941847272
64.51196556499985,2.716370464485916,-0.7020479436278736,-0.08362954429810943,-1.1020479436278736
64.52617568999972,2.715494573278354,-0.6991829530766466,-0.08450543550567113,-1.0991829530766466
64.54273952800008,2.7146185800177807,-0.6963179937272774,-0.08538142876624466,-1.0963179937272773
64.55804053899988,2.7137424847053206,-0.6934530655833985,-0.08625752407870468,-1.0934530655833985
64.57308194699976,2.7128662873420915,-0.6905881686486425,-0.08713372144193388,-1.0905881686486425
64.58741721599995,2.711995053018279,-0.6877404113804938,-0.0880049557657463,-1.0877404113804938
64.6005419569999,2.7111253548333947,-0.684900180555318,-0.08887465395063066,-1.084900180555318
64.6166565709998,2.7102549281045287,-0.6820601729175223,-0.0897450806794966,-1.0820601729175223
64.63067665599988,2.7093837728889527,-0.6792203886539829,-0.09061623589507262,-1.079220388653983
64.64499667799987,2.7085118892439928,-0.6763808279515655,-0.09148811954003255,-1.0763808279515654
64.65909637699974,2.7076363648516506,-0.6735310719025226,-0.09236364393237473,-1.0735310719025226
64.67336908899983,2.7067597805338,-0.6706767927235813,-0.09324022825022515,-1.0706767927235812
64.68840167699977,2.7058835462130078,-0.6678224060797072,-0.09411646257101758,-1.0678224060797072
64.70317813799988,2.705007661902456,-0.6649679120138233,-0.09499234688156921,-1.0649679120138233
64.71683438800005,2.7041321276153094,-0.6621133105688449,-0.09586788116871592,-1.062113310568845
64.72979073400006,2.7032649041431944,-0.6592860448113742,-0.0967351046408309,-1.0592860448113743
64.75625039900001,2.7024000050027794,-0.6564708742349342,-0.09760000378124589,-1.0564708742349342
64.76443566500006,2.701533764936845,-0.653656115977866,-0.09846624384718039,-1.0536561159778661
64.78036701199994,2.7006661841419537,-0.6508417706788853,-0.09933382464207163,-1.0508417706788853
64.7943816999998,2.6997972628149736,-0.6480278389766084,-0.10020274596905177,-1.0480278389766085
64.80796009799974,2.6989247012969746,-0.6452066449208129,-0.10107530748705074,-1.045206644920813
64.8217625499999,2.6980500477074227,-0.6423825033276127,-0.10194996107660259,-1.0423825033276128
64.83994009799994,2.6971743290751076,-0.6395586918046563,-0.10282567970891776,-1.0395586918046562
64.85461896699985,2.6962975455245886,-0.636735210753593,-0.10370246325943677,-1.036735210753593
64.86774809999974,2.6954196971805757,-0.6339120605760291,-0.1045803116034496,-1.033912060576029
64.88135072499995,2.694544927408126,-0.6311029755841296,-0.10545508137589943,-1.0311029755841297
64.89507678299992,2.6936704519453945,-0.6283002383213956,-0.10632955683863088,-1.0283002383213957
64.9167220769998,2.692794421816099,-0.6254979865997609,-0.10720558696792626,-1.0254979865997609
64.93199773299989,2.6919168372898286,-0.6226962212815904,-0.10808317149419677,-1.0226962212815904
64.94611258400005,2.691037698636653,-0.6198949432291089,-0.10896231014737223,-1.019894943229109
64.96017694599982,2.690150118368661,-0.6170703325918451,-0.1098498904153642,-1.017070332591845
64.97543715300003,2.6892595702288915,-0.6142342753429451,-0.11074043855513382,-1.014234275342945
64.99552521100009,2.688369695806601,-0.6113980066284636,-0.11163031297742432,-1.0113980066284636
65.01070723199996,2.687480495152,-0.6085615266084327,-0.11251951363202517,-1.0085615266084327
65.02565706399969,2.6865919683152613,-0.6057248354429048,-0.11340804046876407,-1.005724835442905
65.03980814600004,2.6856989868207,-0.6028722027234684,-0.11430102196332514,-1.0028722027234684
65.05466081700001,2.6848037513266227,-0.6000125529134764,-0.11519625745740258,-1.0000125529134765
65.07211844900007,2.6839084292200024,-0.597152930219656,-0.11609157956402294,-0.997152930219656
65.08924771499983,2.6830130205016545,-0.5942933346446216,-0.11698698828237086,-0.9942933346446217
65.10394047199975,2.6821175251724068,-0.5914337661910067,-0.11788248361161857,-0.9914337661910068
65.11801151499981,2.68122859927181,-0.588594682112693,-0.11877140951221543,-0.988594682112693
65.13242569199997,2.6803432265978984,-0.5857641461848864,-0.11965678218612696,-0.9857641461848864
65.14880924799968,2.6794586935589475,-0.5829333477615928,-0.12054131522507783,-0.9829333477615928
65.16402271499987,2.678575000232788,-0.5801022870918773,-0.12142500855123739,-0.9801022870918773
65.17728977499996,2.677692146697163,-0.5772709644248274,-0.1223078620868625,-0.9772709644248274
65.19172479899976,2.6768059496911474,-0.5744263641941554,-0.12319405909287795,-0.9744263641941554
65.20633980299976,2.6759183943715437,-0.5715760504113716,-0.12408161441248167,-0.9715760504113716
65.22793694899997,2.6750312020772893,-0.5687256236119753,-0.12496880670673605,-0.9687256236119753
65.24420681200013,2.674144372822774,-0.565875083842206,-0.12585563596125127,-0.965875083842206
65.2575932719999,2.6732579066223847,-0.5630244311483047,-0.1267421021616406,-0.9630244311483047
65.27141548899976,2.6723715135629775,-0.5601727617326666,-0.1276284952210478,-0.9601727617326666
65.28506439499984,2.6714853309816786,-0.5573206009305306,-0.1285146778023467,-0.9573206009305306
65.30438413199977,2.670599478142269,-0.5544683376966126,-0.12940053064175627,-0.9544683376966127
65.31929422600001,2.669713955056594,-0.5516159720690365,-0.1302860537274313,-0.9516159720690365
65.33380636800007,2.6688287617364828,-0.548763504085923,-0.13117124704754257,-0.948763504085923
65.34839783099983,2.667956230516402,-0.5459494788578245,-0.13204377826762315,-0.9459494788578245
65.363210192,2.667090500484656,-0.5431515034694165,-0.13290950829936943,-0.9431515034694166
65.38364542799968,2.6662264959724595,-0.5403529947656757,-0.1337735128115658,-0.9403529947656757
65.39979694099998,2.6653642173083516,-0.5375539538107365,-0.13463579147567373,-0.9375539538107365
65.41561687399985,2.664503664820214,-0.5347543816689341,-0.1354963439638115,-0.9347543816689341
65.43146002199978,2.6636314948073063,-0.5319123448132431,-0.136368513976719,-0.9319123448132431
65.44525433800004,2.662751992444228,-0.5290463088027281,-0.1372480163397971,-0.9290463088027281
65.46551895199968,2.661872439089374,-0.5261802884405884,-0.13812756969465134,-0.9261802884405884
65.480363635,2.6609928347430243,-0.5233142837277333,-0.13900717404100105,-0.9233142837277333
65.49540882799988,2.660113179405455,-0.5204482946650676,-0.13988682937857044,-0.9204482946650676
65.50892606699995,2.659236924882921,-0.5175939401422847,-0.14076308390110448,-0.9175939401422847
65.5227025669999,2.6583617355333757,-0.5147446923310304,-0.1416382732506496,-0.9147446923310304
65.54492023199987,2.6574860679427155,-0.5118955914626573,-0.14251394084130986,-0.9118955914626573
65.5601544589997,2.656609922135611,-0.5090466376174375,-0.14339008664841435,-0.9090466376174375
65.57420933099979,2.6557332981367496,-0.50619783087564,-0.1442667106472757,-0.90619783087564
65.58800698999971,2.6548542356077363,-0.5033425934496081,-0.14514577317628907,-0.9033425934496081
65.60199502299997,2.653974059868913,-0.5004846210170443,-0.1460259489151121,-0.9004846210170443
65.62337392899985,2.6530936472758353,-0.49762672153972165,-0.14690636150819003,-0.8976267215397217
65.63909203499975,2.6522129978345466,-0.4947688950372815,-0.14778701094947877,-0.8947688950372815
65.65301943100008,2.6513321115510977,-0.4919111415293439,-0.14866789723292761,-0.8919111415293439
65.66797266399976,2.65045973795793,-0.48908056515026666,-0.14954027082609533,-0.8890805651502667
65.68247971699998,2.6495921221353167,-0.4862612944435543,-0.15040788664870863,-0.8862612944435544
65.7007623259999,2.6487257341061103,-0.48344164618247204,-0.151274274677915,-0.8834416461824721
65.71601296599988,2.6478605740346097,-0.4806216209017234,-0.1521394347494156,-0.8806216209017235
65.73007945099994,2.64699664208488,-0.4778012191360861,-0.15300336669914527,-0.8778012191360861
65.74422501799995,2.6461301122245002,-0.4749697432043808,-0.1538698965595251,-0.8749697432043808
65.75860929799978,2.6452614158038554,-0.47213384367260086,-0.1547385929801699,-0.8721338436726009
65.777267832,2.6443918829625783,-0.4692982004892061,-0.155608125821447,-0.8692982004892061
65.79428865599971,2.643521513776314,-0.4664628139008915,-0.15647849500771116,-0.8664628139008915
65.80761774999996,2.642650308320788,-0.46362768415432837,-0.15734970046323715,-0.8636276841543284
65.8227986899999,2.6417840553264718,-0.46081224073781857,-0.15821595345755357,-0.8608122407378186
65.83662389699998,2.6409188552243803,-0.45800556393312014,-0.15908115355964503,-0.8580055639331201
65.85307724099971,2.6400521229594713,-0.4551993598985466,-0.159947885824554,-0.8551993598985466
65.86748246699995,2.63918385879008,-0.4523936294705039,-0.16081614999394533,-0.8523936294705039
65.88205099799984,2.6383140629749975,-0.449588373485258,-0.16168594580902784,-0.8495883734852581
65.8956853799998,2.637433991320601,-0.446754479209311,-0.16256601746342447,-0.846754479209311
65.91038457299987,2.6365489151255295,-0.44390615527849353,-0.16345109365849586,-0.8439061552784936
65.92871207299982,2.6356634110947215,-0.44105796432678857,-0.16433659768930386,-0.8410579643267886
65.94380855299983,2.6347774792481617,-0.4382099064184588,-0.16522252953586358,-0.8382099064184588
65.95822045199998,2.6338911196058357,-0.43536198161776635,-0.16610888917818967,-0.8353619816177664
65.97226434599975,2.6330117722656907,-0.4325388550601936,-0.1669882365183346,-0.8325388550601936
65.98756851599978,2.6321344278288814,-0.42972666889282474,-0.16786558095514392,-0.8297266688928248
66.00761526099973,2.6312557641112697,-0.4269148946536492,-0.16874424467275562,-0.8269148946536492
66.02314282299972,2.6303757813062645,-0.42410353296158165,-0.16962422747776085,-0.8241035329615817
66.03819896399978,2.629494479607559,-0.4212925844354447,-0.1705055291764661,-0.8212925844354447
66.05195480299994,2.628603159505124,-0.41845302441794974,-0.17139684927890153,-0.8184530244179498
66.06581927999991,2.627707431645199,-0.4155989178386966,-0.17229257713882618,-0.8155989178386966
66.08634184300013,2.6268119174283733,-0.4127447442188459,-0.17318809135565205,-0.8127447442188459
66.10127149599998,2.6259166168596564,-0.40989050357439294,-0.17408339192436895,-0.809890503574393
66.11507422999989,2.625021529944069,-0.4070361959213317,-0.17497847883995643,-0.8070361959213317
66.12945633699997,2.624129310996324,-0.40419002752537186,-0.17587069778770115,-0.8041900275253719
66.14430099200013,2.623238700543409,-0.4013472285141537,-0.17676130824061653,-0.8013472285141537
66.16279594699995,2.6223486064516175,-0.39850426778547765,-0.17765140233240784,-0.7985042677854777
66.17885251199982,2.621459028750319,-0.39566114543313563,-0.1785409800337061,-0.7956611454331357
66.19335055299985,2.6205699674688585,-0.3928178615509243,-0.17943004131516682,-0.7928178615509243
66.20720800499998,2.6196788439676544,-0.3899664190169622,-0.18032116481637095,-0.7899664190169622
66.2209518029997,2.6187868811130723,-0.3871114660525855,-0.181213127670953,-0.7871114660525855
66.24155351000013,2.6178951398176316,-0.38425644387670665,-0.18210486896639377,-0.7842564438767067
66.25705774099993,2.617003620086708,-0.3814013525065161,-0.18299638869731716,-0.7814013525065161
66.27116717500007,2.6161123219256686,-0.3785461919592136,-0.18388768685835677,-0.7785461919592136
66.28550352799971,2.615219615604858,-0.37568596216163613,-0.1847803931791674,-0.7756859621616361
66.30008889399983,2.6143262136546106,-0.372823588586147,-0.18567379512941473,-0.772823588586147
66.3183244229997,2.6134327759301255,-0.369961226176731,-0.18656723285389987,-0.769961226176731
66.33517724599983,2.612539302431543,-0.3670988749338363,-0.18746070635248246,-0.7670988749338363
66.35037158,2.611645793159002,-0.36423653485791085,-0.18835421562502352,-0.7642365348579109
66.36436954399983,2.6107656651581657,-0.3614158180322901,-0.18923434362585967,-0.7614158180322901
66.37857249700005,2.609892601431775,-0.3586125253697338,-0.1901074073522504,-0.7586125253697338
66.4007559260001,2.609021090273562,-0.3558087496434323,-0.1909789185104631,-0.7558087496434323
66.41636718199993,2.6081511319508044,-0.35300449171325665,-0.19184887683322094,-0.7530044917132567
66.43068828799983,2.6072827267303036,-0.35019975243922535,-0.19271728205372174,-0.7501997524392254
66.44458910599974,2.6064036543201308,-0.34735639303924454,-0.19359635446389456,-0.7473563930392446
66.45826556399993,2.6055181491699195,-0.34449214463351896,-0.1944818596141058,-0.744492144633519
66.47824222799977,2.6046325945148734,-0.3416279115330755,-0.19536741426915194,-0.7416279115330755
66.49415130500006,2.603746990355257,-0.3387636937387673,-0.1962530184287683,-0.7387636937387674
66.50789174199986,2.6028613366913365,-0.3358994912514536,-0.19713867209268887,-0.7358994912514536
66.52142931899994,2.601986584491998,-0.3330695449430361,-0.19801342429202728,-0.7330695449430361
66.53482963600004,2.6011176246059944,-0.33025393388565366,-0.19888238417803095,-0.7302539338856537
66.55474526000012,2.600249966612628,-0.3274379213649992,-0.19975004217139736,-0.7274379213649993
66.56973319199983,2.5993836106973784,-0.3246215079830474,-0.20061639808664689,-0.7246215079830474
66.58427385399978,2.598518557045444,-0.3218046943418549,-0.20148145173858145,-0.7218046943418549
66.5979613359998,2.5976501251543564,-0.31897269093671,-0.20234988362966888,-0.71897269093671
66.612203508,2.596780482602998,-0.31613393130253203,-0.20321952618102745,-0.7161339313025321
66.63047276299972,2.5959116032873495,-0.3132949379663993,-0.20408840549667584,-0.7132949379663993
66.64555585999983,2.595043487270214,-0.3104557111335145,-0.20495652151381138,-0.7104557111335146
66.65955346199985,2.5941761346143397,-0.30761625100910395,-0.20582387416968562,-0.707616251009104
66.67443790099992,2.59331504700711,-0.3047940282546146,-0.20668496177691553,-0.7047940282546146
66.68861572999981,2.5924576176225194,-0.30197889644244147,-0.20754239116150597,-0.7019788964424415
66.70787336599983,2.591601583563714,-0.2991633400214783,-0.20839842522031127,-0.6991633400214783
66.72348704399997,2.590746945040964,-0.2963473596833215,-0.2092530637430614,-0.6963473596833215
66.73764594099998,2.589893702264198,-0.2935309561196691,-0.21010630651982742,-0.6935309561196692
66.751231297,2.5890332993640883,-0.29068676621291994,-0.210966709419937,-0.6906867662129199
66.7647671520001,2.5881692135113856,-0.28782894618786214,-0.2118307952726397,-0.6878289461878622
66.7877257079997,2.587305484436217,-0.2849710183124293,-0.21269452434780822,-0.6849710183124293
66.80335223199995,2.586442112152045,-0.2821129826311662,-0.21355789663198044,-0.6821129826311663
66.81725832200004,2.585579096672324,-0.27925483918860955,-0.21442091211170133,-0.6792548391886095
66.83275851299982,2.5847137668119267,-0.27638801946255226,-0.21528624197209867,-0.6763880194625522
66.84690663900005,2.583847379157168,-0.2735175012333098,-0.21615262962685744,-0.6735175012333099
66.86551778199987,2.582981030892522,-0.27064697111553115,-0.21701897789150326,-0.6706469711155312
66.88173283899982,2.5821147220181517,-0.2677764291097565,-0.2178852867658736,-0.6677764291097565
66.89616406399978,2.5812484525342207,-0.2649058752165265,-0.21875155624980458,-0.6649058752165264
66.91107889599994,2.580396378079757,-0.262083840879778,-0.21960363070426814,-0.662083840879778
66.92436535999991,2.5795488534523585,-0.2592830643245067,-0.22045115533166681,-0.6592830643245067
66.9467221819998,2.5786995376265582,-0.25648283041737285,-0.2213004711574671,-0.6564828304173729
66.96186763499986,2.5778484309497984,-0.25368314030391614,-0.2221515778342269,-0.6536831403039162
66.9758216140001,2.5769955337702557,-0.2508839951294484,-0.22300447501376963,-0.6508839951294485
66.98989516100005,2.5761365270875913,-0.24807078851998396,-0.223863481696434,-0.648070788519984
67.00415065899983,2.575274283216655,-0.24525160352860834,-0.22472572556737047,-0.6452516035286083
67.02109652400009,2.5744107712601814,-0.24243280669137543,-0.22558923752384397,-0.6424328066913755
67.03719915099987,2.573545991392905,-0.239614398578677,-0.22645401739112048,-0.6396143985786771
67.05344672999968,2.572679943789816,-0.23679637976082804,-0.22732006499420931,-0.636796379760828
67.06736377899983,2.5718082483077933,-0.23396281005093458,-0.22819176047623202,-0.6339628100509346
67.0823508699998,2.570934990236031,-0.23112202169232524,-0.22906501854799455,-0.6311220216923252
67.10107657499998,2.57006242207571,-0.22828102134668035,-0.22993758670831532,-0.6282810213466804
67.116400569,2.5691905438782983,-0.22543980918156023,-0.23080946490572707,-0.6254398091815603
67.13039744100001,2.5683193556952144,-0.22259838536452617,-0.23168065308881092,-0.6225983853645262
67.14412168800004,2.5674525379972803,-0.21977039715921526,-0.23254747078674498,-0.6197703971592152
67.15878362999979,2.566586399075349,-0.21694853338524117,-0.23341360970867653,-0.6169485333852411
67.17870563600013,2.5657190813955637,-0.21412703168697972,-0.23428092738846162,-0.6141270316869798
67.19486738899991,2.564850585109284,-0.211305892556826,-0.23514942367474134,-0.611305892556826
67.20905812499973,2.5639809103680777,-0.208485116487112,-0.2360190984159476,-0.608485116487112
67.22234515500008,2.5631134076192628,-0.20567590481200274,-0.23688660116476257,-0.6056759048120027
67.2360354519999,2.562245823267001,-0.20287196256873943,-0.2377541855170242,-0.6028719625687394
67.25322096600007,2.5613766618573557,-0.2000685087781745,-0.23862334692666964,-0.6000685087781745
67.26864116699994,2.5605059236653296,-0.19726554432731375,-0.23949408511869574,-0.5972655443273138
67.28232510299972,2.5596336089664202,-0.194463070103005,-0.2403663998176051,-0.594463070103005
67.29633728699969,2.558749817091787,-0.19162771617681396,-0.2412501916922385,-0.591627716176814
67.31098455899996,2.557860817207546,-0.18877491828418103,-0.24213919157647945,-0.588774918284181
67.330980941,2.556972111401758,-0.18592202876633954,-0.24302789738226727,-0.5859220287663396
67.34709929499991,2.556083699683849,-0.1830690476535573,-0.24391630910017614,-0.5830690476535574
67.36090100599972,2.55519558206327,-0.18021597497618227,-0.24480442672075542,-0.5802159749761823
67.37573532400006,2.5543071654098823,-0.17736136537838681,-0.245692843374143,-0.5773613653783869
67.39107793400012,2.5534183352611493,-0.17450618591593448,-0.24658167352287608,-0.5745061859159345
67.41108733999977,2.552529265812985,-0.1716510809594648,-0.24747074297104055,-0.5716510809594648
67.42622545600011,2.551639957071638,-0.1687960505290382,-0.24836005171238718,-0.5687960505290383
67.43991704599989,2.5507504090433546,-0.16594109464470608,-0.24924959974067074,-0.5659410946447061
67.45336234599995,2.549866389695332,-0.16310532160758942,-0.25013361908869314,-0.5631053216075894
67.46822230699968,2.5489840111176365,-0.16027799711596835,-0.2510159976663888,-0.5602779971159684
67.48701169999981,2.5481006969548696,-0.15745096478061255,-0.2518993118291557,-0.5574509647806125
67.50303697200002,2.547216447303764,-0.1546242249111135,-0.2527835614802614,-0.5546242249111135
67.51764761599975,2.5463312622611562,-0.1517977778170345,-0.2536687465228691,-0.5517977778170345
67.53265649199989,2.545447317449856,-0.14897878502410156,-0.25455269133416936,-0.5489787850241016
67.54802831699976,2.5445631509289606,-0.14616322347690278,-0.25543685785506476,-0.5461632234769028
67.56592919799982,2.5436777918568,-0.14334803670226776,-0.25632221692722545,-0.5433480367022678
67.58171245500012,2.5427912403922317,-0.1405332252053103,-0.25720876839179363,-0.5405332252053103
67.5959607049997,2.5419034966943217,-0.13771878949107516,-0.25809651208970363,-0.5377187894910752
67.60999959200012,2.5410175333911145,-0.13491443794692878,-0.25898247539291086,-0.5349144379469288
67.62450114199987,2.5401313579526263,-0.13211471685809242,-0.259868650831399,-0.5321147168580924
67.64504397299993,2.539243644813958,-0.1293154829510223,-0.2607563639700672,-0.5293154829510223
67.66061959700005,2.538354394242943,-0.12651673707027467,-0.26164561454108215,-0.5265167370702747
67.67439270799991,2.537463606507875,-0.12371848006025804,-0.2625364022761505,-0.5237184800602581
67.68818288499983,2.5365654302001355,-0.12090177110069782,-0.26343457858388986,-0.5209017711006978
67.70223274199975,2.535663604764173,-0.11807663659808502,-0.26433640401985237,-0.518076636598085
67.724995627,2.5347609366507102,-0.11525177122930573,-0.2652390721333151,-0.5152517712293058
67.74084025499974,2.5338574259400612,-0.11242717524571053,-0.2661425828439641,-0.5124271752457106
67.75484541699984,2.532953072712621,-0.10960284889863009,-0.2670469360714045,-0.5096028488986302
67.76865515399982,2.532046478039982,-0.10677428917758697,-0.26795353074404327,-0.506774289177587
67.78290326000001,2.531138580251781,-0.1039440250746211,-0.26886142853224415,-0.5039440250746211
67.80172885999968,2.5302300034751872,-0.10111397886874275,-0.2697700053088381,-0.5011139788687428
67.8178819899997,2.529320747762499,-0.09828415072284917,-0.2706792610215265,-0.4982841507228492
67.83158879999996,2.528410813166047,-0.09545454079981223,-0.27158919561797834,-0.49545454079981227
67.844854962,2.5274957639336715,-0.0926109247395834,-0.27250424485035385,-0.49261092473958346
67.85992345499994,2.5265785493207136,-0.08976119368324191,-0.27342145946331176,-0.48976119368324195
67.88091532099975,2.525661179155263,-0.08691151269772018,-0.2743388296287623,-0.4869115126977202
67.89712575999988,2.5247436534400647,-0.0840618817915052,-0.27525635534396065,-0.4840618817915052
67.91326849699976,2.523825972177843,-0.08121230097308942,-0.2761740366061822,-0.4812123009730894
67.92742907399975,2.522919102012183,-0.07839555274724397,-0.2770809067718423,-0.478395552747244
67.9425072409997,2.5220180581452287,-0.07559249188064834,-0.2779819506387966,-0.47559249188064834
67.96306664200006,2.521118366986188,-0.07278899654618051,-0.27888164179783725,-0.47278899654618056
67.99410754299993,2.5202200287445558,-0.06998506739663708,-0.2797799800394696,-0.4699850673966371
68.01397622299987,2.519323043629512,-0.06718070508491791,-0.28067696515451335,-0.46718070508491794
68.03188271499971,2.518428008685143,-0.06437772378945406,-0.2815720000988824,-0.4643777237894541
68.05081417699989,2.5175346383179797,-0.061575070264371326,-0.2824653704660456,-0.46157507026437133
68.07486627100002,2.516642686717742,-0.05877196489043029,-0.2833573220662835,-0.4587719648904303
68.09057491699991,2.515752154112967,-0.05596840838584282,-0.2842478546710585,-0.45596840838584285
68.10861805799982,2.514863040731825,-0.05316440146893672,-0.28513696805220023,-0.4531644014689368
68.12347738799986,2.5139662302588315,-0.050332687488572996,-0.28603377852519385,-0.450332687488573
68.13687944399976,2.513064844413479,-0.0474875709631722,-0.2869351643705462,-0.4474875709631722
68.15122138499987,2.5121628079904403,-0.04464168455116632,-0.287837200793585,-0.44464168455116637
68.16549651599985,2.511259706828996,-0.041792231349896174,-0.2887403019550292,-0.4417922313498962
68.17932810399975,2.5103568737905326,-0.03894269318402215,-0.2896431349934927,-0.4389426931840222
68.19292487400003,2.509454308883045,-0.03609307007878854,-0.2905456999009801,-0.43609307007878856
68.20697332699979,2.5085520121145284,-0.033243362059424526,-0.29144799666949694,-0.43324336205942454
68.228244227,2.5076499834929638,-0.030393569151160715,-0.2923500252910616,-0.4303935691511607
68.24240240299991,2.506748223026347,-0.02754369137922879,-0.2932517857576782,-0.4275436913792288
68.25528078000002,2.505846730722655,-0.02469372876886115,-0.2941532780613705,-0.4246937287688612
68.269361936,2.5049455326992747,-0.02184376138635554,-0.29505447608475066,-0.42184376138635554
68.28360665100013,2.5040446165604475,-0.018993742723991215,-0.2959553922235778,-0.41899374272399126
68.30205919100013,2.5031439715685577,-0.01614363836386648,-0.2968560372154676,-0.4161436383638665
68.31605504999993,2.5022435977317556,-0.013293448331777246,-0.2977564110522697,-0.4132934483317773
68.32968683000013,2.5013434950581908,-0.010443172653520436,-0.29865651372583457,-0.4104431726535205
68.34349741499977,2.5004464495712635,-0.007601367115679086,-0.29955355921276183,-0.4076013671156791
68.35856468199995,2.4995511370344397,-0.004763058273010292,-0.3004488717495857,-0.4047630582730103
68.37668662700003,2.498656410728844,-0.0019245645768661448,-0.3013435980551815,-0.40192456457686615
68.39250389099993,2.497762270692644,0.0009141138516699645,-0.3022377380913812,-0.39908588614833007
68.4061219949997,2.496868716963983,0.00375297689150714,-0.3031312918200424,-0.39624702310849286
68.41968375300007,2.4959810733203494,0.006575611506273783,-0.304018935463676,-0.39342438849372624
68.43449772999998,2.4950968048486297,0.009391555651082711,-0.3049032039353956,-0.3906084443489173
68.45400920999987,2.4942137195938545,0.012207871079005292,-0.3057862891901708,-0.38779212892099474
68.46946473999992,2.4933318177119173,0.015024557292873735,-0.3066681910721081,-0.3849754427071263
68.48333028000002,2.4924510993585005,0.01784161379545174,-0.3075489094255248,-0.3821583862045483
68.497171707,2.491570154685146,0.020663419227595077,-0.30842985409887946,-0.37933658077240495
68.51152710499969,2.4906896550766735,0.02348742882438373,-0.3093103537073518,-0.3765125711756163
68.5318142399999,2.4898101812075377,0.02631175803267232,-0.3101898275764876,-0.3736882419673277
68.546307974,2.488931733193756,0.029136406479887477,-0.3110682755902694,-0.37086359352011256
68.55974798700004,2.4880543111512057,0.03196137379341934,-0.31194569763281965,-0.3680386262065807
68.57294364999984,2.4871757255424085,0.03479350151323078,-0.3128242832416168,-0.3652064984867692
68.58703839499981,2.4862970163851923,0.03762881415086815,-0.31370299239883304,-0.36237118584913186
68.60676514900001,2.4854190848801965,0.040464367678603765,-0.31458092390382886,-0.35953563232139624
68.62269367399972,2.4845419310934624,0.04330016188314991,-0.3154580776905629,-0.35669983811685013
68.63665658600007,2.4836655550909645,0.04613619655119623,-0.3163344536930608,-0.3538638034488038
68.649516704,2.4827921443924152,0.04896376557888508,-0.3172078643916101,-0.3510362344211149
68.66490433100012,2.481918863212512,0.05178735371608307,-0.31808114557151335,-0.34821264628391696
68.68311561399992,2.4810444943335392,0.05461060521944426,-0.3189555144504861,-0.34538939478055575
68.69979362499976,2.4801690378852683,0.057433519669957786,-0.319830970898757,-0.3425664803300422
68.71350322000012,2.479292493997624,0.06025609664867392,-0.32070751478640114,-0.3397439033513261
68.7266924449998,2.4784196279982114,0.06306252060104801,-0.32158038078581397,-0.336937479398952
68.74097628100003,2.477547237887845,0.06586167895117807,-0.3224527708961804,-0.33413832104882196
68.76080830099977,2.4766731971676057,0.06866032233559448,-0.32332681161641963,-0.33133967766440553
68.77521482199995,2.475797506141474,0.0714584497809633,-0.32420250264255124,-0.32854155021903675
68.78879092400007,2.4749201651140047,0.07425606031413026,-0.32507984367002063,-0.3257439396858698
68.80312873699972,2.47403008862902,0.07708965726900394,-0.32596992015500525,-0.32291034273099606
68.81677697700002,2.4731335911052477,0.07994265403072127,-0.32686641767877767,-0.32005734596927876
68.8393670590001,2.472236859548002,0.08279557724152545,-0.3277631492360231,-0.3172044227584746
68.85375028199974,2.4713398939633215,0.08564842688221734,-0.3286601148207038,-0.31435157311778267
68.86847079999984,2.470442694357242,0.0885012029336024,-0.32955731442678315,-0.3114987970663976
68.88259220899977,2.4695453857222507,0.09135390964901345,-0.33045462306177464,-0.30864609035098656
68.89614123299975,2.468648295467059,0.09420667002662929,-0.3313517133169661,-0.3057933299733707
68.91659172599998,2.4677514404127447,0.09705950435578851,-0.3322485683712806,-0.3029404956442115
68.93135988800009,2.4668548205654073,0.09991241261709527,-0.33314518821861805,-0.30008758738290475
68.9450606580001,2.4659584359311397,0.10276539479115532,-0.3340415728528856,-0.2972346052088447
68.95915453700013,2.4650664326421325,0.10560565488742972,-0.3349335761418928,-0.2943943451125703
68.97296029899985,2.464176841488888,0.1084406304008999,-0.3358231672951373,-0.2915593695991001
68.99516781399984,2.4632879561985757,0.11127582731162214,-0.3367120525854497,-0.2887241726883779
69.0112199939997,2.462399776826294,0.11411124544384847,-0.33760023195773137,-0.28588875455615154
69.026025419,2.4615123034270994,0.1169468846218162,-0.33848770535692596,-0.28305311537818384
69.04011238099997,2.4606216359220854,0.11979483287976472,-0.33937837286193995,-0.2802051671202353
69.05331580699999,2.459729625280143,0.1226480644693465,-0.3402703835038823,-0.2773519355306535
69.07134007499985,2.4588378763405374,0.12550137786220128,-0.3411621324434879,-0.27449862213779874
69.0864696860001,2.4579463891107696,0.12835477303432202,-0.34205361967325576,-0.271645226965678
69.10044112199989,2.457055163598343,0.13120824996170702,-0.34294484518568247,-0.26879175003829303
69.11407111999983,2.456180880685694,0.13400622596875825,-0.3438191280983314,-0.2659937740312418
69.12885583499997,2.4553118757988877,0.13677979528647716,-0.3446881329851377,-0.26322020471352287
69.15087227899971,2.4544406241551777,0.13955265965872038,-0.3455593846288476,-0.26044734034127964
69.16595788099971,2.4535671263264223,0.14232481726547436,-0.34643288245760306,-0.25767518273452567
69.17918050799994,2.4526913828859533,0.1450962662871968,-0.347308625898072,-0.2549037337128032
69.19241497200005,2.451798849420983,0.14791454856292352,-0.3482011593630423,-0.2520854514370765
69.20891872900006,2.450896897599904,0.15076107305193717,-0.3491031111841214,-0.24923892694806285
69.22725883199996,2.449994600501193,0.15360748811299724,-0.35000540828283233,-0.24639251188700279
69.24355963499988,2.4490919581381276,0.1564537937042106,-0.3509080506458977,-0.24354620629578944
69.2604676819999,2.448188970523992,0.1592999897836985,-0.35181103826003346,-0.24070001021630152
69.28089712299993,2.4472862318163866,0.1621448316077156,-0.3527137769676387,-0.23785516839228443
69.29691056999968,2.446384030116907,0.16498922956321246,-0.35361597866711847,-0.23501077043678756
69.31568788199979,2.4454822215619374,0.16783375218853439,-0.35451778722208793,-0.23216624781146564
69.33107979300007,2.444580806168702,0.17067839942933946,-0.3554192026153231,-0.22932160057066056
69.3469070409999,2.4436797839544218,0.1735231712312892,-0.35632022482960357,-0.2264768287687108
69.36168035900005,2.442777312671836,0.17637370879420575,-0.3572226961121894,-0.22362629120579428
69.3754346889998,2.4418742678328784,0.17922673240996312,-0.3581257409511469,-0.2207732675900369
69.39447293499984,2.4409714077090876,0.18207981448556282,-0.3590286010749377,-0.2179201855144372
69.41043044699995,2.4400687323042543,0.18493295500904544,-0.3599312764797711,-0.21506704499095458
69.42526789299995,2.439166241622154,0.18778615396845444,-0.3608337671618713,-0.21221384603154558
69.43928736399971,2.4382639325717204,0.1906394208382475,-0.36173607621230497,-0.20936057916175252
69.45318273999987,2.437361806626352,0.1934927500911713,-0.3626382021576733,-0.2065072499088287
69.47909967800001,2.436459865063439,0.1963461376330212,-0.3635401437205865,-0.20365386236697883
69.49395235799989,2.4355581078867505,0.19919958345188357,-0.3644419008972748,-0.20080041654811645
69.50809561599976,2.4346565351000455,0.2020530875358413,-0.3653434736839798,-0.19794691246415871
69.52222716399979,2.4337694407401704,0.20486275759344166,-0.3662305680438549,-0.19513724240655836
69.53688897899997,2.4328900092064516,0.20765410130209758,-0.36710999957757373,-0.19234589869790245
69.55096625800002,2.432012353466685,0.21044600386572668,-0.36798765531734023,-0.18955399613427334
69.56448892399999,2.4311364738760055,0.21323846415460862,-0.3688635349080198,-0.1867615358453914
69.5794095220001,2.4302623707888324,0.21603148103879335,-0.3697376379951929,-0.18396851896120667
69.5935075269997,2.429380229464615,0.21885437303829236,-0.37061977931941037,-0.18114562696170766
69.60748332099979,2.428492882593262,0.22169199095526126,-0.3715071261907634,-0.17830800904473876
69.62421284600009,2.4276048747665633,0.22452940210143815,-0.37239513401746205,-0.17547059789856187
69.63900197399994,2.4267162060326934,0.22736660632288144,-0.3732838027513319,-0.17263339367711858
69.65291795300004,2.425826876439875,0.23020360346564714,-0.37417313234415017,-0.16979639653435288
69.66678038199984,2.4249414385600017,0.23302541627386625,-0.37505857022402367,-0.16697458372613377
69.67989246399998,2.4240568315036213,0.2358404585348483,-0.37594317728040405,-0.16415954146515171
69.69914746099971,2.4231710232515273,0.2386551230469779,-0.376828985532498,-0.16134487695302213
69.71435188600003,2.4222840139650303,0.24146940929769697,-0.377715994818995,-0.15853059070230305
69.72845664500005,2.421395803805655,0.244283316774517,-0.37860420497837044,-0.15571668322548302
69.74341320999997,2.420497800488785,0.24712494675936444,-0.3795022082952402,-0.15287505324063558
69.75812149299986,2.419595222286152,0.24998043201864817,-0.38040478649787346,-0.15001956798135185
69.7729314769997,2.4186925138124575,0.252835876097844,-0.3813074949715678,-0.147164123902156
69.78912317299978,2.4177896750695878,0.2556912789910012,-0.3822103337144376,-0.14430872100899883
69.80328953899993,2.4168867060594197,0.2585466406921806,-0.38311330272460564,-0.14145335930781944
69.81819135499995,2.415988459075393,0.26138730213772776,-0.3840115497086325,-0.13861269786227226
69.8319783469999,2.4150928425839333,0.26422185526000463,-0.384907166200092,-0.1357781447399954
69.85168466499977,2.4141978972891174,0.26705662036880506,-0.38580211149490795,-0.13294337963119496
69.8672703159998,2.4133036232411174,0.26989159730519474,-0.38669638554290797,-0.13010840269480528
69.88103077099981,2.4124100204900727,0.2727267859102271,-0.38758998829395264,-0.12727321408977293
69.89565985700006,2.4115184511939556,0.27555799236613643,-0.38848155759006975,-0.1244420076338636
69.91111879899995,2.4106282671482626,0.27838765380561453,-0.3893717416357627,-0.12161234619438549
69.93180968999991,2.4097389076230407,0.281217574499233,-0.39026110116098467,-0.11878242550076701
69.94794631899981,2.408850372693797,0.28404775420674166,-0.39114963609022846,-0.11595224579325836
69.96227206399976,2.4079626624359642,0.2868781926878627,-0.3920373463480611,-0.11312180731213733
69.97622315100011,2.407071596106986,0.28972120394945683,-0.39292841267703915,-0.11027879605054319
69.99111188499978,2.4061785459958775,0.29256943253532497,-0.3938214627881478,-0.10743056746467505
70.01028465200011,2.4052851244632043,0.2954175446369227,-0.394714884320821,-0.10458245536307731
70.02686540199988,2.4043913315241685,0.29826554020581586,-0.3956086772598568,-0.10173445979418416
70.0407212560001,2.403497167193963,0.30111341919357004,-0.39650284159006244,-0.09888658080642998
70.05523501499988,2.4026036687013974,0.3039577723284035,-0.3973963400826279,-0.09604222767159654
70.07027363199973,2.4017101373043404,0.30680051434738465,-0.398289871479685,-0.09319948565261538
70.08509640699981,2.4008161097915393,0.30964310037957143,-0.3991838989924861,-0.09035689962042859
70.10091718699982,2.3999215861902274,0.31248553033838156,-0.4000784225937979,-0.08751446966161847
70.11725524100007,2.3990265665276542,0.31532780413722694,-0.4009734422563711,-0.08467219586277308
70.13153441999998,2.3981364559694733,0.31815410837126246,-0.401863552814552,-0.08184589162873757
70.14659381599972,2.3972495015269883,0.32097389968445045,-0.402750507257037,-0.07902610031554957
70.16535443099997,2.3963636225313385,0.32379402904992843,-0.40363638625268683,-0.07620597095007159
70.18163039199976,2.3954788191113696,0.3266144960575321,-0.4045211896726557,-0.0733855039424679
70.19627457299998,2.394595091395769,0.3294353002970441,-0.40540491738825635,-0.07056469970295592
70.21109334700009,2.393705260595037,0.33227866033714265,-0.4062947481889885,-0.06772133966285737
70.22566781199998,2.392812409937325,0.3351326370454679,-0.4071875988467002,-0.0648673629545321
70.24571615399987,2.3919197972580064,0.3379866881931103,-0.4080802115260189,-0.06201331180688974
70.26082603000009,2.3910274225632926,0.3408408137602259,-0.40897258622073274,-0.05915918623977412
70.275437259,2.39013528585938,0.3436950137269704,-0.40986472292464526,-0.0563049862730296
70.28928870899995,2.389259748483668,0.3464985070938969,-0.4107402603003574,-0.05350149290610312
70.30412141200009,2.3883930179309987,0.3492807969108137,-0.41160699085302666,-0.050719203089186315
70.32667192299982,2.3875283573675805,0.35206373071999064,-0.4124716514164448,-0.04793626928000938
70.3425404269999,2.386665767271905,0.35484730698139066,-0.4133342415121204,-0.04515269301860936
70.35597182600009,2.385805248121319,0.3576315241546131,-0.41419476066270633,-0.042368475845386944
70.37048012499986,2.38493494946966,0.3604535561996744,-0.4150650593143652,-0.039546443800325626
70.38497795399985,2.384059157888301,0.3632958846054093,-0.4159408508957245,-0.03670411539459073
70.40693728499969,2.3831840019726216,0.3661384087976219,-0.41681600681140374,-0.03386159120237814
70.42341136799973,2.3823094817663915,0.36898112863414234,-0.4176905270176339,-0.03101887136585768
70.43750925800009,2.381435597313348,0.37182404397280183,-0.41856441147067747,-0.02817595602719819
70.45148800799984,2.3805709547008767,0.3746370920611159,-0.4194290540831487,-0.025362907938884127
70.46643417099972,2.3797086422804963,0.37743683818862617,-0.42029136650352905,-0.022563161811373855
70.48484127699999,2.378844620167588,0.3802360571649278,-0.4211553886164374,-0.019763942835072212
70.50084522800012,2.3779788886844124,0.3830347479459753,-0.4220211200996129,-0.016965252054024715
70.51620623999975,2.3771114481538658,0.3858329094879262,-0.42288856063015956,-0.014167090512073821
70.53039211600003,2.376239676208865,0.3886392536263613,-0.42376033257516044,-0.011360746373638708
70.54583010400006,2.3753653344167542,0.39144888232403846,-0.4246346743672711,-0.008551117675961561
70.5643652819997,2.3744895933500856,0.3942580751925313,-0.42551041543393975,-0.005741924807468712
70.57995141900005,2.3736124532261065,0.39706683153496136,-0.42638755555791885,-0.0029331684650386602
70.5960242599997,2.3727339142624073,0.3998751506545592,-0.427266094521618,-0.00012484934544082504
70.6103886389999,2.3718454244926805,0.4027112497768188,-0.4281545842913448,0.0027112497768188026
70.62527570799989,2.3709521759909844,0.4055612165155728,-0.42904783279304093,0.005561216515572787
70.64131723100013,2.3700585982713287,0.40841108004857174,-0.42994141051269663,0.008411080048571717
70.65824172199996,2.369164691345632,0.4112608403377854,-0.43083531743839343,0.011260840337785405
70.67256359999988,2.3682704552258262,0.41411049734518507,-0.4317295535581991,0.014110497345185047
70.6878324429997,2.3673847089506315,0.4169333561535591,-0.43261529983339386,0.016933356153559065
70.70335140599968,2.366503800711291,0.4197451061024187,-0.4334962080727345,0.019745106102418697
70.72037732600006,2.365624195971114,0.4225572640997739,-0.4343758128129114,0.022557264099773877
70.7367645249999,2.3647458949191122,0.4253698295413398,-0.4352541138649131,0.02536982954133976
70.75223330699987,2.3638688977440205,0.42818280182273893,-0.4361311110400048,0.028182801822738912
70.76654136999991,2.3629857393856772,0.43101940354640045,-0.4370142693983481,0.031019403546400426
70.781506477,2.3620996048495426,0.4338672236256174,-0.4379004039344827,0.03386722362561739
70.80070932800004,2.36121390221241,0.43671517805964644,-0.43878610657161543,0.036715178059646414
70.81696336099981,2.3603286314946508,0.4395632667829848,-0.43967137728937455,0.039563266782984774
70.83157523099976,2.3594437927166267,0.4424114897301277,-0.4405562160673986,0.042411489730127705
70.84459896699968,2.358559300217654,0.44526011423742323,-0.4414407085663714,0.04526011423742321
70.8589649160001,2.35767519460977,0.4481089848417118,-0.4423248141742553,0.04810898484171178
70.87834892899969,2.3567915111560573,0.4509579864211273,-0.443208497627968,0.050957986421127255
70.89442414700011,2.3559082498759234,0.4538071189131119,-0.44409175890810193,0.05380711891311185
70.90818742799979,2.355025410788756,0.4566563822551079,-0.4449745979952695,0.056656382255107884
70.92289437199975,2.3541481947019545,0.45948949968270225,-0.44585181408207086,0.05948949968270223
70.93781085399974,2.353274135055589,0.4623159283804062,-0.44672587372843653,0.06231592838040617
70.95338214499975,2.3524010922147456,0.4651426713200196,-0.44759891656927975,0.06514267132001955
70.96936574400002,2.3515290662924,0.4679697281357491,-0.4484709424916251,0.06796972813574909
70.98355795199973,2.3506580574013993,0.4707970984617589,-0.449341951382626,0.07079709846175886
70.99807029599992,2.3497816692604636,0.4736444372444202,-0.4502183395235617,0.07364443724442016
71.01445220499977,2.348902240154774,0.4765008740581544,-0.4510977686292512,0.07650087405815437
71.03753350200009,2.3480225325517843,0.4793572251143163,-0.45197747623224105,0.07935722511431625
71.05538499299996,2.347142546459853,0.48221349038575123,-0.4528574623241721,0.08221349038575121
71.06959421599981,2.3462622818873506,0.48506966984530625,-0.4537377268966747,0.08506966984530623
71.08343305499989,2.345383414166624,0.48792014999222155,-0.4546165946174012,0.08792014999222153
71.09740717,2.3445048110735476,0.4907680845375628,-0.45549519771047775,0.0907680845375628
71.11637562200008,2.3436257237703275,0.4936158696563974,-0.4563742850136978,0.0936158696563974
71.131755355,2.3427461522823805,0.49646350526638966,-0.45725385650164485,0.09646350526638964
71.14572736600007,2.3418660966351306,0.499310991285224,-0.45813391214889476,0.09931099128522397
71.16040676599982,2.3409834158860043,0.5021658533778678,-0.459016592898021,0.10216585337786777
71.17392411300011,2.340099922737906,0.5050239732940149,-0.4599000860461193,0.10502397329401492
71.19056017799971,2.3392166387436752,0.5078821578547562,-0.4607833700403501,0.10788215785475619
71.20612302399991,2.3383335639080385,0.5107404070448064,-0.46166644487598685,0.11074040704480637
71.22044956800005,2.3374506982357217,0.5135987208488736,-0.4625493105483036,0.11359872084887357
71.23410647200012,2.336571807411672,0.5164441302167189,-0.4634282013723534,0.11644413021671884
71.24873127899968,2.335693981657779,0.5192838118302621,-0.46430602712624625,0.11928381183026204
71.26629891400012,2.3348154733985877,0.5221232823722864,-0.4651845353854376,0.12212328237228642
71.2826838919998,2.333936282684847,0.5249625416787548,-0.46606372609917823,0.12496254167875476
71.29795107299992,2.3330564095673503,0.5278015895856407,-0.46694359921667505,0.1278015895856407
71.31230241799972,2.332175359033397,0.5306431218452106,-0.4678246497506282,0.13064312184521054
71.32790179400013,2.331294493335484,0.5334859325265744,-0.4687055154485411,0.13348593252657437
71.3463461609997,2.3304142151488008,0.5363289251860601,-0.46958579363522457,0.1363289251860601
71.36223998399987,2.3295345245109385,0.5391720997022474,-0.4704654842730869,0.13917209970224742
71.37679567600003,2.3286554214594677,0.5420154559537098,-0.47134458732455764,0.1420154559537098
71.39149288299973,2.3277800774059165,0.5448473456866767,-0.4722199313781088,0.14484734568667668
71.4060249329998,2.3269053251829503,0.5476740059908806,-0.473094683601075,0.14767400599088054
71.42301657099983,2.3260295666177604,0.5505003546711477,-0.47397044216626494,0.15050035467114764
71.4389263759997,2.325152801821359,0.5533263913692027,-0.47484720696266614,0.15332639136920267
71.45242061099975,2.3242750309048916,0.5561521157268072,-0.4757249778791337,0.1561521157268072
71.46666567699981,2.323388561737686,0.5590031017566987,-0.4766114470463392,0.15900310175669863
71.48077814900012,2.322498198068966,0.5618663244212391,-0.47750181071505926,0.16186632442123905
71.50342596999985,2.321607796306333,0.564729535239605,-0.47839221247769226,0.16472953523960499
71.51893060999987,2.320717356449944,0.5675927342112929,-0.4792826523340814,0.16759273421129284
71.53763490000006,2.319826878499958,0.5704559213357923,-0.4801731302840673,0.17045592133579224
71.55357938800012,2.3189444363635885,0.5732922918235137,-0.48105557242043684,0.1732922918235137
71.56732026299983,2.3180645846596417,0.5761169037413424,-0.4819354241243836,0.17611690374134237
71.5838432590001,2.3171837164706717,0.578941198828785,-0.48281629231335366,0.178941198828785
71.59959090999996,2.316301831910771,0.5817651767200398,-0.4836981768732542,0.18176517672003978
71.61353460299983,2.315418931094157,0.5845888370493476,-0.48458107768986824,0.1845888370493476
71.62720910899975,2.314534135126203,0.587416601327458,-0.4854658736578221,0.18741660132745797
71.64085585199996,2.3136495421648613,0.590246441943027,-0.48635046661916403,0.19024644194302698
71.66315263699994,2.3127658106168836,0.5930765516878722,-0.48723419816714175,0.1930765516878722
71.6781611240001,2.311882940564152,0.5959069302997813,-0.4881170682198732,0.19590693029978123
71.69200372,2.3110009320884655,0.5987375775165092,-0.48899907669555986,0.19873757751650922
71.70685536899987,2.310123740672682,0.6015538505918395,-0.48987626811134355,0.2015538505918395
71.72122408900009,2.309247198512717,0.6043635221834242,-0.49075281027130835,0.20436352218342413
71.73980760900008,2.30836927399056,0.6071727621418691,-0.4916307347934654,0.20717276214186908
71.75458048699988,2.3074899673187557,0.6099815697870541,-0.49251004146526967,0.20998156978705407
71.7682424950001,2.306609278710184,0.6127899444389594,-0.49339073007384115,0.21278994443895938
71.78608775199996,2.305735803931259,0.6155736239701017,-0.4942642048527661,0.2155736239701017
71.81627039399996,2.3048677164821334,0.6183474393123719,-0.49513229230189193,0.21834743931237188
71.82245058300009,2.304001877506088,0.6211219573317592,-0.4959981312779371,0.2211219573317592
71.84129061599992,2.3031382875719126,0.6238971762056357,-0.4968617212121127,0.22389717620563565
71.85597388800011,2.30227694724691,0.6266730941109173,-0.49772306153711554,0.2266730941109173
71.8708307229997,2.3014083328786543,0.6294774714798158,-0.498591675905371,0.2294774714798158
71.88474324799995,2.300534356999021,0.6322954283082078,-0.49946565178500446,0.23229542830820782
71.89845400299987,2.2996603762912002,0.635109328447178,-0.5003396324928251,0.23510932844717802
71.91332155999976,2.2987917432358986,0.6379086675668115,-0.5012082655481267,0.2379086675668115
71.92729191600006,2.29792478408334,0.6407085255488079,-0.5020752247006852,0.24070852554880784
71.94144080299998,2.2970594991434643,0.6435089013922258,-0.502940509640561,0.2435089013922258
71.95582181199984,2.2961958887256073,0.646309794095944,-0.503804120058418,0.246309794095944
71.97656641399976,2.2953339531385044,0.6491112026586605,-0.5046660556455209,0.2491112026586605
71.9915310859999,2.2944736926902918,0.6519131260788879,-0.5055263160937336,0.25191312607888783
72.00598899400006,2.2936151076885087,0.6547155633549545,-0.5063849010955166,0.2547155633549545
72.0189079129998,2.292759812162315,0.6575100480123622,-0.5072401966217104,0.2575100480123622
72.03264807599976,2.2919037897318266,0.6603004697147556,-0.5080962190521987,0.2603004697147556
72.05120237599999,2.291045803115601,0.6630902881040276,-0.5089542056684242,0.26309028810402757
72.0666529409998,2.2901858527388406,0.6658795017975708,-0.5098141560451848,0.2658795017975708
72.0809215910001,2.289323939027729,0.6686681094130884,-0.5106760697562964,0.2686681094130884
72.09532062899984,2.288446953077243,0.6714999482076504,-0.5115530557067824,0.27149994820765033
72.11022160900006,2.2875618196731,0.6743570331401741,-0.5124381891109255,0.2743570331401741
72.13259379399983,2.286676464720622,0.6772140494269662,-0.5133235440634034,0.27721404942696615
72.1483664320001,2.2857908882251428,0.6800709970508338,-0.5142091205588826,0.2800709970508338
72.16311638000002,2.2849050901919816,0.6829278759945986,-0.5150949185920437,0.28292787599459857
72.17778356999975,2.2840196046974834,0.6857829074674016,-0.5159804040865419,0.28578290746740154
72.19262460300001,2.283134070948129,0.6886370906376837,-0.5168659378358962,0.2886370906376837
72.22178230799977,2.2822482502504435,0.6914911847640755,-0.5177517585335818,0.29149118476407543
72.24088510299975,2.2813621426133777,0.6943451898177346,-0.5186378661706477,0.2943451898177346
72.25811492199978,2.2804757480458937,0.6971991057698099,-0.5195242607381316,0.2971991057698099
72.28590873100006,2.2795895029907336,0.7000519209679935,-0.5204105057932917,0.3000519209679935
72.307887058,2.2787037570159883,0.7029041263870964,-0.5212962517680371,0.3029041263870964
72.33603354799993,2.277818147131706,0.7057570600054607,-0.5221818616523195,0.30575706000546066
72.35273481199988,2.276932037516231,0.7086125822143977,-0.5230679712677944,0.3086125822143977
72.3711926819999,2.2760461791184645,0.7114681823676897,-0.5239538296655608,0.3114681823676897
72.38836906899974,2.2751605719452623,0.7143238604432318,-0.524839436838763,0.3143238604432318
72.40219590299989,2.27427521600348,0.7171796164189248,-0.5257247927805455,0.3171796164189248
72.42747114000008,2.2733901112999626,0.7200354502726695,-0.5266098974840627,0.32003545027266944
72.44294146900006,2.2725052578415688,0.7228913619823573,-0.5274947509424566,0.32289136198235724
72.45763877500008,2.2716206556351435,0.7257473515258891,-0.5283793531488818,0.3257473515258891
72.47128957900009,2.270749426649377,0.7285623338679931,-0.5292505821346483,0.32856233386799305
72.48609501399983,2.2698853380117585,0.7313601771844174,-0.5301146707722668,0.33136017718441735
72.50296103599999,2.269022989628959,0.734158557370096,-0.5309770191550665,0.33415855737009603
72.51951377399996,2.268162381834541,0.7369574733425955,-0.5318376269494842,0.3369574733425955
72.53454980899983,2.2673035149613963,0.7397569240192696,-0.5326964938226291,0.3397569240192696
72.54853591599999,2.266436660390787,0.7425866200847026,-0.5335633483932383,0.34258662008470253
72.5634550049997,2.265564665352902,0.7454313067009044,-0.5344353434311233,0.3454313067009044
72.57941602999995,2.2646920622409423,0.7482758068502531,-0.535307946543083,0.34827580685025306
72.59396144800007,2.263818851094792,0.7511201204027418,-0.5361811576892332,0.35112012040274176
72.60743551399969,2.262945031954352,0.7539642472284022,-0.5370549768296735,0.35396424722840214
72.6215821129997,2.262071671516319,0.7568058554439092,-0.5379283372677062,0.3568058554439092
72.63609646200007,2.2611992691774976,0.7596466182136118,-0.5388007396065277,0.35964661821361177
72.65565695100008,2.2603275635343034,0.7624875948460617,-0.5396724452497219,0.36248759484606163
72.67055278699968,2.2594565546391676,0.7653287851703964,-0.5405434541448577,0.36532878517039635
72.68486893699969,2.2585862425444696,0.7681701890157385,-0.5414137662395557,0.3681701890157385
72.69855892200007,2.257720020230194,0.7710010629714695,-0.5422799885538314,0.3710010629714695
72.71317165100004,2.2568562808471624,0.7738276472698024,-0.5431437279368629,0.37382764726980233
72.73139454599982,2.2559936289769262,0.7766545636584054,-0.5440063798070991,0.37665456365840533
72.74766767100004,2.2551320647471655,0.7794818117188655,-0.5448679440368598,0.3794818117188655
72.7609797309999,2.254271588285399,0.7823093910327177,-0.5457284204986261,0.38230939103271766
72.7750728489998,2.2534040555836308,0.7851632248301335,-0.5465959532003946,0.38516322483013343
72.78835621599978,2.2525328550425763,0.7880296506218347,-0.547467153741449,0.3880296506218347
72.80540344499991,2.251661756478491,0.7908961074056943,-0.5483382523055345,0.39089610740569425
72.82246093199979,2.250790759892467,0.7937625951780757,-0.5492092488915583,0.39376259517807566
72.83668564000004,2.249919865285619,0.7966291139353561,-0.5500801434984064,0.39662911393535605
72.85119674599969,2.2490502129689873,0.7994915988127138,-0.550949795815038,0.3994915988127138
72.86519498799976,2.2481808510765955,0.8023522813557324,-0.5518191577074298,0.4023522813557324
72.88548876499976,2.247311237923026,0.8052128875283742,-0.5526887708609993,0.40521288752837414
72.90242242599993,2.246441373514993,0.808073417308586,-0.5535586352690323,0.40807341730858593
72.9165031289997,2.245571257859205,0.8109338706742972,-0.5544287509248202,0.4109338706742972
72.93011146200001,2.2447010795652163,0.8137940765858971,-0.5552989292188091,0.41379407658589706
72.94401502699998,2.2438311645280336,0.8166542646924745,-0.5561688442559918,0.41665426469247446
72.96162542599973,2.2429615084534285,0.8195145315487005,-0.5570385003305969,0.41951453154870044
72.976477896,2.242092111348526,0.8223748771311278,-0.5579078974354994,0.42237487713112776
72.98999754700003,2.2412229732204603,0.8252353014163121,-0.5587770355635651,0.42523530141631205
73.00378917500007,2.240358307857246,0.8280810015614751,-0.5596417009267793,0.4280810015614751
73.01689269699978,2.2394948089382827,0.8309201632246003,-0.5605051998457427,0.43092016322460025
73.03484421300004,2.238630512069067,0.8337590820776604,-0.5613694967149585,0.43375908207766034
73.0500254179999,2.237765417317871,0.8365977578963943,-0.5622345914661544,0.4365977578963943
73.06400067999971,2.2368995247530385,0.8394361904565525,-0.5631004840309868,0.43943619045655247
73.07797067399974,2.236031790435749,0.8422790528104591,-0.5639682183482764,0.4422790528104591
73.0916511869998,2.235164025746761,0.8451240452189787,-0.5648359830372645,0.44512404521897864
73.11077771499981,2.2342968925283704,0.8479692301587624,-0.565703116255655,0.44796923015876233
73.12565725799982,2.2334303908232975,0.8508146074896482,-0.5665696179607278,0.4508146074896482
73.13925715399978,2.2325645206742286,0.8536601770714622,-0.5674354881097967,0.4536601770714622
73.15545767699973,2.2317067925060554,0.8564792896407167,-0.5682932162779699,0.4564792896407167
73.17027336199976,2.230851030293877,0.8592865995273713,-0.5691489784901482,0.4592865995273713
73.1862813969999,2.2299936830075087,0.8620934257410932,-0.5700063257765167,0.46209342574109313
73.20171710199998,2.2291347509203194,0.8648997673869153,-0.5708652578637059,0.4648997673869153
73.21637389400007,2.228274234306184,0.8677056235700222,-0.5717257744778412,0.4677056235700222
73.23013893099983,2.227408787917035,0.8705222341555555,-0.5725912208669905,0.4705222341555555
73.24442439399968,2.2265406642087897,0.8733432798346435,-0.5734593445752356,0.4733432798346435
73.26286375299992,2.225671357221884,0.8761639611102998,-0.5743286515621415,0.4761639611102998
73.27760620000004,2.2248008671092814,0.8789842774862028,-0.575199141674744,0.47898427748620276
73.29136846699998,2.2239291940241497,0.8818042284660934,-0.5760708147598756,0.4818042284660934
73.30537186200013,2.2230519996842313,0.8846393937949316,-0.576948009099794,0.4846393937949316
73.31862715600005,2.2221732230635474,0.8874815712037633,-0.577826785720478,0.48748157120376323
73.33754879699995,2.221295063942025,0.8903239394645036,-0.5787049448420003,0.4903239394645036
73.35232323900004,2.220417522361115,0.8931664984429841,-0.5795824864229102,0.4931664984429841
73.36582396800009,2.219540598362238,0.8960092480050385,-0.5804594104217875,0.49600924800503843
73.37949547999983,2.2186595895970314,0.8988669632710624,-0.581340419186994,0.4988669632710624
73.39303887999972,2.217776667532992,0.9017312152824345,-0.5822233412510331,0.5017312152824345
73.41204498499997,2.2168938138026486,0.9045954883571611,-0.5831061949813767,0.5045954883571611
73.42649233999987,2.216011028406506,0.9074597824936209,-0.5839889803775193,0.5074597824936209
73.43991206099986,2.215128311345064,0.9103240976901767,-0.5848716974389614,0.5103240976901767
73.45349950100012,2.214246977070673,0.9131839043032973,-0.5857530317133524,0.5131839043032973
73.4678106089998,2.213366016598664,0.9160417112207088,-0.5866339921853614,0.5160417112207087
73.48599413099987,2.2124848210914867,0.9188994456745312,-0.5875151876925386,0.5188994456745312
73.5019831799998,2.2116033905550903,0.9217571076454334,-0.5883966182289351,0.5217571076454334
73.51679104799973,2.210721724995441,0.9246146971140883,-0.5892782837885844,0.5246146971140883
73.5303348279997,2.209839339280516,0.9274741340767968,-0.5901606695035095,0.5274741340767968
73.54421441599993,2.2089568508212793,0.9303344263525831,-0.591043157962746,0.5303344263525831
73.56442306199983,2.208074527569593,0.9331947695947844,-0.5919254812144321,0.5331947695947844
73.57946790499977,2.2071923695284155,0.9360551637938531,-0.5928076392556099,0.5360551637938531
73.59336000999997,2.206310376700674,0.9389156089402518,-0.5936896320833513,0.5389156089402518
73.60739811100007,2.2054398495517438,0.941737962246606,-0.5945601592322816,0.541737962246606
73.62093115799985,2.204572877905905,0.9445435710751438,-0.5954271308781203,0.5445435710751437
73.64102013699971,2.2037043625729704,0.947348702417867,-0.5962956462110549,0.5473487024178669
73.6568853389997,2.202834303815917,0.950153355425413,-0.5971657049681083,0.550153355425413
73.67160249699987,2.2019627018981853,0.9529575292485695,-0.59803730688584,0.5529575292485694
73.68607419499972,2.2010802509573404,0.9557921355195552,-0.5989197578266849,0.5557921355195552
73.70108019099985,2.2001924734204406,0.9586423865368208,-0.5998075353635848,0.5586423865368207
73.72381024099991,2.1993043330324595,0.9614925245102681,-0.6006956757515658,0.5614925245102681
73.73971468700006,2.198415829807797,0.9643425493936986,-0.6015841789762284,0.5643425493936985
73.75414136299992,2.1975269637608488,0.9671924611409322,-0.6024730450231766,0.5671924611409321
73.767396598,2.196637595434524,0.9700427213154426,-0.6033624133495015,0.5700427213154425
73.78124408999997,2.195747818934166,0.9728930705878828,-0.6042521898498592,0.5728930705878827
73.7997711659998,2.1948576965864195,0.9757433118761945,-0.6051423121976058,0.5757433118761944
73.81523705899986,2.1939672284043996,0.9785934451383961,-0.6060327803796257,0.5785934451383961
73.82867388399995,2.193076414401209,0.9814434703325503,-0.6069235943828164,0.5814434703325503
73.84267118699995,2.19218538969238,0.9842935468509864,-0.6078146190916454,0.5842935468509863
73.85689198899968,2.1912946616172992,0.9871437663115107,-0.6087053471667261,0.5871437663115107
73.87871911799971,2.190404275439737,0.9899940925966305,-0.6095957333442885,0.5899940925966305
73.89387946900001,2.1895142311725,0.992844525665349,-0.6104857776115251,0.592844525665349
73.907976405,2.1886245288284023,0.995695065476638,-0.611375479955623,0.595695065476638
73.92222366300007,2.187738165949982,0.9985351861657425,-0.6122618428340432,0.5985351861657425
73.93581375100007,2.1868525234275227,1.0013706195804029,-0.6131474853565027,0.6013706195804028
73.95508464399995,2.1859661567325146,1.004205826699563,-0.6140338520515107,0.604205826699563
73.97150479199968,2.1850790659227775,1.007040807338274,-0.6149209428612479,0.6070408073382739
73.98597053699973,2.184191251056183,1.0098755613115848,-0.6158087577278422,0.6098755613115848
73.99955026099974,2.1832982854402365,1.0127249852057474,-0.6167017233437888,0.6127249852057474
74.01334209399988,2.1824034129156935,1.0155809675854008,-0.6175965958683318,0.6155809675854008
74.033230753,2.1815087162062983,1.0184370050477385,-0.6184912925777271,0.6184370050477385
74.04877875199986,2.1806141953154423,1.0212930975819348,-0.619385813468583,0.6212930975819347
74.06281710600001,2.1797198502465194,1.0241492451771674,-0.620280158537506,0.6241492451771674
74.07639932400002,2.1788280411561365,1.0269973525284468,-0.6211719676278888,0.6269973525284468
74.09037186899991,2.1779368687099274,1.0298418730527594,-0.6220631400740979,0.6298418730527594
74.11074413499978,2.177045224257481,1.0326862456571364,-0.6229547845265442,0.6326862456571364
74.1266268500001,2.1761531078233447,1.0355304702632564,-0.6238469009606806,0.6355304702632564
74.14131242899998,2.1752605194320873,1.0383745467928012,-0.624739489351938,0.6383745467928011
74.1548666809997,2.174363857124622,1.0412303807662755,-0.6256361516594033,0.6412303807662755
74.16886968299991,2.1734656093738733,1.0440913040326563,-0.626534399410152,0.6440913040326562
74.1906156120001,2.1725673958023988,1.0469522380301253,-0.6274326129816266,0.6469522380301252
74.20642146199975,2.171669216410329,1.0498131827582713,-0.6283307923736965,0.6498131827582713
74.22072881100007,2.1707710711977906,1.0526741382166873,-0.6292289375862348,0.6526741382166873
74.234991305,2.1698809252656663,1.0555088510190156,-0.630119083518359,0.6555088510190156
74.24906364499998,2.168993354289075,1.058332048836394,-0.6310066544949504,0.6583320488363941
74.26902101600012,2.168104790721782,1.0611549344064157,-0.6318952180622435,0.6611549344064157
74.28418698600012,2.167215234673639,1.0639775073800974,-0.6327847741103865,0.6639775073800974
74.29808911399982,2.1663246862546135,1.0667997674085008,-0.6336753225294118,0.6667997674085008
74.31189882100011,2.1654315856113597,1.069626810089343,-0.6345684231726656,0.6696268100893429
74.32610975500006,2.164536980740575,1.072455772616973,-0.6354630280434503,0.672455772616973
74.34642582499987,2.1636415678886465,1.075284479509205,-0.6363584408953789,0.6752844795092049
74.36166230000003,2.162745347128621,1.0781129305352737,-0.6372546616554042,0.6781129305352737
74.37527413699968,2.1618483185336155,1.0809411254644297,-0.6381516902504099,0.6809411254644296
74.38990104999971,2.1609473627256013,1.08377920514318,-0.639052646058424,0.68377920514318
74.4037688699998,2.16004457614602,1.0866214741774116,-0.6399554326380055,0.6866214741774116
74.41988457799994,2.1591413511100135,1.08946360390801,-0.6408586576740118,0.6894636039080099
74.43494601899988,2.1582376876390774,1.0923055942673374,-0.6417623211449479,0.6923055942673374
74.44865493700013,2.157333585754719,1.0951474451877636,-0.6426664230293064,0.6951474451877636
74.46152507600004,2.1564306393940558,1.0979839886877585,-0.6435693693899696,0.6979839886877585
74.47557162199996,2.155527777440798,1.100818126711556,-0.6444722313432272,0.700818126711556
74.49257299199985,2.1546242885368483,1.103652064933358,-0.645375720247177,0.7036520649333581
74.50704175899978,2.153720172726423,1.106485803214479,-0.6462798360576025,0.7064858032144791
74.52069083699985,2.1528154300537663,1.109319341416241,-0.647184578730259,0.709319341416241
74.53340138199997,2.151911106808039,1.1121493009242016,-0.6480889019759863,0.7121493009242016
74.54704310700004,2.1510065008216706,1.1149775787707912,-0.6489935079623548,0.7149775787707912
74.56572373799986,2.1501011453495473,1.1178056167898403,-0.649898863434478,0.7178056167898402
74.58019365299992,2.149195040455255,1.120633414782736,-0.6508049683287704,0.7206334147827359
74.59472071799996,2.148288186202428,1.1234609725508835,-0.6517118225815972,0.7234609725508835
74.60761085599984,2.1473756708250633,1.1263043551229086,-0.652624337958962,0.7263043551229086
74.62301943299985,2.1464609757766424,1.1291549217256125,-0.6535390330073829,0.7291549217256125
74.64080262599987,2.145546435721472,1.1320055380581915,-0.6544535730625531,0.7320055380581915
74.65615673399975,2.144632050662248,1.1348562041122183,-0.6553679581217775,0.7348562041122183
74.66914004099976,2.1437178206016774,1.137706919879252,-0.656282188182348,0.737706919879252
74.68327225899998,2.142807444396026,1.1405455135841809,-0.6571925643879992,0.7405455135841809
74.69819563199985,2.14189816644874,1.1433787345749966,-0.6581018423352853,0.7433787345749966
74.71899036899981,2.1409882882852864,1.1462117628656965,-0.6590117204987389,0.7462117628656965
74.73493838899981,2.140077809946507,1.1490445983291235,-0.6599221988375183,0.7490445983291235
74.7488272879998,2.139166731473263,1.1518772408381275,-0.6608332773107621,0.7518772408381275
74.76168030299982,2.1382609752582042,1.1546907124228998,-0.6617390335258211,0.7546907124228998
74.77662613000007,2.137356575182379,1.15749566980415,-0.6626434336016462,0.7574956698041501
74.796332097,2.1364508905712487,1.1603002126889959,-0.6635491182127766,0.7603002126889958
74.81236921499999,2.1355439216147794,1.1631043404891848,-0.664456087169246,0.7631043404891847
74.8263062159997,2.134635668503211,1.1659080526165444,-0.6653643402808145,0.7659080526165444
74.83992200099988,2.1337180299965826,1.1687371345217503,-0.6662819787874428,0.7687371345217503
74.85438452299991,2.1327960161892743,1.1715784833100376,-0.667203992594751,0.7715784833100375
74.87104882800008,2.1318736872226562,1.174419729810236,-0.6681263215613691,0.7744197298102359
74.88595672399993,2.130951043108075,1.177260873987394,-0.6690489656759504,0.777260873987394
74.89947688200004,2.130028083856886,1.1801019158065535,-0.6699719249271392,0.7801019158065535
74.91265213499969,2.1291037843559497,1.1829461095717992,-0.6708962244280756,0.7829461095717992
74.92784109499985,2.1281788321328907,1.1857916287009762,-0.6718211766511346,0.7857916287009762
74.946164576,2.127253684484332,1.1886370842985623,-0.6727463242996934,0.7886370842985623
74.96208618700007,2.1263283414146477,1.1914824763511342,-0.6736716673693777,0.7914824763511342
74.9759433910001,2.125402802928193,1.1943278048452741,-0.6745972058558323,0.7943278048452741
74.9902380269998,2.1244784538198567,1.1971692572225334,-0.6755215549641687,0.7971692572225334
75.00455113399971,2.1235549558206426,1.2000091594390963,-0.6764450529633828,0.8000091594390962
75.02331376500001,2.1226317954085427,1.2028491714122587,-0.6773682133754826,0.8028491714122586
75.03884953900001,2.1217089725965987,1.2056892931018934,-0.6782910361874266,0.8056892931018934
75.05320508599993,2.1207864873978504,1.2085295244678687,-0.679213521386175,0.8085295244678686
75.0684860670001,2.119861695884578,1.2113777643405628,-0.6801383128994472,0.8113777643405627
75.08371244099976,2.11893586006565,1.2142294182781135,-0.6810641487183755,0.8142294182781135
75.10109083900011,2.118010069149311,1.2170810867936304,-0.6819899396347142,0.8170810867936303
75.11709552199977,2.117084323135793,1.2199327698864053,-0.6829156856482324,0.8199327698864053
75.13162147699973,2.116158622025324,1.2227844675557313,-0.6838413867587012,0.8227844675557313
75.14627349899979,2.1152348406387382,1.2256301435930925,-0.6847651681452871,0.8256301435930925
75.16208046899987,2.114311642333034,1.228473161119062,-0.6856883664509912,0.828473161119062
75.18049291400007,2.1133881768003504,1.231316091855914,-0.6866118319836749,0.831316091855914
75.1976365009998,2.1124644440488476,1.2341589357785443,-0.6875355647351777,0.8341589357785443
75.21272246000012,2.11154044408669,1.2370016928618224,-0.6884595646973355,0.8370016928618224
75.22659871600013,2.110623540235161,1.2398210079811922,-0.6893764685488644,0.8398210079811922
75.24204247700004,2.1097088036575022,1.2426299920798258,-0.6902912051265231,0.8426299920798258
75.2607451829997,2.108792951501593,1.2454386126489654,-0.6912070572824325,0.8454386126489654
75.27619385499997,2.107875983911904,1.2482468692455562,-0.6921240248721214,0.8482468692455561
75.29064569099978,2.1069579010330832,1.2510547614266139,-0.6930421077509421,0.8510547614266138
75.30354321999971,2.106034381907202,1.253875898736966,-0.6939656268768233,0.853875898736966
75.317195202,2.105108305173423,1.2567026700451047,-0.6948917036106024,0.8567026700451047
75.33919206299993,2.1041816062326446,1.2595292374365754,-0.6958184025513807,0.8595292374365754
75.35394514699988,2.1032542851297644,1.262355600774422,-0.6967457236542609,0.8623556007744221
75.36665637300007,2.1023263419097145,1.2651817599216983,-0.6976736668743109,0.8651817599216983
75.38058188799982,2.101395898804461,1.2680142626250188,-0.6986041099795641,0.8680142626250188
75.39405576700005,2.1004648850047887,1.2708496484262168,-0.6995351237792367,0.8708496484262168
75.41136126800006,2.099534256385859,1.2736851606745507,-0.7004657523981663,0.8736851606745507
75.42592208499968,2.0986040129648473,1.2765207993176932,-0.701395995819178,0.8765207993176932
75.43894707599998,2.097674154758919,1.2793565643033162,-0.7023258540251063,0.8793565643033162
75.45188601399991,2.096745916186312,1.2821879164041312,-0.7032540925977133,0.8821879164041312
75.464711287,2.0958177978491013,1.2850171890670712,-0.7041822109349241,0.8850171890670712
75.48480971499998,2.0948891306261666,1.2878462816138356,-0.7051108781578588,0.8878462816138356
75.49952249700004,2.0939599145524594,1.290675193937942,-0.7060400942315659,0.8906751939379419
75.51355476799995,2.0930301496629533,1.2935039259329117,-0.706969859121072,0.8935039259329117
75.5276390319998,2.0920981780509114,1.2963376759817757,-0.707901830733114,0.8963376759817757
75.54104279499984,2.09116510875596,1.2991735266052238,-0.7088349000280654,0.8991735266052238
75.5607699499999,2.090231680860787,1.3020092592146584,-0.7097683279232383,0.9020092592146584
75.57598421699981,2.089297894380318,1.3048448737647316,-0.7107021144037073,0.9048448737647315
75.58963123999979,2.08836374932948,1.3076803702100994,-0.7116362594545453,0.9076803702100994
75.60319374200003,2.0874339604079224,1.3105010000080528,-0.7125660483761029,0.9105010000080528
75.61645212500002,2.086505377255546,1.3133150402777773,-0.7134946315284791,0.9133150402777773
75.63611389799985,2.0855758988611353,1.3161287849756544,-0.7144241099228901,0.9161287849756544
75.65208125200002,2.0846455253187686,1.3189422338168766,-0.7153544834652568,0.9189422338168766
75.66568791999975,2.0837142567226206,1.3217553865166662,-0.7162857520614048,0.9217553865166662
75.67976104900004,2.082775923924584,1.3245877345668908,-0.7172240848594411,0.9245877345668908
75.69477553000002,2.0818347325322977,1.3274291109717509,-0.7181652762517277,0.9274291109717508
75.71665436999979,2.0808937085322357,1.3302705428189776,-0.7191063002517897,0.9302705428189776
75.73417613800007,2.079952851927669,1.3331120300986958,-0.7200471568563565,0.9331120300986958
75.7480524529999,2.0790121627218703,1.3359535728010339,-0.720987846062155,0.9359535728010339
75.76207198799989,2.0780722390209907,1.3387930248862814,-0.7219277697630346,0.9387930248862814
75.77657529599969,2.077132388149333,1.3416314964901699,-0.7228676206346925,0.9416314964901699
75.7993135459999,2.0761922918591678,1.3444698868213747,-0.7238077169248576,0.9444698868213747
75.81502372,2.075251950157521,1.3473081958586701,-0.7247480586265045,0.9473081958586701
75.82952781600011,2.0743113630514265,1.3501464235808383,-0.7256886457325988,0.9501464235808382
75.84286863600005,2.0733729304929045,1.3529927150537764,-0.7266270782911208,0.9529927150537764
75.85839744500004,2.0724512497077896,1.3558476183521189,-0.7275487590762357,0.9558476183521188
75.87986105100003,2.071548145133876,1.3587084522237562,-0.7284518636501494,0.9587084522237562
75.89586930600012,2.070663654927197,1.3615750957988833,-0.7293363538568283,0.9615750957988832
75.91018501399981,2.0697978164573287,1.3644474279622552,-0.7302021923266966,0.9644474279622551
75.92542018400013,2.068950666305822,1.3673253273582462,-0.7310493424782032,0.9673253273582462
75.93989287499994,2.0681222402646444,1.3702086723960354,-0.7318777685193809,0.9702086723960354
75.96041936400002,2.0673125733346738,1.3730973412547243,-0.7326874354493516,0.9730973412547242
75.97563998500004,2.066521699724218,1.3759912118884832,-0.7334783090598074,0.9759912118884831
75.98952537799983,2.0657496528475705,1.378890162031699,-0.7342503559364548,0.9788901620316989
76.00338193799985,2.0649964653236017,1.3817940692041601,-0.7350035434604236,0.9817940692041601
76.01732430600009,2.0642621689743703,1.3847028107162282,-0.735737839809655,0.9847028107162282
76.03733975299997,2.0635467948237873,1.38761626367401,-0.736453213960238,0.9876162636740099
76.05322780499978,2.0628503730963046,1.3905343049845513,-0.7371496356877207,0.9905343049845513
76.0675191089997,2.062172933215637,1.393456811361038,-0.7378270755683882,0.9934568113610379
76.08150996099971,2.061514503803518,1.396383659328013,-0.7384855049805075,0.996383659328013
76.0955209729998,2.060875112678492,1.3993147252265832,-0.7391248961055332,0.9993147252265832
76.11429620900003,2.06025478685474,1.402249885219653,-0.7397452219292853,1.002249885219653
76.12972223199972,2.0596535525409347,1.4051890152971465,-0.7403464562430906,1.0051890152971463
76.14502616300001,2.0590714351391366,1.4081319912812567,-0.7409285736448887,1.0081319912812567
76.15971639799977,2.0585084592437206,1.411078688831685,-0.7414915495403047,1.011078688831685
76.1766975539997,2.0579646486403322,1.4140289834509017,-0.7420353601436931,1.0140289834509018
76.19283097199991,2.0574400263048895,1.416982750489393,-0.7425599824791358,1.016982750489393
76.2085900909999,2.0569346144026093,1.4199398651509445,-0.7430653943814161,1.0199398651509446
76.22233966099998,2.056448434287068,1.4229002024979007,-0.7435515744969572,1.0229002024979006
76.23709213200004,2.0559815064993026,1.4258636374564486,-0.7440185022847228,1.0258636374564487
76.25115819000007,2.055533850766944,1.4288300448219011,-0.7444661580170813,1.028830044821901
76.2681717349999,2.055105486003381,1.43179929926399,-0.7448945227806445,1.03179929926399
76.28221512599998,2.0546964303069597,1.434771275332157,-0.7453035784770656,1.0347712753321572
76.29656116699994,2.0543067009602227,1.4377458474608538,-0.7456933078238026,1.0377458474608536
76.31015329099978,2.053936314429177,1.4407228899748503,-0.7460636943548482,1.0407228899748504
76.32458915199982,2.0535852863625985,1.443702277094546,-0.7464147224214268,1.043702277094546
76.35460457199974,2.053253631591371,1.4466838829412747,-0.7467463771926544,1.0466838829412746
76.36825032999991,2.0529413641278587,1.4496675815426352,-0.7470586446561667,1.0496675815426353
76.38353638600006,2.052648497165316,1.4526532468378042,-0.7473515116187093,1.0526532468378043
76.39756196099984,2.052375043077328,1.455640752682869,-0.7476249657066973,1.0556407526828688
76.41208682499996,2.0521210134172896,1.458629972856149,-0.7478789953667357,1.0586299728561488
76.44224425700008,2.051886418917915,1.461620781063539,-0.7481135898661102,1.0616207810635392
76.45614300600005,2.0516712694907895,1.4646130509438375,-0.7483287392932358,1.0646130509438376
76.47013717599998,2.0514755742259414,1.467606656074084,-0.7485244345580839,1.067606656074084
76.48381771899972,2.051362385992704,1.4695533571020318,-0.7486376227913212,1.069553357102032
76.49664636200009,2.0512956911266182,1.4710518630604894,-0.7487043176574071,1.0710518630604895
76.52918659200009,2.0512484819249286,1.4725511094058088,-0.7487515268590967,1.0725511094058087
76.54329889999985,2.0512207663658764,1.4740508427689498,-0.748779242418149,1.07405084276895
76.55740265500003,2.051212549133325,1.4755508096985257,-0.7487874596507003,1.0755508096985258
76.57117705199994,2.05122383161597,1.4770507567036955,-0.7487761771680552,1.0770507567036955
76.58386220099987,2.0512546119070967,1.478550430296984,-0.7487453968769286,1.0785504302969842
76.61606901999971,2.051304884804909,1.4800495770371251,-0.7486951239791164,1.080049577037125
76.63031917100011,2.051374641813408,1.4815479435718744,-0.7486253669706175,1.0815479435718744
76.64546396499986,2.0514638711438273,1.4830452766808602,-0.748536137640198,1.0830452766808603
76.66034152499992,2.051572557716622,1.4845413233183586,-0.7484274510674034,1.0845413233183585
76.675213966,2.0517006831640208,1.4860358306560464,-0.7482993256200046,1.0860358306560465
76.70712837499991,2.0518482258331265,1.4875285461257424,-0.7481517829508988,1.0875285461257422
76.72125420199995,2.0520151607895807,1.4890192174620838,-0.7479848479944446,1.0890192174620839
76.73714005499983,2.0522014598217733,1.490507592745162,-0.7477985489622521,1.090507592745162
76.75234197799978,2.0524207977184865,1.492097526601207,-0.7475792110655388,1.092097526601207
76.76764984399983,2.0526839802180152,1.4938688890124758,-0.7473160285660101,1.0938688890124757
76.80078325699992,2.052965711098263,1.4956373961601082,-0.7470342976857625,1.0956373961601082
76.81590760199992,2.0532659594192495,1.4974028538248108,-0.7467340493647758,1.0974028538248106
76.83130514599975,2.05358469220739,1.4991650681221875,-0.7464153165766354,1.0991650681221876
76.84495578499968,2.0539401768542054,1.5010272519261316,-0.74605983192982,1.1010272519261317
76.85910877999981,2.0543658474060695,1.50317637210445,-0.7456341613779558,1.1031763721044499
76.89221733299996,2.0548104551987443,1.5053436786807668,-0.745189553585281,1.1053436786807667
76.90552187799972,2.0552698454205265,1.507507900136436,-0.7447301633634988,1.107507900136436
76.92009412199991,2.055743996669825,1.5096689356469823,-0.7442560121142003,1.1096689356469822
76.93398637099995,2.0562533360923245,1.5119209699110963,-0.7437466726917008,1.1119209699110963
76.9462865019998,2.056799060485944,1.514278432625146,-0.7432009482980813,1.114278432625146
76.98169800899973,2.05735663208683,1.516633121452122,-0.7426433766971954,1.116633121452122
76.99821998999982,2.0579260367971752,1.518984976855384,-0.7420739719868501,1.118984976855384
77.0156701999997,2.058507260219988,1.5213339393699405,-0.7414927485640375,1.1213339393699404
77.0334632229999,2.059111238907997,1.5237246727225116,-0.7408887698760283,1.1237246727225116
77.04827780999972,2.0597324250900177,1.5261386370208239,-0.7402675836940076,1.1261386370208237
77.08498074399972,2.0603642203447654,1.5285498463983647,-0.7396357884392599,1.1285498463983648
77.09961855400002,2.0610066124552784,1.5309582542298186,-0.7389933963287469,1.1309582542298187
77.11606584200013,2.0616595889996856,1.5333638139440473,-0.7383404197843397,1.1333638139440474
77.13069077399973,2.062328898716284,1.5357879396365066,-0.7376711100677413,1.1357879396365065
77.14485190299979,2.063011009459858,1.5382193248465792,-0.7369889993241672,1.1382193248465793
77.17802538000001,2.0637031182086254,1.540647882975621,-0.7362968905753999,1.140647882975621
77.19254777999981,2.064405213246114,1.5430735729114113,-0.7355947955379114,1.1430735729114114
77.20759176499973,2.065117282686801,1.5454963535902804,-0.7348827260972244,1.1454963535902802
77.22196636600006,2.06584301336086,1.5479289095811737,-0.7341569954231653,1.1479289095811738
77.23635843199986,2.0665800033704653,1.5503640124324602,-0.73342000541356,1.1503640124324601
77.26992663899978,2.0673266071799428,1.5527961849021417,-0.7326734016040826,1.1527961849021415
77.28602340099974,2.068082813138195,1.555225389035043,-0.7319171956458304,1.155225389035043
77.30132057300011,2.068848609444279,1.5576515869223113,-0.7311513993397463,1.1576515869223112
77.31627462099982,2.0696223652894368,1.5600695549660393,-0.7303776434945886,1.1600695549660394
77.33153389899985,2.070405106694161,1.5624821816669354,-0.7295949020898642,1.1624821816669355
77.3625001580001,2.071197534809859,1.564891644135206,-0.7288024739741665,1.164891644135206
77.37583351599983,2.0719996368456512,1.5672979034788201,-0.7280003719383741,1.1672979034788202
77.39036866499987,2.0728113998545106,1.5697009208574497,-0.7271886089295148,1.1697009208574496
77.4036070589998,2.0736265208043747,1.572081852658757,-0.7263734879796506,1.1720818526587569
77.41701613200007,2.0744489834013304,1.5744512649402909,-0.7255510253826949,1.174451264940291
77.45159413899978,2.0752815396012534,1.5768171494381578,-0.7247184691827719,1.1768171494381576
77.4651649699997,2.076124174273074,1.5791794631542253,-0.7238758345109515,1.1791794631542252
77.47971295799994,2.0769768721025543,1.5815381631552585,-0.723023136681471,1.1815381631552584
77.49337415600007,2.0778298644594835,1.5838660085695997,-0.7221701443245419,1.1838660085695998
77.50688900199998,2.0786892712475193,1.586178287707624,-0.721310737536506,1.186178287707624
77.54107065499988,2.0795593535171157,1.5884865709839153,-0.7204406552669096,1.1884865709839154
77.55552395299969,2.0804400926900875,1.5907908091115102,-0.7195599160939379,1.19079080911151
77.56981735399972,2.0813314699607037,1.5930909528898207,-0.7186685388233216,1.1930909528898206
77.58391042199969,2.0822282697148857,1.5953734594796547,-0.7177717390691396,1.1953734594796548
77.59800672699998,2.0831337122812013,1.5976458820386892,-0.7168662965028241,1.1976458820386893
77.63201148099984,2.0840500517084215,1.599913932430947,-0.7159499570756038,1.1999139324309471
77.64542445699976,2.0849772668852706,1.6021775584034794,-0.7150227418987547,1.2021775584034793
77.65958737200003,2.085915336449908,1.604436707805268,-0.7140846723341174,1.204436707805268
77.6727595079999,2.086862522029302,1.6066871720661309,-0.7131374867547233,1.2066871720661307
77.68602484600001,2.087819864755127,1.6089312391268504,-0.7121801440288982,1.2089312391268505
77.71981677200006,2.088788092325284,1.6111706313301255,-0.7112119164587414,1.2111706313301256
77.73426228599988,2.0897671819125607,1.6134052958794003,-0.7102328268714646,1.2134052958794004
77.75050123599999,2.0907571104336573,1.6156351800895812,-0.709242898350368,1.2156351800895813
77.76606574599987,2.091737786251551,1.617814830208493,-0.7082622225324742,1.2178148302084928
77.77984304400002,2.09272151161334,1.6199697423487245,-0.7072784971706851,1.2199697423487246
77.81633520599985,2.0937170097897573,1.622119241197361,-0.706282998994268,1.222119241197361
77.83121426399998,2.0947242509935573,1.6242632624372069,-0.705275757790468,1.2242632624372067
77.84699346599996,2.095743205086119,1.6264017419149652,-0.7042568036979064,1.226401741914965
77.86146212500012,2.0967817883634643,1.6285513400248806,-0.703218220420561,1.2285513400248806
77.875726644,2.097835330413982,1.6307030384107786,-0.7021646783700435,1.2307030384107787
77.90965610199987,2.0989001254630115,1.6328491903857445,-0.7010998833210138,1.2328491903857444
77.92358287599995,2.0999761443122926,1.6349897370991044,-0.7000238644717327,1.2349897370991045
77.94032502899995,2.10106335745579,1.6371246198538922,-0.6989366513282351,1.2371246198538923
77.95401072599975,2.102152225640239,1.6392350536918947,-0.6978477831437861,1.2392350536918948
77.96811095999988,2.103248497099234,1.6413314994141084,-0.6967515116847913,1.2413314994141085
78.00241416099993,2.1043562752271243,1.6434218877506062,-0.695643733556901,1.243421887750606
78.01742644899991,2.105475526555334,1.6455061555458521,-0.6945244822286911,1.245506155545852
78.03541044100007,2.1066062172686553,1.6475842398292257,-0.6933937915153701,1.2475842398292256
78.0513794179999,2.1077568166776333,1.6496717444344597,-0.6922431921063921,1.2496717444344596
78.06684928899972,2.108922341705908,1.6517601871472334,-0.6910776670781171,1.2517601871472332
78.10111777999987,2.1100988612738614,1.653842455924865,-0.689901147510164,1.253842455924865
78.11670703699997,2.111286342678316,1.6559184928874804,-0.6887136661057092,1.2559184928874805
78.13535729099999,2.1124847529113953,1.657988240328432,-0.6875152558726301,1.257988240328432
78.15300324499981,2.1137013303444885,1.6600642363611058,-0.6862986784395368,1.2600642363611056
78.1717248550001,2.1149316785632726,1.6621394197559802,-0.6850683302207528,1.26213941975598
78.20897073799983,2.11617257693315,1.664208311753515,-0.6838274318508755,1.264208311753515
78.22539217400004,2.1174239932837926,1.6662708587176267,-0.6825760155002327,1.2662708587176268
78.24289289100011,2.1186858951721974,1.6683270071767267,-0.6813141136118279,1.2683270071767265
78.25954257499984,2.119936306259095,1.6703408458989173,-0.6800637025249303,1.2703408458989172
78.27527347,2.1211883924226784,1.672332394202579,-0.6788116163613469,1.272332394202579
78.30740051099997,2.1224516356589147,1.674316884296521,-0.6775483731251106,1.2743168842965211
78.32220092500006,2.123725996180644,1.6762942536771643,-0.6762740126033813,1.2762942536771642
78.33789599199986,2.1250114338505584,1.6782644400652038,-0.674988574933467,1.278264440065204
78.35141530399983,2.1263092286528127,1.6802294083525604,-0.6736907801312126,1.2802294083525605
78.36546322399977,2.1276185491390502,1.6821879627733372,-0.6723814596449751,1.282187962773337
78.39748820099999,2.128938782192699,1.6841391778406434,-0.6710612265913265,1.2841391778406432
78.41192120499977,2.130269886674278,1.6860829927531138,-0.6697301221097471,1.2860829927531139
78.42620455800011,2.1316118211055497,1.6880193469399798,-0.6683881876784756,1.2880193469399797
78.44264376899969,2.1329708616411107,1.6899573117267828,-0.6670291471429146,1.2899573117267829
78.45728829999985,2.1343431916571443,1.691891726374783,-0.6656568171268811,1.2918917263747831
78.4892221319999,2.1357260336136186,1.6938186404431095,-0.6642739751704068,1.2938186404431096
78.50436729499984,2.137119346516418,1.6957379968087174,-0.6628806622676073,1.2957379968087173
78.52145817399992,2.1385230890610125,1.6976497385726068,-0.6614769197230128,1.297649738572607
78.53731718899985,2.1399334380010084,1.6995486491143021,-0.6600665707830169,1.299548649114302
78.55268129899991,2.141352605436518,1.7014375500425822,-0.6586474033475072,1.301437550042582
78.58877608099988,2.142782185297552,1.7033185828301216,-0.6572178234864734,1.3033185828301215
78.60655341999995,2.1442221339625185,1.7051916900798871,-0.6557778748215068,1.3051916900798872
78.62437023500001,2.14567240749344,1.7070568146366858,-0.6543276012905852,1.3070568146366859
78.63938368699996,2.1471370708288733,1.70891919341893,-0.652862937955152,1.3089191934189301
78.65459876199998,2.148613635829787,1.7107758212361797,-0.6513863729542382,1.3107758212361795
78.69162539600006,2.1501002807398466,1.7126243876983624,-0.6498997280441787,1.3126243876983623
78.70656411100003,2.1515969615486537,1.7144648380808125,-0.6484030472353717,1.3144648380808124
78.72265224199987,2.1531036339487084,1.7162971178991309,-0.6468963748353169,1.316297117899131
78.73818841599973,2.154611311034904,1.7181102786162645,-0.6453886977491212,1.3181102786162646
78.75338339399991,2.156125252904854,1.7199103261963924,-0.6438747558791715,1.3199103261963923
78.78329276599993,2.1576492789183037,1.721701843984929,-0.6423507298657216,1.321701843984929
78.7991357190001,2.159183341017945,1.7234847754897136,-0.6408166677660803,1.3234847754897134
78.81687633499973,2.1607273908300035,1.7252590644893397,-0.6392726179540218,1.3252590644893396
78.83347563899974,2.1622572869068017,1.7269969407603698,-0.6377427218772236,1.32699694076037
78.849426988,2.1637872223810892,1.7287137588075896,-0.6362127864029361,1.3287137588075897
78.88035206299969,2.1653275508460332,1.7304212584365282,-0.6346724579379921,1.330421258436528
78.895517702,2.1668782155468715,1.732119376732855,-0.6331217932371538,1.3321193767328552
78.91178926599991,2.1684391593479906,1.7338080511279004,-0.6315608494360347,1.3338080511279005
78.92659779399969,2.170019702431422,1.7354973655766142,-0.6299803063526035,1.335497365576614
78.94147026699989,2.171614258023688,1.737181622999135,-0.6283857507603372,1.3371816229991351
78.97459694299982,2.1732187213128857,1.7388564448271988,-0.6267812874711396,1.338856444827199
78.9890833789998,2.1748330364660227,1.7405217727794362,-0.6251669723180027,1.3405217727794363
79.00462262999986,2.1764571473072696,1.7421775489048505,-0.6235428614767557,1.3421775489048504
79.0202782949998,2.178120875048151,1.7438542346718602,-0.6218791337358742,1.34385423467186
79.03447702500011,2.1798105333711537,1.7455390004843143,-0.6201894754128716,1.3455390004843144
79.06556210199983,2.1815091317168505,1.7472147524800774,-0.6184908770671749,1.3472147524800775
79.08116874099983,2.183216621999928,1.7488814432205864,-0.6167833867840975,1.3488814432205865
79.0980408869998,2.1849329558833532,1.7505390255237967,-0.6150670529006721,1.3505390255237968
79.11266235199969,2.1866411850803087,1.7521710980063698,-0.6133588237037166,1.35217109800637
79.12639951699998,2.1883512120864266,1.7537866455792779,-0.6116487966975988,1.353786645579278
79.16388870800006,2.190070278198328,1.755392571488182,-0.6099297305856974,1.3553925714881818
79.17834385699985,2.1917983292794156,1.75698882515948,-0.6082016795046097,1.3569888251594802
79.19552046600006,2.193535310910137,1.7585753563241644,-0.6064646978738883,1.3585753563241645
79.21015444599993,2.1952775514291214,1.7601488069578934,-0.6047224573549039,1.3601488069578935
79.2252426839998,2.1970271207663354,1.7617109521633918,-0.6029728880176899,1.3617109521633917
79.25703398399969,2.198785523104283,1.7632631479392769,-0.6012144856797423,1.3632631479392767
79.27136116899987,2.200552701863484,1.7648053443411036,-0.5994473069205415,1.3648053443411037
79.28747713000007,2.20232860018206,1.7663374917461694,-0.5976714086019652,1.3663374917461693
79.30226639199986,2.204103030320122,1.7678507913068455,-0.5958969784639034,1.3678507913068456
79.31717640000011,2.2058818748175164,1.769350013096943,-0.5941181339665089,1.369350013096943
79.35311002799995,2.2076694416756037,1.770838824182906,-0.5923305671084216,1.370838824182906
79.36786270199968,2.209465669966522,1.7723171738197383,-0.5905343388175033,1.3723171738197384
79.38348471199993,2.2112704984671927,1.7737850116190133,-0.5887295103168326,1.3737850116190131
79.39838701599979,2.213078316919259,1.7752377719752934,-0.5869216918647662,1.3752377719752933
79.4127994009998,2.2148923107004372,1.776677888373721,-0.5851076980835881,1.3766778883737212
79.44945677999999,2.2167148077813406,1.7781072284554647,-0.5832852010026848,1.3781072284554647
79.46459919599988,2.2185457441444676,1.7795257420131558,-0.5814542646395577,1.379525742013156
79.48118239600012,2.220385055475878,1.780933379219725,-0.5796149533081474,1.3809333792197251
79.4961940249998,2.222236028549037,1.7823326566767321,-0.5777639802349883,1.382332656676732
79.51107295099996,2.2240966400991473,1.7837221175086413,-0.575903368684878,1.3837221175086412
79.54375397799981,2.2259653818739866,1.7851006242814877,-0.5740346269100387,1.3851006242814878
79.55834986200011,2.22784218938411,1.786468129423618,-0.5721578193999153,1.3864681294236179
79.57310170799997,2.229726997861729,1.7878245857430408,-0.5702730109222962,1.387824585743041
79.58776039200006,2.231636576885915,1.7891820750061915,-0.5683634318981103,1.3891820750061914
79.60172580699987,2.2335616311777176,1.7905343580437005,-0.5664383776063078,1.3905343580437006
79.63520832400013,2.235494243033987,1.7918758180143757,-0.5645057657500385,1.3918758180143755
79.64919929899975,2.2374343516058395,1.793206412681936,-0.5625656571781859,1.393206412681936
79.66501652600004,2.2393818958083562,1.7945261001521957,-0.5606181129756691,1.3945261001521958
79.67890912500002,2.2413266512417396,1.7958279428619686,-0.5586733575422858,1.3958279428619687
79.69408169299982,2.2432744833969993,1.7971156577594736,-0.556725525387026,1.3971156577594734
79.72608454799979,2.2452297045737515,1.7983921255077155,-0.5547703042102738,1.3983921255077156
79.7411224949999,2.2471922498296126,1.7996573037090065,-0.5528077589544127,1.3996573037090063
79.75573405199998,2.2491620539789303,1.8009111503406388,-0.550837954805095,1.4009111503406388
79.77031190599996,2.251135386406704,1.8021512884936928,-0.5488646223773213,1.4021512884936929
79.78448605900007,2.2531143156864495,1.803378946507413,-0.5468856930975758,1.403378946507413
79.81525255099973,2.2551003527875353,1.8045950722928454,-0.54489965599649,1.4045950722928455
79.82938367499969,2.2570934305065813,1.8057996246988144,-0.542906578277444,1.4057996246988145
79.84387365599991,2.259093481401968,1.806992562965762,-0.5409065273820572,1.4069925629657618
79.85830619900003,2.261090033825016,1.8081676366977835,-0.5389099749590094,1.4081676366977836
79.87336720200005,2.2630890692361656,1.8093281731892612,-0.5369109395478597,1.409328173189261
79.90326869199976,2.2650949940018257,1.8104767607382048,-0.5349050147821997,1.410476760738205
79.91719752099993,2.267107736699785,1.8116133584484322,-0.5328922720842404,1.4116133584484323
79.93254060000004,2.269127225665072,1.8127379258506675,-0.5308727831189533,1.4127379258506676
79.94662599499975,2.271134622868336,1.813839971467033,-0.5288653859156893,1.4138399714670329
79.96097107999981,2.2731407495094778,1.8149251105858764,-0.5268592592745476,1.4149251105858762
79.99075182299998,2.2751536008013806,1.8159977245351693,-0.5248464079826447,1.4159977245351691
80.00448116699977,2.2771730985446434,1.817057771643792,-0.5228269102393819,1.4170577716437918
80.01896833299975,2.2791991642816427,1.8181052107288433,-0.5208008445023826,1.4181052107288434
80.0337334569997,2.2812472414115983,1.8191480238408126,-0.518752767372427,1.4191480238408127
80.04758731900006,2.283308589470319,1.8201820252939387,-0.5166914193137062,1.4201820252939386
80.07981688299992,2.28537611804597,1.82120361249684,-0.5146238907380551,1.4212036124968401
80.09487215900003,2.287449752375886,1.8222127485085124,-0.5125502564081392,1.4222127485085125
80.11068227500004,2.2895294174766194,1.8232093968381944,-0.5104705913074059,1.4232093968381943
80.12450623399968,2.2916005412617215,1.8241865738508842,-0.5083994675223038,1.4241865738508843
80.13825253699974,2.293671444369113,1.825147969630211,-0.5063285644149125,1.4251479696302112
80.16927851500009,2.2957482800398825,1.8260964816867167,-0.5042517287441428,1.4260964816867165
80.18288063399973,2.2978309681213784,1.8270320734138656,-0.5021690406626469,1.4270320734138657
80.19799994699974,2.299919428235084,1.8279547087037666,-0.5000805805489414,1.4279547087037665
80.21237853099979,2.302016894172616,1.8288658153695527,-0.4979831146114093,1.4288658153695528
80.22761204499989,2.3041213679024453,1.8297645772809077,-0.49587864088158007,1.4297645772809076
80.25735728799987,2.306231344714619,1.8306503427718444,-0.49376866406940634,1.4306503427718442
80.27308200999983,2.308346744349142,1.831523078149323,-0.4916532644348832,1.431523078149323
80.28941260099987,2.310467486339744,1.8323827502159469,-0.48953252244428125,1.4323827502159467
80.30455434600003,2.312259143327513,1.8330944608551913,-0.4877408654565123,1.4330944608551914
80.31929009100008,2.313914112714666,1.8337314752299392,-0.48608589606935926,1.4337314752299393
80.35150077799995,2.3155757605783385,1.8343508598949065,-0.48442424820568686,1.4343508598949066
80.3672043009999,2.317243899122527,1.8349525448485209,-0.4827561096614983,1.434952544848521
80.3851047339997,2.318918339817672,1.8355364620895958,-0.4810816689663535,1.4355364620895958
80.39982571199994,2.320656430839667,1.8361222193428361,-0.4793435779443582,1.436122219342836
80.41509611400011,2.322439100203214,1.8367037597855784,-0.47756090858081146,1.4367037597855785
80.44536719499979,2.3242273541096874,1.8372678939117006,-0.47577265467433794,1.4372678939117005
80.46231639299981,2.326021022605014,1.8378145681063929,-0.47397898617901113,1.437814568106393
80.47681128399995,2.3278199352205253,1.8383437304142225,-0.4721800735635,1.4383437304142226
80.49075143999994,2.329668288609312,1.8388681418597355,-0.4703317201747135,1.4388681418597353
80.51337471000011,2.331547258630829,1.8393828043743943,-0.46845275015319654,1.4393828043743944
80.5390074290001,2.3334308420363796,1.8398803175904128,-0.4665691667476457,1.4398803175904127
80.55756989399993,2.3353188823083486,1.8403606401665997,-0.4646811264756767,1.4403606401665998
80.57635981999988,2.337211222558786,1.8408237321902339,-0.46278878622523933,1.4408237321902337
80.59424599199997,2.339197581815952,1.8412913532027775,-0.4608024269680735,1.4412913532027773
80.6106820739999,2.3412823802511973,1.8417657617951912,-0.45871762853282805,1.4417657617951911
80.63300890400001,2.343370664229518,1.842224584259788,-0.45662934455450754,1.442224584259788
80.65307762799989,2.3454623172294435,1.8426677949953247,-0.4545376915545818,1.4426677949953248
80.66797792000011,2.3475572225414836,1.8430953692716507,-0.45244278624254175,1.4430953692716506
80.68436223200001,2.3497582291443697,1.843527857587022,-0.4502417796396556,1.4435278575870218
80.7006427079998,2.352340272699339,1.844017687721255,-0.44765973608468634,1.4440176877212552
80.71553248499981,2.3552549898898074,1.8445511855026597,-0.4447450188942179,1.4445511855026596
80.73281847399971,2.3582093934372943,1.8450722114052056,-0.44179061534673103,1.4450722114052055
80.74884096099981,2.3611671212177465,1.8455740228132858,-0.4388328875662788,1.4455740228132856
80.76756689499985,2.364128048267601,1.8460565985254418,-0.4358719605164243,1.4460565985254417
80.78753292199985,2.3670920494881345,1.8465199181529217,-0.4329079592958909,1.4465199181529216
80.80396276399983,2.3700589996507326,1.8469639621205407,-0.4299410091332927,1.4469639621205408
80.82214432899968,2.373028773402198,1.8473887116675067,-0.42697123538182735,1.4473887116675068
80.83831405599972,2.3760012452700248,1.8477941488482146,-0.42399876351400057,1.4477941488482147
80.85389292400009,2.3789762896677233,1.8481802565330039,-0.421023719116302,1.448180256533004
80.86867290199984,2.381953780900108,1.8485470184088821,-0.41804622788391743,1.448547018408882
80.88427706800007,2.3849335931686197,1.8488944189802157,-0.4150664156154056,1.4488944189802155
80.90062467499979,2.3879156005766293,1.84922244356938,-0.412084408207396,1.4492224435693801
80.91760178199979,2.3908996771347715,1.8495310783173866,-0.40910033164925386,1.4495310783173867
80.93350753699974,2.3938856967662527,1.8498203101844628,-0.4061143120177726,1.449820310184463
80.94858651599975,2.39687353331219,1.8500901269506056,-0.4031264754718351,1.4500901269506055
80.97682664799981,2.3998630605369318,1.8503405172160965,-0.40013694824709356,1.4503405172160964
80.99233705899974,2.4028541521333993,1.8505714704019833,-0.3971458566506261,1.4505714704019832
81.00869198699979,2.4058466817284163,1.8507829767505295,-0.394153327055609,1.4507829767505296
81.0232211529999,2.408840522888053,1.8509750273256227,-0.3911594858959724,1.4509750273256228
81.038098064,2.411835549122964,1.8511476140131549,-0.3881644596610614,1.4511476140131547
81.06897763799975,2.414831633893741,1.851300729521364,-0.3851683748902843,1.451300729521364
81.083547296,2.417828650616244,1.8514343673811422,-0.38217135816778125,1.4514343673811423
81.09938585999976,2.4208264726669624,1.8515485219463108,-0.37917353611706295,1.451548521946311
81.11486654399982,2.4238249733883612,1.8516431883938558,-0.3761750353956641,1.4516431883938559
81.13221774499993,2.426824026094234,1.8517183627241338,-0.37317598268979113,1.451718362724134
81.16207657600012,2.4298235040750455,1.8517740417610409,-0.3701765047089798,1.4517740417610407
81.17766447300005,2.4328232806033,1.8518102231521458,-0.3671767281807252,1.4518102231521457
81.19321702299999,2.4358232289388857,1.8518269053687906,-0.36417677984513963,1.4518269053687907
81.2101214009997,2.438823222334428,1.8518240877061536,-0.3611767864495974,1.4518240877061537
81.23634019799988,2.441823134040656,1.85180177028328,-0.3581768747433691,1.45180177028328
81.27818558900003,2.4448228373117447,1.851759954043079,-0.3551771714722807,1.4517599540430788
81.29549870000005,2.44782220541068,1.85169864075228,-0.35217780337334537,1.45169864075228
81.31555739300006,2.450821111614601,1.8516178330013597,-0.3491788971694243,1.4516178330013596
81.33748412799991,2.4538194292201707,1.8515175342044337,-0.3461805795638546,1.4515175342044335
81.37521166500005,2.456817031548914,1.8513977485991127,-0.34318297723511115,1.4513977485991125
81.40040686899988,2.45981379195258,1.8512584812463193,-0.34018621683144534,1.4512584812463194
81.41700495200007,2.4628095838184856,1.8510997380300789,-0.33719042496553975,1.451099738030079
81.432607297,2.465804280574871,1.8509215256572684,-0.3341957282091541,1.4509215256572685
81.44822935499974,2.4687977556962437,1.8507238516573346,-0.3312022530877816,1.4507238516573344
81.46307175199968,2.471789882708725,1.850506724381974,-0.3282101260753003,1.4505067243819738
81.49012833899974,2.4747805351953933,1.8502701530047823,-0.325219473588632,1.4502701530047823
81.50548685399986,2.4777695868016276,1.8500141475208645,-0.3222304219823977,1.4500141475208643
81.52278754199983,2.4807569112404413,1.849738718746414,-0.31924309754358404,1.449738718746414
81.53812779299983,2.483742382297822,1.8494438783182567,-0.31625762648620315,1.4494438783182568
81.55482392599993,2.486725873838058,1.849129638693356,-0.3132741349459671,1.449129638693356
81.58256214500011,2.4897072598090815,1.8487960131482888,-0.31029274897494385,1.4487960131482889
81.59732198000006,2.4926864142477734,1.8484430157786857,-0.30731359453625195,1.4484430157786856
81.615487842,2.495663211285304,1.8480706614986329,-0.30433679749872145,1.4480706614986327
81.63077229999976,2.4986375251524406,1.8476789660400423,-0.3013624836315847,1.4476789660400424
81.64724631600006,2.501609230184867,1.8472679459519896,-0.2983907785991584,1.4472679459519897
81.68123498299997,2.504578200828485,1.846837618600013,-0.2954218079555404,1.446837618600013
81.69625439800006,2.5075443116447285,1.8463880021653782,-0.29245569713929687,1.4463880021653783
81.71407204100001,2.510507437315856,1.8459191156443129,-0.2894925714681693,1.4459191156443127
81.73139830700006,2.5134674526502474,1.845430978847203,-0.2865325561337779,1.4454309788472028
81.74687575599978,2.5164242325876978,1.844923612397756,-0.28357577619632757,1.4449236123977558
81.77411819399981,2.519377652204692,1.844397037732128,-0.2806223565793333,1.444397037732128
81.7881322159999,2.522327586719693,1.843851277098021,-0.2776724220643323,1.443851277098021
81.804755849,2.5252739114984024,1.8432863535537403,-0.2747260972856229,1.4432863535537401
81.8189473750001,2.528216502059042,1.8427022909672215,-0.2717835067249834,1.4427022909672216
81.83475729799989,2.531155234077594,1.8420991140150216,-0.26884477470643153,1.4420991140150217
81.86932168099997,2.53408998339307,1.8414768481812778,-0.26591002539095543,1.4414768481812779
81.88489653700003,2.5370206260127453,1.8408355197566288,-0.2629793827712801,1.4408355197566287
81.90101645999971,2.539947038117409,1.8401751558371053,-0.26005297066661637,1.4401751558371054
81.91610614299975,2.5428690960665823,1.8394957843229844,-0.25713091271744304,1.4394957843229843
81.93142300799968,2.545786676403753,1.838797433917612,-0.2542133323802722,1.4387974339176122
81.9671565289998,2.5486996558615838,1.8380801341261879,-0.25130035292244157,1.4380801341261877
81.98233749299993,2.551607911367128,1.8373439152545228,-0.24839209741689716,1.4373439152545227
81.99986056800003,2.5545113200470224,1.836588808407753,-0.2454886887370029,1.4365888084077532
82.01547495099999,2.5574097592326823,1.8358148454890317,-0.242590249551343,1.4358148454890318
82.03406524399975,2.5603031064654838,1.835022059198177,-0.23969690231854157,1.435022059198177
82.06813023900008,2.5631912395019385,1.8342104830302908,-0.23680876928208683,1.4342104830302906
82.08341385900007,2.5660740363188506,1.8333801512743468,-0.23392597246517477,1.433380151274347
82.10155971500012,2.5689513751184867,1.8325310990117372,-0.23104863366553863,1.432531099011737
82.11696398199979,2.571823134333708,1.8316633621147944,-0.22817687445031742,1.4316633621147945
82.13216307199968,2.574689192633118,1.830776977245272,-0.2253108161509072,1.430776977245272
82.16728070199974,2.5775494289261767,1.8298719818528002,-0.22245057985784866,1.4298719818528003
82.1818334889997,2.5804037223683287,1.8289484141732995,-0.21959628641569662,1.4289484141732993
82.1966937499999,2.5832519523661004,1.828006313227366,-0.21674805641792494,1.4280063132273662
82.21071946899997,2.5860939985821965,1.8270457188186262,-0.21390601020182887,1.427045718818626
82.224437394,2.588929740940588,1.82606667153205,-0.21107026784343752,1.42606667153205
82.25994818599997,2.591759059631582,1.8250692127322394,-0.2082409491524433,1.4250692127322395
82.27651870399973,2.5945818351168866,1.8240533845616806,-0.20541817366713877,1.4240533845616805
82.29312701399999,2.597397948134653,1.8230192299389634,-0.20260206064937236,1.4230192299389635
82.31545977700011,2.600207279704529,1.8219667925569654,-0.1997927290794963,1.4219667925569652
82.33462003599993,2.6030097111326724,1.82089611688101,-0.1969902976513529,1.4208961168810101
82.37701342600008,2.6058051240167726,1.8198072481469851,-0.19419488476725277,1.4198072481469852
82.39620435699976,2.60859340025105,1.8187002323594337,-0.1914066085329753,1.4187002323594338
82.41567165999982,2.6113744220312496,1.8175751162896072,-0.18862558675277574,1.417575116289607
82.43188314599979,2.6141480718596153,1.8164319474734922,-0.18585193692441004,1.4164319474734923
82.45132115000001,2.6169142325498527,1.8152707742098015,-0.18308577623417266,1.4152707742098016
82.48441846799983,2.6196727872320857,1.8140916455579332,-0.1803272215519396,1.4140916455579333
82.49985680899977,2.622423619357788,1.8128946113358966,-0.1775763894262372,1.4128946113358967
82.51593809099973,2.6251666127047137,1.8116797221182086,-0.1748333960793116,1.4116797221182087
82.53112140200005,2.6279016513818005,1.8104470292337598,-0.1720983574022248,1.4104470292337599
82.54706721099978,2.6306286198340705,1.809196584763641,-0.16937138894995485,1.4091965847636412
82.57736428299972,2.6333474028475137,1.8079284415389436,-0.16665260593651166,1.4079284415389437
82.59180873499986,2.6360578855539503,1.8066426531385318,-0.16394212323007507,1.4066426531385319
82.60798455100007,2.6387599534358905,1.805339273886773,-0.1612400553481348,1.405339273886773
82.62373050199972,2.6414534923313675,1.804018358851248,-0.15854651645265783,1.404018358851248
82.638530769,2.6441383884387655,1.8026799638404194,-0.15586162034525985,1.4026799638404195
82.66879519000008,2.6468145283216216,1.8013241454012776,-0.15318548046240377,1.4013241454012775
82.68443560999981,2.649481798913425,1.7999509608169497,-0.15051820987060038,1.3999509608169496
82.69983667299971,2.6521400875223886,1.7985604681042806,-0.14785992126163672,1.3985604681042805
82.71499162899977,2.6547892818362144,1.797152726011381,-0.1452107269478109,1.397152726011381
82.7305045329997,2.6574292699268365,1.7957277940151444,-0.14257073885718885,1.3957277940151442
82.76266142000009,2.6600599402551506,1.7942857323187362,-0.13994006852887475,1.3942857323187363
82.7771907519998,2.6626811816757305,1.792826601849047,-0.1373188271082948,1.392826601849047
82.7927540459998,2.6652928834415106,1.791350464254124,-0.13470712534251472,1.3913504642541241
82.80776535399968,2.667894935208482,1.7898573819005594,-0.13210507357554313,1.3898573819005593
82.8222638589998,2.6704872270403452,1.7883474178708616,-0.12951278174368008,1.3883474178708615
82.8555168319997,2.673069649413156,1.7868206359607854,-0.12693035937086927,1.3868206359607855
82.87054946300009,2.675642093219953,1.7852771006766408,-0.12435791556407239,1.3852771006766407
82.88617367499978,2.6782044497753676,1.7837168772325622,-0.12179555900865768,1.3837168772325623
82.90022936799983,2.6807566108202163,1.7821400315477594,-0.119243397963809,1.3821400315477592
82.91486095699997,2.6832984685260755,1.7805466302437265,-0.11670154025794988,1.3805466302437264
82.94842658599987,2.6858299154998337,1.7789367406414338,-0.11417009328419159,1.378936740641434
82.96347115899994,2.688350844788235,1.7773104307584753,-0.11164916399579017,1.3773104307584751
82.97951528099998,2.690861149882392,1.7756677693062024,-0.10913885890163355,1.3756677693062023
82.99383255899988,2.693360724722286,1.7740088256868178,-0.10663928406173939,1.374008825686818
83.00819824799987,2.695849463701253,1.772333669990443,-0.10415054508277244,1.372333669990443
83.04404271699991,2.6983272616704417,1.7706423729921548,-0.10167274711358365,1.3706423729921546
83.05752983499974,2.700794013943255,1.7689350061490012,-0.0992059948407702,1.3689350061490013
83.073268246,2.703249616299777,1.7672116415969774,-0.09675039248424833,1.3672116415969775
83.08808475199999,2.7056939649911724,1.7654723521479792,-0.0943060437928529,1.3654723521479792
83.10305413899982,2.7081269567440747,1.7637172112867268,-0.09187305203995066,1.3637172112867266
83.1353816999997,2.710548488764942,1.7619462931676613,-0.0894515200190833,1.3619462931676614
83.14940681699977,2.7129584587444087,1.7601596726118092,-0.08704155003961667,1.3601596726118093
83.17256964900002,2.715356764861602,1.7583574251036225,-0.0846432439224234,1.3583574251036223
83.19147709000003,2.717743305788442,1.7565396267877922,-0.08225670299558319,1.356539626787792
83.20912032599995,2.720117980693934,1.754706354466025,-0.07988202809009115,1.3547063544660252
83.2500309239997,2.7224806892484135,1.752857685593805,-0.07751931953561186,1.352857685593805
83.26727179399973,2.7248313316277977,1.750993698277116,-0.07516867715622766,1.350993698277116
83.28384136599993,2.7271698085177927,1.749114471269146,-0.07283020026623266,1.349114471269146
83.30302313099969,2.7294960211181,1.747220083966955,-0.07050398766592547,1.3472200839669548
83.32009962799998,2.731809871146581,1.7453106164081253,-0.06819013763744453,1.3453106164081254
83.35154994599975,2.7341112608434197,1.7433861492673781,-0.06588874794060562,1.3433861492673782
83.3660623190001,2.736400092975241,1.7414467638531637,-0.06359991580878432,1.3414467638531637
83.38036635799995,2.7386762708392287,1.7394925421042267,-0.06132373794479662,1.3394925421042267
83.3943687489998,2.7393566422251325,1.7389033948213732,-0.0606433665588928,1.338903394821373
83.40806712400013,2.7393566422251507,1.7389033948213595,-0.06064336655887459,1.3389033948213593
83.44513212700008,2.739356642225165,1.7389033948213486,-0.06064336655886038,1.3389033948213487
83.45911642999977,2.739356642225183,1.7389033948213377,-0.06064336655884217,1.3389033948213376
83.47410229799993,2.7393566422252014,1.7389033948213282,-0.06064336655882396,1.3389033948213283
83.48742872399976,2.7393566422252174,1.7389033948213193,-0.060643366558807976,1.3389033948213194
83.501951685,2.7393566422252347,1.7389033948213102,-0.06064336655879066,1.33890339482131
83.54691134299969,2.739356642225253,1.7389033948213006,-0.06064336655877245,1.3389033948213007
83.56117591199995,2.739356642225271,1.738903394821291,-0.06064336655875424,1.338903394821291
83.5772614709997,2.7393566422252897,1.738903394821281,-0.06064336655873559,1.3389033948212812
83.59141168700012,2.739356642225308,1.7389033948212718,-0.06064336655871738,1.3389033948212719
83.60597670799984,2.739356642225326,1.7389033948212624,-0.060643366558699174,1.3389033948212625
83.63684126199973,2.739356642225344,1.7389033948212531,-0.06064336655868141,1.3389033948212532
83.65138319799985,2.739356642225362,1.7389033948212438,-0.0606433665586632,1.3389033948212439
83.66671559800011,2.7393566422253803,1.7389033948212345,-0.060643366558644995,1.3389033948212345
83.6803939859999,2.739356642225374,1.738903394821238,-0.06064336655865121,1.338903394821238
83.69490039700008,2.7393566422253564,1.738903394821247,-0.060643366558668976,1.338903394821247
83.72737087499968,2.7393566422253377,1.7389033948212562,-0.06064336655868763,1.3389033948212563
83.74215765299982,2.739356642225318,1.738903394821266,-0.06064336655870717,1.338903394821266
83.75938567099979,2.739356642225311,1.7389033948212695,-0.06064336655871427,1.3389033948212696
83.77356059199997,2.739356642225311,1.7389033948212695,-0.06064336655871427,1.3389033948212696
83.78839034499993,2.739356642225311,1.7389033948212695,-0.06064336655871427,1.3389033948212696
83.81885463599997,2.739356642225311,1.7389033948212695,-0.06064336655871427,1.3389033948212696
83.83318875500004,2.739356642225311,1.7389033948212695,-0.06064336655871427,1.3389033948212696
83.84890864799968,2.739356642225311,1.7389033948212695,-0.06064336655871427,1.3389033948212696
83.86418035499969,2.739356642225311,1.7389033948212695,-0.06064336655871427,1.3389033948212696
83.87916629999995,2.739356642225311,1.7389033948212695,-0.06064336655871427,1.3389033948212696
83.91028843599975,2.739356642225311,1.7389033948212695,-0.06064336655871427,1.3389033948212696
83.92511456599982,2.739356642225312,1.7389033948212693,-0.060643366558713385,1.3389033948212692
83.94111627699999,2.739356642225311,1.7389033948212695,-0.06064336655871427,1.3389033948212696
83.955587358,2.739356642225311,1.7389033948212695,-0.06064336655871427,1.3389033948212696
83.97137047000001,2.739356642225311,1.7389033948212695,-0.06064336655871427,1.3389033948212696
84.01099351700009,2.739356642225311,1.7389033948212695,-0.06064336655871427,1.3389033948212696
84.02862373099993,2.739356642225311,1.7389033948212695,-0.06064336655871427,1.3389033948212696
84.0499509079998,2.739356642225311,1.7389033948212695,-0.06064336655871427,1.3389033948212696
84.06836895599986,2.739356642225311,1.7389033948212695,-0.06064336655871427,1.3389033948212696
84.08507438099991,2.739356642225311,1.7389033948212695,-0.06064336655871427,1.3389033948212696
84.12718231199983,2.739356642225311,1.7389033948212695,-0.06064336655871427,1.3389033948212696
84.14268357700007,2.739356642225311,1.7389033948212695,-0.06064336655871427,1.3389033948212696
84.15976957899989,2.739356642225312,1.7389033948212693,-0.060643366558713385,1.3389033948212692
84.17518888600011,2.739356642225311,1.7389033948212695,-0.06064336655871427,1.3389033948212696
84.18879917799973,2.739356642225311,1.7389033948212695,-0.06064336655871427,1.3389033948212696
84.217000633,2.739356642225311,1.7389033948212695,-0.06064336655871427,1.3389033948212696
84.23118124799998,2.739356642225311,1.7389033948212695,-0.06064336655871427,1.3389033948212696
84.24646382500009,2.739356642225311,1.7389033948212695,-0.06064336655871427,1.3389033948212696
84.26105039399977,2.739356642225311,1.7389033948212695,-0.06064336655871427,1.3389033948212696
84.27529523999988,2.739356642225311,1.7389033948212695,-0.06064336655871427,1.3389033948212696
84.30926788300008,2.739356642225311,1.7389033948212695,-0.06064336655871427,1.3389033948212696
84.32341177600006,2.739356642225311,1.7389033948212695,-0.06064336655871427,1.3389033948212696
84.33906663799985,2.739356642225311,1.7389033948212695,-0.06064336655871427,1.3389033948212696
84.35327244599989,2.739356642225311,1.7389033948212695,-0.06064336655871427,1.3389033948212696
84.36690965100001,2.739356642225311,1.7389033948212695,-0.06064336655871427,1.3389033948212696
84.39904792799985,2.739356642225311,1.7389033948212695,-0.06064336655871427,1.3389033948212696
84.41371414899982,2.739356642225312,1.7389033948212695,-0.060643366558713385,1.3389033948212696
84.4295623759997,2.739356642225311,1.7389033948212695,-0.06064336655871427,1.3389033948212696
84.44436408599972,2.739356642225311,1.7389033948212695,-0.06064336655871427,1.3389033948212696
84.4580487579999,2.739356642225311,1.7389033948212695,-0.06064336655871427,1.3389033948212696
84.49511016499969,2.739356642225311,1.7389033948212695,-0.06064336655871427,1.3389033948212696
84.50810444600006,2.739356642225311,1.7389033948212695,-0.06064336655871427,1.3389033948212696
84.52441720499996,2.739356642225311,1.7389033948212695,-0.06064336655871427,1.3389033948212696
84.53875129199992,2.739356642225311,1.7389033948212695,-0.06064336655871427,1.3389033948212696
84.55351669099969,2.739356642225311,1.7389033948212695,-0.06064336655871427,1.3389033948212696
84.58582502600007,2.739356642225311,1.7389033948212695,-0.06064336655871427,1.3389033948212696
84.60149493799986,2.739356642225311,1.7389033948212695,-0.06064336655871427,1.3389033948212696
84.61735678499986,2.739356642225312,1.7389033948212698,-0.060643366558713385,1.3389033948212696
84.63124620299982,2.739356642225311,1.7389033948212695,-0.06064336655871427,1.3389033948212696
84.64741932099992,2.739356642225311,1.7389033948212695,-0.06064336655871427,1.3389033948212696
84.67741937200003,2.739356642225311,1.7389033948212695,-0.06064336655871427,1.3389033948212696
84.6918604,2.739356642225311,1.7389033948212695,-0.06064336655871427,1.3389033948212696
84.70634178299974,2.739356642225311,1.7389033948212695,-0.06064336655871427,1.3389033948212696
84.7201990279998,2.739459567156433,1.7389241658784287,-0.06054044162759231,1.3389241658784288
84.73402515099974,2.739939226175467,1.739024295518501,-0.060060782608558405,1.339024295518501
84.76504089900004,2.7408089644821922,1.7392131099267094,-0.059191044301833085,1.3392131099267095
84.77991197400002,2.742067328201683,1.7394970314465252,-0.05793268058234213,1.339497031446525
84.79572885399989,2.743712784212108,1.739882464278723,-0.05628722457191726,1.3398824642787228
84.8100481680001,2.745731578745687,1.7403721437900599,-0.054268430038338256,1.3403721437900598
84.82425971999987,2.7478555781804404,1.7409030694143117,-0.05214443060358498,1.3409030694143116
84.85447798099972,2.7499757951612023,1.7414489041620236,-0.050024213622823055,1.3414489041620237
84.86859559399977,2.7520921250367936,1.742009621091493,-0.04790788374723176,1.342009621091493
84.88307734199975,2.754204463347901,1.742585192526454,-0.045795545436124296,1.342585192526454
84.89671858899987,2.756405994676004,1.7432008014081561,-0.04359401410802155,1.3432008014081562
84.91039301099977,2.7587115085240117,1.7438585454389728,-0.04128850026001363,1.3438585454389727
84.94228403600005,2.7610135564708265,1.744528318955942,-0.03898645231319886,1.344528318955942
84.95685983999988,2.763312075750613,1.7452101036975414,-0.036687933033412445,1.3452101036975415
84.97327088299994,2.765607003693768,1.7459038810747682,-0.03439300509025722,1.345903881074768
84.98735294199992,2.7679338392871538,1.7466203105801499,-0.03206616949687158,1.3466203105801497
85.0021074509998,2.7702761046643603,1.7473536586083875,-0.02972390411966508,1.3473536586083874
85.03335823900011,2.772614876127451,1.7480980741316063,-0.027385132656574385,1.3480980741316064
85.04964209900004,2.774950101381459,1.7488535405046635,-0.025049907402566518,1.3488535405046633
85.0651180389998,2.777281728210709,1.7496200408353195,-0.022718280573316374,1.3496200408353194
85.07878877000007,2.7796605309210536,1.7504140899053948,-0.020339477862971744,1.350414089905395
85.09309812800007,2.782067826402271,1.751228346871453,-0.017932182381754203,1.3512283468714528
85.11172068199971,2.7844718657164114,1.7520521677966077,-0.015528143067613964,1.3520521677966078
85.1275044319998,2.7868726108669293,1.7528855396601293,-0.01312739791709605,1.3528855396601291
85.14069318899988,2.789270023909348,1.7537284492903327,-0.010729984874677356,1.3537284492903328
85.15407727199977,2.791647276871179,1.7545750377736522,-0.008352731912846245,1.3545750377736523
85.16864744700001,2.7940137947926837,1.7554289937108398,-0.005986213991341582,1.3554289937108397
85.18766416499989,2.7963767089534057,1.7562928712973753,-0.0036232998306195974,1.3562928712973754
85.20287790599991,2.798735977756943,1.757166655325681,-0.0012640310270821686,1.3571666553256811
85.2168084389998,2.8010915596710615,1.7580503304137873,0.0010915508870361634,1.3580503304137874
85.23085650400003,2.803510283934062,1.7589686019538384,0.003510275150036879,1.3589686019538383
85.2445817649998,2.8059769474804006,1.75991393426475,0.005976938696375278,1.3599139342647502
85.26398142799985,2.8084406628622895,1.7608669236382357,0.00844065407826422,1.3608669236382358
85.27984092499969,2.810901406310593,1.7618275608801568,0.010901397526567713,1.3618275608801569
85.2944244150001,2.8133591540848526,1.7627958367225962,0.013359145300827269,1.3627958367225963
85.30806161499981,2.8158752765029114,1.7637954847203046,0.015875267718886032,1.3637954847203044
85.32285990100013,2.8184329829340045,1.7648180554134105,0.01843297414997913,1.3648180554134104
85.34225955499983,2.8209885082850614,1.7658460647470888,0.020988499501036095,1.365846064747089
85.35773068100002,2.8235418409915183,1.7668795080692712,0.023541832207492952,1.366879508069271
85.37239719000013,2.8260929694987285,1.7679183807032959,0.02609296071470313,1.367918380703296
85.38769293700011,2.8286042874627393,1.7689476192695766,0.028604278678713957,1.3689476192695764
85.40151285699972,2.831096866567459,1.769976789264145,0.03109685778343385,1.369976789264145
85.4174981409999,2.833586731712486,1.7710125078700294,0.033586722928460766,1.3710125078700295
85.43340503700006,2.836073865693065,1.772054767930503,0.03607385690903975,1.372054767930503
85.44790172099988,2.8385582513233056,1.7731035622436349,0.03855824253928031,1.3731035622436347
85.46251470599987,2.8410503497815065,1.774163242910726,0.04105034099748117,1.374163242910726
85.47830588200009,2.843544269923756,1.775231047187539,0.043544261139730533,1.375231047187539
85.49508997399994,2.846035525474136,1.7763050534408755,0.04603551669011052,1.3763050534408756
85.51121724099971,2.848524101009359,1.7773852550215958,0.048524092225333604,1.3773852550215957
85.5262414819997,2.8510099811227323,1.778471645242206,0.051009972338706966,1.3784716452422061
85.54161939599976,2.85351017580023,1.7795715447987477,0.05351016701620459,1.3795715447987478
85.55630709999991,2.856015594940455,1.7806805148473095,0.05601558615642954,1.3806805148473096
85.57455873000004,2.8585185076844843,1.7817951302215933,0.058518498900459015,1.3817951302215934
85.59113797499981,2.8610189013120304,1.7829153852569068,0.061018892528005075,1.382915385256907
85.60685922300013,2.863516763115607,1.784041274259897,0.06351675433158155,1.3840412742598969
85.62023996499988,2.866037861914973,1.7851842213281461,0.06603785313094779,1.3851842213281462
85.63443094499985,2.8685693387462408,1.7863376871511365,0.06856932996221543,1.3863376871511366
85.65241515000002,2.8710986305824453,1.7874959363295824,0.07109862179841997,1.3874959363295822
85.66918866599985,2.873625728385197,1.7886589647244975,0.07362571960117181,1.3886589647244976
85.68312602899982,2.8761506231239533,1.7898267681798188,0.07615061433992798,1.3898267681798187
85.69647099300005,2.878683970091951,1.7910041934212788,0.07868396130792554,1.3910041934212787
85.71137286599992,2.8812198012444137,1.7921881761667287,0.08121979246038835,1.3921881761667287
85.72870354499969,2.8837535621070596,1.7933765829431498,0.08375355332303425,1.3933765829431497
85.74434529599989,2.8862852449616976,1.794569410130489,0.08628523617767225,1.3945694101304889
85.75820687999999,2.8888148420964654,1.795766654095226,0.08881483331244011,1.395766654095226
85.77213227199968,2.891342839251622,1.7969685408310838,0.0913428304675965,1.3969685408310837
85.78746602499973,2.893868953182391,1.7981749220320362,0.0938689443983658,1.398174922032036
85.80505060399969,2.8963929659042384,1.7993856932627788,0.09639295712021312,1.3993856932627788
85.81928026399987,2.8989148697879186,1.8006008508635554,0.09891486100389324,1.4006008508635555
85.83314779599982,2.901434657210559,1.8018203911613513,0.1014346484265336,1.4018203911613512
85.84734101699974,2.903968787785417,1.8030521443239256,0.10396877900139145,1.4030521443239254
85.86192850900011,2.906508487941655,1.8042913728365706,0.10650847915762984,1.4042913728365707
85.87984744599976,2.909046315481606,1.80553443179238,0.10904630669758086,1.40553443179238
85.89559634900002,2.9115822646280995,1.8067813183616237,0.11158225584407422,1.4067813183616238
85.91015969099976,2.9141163296082375,1.8080320297058583,0.11411632082421219,1.4080320297058582
85.92421521899973,2.916693642335897,1.8093083889740824,0.11669363355187157,1.4093083889740825
85.93928821699978,2.91929687430996,1.8106003123648575,0.11929686552593477,1.4106003123648576
85.96029348999969,2.921899054954048,1.8118943520295956,0.12189904617002245,1.4118943520295955
85.97540271599996,2.924500182547761,1.813190507112759,0.12450017376373568,1.413190507112759
85.98851039799979,2.9271002553713905,1.8144887767574065,0.12710024658736518,1.4144887767574064
86.00226882399988,2.9297103234205797,1.8157945693448716,0.12971031463655436,1.4157945693448717
86.01768274499977,2.932324234012848,1.8171044654865671,0.1323242252288228,1.4171044654865672
86.03946434299974,2.9349372784944743,1.818416088535867,0.13493726971044895,1.4184160885358668
86.05632378799987,2.937549455724556,1.8197294379200917,0.13754944694053073,1.4197294379200915
86.07125424899982,2.9401607645625747,1.8210445130658124,0.14016075577854936,1.4210445130658123
86.086320828,2.9427238630683004,1.82233793801787,0.14272385428427503,1.4223379380178698
86.10197241999981,2.945265106285056,1.8236244436796516,0.14526509750103056,1.4236244436796515
86.11960782699975,2.9478046562908715,1.8249142885046095,0.1478046475068462,1.4249142885046093
86.13517169400006,2.950342508698128,1.8262074702642577,0.15034249991410276,1.4262074702642575
86.14907437999977,2.9528786591221414,1.8275039867243486,0.1528786503381161,1.4275039867243486
86.16309387399974,2.955480247777419,1.8288373370003503,0.1554802389933938,1.4288373370003504
86.17659673499998,2.9581350125902968,1.8301985919730204,0.15813500380627143,1.4301985919730202
86.19590745699975,2.960789581765442,1.8315602284173997,0.16078957298141683,1.4315602284173998
86.21090548000006,2.963443955248046,1.8329222463053738,0.1634439464640205,1.432922246305374
86.2247480819999,2.9660981329832943,1.8342846456088175,0.16609812419926895,1.4342846456088174
86.23914761299989,2.9687602727760303,1.8356514713132677,0.16876026399200494,1.4356514713132675
86.25442014399982,2.9714259154511824,1.8370200176230491,0.17142590666715707,1.4370200176230492
86.27206162199968,2.9740916005131446,1.838388481369029,0.17409159172911925,1.4383884813690289
86.28741723400003,2.976757327959357,1.8397568625498903,0.17675731917533177,1.4397568625498902
86.30161710900006,2.9794230977872656,1.8411251611643245,0.17942308900324022,1.4411251611643245
86.31665458099974,2.982065340659094,1.842481596767324,0.18206533187506846,1.442481596767324
86.33069146399998,2.9846970783282045,1.8438337702972205,0.1846970695441792,1.4438337702972204
86.35103642599984,2.9873283328530755,1.8451868837585808,0.1873283240690502,1.4451868837585806
86.36619337199977,2.9899591038980065,1.8465409369787733,0.18995909511398112,1.4465409369787734
86.38059222900006,2.9925893911273627,1.8478959297850466,0.19258938234333733,1.4478959297850467
86.39396565999982,2.995240039049896,1.8492622670353076,0.19524003026587078,1.4492622670353077
86.40823449999993,2.997900525606864,1.850633537052186,0.1979005168228385,1.4506335370521861
86.42833367099979,3.000561094314724,1.8520046476712704,0.2005610855306985,1.4520046476712705
86.44397749099994,3.0032217451639234,1.8533755988876381,0.20322173637989804,1.453375598887638
86.4579607610001,3.0058824781449096,1.854746390696366,0.20588246936088428,1.454746390696366
86.47220818699975,3.0085416483194263,1.856116292868517,0.20854163953540095,1.4561162928685172
86.48783633400012,3.0112000301937445,1.8574860438226481,0.21120002140971916,1.457486043822648
86.50919635600007,3.0138582995243275,1.8588560131771075,0.21385829074030216,1.4588560131771073
86.52738305399976,3.016516456293225,1.8602262009226447,0.21651644750919985,1.4602262009226448
86.54192042299997,3.019174500482501,1.8615966070500105,0.21917449169847547,1.4615966070500104
86.55662471499977,3.0218227627142524,1.8629619988222543,0.2218227539302271,1.4629619988222542
86.57059412400008,3.0244671168849013,1.864324690209647,0.224467108100876,1.4643246902096472
86.5922125669997,3.027111768402309,1.8656868044297392,0.22711175961828367,1.465686804429739
86.60906174399975,3.0297567171404998,1.867048341417647,0.22975670835647444,1.4670483414176472
86.6242921999999,3.0324019629734855,1.8684093011085177,0.2324019541894602,1.4684093011085175
86.63842125699989,3.0350270021302928,1.869759723478923,0.23502699334626742,1.4697597234789228
86.65405041400004,3.037642725762708,1.8711069033704242,0.23764271697868278,1.471106903370424
86.66969760699999,3.0402577749408386,1.8724553919974563,0.24025776615681327,1.4724553919974563
86.68608618799976,3.042872149009873,1.873805189022356,0.24287214022584758,1.473805189022356
86.70084546399971,3.0454858473151765,1.8751562941071367,0.24548583853115113,1.4751562941071366
86.71531159899973,3.048128338515712,1.8765236044848939,0.24812832973168675,1.476523604484894
86.73047917200006,3.0507858214948764,1.877898961692345,0.2507858127108511,1.477898961692345
86.7478044449997,3.0534432126141313,1.879274496378176,0.253443203830106,1.479274496378176
86.76231978800001,3.056100511861627,1.8806502085362546,0.2561005030776018,1.4806502085362547
86.77629841199973,3.0587577192255067,1.8820260981604457,0.2587577104414813,1.4820260981604458
86.78998794899985,3.0614045285235765,1.8833969451856607,0.26140451973955114,1.4833969451856608
86.80441913399977,3.0640466629769376,1.8847660528846273,0.2640466541929123,1.4847660528846274
86.82296835400007,3.0666885101144814,1.8861357149096807,0.2666885013304561,1.4861357149096808
86.83889791499973,3.069330069819905,1.8875059312005227,0.26933006103587953,1.4875059312005225
86.85259574499992,3.071971341976924,1.888876701696837,0.2719713331928988,1.488876701696837
86.8659760969997,3.074591786369927,1.8902375918473076,0.2745917775859015,1.4902375918473076
86.88156646999983,3.077202813665666,1.8915951919852776,0.27720280488164084,1.4915951919852777
86.90089189200012,3.0798131685734367,1.8929540845230395,0.27981315978941135,1.4929540845230393
86.91692680899973,3.0824228504535283,1.8943142691275758,0.28242284166950293,1.494314269127576
86.9310662790001,3.085031858666401,1.8956757454655537,0.2850318498823756,1.4956757454655536
86.94439021899984,3.087656508792986,1.8970464142001258,0.2876565000089606,1.4970464142001259
86.95841417899987,3.0902887633103466,1.898420275537276,0.2902887545263213,1.498420275537276
86.97763284200005,3.092921384242408,1.8997934346125323,0.2929213754583828,1.4997934346125321
86.99408526499997,3.0955543714018123,1.9011658913281693,0.295554362617787,1.5011658913281694
87.00843554299968,3.0981877246011758,1.9025376455865124,0.2981877158171504,1.5025376455865125
87.02239197899985,3.1007906517469945,1.903892321156024,0.3007906429629692,1.503892321156024
87.03624267700002,3.103381236876661,1.9052383350104047,0.3033812280926358,1.5052383350104046
87.05543686199985,3.1059727616325117,1.9065825388826103,0.30597275284848635,1.5065825388826104
87.07118797399994,3.1085652247499533,1.9079249321167047,0.308565215965928,1.5079249321167048
87.08570491599971,3.111158624963936,1.9092655140576376,0.3111586161799105,1.5092655140576374
87.09952265400011,3.1137577658635163,1.9106068171561292,0.31375775707949094,1.510606817156129
87.11370071799979,3.116359826072848,1.9119475379319661,0.3163598172888227,1.5119475379319662
87.13520115999995,3.118962732165273,1.9132866157511221,0.31896272338124776,1.513286615751122
87.15101694100008,3.121566483103422,1.9146240500799168,0.3215664743193969,1.5146240500799166
87.1642768019999,3.1241710778495846,1.9159598403853222,0.32417106906555926,1.5159598403853223
87.17842939999969,3.126810366059609,1.9173117331269893,0.32681035727558383,1.5173117331269892
87.19225832400002,3.129468078794633,1.9186725771197348,0.32946807001060785,1.5186725771197347
87.21325197500005,3.1321259583290693,1.9200330953059224,0.33212594954504393,1.5200330953059225
87.22910215499974,3.1347840046229716,1.9213932876651074,0.33478399583894625,1.5213932876651075
87.24319742300008,3.1374422176363996,1.9227531541768492,0.3374422088523743,1.5227531541768493
87.25686713099981,3.1400245683742822,1.9240729773300094,0.3400245595902569,1.5240729773300092
87.27161131199978,3.1425756706119676,1.9253731618029584,0.3425756618279423,1.5253731618029582
87.29073480800002,3.145128311202393,1.926670323437809,0.34512830241836756,1.5266703234378092
87.3070234700001,3.147682486563756,1.9279644604144148,0.3476824777797307,1.527964460414415
87.32104373400011,3.150238193112102,1.9292555709168746,0.35023818432807685,1.5292555709168747
87.33608251300006,3.152857712610519,1.9305760721478304,0.35285770382649373,1.5305760721478303
87.35076460799996,3.1555243136725837,1.9319205095680667,0.35552430488855835,1.5319205095680668
87.369872558,3.158190755643472,1.9332652624885287,0.35819074685944674,1.5332652624885288
87.38600608599995,3.1608570384858474,1.9346103308903937,0.3608570297018221,1.5346103308903936
87.39995807299988,3.163523162162378,1.9359557147548276,0.3635231533783525,1.5359557147548277
87.4142056170001,3.166173507020705,1.9372931593691733,0.3661734982366798,1.5372931593691734
87.42792923899992,3.1688175158841854,1.9386263562233612,0.36881750710016004,1.5386263562233613
87.44967933299972,3.171461973899513,1.9399586619417895,0.37146196511548757,1.5399586619417893
87.46535248399982,3.1741068807663386,1.941290076373138,0.3741068719823133,1.541290076373138
87.47932294599991,3.1767522361842615,1.9426205993661905,0.3767522274002362,1.5426205993661903
87.49383095200005,3.1794152496998778,1.943959078868319,0.37941524091585244,1.543959078868319
87.50859475499988,3.1820863367624703,1.945301271059541,0.382086327978445,1.5453012710595408
87.52565682399995,3.1847575477514085,1.9466432165974468,0.3847575389673832,1.5466432165974466
87.54230408499984,3.1874288826439123,1.947984915470599,0.387428873859887,1.547984915470599
87.55671064900002,3.1901003414172027,1.9493263676675578,0.39010033263317734,1.549326367667558
87.57045595499972,3.19276264981718,1.950663171649734,0.39276264103315484,1.550663171649734
87.58466620200011,3.1954207531241816,1.9519985480082764,0.3954207443401563,1.5519985480082763
87.60167048900007,3.198078563375292,1.9533345075431217,0.3980785545912666,1.5533345075431217
87.61726902399982,3.2007360804425624,1.9546710501899558,0.4007360716585371,1.5546710501899557
87.63211872299985,3.203393304198062,1.9560081758844394,0.4033932954140367,1.5560081758844393
87.64680741200004,3.2060382249422408,1.9573393446175216,0.40603821615821545,1.5573393446175214
87.66150660500011,3.20867839338189,1.9586669258948324,0.40867838459786476,1.5586669258948325
87.68008717299995,3.211319077555612,1.9599934810321138,0.41131906877158686,1.5599934810321137
87.69642170700013,3.21396027706458,1.9613190098290134,0.41396026828055454,1.5613190098290133
87.71041096699969,3.2166019915098922,1.9626435120853365,0.4166019827258669,1.5626435120853364
87.72571268599972,3.219257387945634,1.9639737321173152,0.41925737916160877,1.563973732117315
87.74011083999972,3.2219188146117363,1.9653062646161161,0.421918805827711,1.5653062646161162
87.75929971499977,3.224580514006398,1.966638252263152,0.42458050522237256,1.566638252263152
87.77577339999993,3.227242486018075,1.967969695002603,0.42724247723404973,1.5679696950026032
87.78930890200013,3.229904730535215,1.9693005927786738,0.42990472175118954,1.5693005927786738
87.80285396499971,3.2325783114077176,1.9706365994688075,0.43257830262369223,1.5706365994688074
87.8181800079999,3.2352567327141912,1.971974831669204,0.4352567239301659,1.5719748316692042
87.83758203999992,3.2379352221136832,1.9733129275753287,0.4379352133296579,1.5733129275753286
87.8536663909997,3.2406137795992533,1.9746508871837178,0.440613770815228,1.5746508871837177
87.8674045360001,3.243292405163965,1.975988710490897,0.44329239637993956,1.575988710490897
87.88162439799976,3.245924261506811,1.9773024878848893,0.4459242527227856,1.5773024878848894
87.89624052799968,3.2485368321764865,1.978604439294669,0.44853682339246115,1.578604439294669
87.91678758400008,3.2511503160905364,1.979904556523405,0.45115030730651107,1.5799045565234051
87.93259981999995,3.2537647119612565,1.98120283893051,0.45376470317723117,1.5812028389305102
87.94714270999998,3.256380018500497,1.9824992858763009,0.45638000971647186,1.5824992858763007
87.96091266899998,3.2590169203704398,1.9838043688514464,0.45901691158641444,1.5838043688514465
87.98934127799998,3.2616641805028346,1.9851131983648402,0.46166417171880925,1.5851131983648403
87.99417099199968,3.2643119719872153,1.986420952607402,0.46431196320319,1.5864209526074018
88.009083444,3.2669602943868257,1.9877276313634153,0.46696028560280034,1.5877276313634154
88.02257510300001,3.2696091472648225,1.9890332344173436,0.4696091384807972,1.5890332344173435
88.0366318429999,3.2722489825987795,1.990332954978664,0.47224897381475417,1.5903329549786638
88.05053630399993,3.2748853991707407,1.9916292475982114,0.4748853903867154,1.5916292475982114
88.07048185500003,3.277522513387081,1.992924120374346,0.4775225046030558,1.592924120374346
88.08656114099972,3.280160324483144,1.9942175729316065,0.48016031569911855,1.5942175729316066
88.09995774000004,3.28279883169407,1.9955096048949437,0.48279882291004483,1.5955096048949438
88.11369703600008,3.285462206065203,1.9968123155413329,0.4854621972811777,1.596812315541333
88.12803581999992,3.2881375464948195,1.9981201942232358,0.48813753771079416,1.598120194223236
88.14687036100008,3.290813137178583,1.9994275608718375,0.4908131283945578,1.5994275608718374
88.16181772300001,3.2934889780184977,2.000734415439252,0.4934889692344724,1.600734415439252
88.17710868600011,3.2961650689165545,2.002040757877613,0.49616506013252915,1.6020407578776132
88.19075976099998,3.2988284452137573,2.003340118370188,0.49882843642973196,1.603340118370188
88.20495581699993,3.301486711213211,2.0046357915843336,0.5014867024291858,1.6046357915843337
88.22320270099976,3.3041454574191103,2.0059304791197343,0.5041454486350849,1.6059304791197344
88.23764689999985,3.306804683465967,2.0072241807984144,0.5068046746819417,1.6072241807984144
88.251555478,3.3094643889882285,2.008516896442534,0.5094643802042031,1.6085168964425343
88.26552664999986,3.312135003039355,2.0098141717140905,0.5121349942553297,1.6098141717140906
88.28520590999983,3.3148099105271793,2.0111141865547277,0.514809901743154,1.6111141865547278
88.29800648600008,3.3174845259441015,2.0124148021881316,0.5174845171600762,1.6124148021881317
88.31301827599987,3.3201588491551837,2.0137160185486827,0.5201588403711583,1.6137160185486827
88.3275115089998,3.322832880025498,2.01501783557073,0.5228328712414725,1.6150178355707303
88.34172898299971,3.325499852451182,2.016316517174904,0.5254998436671565,1.616316517174904
88.35519218900004,3.328164234221187,2.0176129626390504,0.5281642254371617,1.6176129626390505
88.37330491699981,3.330829030951734,2.018908554952517,0.5308290221677088,1.618908554952517
88.38833772399971,3.333494242369637,2.0202032939824845,0.5334942335856119,1.6202032939824846
88.40205833699997,3.336159868201671,2.0214971795962224,0.5361598594176455,1.6214971795962225
88.41481967599998,3.338848162426176,2.0228012632713446,0.5388481536421508,1.6228012632713447
88.42822867900009,3.3415471311593046,2.0241104703846693,0.5415471223752792,1.6241104703846694
88.4482139029999,3.344246102813343,2.025419671476435,0.5442460940293175,1.6254196714764353
88.46274081999968,3.3469450773882783,2.0267288665466365,0.546945068604253,1.6267288665466366
88.47621734099971,3.349644054884095,2.028038055595267,0.5496440461000698,1.6280380555952672
88.48990526400007,3.3523427663044196,2.0293471147796396,0.5523427575203943,1.6293471147796397
88.50409689699995,3.3550413563176416,2.0306561335113256,0.5550413475336162,1.6306561335113257
88.52024669499974,3.3577399386118634,2.031965168155893,0.557739929827838,1.6319651681558929
88.53494758900001,3.36043851318699,2.0332742187132946,0.5604385044029647,1.6332742187132947
88.54864420099989,3.3631370800429323,2.0345832851834857,0.563137071258907,1.6345832851834858
88.56248581199975,3.365807132263926,2.035878852917568,0.5658071234799005,1.635878852917568
88.57650884400005,3.368464531254612,2.0371695266747083,0.5684645224705869,1.6371695266747084
88.59574150399999,3.3711214183130687,2.0384612539298494,0.5711214095290433,1.6384612539298495
88.61112073399977,3.3737777930216484,2.039754034479938,0.573777784237623,1.639754034479938
88.62489638600005,3.3764336549627836,2.041047868121758,0.5764336461787583,1.641047868121758
88.63885651199985,3.3790818909471136,2.042338567840699,0.5790818821630883,1.642338567840699
88.65184297099972,3.381727547388999,2.043626510546229,0.5817275386049738,1.643626510546229
88.6750275449997,3.3843738453491983,2.0449131346276945,0.5843738365651729,1.6449131346276946
88.68984368199995,3.3870207841705033,2.0461984397655644,0.587020775386478,1.6461984397655645
88.70359338999992,3.3896683631955393,2.0474824256406263,0.589668354411514,1.6474824256406264
88.71800933999998,3.392333854934374,2.048774063563559,0.5923338461503485,1.6487740635635593
88.73225248199992,3.3950071071103194,2.0500701831872057,0.5950070983262941,1.6500701831872058
88.75222473100007,3.3976800322376293,2.0513669771333762,0.5976800234536039,1.6513669771333763
88.76822831200002,3.4003526301462044,2.0526644453195417,0.600352621362179,1.6526644453195418
88.78317684699982,3.4030249006659683,2.0539625876631358,0.603024891881943,1.6539625876631359
88.79802171699998,3.4056956772198745,2.0552604141727313,0.6056956684358492,1.6552604141727314
88.81209037199983,3.4083662031144355,2.056557303305009,0.6083661943304102,1.656557303305009
88.832013899,3.4110370798615084,2.0578534697205937,0.6110370710774831,1.6578534697205938
88.84757182199996,3.413708307265505,2.059148913324568,0.6137082984814795,1.659148913324568
88.86201974499977,3.4163798851308154,2.060443634022068,0.61637987634679,1.660443634022068
88.87568157300007,3.419034676388485,2.061729143723258,0.6190346676044598,1.661729143723258
88.89116285399973,3.421682728317596,2.0630097653568655,0.6216827195335708,1.6630097653568656
88.91155698099988,3.424331429655066,2.0642890432831256,0.6243314208710409,1.6642890432831257
88.92795768600013,3.426980779719055,2.0655669771727205,0.6269807709350297,1.6655669771727206
88.94241402000011,3.4296307778275548,2.0668435666966793,0.6296307690435294,1.6668435666966794
88.95622101599997,3.4322503410031917,2.0681035233472262,0.6322503322191664,1.6681035233472263
88.97177894299989,3.4348576766561263,2.069354651700653,0.634857667872101,1.6693546517006532
88.99248253199971,3.4374661824886217,2.0706033384850966,0.6374661737045964,1.6706033384850967
89.00795581599982,3.440075856214339,2.071849582606088,0.6400758474303139,1.6718495826060882
89.0221197569997,3.4426866955459143,2.073093382971302,0.642686686761889,1.673093382971302
89.03683824699988,3.445323972934001,2.0743470341420247,0.6453239641499757,1.6743470341420248
89.05103072999987,3.4479743982284696,2.0756050224944294,0.6479743894444443,1.6756050224944294
89.07105158899981,3.450625544638449,2.076861490420477,0.6506255358544237,1.6768614904204773
89.08688419999976,3.4532774112917424,2.078116437506804,0.653277402507717,1.6781164375068043
89.10023080899987,3.4559299973159168,2.0793698633405473,0.6559299885318914,1.6793698633405474
89.11343347599973,3.4585992312603477,2.0806294601187947,0.6585992224763224,1.6806294601187948
89.12669973199968,3.461276143115445,2.081891499736275,0.6612761343314197,1.6818914997362753
89.14773783799978,3.463953497853709,2.083152599526755,0.6639534890696837,1.683152599526755
89.16362811699969,3.466631295145179,2.084412759334811,0.6666312863611537,1.684412759334811
89.17739121399995,3.46930953465984,2.0856719790051415,0.6693095258758146,1.6856719790051415
89.1909418519997,3.471993694408728,2.0869328918776375,0.6719936856247029,1.6869328918776376
89.2063831539997,3.4746805640333274,2.088194162479035,0.674680555249302,1.6881941624790353
89.22709460400006,3.477367781418363,2.0894546919848813,0.6773677726343377,1.6894546919848814
89.24345498499974,3.4800553463594253,2.0907144802992863,0.6800553375753999,1.6907144802992864
89.25774339699979,3.4827432586520786,2.091973527326428,0.6827432498680532,1.6919735273264283
89.271462982,3.4854235364674024,2.09322800978047,0.6854235276833771,1.6932280097804702
89.28656484999988,3.488100855844774,2.094479865577591,0.6881008470607486,1.6944798655775912
89.30441802600012,3.490778657451908,2.0957306895212664,0.6907786486678829,1.6957306895212665
89.32087827300006,3.4934569408911216,2.0969804814257342,0.6934569321070962,1.6969804814257343
89.33521496699973,3.4961357057646625,2.098229241105387,0.6961356969806372,1.6982292411053872
89.34920252100005,3.498799438725844,2.0994695765509017,0.6987994299418188,1.6994695765509018
89.36367792199985,3.501457223942593,2.100705238132766,0.7014572151585678,1.700705238132766
89.38525311199987,3.504115747753734,2.1019393098279493,0.7041157389697088,1.7019393098279494
89.402307006,3.5067750092081997,2.103171791194972,0.7067750004241744,1.703171791194972
89.41742530599981,3.5094350073546536,2.1044026817929202,0.7094349985706283,1.7044026817929203
89.43181132399991,3.510233150311472,2.104771638706583,0.7102331415274468,1.7047716387065832
89.44624914499968,3.5102331503114907,2.1047716387065925,0.7102331415274654,1.7047716387065925
89.46879455099975,3.5102331503115094,2.1047716387066018,0.7102331415274841,1.7047716387066019
89.48640836599975,3.510233150311522,2.104771638706608,0.7102331415274965,1.704771638706608
89.49999082,3.5102331503115414,2.1047716387066178,0.710233141527516,1.7047716387066179
89.51398662099996,3.5102331503115565,2.1047716387066253,0.7102331415275311,1.7047716387066254
89.52776473900008,3.510233150311574,2.1047716387066346,0.7102331415275485,1.7047716387066347
89.54866616999993,3.5102331503115822,2.104771638706639,0.7102331415275569,1.7047716387066392
89.56453908799972,3.510233150311583,2.1047716387066395,0.7102331415275578,1.7047716387066396
89.57816314299976,3.5102331503115822,2.104771638706639,0.7102331415275569,1.7047716387066392
89.59207125599983,3.510233150311583,2.1047716387066395,0.7102331415275578,1.7047716387066396
89.60602007600005,3.5102331503115822,2.104771638706639,0.7102331415275569,1.7047716387066392
89.62726099099996,3.510233150311583,2.1047716387066395,0.7102331415275578,1.7047716387066396
89.64259111099977,3.5102331503115822,2.104771638706639,0.7102331415275569,1.7047716387066392
89.65596247200006,3.510233150311584,2.10477163870664,0.7102331415275587,1.70477163870664
89.67017258800001,3.5102331503115667,2.10477163870663,0.7102331415275414,1.7047716387066303
89.68431782599987,3.5102331503115503,2.104771638706621,0.7102331415275249,1.704771638706621
89.706838973,3.5102331503115427,2.104771638706617,0.7102331415275174,1.704771638706617
89.72158204899984,3.5102331503115427,2.104771638706617,0.7102331415275174,1.704771638706617
89.73761936200003,3.5102331503115436,2.1047716387066173,0.7102331415275183,1.7047716387066174
89.75194115599993,3.5102331503115436,2.1047716387066173,0.7102331415275183,1.7047716387066174
89.76689297300004,3.5102331503115427,2.104771638706617,0.7102331415275174,1.704771638706617
89.79594106899981,3.510233150311543,2.1047716387066173,0.7102331415275178,1.7047716387066174
89.8101761989999,3.5102331503115427,2.104771638706617,0.7102331415275174,1.704771638706617
89.82407127800002,3.510233150311543,2.1047716387066173,0.7102331415275178,1.7047716387066174
89.83809012699999,3.510233150311543,2.1047716387066173,0.7102331415275178,1.7047716387066174
89.85487100799969,3.5102331503115427,2.104771638706617,0.7102331415275174,1.704771638706617
89.88283092400002,3.510233150311543,2.1047716387066173,0.7102331415275178,1.7047716387066174
89.89776556699985,3.510233150311543,2.1047716387066173,0.7102331415275178,1.7047716387066174
89.91412049199994,3.5102331503115427,2.104771638706617,0.7102331415275174,1.704771638706617
89.92832949699982,3.510233150311543,2.1047716387066173,0.7102331415275178,1.7047716387066174
89.94307382900001,3.510233150311543,2.1047716387066173,0.7102331415275178,1.7047716387066174
89.97640413499971,3.5102331503115427,2.1047716387066164,0.7102331415275174,1.7047716387066165
89.99185416399973,3.510233150311543,2.1047716387066173,0.7102331415275178,1.7047716387066174
90.00848343899975,3.5102331503115427,2.1047716387066164,0.7102331415275174,1.7047716387066165
90.02346586199997,3.510233150311543,2.1047716387066173,0.7102331415275178,1.7047716387066174
90.03737960600006,3.510233150311543,2.1047716387066173,0.7102331415275178,1.7047716387066174
90.0691056119997,3.5102331503115427,2.1047716387066164,0.7102331415275174,1.7047716387066165
90.08273659299971,3.510233150311543,2.1047716387066173,0.7102331415275178,1.7047716387066174
90.09706596599995,3.510233150311543,2.1047716387066173,0.7102331415275178,1.7047716387066174
90.11311229599983,3.5102331503115427,2.1047716387066164,0.7102331415275174,1.7047716387066165
90.12700023399998,3.510233150311543,2.1047716387066173,0.7102331415275178,1.7047716387066174
90.15716538599986,3.510233150311543,2.1047716387066173,0.7102331415275178,1.7047716387066174
90.1715296699997,3.5102331503115427,2.1047716387066164,0.7102331415275174,1.7047716387066165
90.18796097500012,3.510233150311543,2.1047716387066173,0.7102331415275178,1.7047716387066174
90.20208522300004,3.510233150311543,2.1047716387066173,0.7102331415275178,1.7047716387066174
90.21605513200006,3.5102331503115427,2.1047716387066164,0.7102331415275174,1.7047716387066165
90.25109619999989,3.510233150311543,2.1047716387066173,0.7102331415275178,1.7047716387066174
90.26539264899998,3.5102331503115427,2.1047716387066164,0.7102331415275174,1.7047716387066165
90.28162550100001,3.510233150311543,2.1047716387066173,0.7102331415275178,1.7047716387066174
90.29612219499973,3.510233150311543,2.1047716387066173,0.7102331415275178,1.7047716387066174
90.30989350499999,3.5102331503115427,2.1047716387066164,0.7102331415275174,1.7047716387066165
90.34566153599985,3.510233150311543,2.1047716387066173,0.7102331415275178,1.7047716387066174
90.36031351399993,3.510233150311543,2.1047716387066173,0.7102331415275178,1.7047716387066174
90.37587364899969,3.5102331503115427,2.1047716387066164,0.7102331415275174,1.7047716387066165
90.3899818919997,3.510233150311543,2.1047716387066173,0.7102331415275178,1.7047716387066174
90.40335238600005,3.510233150311543,2.1047716387066173,0.7102331415275178,1.7047716387066174
90.4414216419998,3.5102331503115427,2.1047716387066164,0.7102331415275174,1.7047716387066165
90.455445069,3.510233150311543,2.1047716387066173,0.7102331415275178,1.7047716387066174
90.47209947299984,3.5102331503115427,2.1047716387066164,0.7102331415275174,1.7047716387066165
90.48604305399999,3.510233150311543,2.1047716387066173,0.7102331415275178,1.7047716387066174
90.49989014400012,3.510233150311543,2.1047716387066173,0.7102331415275178,1.7047716387066174
90.53360300400004,3.5102331503115427,2.1047716387066164,0.7102331415275174,1.7047716387066165
90.5485605450001,3.510233150311543,2.1047716387066173,0.7102331415275178,1.7047716387066174
90.5645920720001,3.510233150311543,2.1047716387066173,0.7102331415275178,1.7047716387066174
90.57884214399996,3.5102331503115427,2.1047716387066164,0.7102331415275174,1.7047716387066165
90.59282631499968,3.510233150311543,2.1047716387066173,0.7102331415275178,1.7047716387066174
90.62885049700003,3.510233150311543,2.1047716387066173,0.7102331415275178,1.7047716387066174
90.64390508099973,3.510233150311543,2.1047716387066164,0.7102331415275178,1.7047716387066165
90.65900085099997,3.510233150311543,2.1047716387066173,0.7102331415275178,1.7047716387066174
90.6728954140001,3.510233150311543,2.1047716387066173,0.7102331415275178,1.7047716387066174
90.68640426199977,3.510233150311543,2.1047716387066164,0.7102331415275178,1.7047716387066165
90.71936040500009,3.510233150311543,2.1047716387066173,0.7102331415275178,1.7047716387066174
90.7354282230001,3.510233150311543,2.1047716387066164,0.7102331415275178,1.7047716387066165
90.75295430399979,3.510233150311543,2.1047716387066173,0.7102331415275178,1.7047716387066174
90.76799355599974,3.510233150311543,2.1047716387066173,0.7102331415275178,1.7047716387066174
90.78650997,3.510233150311543,2.1047716387066164,0.7102331415275178,1.7047716387066165
90.82706772100005,3.510233150311543,2.1047716387066173,0.7102331415275178,1.7047716387066174
90.84216915699994,3.510233150311543,2.1047716387066173,0.7102331415275178,1.7047716387066174
90.85795940699995,3.510233150311543,2.1047716387066164,0.7102331415275178,1.7047716387066165
90.87207113799991,3.510233150311543,2.1047716387066173,0.7102331415275178,1.7047716387066174
90.88583860799986,3.510233150311543,2.1047716387066173,0.7102331415275178,1.7047716387066174
90.91878919099986,3.510233150311543,2.1047716387066164,0.7102331415275178,1.7047716387066165
90.9335850330001,3.510233150311543,2.1047716387066173,0.7102331415275178,1.7047716387066174
90.94946968099998,3.510233150311543,2.1047716387066164,0.7102331415275178,1.7047716387066165
90.96387496600005,3.510233150311543,2.1047716387066173,0.7102331415275178,1.7047716387066174
90.9783005050001,3.510233150311543,2.1047716387066173,0.7102331415275178,1.7047716387066174
91.01159375599968,3.510233150311543,2.1047716387066164,0.7102331415275178,1.7047716387066165
91.02566289899983,3.510233150311543,2.1047716387066173,0.7102331415275178,1.7047716387066174
91.04026406599974,3.510233150311543,2.1047716387066173,0.7102331415275178,1.7047716387066174
91.05528913500007,3.510233150311543,2.1047716387066164,0.7102331415275178,1.7047716387066165
91.06936686799986,3.510233150311543,2.1047716387066173,0.7102331415275178,1.7047716387066174
91.10409748899997,3.510233150311543,2.1047716387066173,0.7102331415275178,1.7047716387066174
91.11872208099999,3.510233150311543,2.1047716387066164,0.7102331415275178,1.7047716387066165
91.13399543499986,3.510233150311543,2.1047716387066173,0.7102331415275178,1.7047716387066174
91.14908574800006,3.510233150311543,2.1047716387066173,0.7102331415275178,1.7047716387066174
91.16326477000007,3.510233150311543,2.1047716387066164,0.7102331415275178,1.7047716387066165
91.19717322700012,3.510233150311543,2.1047716387066173,0.7102331415275178,1.7047716387066174
91.21095113099977,3.510233150311543,2.1047716387066164,0.7102331415275178,1.7047716387066165
91.22611063499994,3.510233150311543,2.1047716387066173,0.7102331415275178,1.7047716387066174
91.23923330000002,3.5102157814781276,2.104875192067158,0.7102157726941023,1.704875192067158
91.25382951899996,3.5101312660010517,2.1053578468637504,0.7101312572170264,1.7053578468637505
91.28604803799976,3.5099702399403636,2.1062331556785225,0.7099702311563383,1.7062331556785226
91.30221242199991,3.5097257503162442,2.1074997708695653,0.7097257415322189,1.7074997708695654
91.32381792499996,3.509390862285734,2.1091562525146945,0.7093908535017088,1.7091562525146946
91.33948856899974,3.5089754901150467,2.111123690215745,0.7089754813310214,1.7111236902157452
91.35543114999996,3.5085367608977376,2.1131200063767714,0.7085367521137123,1.7131200063767715
91.39068450499985,3.508081506147392,2.1151126188963505,0.7080814973633665,1.7151126188963506
91.40671871600011,3.5076097571179976,2.1171013909783554,0.7076097483339723,1.7171013909783555
91.42283088599993,3.5071215461959007,2.1190861860903114,0.7071215374118753,1.7190861860903115
91.43895595199979,3.5066022326164332,2.1211259395003834,0.7066022238324079,1.7211259395003835
91.4540405109999,3.5060574177194335,2.1232015069189925,0.7060574089354081,1.7232015069189925
91.48647239699972,3.5054972538623907,2.125272984612443,0.7054972450783654,1.725272984612443
91.50118476300008,3.5049217717390264,2.1273402590758086,0.7049217629550011,1.7273402590758087
91.51677861199983,3.504331002882411,2.1294032170344805,0.7043309940983855,1.7294032170344806
91.5316646660001,3.5037178688141246,2.131486414076092,0.7037178600300993,1.731486414076092
91.54624519200001,3.503086460662152,2.1335769818788948,0.7030864518781268,1.7335769818788949
91.57766154199976,3.5024402810872566,2.1356630312429985,0.7024402723032313,1.7356630312429986
91.59202546599977,3.501779362419245,2.137744457798697,0.7017793536352195,1.737744457798697
91.60708572099998,3.501103737725355,2.139821157407572,0.7011037289413298,1.739821157407572
91.62080796299983,3.5003903480477776,2.1419640634296995,0.7003903392637523,1.7419640634296996
91.6355229469998,3.499645146458854,2.144159089488401,0.6996451376748287,1.744159089488401
91.66709760699973,3.4988869853549285,2.1463496730971645,0.6988869765709032,1.7463496730971646
91.68174236699974,3.498115891217053,2.1485357377432877,0.6981158824330276,1.7485357377432877
91.69649198699994,3.497331890978005,2.150717207071897,0.6973318821939798,1.7507172070718973
91.71134281899981,3.496511062291621,2.152961060462583,0.6965110535075958,1.752961060462583
91.72604494899974,3.495660481676668,2.155251821044203,0.6956604728926425,1.7552518210442032
91.75953003500013,3.4947988642435663,2.1575384532454533,0.694798855459541,1.7575384532454534
91.77293652899994,3.493926230028886,2.1598209038916205,0.6939262212448605,1.7598209038916206
91.78890233300012,3.493042599325384,2.162099119905227,0.6930425905413586,1.7620991199052272
91.80471050999972,3.492137391422613,2.164400567557459,0.6921373826385877,1.764400567557459
91.82060541799979,3.491216529297683,2.1667115846107756,0.6912165205136578,1.7667115846107757
91.85264100500012,3.4902854161069596,2.1690184905689605,0.6902854073229343,1.7690184905689605
91.86747582199973,3.489344070203354,2.171321239961233,0.6893440614193285,1.771321239961233
91.88310505899994,3.488392510141473,2.1736197873987426,0.6883925013574475,1.7736197873987427
91.89691290799988,3.4874296093055737,2.175916873606597,0.6874296005215483,1.775916873606597
91.91275119899979,3.4864560988555557,2.178210886017151,0.6864560900715304,1.7782108860171513
91.94294760699972,3.485472498744466,2.180500590442952,0.6854724899604405,1.7805005904429523
91.95841861099984,3.484478828035427,2.18278594250731,0.6844788192514017,1.78278594250731
91.97498027200004,3.4834751059867397,2.1850668979178884,0.6834750972027144,1.7850668979178885
91.99014941099972,3.482458805011398,2.1873492404626353,0.6824587962273725,1.7873492404626354
92.00471252200009,3.4814315216956726,2.1896296508566357,0.6814315129116473,1.7896296508566358
92.03532677199996,3.4803943883341226,2.1919055983442095,0.6803943795500973,1.7919055983442096
92.05184615599978,3.4793474243147653,2.194177040379128,0.67934741553074,1.794177040379128
92.06518741700006,3.4782906492093906,2.196443934499393,0.6782906404253652,1.796443934499393
92.07879706400013,3.4772113112562653,2.1987338564367334,0.6772113024722399,1.7987338564367334
92.09324352599992,3.4761163945980003,2.201033311182058,0.6761163858139749,1.8010333111820582
92.1142212090001,3.4750124553599404,2.203328447947704,0.6750124465759151,1.8033284479477043
92.12899085799995,3.4738995105703796,2.205619231331121,0.6738995017863543,1.805619231331121
92.14238932900003,3.472777577396522,2.2079056259969088,0.6727775686124966,1.8079056259969088
92.1564897589999,3.471621608805122,2.2102392710394376,0.6716216000210968,1.8102392710394377
92.17150246799997,3.470441626497566,2.2126027767528367,0.6704416177135406,1.8126027767528368
92.19052208299968,3.469254310359473,2.2149626068085007,0.6692543015754477,1.8149626068085007
92.2059772189998,3.468059671840417,2.217318738450024,0.6680596630563915,1.817318738450024
92.22097062999978,3.4668577224605865,2.219671148956657,0.6668577136765612,1.8196711489566573
92.23494050099976,3.465637637288705,2.22204127692413,0.6656376285046797,1.8220412769241299
92.25106140799994,3.4644056528473715,2.224418096988789,0.6644056440633461,1.824418096988789
92.27029231799975,3.463167022553687,2.2267914604837094,0.6631670137696615,1.8267914604837094
92.28611654299971,3.4619217561056326,2.229161348826398,0.6619217473216072,1.829161348826398
92.30068150300008,3.460669863253153,2.2315277434615686,0.6606698544691278,1.8315277434615687
92.31543738799996,3.459388160253161,2.233935117145533,0.6593881514691358,1.8339351171455331
92.32946231499977,3.4580871076374247,2.236366363337714,0.6580870988533993,1.836366363337714
92.34512182799995,3.456780947819507,2.2387948695629416,0.6567809390354817,1.8387948695629417
92.36217379300001,3.4554696865696455,2.241220625092776,0.6554696777856202,1.841220625092776
92.37693772399984,3.4541533296806137,2.24364361921093,0.6541533208965884,1.8436436192109302
92.39240084900007,3.452821390068896,2.2460834472580373,0.6528213812848707,1.8460834472580374
92.40770517299984,3.451479973395184,2.2485299850305656,0.6514799646111586,1.8485299850305656
92.42343301100004,3.45013410946549,2.250974079146527,0.6501341006814645,1.850974079146527
92.4391260320001,3.448783802731402,2.253415721521814,0.6487837939473766,1.8534157215218139
92.45368490399983,3.4474290576592064,2.255854904080434,0.647429048875181,1.855854904080434
92.46731171599981,3.4460770282342614,2.2582785527885894,0.6460770194502361,1.8582785527885894
92.48081733699996,3.444723283787687,2.2606939294769943,0.6447232750036616,1.8606939294769944
92.50000197699978,3.4433647038683577,2.263106589663657,0.6433646950843324,1.8631065896636572
92.51577991199997,3.442001293927338,2.2655165236681998,0.6420012851433126,1.8655165236681999
92.53090973599978,3.440633059435074,2.267923721821175,0.6406330506510485,1.867923721821175
92.54419210499987,3.439254188315647,2.270338557623153,0.6392541795316218,1.8703385576231533
92.55944730499982,3.4378682878174818,2.272755247649681,0.6378682790334564,1.872755247649681
92.57568223699968,3.4364779049867806,2.2751693616609137,0.6364778962027553,1.8751693616609137
92.5911942639998,3.435083044611645,2.2775808913432942,0.6350830358276198,1.8775808913432943
92.60444118500004,3.4336837114955943,2.279989828392173,0.6336837027115689,1.8799898283921732
92.61840456699997,3.432287271945376,2.2823833073846713,0.6322872631613508,1.8823833073846714
92.63269621299992,3.4308891813255116,2.284768465594078,0.6308891725414862,1.8847684655940782
92.6540225870001,3.4294862299173525,2.2871507679282876,0.6294862211333272,1.8871507679282877
92.67042342299987,3.4280784235545596,2.289530204481366,0.6280784147705343,1.8895302044813662
92.6860259990001,3.426665768090985,2.2919067653592893,0.6266657593069596,1.8919067653592894
92.700097917,3.4252294856744827,2.2943125352031153,0.6252294768904574,1.8943125352031154
92.71412090599983,3.423779271653731,2.2967330327265945,0.6237792628697059,1.8967330327265945
92.73182961299995,3.4223253188276908,2.299151286258961,0.6223253100436654,1.8991512862589612
92.7476609089997,3.420867630668598,2.3015672900251,0.6208676218845728,1.9015672900251
92.76224238000009,3.4194062106576095,2.303981038255268,0.6194062018735842,1.9039810382552682
92.77600233199996,3.4179069609936006,2.306449992541351,0.6179069522095753,1.9064499925413512
92.790091394,3.416381145971072,2.308959363838153,0.6163811371870467,1.9089593638381532
92.81138704399996,3.41485395768008,2.311467899608675,0.6148539488960547,1.9114678996086751
92.82750782400012,3.4133253965781503,2.3139755991013975,0.6133253877941249,1.9139755991013976
92.84226369900011,3.411795463123222,2.3164824615650406,0.6117954543391968,1.9164824615650407
92.85536376000005,3.410263747302274,2.3189891715233446,0.6102637385182486,1.9189891715233447
92.86970577099987,3.4087305047405887,2.321495349256315,0.6087304959565634,1.9214953492563152
92.89171539199992,3.4071959154363047,2.324000702574586,0.6071959066522794,1.924000702574586
92.90936741499968,3.405659979832702,2.3265052307544614,0.6056599710486767,1.9265052307544615
92.9240588340001,3.4041226983734534,2.329008933072479,0.604122689589428,1.929008933072479
92.938922133,3.4025949061034844,2.3314938339598714,0.602594897319459,1.9314938339598715
92.95282399099983,3.4010698771073464,2.3339698743293247,0.6010698683233211,1.9339698743293248
92.97020008000004,3.399542874461796,2.336444698014096,0.5995428656777708,1.9364446980140961
92.98600136499977,3.398013899137519,2.3389183034409937,0.5980138903534935,1.9389183034409938
93.000018899,3.3964829521064503,2.341390689037597,0.596482943322425,1.941390689037597
93.01427576899982,3.3949348155559327,2.3438869009008263,0.5949348067719074,1.9438869009008264
93.02850242399995,3.393377929065846,2.3463947930506133,0.5933779202818208,1.9463947930506134
93.04444154299995,3.3918199961689903,2.3489020352939716,0.591819987384965,1.9489020352939717
93.05931681400011,3.390261017136662,2.35140862719429,0.5902610083526367,1.95140862719429
93.07405887399977,3.3887009922403406,2.353914568315077,0.5887009834563153,1.953914568315077
93.08685342400008,3.3871561734953146,2.3563932604770903,0.5871561647112893,1.9563932604770904
93.1016292769998,3.3856164789455536,2.358859405261083,0.5856164701615283,1.9588594052610833
93.12021316899995,3.3840748040939226,2.361324312572531,0.5840747953098973,1.9613243125725313
93.13557124399972,3.382531149934992,2.3637879808212605,0.5825311411509668,1.9637879808212606
93.14939421999975,3.3809855174646106,2.366250408417899,0.5809855086805853,1.966250408417899
93.16335937600002,3.3794139519308772,2.3687505364078247,0.5794139431468519,1.9687505364078248
93.17721681699982,3.3778277690350036,2.3712727732091703,0.5778277602509783,1.9712727732091704
93.19257241899982,3.376241138906638,2.373794728699848,0.5762411301226127,1.9737947286998483
93.20750672000008,3.3746540615956717,2.3763164028005597,0.5746540528116464,1.9763164028005598
93.22187835999989,3.3730665371520048,2.378837795432013,0.5730665283679794,1.978837795432013
93.23589874799995,3.371488477099918,2.3813428546918587,0.5714884683158927,1.9813428546918588
93.24920229199984,3.369913725382346,2.3838404425177355,0.5699137165983208,1.9838404425177356
93.26562498599992,3.3683379475734236,2.3863373830890886,0.5683379387893983,1.9863373830890887
93.28018004,3.3667611439391854,2.388833675984366,0.56676113515516,1.988833675984366
93.29357392299994,3.365183314745837,2.391329320782125,0.5651833059618117,1.9913293207821252
93.30709448899984,3.3636011075484626,2.393829721316498,0.5636010987644373,1.993829721316498
93.32069175499987,3.3620166032081147,2.396331893400684,0.5620165944240894,1.9963318934006842
93.34083790399995,3.36043126786026,2.398833539054711,0.5604312590762346,1.998833539054711
93.35589280999989,3.358845101679797,2.401334658002587,0.5588450928957718,2.001334658002587
93.36948376299983,3.3572581048417183,2.4038352499683797,0.5572580960576929,2.00383524996838
93.3831141979997,3.3556691105293677,2.4063371889572105,0.5556691017453423,2.0063371889572106
93.39759522100007,3.354078843152053,2.408839440155456,0.5540788343680276,2.008839440155456
93.4166778389997,3.3524878131257747,2.4113412065006496,0.5524878043417494,2.0113412065006497
93.43378171800009,3.350896020598357,2.4138424877603524,0.5508960118143316,2.0138424877603525
93.44742592599982,3.3493034657176994,2.4163432837021617,0.5493034569336741,2.0163432837021618
93.4617032829999,3.3477135504737086,2.4188381492009046,0.5477135416896832,2.0188381492009047
93.47669580699971,3.3461241647562803,2.4213300892708243,0.5461241559722549,2.0213300892708244
93.49732054299989,3.3445338215036142,2.423821418355779,0.5445338127195889,2.0238214183557792
93.51269810100007,3.3429425209505825,2.4263121360878332,0.5429425121665572,2.0263121360878333
93.52674087599985,3.3413502633322,2.428802242099139,0.5413502545481745,2.028802242099139
93.54153177800004,3.339743241202918,2.4313137618767198,0.5397432324188927,2.03131376187672
93.55560600500007,3.3381293381542383,2.4338356697346546,0.538129329370213,2.0338356697346547
93.57365615399999,3.3365153064004236,2.436357495222705,0.5365152976163983,2.0363574952227053
93.59011394499998,3.3349011459456763,2.4388792383343136,0.534901137161651,2.0388792383343137
93.60449216999973,3.3332868567942104,2.4414008990628675,0.5332868480101851,2.0414008990628676
93.61903535999977,3.3316851115619195,2.4439022873036866,0.5316851027778942,2.0439022873036867
93.63300067199975,3.330088044776452,2.4463945404777983,0.5300880359924265,2.0463945404777983
93.64927554600013,3.3284901153763258,2.4488862406670946,0.5284901065923004,2.0488862406670947
93.66535144900013,3.3268913235530153,2.4513773875730056,0.52689131476899,2.0513773875730057
93.67960375200005,3.325291669498094,2.453867980897033,0.5252916607140685,2.0538679808970333
93.69438915299975,3.3236785475502777,2.4563781575168897,0.5236785387662524,2.05637815751689
93.70855178899978,3.3220594057530612,2.4588978419534517,0.5220593969690359,2.058897841953452
93.72612841499972,3.3204403716678463,2.461417595602167,0.520440362883821,2.061417595602167
93.74154040999997,3.3188214452975875,2.4639374184584377,0.5188214365135622,2.063937418458438
93.75623559900009,3.317202626645249,2.4664573105176575,0.5172026178612237,2.0664573105176576
93.76968553699976,3.315609308514436,2.4689385022681636,0.5156092997304107,2.0689385022681637
93.78620438999974,3.314028180949474,2.471403917792043,0.5140281721654487,2.071403917792043
93.80388444599998,3.312448573664964,2.4738703076454063,0.5124485648809385,2.0738703076454064
93.81983174999982,3.3108704872613113,2.476337670890788,0.510870478477286,2.076337670890788
93.83338348199982,3.3092939223383415,2.478806006590348,0.5092939135543162,2.078806006590348
93.84672299299996,3.3077007789462782,2.4813026076183204,0.5077007701622529,2.0813026076183205
93.86039125299999,3.3060982035885274,2.4838131546219473,0.506098194804502,2.0838131546219474
93.87979299099993,3.304495159115334,2.4863234021100773,0.5044951503313087,2.0863234021100774
93.8960527759998,3.302891645582676,2.48883334999505,0.5028916367986507,2.08883334999505
93.90935988599972,3.3012876630465486,2.4913429981892183,0.5012876542625233,2.0913429981892184
93.9225488720001,3.299678696888754,2.4938597691698203,0.4996786881047286,2.0938597691698204
93.93665013399982,3.2980678954622604,2.4963797849046316,0.4980678866782351,2.0963797849046317
93.95941002799987,3.296457293962715,2.4988999284221585,0.4964572851786895,2.0988999284221586
93.97379790299988,3.2948468924002463,2.5014201997065446,0.494846883616221,2.1014201997065447
93.98831871800007,3.293236690784999,2.5039405987419214,0.4932366820009735,2.1039405987419215
94.0022632849998,3.291643107338469,2.506435921076292,0.49164309855444355,2.106435921076292
94.016018863,3.290057544398358,2.5089210696646225,0.49005753561433263,2.1089210696646226
94.03089854599989,3.2884731042622093,2.5114069342623244,0.48847309547818396,2.1114069342623245
94.04731081399973,3.286889787253359,2.513893514362107,0.48688977846933357,2.113893514362107
94.06050004099984,3.2853075936949154,2.516380809456535,0.4853075849108901,2.116380809456535
94.0752411599999,3.2837134115613416,2.518889036534625,0.4837134027773162,2.118889036534625
94.09058213899993,3.282113491053279,2.521407167307712,0.4821134822692539,2.121407167307712
94.10887490899972,3.2805139326441664,2.523925528107583,0.480513923860141,2.1239255281075833
94.12394319999999,3.2789147363670743,2.5264441188821696,0.478914727583049,2.1264441188821697
94.13818811499982,3.2773159022550664,2.528962939579397,0.4773158934710411,2.128962939579397
94.15214435199982,3.275715019371936,2.531485468238785,0.47571501058791066,2.131485468238785
94.16592476899973,3.2741129613796205,2.534009397478758,0.47411295259559516,2.134009397478758
94.18238309599997,3.27251067261294,2.536533180220457,0.4725106638289147,2.1365331802204572
94.1976067549997,3.2709081530852937,2.539056816442782,0.47090814430126837,2.139056816442782
94.21304594599974,3.2693054028100788,2.541580306124635,0.4693053940260534,2.1415803061246352
94.22710639799993,3.2677076606247875,2.5440952359621845,0.46770765184076213,2.1440952359621845
94.24182113799975,3.266111671963392,2.5466062476601055,0.4661116631793667,2.1466062476601055
94.25995973499971,3.2645151456299994,2.5491169175350947,0.4645151368459741,2.149116917535095
94.27499477800006,3.262918081697818,2.551627245472024,0.4629180729137925,2.151627245472024
94.28863152600002,3.261320480240087,2.5541372313557753,0.4613204714560615,2.1541372313557754
94.30277395999997,3.259716350197262,2.5566566730101323,0.4597163414132366,2.1566566730101324
94.31711123299988,3.2581097263062766,2.5591803607441674,0.45810971752225127,2.1591803607441675
94.33665777100009,3.2565032840619277,2.5617041641084572,0.45650327527790235,2.1617041641084573
94.35268390799979,3.254897023472542,2.564228083089922,0.4548970146885165,2.164228083089922
94.36935343999971,3.2532909445464395,2.5667521176754855,0.4532909357624142,2.1667521176754856
94.38424507600007,3.251691714233213,2.569265378624763,0.4516917054491878,2.169265378624763
94.39880895600004,3.250094877962073,2.5717736779201545,0.45009486917804775,2.1717736779201546
94.41457228900003,3.2484974647437475,2.5742816098255306,0.4484974559597221,2.1742816098255306
94.42922487999999,3.246899474662761,2.5767891742081823,0.44689946587873575,2.1767891742081824
94.4433560519999,3.2453009078036708,2.579296370935426,0.4453008990196454,2.1792963709354263
94.45740347300011,3.2437254873163064,2.5817673307270654,0.44372547853228106,2.1817673307270655
94.47203044999992,3.2421617389762725,2.58422387669867,0.44216173019224714,2.18422387669867
94.492287368,3.240599863945844,2.5866816141482083,0.4405998551618189,2.1866816141482084
94.50821082400012,3.2390398631328554,2.5891405416471405,0.4390398543488301,2.1891405416471406
94.52336099799982,3.2374817374440434,2.5916006577662296,0.4374817286600181,2.1916006577662297
94.53800231799983,3.235922168071789,2.5940671111395917,0.43592215928776357,2.1940671111395917
94.5541777359997,3.234362898412569,2.5965368599839516,0.43436288962854386,2.1965368599839517
94.57963339499997,3.232805324690023,2.5990076787395906,0.43280531590599747,2.1990076787395907
94.59659695999994,3.231249447638281,2.601479566241936,0.4312494388542558,2.201479566241936
94.61104881899996,3.229695267990676,2.603952521325911,0.4296952592066505,2.203952521325911
94.62503057299978,3.2281181832928314,2.6064649011332772,0.42811817450880607,2.2064649011332773
94.63870016599981,3.2265273059692867,2.6089997626744066,0.4265272971852614,2.2089997626744067
94.65705011599971,3.2249365884324313,2.611534724490455,0.4249365796484059,2.211534724490455
94.67212843899983,3.223346030688547,2.6140697865714078,0.42334602190452175,2.214069786571408
94.68686591499977,3.221755632743952,2.6166049489071885,0.4217556239599265,2.2166049489071886
94.70086034199971,3.2201734038374332,2.619127694437751,0.4201733950534079,2.219127694437751
94.71552915200004,3.218595160015443,2.621645421972017,0.4185951512314179,2.221645421972017
94.73639756899979,3.2170175381449178,2.6241635392711298,0.4170175293608924,2.22416353927113
94.75192395099998,3.215440538322115,2.6266820461814513,0.41544052953808963,2.2266820461814514
94.76552622399981,3.2138641606432548,2.6292009425493155,0.4138641518592294,2.2292009425493156
94.78073897399986,3.2122823779078633,2.6317296874030824,0.412282369123838,2.2317296874030825
94.79502988099989,3.210697662357996,2.634263721211003,0.4106976535739708,2.2342637212110033
94.81334237499982,3.209113193795195,2.63679790946115,0.40911318501116956,2.23679790946115
94.82854414799999,3.207528972234505,2.639332252129447,0.4075289634504795,2.239332252129447
94.84279677800009,3.2059449976909815,2.6418667491918133,0.4059449889069562,2.2418667491918134
94.85680486599972,3.2043822507194526,2.6443684770204743,0.40438224193542727,2.2443684770204744
94.88793985500001,3.2028297607661655,2.646856884607997,0.4028297519821402,2.2468568846079973
94.89348364300008,3.2012787163459504,2.6493461934645315,0.4012787075619251,2.2493461934645316
94.9086372979998,3.199729117982022,2.651836402750355,0.39972910919799665,2.2518364027503552
94.92202805300008,3.1981809661971052,2.6543275116254463,0.3981809574130799,2.2543275116254464
94.93829649899976,3.1966158394761295,2.6568485777042437,0.39661583069210415,2.2568485777042437
94.95071818700012,3.195041625567349,2.659385113830116,0.3950416167833235,2.259385113830116
94.97032128199976,3.1934677342778746,2.6619218501501476,0.39346772549384923,2.2619218501501477
94.98673380600007,3.1918941656331694,2.664458786623304,0.3918941568491441,2.264458786623304
95.00131589199987,3.190320919658684,2.6669959232085527,0.3903209108746588,2.266995923208553
95.01543376799987,3.188758128209848,2.6695172380107897,0.3887581194258227,2.2695172380107898
95.02949261299977,3.187200500896659,2.672032195541088,0.38720049211263374,2.272032195541088
95.0480834299999,3.1856437837867873,2.6745477165737617,0.3856437750027619,2.2745477165737618
95.06331401500006,3.1840879770840878,2.6770638007793934,0.3840879683000624,2.2770638007793935
95.0772104780001,3.1825330809923016,2.679580447828494,0.38253307220827626,2.279580447828494
95.09143063499982,3.1809848288036213,2.682088552420141,0.380984820019596,2.282088552420141
95.10616843999992,3.1794402242907354,2.6845934894482766,0.37944021550671003,2.2845934894482767
95.1212399149997,3.177896860121413,2.687099190878414,0.3778968513373875,2.287099190878414
95.13613728099995,3.1763547366739457,2.689605656096388,0.3763547278899204,2.289605656096388
95.15071552699987,3.1748138543263194,2.6921128844878432,0.374813845542294,2.2921128844878433
95.16504333299986,3.1732544300013514,2.694652413235028,0.3732544212173261,2.294652413235028
95.17943235100006,3.171684693074504,2.697208865975877,0.37168468429047863,2.297208865975877
95.19697405700003,3.1701149579030363,2.6997653197945812,0.370114949119011,2.2997653197945813
95.21239197199998,3.168545224486949,2.702321774691137,0.36854521570292365,2.302321774691137
95.22643632299992,3.1669754928262415,2.704878230665544,0.36697548404221614,2.304878230665544
95.24050894199968,3.165418278874995,2.707413885060733,0.3654182700909696,2.307413885060733
95.25451533199998,3.1638657822107366,2.7099402267304122,0.3638657734267112,2.3099402267304123
95.27474981299997,3.16231252454784,2.712466100590517,0.3623125157638145,2.312466100590517
95.29106969999998,3.160758506027271,2.7149915064118106,0.3607584972432458,2.3149915064118107
95.30465515999981,3.159203726790064,2.7175164439651063,0.35920371800603856,2.3175164439651064
95.31899017499995,3.157639773737804,2.7200548496926653,0.3576397649537788,2.3200548496926654
95.33837835899999,3.1560717586372657,2.7225992411747204,0.3560717498532404,2.3225992411747205
95.3570879209999,3.1545034953657267,2.7251434797013907,0.3545034865817014,2.325143479701391
95.37258693099989,3.1529349839381076,2.727687565248478,0.35293497515408223,2.3276875652484783
95.38784585400003,3.1513662243693306,2.7302314977917694,0.35136621558530523,2.3302314977917695
95.40256741200005,3.1498034393976626,2.732765656286634,0.3498034306136373,2.332765656286634
95.41682271500008,3.148243798886869,2.7352959859093247,0.3482437901028437,2.3352959859093247
95.4342255529998,3.1466847641005407,2.737826688787458,0.3466847553165153,2.337826688787458
95.45016132099977,3.145126335128002,2.740357764776029,0.3451263263439768,2.340357764776029
95.46494228999995,3.143568512058552,2.7428892137300176,0.3435685032745268,2.3428892137300177
95.47830934599983,3.1420172067811016,2.745411613364306,0.3420171979970763,2.345411613364306
95.494314841,3.140469333315704,2.7479305270932017,0.34046932453167855,2.347930527093202
95.51167707799982,3.1389224097883552,2.750450024312697,0.3389224010043299,2.350450024312697
95.52769583999975,3.137376436419007,2.7529701046645485,0.33737642763498155,2.3529701046645486
95.54226217399969,3.13583141342748,2.7554907677904295,0.3358314046434545,2.3554907677904295
95.55738617299971,3.1342895701372098,2.7580084451682745,0.33428956135318444,2.3580084451682746
95.571102183,3.1327497427892146,2.7605252425446793,0.33274973400518926,2.3605252425446794
95.58858362199976,3.1312109957060943,2.7630427005303657,0.33121098692206896,2.363042700530366
95.60379579599999,3.1296733291712604,2.765560818661662,0.32967332038723507,2.365560818661662
95.61780138800009,3.128136743467925,2.768079596474771,0.3281367346838997,2.368079596474771
95.63390702099991,3.1265933282137657,2.770611754319168,0.32659331942974035,2.3706117543191683
95.65056756199988,3.1250471525796155,2.773149873799745,0.3250471437955902,2.373149873799745
95.66820957799996,3.123501593183231,2.775688368578464,0.32350158439920573,2.375688368578464
95.6843272829999,3.1219566501157083,2.7782272385057043,0.321956641331683,2.3782272385057044
95.69886248499984,3.120412323468106,2.7807664834318273,0.3204123146840807,2.3807664834318274
95.71256380199998,3.1188746409457715,2.7832963835341746,0.31887463216174616,2.3832963835341747
95.7261594439999,3.1173404594681493,2.7858226756460756,0.317340450684124,2.3858226756460756
95.74406806699994,3.1158072491343622,2.7883495572644557,0.3158072403503369,2.3883495572644557
95.75919383799987,3.1142750101709304,2.7908770280159922,0.3142750013869051,2.3908770280159923
95.77393724499984,3.1127437428042235,2.7934050875272782,0.31274373402019817,2.3934050875272783
95.7891557129999,3.1112025498389047,2.7959513729391254,0.3112025410548793,2.3959513729391255
95.8058793560001,3.109656712649638,2.798506097729584,0.30965670386561284,2.3985060977295842
95.81924910099974,3.1081134418647456,2.801057300820435,0.30811343308072026,2.401057300820435
95.83489604900001,3.106579792157241,2.8035940269941624,0.3065797833732158,2.4035940269941625
95.84918014599975,3.10504692743559,2.8061312275875134,0.3050469186515645,2.4061312275875135
95.86309001299992,3.103514847846551,2.8086689023575806,0.3035148390625255,2.4086689023575807
95.87713036899981,3.1019835535368054,2.8112070510614062,0.3019835447527801,2.4112070510614063
95.89596104799989,3.100453044652959,2.8137456734559856,0.3004530358689337,2.4137456734559857
95.91041437699982,3.098923321341545,2.8162847692982687,0.2989233125575197,2.4162847692982687
95.9249245149997,3.0973943837490174,2.8188243383451645,0.2973943749649921,2.4188243383451646
95.93857669099975,3.0958681730949147,2.821361218231411,0.29586816431088936,2.4213612182314113
95.95304314100008,3.0943436781742295,2.823897274436633,0.2943436693902042,2.423897274436633
95.97124277599983,3.092820084551044,2.8264338722192264,0.29282007576701874,2.4264338722192265
95.98802068700002,3.09129739241776,2.828971011258868,0.2912973836337347,2.4289710112588683
96.00309637199985,3.0897756019666596,2.8315086912351766,0.28977559318263424,2.4315086912351767
96.01792212999976,3.088261490654825,2.834035825336239,0.2882614818707996,2.434035825336239
96.03264797399993,3.086751526169558,2.836558951944275,0.28675151738553284,2.436558951944275
96.0482902629999,3.085242864388554,2.8390828576987532,0.2852428556045288,2.4390828576987533
96.063832563,3.083735505713855,2.84160754192708,0.2837354969298298,2.44160754192708
96.07815398599973,3.082229450547157,2.844133003956454,0.28222944176313147,2.444133003956454
96.09134135999989,3.080709856116717,2.8466836400159634,0.2807098473326919,2.4466836400159635
96.10661600299977,3.079183495514438,2.849246584837423,0.2791834867304126,2.449246584837423
96.12445323399993,3.0776575118885616,2.8518097541294525,0.2776575031045363,2.4518097541294526
96.13938177900013,3.0761319052720983,2.854373147836602,0.276131896488073,2.454373147836602
96.15324832700003,3.0746066756980523,2.856936765903417,0.274606666914027,2.456936765903417
96.16681419700012,3.073078883354443,2.859505450939071,0.2730788745704178,2.459505450939071
96.18107054300003,3.0715500557792503,2.86207634503801,0.271550046995225,2.46207634503801
96.20077136899977,3.0700214260222323,2.864647356762718,0.27002141723820694,2.4646473567627183
96.21657349099974,3.068492994092447,2.8672184860979777,0.2684929853084217,2.467218486097978
96.23025305099986,3.0669647599989367,2.8697897330285658,0.26696475121491137,2.469789733028566
96.24438306499974,3.0654379362362643,2.872359098602142,0.26543792745223893,2.472359098602142
96.25862663900011,3.0639118929739126,2.8749277624854295,0.2639118841898873,2.4749277624854296
96.27877013800003,3.0623861217108184,2.877496587943997,0.26238611292679304,2.477496587943997
96.29449082399992,3.0608606224640935,2.880065574949043,0.2608606136800682,2.4800655749490432
96.30748722299973,3.059335395250833,2.8826347234717673,0.25933538646680754,2.4826347234717674
96.32262734399978,3.0578287560863893,2.885173789991854,0.25782874730236394,2.4851737899918542
96.3370978659998,3.0563311748975295,2.8877006114992576,0.25633116611350415,2.4877006114992577
96.35917016000008,3.0548349675815,2.8902282467607145,0.25483495879747453,2.4902282467607146
96.37467273400011,3.0533401345804774,2.892756695029229,0.25334012579645204,2.4927566950292293
96.38907471800007,3.0518466763362317,2.895285955557566,0.2518466675522064,2.495285955557566
96.40167147099987,3.0503417269476185,2.897837391086607,0.2503417181635932,2.497837391086607
96.41615786099987,3.0488313478346356,2.9003994275352487,0.24883133905061028,2.500399427535249
96.43804960400007,3.0473215438326045,2.902961802937983,0.24732153504857912,2.502961802937983
96.45346639100012,3.045812315017589,2.9055245171657154,0.24581230623356376,2.5055245171657154
96.46712233799985,3.0443036614656287,2.9080875700893305,0.24430365268160337,2.5080875700893306
96.48114618900013,3.0428031504846227,2.910638339131144,0.24280314170059736,2.510638339131144
96.49540576100003,3.041307697885096,2.913182889862946,0.2413076891010708,2.513182889862946
96.51624900799993,3.0398133158561,2.9157280694745933,0.2398133070720747,2.5157280694745934
96.53229269899998,3.038320004662091,2.918273877515672,0.23831999587806552,2.518273877515672
96.54787186599992,3.036827764567348,2.92082031353564,0.2368277557833225,2.52082031353564
96.56135646899997,3.0353263881747377,2.9233839553027843,0.23532637939071233,2.5233839553027844
96.5800493119998,3.0338201130240896,2.9259550908801453,0.23382010424006427,2.5259550908801454
96.60201440500009,3.032313389253017,2.9285259635849745,0.23231338046899186,2.5285259635849746
96.61991915099975,3.0308062169074064,2.9310965733389778,0.23080620812338104,2.531096573338978
96.63538000099993,3.0292985960331498,2.933666920063886,0.22929858724912444,2.533666920063886
96.64969907099999,3.0277903416537746,2.936237325614006,0.22779033286974926,2.5362373256140063
96.66416787799994,3.026281569517329,2.9388076118060047,0.22628156073330352,2.538807611806005
96.68136108099975,3.0247723607232015,2.9413776416276667,0.22477235193917622,2.5413776416276668
96.69721520799999,3.0232627153149614,2.9439474150048106,0.22326270653093605,2.5439474150048107
96.71141110999974,3.021752633336179,2.946516931863262,0.2217526245521535,2.546516931863262
96.72519980799984,3.020237602730999,2.9490940283516114,0.22023759394697384,2.5490940283516115
96.7430231169999,3.0187204457984294,2.9516743700040884,0.21872043701440402,2.5516743700040885
96.75788212199973,3.0172031393477887,2.954254623738978,0.2172031305637634,2.554254623738978
96.7730890649998,3.0156856833841776,2.9568347895476075,0.2156856746001523,2.5568347895476076
96.78764623499978,3.0141680779126805,2.9594148674213265,0.21416806912865516,2.5594148674213266
96.80226077099974,3.012657970447128,2.961981585550395,0.21265796166310258,2.561981585550395
96.8172463819999,3.011150579140452,2.9645422854019423,0.21115057035642648,2.5645422854019424
96.83432773599975,3.0096425538936824,2.9671026119702204,0.20964254510965707,2.5671026119702205
96.85076338099975,3.0081338947992524,2.9696625650982953,0.2081338860152271,2.5696625650982954
96.86785770199981,3.0066246019496425,2.972222144629248,0.2066245931656172,2.572222144629248
96.8857854979999,3.005111934719425,2.9747866014727675,0.2051119259353995,2.5747866014727676
96.90116014499995,3.003598378233358,2.9773534770271954,0.20359836944933285,2.5773534770271955
96.91694736399972,3.002085269295672,2.9799206164256575,0.20208526051164677,2.5799206164256576
96.93882257099972,3.0005726079523587,2.982488019590118,0.20057259916833337,2.582488019590118
96.95434807200013,2.9990603942493994,2.98505568644254,0.19906038546537408,2.5850556864425402
96.96955129899993,2.9975429657948687,2.9876330389759618,0.19754295701084335,2.587633038975962
96.98591261299975,2.9960232616718643,2.9902145184899247,0.19602325288783895,2.590214518489925
97.00205175199994,2.9945039858005016,2.9927954996543655,0.19450397701647626,2.5927954996543656
97.01944356299987,2.992986169990028,2.9953743385095493,0.19298616120600265,2.5953743385095494
97.03864312499968,2.991468525099569,2.997953277954747,0.19146851631554362,2.597953277954747
97.05486749199986,2.9899510511357903,3.000532317978633,0.18995104235176496,2.600532317978633
97.071638656,2.9884337481053653,3.0031114585698755,0.18843373932134,2.6031114585698756
97.08866820299977,2.986920974278884,3.0056833330415693,0.18692096549485848,2.6056833330415694
97.1072611459997,2.985426368853471,3.0082261731458964,0.18542636006944546,2.6082261731458964
97.12372412799982,2.983932875250413,3.010769666419214,0.1839328664663875,2.610769666419214
97.14068443800011,2.9824404937551496,3.0133138123753977,0.1824404849711243,2.613313812375398
97.1589067389998,2.9809492246529166,3.0158586105281984,0.18094921586889123,2.6158586105281985
97.17526850199988,2.9794573554667174,3.0184069700779124,0.1794573466826921,2.6184069700779125
97.192652382,2.9779595272240034,3.0209674903775077,0.17795951843997804,2.6209674903775078
97.20700790099977,2.9764624438274954,3.0235284462445993,0.17646243504347003,2.6235284462445994
97.22126104999984,2.9749661054038525,3.026089837462517,0.1749660966198272,2.626089837462517
97.23567997099985,2.9734705120796776,3.0286516638145526,0.17347050329565228,2.6286516638145527
97.25252092999995,2.9719756639815054,3.031213925083957,0.17197565519748004,2.6312139250839572
97.26715683399993,2.9704815612358098,3.0337766210539474,0.17048155245178442,2.6337766210539475
97.28164035099985,2.9689882039690016,3.0363397515077026,0.16898819518497632,2.6363397515077027
97.29543548200013,2.967485743440509,3.038919738024809,0.16748573465648375,2.6389197380248093
97.30919975099982,2.965978781614664,3.0415072537217474,0.16597877283063855,2.6415072537217474
97.32892651899988,2.964471693236545,3.044094695710857,0.1644716844525198,2.644094695710857
97.34410111400007,2.962964478309748,3.0466820639859407,0.16296446952572285,2.6466820639859407
97.35844190400007,2.9614571368378755,3.0492693585408124,0.16145712805385015,2.6492693585408125
97.37200513699986,2.9599548605773918,3.051847991100663,0.15995485179336644,2.651847991100663
97.38979723499983,2.9584551693482926,3.054423152652866,0.15845516056426723,2.654423152652866
97.41041344700011,2.9569559240131102,3.056998573827664,0.15695591522908492,2.6569985738276642
97.4346739,2.955457124616789,3.0595742545478513,0.15545711583276356,2.6595742545478513
97.45167776599988,2.9539587712042743,3.062150194736185,0.15395876242024897,2.662150194736185
97.46869251399971,2.9524628510483524,3.064723046232956,0.15246284226432705,2.664723046232956
97.48752211399983,2.9509683332995937,3.067294782967616,0.1509683245155684,2.667294782967616
97.50846032799996,2.9494743848295055,3.069866850443882,0.1494743760454802,2.6698668504438823
97.52796185300008,2.947981005711283,3.072439248535742,0.14798099692725764,2.672439248535742
97.5426063389998,2.946488196018089,3.075011977117161,0.14648818723406354,2.675011977117161
97.56151566299991,2.9450007747346167,3.077575901635775,0.14500076595059141,2.677575901635775
97.57672967299982,2.9435147445211896,3.0801355200854164,0.14351473573716422,2.6801355200854164
97.59118086300009,2.9420246454007035,3.0827001292175575,0.1420246366166782,2.6827001292175576
97.60755900799973,2.9405195729115214,3.085290004320365,0.1405195641274961,2.685290004320365
97.62233329900005,2.9390146026425583,3.087879938824433,0.139014593858533,2.687879938824433
97.63602588499975,2.937509734596135,3.0904699327257217,0.13750972581210963,2.6904699327257218
97.65056462100006,2.9360049687746197,3.0930599860201933,0.13600495999059437,2.6930599860201934
97.66601690099992,2.934500305180348,3.0956500987038247,0.13450029639632266,2.6956500987038248
97.68339846999993,2.93299574381566,3.0982402707725654,0.13299573503163487,2.6982402707725655
97.69847767599981,2.9314912846828998,3.1008305022223963,0.13149127589887444,2.7008305022223964
97.71231113099998,2.9300017995501753,3.103395705898999,0.13000179076614993,2.7033957058989992
97.7276784610001,2.9285195731274993,3.1059506716115504,0.128519564343474,2.7059506716115505
97.74602852399971,2.9270383701669145,3.1085062307969227,0.12703836138288915,2.7085062307969228
97.7634916909999,2.925558190906045,3.111062383045143,0.12555818212201952,2.7110623830451432
97.7783820279999,2.924079035582347,3.113619127946138,0.12407902679832183,2.713619127946138
97.79336300099999,2.922593833384487,3.1161877747113405,0.12259382460046186,2.7161877747113405
97.80920575000005,2.92110523926392,3.118761059347936,0.12110523047989474,2.718761059347936
97.82683680500008,2.9196166018354104,3.1213330827766796,0.11961659305138506,2.7213330827766797
97.84314802599988,2.9181304069393597,3.123901574940117,0.11813039815533433,2.723901574940117
97.85796429199968,2.9166449360445434,3.126470485892869,0.11664492726051812,2.726470485892869
97.87400316599974,2.915160189268958,3.129039815430884,0.1151601804849327,2.729039815430884
97.88903588900007,2.913676166730552,3.13160956335005,0.11367615794652686,2.73160956335005
97.9051013589999,2.9121928685472227,3.1341797294462164,0.11219285976319737,2.7341797294462165
97.92238778099977,2.9107102948368038,3.1367503135152086,0.11071028605277844,2.7367503135152087
97.938322406,2.9092284457170803,3.139321315352805,0.10922843693305495,2.739321315352805
97.95303343899991,2.907765845558003,3.141859085327029,0.10776583677397777,2.7418590853270293
97.96860590599977,2.9063096689929506,3.1443815598416665,0.1063096602089253,2.7443815598416665
97.98741644200004,2.9048515824912333,3.146902930821754,0.10485157370720799,2.7469029308217543
98.0030865629999,2.903391586889152,3.14942319682113,0.10339157810512667,2.7494231968211302
98.01754002899975,2.901929683024092,3.1519423563942897,0.1019296742400666,2.7519423563942897
98.03231203600012,2.900445674124113,3.154495938151094,0.10044566534008759,2.754495938151094
98.04830668999989,2.898949749382774,3.1570686510827177,0.09894974059874873,2.757068651082718
98.06606389500007,2.8974532897993126,3.159641052951665,0.09745328101528727,2.759641052951665
98.08195105699974,2.895956295438415,3.162213143646747,0.09595628665438971,2.762213143646747
98.09631111499971,2.894458766364784,3.1647849230567906,0.0944587575807585,2.7647849230567907
98.11048765400005,2.8929599330182585,3.1673577399264685,0.09295992423423316,2.7673577399264686
98.124451292,2.8914602769594415,3.169930847684516,0.09146026817541619,2.769930847684516
98.14613158199995,2.889960135442729,3.172503672447123,0.08996012665870357,2.7725036724471233
98.16121281999972,2.888459508521517,3.1750762141227025,0.08845949973749168,2.7750762141227026
98.17550217099983,2.8869583962492285,3.1776484726196776,0.08695838746520312,2.7776484726196777
98.19052193599987,2.8854611566182657,3.1802128273244104,0.08546114783424041,2.7802128273244104
98.20707669699982,2.8839650646162,3.1827734955260896,0.0839650558321745,2.7827734955260897
98.22515374099999,2.8824682112413758,3.1853337187374517,0.08246820245735043,2.785333718737452
98.24245765899991,2.880970596626144,3.1878934967321193,0.08097058784211875,2.7878934967321194
98.25744927899973,2.8794722209029318,3.190452829283746,0.07947221211890643,2.7904528292837463
98.2731877599997,2.8779744884658442,3.1930102091556862,0.07797447968181892,2.7930102091556863
98.28840367199996,2.876477944072456,3.1955672863090654,0.07647793528843083,2.7955672863090655
98.30829734899976,2.8749822237660134,3.1981248455859292,0.0749822149819881,2.7981248455859293
98.32573311600004,2.873487327701837,3.2006828867206845,0.0734873189178118,2.8006828867206846
98.3399660130001,2.871993256035166,3.203241409447696,0.07199324725114087,2.803241409447696
98.35544606799999,2.870506590920064,3.205789360542781,0.07050658213603889,2.8057893605427813
98.36989969799993,2.8690239114168072,3.20833325387735,0.06902390263278191,2.80833325387735
98.39007230899983,2.8675424570019565,3.210877860845775,0.0675424482179312,2.810877860845775
98.40631336799993,2.866062228018994,3.21342318085808,0.06606221923496847,2.8134231808580803
98.41991617200006,2.864583224811114,3.215969213324119,0.0645832160270885,2.815969213324119
98.4346081010001,2.8631006672432813,3.218524029791902,0.06310065845925594,2.8185240297919023
98.4488417189998,2.8616170394478972,3.221082873361203,0.06161703066387192,2.821082873361203
98.47046570899988,2.8601343466645623,3.2236422588260423,0.060134337880537014,2.8236422588260424
98.48779795799987,2.8586525890912022,3.2262021858447643,0.058652580307176905,2.8262021858447643
98.50275477199989,2.8571717669256205,3.228762654075638,0.05717175814159514,2.828762654075638
98.5166472139997,2.8556925068519523,3.2313214820665195,0.05569249806792698,2.8313214820665196
98.53202792999969,2.85421280203316,3.2338789627120117,0.05421279324913453,2.833878962712012
98.55713185299987,2.852732093192626,3.236435862188403,0.05273208440860078,2.836435862188403
98.5722951969999,2.851250380558607,3.2389921801015333,0.051250371774581804,2.8389921801015334
98.58912479700007,2.8497676643595216,3.241547916057333,0.04976765557549623,2.841547916057333
98.60506355199982,2.848289526355142,3.244093258522235,0.04828951757111666,2.844093258522235
98.62103550100005,2.846812480239998,3.2466336406901646,0.04681247145597256,2.8466336406901647
98.637967119,2.845334081901691,3.249173236157695,0.045334073117665685,2.849173236157695
98.65355916900012,2.843854331759231,3.251712044205048,0.04385432297520575,2.851712044205048
98.66812834799998,2.842373230232013,3.2542500641126706,0.0423732214479875,2.8542500641126707
98.6819494609997,2.8408791783827483,3.256807574080112,0.04087916959872295,2.856807574080112
98.69854947299996,2.839378922870481,3.259374246225291,0.03937891408645555,2.859374246225291
98.71936968199975,2.8378780662127725,3.261940566898148,0.03787805742874717,2.861940566898148
98.73541632999991,2.836376608491963,3.2645065359578878,0.03637659970793772,2.864506535957888
98.74974624699985,2.8348745497904253,3.2670721532637357,0.03487454100639997,2.8670721532637358
98.7632792009997,2.833364678666679,3.2696499898690026,0.03336466988265352,2.8696499898690027
98.77714945299999,2.831851480127485,3.2722331381260235,0.03185147134345989,2.8722331381260235
98.80349421200003,2.83033814124252,3.274816204163923,0.030338132458494815,2.874816204163923
98.82559179799978,2.8288246620162822,3.2773991879750417,0.028824653232256914,2.877399187975042
98.84194552399981,2.8273110424532204,3.2799820895517717,0.027311033669195073,2.879982089551772
98.85890298899972,2.82579612122492,3.282566932291197,0.025796112440894525,2.882566932291197
98.88228053399985,2.8242806253011907,3.2851525970856446,0.0242806165171654,2.8851525970856446
98.90382454299993,2.8227650635762633,3.2877382233119286,0.022765054792238004,2.8877382233119286
98.92234858200004,2.8212494360511284,3.290323810968364,0.021249427267103105,2.890323810968364
98.93702654100002,2.8197337427267537,3.292909360053289,0.01973373394272837,2.892909360053289
98.95684692600003,2.818218073206002,3.295494793627118,0.01821806442197671,2.895494793627118
98.97199577200013,2.816702491181247,3.298080223007591,0.01670248239722172,2.8980802230075913
98.98653629099977,2.815186978527876,3.3006656930524207,0.015186969743850476,2.900665693052421
99.00073494499998,2.8136715352470016,3.303251203759736,0.013671526462976313,2.903251203759736
99.01510768699995,2.8121561613397175,3.3058367551276855,0.012156152555692135,2.9058367551276856
99.02863970199974,2.8106434973311933,3.3084179337738946,0.010643488547168012,2.9084179337738947
99.04263167399972,2.8091321738075314,3.3109973433407354,0.009132165023506111,2.9109973433407355
99.05995621699981,2.80762108373666,3.31357688967767,0.007621074952634643,2.91357688967767
99.07555488999992,2.8061102271309517,3.316156572763568,0.006110218346926377,2.916156572763568
99.08931311299989,2.8045996040027807,3.318736392577294,0.0045995952187554145,2.9187363925772942
99.10261781699978,2.8030938890447814,3.321307930626303,0.0030938802607560767,2.9213079306263032
99.11602989400012,2.8015897548622255,3.323875613206865,0.0015897460782001716,2.923875613206865
99.1360651919997,2.8000850822883083,3.326442980324935,8.507350428299532e-05,2.926442980324935
99.15182011699994,2.798579871389192,3.329010031867624,-0.0014201373948332652,2.929010031867624
99.16616114900012,2.7970741222310616,3.331576767722058,-0.0029258865529637745,2.931576767722058
99.18053635599995,2.795566896055742,3.3341453501648424,-0.004433112728283284,2.9341453501648425
99.19735781299983,2.7940595815208926,3.3367150435382333,-0.005940427263132708,2.9367150435382334
99.21498957900008,2.7925527314049203,3.3392850092711304,-0.0074472773791049995,2.9392850092711305
99.2298309209998,2.7910463457570467,3.3418552472795837,-0.008953663026978642,2.941855247279584
99.24415065299968,2.7895404246264603,3.3444257574796645,-0.010459584157564983,2.9444257574796646
99.25789088199986,2.788035623505488,3.3469948671092795,-0.011964385278537382,2.9469948671092796
99.27223642500007,2.7865307304919913,3.3495630414494073,-0.013469278292034037,2.9495630414494074
99.28958476699995,2.7850253169636634,3.3521309107085555,-0.01497469182036193,2.9521309107085556
99.30490559999976,2.783519382982356,3.3546984747812276,-0.016480625801669202,2.9546984747812277
99.3191174430001,2.782012928609932,3.3572657335619422,-0.01798708017409334,2.9572657335619423
99.33436597600007,2.7805081752702514,3.359828824087813,-0.019491833513773926,2.959828824087813
99.34897555900011,2.779003734531181,3.3623898836019035,-0.020996274252844227,2.9623898836019036
99.37219454599995,2.7774986334512017,3.364950555098039,-0.022501375332823592,2.964950555098039
99.38812228399979,2.7759928721303906,3.367510838405963,-0.024007136653634742,2.967510838405963
99.40257811600009,2.7744864506688653,3.370070733355436,-0.025513558115159984,2.970070733355436
99.41706057799979,2.772970834343439,3.3726451668725903,-0.027029174440586168,2.9726451668725904
99.431921096,2.771451375224342,3.375226296009259,-0.02854863355968318,2.975226296009259
99.450089703,2.769932024375555,3.377807488879433,-0.03006798440847014,2.9778074888794333
99.46563704599998,2.76841278179975,3.3803887454785815,-0.03158722698427541,2.9803887454785816
99.48084459699999,2.766893647499603,3.3829700658021524,-0.03310636128442246,2.9829700658021525
99.49534880799979,2.76538353585755,3.3855366083907663,-0.03461647292647552,2.9855366083907664
99.51353829300001,2.763877818666381,3.3880971279823546,-0.036122190117644504,2.9880971279823547
99.53016971300008,2.7623727577530226,3.3906580333858773,-0.03762725103100273,2.9906580333858774
99.54639693900003,2.7608683532163347,3.3932193244331215,-0.039131655567690604,2.9932193244331216
99.56189722799968,2.7593646051551297,3.3957810009558544,-0.04063540362889562,2.9957810009558545
99.58886325199978,2.757854268835365,3.398355159968361,-0.04214573994866022,2.998355159968361
99.60920245700004,2.7563410994661663,3.4009346757450065,-0.043658909317858985,3.0009346757450066
99.62996621499974,2.7548291742682394,3.4035125629045506,-0.04517083451578596,3.0035125629045507
99.64870045800012,2.7533217296947985,3.4060836445723925,-0.04667827908922684,3.0060836445723926
99.67054875100007,2.751814721637627,3.408654982123232,-0.04818528714639836,3.008654982123232
99.68987644999993,2.750308150140166,3.411226575482952,-0.04969185864385928,3.011226575482952
99.71055931599972,2.748802015245839,3.413798424577435,-0.05119799353818655,3.013798424577435
99.72747924500004,2.7472963169980513,3.4163705293325592,-0.052703691785974005,3.0163705293325593
99.74492718099987,2.745791055440201,3.4189428896741867,-0.05420895334382436,3.018942889674187
99.76371064199998,2.744286230615676,3.421515505528179,-0.055713778168349215,3.0215155055281793
99.77809180200006,2.7427917678344693,3.4240717448773275,-0.05720824094955601,3.0240717448773275
99.79293621300008,2.7413025117779632,3.4266214131552633,-0.05869749700606208,3.0266214131552633
99.80711534299985,2.7398118687103903,3.4291758333071813,-0.060188140073635044,3.0291758333071814
99.82250323499989,2.7383115365581947,3.4317483927438355,-0.061688472225830626,3.0317483927438356
99.837539118,2.736811692783272,3.4343212369429383,-0.06318831600075336,3.0343212369429384
99.8523580919998,2.7353123374396713,3.436894365811776,-0.06468767134435405,3.036894365811776
99.8711992609999,2.7338134705814268,3.439467779257625,-0.06618653820259857,3.0394677792576252
99.88559746499982,2.7323150922625428,3.4420414771877526,-0.06768491652148256,3.0420414771877526
99.9008543110001,2.730817202537021,3.444615459509408,-0.06918280624700435,3.044615459509408
99.9155151980001,2.7293198014588347,3.4471897261298436,-0.07068020732519065,3.0471897261298437
99.93002440899977,2.7278230911775876,3.4497633624118014,-0.07217691760643774,3.0497633624118015
99.94357290899984,2.7263261014642453,3.4523363938026117,-0.07367390731978007,3.052336393802612
99.9588766659997,2.724828594919172,3.4549091244312162,-0.07517141386485315,3.0549091244312163
99.9759107819998,2.723330571602787,3.4574815541938166,-0.0766694371812382,3.0574815541938167
99.99151696500007,2.721832031575547,3.460053682986601,-0.07816797720847823,3.060053682986601
100.0063168549998,2.7203454924448414,3.46260503705223,-0.07965451633918397,3.06260503705223
100.0216736599998,2.7188653166991843,3.46514819819534,-0.08113469208484103,3.06514819819534
100.03917357199975,2.7173864074199052,3.46769209602771,-0.0826136013641201,3.06769209602771
100.05534054099985,2.7159087649736624,3.470236729918648,-0.08409124381036293,3.070236729918648
100.0699165149997,2.7144323897267917,3.472782099237289,-0.08556761905723365,3.072782099237289
100.08461604099989,2.7129571586579826,3.4753284120439805,-0.08704285012604274,3.0753284120439806
100.10003645699976,2.7114831362676557,3.477875544769365,-0.08851687251636964,3.077875544769365
100.11919704699972,2.7100103746730464,3.4804234066991677,-0.08998963411097893,3.080423406699168
100.13432216599972,2.708538874234894,3.4829719972093165,-0.09146113454913118,3.0829719972093166
100.14836174199968,2.7070686353136324,3.485521315675556,-0.09293137347039293,3.085521315675556
100.16218094600003,2.705610429050401,3.4880530371427785,-0.09438957973362427,3.0880530371427786
100.1957336779999,2.704158654801911,3.4905779503382006,-0.09584135398211435,3.0905779503382007
100.19966393399977,2.702708795022768,3.4931039633496117,-0.09729121376125738,3.093103963349612
100.21567558899983,2.7012608505461557,3.495631074725401,-0.0987391582378696,3.095631074725401
100.23002365499974,2.699814822204157,3.498159283013327,-0.10018518657986819,3.098159283013327
100.24535099499985,2.6983485933999254,3.5007259726385467,-0.10165141538409994,3.1007259726385468
100.26168015100006,2.6968698210704583,3.503313858854584,-0.10313018771356708,3.103313858854584
100.27904106099982,2.695390613450067,3.5059014962876844,-0.10460939533395841,3.1059014962876845
100.29470672000002,2.69391097058059,3.508488884864651,-0.1060890382034354,3.1084888848646512
100.30946688099971,2.6924308925038964,3.511076024512275,-0.10756911628012888,3.111076024512275
100.32400097999994,2.690948256115363,3.5136667039090304,-0.10905175266866252,3.1136667039090304
