elapsed_s,simulation_s,world_x,world_y
0.35509692200002974,208.201,-2.400634093059252,-2.5499999997073504
0.4953343330000166,208.33,-2.400634093059252,-2.5499999997073504
0.6029265460000488,208.401,-2.400634093059252,-2.5499999997073504
0.7109260390000145,208.46,-2.400634093059252,-2.5499999997073504
0.8491066060000207,208.528,-2.400634093059252,-2.5499999997073504
0.957129607000013,208.601,-2.400634093059252,-2.5499999997073504
1.0622044600000322,208.656,-2.400634093059252,-2.5499999997073504
1.2818771800000377,208.726,-2.400634093059252,-2.5499999997073504
1.3821421370000166,208.738,-2.400634093059252,-2.5499999997073504
1.483716697000034,208.901,-2.400634093059252,-2.5499999997073504
1.5909065050000208,208.952,-2.400634093059252,-2.5499999997073504
1.7300390930000162,209.023,-2.400634093059252,-2.5499999997073504
1.8401461250000466,209.106,-2.400634093059252,-2.5499999997073504
1.942946280000001,209.136,-2.400634093059252,-2.5499999997073504
2.050623427000005,209.215,-2.400634093059252,-2.5499999997073504
2.1635650910000095,209.266,-2.400634093059252,-2.5499999997073504
2.286793408000051,209.32,-2.400634093059252,-2.5499999997073504
2.393763962000037,209.401,-2.400634093059252,-2.5499999997073504
2.5018000370000095,209.447,-2.400634093059252,-2.5499999997073504
2.647802170000034,209.518,-2.400634093059252,-2.5499999997073504
2.7493329290000474,209.605,-2.400634093059252,-2.5499999997073504
2.852113821000046,209.643,-2.400634093059252,-2.5499999997073504
3.005898273000014,209.716,-2.400634093059252,-2.5499999997073504
3.1163333400000397,209.799,-2.400634093059252,-2.5499999997073504
3.232659398999999,209.84,-2.400634093059252,-2.5499999997073504
3.3807990740000378,209.914,-2.400634093059252,-2.5499999997073504
3.4910285900000417,210.001,-2.400634093059252,-2.5499999997073504
3.5942450580000127,210.042,-2.400634093059252,-2.5499999997073504
3.7348344790000283,210.112,-2.400634093059252,-2.5499999997073504
3.837549394000007,210.198,-2.400634093059252,-2.5499999997073504
3.9480985450000503,210.24,-2.400634093059252,-2.5499999997073504
4.091873145000022,210.31,-2.400634093059252,-2.5499999997073504
4.1960723550000125,210.39,-2.400634093059252,-2.5499999997073504
4.310488841000051,210.44,-2.400634093059252,-2.5499999997073504
4.460899551000011,210.508,-2.400634093059252,-2.5499999997073504
4.566390844000011,210.592,-2.399448385321152,-2.550002673838887
4.669746373999999,210.618,-2.3976627661201904,-2.5500103629524267
4.838492873000007,210.706,-2.3870676963065804,-2.550126389862499
4.943861630000015,210.787,-2.375898832597498,-2.5503515917971167
5.056198703999996,210.818,-2.371624179796287,-2.5504648217494674
5.158578252000041,210.9,-2.3604211135128788,-2.550838501056854
5.263223061000019,210.928,-2.3566006532773276,-2.5509914738296438
5.420586814000046,211.003,-2.345960858515224,-2.5514676402454497
5.528123361000041,211.089,-2.333690571718619,-2.552084343424077
5.6294653230000335,211.117,-2.329694680684184,-2.5523003345204454
5.732952259000001,211.208,-2.3167794146759997,-2.5530528560974637
5.848264445000041,211.257,-2.3098372724786476,-2.553493960091094
5.994261752,211.334,-2.2986779668111486,-2.5542436146950016
6.100817047000021,211.401,-2.288752571487517,-2.554931077057193
6.209884394000028,211.462,-2.2796765945519444,-2.5555645575181063
6.314754007000033,211.528,-2.270098467477784,-2.5562495806126604
6.419921035000016,211.58,-2.262539467598059,-2.556809385119998
6.551098439000043,211.63,-2.2552048060963834,-2.5573645126670232
6.654098835000013,211.701,-2.24474890215932,-2.5581722805771907
6.766746050000052,211.76,-2.23597395772951,-2.5588576693996625
6.918030224000006,211.828,-2.225849217510225,-2.5596527500936577
7.027444932000037,211.901,-2.214994758961471,-2.5605077583006906
7.137241408000023,211.952,-2.207413852693936,-2.561102232270533
7.28450271600002,212.026,-2.1965279282129444,-2.5619597679210355
7.390613435000034,212.101,-2.1854108758389117,-2.562852253334011
7.5090580580000506,212.149,-2.178247792587744,-2.5634271497154044
7.664124776000051,212.224,-2.1671026406718723,-2.5643247099626865
7.764335323000012,212.301,-2.155664505534361,-2.5652513150324476
7.872709021000048,212.354,-2.1477932127706314,-2.5658864677730917
8.023147236,212.422,-2.1377079223219204,-2.566694593345737
8.14156779000001,212.501,-2.1259503976122844,-2.56763213881673
8.251277587000004,212.548,-2.1189495753370657,-2.568192198784674
8.388172711000038,212.62,-2.108365863592578,-2.569032354890923
8.496868507000045,212.702,-2.0961709598724108,-2.5699925646094472
8.605095236000011,212.75,-2.0890204171626947,-2.5705567294204146
8.743706828000029,212.818,-2.0789134573334747,-2.5713584354131758
8.847953025000038,212.903,-2.0663721771077523,-2.5723501032642906
8.949505847000012,212.942,-2.060616099163762,-2.5728002354642827
9.097964018000027,213.016,-2.049617341936741,-2.573653761234091
9.201659122000024,213.097,-2.037575111657828,-2.5745886049436586
9.312964791000013,213.136,-2.031793983443198,-2.575037799708971
9.456023974000004,213.214,-2.0203967273840044,-2.5759185255778885
9.558939164000037,213.3,-2.0077808662938863,-2.576867111843437
9.672903907000034,213.342,-2.0016255585277833,-2.5773210416800616
9.82440931800005,213.412,-1.9914063576082255,-2.5780588321514095
9.92812208700002,213.5,-1.9783404398090638,-2.5789825807270534
10.042534783999997,213.541,-1.9722128659769949,-2.5794142967080336
10.186356778000004,213.61,-1.9619545784533692,-2.5801350511890466
10.289061959000037,213.696,-1.9492059692469883,-2.5810214016529236
10.399179705000051,213.733,-1.9437235641603763,-2.58139827702254
10.545171204000042,213.808,-1.9328041600636072,-2.5821332701993396
10.649727341000016,213.897,-1.9195322847854466,-2.5830119142892682
10.760946226000044,213.935,-1.9138770378215804,-2.5833851135612536
10.911691977000032,214.006,-1.90338650863033,-2.5840722098840483
11.018045626000003,214.1,-1.8896386685085407,-2.5849496182226157
11.12372369000002,214.135,-1.8845276112362392,-2.585265949873691
11.271223289000034,214.204,-1.8743886013228583,-2.5858798681652364
11.375988631000041,214.293,-1.8614864822232466,-2.5866305157606697
11.48321749400003,214.327,-1.8565782600107639,-2.5869036823876965
11.648977428000023,214.402,-1.8456417666196248,-2.5874903445416515
11.753920244000028,214.488,-1.832962327908098,-2.5881435034408935
11.858412390000012,214.535,-1.8259724187824475,-2.5884972998506006
11.967828198999996,214.619,-1.8134318160946445,-2.5891264543537797
12.069433419000006,214.661,-1.807145142267366,-2.589440965558055
12.17332992200005,214.731,-1.796659945373911,-2.589965507433759
12.276266368000051,214.789,-1.7880690551031186,-2.5903914335351357
12.382258361000027,214.831,-1.781964163608943,-2.590688488443073
12.484497324000017,214.901,-1.771663953126227,-2.5911734361654175
12.592417659000034,214.961,-1.7628081569548495,-2.591579166638446
12.72981650500003,215.029,-1.75271977950284,-2.592031693635482
12.83572822100001,215.101,-1.7422348622089932,-2.5924858160433115
12.939829627000051,215.156,-1.7342661726985362,-2.59281248765516
13.085088517000031,215.227,-1.7238921112335588,-2.593214692368837
13.18847568700005,215.301,-1.712883236368381,-2.593626231465255
13.293469810000033,215.356,-1.7046630937494112,-2.593933677510777
13.428948554000044,215.425,-1.6944654252727152,-2.5943115653021143
13.54655636800004,215.501,-1.6831262307557169,-2.594723502736034
13.654764969000041,215.555,-1.6750524106927718,-2.595017708155374
13.802631028999997,215.623,-1.6649158763209877,-2.595390886618099
13.90661000700004,215.701,-1.653278305358242,-2.5958256781774702
14.01893418900005,215.753,-1.6455257665827046,-2.596117718216942
14.168745728000033,215.821,-1.63541146317511,-2.596495193242754
14.27303454600002,215.905,-1.6229803730182355,-2.5969482647436317
14.377080644000046,215.951,-1.6162138724658115,-2.59718671213484
14.521847296000033,216.019,-1.606239460580316,-2.5975239202025917
14.625319158000025,216.099,-1.5944757433359575,-2.5979000245888013
14.741235895000045,216.146,-1.587558253237006,-2.598111415701038
14.888812242000029,216.217,-1.5770902733878356,-2.598418351968489
14.990340303000039,216.296,-1.5655422453702814,-2.598735621341966
15.107502381000018,216.341,-1.5589826791886572,-2.5989028318550824
15.25174954900001,216.415,-1.548314534044107,-2.5991485811951502
15.35680049900003,216.495,-1.53661723521734,-2.5993799271133864
15.46879049200004,216.527,-1.531861450832186,-2.599468256188612
15.57401732400001,216.602,-1.520743331455364,-2.599667342387901
15.68140315200003,216.626,-1.5171885972995676,-2.5997284019261437
15.789260910000053,216.71,-1.5046988041311635,-2.599940580190763
15.903165566000041,216.742,-1.4999410555542176,-2.600024389568229
16.05656508200002,216.811,-1.4896456010785253,-2.6002101715074195
16.165581881000037,216.891,-1.4776773898916167,-2.600431542053552
16.270641756000032,216.924,-1.4727286718528958,-2.6005233586548018
16.454612734000023,217.009,-1.4599982947541321,-2.6007601870706885
16.557922461000032,217.093,-1.4474419759395887,-2.6009955423570723
16.664088399000036,217.121,-1.4432576392722702,-2.60107313218467
16.772763191000024,217.199,-1.431587153128354,-2.6012876430019456
16.880591416000016,217.222,-1.4281458469201218,-2.6013504043251188
16.987716447000025,217.301,-1.416339589886622,-2.601566487921319
17.090398838,217.319,-1.4136508367491363,-2.60161639027643
17.198006235000037,217.385,-1.4037941566089995,-2.6017987499156363
17.30327299000004,217.405,-1.4008065236104987,-2.6018534246628042
17.41778819900003,217.48,-1.3896639084705518,-2.602053145107617
17.524268967000012,217.504,-1.3861104771821096,-2.602114381118376
17.64070559000004,217.582,-1.3745608675910055,-2.602304384831779
17.744316859000037,217.603,-1.3714512633194706,-2.602353189353327
17.848869604000015,217.672,-1.3611727715005988,-2.6025097426451835
17.985648060000017,217.702,-1.3567015219090404,-2.6025761495057247
18.091915955000047,217.781,-1.3448650349163322,-2.6027496941241477
18.212335902999996,217.835,-1.3367671064528834,-2.602868456116723
18.32807666100001,217.913,-1.3251650423668375,-2.6030358405682845
18.432352895000008,217.95,-1.3196843704966612,-2.6031106979629555
18.541822001000014,218.001,-1.31223594484192,-2.6032051076894684
18.662684417000037,218.044,-1.305977250375578,-2.6032744389616864
18.775504063000028,218.101,-1.2974900751022702,-2.603359050230604
18.87999213300003,218.131,-1.2930226910211033,-2.603401800309797
19.022200322000003,218.201,-1.2825741933029577,-2.6035004801973374
19.144998908000048,218.241,-1.2766032362242217,-2.6035588622922266
19.248797584000044,218.291,-1.2692490396135148,-2.6036291488712706
19.40839362400004,218.329,-1.2636619650677057,-2.6036771375329875
19.529716355000005,218.383,-1.2557138533935173,-2.603736905797601
19.687560209000026,218.428,-1.2490873881425626,-2.603779500186331
19.803289559999996,218.492,-1.2395641238050257,-2.6038321887063978
19.919228734,218.527,-1.2343429416294251,-2.6038592142631716
20.034099271000002,218.589,-1.2250652315036623,-2.603905703094209
20.13573315800005,218.625,-1.2196738001447656,-2.6039332046545343
20.246502582000005,218.674,-1.2123790891300603,-2.6039703520003528
20.43854213100002,218.725,-1.204824470615425,-2.6040041082844056
20.547919828000033,218.791,-1.1950439873568375,-2.60403937548323
20.69533029200005,218.824,-1.190153466348899,-2.6040535129188767
20.805581985000003,218.884,-1.1812204428452264,-2.6040787018149483
20.951165129000003,218.923,-1.1754227481098025,-2.6040985115055593
21.059780880000005,218.991,-1.1652804506323418,-2.604134446488626
21.199225318000003,219.022,-1.160652317607243,-2.6041495708981968
21.303294264000044,219.083,-1.1515811180814381,-2.6041786616686946
21.458147248000046,219.121,-1.1459742073747619,-2.604201610382056
21.562739279000027,219.186,-1.13635497780582,-2.6042503496225846
21.705463146,219.22,-1.1312853947154728,-2.6042757739996367
21.814620084000012,219.294,-1.1202263229222247,-2.6043275706891107
21.925036118000037,219.319,-1.1164832383582957,-2.6043445523892075
22.030082456000002,219.391,-1.1057802152577947,-2.604395467549664
22.132564498000022,219.418,-1.1017860277176499,-2.604417905429668
22.240244280000013,219.489,-1.0912640387607337,-2.604486180238555
22.380826240000033,219.517,-1.0871132548873144,-2.6045164952914943
22.48901390200001,219.594,-1.0757895559462733,-2.6046019255341717
22.612808867000012,219.616,-1.0725527564022317,-2.604623456851972
22.71997601100003,219.692,-1.0612884154129103,-2.6046914348132586
22.832623788000035,219.715,-1.0578811338585163,-2.6047138332665676
22.932688619000032,219.778,-1.048478138328635,-2.6047801948845812
23.079688876000034,219.814,-1.04309180433852,-2.6048192675575055
23.188708828000017,219.89,-1.0318636541645332,-2.604908208513863
23.30004225800002,219.913,-1.0284899931979397,-2.60493973004097
23.407491197000013,219.986,-1.0177344703666344,-2.605054862708108
23.55346974700001,220.012,-1.0138890207612024,-2.605100059351835
23.658660192000013,220.087,-1.002800009682378,-2.60523947243235
23.778531420000036,220.111,-0.999234849293118,-2.6052839988970637
23.88540532600001,220.18,-0.9889424616068725,-2.605408371607674
24.028785895,220.21,-0.9844621920355121,-2.605461301665737
24.143174669000018,220.283,-0.9736978715907646,-2.6055813908943906
24.278472944000043,220.309,-0.9698813661083925,-2.60561944265135
24.396833017000006,220.373,-0.960441081277306,-2.6057041685916746
24.54506062400003,220.408,-0.9552751165140551,-2.6057455987840568
24.66018145700002,220.479,-0.9446376090434625,-2.60582604708065
24.81834434900003,220.507,-0.9404378357261828,-2.6058577334206174
24.925878816000022,220.58,-0.9295716687132206,-2.605937455222185
25.07064499500001,220.606,-0.9257172212275727,-2.6059633498508132
25.177116142000045,220.678,-0.9149912921876304,-2.6060295060132432
25.296995099000014,220.705,-0.9109595037471635,-2.6060531485177387
25.419616337000036,220.777,-0.9002688606839176,-2.606110504195775
25.551176071000043,220.804,-0.8962606502114125,-2.606129554874423
25.659710410000002,220.876,-0.8855481922958377,-2.6061744854043916
25.809376450000002,220.903,-0.8815245817633846,-2.606189685133968
25.919235611000033,220.97,-0.8715459988362239,-2.6062250260823996
26.065143858,221.002,-0.8667973943063848,-2.6062440932286273
26.179335457000036,221.072,-0.8566652951572463,-2.6062877497699644
26.350522072000047,221.135,-0.8476615775821599,-2.606303081005433
26.460113225000043,221.208,-0.8369891725016944,-2.6062825029145817
26.584676790000003,221.234,-0.8331623025698166,-2.6062733943111835
26.709260241000038,221.301,-0.8232779228202428,-2.606261627889406
26.82096499100004,221.347,-0.8164825302982387,-2.606261799684736
26.925377316000038,221.401,-0.8084811060630901,-2.606269686924596
27.05443747100003,221.431,-0.803997614689025,-2.6062744924084496
27.19098948100003,221.501,-0.793542242975121,-2.6062832519409525
27.303465930000016,221.541,-0.7875702841955876,-2.606286438788792
27.42196639900004,221.601,-0.7786614097691097,-2.606293737604875
27.536717147000047,221.643,-0.7724348666891727,-2.606304004415648
27.66468607400003,221.701,-0.7638290504010353,-2.606321683596108
27.77451080100002,221.728,-0.7598119954817876,-2.6063285074124476
27.876033274000008,221.796,-0.7496863535091056,-2.6063434688808402
27.994612207000046,221.827,-0.7450761749864188,-2.6063523811490157
28.108582642000044,221.89,-0.7358551622204298,-2.60636817753761
28.250683098000025,221.926,-0.7305821967354326,-2.606370294243677
28.358912176000047,221.999,-0.7198035336684315,-2.6063594584526095
28.488818839000032,222.025,-0.715941301394455,-2.6063551924049513
28.596684572000015,222.091,-0.7060759489182437,-2.606347307323004
28.71465841400004,222.124,-0.701133117456795,-2.6063430398593512
28.82676489000005,222.196,-0.6904287634423543,-2.6063357078767204
28.92986570300002,222.223,-0.6864438490071701,-2.6063367319706146
29.044506196000043,222.289,-0.6765809416689238,-2.6063447527683397
29.190053621000004,222.322,-0.6716335417752249,-2.6063490746789255
29.297669782000014,222.399,-0.6602316516489298,-2.606365849902265
29.408489668000016,222.421,-0.6569849587555062,-2.6063741749170486
29.510759021000013,222.487,-0.6471972078937288,-2.6064079097617303
29.64623040500004,222.52,-0.6422767119968447,-2.6064274944005
29.755763039000044,222.592,-0.6315045377904491,-2.6064714744587376
29.890499816000045,222.619,-0.6274629739669364,-2.6064874857397724
30.00357807900002,222.688,-0.6171213331187235,-2.6065281657461914
30.140451634000044,222.718,-0.6126243027159103,-2.6065460518136456
30.25048025000001,222.782,-0.6031121587937944,-2.6065875369559164
30.376792173000013,222.817,-0.5979179760590887,-2.6066139865957534
30.48748663400005,222.888,-0.5875266880260348,-2.6066688967664895
30.62486355300001,222.916,-0.5834357427067185,-2.6066855617525944
30.73195135000003,222.987,-0.57313206643121,-2.6067096881703664
30.848960071000022,223.015,-0.5690801675990034,-2.606710824344621
30.956702664000034,223.085,-0.5586913497982565,-2.6067010047243775
31.093480166000006,223.114,-0.5543798905428994,-2.6066945679724403
31.204253092000044,223.185,-0.54390719616257,-2.6066821924557724
31.340422254000032,223.213,-0.5398109690824049,-2.60668381269871
31.451881981000042,223.292,-0.5280619770169664,-2.606701403195994
31.557241016000035,223.312,-0.5250726262434664,-2.606706767153143
31.662573869000028,223.385,-0.5141509063290493,-2.6067277641950546
31.789734916000043,223.411,-0.510258097167384,-2.60673496340308
31.910253993000026,223.501,-0.4970405703906589,-2.6067475183060718
32.01589458800004,223.51,-0.4957243890653908,-2.6067468908918205
32.124418028000036,223.576,-0.4859959748765441,-2.6067330704093545
32.27368403600002,223.609,-0.4811122309426762,-2.6067219565769686
32.37672940500005,223.682,-0.4702682924490356,-2.606693018263353
32.48710417700005,223.708,-0.4664109888922955,-2.60668505248803
32.59299935400003,223.774,-0.45654872116990963,-2.606668694609326
32.75048715700001,223.807,-0.45160305687246693,-2.6066604133175284
32.858864498,223.869,-0.44234821982768896,-2.606645195983249
33.021760536000045,223.906,-0.43687309887196124,-2.6066399166733887
33.131090537000034,223.976,-0.4265008086562671,-2.6066399027523213
33.260070106,224.005,-0.4222019529234775,-2.6066434284578497
33.37290539200001,224.084,-0.4105019566825935,-2.606659280722767
33.490329179000014,224.104,-0.4075331705976218,-2.6066621604102447
33.605111463000014,224.182,-0.3959178992446532,-2.606674364467583
33.75179357900004,224.203,-0.39279337745365894,-2.6066793400767696
33.865256473000045,224.275,-0.38211581775434056,-2.6067036635474667
34.00636048700005,224.302,-0.3781125504384766,-2.606715991520985
34.11757765200002,224.366,-0.3685941120498334,-2.6067506092038992
34.22895686100003,224.432,-0.3587332563686393,-2.6067850140656303
34.33056483800004,224.45,-0.35604393026472747,-2.6067938610750865
34.43885428300001,224.519,-0.3457819134648706,-2.6068239708474366
34.55245989300005,224.547,-0.3416210483053646,-2.606833903290904
34.687301536999996,224.601,-0.3335480415500445,-2.606852786462669
34.807599041,224.632,-0.3289157819471487,-2.6068646663084065
34.91292933,224.697,-0.319257333937995,-2.6068930588451313
35.04400226800004,224.731,-0.3142461355886141,-2.6069128660474012
35.144646643000044,224.792,-0.30524368880040637,-2.6069527618824786
35.303719091000005,224.83,-0.2996075169893399,-2.6069744761153655
35.432901196000046,224.901,-0.2890427312786407,-2.6070088235393523
35.54487802400001,224.939,-0.2833766621713878,-2.6070282524793007
35.669804306,225.001,-0.27409546650488253,-2.6070625245798955
35.77255032300002,225.028,-0.27005138783237453,-2.6070778356475106
35.877836882,225.088,-0.2610743340826594,-2.6071128986666485
36.029428111000016,225.127,-0.2552425104378192,-2.60713688901173
36.13576603800004,225.199,-0.24454113797385194,-2.6071796827678457
36.25920724100001,225.226,-0.24053246732748057,-2.6071934216866515
36.36947384800004,225.301,-0.22946941765789763,-2.60722286367224
36.472812505000036,225.34,-0.22375006272549652,-2.607230098539888
36.606622773000026,225.401,-0.2147277110917602,-2.6072314397334906
36.72009628200004,225.435,-0.20968708709347086,-2.607228725151924
36.835443758,225.513,-0.19820929246346805,-2.607211689240785
36.94480756300004,225.545,-0.1935316596513155,-2.6071975896598323
37.056556028000045,225.613,-0.1834252414789407,-2.607161314744323
37.16117938000002,225.631,-0.18075402582918995,-2.6071532980348677
37.274378901000034,225.701,-0.17033691608738,-2.6071274150671293
37.383740547,225.734,-0.16542598666317948,-2.6071180158337124
37.50613737600003,225.801,-0.15543815291694432,-2.6071009980031756
37.606431783000005,225.827,-0.15155721610230002,-2.6070934380244997
37.713670261000004,225.9,-0.1407721174599684,-2.6070648163593675
37.82723814600001,225.919,-0.1379658975368248,-2.60705498588157
37.96087107400001,225.999,-0.12605723198866975,-2.6070072768306343
38.06784116100005,226.018,-0.12322192962148099,-2.6069965539702142
38.17865087800004,226.089,-0.11281574639271819,-2.6069560514036
38.31232115800003,226.117,-0.10874582648429484,-2.6069340750998338
38.41479057500004,226.187,-0.09844991085334205,-2.6068619736351164
38.55514018800005,226.216,-0.0941476705376712,-2.6068283339285023
38.676275573,226.296,-0.08220621466763081,-2.6067287392477563
38.79861630100004,226.315,-0.07935939223304211,-2.6067049376029767
38.90652824800003,226.382,-0.0693776575540633,-2.6066233774283534
39.031266499000026,226.414,-0.06464916310052797,-2.6065886571319825
39.13807549500001,226.479,-0.055062352816725564,-2.606528648616531
39.24700599700003,226.513,-0.05004971952693162,-2.606503223456276
39.366055241000026,226.582,-0.0398031218758284,-2.606460544302152
39.518682100000035,226.612,-0.03534521254976403,-2.6064448794637203
39.62504711700001,226.687,-0.02418312159223967,-2.60641273147603
39.73725020200004,226.711,-0.02060854783941871,-2.606404234310138
39.851837832,226.784,-0.009941062911483141,-2.606375417722124
39.97893081400002,226.81,-0.006149675093915474,-2.606359397533264
40.081965385000046,226.875,0.003342023742263413,-2.606305215691171
40.22139192200001,226.909,0.008309102527329727,-2.6062691458935934
40.33162097400003,226.979,0.01865114882976288,-2.6061811142815285
40.48651585700003,227.008,0.022926065231347884,-2.60614741205149
40.603209944000014,227.074,0.03260965558761176,-2.606083898104101
40.753393593,227.107,0.03744571390363988,-2.6060598712685197
40.87145508400005,227.181,0.048339590606098826,-2.6060233607931917
40.98021635500004,227.206,0.052040264397731364,-2.606014864269594
41.09040898200004,227.282,0.06333850123942446,-2.605997646488984
41.20334923400003,227.305,0.06676425461211692,-2.6059941969658675
41.318471187,227.377,0.07734810180619586,-2.6059849587472925
41.43554386000005,227.404,0.08128910588407458,-2.6059769766306684
41.54554174900005,227.481,0.09269682260122607,-2.605944884206098
41.69079344000005,227.503,0.09595278414828225,-2.605938031104027
41.79586957800001,227.578,0.1069573066082791,-2.6059156543718576
41.94711660200005,227.602,0.11048632413170897,-2.605904810171592
42.055553649000046,227.674,0.12125192727986041,-2.605866245982743
42.201792419000014,227.735,0.1303798029100001,-2.605831784410102
42.311264240000014,227.811,0.14167277322684454,-2.6057900772454725
42.444460451,227.834,0.14506090277334657,-2.605780917034244
42.552719744,227.9,0.15465568115049153,-2.6057563952234877
42.67795534600003,227.932,0.15933405875887754,-2.605738253785376
43.24806309600001,227.997,0.16888247328779193,-2.6056883393746904
43.40144586300005,228.031,0.16993056530617826,-2.6056878904340963
43.51901091600001,228.101,0.1705912716544393,-2.60569037452686
43.63617923000004,228.134,0.17220204034130113,-2.60568059073933
43.758731485,228.201,0.17872862334946582,-2.6056431672528944
43.87378720100003,228.24,0.1844122135616727,-2.605611621342567
43.98361891500002,228.301,0.19346060397621576,-2.6055657395240606
44.085336659000006,228.328,0.19744455546092804,-2.6055492094678447
44.19344538200005,228.387,0.20616624246207146,-2.6055210381462994
44.31357648100004,228.427,0.2120810997232223,-2.6055077752955635
44.424503394,228.491,0.22150006544272696,-2.605497829216585
44.54262467500001,228.526,0.22664002390883992,-2.605499760166952
44.65444047200003,228.593,0.23652835419600463,-2.6055162400609353
44.75639129800004,228.625,0.24125396493219234,-2.605529214992772
44.86582060500001,228.692,0.2511857590303772,-2.6055638995119152
44.99556436500001,228.724,0.25595621189654894,-2.6055796823524084
45.09836527900001,228.798,0.2668549948248112,-2.605622543883477
45.60406075200001,228.823,0.27051497994949797,-2.605642810336688
45.71124484300003,228.885,0.27970632944091095,-2.605699097024199
45.82583695200003,228.922,0.2845761058917381,-2.605721963638273
45.93428703700005,228.995,0.28621660997625836,-2.605721372389431
46.05812694000002,229.021,0.287989904440452,-2.605727414437542
46.19135259000001,229.101,0.2974161868733439,-2.6057465906166293
46.30839850700005,229.134,0.3023305329568419,-2.605755652928237
46.41536376000005,229.201,0.3122373154873022,-2.6057793912273928
46.53259408100001,229.231,0.3166706766402654,-2.6057944806181306
46.65000493300005,229.301,0.3270236158445991,-2.6058361867752997
46.76775151000004,229.329,0.3311769555027423,-2.6058513204682514
46.869485191000024,229.398,0.3413268611686659,-2.605878248031133
46.98837072600003,229.435,0.34676962061686417,-2.605885986366579
47.100142065,229.501,0.35656302985981175,-2.60589059711231
47.21001339400004,229.527,0.3604368372661394,-2.6058905625602167
47.312766717000045,229.6,0.37125813002637187,-2.6058956515750142
47.42528827000001,229.615,0.373479048421011,-2.6058984619681755
47.52900897400002,229.682,0.3834454812359891,-2.605916872083125
47.66082787200003,229.714,0.3882141716853005,-2.6059279414608905
47.77268504,229.785,0.39880368330159005,-2.605955816676934
47.89688700900001,229.813,0.4029857623691422,-2.605966176321332
48.002629601000024,229.89,0.4143076921028735,-2.6059839436394876
48.12938841600004,229.912,0.41753976286175826,-2.605985086597854
48.235866722000026,229.994,0.4297190700886491,-2.605983409333973
48.355217391,230.011,0.4322450571645355,-2.6059843681392048
48.458247322000034,230.085,0.4432480084052973,-2.6059931423425753
48.57579114600003,230.11,0.44697450149558715,-2.605995485403011
48.684782333000044,230.173,0.4563203654674678,-2.6060024666320336
48.83162217200004,230.209,0.4616350708372908,-2.606011768289947
48.93782633500001,230.283,0.4726201205588301,-2.606041959242929
49.084345480000025,230.308,0.47633797355996466,-2.6060544636572196
49.19389670800001,230.367,0.4850198550935404,-2.606083325302898
49.358219754000004,230.407,0.4909081367008131,-2.6060969687163618
49.46500113100001,230.485,0.5024750500373505,-2.60611014196542
49.61300144900002,230.506,0.5056143380888689,-2.6061123968081223
49.72630931500004,230.583,0.5170591335005026,-2.60611657737118
49.85112562400002,230.605,0.5203170874682598,-2.6061155264251306
49.96211165100004,230.67,0.5299838806981585,-2.6061066907734975
50.13854757300004,230.704,0.5350622483042325,-2.606100312188985
50.24536977300005,230.778,0.5460251279853338,-2.6060899414376184
50.411744193000004,230.803,0.5497115683499663,-2.606090519024047
50.51601130300003,230.875,0.5603508261261929,-2.6061006869883365
50.65148957400004,230.902,0.5643653353739666,-2.606103562584304
50.761666932000026,230.961,0.5731569677313034,-2.606107349621617
50.95410655300003,231.035,0.5841825408668808,-2.606117551612882
51.05949052400001,231.1,0.5938710578302505,-2.6061314824953636
51.215168996000045,231.134,0.5989459346828944,-2.6061378525122443
51.32160291700001,231.192,0.6075639061896401,-2.606148310399205
51.475465568000004,231.232,0.6134580265358442,-2.606161283062742
51.608444561,231.301,0.6236551745540114,-2.6061928026322367
51.71345850900002,231.342,0.6297623549923801,-2.606209437269288
51.84773121100005,231.401,0.638564693992193,-2.6062344303977305
51.96359762700001,231.43,0.6428912631022263,-2.6062481538209186
52.07015850500005,231.494,0.6523960711750197,-2.606279334390678
52.19511470000003,231.529,0.6575874142871228,-2.606293511391682
52.30176917700004,231.598,0.6678416478792173,-2.606321635390567
52.43051526100004,231.628,0.6722913226591749,-2.606337148304033
52.537725819,231.696,0.6824374986907344,-2.606378094612994
52.67116524900001,231.727,0.6870726834842867,-2.6063979268357738
52.77892448900002,231.787,0.6959742179160785,-2.6064398334556573
52.93070789000001,231.826,0.7017347255913912,-2.606472746781682
53.039666374000035,231.884,0.7103777614216138,-2.6065287750186013
53.21261044000005,231.925,0.716523541164653,-2.6065688900690964
53.32019141500001,231.977,0.7243189554122552,-2.6066194970220553
53.425680604000036,232.023,0.7312153963839086,-2.606664060513692
53.52769144300004,232.041,0.7338988677334604,-2.6066812229889136
53.63450715900001,232.092,0.7414868540369423,-2.6067273284781782
53.770970964000014,232.123,0.746099170273666,-2.6067535144730525
53.87482809800002,232.186,0.7554993217344945,-2.606803261285921
54.03991597000004,232.222,0.7608780109817868,-2.6068303758541327
54.15222362000003,232.285,0.7702908411195872,-2.6068756269406226
54.326431372,232.321,0.7756696178734525,-2.6069002299230664
54.43392418100001,232.385,0.7852239619492439,-2.606943696798775
54.61657157000002,232.42,0.7904446925243579,-2.6069693043124667
54.72620758000005,232.484,0.7999491356816563,-2.607016934886282
54.85634924100003,232.519,0.8051427660748758,-2.6070401172450053
54.96893520000003,232.577,0.8137098936770585,-2.6070723040604418
55.13293753400001,232.618,0.8197539267950905,-2.6070889527788297
55.24605324600003,232.675,0.8282644261557613,-2.60710698037517
55.403872906000004,232.717,0.8345517697276971,-2.6071208526264353
55.50870849800003,232.788,0.8451464396043389,-2.6071445528073287
55.63494865200005,232.816,0.8493160574797644,-2.6071524201089744
55.74990750200004,232.888,0.8599293488065957,-2.607164358375559
55.87320624800003,232.915,0.8638991575311011,-2.607164257693012
55.99203486500005,232.989,0.8748779226107009,-2.6071582835144893
56.13781276900005,233.014,0.8785832603380126,-2.607158696507404
56.242623811000044,233.077,0.8877824458642231,-2.6071602288871882
56.37677744300004,233.113,0.8930456272356249,-2.607154185862515
56.48078105400003,233.182,0.903154193888989,-2.6071269937093087
56.62917737400005,233.212,0.9075531950044967,-2.607109240053817
56.738635671,233.27,0.9161749601192634,-2.6070683162200825
56.884433931000046,233.311,0.9222751516745689,-2.6070420620483277
56.99833116100001,233.379,0.9323188089856616,-2.6070079270747106
57.14105437400002,233.41,0.936888783205108,-2.6069977941489237
57.244706319000045,233.475,0.9465489791375871,-2.606982152804532
57.37465802500003,233.509,0.951625425599353,-2.6069728487009094
57.484355713000014,233.578,0.9619188553966893,-2.606953938338277
57.61952028500002,233.608,0.966390274050972,-2.606947558025142
57.72453498500005,233.683,0.9774900512394105,-2.606934366949036
57.862709042000006,233.707,0.9810262324105683,-2.606927667353214
57.974962038,233.776,0.9912228388141562,-2.606898924290174
58.131268664000004,233.806,0.9956658246991952,-2.6068828821990504
58.24356993600003,233.871,1.0053724285156802,-2.606843094141679
58.404724181000006,233.905,1.0104613888762808,-2.6068214745402325
58.519856843000014,233.969,1.0200357746774134,-2.6067802390963863
58.68412762400004,234.004,1.0252684053849106,-2.6067586519417216
58.791840904000026,234.07,1.0351019617547774,-2.606717806905752
58.957539569000005,234.103,1.0400164722715657,-2.6066954033090957
59.06723791000002,234.186,1.05234371284071,-2.6066364820036796
59.17194833000002,234.202,1.0547038819122294,-2.6066269930968002
59.28136440200001,234.275,1.0654571128577996,-2.606595439405374
59.44984692600002,234.335,1.0742899009991325,-2.6065847675598923
59.554068078,234.396,1.083220768945415,-2.60658743781841
59.68540224000003,234.434,1.0888193421956178,-2.6065889066386867
59.82653165100004,234.501,1.0986702161369737,-2.606579819208455
59.946723270999996,234.532,1.103226229793007,-2.606570201396967
60.070719043,234.601,1.1135485758387018,-2.6065431678780406
60.18505210500001,234.646,1.1202868112806577,-2.606526387385661
60.288970283000026,234.701,1.1284732707020333,-2.6065083535609954
60.39796468700001,234.74,1.134261369575091,-2.606499462983654
60.542035536000014,234.801,1.1432690441792839,-2.6064860260090055
60.647436137,234.829,1.1474126065946177,-2.6064769699900796
60.771307043000036,234.901,1.158003722432935,-2.606442668980308
60.90094068000002,234.928,1.1619748883335375,-2.606425208535683
61.03073260800005,235.001,1.1727337611070991,-2.606378614389268
61.13566514900003,235.037,1.177987026940835,-2.6063658409970443
61.24877373800001,235.094,1.1864400135006254,-2.606356049045865
61.388825,235.126,1.1912232546587247,-2.6063519328447637
61.499268594,235.201,1.202088622743754,-2.606335047357285
61.64057070900003,235.225,1.2055416006460333,-2.6063220354741437
61.75244074200003,235.285,1.2144580868114607,-2.6062761915789627
61.88477918700005,235.324,1.2202900833064738,-2.6062466295609066
61.999727253,235.395,1.2308447675541394,-2.6061983270124536
62.15307888700005,235.423,1.2350026912112744,-2.606182164779626
62.25911101000003,235.491,1.2451382379732947,-2.6061488021200967
62.37495370700003,235.522,1.2497838533404868,-2.606134469289979
62.483176282000045,235.584,1.2590144118517654,-2.6061085625780316
62.613550761,235.621,1.2645093027833088,-2.6060967938629633
62.71887185700001,235.681,1.273342893999106,-2.606080727372995
62.88370949200004,235.72,1.2790830726995313,-2.6060651112678683
62.99451184900005,235.797,1.2905788235671671,-2.6060241234280963
63.13235998700003,235.819,1.2938757850118798,-2.6060120402011457
63.24250628200002,235.892,1.3046521358408432,-2.6059786676172605
63.364142739000044,235.918,1.3084585441650671,-2.605972772478795
63.472485698000014,235.997,1.320085178345479,-2.6059719119750393
63.59112496100005,236.017,1.3230670216534963,-2.605972277646559
63.694930989,236.081,1.3326421387354566,-2.605972697887552
63.82906492800004,236.116,1.3378807346409916,-2.6059736665164093
63.93446572600004,236.181,1.3475147913440662,-2.6059795501475347
64.07517418600003,236.215,1.3525128980135357,-2.6059888202623775
64.185273978,236.295,1.3642989681055744,-2.6060219233077198
64.29741098400001,236.314,1.367116395595363,-2.6060286712811767
64.411374378,236.384,1.377559263278098,-2.6060538415132
64.537867667,236.413,1.3818831729057268,-2.6060660118105665
64.64171177400004,236.468,1.3900624818802259,-2.6060895353773064
64.81001008100003,236.512,1.3966088616975132,-2.606105407695602
64.92276434400003,236.571,1.4054129308743382,-2.6061228680780437
65.080307162,236.611,1.411393298092277,-2.6061333973602108
65.19358462900004,236.677,1.421285110661817,-2.6061495203092537
65.349938135,236.71,1.4262340224116874,-2.6061574983687055
65.46139976,236.77,1.4350793965192346,-2.606169360956304
65.63603094900003,236.809,1.4407468682866484,-2.606168370030424
65.75224707000001,236.882,1.4515870960112291,-2.6061511869845937
65.895133085,236.908,1.4554691671910667,-2.606145518181393
66.00241530600005,236.968,1.4642529737609535,-2.606141509524767
66.15969435300002,237.007,1.4699308927981305,-2.6061503253108675
66.27355964400004,237.07,1.4791393665995478,-2.606179746446846
66.455852623,237.106,1.4844832023872259,-2.606195982202261
66.56593301800001,237.169,1.4938680696242739,-2.6062192805870734
66.74889710000002,237.205,1.4992499642185755,-2.6062311851516595
66.86001683800004,237.263,1.5078703752486717,-2.606252503689984
67.04397137300003,237.304,1.5139552446944373,-2.6062719912681467
67.15275735400002,237.368,1.523488180085951,-2.606304990807836
67.29263739800001,237.403,1.5287101695073535,-2.6063214849167786
67.40024363500004,237.469,1.5385842910271488,-2.6063504285696504
67.55515278500002,237.502,1.5435229850190313,-2.60636422768798
67.66191408100002,237.568,1.5534020548974818,-2.6063908518477885
67.85205770200002,237.635,1.5634313222580523,-2.6064192314083567
67.95738645800003,237.707,1.574100391768086,-2.6064489561307256
68.08317917400001,237.734,1.5780703224866517,-2.6064563558809093
68.18419871100002,237.8,1.5878498844819127,-2.6064659377455786
68.31194077700002,237.832,1.5926022605601597,-2.6064677015498754
68.46148561900003,237.901,1.602826595185346,-2.6064701980947405
68.56705612100001,237.931,1.607243129099044,-2.6064759861647184
68.670827272,237.999,1.6171947118487284,-2.606497221952182
68.79599327100004,238.03,1.6217560849016106,-2.6065038050432583
68.90667622900003,238.094,1.6313085806756882,-2.606512723906353
69.05682089100003,238.129,1.6365396081924304,-2.6065186986578164
69.15719197300001,238.188,1.6453192022394616,-2.606531661433624
69.29117698900001,238.228,1.651244684482792,-2.6065450154473453
69.39821974,238.29,1.6604679240455933,-2.6065698466935703
69.55697748,238.327,1.6659876905628326,-2.606583149038994
69.666933003,238.397,1.6763813369334255,-2.6066035028268906
69.81649182300004,238.426,1.6806703156622278,-2.60660866462905
69.92680701100005,238.49,1.6901537133415836,-2.6066131315547847
70.06497035400002,238.525,1.6953438144666364,-2.6066120118638536
70.16855138900002,238.596,1.705914095794295,-2.6066036298995123
70.28390851800003,238.624,1.7100939405924396,-2.6066008014728363
70.387542956,238.684,1.7189641879553055,-2.606593913106481
70.55344676200002,238.723,1.7247212198183253,-2.6065843799438935
70.658580099,238.792,1.7349530964825943,-2.6065600563697453
70.80837021100001,238.822,1.7393920425934035,-2.6065520974213574
70.910216418,238.889,1.749245386681433,-2.6065416015981095
71.04170048900005,238.921,1.7539558229816166,-2.606534072038857
71.15529379100002,238.988,1.7639266581536444,-2.6065106787960195
71.29960422300002,239.02,1.7686952450098437,-2.6064975994664854
71.41315147100005,239.092,1.7794560739062781,-2.606464385922793
71.528557111,239.119,1.7835016065816272,-2.606451425504453
71.63247715700004,239.182,1.7928644011202026,-2.6064240449430383
71.79089468800004,239.218,1.798196699802726,-2.6064129015079316
71.89672586400002,239.287,1.8084228210765398,-2.606400734729759
72.00915359200002,239.317,1.8128693464729748,-2.6063991193976417
72.11694246000002,239.391,1.8238887773655308,-2.606402705221135
72.22466383400001,239.416,1.8276320379012259,-2.6064041631266885
72.33020313600002,239.485,1.8378758688278025,-2.6064048732371714
72.48150980700001,239.515,1.8423114289482756,-2.60640168332661
72.59113155900002,239.571,1.8505656125658279,-2.6063889392367146
72.74095330600005,239.614,1.856899830092346,-2.6063724130819668
72.85071057300001,239.683,1.867006099173769,-2.6063318006109735
72.99447133300004,239.713,1.8713970571431828,-2.6063078375648807
73.10305284600003,239.78,1.8813866974146007,-2.6062442015459832
73.238566913,239.812,1.8861789440763248,-2.6062130371282466
73.350971754,239.887,1.8972402957686205,-2.6061479036350144
73.47985728100002,239.911,1.9007531277580627,-2.60613276769038
73.59354857000005,239.978,1.910699176768378,-2.606099147253946
73.73201256100003,240.01,1.9154886465612657,-2.606082877510782
73.84011540800003,240.073,1.9249009825268972,-2.60604921184853
74.00987843200005,240.109,1.9302772239599684,-2.606028592644287
74.126124505,240.179,1.9406601945386093,-2.6059844277855206
74.257960835,240.208,1.9449379012649264,-2.6059624764623304
74.35895395400001,240.266,1.9535464812451486,-2.6059117661720466
74.51758098900001,240.307,1.9596586494625323,-2.605873127387174
74.626528871,240.374,1.9695817755777314,-2.605809969046749
74.791988135,240.406,1.974257859423983,-2.605786732866179
74.90503816900002,240.469,1.9836227496755026,-2.605750576531764
75.05758618300001,240.505,1.9890096398926504,-2.60573101281274
75.17245160200002,240.567,1.9982022117625633,-2.6056974289584396
75.30718283300001,240.604,2.003652798335672,-2.6056727214315174
75.41136001700005,240.679,2.014754020460106,-2.605614511582173
75.55701520400004,240.703,2.0182914869804507,-2.605598903603149
75.661180731,240.762,2.0269960924080483,-2.6055684213517463
75.822625259,240.802,2.0329544122666596,-2.6055478313246945
75.93563542200002,240.871,2.0431610685431063,-2.605513749715093
76.12493663800001,240.935,2.052554473391627,-2.605499677906321
76.235844332,240.997,2.061734441153916,-2.605499399140976
76.35180612200003,241.034,2.0672604471424156,-2.6054987210540905
76.48024988900005,241.101,2.0772115406385563,-2.605493687079237
76.58469126800003,241.132,2.0817949560009965,-2.6054879033305443
76.68594426100003,241.197,2.0914458955633015,-2.6054689412589735
76.84173887600002,241.231,2.0965001015376146,-2.605456258232389
76.95649261400001,241.295,2.10601785827135,-2.6054320396936017
77.09020079700002,241.33,2.1112129482874304,-2.6054223802291547
77.21495263600002,241.401,2.1216217606645023,-2.605416328311954
77.3221623,241.438,2.1270255539678455,-2.6054238078425755
77.440484336,241.501,2.136316323681464,-2.6054506152016805
77.55586838400001,241.536,2.1415515997134467,-2.6054664539573555
77.69639261500004,241.601,2.1512195205573783,-2.605498837319498
77.79793421100004,241.627,2.155085135740085,-2.6055139593170566
77.90145443600005,241.691,2.164576354960334,-2.6055569120081126
78.05034999400004,241.726,2.169752750123187,-2.605585074100531
78.15647280400003,241.791,2.1793871466053734,-2.6056458661983477
78.28246565400002,241.825,2.1844630458520813,-2.6056781877880693
78.39685985100004,241.887,2.1935753590543423,-2.605729678179308
78.54156889000001,241.924,2.1989962851560936,-2.605753064173426
78.65793272100001,241.978,2.2070223994748335,-2.6057821429560764
78.76330098400001,242.021,2.2134042502567777,-2.6058088909362773
78.87428424500001,242.067,2.2202652167892554,-2.6058400530207746
79.05294734400002,242.122,2.228486160938672,-2.605875760310275
79.16647652400002,242.191,2.2387791384276325,-2.6059173511000595
79.29421176400001,242.221,2.2432456115123016,-2.6059336015485455
79.40593026500005,242.291,2.2537055497159284,-2.605970951543713
79.54605317200003,242.32,2.25803903975357,-2.605987522862054
79.65431964600003,242.38,2.2670306779437044,-2.606023000962102
79.78471076200003,242.419,2.272876447341608,-2.6060463595956875
79.89394838300001,242.486,2.282824096117312,-2.6060834492084872
80.06307038900002,242.518,2.287564352338826,-2.6060977672002856
80.17209359400005,242.586,2.2976549995591795,-2.606124207705105
80.29999033800004,242.617,2.3022374282859603,-2.6061395681320936
80.42128761800001,242.689,2.312972210908269,-2.6061836625250865
80.55536165000001,242.716,2.3170177471314433,-2.6062009119490988
80.673557453,242.784,2.32719624747618,-2.6062453660859144
80.80216945200004,242.815,2.3318336741487906,-2.606266441028552
80.91799742400002,242.894,2.3436577711820235,-2.6063218333872085
81.04283353600005,242.914,2.346652856682106,-2.6063357136620806
81.15078762500002,242.984,2.356823362586313,-2.6063729016647827
81.27240142100004,243.013,2.3610103096523907,-2.6063794831116422
81.38036067200005,243.093,2.3727948337578915,-2.606374931843078
81.484458432,243.112,2.375623873806769,-2.6063719046066787
81.59084197000004,243.182,2.386092824197416,-2.606358175154451
81.73296419500002,243.211,2.3904336693282557,-2.6063519121537393
81.84817893300004,243.283,2.4011735867441835,-2.6063336582065513
81.97804348700004,243.31,2.405199029260298,-2.606325375490448
82.08871074400002,243.372,2.4144419468771146,-2.6063033382601573
82.22856024400005,243.409,2.4199577978938493,-2.6062881690081867
82.34358246100004,243.488,2.4317002324463126,-2.6062565955816983
82.46850447900005,243.508,2.4346655694163073,-2.6062507909634913
82.57129292900004,243.579,2.445224171813162,-2.6062347430977577
82.719645845,243.607,2.4494025400385486,-2.606227618747176
82.82987419700004,243.674,2.4593778896016167,-2.6062101736362795
82.975345479,243.706,2.4641275977811516,-2.606204780010539
83.086126804,243.774,2.4742176637760926,-2.606196961418013
83.21898124400002,243.805,2.4788269981029134,-2.6061914669167727
83.32626140800005,243.871,2.488398734982079,-2.6061695011603914
83.46560389000001,243.904,2.4931481480700532,-2.6061476884676185
83.57362430700005,243.971,2.5029889622464805,-2.6060814820834453
83.71844995200001,244.003,2.507755873738714,-2.606046100569956
83.82669476300003,244.084,2.5198489210040127,-2.60595441227393
83.95395283800002,244.102,2.522537026848155,-2.605934736669727
84.06791553800002,244.179,2.5339688644131733,-2.6058561890210843
84.22964900300002,244.235,2.5422245234830996,-2.605811145668337
84.34725028500003,244.311,2.5535450281752707,-2.6057618669384612
84.46564865000005,244.344,2.558480148254993,-2.6057403042432585
84.57311220900004,244.401,2.5669628218170097,-2.605700286989344
84.68070060900004,244.432,2.571576196270611,-2.605676604126426
84.78282422000001,244.493,2.5806088551012003,-2.605630320169757
84.91945704100004,244.531,2.5861867668351466,-2.6056089304648995
85.069362404,244.601,2.5965645319453152,-2.6055825090743494
85.18497892100004,244.642,2.602677590711512,-2.60557032408464
85.30647498500002,244.701,2.6078531141761867,-2.6055800963327354
85.424807246,244.74,2.610491821873091,-2.6055790058789006
85.55800879200001,244.801,2.6132083563424295,-2.60561152170106
85.66981543000003,244.84,2.6141869058230878,-2.60566513319869
85.79915630900001,244.901,2.614504455374866,-2.6057671182853177
85.916549046,244.941,2.6139111609739007,-2.605832484363616
86.02128812800004,244.995,2.613210895698341,-2.6058930093417794
86.14687514100001,245.026,2.613031332026548,-2.6059122825886045
86.25525785900004,245.082,2.612708769477261,-2.605956123980392
86.36627152700004,245.122,2.6124794457751332,-2.605994587598208
86.467348152,245.144,2.6123537652914113,-2.6060182712707083
86.58993387600003,245.201,2.612029830066691,-2.6060879405811965
86.70463340200001,245.236,2.611832277840328,-2.6061366285142102
86.80784903300002,245.291,2.6115242094060975,-2.606222150442721
86.95910851400004,245.323,2.611346436026293,-2.606276940543677
87.06454202000003,245.386,2.610999945798714,-2.6063955181211864
87.23744354200005,245.422,2.610804215773615,-2.606469592610653
87.34586824600001,245.492,2.610428820412117,-2.606626594639478
87.503783962,245.521,2.6102754533508676,-2.606696595515293
87.61580573400005,245.588,2.6099263428465465,-2.6068692474434494
87.78736427000001,245.62,2.6097623224030198,-2.6069570162892073
87.89932747400002,245.687,2.6094249919042256,-2.6071516852940912
88.07039023300001,245.719,2.6092669323078095,-2.6072497846332325
88.173324003,245.775,2.608995341960085,-2.6074292645226986
88.33665427400001,245.818,2.608791319509429,-2.6075736973243275
88.457480917,245.885,2.6084816549787333,-2.6078099131359727
88.62622341800005,245.917,2.6083374391485994,-2.6079274231717524
88.73183800600003,245.98,2.608060779076117,-2.60816738377913
88.90247699900004,246.016,2.6079071570238592,-2.608309508503924
89.01208744300004,246.07,2.6076830523466783,-2.6085293031338024
89.19243722000004,246.115,2.607502270139817,-2.608718354201494
89.30062297400002,246.179,2.6072548163551574,-2.6089961248070197
89.47809542700003,246.214,2.6071244227503296,-2.6091522990490907
89.59004849400003,246.278,2.6068952775954997,-2.6094453577404284
89.75317844900002,246.313,2.606775159963733,-2.6096095677726683
89.86870491400003,246.372,2.6065812033130715,-2.6098924036541824
90.03739468500004,246.412,2.6064559179159614,-2.6100882806136436
90.14388556300003,246.474,2.606271866610114,-2.6103981267912197
90.31825479100002,246.511,2.606168009264328,-2.610586469663696
90.42695444200001,246.577,2.606481780499759,-2.610515141878166
90.57864907800001,246.61,2.607354096263273,-2.609155381622971
90.690389304,246.677,2.609904040617976,-2.6033953057327275
90.82291922500002,246.709,2.611105433151016,-2.60043502307655
90.94333935000003,246.775,2.613519654321887,-2.594153077918365
91.10368685900005,246.808,2.614670281411973,-2.5909752207408854
91.21499905300004,246.882,2.6172318325664365,-2.583496904214315
91.36411044900001,246.907,2.618052492331956,-2.580945067207906
91.47112227100001,246.971,2.6200786653015085,-2.574310202660026
91.65326915200001,247.006,2.6211346806777773,-2.5706351252745483
91.76627462500005,247.064,2.622777730045694,-2.564564345730674
91.93035971900002,247.105,2.623858435935452,-2.5602924683241555
92.04213206400004,247.166,2.625461674865082,-2.553619277434315
92.21984814400003,247.204,2.6264046954826603,-2.5493405167388223
92.32624433300003,247.252,2.6275493298781005,-2.5438544217453
92.51747887900001,247.303,2.6286988519011745,-2.537950000837287
92.622936713,247.367,2.6300257315775397,-2.5305498285224353
92.79730293700004,247.402,2.630697356033939,-2.526502538560392
92.91284773000001,247.475,2.6320389020594477,-2.5177531418238903
93.10441298500001,247.535,2.6330295842406697,-2.5105205973456193
93.23661097600001,247.601,2.634023450433296,-2.5024384830073787
93.37007653800003,247.634,2.6344815473143885,-2.4983587579772837
93.472418446,247.693,2.635282057155839,-2.490814545428075
93.64407831700004,247.732,2.635777351269051,-2.485628251491364
93.768929544,247.801,2.636555267928586,-2.4766932852551293
93.87844566500002,247.831,2.6368627296324796,-2.4728200120449224
93.984819017,247.891,2.637421999760334,-2.465052343742292
94.12169221100004,247.93,2.637745443385044,-2.4599969605719827
94.22646212800004,247.999,2.6382610747530357,-2.4508192802987834
94.37375985700004,248.029,2.6384621519984517,-2.4467607527785202
94.49928701800002,248.101,2.6388791293597067,-2.437123202294915
94.608317328,248.139,2.639061969232282,-2.432058800366521
94.75452753100001,248.201,2.6393173027196153,-2.4235895123687157
94.86521491400003,248.238,2.639442730654118,-2.4185311336487256
94.96804124700003,248.297,2.6396020283179156,-2.410457405653417
95.10496109800005,248.326,2.639661949632679,-2.406488638217378
95.23080900600002,248.401,2.6397614324357908,-2.3961998523719994
95.33822376900002,248.439,2.6397821599928033,-2.3909746711722453
95.46141023000001,248.501,2.6397763125770393,-2.382322884985618
95.56148057000001,248.524,2.6397631098427583,-2.379101955135766
95.68072278100004,248.601,2.6396773833047225,-2.368191127435534
95.788115291,248.637,2.639619634949338,-2.3630464333653256
95.90537796800004,248.705,2.6394819894544432,-2.3533198776185587
96.00721756300004,248.735,2.6394096039246815,-2.3490272436794344
96.10765042900005,248.797,2.639238208913581,-2.3400884759547296
96.226623727,248.821,2.639165038115887,-2.3366257602201017
96.334285454,248.89,2.638933704150917,-2.3266532543917515
96.46739036100001,248.92,2.638823831535985,-2.3223155088818155
96.57861669100004,248.988,2.6385531016183834,-2.3123477547983
96.69308776600002,249.019,2.638424290728874,-2.3077770048591044
96.80288966900002,249.09,2.6381266762774307,-2.297274051148096
96.95676398100005,249.118,2.638014885592263,-2.2931519616871556
97.06462258500005,249.182,2.637768783964327,-2.2837198563123415
97.185716367,249.217,2.6376326507449197,-2.2785159857635184
97.29253739700005,249.281,2.637379891002487,-2.2692081364277366
97.44437262400004,249.316,2.6372315836540574,-2.264137636677051
97.55780877000001,249.394,2.6368754751914754,-2.2528073103245285
97.68078713300002,249.415,2.6367739660003875,-2.249756434850397
97.788111732,249.491,2.6363871549418887,-2.2388420545556205
97.92951319600002,249.514,2.6362616421422795,-2.2355468839114265
98.03697419000002,249.595,2.635786840874811,-2.223859501205927
98.15472043700004,249.613,2.6356756282360756,-2.221256840560343
98.26686521100004,249.683,2.635218959071817,-2.2110140910951253
98.41712585000005,249.712,2.6350237546218014,-2.206712691048597
98.52895170600004,249.768,2.6346494852174676,-2.1985648340662287
98.67143447700005,249.811,2.6343498566690493,-2.1923707636370935
98.78674106300002,249.883,2.633810222995403,-2.181767906488119
98.90883923300004,249.91,2.633604455271182,-2.177743285275478
99.014822605,249.969,2.6331538215239583,-2.168951391378423
99.15432869600005,250.009,2.6328508995948985,-2.1629980171462297
99.25648926400004,250.068,2.632408958161895,-2.15422857300908
99.41381758900002,250.108,2.6321131367475,-2.1482884116638408
99.52910722600001,250.173,2.6316392801357433,-2.1387005352987174
99.676568546,250.207,2.6313871753007914,-2.133688970488325
99.78399627600004,250.288,2.6307735513167296,-2.121767587620234
99.92032264100004,250.306,2.6306344349038713,-2.119119779219647
100.033123531,250.381,2.630042683082838,-2.108000982302123
100.14807546200001,250.405,2.629854799287141,-2.104437317626824
100.25489145,250.467,2.62937043134511,-2.0951903869456503
100.41648841,250.504,2.6290829077222377,-2.0896708806773394
100.52509951000002,250.561,2.628647411833855,-2.081237077685375
100.69962305900003,250.603,2.6283374354506295,-2.075077852994393
100.80837203300001,250.669,2.6278636213843325,-2.065368740400107
100.949967039,250.702,2.6276248675689606,-2.060446459799633
101.06292913300001,250.762,2.6271907933262195,-2.0515217799119356
101.17339643500003,250.832,2.626699090185053,-2.0411867669714727
101.29606679700004,250.848,2.626588783553526,-2.0388243799414068
101.41347489500004,250.928,2.626061981240893,-2.0271505224507647
101.52358610000005,250.947,2.625942410380406,-2.024380121270169
101.658351869,251.001,2.625604347526481,-2.0163970639281716
101.76274765100004,251.049,2.625310313862937,-2.009293807251135
101.866269966,251.101,2.624990155523581,-2.001519255337006
101.98243583100003,251.139,2.6247554504690633,-1.9958378826666816
102.121440995,251.201,2.6243794397787967,-1.986664602470009
102.22698501400004,251.241,2.6241455684641224,-1.980779382483108
102.365362801,251.301,2.6237992589190915,-1.9718551438547678
102.46695663000003,251.329,2.6236381316194017,-1.9676743559493133
102.576951409,251.397,2.6232482862050377,-1.9575050041758695
102.70730475500005,251.428,2.623071017842641,-1.952866026619092
102.81148772600005,251.495,2.622695675712347,-1.9429423099603662
102.94277762400003,251.527,2.622524466631936,-1.9382512269662353
103.08855738400001,251.601,2.6221341749028286,-1.9273297467228911
103.20725902800001,251.638,2.6219347636254247,-1.9218353698701665
103.32597390800004,251.701,2.621600011776034,-1.912535615865942
103.42799682500004,251.739,2.6214070588802016,-1.9069540138796597
103.54787535000003,251.815,2.621042757337798,-1.895836802684945
103.65144141500002,251.838,2.6209386006636026,-1.8924757365809493
103.75455237800003,251.896,2.620676250537516,-1.8838379171494541
103.866947654,251.923,2.6205532868461945,-1.879795604453291
103.99091246900002,252.001,2.6201970317704597,-1.8681771374443945
104.104389524,252.022,2.620099792370229,-1.865056079670094
104.23316567,252.101,2.619733601857959,-1.8533705831458873
104.34616530100004,252.136,2.6195823764067074,-1.848276654244278
104.451709666,252.201,2.619309009397399,-1.8386277740693022
104.56355467000003,252.22,2.6192288912819612,-1.8357834980886445
104.67327009200005,252.285,2.618956824530257,-1.8260720864338689
104.78990081900002,252.319,2.6188162446821295,-1.8209980536711847
104.89901615500003,252.391,2.6185191987890506,-1.8102498997237155
105.04202904700003,252.418,2.618406835375539,-1.8062177993949937
105.15010646000002,252.49,2.6181044057225176,-1.795485415859168
105.27444281300001,252.517,2.61798956896009,-1.7914615820612083
105.37507469100001,252.586,2.617692468037507,-1.7811968518175407
105.48219152800004,252.616,2.6175611641737553,-1.7767365620717583
105.58631419,252.69,2.6172369858563704,-1.7657280357700238
105.70964976000005,252.715,2.6171298269610332,-1.7620132471397947
105.81544542500001,252.787,2.616826534329201,-1.751292469500946
105.92192931,252.814,2.6167141802521323,-1.7472645927125343
106.03401747100003,252.886,2.616415978349844,-1.736537125686949
106.16287529800002,252.913,2.616302809012109,-1.7325138933521664
106.302188752,252.991,2.6159713315756217,-1.7208856327609823
106.41207554500005,253.012,2.6158810323144026,-1.717754207673896
106.51529038200005,253.08,2.615591375753513,-1.7076938061389861
106.65933589900004,253.111,2.6154691912947565,-1.703192882155134
106.76291326400002,253.173,2.615241262245196,-1.694190128752047
106.896349305,253.21,2.6151023173312096,-1.6887115731742375
107.00885278800001,253.279,2.6148458229527325,-1.6785312493553532
107.14069522300002,253.309,2.6147417234164565,-1.6741343052155515
107.24712987500004,253.383,2.6144912853545637,-1.6631127911109782
107.37492483800003,253.408,2.614406246589716,-1.6593661053375741
107.48121254400002,253.47,2.6141949354830847,-1.650104647834212
107.64481915700003,253.507,2.614067374514156,-1.6445840824939117
107.754057988,253.577,2.6138358610332615,-1.6342909263975467
107.878928427,253.606,2.613748310514338,-1.6300593637570568
107.99040588400004,253.672,2.6135563313997188,-1.620297920587267
108.114100689,253.705,2.613458509496254,-1.615373865494547
108.21875415200003,253.769,2.6132659814193855,-1.6058399367375147
108.38635052000001,253.804,2.613158464512237,-1.600633281710905
108.49344012400002,253.878,2.6129290848303475,-1.5895912338040952
108.6121114,253.903,2.612852848536057,-1.5858608968131755
108.71624244900005,253.98,2.612620151866608,-1.5744017766039653
108.84485249800002,254.002,2.6125523996783566,-1.5711302877460136
108.95056807700001,254.074,2.612326801204987,-1.5603532184666455
109.11161032500002,254.135,2.6121345508215907,-1.5512185674910648
109.22578777300004,254.216,2.6118840392483795,-1.5391856243411748
109.34112935900004,254.234,2.6118311869102024,-1.5365279977251174
109.463357438,254.301,2.6116465026132696,-1.5266844878833048
109.573949072,254.346,2.6115335857540285,-1.5200789586819394
109.70105886800002,254.401,2.6114072578588035,-1.5119969434988445
109.81584418300002,254.445,2.611315122090714,-1.505528875084395
109.93277571200002,254.511,2.611191278291158,-1.4958125322407687
110.04784450800003,254.554,2.611119708637728,-1.4895183417558233
110.151006134,254.601,2.611039648356794,-1.4826237477787962
110.26302653300002,254.645,2.610957633947228,-1.4761685082546763
110.380567767,254.701,2.610841337586214,-1.4679966768287254
110.49190143600003,254.728,2.6107799456486425,-1.464056765569477
110.61355980000002,254.801,2.610603618296252,-1.4533041866122551
110.715593082,254.842,2.610520083394179,-1.4473839630792789
110.84483475600001,254.901,2.6104071902502968,-1.4386030001421088
110.94907175000003,254.926,2.6103605891544013,-1.4348754209571961
111.060667045,254.988,2.610247240890643,-1.4256462316711696
111.20584609300005,255.025,2.6101777860840008,-1.4201387406968176
111.31017443600001,255.091,2.6100501933021314,-1.4103016581576744
111.42631553700005,255.124,2.609987670513964,-1.4053835132118253
111.53235629800002,255.197,2.6098516409309127,-1.394506921060771
111.65815758400004,255.223,2.6098020154379196,-1.390630465466325
111.76204476100003,255.296,2.6096603179001914,-1.3797494909372832
111.86839809400004,255.322,2.6096113348931316,-1.375881387955472
111.97824366900005,255.394,2.6094794528432854,-1.3651222258302707
112.10015347000001,255.421,2.609430419654903,-1.3610781048598668
112.20790493500004,255.479,2.609325697454341,-1.3524629625315885
112.34110907400003,255.52,2.6092470734719675,-1.3464181163488778
112.44776080100002,255.591,2.6091078171636775,-1.3359368304466543
112.58894144500005,255.619,2.6090594522499746,-1.3318388092550757
112.69982041900005,255.691,2.608949379634381,-1.321232323825604
112.831352638,255.718,2.608912655781718,-1.317249415846222
112.93780658200001,255.781,2.6088317398725316,-1.30798456095029
113.07017199300003,255.817,2.6087813692623096,-1.3026651130285303
113.18906882200002,255.885,2.6086777226164886,-1.2925791679882077
113.32607747700001,255.916,2.608627586434782,-1.287977356089432
113.43829566100004,255.999,2.608490401705807,-1.2756515837753866
113.562246233,256.029,2.6084444949222023,-1.2712070289600843
113.684751167,256.104,2.6083346301835832,-1.260013328038049
113.79622640000002,256.122,2.6083091065179715,-1.2573264836980893
113.90936191600002,256.184,2.608220761465498,-1.248075421970137
114.024564451,256.213,2.6081782894489183,-1.243746620888623
114.13206887700005,256.276,2.608082173480345,-1.2344408863345562
114.27782172800005,256.312,2.608021659095742,-1.2291435257456296
114.39274203900004,256.378,2.607904108194491,-1.2193401411938196
114.52910542300003,256.411,2.6078486201381885,-1.2144434147251575
114.63820203400002,256.483,2.607733245413475,-1.2037029364969045
114.78861273700005,256.51,2.607690946832547,-1.1996669073510509
114.89369506600002,256.58,2.6075844335447833,-1.1892169857661798
115.01788380400001,256.609,2.6075417981253697,-1.1848887054758162
115.12199540400002,256.661,2.6074673124614716,-1.1771215466214167
115.27802059300001,256.708,2.6074018680946005,-1.170098982341044
115.38575726100004,256.779,2.6073062532648614,-1.1594877822363674
115.55194701800002,256.807,2.6072695805974315,-1.1553028852668914
115.66680281700002,256.885,2.607179329746189,-1.1438011069276555
115.768893907,256.906,2.6071592223560454,-1.140712452412765
115.87970757200003,256.979,2.607101317123791,-1.1299296963420176
116.025561778,257.005,2.6070842582071174,-1.1260802978899815
116.15295624500004,257.076,2.6070458760832658,-1.115543006936117
116.29929120300005,257.104,2.6070336138915025,-1.1113845203573156
116.40579032000005,257.167,2.6070112557633798,-1.1020029838719632
116.57188707600005,257.203,2.6070005498204343,-1.096630028011861
116.680055004,257.283,2.606984281439098,-1.084758924277385
116.81186797500004,257.302,2.606982996990631,-1.081948830507497
116.91762852100004,257.364,2.606986555984662,-1.0727974736076034
117.02551501900001,257.43,2.6070053964362887,-1.0630710589254209
117.13521375000005,257.458,2.607018164220499,-1.0589447128210816
117.25390694600003,257.529,2.6070631060284772,-1.0484761874393027
117.35802307100005,257.559,2.6070874046683015,-1.0440522882383434
117.45880221700003,257.611,2.6071351947729435,-1.0363207404009112
117.578911339,257.642,2.607165829359993,-1.0317072948308446
117.698554242,257.701,2.6072284031651156,-1.0229233287059822
117.80720536400003,257.746,2.6072795850241235,-1.0162304898828642
117.94304766100004,257.801,2.6073416329360946,-1.0080415233290314
118.060689298,257.843,2.607386450711914,-1.0017809223870404
118.16934878500001,257.901,2.6074487388071503,-0.993116519064153
118.27833609100003,257.929,2.6074798368998415,-0.9889337300676487
118.38350871600005,257.989,2.607541930359666,-0.9801505747935809
118.514489755,258.028,2.6075736647640917,-0.9744642346071837
118.63519794900003,258.096,2.607616451650794,-0.9643874358118727
118.74311123900003,258.127,2.6076336109653178,-0.9597733022217273
118.85278025400004,258.197,2.607668785409101,-0.9493222808959711
118.96478163700004,258.226,2.6076822436534672,-0.9449910680459256
119.07078352500002,258.297,2.6077079397497633,-0.9345604186250326
119.20931289800001,258.325,2.607711598419894,-0.9304848239415411
119.316578945,258.388,2.607706399340778,-0.9212165700586317
119.464765403,258.424,2.6076992423644505,-0.9158673820112397
119.56765668600002,258.492,2.6076770570366996,-0.9059067945797472
119.681533183,258.523,2.6076592420970055,-0.9014035980440587
119.78542509300007,258.588,2.6076094276818376,-0.8918011892847304
119.93460232400002,258.622,2.6075886602832226,-0.8868206382058033
120.04288510399999,258.694,2.6075565069275544,-0.8761600398402172
120.14371662799999,258.721,2.6075440280348063,-0.8721271705044338
120.27246638400004,258.798,2.6075058169320617,-0.8606157194397798
120.39786314399998,258.82,2.607494258178586,-0.8573265309626465
120.50800333699999,258.894,2.6074511837046956,-0.8463168971233573
120.62110314799997,258.919,2.6074348121476185,-0.8425977640924978
120.73958750600002,258.987,2.6073846461751478,-0.8325261579266583
120.86944420600003,259.018,2.6073579856988105,-0.8279434062984556
120.97418559900007,259.083,2.6072953540663044,-0.8182480421139953
121.14519958599999,259.117,2.6072618771775993,-0.8131507412099607
121.24554870200006,259.171,2.6072133655105203,-0.8051719474373589
121.38747116800005,259.216,2.60718165124525,-0.7985496394939069
121.49845289699999,259.273,2.607149192110208,-0.7901669394549847
121.66581010100003,259.315,2.607121710305466,-0.7839461451956382
121.77703706400007,259.378,2.60707444743034,-0.7745507448749749
121.95315168500008,259.414,2.607046146967035,-0.7691694963120418
122.06682996200004,259.483,2.6069893246617397,-0.7588750201814448
122.20093411800008,259.513,2.606962951630589,-0.7544061567565082
122.30657941599998,259.58,2.606900661794191,-0.74438660085417
122.44111866100002,259.612,2.6068705262421807,-0.7395880971996945
122.54474233600001,259.679,2.6068073643759537,-0.7295393202412529
122.69687936700007,259.711,2.6067772211974085,-0.7247397805141008
122.80706807700005,259.784,2.606712952258243,-0.7138715657857518
122.91290216200002,259.81,2.6066922343022174,-0.7100030119066622
123.02129359499997,259.882,2.6066411727686534,-0.6993011019909285
123.15787806600008,259.909,2.6066247147639334,-0.6952908964814514
123.26488735600003,259.988,2.606583388224356,-0.6835070524793794
123.38938827000004,260.008,2.6065735436442323,-0.6805127395194175
123.50329265300002,260.082,2.6065431295511177,-0.6695360991949466
123.64629926300006,260.107,2.6065363245214312,-0.665837654724688
123.76529128900006,260.177,2.6065203820347365,-0.6554614678315949
123.88969763700004,260.206,2.6065117830912716,-0.6511495572728384
123.99346246800008,260.269,2.606490583111319,-0.6417143577757672
124.14909337799998,260.305,2.6064784925548232,-0.63631570387038
124.24929370300003,260.385,2.6064620486716046,-0.6245437924706295
124.35731799200005,260.404,2.6064630959946586,-0.6217709194036678
124.46092873500004,260.481,2.6064833853926084,-0.6106137766310689
124.59798687500006,260.503,2.6064884335962644,-0.6073888399193472
124.70591662700008,260.567,2.6064956911169603,-0.5979054201643649
124.86060051499999,260.602,2.6064960165949578,-0.5927171660700224
124.96524412200006,260.675,2.6064899577950515,-0.5818386680125466
125.14903851899999,260.735,2.606485173011417,-0.5728570362360965
125.26349672499998,260.807,2.606474147339464,-0.5622364283897059
125.36745016200007,260.834,2.6064660296963313,-0.558255079759701
125.51412210900003,260.901,2.6064351183706025,-0.5484316017457446
125.63716543700002,260.947,2.606402771159663,-0.541703233888711
125.74229166700002,261.001,2.606355784189386,-0.5337063294945631
125.85440755399998,261.049,2.6063239687728044,-0.5266953086446886
125.97351712,261.101,2.606298876864545,-0.5189604566532191
126.08745390700005,261.144,2.6062785549132825,-0.5125130331967183
126.197560189,261.201,2.6062557574316725,-0.5040749893064046
126.30350659999999,261.241,2.606246560603733,-0.49817834985531295
126.44116730799999,261.301,2.6062383717470454,-0.48920647136548767
126.552562803,261.328,2.6062349443392585,-0.485160229415384
126.65560693400005,261.39,2.6062232624208983,-0.4759985160991707
126.810340075,261.427,2.6062111772050915,-0.4705368540139716
126.92755111600002,261.501,2.606177349266529,-0.4595125870232916
127.03655115900006,261.538,2.606159463577735,-0.45396418994954024
127.14664469000002,261.611,2.6061239963221947,-0.44301655607239904
127.25228065099998,261.639,2.60611034227953,-0.43881739125146124
127.36488677099999,261.701,2.606081807223442,-0.42955611638009744
127.47287170599998,261.724,2.606072129949989,-0.4261213972572413
127.57707182000001,261.793,2.6060432026883147,-0.4158465389734912
127.68970098400007,261.823,2.6060287888048497,-0.4113805307880176
127.79320864199997,261.898,2.6059910178907613,-0.4001607414484805
127.90140250500008,261.922,2.6059794503695066,-0.3965687511314162
128.00315593200003,261.967,2.605958085003722,-0.3898578163714256
128.17801539599998,262.021,2.605929132347183,-0.38182517628322327
128.28935451100006,262.079,2.6058952589835043,-0.37316722143768843
128.43514345900007,262.12,2.6058730291101178,-0.36704510551869873
128.53688353300004,262.174,2.605845258206141,-0.3589565518852777
128.68963904100008,262.219,2.6058220400989,-0.35220865071239055
128.80515626400006,262.296,2.6057812153634634,-0.3406850879834201
128.92995868399998,262.318,2.6057690562487856,-0.33739359957731807
129.04595311700007,262.384,2.6057340605011685,-0.32756127976684113
129.18836685899998,262.417,2.6057195165458173,-0.3226566050169575
129.303111489,262.495,2.605692994230173,-0.311055307872367
129.45322562399997,262.516,2.605687660953188,-0.30793150630354604
129.56177782200007,262.577,2.60567581680978,-0.29884093472333184
129.72178589700002,262.615,2.605668429692708,-0.29315614075036933
129.831314164,262.692,2.605651482809195,-0.2816324818467977
129.96467872000005,262.714,2.6056462160826777,-0.278339529175646
130.077827199,262.785,2.6056291945273706,-0.2677236296522375
130.216612425,262.813,2.6056234954142283,-0.2635406568296624
130.32510630299998,262.883,2.6056141487344937,-0.25314587078259704
130.44834509500004,262.912,2.6056141871865095,-0.2488573451742417
130.56870337099997,262.989,2.605621960165554,-0.23738659756154815
130.70412923599997,263.011,2.605625642675999,-0.23410770740133388
130.812245587,263.077,2.605641191957537,-0.2242945716396726
130.97503174500002,263.11,2.605652367938412,-0.21939641631893703
131.08722042500006,263.176,2.6056772142814943,-0.20965052583702268
131.20233388300005,263.209,2.605686142590384,-0.2047720650524509
131.31453524000005,263.256,2.6056944861953864,-0.1977873672142239
131.493591981,263.308,2.6057014669360985,-0.1900125813953759
131.60184924400005,263.38,2.6057090362481503,-0.17923450292905738
131.74676501600004,263.407,2.6057114293786188,-0.1751919375977619
131.85011388300006,263.463,2.605720596953602,-0.16692968044288076
131.98712888199998,263.506,2.6057368611780074,-0.16061943652073038
132.09661665300007,263.578,2.6057747611827136,-0.14996699474342798
132.25959044900003,263.605,2.6057878062149062,-0.14594618896021183
132.36646183800008,263.682,2.605820155331983,-0.13446717806468403
132.49992965700005,263.704,2.605828335698831,-0.13118390453222228
132.616762902,263.78,2.605852878971375,-0.11985575655426134
132.74225650200003,263.803,2.6058588456577683,-0.11643223033350114
132.846969209,263.864,2.605872389555149,-0.10731581192106424
133.00763556200002,263.902,2.605879733141985,-0.1016341228786809
133.11363437900002,263.969,2.605890510618868,-0.09162164660299535
133.28546085000005,264.035,2.6058979805716875,-0.08176168057457829
133.39255675100003,264.099,2.605901296782317,-0.07222908667703186
133.546417508,264.134,2.6059007604883733,-0.06701922997424933
133.65319391900005,264.2,2.6058945151164283,-0.05721279888384249
133.78291882999997,264.232,2.60588882592429,-0.05245841195315109
133.89105418400004,264.293,2.6058733110560555,-0.04339028454271628
134.035808846,264.331,2.6058606738203,-0.037740596150520056
134.14597481600003,264.399,2.6058336295474054,-0.027589535354386654
134.286287282,264.43,2.6058201652658184,-0.022958107678918975
134.391719717,264.487,2.6057972993810856,-0.014514906540884547
134.56005651600003,264.529,2.605788391847813,-0.008339943855122845
134.697961093,264.601,2.6057870289255924,0.0022843408160272884
134.80139968700007,264.631,2.6057863458853014,0.006753160382261325
134.910099737,264.694,2.6057852626278746,0.01615873272367512
135.04091010399998,264.727,2.605786402921964,0.021083039353359343
135.16929330800008,264.801,2.6057899738808885,0.03214412585494835
135.29361166600006,264.833,2.605790651953757,0.03692988246041912
135.42896992,264.901,2.6057915270997483,0.047120586680690496
135.54088638100006,264.932,2.6057921419033523,0.05176735629889364
135.645445559,265.0,2.6057925129416586,0.061930877244038916
135.789813193,265.024,2.6057918670302707,0.06551651469028337
135.89925891500002,265.085,2.605790376656654,0.07463279014193522
136.05871181100008,265.123,2.6057909584869323,0.08031026558499398
136.16512033100003,265.19,2.6057936291849657,0.0903160676174735
136.28746545,265.222,2.605793974540075,0.09509562200057085
136.39461284200002,265.282,2.605793620810784,0.10409161227035484
136.56059767,265.321,2.6057933523414154,0.10994109294609243
136.66598029300008,265.389,2.6057927347906866,0.12013645293186703
136.82586459900006,265.42,2.6057922761549634,0.12478314586223896
136.93547899500004,265.482,2.605793606325723,0.13401391353796507
137.06627313299998,265.519,2.6057979144881656,0.13951148602430988
137.17620200400006,265.594,2.6058127320276534,0.15071502007996285
137.309674609,265.618,2.6058176359573286,0.1543129817872594
137.41463814200006,265.685,2.6058311224836515,0.16435800826928
137.52757927300001,265.717,2.60583765311822,0.16915598529403192
137.638189819,265.776,2.6058502257259004,0.17799365345834414
137.790060186,265.816,2.605859394707959,0.18398424230343222
137.90875100200003,265.881,2.6058779972104236,0.19364772223421456
138.04324157400004,265.915,2.6058913980713463,0.19869306665015343
138.15777078400004,265.982,2.6059230436604053,0.20869211101786977
138.27951816000007,266.014,2.605939684546389,0.21347022979865224
138.38893206,266.074,2.6059678953043663,0.2222670884001222
138.50878202600006,266.113,2.605978226177424,0.2279669300528347
138.62083743800008,266.182,2.6059834220145204,0.23819292364787098
138.76574143200003,266.212,2.6059835577498127,0.2426632074496395
138.87458774100003,266.286,2.6059791073303575,0.25368209694888216
139.00621632399998,266.311,2.6059759284733657,0.2574034273504193
139.11544266200008,266.38,2.605963595906328,0.26771268129843123
139.230788696,266.41,2.605958050658229,0.2722096132423224
139.347892624,266.463,2.6059463783983228,0.28006997718701565
139.47844146800003,266.509,2.6059311265669933,0.2868809625450052
139.59593979700003,266.58,2.605899698247571,0.29744185109846855
139.72562998299998,266.608,2.605885344230588,0.3016089010394079
139.83573095100007,266.681,2.605848707899049,0.3123956719980284
139.945804027,266.707,2.6058416918924054,0.31618649399983184
140.052455216,266.766,2.6058352914040177,0.3249228257563237
140.21876734500006,266.806,2.605834707874415,0.3308702878381727
140.32422944300004,266.861,2.605837787482429,0.33907306370484647
140.48049264000008,266.905,2.6058400746056996,0.3456595011936409
140.58735702500007,266.975,2.605841764023642,0.35612452590029825
140.75604594499998,267.004,2.6058415441828537,0.3604588904127673
140.86172858300006,267.076,2.6058397051992146,0.37123068647684015
140.99878041199997,267.103,2.6058394598618553,0.3752719039584887
141.11142291600004,267.181,2.605846122540907,0.3868409896997842
141.24929269799998,267.202,2.605850475307143,0.3899536475087806
141.35550503800005,267.282,2.605879738526038,0.401758628512929
141.49387238600002,267.335,2.6059111428067787,0.4095776632563866
141.60394472200005,267.389,2.605950025488346,0.4176316315958114
141.74513948700007,267.434,2.6059821834164567,0.4243712123185164
141.84999444599998,267.5,2.6060300431151426,0.43424262507690653
141.963799742,267.532,2.606054244768427,0.43902792254868694
142.12096284900008,267.601,2.606107095174353,0.44933137266976875
142.23451087,267.645,2.606138888517962,0.45589872010172594
142.34624038000004,267.701,2.60617825382165,0.46426694797604345
142.462930143,267.74,2.606206869992233,0.4700923007300713
142.59029157600003,267.801,2.6062453017078426,0.47901595687696846
142.69880205800007,267.843,2.606262789958899,0.48516415840183647
142.82944324800008,267.901,2.6062811566636523,0.49382331886177055
142.956304887,267.937,2.6062938859915783,0.4991991112654362
143.098957465,268.001,2.6063223877590014,0.5086803374579056
143.20068085700007,268.027,2.6063372179734916,0.5125276707289769
143.306216866,268.096,2.6063850350508004,0.5227790076027155
143.44886934700003,268.126,2.6064078616082313,0.5272598629089119
143.560906661,268.183,2.6064505458634213,0.5357553605304006
143.70203614900004,268.225,2.6064797954391365,0.5420174938188167
143.81815211600008,268.279,2.606512741253522,0.5499625916283389
143.98571918200003,268.324,2.6065292511919673,0.556491380764257
144.09793198800003,268.385,2.606534198261489,0.5653778380593446
144.24504311500004,268.423,2.6065280501070394,0.5709188169842841
144.346020275,268.488,2.6065078295219117,0.580584255543264
144.49321069200005,268.522,2.6064992962249294,0.5856458049752447
144.59878138199997,268.588,2.6064803612004823,0.5952720027234614
144.75097401200003,268.621,2.6064632772553527,0.6000808394583086
144.85761019100005,268.681,2.6064630850305495,0.6066827235099174
144.99464627200007,268.72,2.606468757514735,0.6092287868946522
145.10121585500008,268.785,2.606518207071613,0.6122426958426105
145.24785874100007,268.819,2.6065710999316614,0.6131434396845373
145.35103562400002,268.873,2.60666731848771,0.6136217685460993
145.50560814800008,268.918,2.6067443874635643,0.6131166079953925
145.62218909199999,268.977,2.6068088723849066,0.6123989070409069
145.767607323,269.017,2.6068358235932085,0.6121679480087628
145.872975214,269.073,2.606883587426519,0.6118459424671616
145.98099271500007,269.114,2.6069259463194827,0.6116113966595144
146.08939354200004,269.14,2.6069560294908793,0.6114632753222115
146.19380546600007,269.196,2.6070292696425903,0.6111460908963422
146.343736336,269.215,2.607056726750919,0.6110391046744201
146.458453545,269.281,2.6071622900415043,0.6106702595453252
146.632593972,269.314,2.6072209600648515,0.6104876130139489
146.73911335900004,269.374,2.607337580184898,0.6101589053130609
146.92976928100006,269.413,2.6074201967445494,0.6099477770781089
147.03705304000005,269.478,2.6075696558253787,0.6096007489207548
147.20078176100003,269.512,2.607653617934881,0.6094218160399808
147.30437400900007,269.577,2.607825008269319,0.6090850773959322
147.48348878299998,269.611,2.6079202642940835,0.6089118920228065
147.59671164999997,269.67,2.6080945300093954,0.6086164901510333
147.781296516,269.71,2.6082190399429455,0.6084201012189119
147.89375552800004,269.767,2.608405164071948,0.6081459653701726
148.06432439600007,269.809,2.6085487169775616,0.6079484652751797
148.17751232,269.878,2.6087960506333143,0.607632702562786
148.32153523,269.908,2.608907940526918,0.6074989229833172
148.43578833700008,269.967,2.6091354718647586,0.6072422853502095
148.62227309600007,270.007,2.6092952343350513,0.6070733223088887
148.74275413700002,270.074,2.6095724440724655,0.6067997870178476
148.909423328,270.106,2.60970897069791,0.6066734478368953
149.01650519700001,270.168,2.6099808067482333,0.6064368423849542
149.19274606,270.205,2.6101474823211017,0.6063009095304505
149.30237644199997,270.267,2.610433923412759,0.606082210147433
149.46898055600002,270.304,2.6106089682060096,0.6059572376133255
149.58253987700004,270.373,2.6109431911457173,0.6057355355944689
149.74437898200006,270.403,2.611091531258585,0.6056438452181814
149.86082280100004,270.473,2.611444380646361,0.6054412354985697
150.02120832499998,270.502,2.6115931877425465,0.6053620209442265
150.13442879299998,270.569,2.6115696149811325,0.6056317744824886
150.317613961,270.635,2.6076538387694987,0.6076175547663746
150.436456744,270.696,2.6020423526915293,0.6098725378937271
150.584322842,270.734,2.5984157928011204,0.6112367996986076
150.69163157100002,270.796,2.5923457143719664,0.6133950907151022
150.81063965400006,270.825,2.5894662274223035,0.6143631700820384
150.925057552,270.866,2.585355924046782,0.615702734556636
151.03638888700004,270.901,2.5816771290580234,0.6168380390907511
151.156594338,270.946,2.5769283441995987,0.6182339945713845
151.26584068,270.998,2.5712601592328195,0.6198162664400089
151.36823491500002,271.029,2.567854394686298,0.6207178638478147
151.478466401,271.07,2.563313348434674,0.6218707726587401
151.60351417000004,271.118,2.557932506246904,0.6231639437024105
151.712606477,271.14,2.5554617635612,0.6237317309821586
151.85267696100004,271.201,2.5486611709541456,0.6252115145238173
151.955533639,271.228,2.545642950801112,0.6258283917806627
152.07144111900004,271.298,2.537634585548122,0.6273624557916311
152.22985036299997,271.327,2.5342338965485465,0.6279645205950004
152.33769926600007,271.396,2.5259937835760113,0.6293267827813751
152.49928071,271.426,2.5223711772340693,0.6298825833065252
152.60951423000006,271.493,2.514246592360024,0.6310396523211877
152.772994735,271.525,2.5103497632840854,0.6315516213899918
152.88531232900004,271.592,2.5021145836681526,0.6325453003478564
153.06705720399998,271.624,2.4981600188765687,0.6329811957641822
153.17991570200002,271.696,2.4890792890035125,0.6338912879623317
153.33603788000005,271.723,2.4856293743140467,0.6342048457024887
153.440578619,271.794,2.4764308572807163,0.6349662013386648
153.552498344,271.822,2.4727883521626812,0.6352387828351341
153.67409357400004,271.895,2.463181172917869,0.6358844869580073
153.80781545600007,271.921,2.459734225251126,0.6360918679397922
153.92166220000001,271.999,2.4493106557375857,0.6366462523479179
154.03652518,272.02,2.446489887892476,0.6367785525430223
154.14570312500007,272.084,2.4377503604760897,0.6371468068636458
154.269574896,272.119,2.432956673128193,0.6373236230093396
154.38513764800007,272.182,2.424180328869255,0.6376069097397641
154.55021628500003,272.218,2.419136500550895,0.6377491930244914
154.65752384500001,272.29,2.409092458323129,0.637988841979097
154.78848218500002,272.317,2.405342145288994,0.6380621956669144
154.89879722,272.376,2.3969775205783996,0.6381984045555621
155.03409440899998,272.416,2.3912793392181007,0.6382734633167915
155.14847189900001,272.482,2.381803909781359,0.638370169913479
155.27850402299998,272.515,2.3770579914353003,0.6384068873324872
155.39199038599997,272.598,2.365298231646874,0.638458286103848
155.514866763,272.62,2.3621960417690286,0.6384603232750358
155.629250093,272.688,2.3524053073271762,0.6384420301608933
155.751281308,272.713,2.3488037533564112,0.6384273121704489
155.855609597,272.787,2.3382175991523413,0.6383574823247197
155.99831186400002,272.812,2.334658629608596,0.6383235186526245
156.10839877,272.891,2.3233251970461883,0.6381830654854642
156.22273582600008,272.926,2.31830339010734,0.638105922452108
156.34049447000007,273.003,2.3071433679962876,0.6379048830927402
156.45300513799998,273.02,2.304668495695216,0.6378560824089298
156.556669865,273.097,2.2934927742334987,0.6376157400933982
156.66284287400003,273.109,2.2917512460641793,0.6375752823609371
156.76751894799997,273.179,2.2814310869959074,0.6373205444011086
156.926111666,273.208,2.2770957381238817,0.6372117668991182
157.030982645,273.281,2.2662166263027155,0.6369357251882294
157.17348989699997,273.307,2.262346522091498,0.6368358864782441
157.282073803,273.375,2.2522563722166877,0.6365704589461131
157.41283240400003,273.406,2.2476609922866992,0.6364464942648818
157.53162570200004,273.474,2.237569211828569,0.6361677393304538
157.658343941,273.505,2.232966073163829,0.6360379045656777
157.76254383700007,273.579,2.2221175164604383,0.6357239607778056
157.90116029299998,273.604,2.2184979068563417,0.6356125668147491
158.00800121600003,273.678,2.2077687946852396,0.6352607852561646
158.13203110000006,273.703,2.204139542169821,0.6351348625014288
158.23507034099998,273.771,2.1943371005793715,0.6347753910961886
158.392493199,273.802,2.1898752581712415,0.6346011864226856
158.49976628900004,273.87,2.1798043539591268,0.63418886469392
158.679660851,273.935,2.170114184150426,0.6337898765025343
158.786027634,273.999,2.160681963436865,0.633395494258911
158.924965305,274.034,2.155545249432438,0.633174306701225
159.05880673900003,274.101,2.1456884974328667,0.6327379822373773
159.164125055,274.141,2.139789150493602,0.632469148084256
159.28112132299998,274.201,2.1309576489677684,0.632070408138111
159.39807051000003,274.231,2.126575273135139,0.6318793408828322
159.50078661400005,274.286,2.1184253390379633,0.6315307815869159
159.64843063,274.33,2.11185862486528,0.6312484687909983
159.76163119800003,274.388,2.1032868986227644,0.6308753637517355
159.90799495300007,274.429,2.0972299912654853,0.6306064326696691
160.018272121,274.499,2.086907029517547,0.630137894539004
160.13499113700004,274.528,2.0826357613424378,0.629939771516485
160.24104159800004,274.6,2.0719932299880774,0.6294424488162539
160.39655165099998,274.627,2.068021195616972,0.6292616113127545
160.50319513300008,274.685,2.0594673770594287,0.6288757619059412
160.65081757000007,274.726,2.0533902203328958,0.6285977039123072
160.75750542700007,274.787,2.0443172752711165,0.6281770883566916
160.92869540499998,274.825,2.0386502803614257,0.6279125848499066
161.03683375900005,274.886,2.0295318301482084,0.6274855780090297
161.17136462999997,274.924,2.0238476516012667,0.6272199951960779
161.284648576,274.99,2.0140605046754234,0.6267671959436671
161.432566833,275.023,2.0091780124519114,0.6265455154279289
161.535045685,275.093,1.998760176142374,0.6260797043066302
161.653671282,275.122,1.994435804597865,0.6258879160408661
161.75968197200007,275.187,1.9847672007710881,0.6254628848841598
161.91176133,275.221,1.9797195527410831,0.6252440865174929
162.02147142299998,275.287,1.969938735241461,0.6248242711719109
162.19048504500006,275.32,1.9650427258599699,0.6246118416927284
162.30047203700008,275.384,1.9555147700984465,0.624196857846883
162.42427239300002,275.419,1.9503070278669408,0.6239726334689977
162.53802699900007,275.478,1.9415235953630783,0.6235984297401794
162.678751144,275.518,1.9355682003664418,0.6233474292972094
162.78630265000004,275.587,1.925247799617304,0.6229158409909448
162.92648608600007,275.617,1.9207542669834998,0.6227281695684407
163.038225065,275.684,1.9107962038746784,0.6223107874837356
163.16783510800008,275.716,1.9060559566727802,0.6221089261555528
163.28174362000004,275.789,1.8952129308452204,0.6216401216242793
163.41019883399997,275.815,1.8913465203322173,0.6214711354071938
163.51669938200007,275.888,1.8805429969536633,0.620997037413514
163.62657519200002,275.914,1.8767563081633836,0.6208359486532475
163.73071127800006,275.979,1.867180493879758,0.6204427421710748
163.889409838,276.013,1.8621308388850348,0.6202391560772473
164.00209522900002,276.09,1.8506089136222803,0.6197787667398278
164.13002333200006,276.112,1.8473119228462798,0.6196470888089216
164.24084271499999,276.186,1.8362995414827408,0.6192105202470504
164.36560676600004,276.211,1.832587455189347,0.6190656881524697
164.47333648000006,276.279,1.82261341948381,0.618685651429871
164.62315236100005,276.31,1.818144374055612,0.6185254934801351
164.73473624400003,276.379,1.808043275751898,0.6181854723951345
164.85236133900003,276.409,1.8036157176440277,0.6180416300499401
164.95847770800003,276.479,1.7932574569937199,0.617713736552369
165.10560195800008,276.508,1.788940560338698,0.6175763267394876
165.20946005100006,276.582,1.777947549413043,0.6172239641314861
165.34207286499998,276.607,1.7742553493373117,0.6171082959747769
165.44614819499998,276.68,1.763485197377259,0.616782526619133
165.57304684200005,276.706,1.7596493001098754,0.6166707757687192
165.678462813,276.778,1.7490245940504876,0.6163728999530416
165.82704980000005,276.805,1.7450399361699152,0.6162655623159244
165.93135785599998,276.873,1.734895984622078,0.6159986773213836
166.06772643500005,276.904,1.7302504945404147,0.6158765150660777
166.18251873999998,276.965,1.7211554834521154,0.6156388103617101
166.327357924,277.003,1.7155008014837807,0.6154938949757511
166.45249809300003,277.071,1.7054040630653333,0.6152368270981533
166.58899674500003,277.102,1.7007979840369412,0.615117207050975
166.694103993,277.168,1.6909666949211006,0.6148611540751557
166.80362508899998,277.226,1.6823333522744208,0.6146417500631245
166.91522581599997,277.26,1.6772841468271793,0.6145159168429366
167.02847219600005,277.33,1.6669823351413167,0.6142716023029725
167.12864179100006,277.34,1.6655106118955647,0.6142382378081701
167.26902211800007,277.401,1.6564373039766127,0.6140379182102775
167.37659066499998,277.432,1.6518035555952322,0.6139368245609038
167.53425469299998,277.501,1.641648775696001,0.6137145110268967
167.643480984,277.531,1.6372665848333874,0.6136123898359552
167.770178075,277.601,1.626849228760705,0.6133595469134434
167.89411947600001,277.644,1.620429839907393,0.6132060151893834
168.02261932800002,277.701,1.6119827537963067,0.613003433366453
168.133449121,277.741,1.6060559348102843,0.6128571300641108
168.24728563600002,277.801,1.5971548397377417,0.6126352033360044
168.36086851800007,277.828,1.5931643954146906,0.6125389338207716
168.49814393600002,277.901,1.5824869597637246,0.6122971030963058
168.61001035900006,277.942,1.5765079573118934,0.6121744684022091
168.71636084,278.002,1.5675734935343084,0.6119975698982811
168.82674235800005,278.041,1.5617477261891242,0.6118809537326685
168.928788434,278.101,1.5528385734895132,0.6116991374754274
169.04273345500008,278.139,1.5472052889493364,0.6115803975006672
169.14862171800007,278.194,1.5390569460705794,0.6114078751280391
169.27862503699998,278.224,1.5346369884171278,0.6113186825114091
169.386231899,278.272,1.5275389953866665,0.6111816883039071
169.55692198999998,278.323,1.5199832439935534,0.6110423820683506
169.66697233700006,278.4,1.5086165877361595,0.610846511865187
169.777793577,278.422,1.5053780326519246,0.6107946740151639
169.88123752,278.482,1.4964845370041082,0.6106591532766726
170.00990998600003,278.521,1.4906572841657737,0.6105700293613994
170.11586341999998,278.586,1.4809617982868897,0.6104207733973469
170.25074389899999,278.62,1.4759036650374038,0.6103451430079975
170.36467997700004,278.689,1.4656826902919926,0.6101993837361096
170.50809681400006,278.719,1.4612595404394422,0.610141054334093
170.61863778100007,278.777,1.452676095832057,0.6100362978365366
170.74188496800002,278.818,1.4465362168776665,0.6099630234043492
170.84803402299997,278.876,1.4378594260361395,0.6098583683229405
171.0095983,278.917,1.4317263092316728,0.6097834196283078
171.120998976,278.989,1.4210242958889074,0.6096534713368961
171.25609282300002,279.016,1.4170423505056893,0.6096088623881176
171.35836649099997,279.077,1.4079832147579472,0.6095154084804018
171.50007530000005,279.115,1.402287621893471,0.6094580539533595
171.61390783299998,279.181,1.3925285697942755,0.6093575055649614
171.765030487,279.214,1.3876830217917608,0.609302032602142
171.86694504700006,279.28,1.3778947042758458,0.6091790068269802
171.98247958800005,279.313,1.3729522257037652,0.6091161162733134
172.10079987799998,279.379,1.363193417699882,0.6089970704333696
172.23250701899997,279.412,1.3583484958710939,0.6089446434192165
172.342351505,279.478,1.3485591194823447,0.6088497452188147
172.48871367100003,279.511,1.34364089491479,0.6088045270761089
172.601779299,279.576,1.3341328464971989,0.6087279341071801
172.721504567,279.61,1.3291925584800894,0.6086986043140148
172.830414581,279.682,1.3185964016965082,0.6086567024442826
172.97554523000008,279.709,1.3145592502681114,0.6086431274197573
173.081792855,279.777,1.3044419965351117,0.6086128876612834
173.22735334200001,279.808,1.2998416298684816,0.6086023768291607
173.335596195,279.879,1.2893403498398728,0.6085877854420789
173.459786625,279.907,1.2852028831465263,0.608586282541716
173.56278969699997,279.97,1.2758484837202708,0.6085908125144776
173.70720862200005,280.006,1.2704706918855013,0.6085956789763199
173.81462861900002,280.075,1.2601519792040192,0.6086077858536968
173.94505546900007,280.105,1.2556629080230444,0.6086138541252726
174.05436559100008,280.169,1.2462406882325279,0.6086223032263194
174.22085591300004,280.204,1.241094725544739,0.6086210083374244
174.325205322,280.279,1.2301630377982695,0.6086009713163777
174.48066749200007,280.303,1.226674702123914,0.6085882507804995
174.58460691300002,280.364,1.2177187498057063,0.6085436122963915
174.74589246900007,280.402,1.2121221893707752,0.6085095246827071
174.85322435400008,280.458,1.2037554805138222,0.6084531429882837
174.95742248500005,280.523,1.1940276102756333,0.6083859901734625
175.06872970400002,280.535,1.1922316970666182,0.6083734060238827
175.18159227399997,280.608,1.1813171582558746,0.6082953333966431
175.30375518300002,280.634,1.1774312172685766,0.608266725697254
175.41348926700005,280.698,1.1679126666870685,0.608196603635156
175.57011428099997,280.732,1.1629021870016214,0.6081643089535287
175.70440486200005,280.801,1.1526527581072297,0.6081088117155612
175.81339606000006,280.843,1.1463843482509037,0.6080774558712092
175.96417653100002,280.901,1.1378355491972565,0.6080425058095091
176.07403057800002,280.947,1.1310554516807947,0.608023388575139
176.206540012,281.001,1.1230932663920357,0.6080105818522444
176.31578175800007,281.029,1.1189638307861545,0.6080079459262203
176.42411947200003,281.1,1.1084070969072464,0.6080111067302666
176.538580508,281.128,1.1042080242397976,0.6080131336397117
176.64600930100005,281.19,1.0949643980143622,0.6080196116395234
176.802440735,281.227,1.0894553907490085,0.6080262517070927
176.91958754000007,281.301,1.0784917177809856,0.6080469493110952
177.02853660200003,281.342,1.0724668004775681,0.6080667640794754
177.16004328200006,281.401,1.0638980139205305,0.608101771611378
177.26079287599998,281.425,1.0603860344344378,0.6081131862975127
177.38746901500008,281.501,1.0491737072200331,0.6081348892511358
177.50722490300006,281.524,1.0457513984931466,0.6081391109743386
177.61209109700008,281.584,1.0368168138628608,0.6081466789094551
177.73917330400002,281.623,1.0310049039708136,0.6081492728849658
177.84417574500003,281.698,1.0198030132799953,0.6081501749219823
178.01117808000004,281.722,1.0162163850026138,0.6081496529201028
178.116404601,281.785,1.0068236895554092,0.6081482589857463
178.27411155800007,281.821,1.0014698430094957,0.6081502110411809
178.38375623700006,281.884,0.9921109892645408,0.6081560272804982
178.512380765,281.92,0.9867562653847555,0.608157048983719
178.61471583000002,281.973,0.9789018532375202,0.6081544336523902
178.7786926,282.019,0.9720970631661376,0.6081467111099405
178.887928559,282.075,0.9637525695448261,0.6081322129848683
179.03302386200005,282.118,0.9573314046857169,0.6081224507958481
179.13764078100007,282.185,0.9474670953341076,0.6081058224758893
179.29045850400007,282.217,0.9427704794698659,0.6080923837356722
179.40108982800007,282.282,0.9331008623342186,0.6080605028986599
179.52741699199998,282.316,0.928050448028391,0.6080470031239087
179.64103049100004,282.397,0.9162163124741777,0.6080152610079373
179.75741101799997,282.415,0.9135926406953773,0.608004482998741
179.86599936300001,282.483,0.9036070886339301,0.6079503198452154
179.98658718399997,282.514,0.8990290335372216,0.6079208034959035
180.092862148,282.59,0.8876749866277642,0.607841698646798
180.22580902800007,282.613,0.8842309336830678,0.6078180038443443
180.32875574500008,282.674,0.8750984789887291,0.6077561486466411
180.47600346500008,282.712,0.8694097338614483,0.607718387223445
180.58392522200006,282.786,0.8584953250824598,0.6076424894840777
180.720729119,282.811,0.8548264741347513,0.607612600295167
180.83674705700003,282.886,0.8436798241124333,0.607510893586665
180.95652773300003,282.91,0.8400913361811447,0.6074771472387615
181.060019677,282.953,0.8336666245408368,0.6074162803610161
181.23261035300004,283.009,0.825314149493054,0.6073398443341517
181.34646006499997,283.065,0.8170093914617166,0.6072689304812495
181.51595727699998,283.108,0.8106463750338267,0.6072204243456669
181.61656732300003,283.168,0.8017360428806033,0.6071602843151717
181.78250911300006,283.207,0.7959330524049121,0.6071245021548652
181.889636624,283.279,0.7852259488670245,0.607061667271067
182.04740892100006,283.306,0.781206547146311,0.6070365959225666
182.15644495800007,283.363,0.7727875250021663,0.6069867832398238
182.32499112800008,283.405,0.7666245982356386,0.606959265925093
182.43474886399997,283.46,0.7584789956643821,0.6069328088912468
182.598662697,283.504,0.7519347079108283,0.6069156603946934
182.70922710499997,283.571,0.7419405643633435,0.6068952672946547
182.87656408600003,283.603,0.7371559415013157,0.6068867934144956
182.98402118399997,283.664,0.7280309763993243,0.6068715370594785
183.169468628,283.702,0.7223443822623528,0.6068613475965712
183.30102391900004,283.766,0.7127594251331555,0.6068435538830985
183.40344222099998,283.829,0.7033220732356961,0.6068270533986413
183.514125143,283.859,0.6988416849455286,0.6068195817415148
183.61893538599998,283.928,0.688614341555391,0.6067969497317635
183.73046584600002,283.95,0.685353454704253,0.6067876201293809
183.861534882,284.001,0.6778272518575629,0.6067614491296306
183.974635391,284.032,0.6732589858054516,0.6067416543570696
184.09812816500005,284.101,0.6629840909578996,0.6066901372355559
184.204017185,284.147,0.6561123079600084,0.6066571690371757
184.33256706100008,284.217,0.645862119588797,0.6066012317601628
184.44770479700003,284.264,0.6389013382006675,0.6065523192757976
184.55459994600005,284.309,0.6321570752701322,0.606503724915236
184.66138910200004,284.342,0.6272124053103804,0.6064683495593022
184.76978811599997,284.401,0.6185724369891872,0.6064154921138531
184.87517926300006,284.428,0.6146255766194184,0.6063973930341553
185.019105105,284.501,0.603803836631982,0.6063609597494025
185.12510447,284.537,0.59844057561935,0.6063459683379722
185.266795032,284.601,0.5889081003271418,0.6063239544604472
185.37588943700007,284.626,0.5851846949843778,0.6063170037434474
185.480710928,284.695,0.5748978517761599,0.606300076226582
185.631050137,284.725,0.5704195749663261,0.6062916841972317
185.74006112899997,284.784,0.5615819756211264,0.6062738786477441
185.877432741,284.824,0.5555851591910319,0.606261962375889
185.98457888500002,284.883,0.5467407125340775,0.6062447389249829
186.12883532400008,284.923,0.5407446934973136,0.6062333359133668
186.24735300700002,285.001,0.5291392828253956,0.6062154059286147
186.369360507,285.035,0.5241017576667742,0.6062118144153246
186.49218493700005,285.101,0.5142915395947409,0.6062045801876534
186.608332562,285.134,0.509386011888024,0.6061985993167694
186.722701131,285.198,0.4999126122766864,0.6061804385168799
186.846584463,285.22,0.496656136049436,0.6061719758384987
186.96404284000005,285.301,0.48456904443820936,0.6061401659974713
187.07481899200002,285.333,0.4797956167987153,0.6061296626481316
187.19369837500005,285.404,0.469259803286572,0.6061126426713538
187.31753646900006,285.428,0.4657108502194512,0.6061098945783749
187.41794886900004,285.497,0.4555454462748633,0.6060996494142042
187.52989607799998,285.528,0.4509664265363339,0.6060909151927892
187.65647202399998,285.597,0.4406728077816923,0.6060662162452841
187.76266586400004,285.616,0.4378324622190292,0.6060598372736516
187.86758474700002,285.694,0.4261680919921422,0.606036193954576
187.973298719,285.715,0.42302701051446706,0.6060304586351325
188.08996093999997,285.775,0.4141190396474723,0.6060177082803594
188.22693168299998,285.814,0.40834707470226367,0.6060146090788472
188.33715619999998,285.887,0.3974560438895663,0.6060169113579292
188.47646915500002,285.913,0.3935632627003856,0.6060184228738973
188.58266562699998,285.987,0.38264527046016084,0.6060294139069151
188.69239910700003,286.012,0.37899986393909096,0.6060393450517885
188.79717773000004,286.071,0.37029909862049565,0.6060740442048648
188.930827906,286.111,0.36437958234600976,0.606103318402411
189.036798665,286.176,0.35469157440086463,0.6061583263703036
189.21095379100007,286.21,0.3496118131247544,0.6061886812877055
189.32322745700003,286.276,0.33978114259507525,0.606250889701072
189.44750091499998,286.309,0.33488033140455076,0.6062849720075961
189.55182194600002,286.363,0.32684126574436595,0.6063452864237052
189.710312347,286.408,0.3201312817955656,0.6063985297341465
189.81838473699997,286.485,0.3086971374925044,0.6064915469250485
189.96495108300007,286.507,0.3054340600238726,0.6065163960852894
190.08119862500007,286.576,0.29516456604968877,0.6065907240696419
190.23854556499998,286.606,0.29069659418328464,0.6066244218548899
190.35125258699998,286.673,0.2808251650518025,0.6066980830954869
190.48542470100006,286.705,0.27611537963920896,0.6067285514463865
190.59637756899997,286.771,0.26632376651871265,0.6067837172923415
190.73514129700004,286.804,0.2614234112378844,0.6068083673514773
190.860088291,286.872,0.25135251225910105,0.6068520140758437
191.00204743799998,286.903,0.24676400676541532,0.6068683095304604
191.10325397500003,286.961,0.23814469780319864,0.6068942386774111
191.265961628,287.002,0.23205332665240017,0.6069148357990045
191.37242017000005,287.078,0.22074309374908968,0.6069613115744268
191.55704236500003,287.135,0.21225126012790038,0.6070017739218893
191.66369326100005,287.207,0.2015566586129947,0.607060342373785
191.804399021,287.234,0.19755329028358837,0.6070853432087459
191.90894315399999,287.3,0.18777949653472906,0.6071540122760803
192.01613512400002,287.332,0.18304613898221625,0.6071916672560524
192.13444585500008,287.397,0.173391344668157,0.6072743773422106
192.25685235100002,287.431,0.16831799370389647,0.6073169017195306
192.38947246200007,287.501,0.15790528832411452,0.6074031407561534
192.50971246000006,287.53,0.15361567655882966,0.6074417919884736
192.61711374900005,287.589,0.14499527316392158,0.6075250195867528
192.74449621899998,287.629,0.1391774553610796,0.6075771125697809
192.85588712700007,287.688,0.1306088632409699,0.6076379990509372
193.01428988099997,287.728,0.12480043737707736,0.6076682405475874
193.11878718100002,287.795,0.11491854247412707,0.607702305822963
193.26808480600005,287.827,0.11014449435360489,0.6077159267281502
193.37419616,287.89,0.1007517988501718,0.6077396761454266
193.53108271200006,287.926,0.09538658318145171,0.6077512128286532
193.639050063,287.995,0.08510951940993992,0.6077689143638961
193.77175695100004,288.025,0.08064174529632481,0.6077747088885443
193.880135181,288.098,0.06975626793016576,0.6077873956921177
194.01878444600004,288.124,0.06588079468056188,0.6077933777803181
194.13251559700007,288.188,0.056347644378476745,0.6078096815128212
194.24827616200002,288.223,0.05113079883087712,0.6078169670168758
194.35397916700003,288.29,0.041091715791728885,0.6078291390988227
194.49714665500005,288.322,0.03629640127190131,0.6078346730398431
194.60284286,288.396,0.025199080283094342,0.6078473719881896
194.73247877000006,288.421,0.02144990887717725,0.6078517195769285
194.84287939299998,288.478,0.013004061140408642,0.607858845958936
194.98078942899997,288.52,0.006794038877155264,0.6078589338790727
195.08916643200007,288.585,-0.0028694972979207956,0.6078518566148912
195.20240773,288.619,-0.007929596203449896,0.607845758151335
195.307583711,288.679,-0.01686369009397659,0.6078311506668941
195.448609648,288.718,-0.022672313382760344,0.6078191924737363
195.559306913,288.787,-0.03295413648035977,0.6077935121170313
195.71437126299998,288.817,-0.037424521898017496,0.6077805968847164
195.82499479400008,288.89,-0.04832085785635725,0.6077451608070026
195.93564366099997,288.916,-0.052206080643540674,0.6077315761690671
196.053128882,288.979,-0.061588871444325975,0.6077000133208921
196.217552426,289.015,-0.06694179520127747,0.6076851293458494
196.328264891,289.09,-0.07814187528239619,0.6076599406482937
196.472657389,289.114,-0.08173510534110737,0.6076524950673833
196.583920088,289.187,-0.09263113769403682,0.6076325890605042
196.69449122700007,289.213,-0.09650756932261195,0.6076270808351417
196.803109748,289.272,-0.10530911140275524,0.6076175563701536
196.94433075400002,289.312,-0.11127657577066977,0.6076133489466644
197.05876182300005,289.398,-0.12412694794734676,0.6076050374549986
197.176650913,289.411,-0.12607025117849235,0.6076033913735178
197.27879015100007,289.484,-0.1368999034600082,0.6075900100885103
197.39751883600002,289.51,-0.14074331132924348,0.6075821516142021
197.50322368399998,289.567,-0.14926241027497206,0.6075614319546365
197.66161569999997,289.609,-0.1555425045308002,0.6075449765300234
197.77183924000008,289.679,-0.1659747415013384,0.6075172942255709
197.91864264600008,289.708,-0.17027852790616352,0.6075084056649256
198.033811313,289.768,-0.17922932577375755,0.6074944321737895
198.193930087,289.807,-0.1850607175548463,0.607486767155746
198.29402958900005,289.864,-0.19357511745889847,0.6074757751371754
198.454249829,289.906,-0.19984954652659626,0.6074661997043356
198.561912785,289.977,-0.2103293553441301,0.607444818202374
198.71064596899998,290.005,-0.21442415685495161,0.6074311768557942
198.81865959599997,290.076,-0.22493306308351507,0.6073826840457628
198.96600523100005,290.104,-0.22912193284500387,0.6073625627638252
199.07002963900004,290.172,-0.23922821852704032,0.6073179001351481
199.21922565300008,290.203,-0.2438169496873254,0.6073015273696643
199.32462224699998,290.275,-0.2545539514811071,0.6072708051620116
199.476041119,290.302,-0.25859885709150354,0.6072599018976709
199.59000988499997,290.378,-0.2699906973306094,0.6072293498345827
199.77167077800004,290.435,-0.2785352092531718,0.6072060071282938
199.87418233000005,290.494,-0.2872972630611948,0.6071835949551574
200.00634521100005,290.534,-0.29315463561342836,0.6071765200908454
200.160543963,290.601,-0.30303774450792936,0.6071803987341629
200.26694268000006,290.632,-0.3076451869709108,0.6071858321307753
200.38720066100007,290.701,-0.31786232576516915,0.6072057491508573
200.520730298,290.731,-0.32229723330620436,0.6072187568055325
200.63118015300006,290.8,-0.33249826721613684,0.6072589036978561
200.737777187,290.83,-0.33693360926307686,0.6072807873035257
200.84233391400005,290.899,-0.3470635195754796,0.6073330883771675
200.97489569599998,290.929,-0.35148125846143896,0.6073517567412245
201.083720438,290.999,-0.3618055037307302,0.6073846086451581
201.21172675700006,291.028,-0.3660839259024059,0.6073940264323026
201.318519433,291.095,-0.3760658528864248,0.6074089948058323
201.46760423800004,291.127,-0.380854073214818,0.6074151563851301
201.59377047300006,291.201,-0.39188962351916906,0.6074265726093866
201.722702411,291.226,-0.3956113067764449,0.6074288524054695
201.83045668400007,291.291,-0.40518396477136853,0.6074281059557045
201.95569337899997,291.325,-0.41017252543533095,0.6074214602700861
202.07826918600006,291.401,-0.4214049617894859,0.6073934854746724
202.18735649400003,291.44,-0.4271553094754715,0.6073827981914196
202.30370280199998,291.501,-0.43620068533649897,0.6073749872878275
202.42274104500007,291.535,-0.4412542142857672,0.6073740197044752
202.53535254200006,291.611,-0.4525760753396916,0.6073782551417665
202.64640595700007,291.634,-0.4560024270970127,0.6073811694501443
202.74867106300007,291.708,-0.4670249354492203,0.6073929926235028
202.85441441400008,291.728,-0.4700066468871526,0.6073954332910632
202.97469015700005,291.801,-0.48095206628435533,0.6074037073049
203.08770996500004,291.832,-0.4856001762983662,0.6074073574579472
203.21301445200004,291.901,-0.4957713728517118,0.6074214672999481
203.33388527300008,291.934,-0.5005795836324611,0.6074371341530347
203.45018184800006,292.017,-0.5128758918861928,0.6074971969293481
203.56305217600004,292.035,-0.5155736442822002,0.6075108773640607
203.66511146900007,292.098,-0.5249484245460906,0.6075614715876377
203.77789043899998,292.117,-0.5277736062475492,0.607578127256633
203.89018104399997,292.196,-0.5393669715651814,0.6076442494935549
204.04692645900002,292.216,-0.5422985378192425,0.6076575048775649
204.15750380300005,292.295,-0.5539873474327964,0.6076992718917403
204.26181274300006,292.315,-0.5569476435759222,0.6077075092841026
204.36917483600007,292.395,-0.5688666284835283,0.6077334779185695
204.48033699200005,292.425,-0.5733594742290299,0.6077430296877158
204.58234081299997,292.489,-0.5827028855374844,0.6077577662402056
204.71901407200005,292.513,-0.5861822803704477,0.6077576821469225
204.83374312,292.584,-0.5966091359285606,0.6077405408640654
204.97519592900005,292.612,-0.6007507617776366,0.6077297693197928
205.081409367,292.695,-0.6131532542276174,0.6076914236224709
205.19618255600005,292.711,-0.6155502465428858,0.6076841176657909
205.30281545100001,292.78,-0.6257969536475355,0.6076494655964306
205.449585758,292.81,-0.6302501205148738,0.6076316591875446
205.55875592799998,292.88,-0.6406550736746899,0.6075852093883299
205.68413117199998,292.909,-0.6449547200214389,0.6075679014374847
205.79493705100003,292.974,-0.6546172636923299,0.6075354280043472
205.94958434,293.008,-0.659674557900942,0.6075213962566808
206.058009707,293.068,-0.668565917855067,0.6075021646913121
206.223268211,293.107,-0.6743017228869707,0.6074964266354513
206.33319746000006,293.175,-0.6844051864566763,0.6074976469116535
206.47831389300006,293.206,-0.6890360447222602,0.6074998731844213
206.58827477199998,293.268,-0.6982830711232106,0.6075073525019066
206.75122981800007,293.305,-0.7037998828046843,0.6075140986710283
206.86500919600007,293.377,-0.7144399483447447,0.607529906640814
206.985241932,293.404,-0.7183993548275547,0.6075325188630633
207.09279514700006,293.467,-0.7277370864780617,0.6075322666517858
207.22406442700003,293.503,-0.7330614126868787,0.6075358623485319
207.33605772600004,293.568,-0.7426989205950215,0.6075478053339078
207.48841204400003,293.602,-0.7477599398974556,0.6075523162943397
207.59916203700004,293.674,-0.7584967948450414,0.6075618447907253
207.76941116800003,293.735,-0.7675882195781923,0.6075752165260593
207.87456527100005,293.8,-0.777291207617688,0.6075932445775721
207.98228115000006,293.834,-0.7823739506334064,0.607601934462453
208.13798658300004,293.901,-0.7923799971493438,0.6076166610131434
208.25136606400008,293.94,-0.7982006146446611,0.6076235091944444
208.36403405200008,294.001,-0.8071264338852225,0.607625538299483
208.48679192100008,294.053,-0.8147955219201812,0.6076148168679908
208.58870964599998,294.101,-0.8219770010701581,0.607602382503865
208.69373010100003,294.13,-0.826315812396055,0.6075954731549558
208.82239937300005,294.201,-0.836898011023382,0.6075823880227348
208.93916522400002,294.229,-0.8410696510578526,0.6075791820748916
209.04315962400005,294.297,-0.8510722527460085,0.6075698563561187
209.159796853,294.328,-0.8556273556388807,0.6075604923054285
209.27882387700004,294.401,-0.8664686309236673,0.6075271192214229
209.39147512800002,294.427,-0.8703540268788842,0.6075138475648466
209.49920449399997,294.491,-0.8799410454969072,0.6074808635620685
209.61282338500007,294.526,-0.885184277992303,0.6074632889506122
209.71648012900005,294.579,-0.8930624271862215,0.6074386805314553
209.86569474200007,294.625,-0.8998255751251457,0.6074254956833274
209.98760679300005,294.701,-0.9109805013595842,0.6074188702019987
210.09826551000003,294.727,-0.9148242331865916,0.6074153533309686
210.20323150299998,294.8,-0.9257109433767087,0.6074048481187153
210.322284469,294.823,-0.9291380646198206,0.6074030408359988
210.44283459200005,294.901,-0.9405630435314696,0.6073947129675479
210.549059393,294.922,-0.9436255538844941,0.6073881459378043
210.657097034,294.987,-0.9530871830172292,0.607353636048582
210.79129823000005,295.021,-0.9580358914547225,0.6073268537197716
210.92007824100006,295.101,-0.9699421338978867,0.6072478846054679
211.02577745200006,295.12,-0.9727780981317309,0.6072282053049732
211.13410477600007,295.184,-0.9823629540881305,0.6071608594814164
211.26215824400003,295.219,-0.987607774303487,0.6071243264326909
211.367829176,295.285,-0.9974713952717272,0.6070571484737443
211.51384606,295.318,-1.002396811301503,0.6070252069500991
211.62089484600006,295.378,-1.0112919219780205,0.6069719690009665
211.79017863299998,295.417,-1.017045242734499,0.606943701095481
211.89456132600003,295.481,-1.0265528884517714,0.6069058660504919
212.00779251100005,295.516,-1.031761709879034,0.6068880422070523
212.11427709600002,295.592,-1.0429447708612731,0.6068600140105329
212.24591684300003,295.615,-1.046276505268459,0.6068582390119942
212.350619714,295.684,-1.0564612669069393,0.6068659159438008
212.491866556,295.714,-1.0609452426479895,0.6068691742027037
212.60247150300006,295.783,-1.0710640644025426,0.6068684913620455
212.75076560800005,295.813,-1.0754477575801002,0.6068616412937341
212.86991573299997,295.881,-1.0854577384281496,0.6068317840317168
212.981334888,295.912,-1.090063729491225,0.6068143915497688
213.09087879599997,295.984,-1.1007710265280726,0.6067726071323492
213.25413684900002,296.011,-1.1047795719137898,0.606759488707732
213.35604386700004,296.07,-1.113560675014308,0.6067352027853676
213.491850139,296.11,-1.1195411200765224,0.6067184797675547
213.59268043600002,296.165,-1.1277838997267506,0.6066944517957455
213.74954710400004,296.209,-1.134380828937888,0.6066750279682553
213.86241511100002,296.288,-1.1461079748991816,0.6066438873892767
213.97487985099997,296.308,-1.1490455182330992,0.6066395460716568
214.0841775,296.382,-1.1599864134829694,0.6066355416290969
214.19576395299998,296.407,-1.163691146074496,0.6066373875274785
214.298934325,296.48,-1.1745995826649933,0.606647534173127
214.45132814200008,296.506,-1.1784883965140025,0.6066519396485296
214.57343094099997,296.588,-1.1906903071356587,0.6066669372464132
214.694325897,296.605,-1.1932030108285994,0.606668742083658
214.79825153800005,296.677,-1.2039459932451526,0.6066719962172439
214.93042278500002,296.704,-1.2079768609773849,0.6066720725807998
215.04473060300006,296.769,-1.2176015324689795,0.6066745979806439
215.184236328,296.803,-1.2226032897819987,0.6066820540133577
215.29090318099998,296.876,-1.2334750361618405,0.6067087661584741
215.435515389,296.902,-1.2373668783146257,0.6067191372649862
215.549924584,296.977,-1.2485999330274018,0.6067504405189621
215.71395804200006,297.035,-1.2572877962542814,0.6067757870618878
215.826945508,297.108,-1.2681827863440425,0.6068102502120029
215.958798053,297.134,-1.2720541612692082,0.6068243029218027
216.07768846199997,297.201,-1.2820260022642103,0.6068639641644241
216.18563121400007,297.247,-1.288880318159095,0.6068893903897234
216.30262486100003,297.301,-1.2968801146886897,0.6069146943691792
216.41048902400007,297.331,-1.3013188550579202,0.6069257250638307
216.524633151,297.399,-1.3114594991777357,0.6069446107065998
216.626041935,297.43,-1.3161055660951633,0.6069526014364842
216.73467079700004,297.5,-1.3265308255501462,0.6069678567268467
216.864752349,297.529,-1.3308432213840005,0.6069720121213625
216.96759736600006,297.594,-1.3405211287135088,0.6069798107275584
217.09599487900005,297.628,-1.3455772786469005,0.6069864932118272
217.24076994100005,297.701,-1.3564544548114104,0.6070020400778608
217.34196295200002,297.727,-1.360332650826512,0.6070063352672608
217.47043107600007,297.801,-1.3712039241532095,0.607008837032257
217.57248955199998,297.826,-1.3748687625116671,0.60700480248577
217.676372776,297.893,-1.3845541081833492,0.6069791438776648
217.81003688200008,297.925,-1.389144285761568,0.606955623104313
217.91503989900002,297.998,-1.3998318210761973,0.6068731224866332
218.054884033,298.024,-1.4036742406787306,0.606842345525576
218.16255691599997,298.097,-1.414495543107367,0.6067660516150812
218.28514430000007,298.123,-1.4183681220202766,0.6067411715786953
218.41812566200008,298.201,-1.429861482269419,0.6066658101086476
218.53477096200004,298.233,-1.4345707688477007,0.6066294909262778
218.648701522,298.301,-1.4446262855453507,0.6065474716172722
218.77252468900008,298.332,-1.4491761650831698,0.6065159916077351
218.89673108400007,298.401,-1.4592609680785604,0.6064483227023564
219.00082931100007,298.432,-1.4638231128790713,0.6064127071300197
219.11192088100006,298.501,-1.4740632932636728,0.6063326087526598
219.23412743799997,298.519,-1.4767253655091832,0.6063140046554003
219.34780311400004,298.594,-1.4878902926093442,0.6062409385945011
219.44921955200005,298.618,-1.4914766680253704,0.6062169260112794
219.56999321600006,298.693,-1.5026442932452182,0.6061418756843557
219.70957591500007,298.717,-1.5061987703651145,0.606120327895197
219.80969670399998,298.775,-1.5147941090748762,0.6060743699580494
219.95590277400004,298.816,-1.5208744929912141,0.6060467297525887
220.07134505,298.886,-1.5312029205666717,0.606010420321716
220.19336925699997,298.915,-1.5354655859201196,0.6060010814694299
220.30492203300003,298.979,-1.5449149997702463,0.6059910900702661
220.44752104500003,299.014,-1.550085939873774,0.6059910486570153
220.55702481600008,299.072,-1.5586998358402793,0.6059976866189247
220.727781092,299.113,-1.5647908486874347,0.606006443238773
220.83242520300007,299.178,-1.5745118947903873,0.6060248624231998
220.947461964,299.212,-1.5796096913787097,0.6060345374320846
221.06016535800006,299.272,-1.5885234373736303,0.6060485553792284
221.22025084900008,299.311,-1.5943145777085688,0.6060542128728419
221.32297111399998,299.384,-1.605182737830444,0.6060607074827012
221.46685279899998,299.41,-1.6090529933759938,0.6060645376003219
221.57058286400002,299.483,-1.6199052833398688,0.606077749200273
221.68912426500003,299.509,-1.6237731880554256,0.6060809675582577
221.80082218300004,299.582,-1.63448865332647,0.6060961304417996
221.94433976300002,299.608,-1.638256191953351,0.6061095588829184
222.06051127299997,299.697,-1.6513639861232174,0.6061815363827778
222.17847435800002,299.707,-1.6528442583062672,0.6061911020598745
222.28728017900005,299.781,-1.6638403014925036,0.6062688426355137
222.42552063000005,299.806,-1.667558128583542,0.6062973593032095
222.54051034400004,299.878,-1.6781235882667362,0.6063776286443437
222.67615095400004,299.905,-1.6820789091536765,0.6064030412309447
222.77789635300007,299.964,-1.690789084873123,0.6064499739080365
222.93521412899997,300.004,-1.6967163695556646,0.6064773235789809
223.04200503200002,300.069,-1.70630485398212,0.6065129144637508
223.19847247100006,300.103,-1.7113150428207833,0.6065263047182852
223.303330728,300.166,-1.72060458892595,0.6065418151384793
223.444813016,300.202,-1.7259129622361111,0.6065453178813112
223.55315381499997,300.269,-1.735893271622699,0.6065485420230472
223.727043891,300.335,-1.7457180688793204,0.6065583109335945
223.831745489,300.406,-1.7563405434023462,0.6065747226114656
223.95899270799998,300.434,-1.7605401901687396,0.6065813486034389
224.090378451,300.501,-1.7705315599919231,0.6065961162157051
224.21285955999997,300.547,-1.7773441255636309,0.6066014565654453
224.32435198999997,300.601,-1.7853460106692496,0.6066017728729188
224.428367773,300.631,-1.789791649570933,0.6065992366025263
224.532628584,300.69,-1.7985799921492918,0.6065894861195609
224.69513323,300.73,-1.804556086048808,0.6065811869262928
224.80225932200005,300.798,-1.8146362473057664,0.6065619673473606
224.95487761599998,300.829,-1.8192254403216748,0.6065496871633743
225.073187232,300.89,-1.8282886576203286,0.606519562965624
225.22051304700005,300.928,-1.8339482888550296,0.6064981640959505
225.35480675000008,301.001,-1.8448058132926213,0.6064515335462843
225.45500515800006,301.027,-1.8486706113428772,0.606432890463592
225.56483299299998,301.08,-1.8565223296416773,0.6063912586715923
225.72568302600007,301.126,-1.8633156992206925,0.6063493247455745
225.83185567600003,301.192,-1.873037392790351,0.6062784304079255
225.97349930899998,301.225,-1.8778950658212041,0.6062376452401296
226.08345267800007,301.294,-1.888051581435273,0.6061407640639088
226.20737598100004,301.324,-1.8924673812646506,0.6060937394834354
226.32144240700006,301.394,-1.902797526130911,0.6059727975686603
226.46141941899998,301.423,-1.9070841181619393,0.605918802722457
226.56737391800004,301.482,-1.9158313385219992,0.6058023814170308
226.694282682,301.522,-1.9217760439954719,0.6057198132054318
226.79905017800002,301.572,-1.9291880706595401,0.6056127083155577
226.98181464800007,301.621,-1.9364497091493322,0.6055026314893082
227.08932410700004,301.679,-1.9451038462721835,0.6053663021035529
227.22776278599997,301.72,-1.9512320516222794,0.605268472400187
227.33555125600003,301.789,-1.9615188468852574,0.6051011221524754
227.49037629500003,301.819,-1.9659875390868193,0.6050266452628106
227.598038998,301.881,-1.9752140575407802,0.6048730196443267
227.78486268000006,301.918,-1.9807108507640043,0.6047849488623767
227.90282681200006,301.982,-1.9902646610633377,0.6046354579254066
228.058758431,302.017,-1.9955009212063297,0.6045529116656617
228.165538835,302.077,-2.004455858085883,0.6044100256510015
228.320960948,302.116,-2.0102671602239983,0.6043151890717303
228.432992775,302.171,-2.0185038273946123,0.6041787355980803
228.581758617,302.215,-2.0251028959750945,0.6040693602667939
228.688115435,302.28,-2.034762869594147,0.6039067529405922
228.86042981900005,302.314,-2.0398049856218456,0.6038185482530002
228.96922235,302.371,-2.048282341021273,0.6036659963003583
229.106139138,302.413,-2.0545266070861365,0.6035559598927069
229.21566474400004,302.482,-2.064787173269923,0.6033820297626914
229.35461164800006,302.512,-2.0692486412078828,0.6033090207452475
229.466512245,302.577,-2.079162920474055,0.6031365781683655
229.60769608099997,302.611,-2.0849221923570975,0.603058992996027
229.71715278400006,302.668,-2.094662790787887,0.6030047470917016
229.85287888300002,302.71,-2.101362708399027,0.6030442170009939
229.97332279600005,302.772,-2.110847141915279,0.6032527657263848
230.12463080700002,302.809,-2.1165005534740406,0.6034678212428239
230.22947105100002,302.871,-2.1259667408230913,0.6039799985022665
230.40047265600003,302.908,-2.1316103522234493,0.604376179387114
230.50329815700002,302.97,-2.141055254512185,0.6051915584965026
230.66234205700005,303.007,-2.146683264311162,0.605768457501741
230.77090687999998,303.072,-2.156552097298692,0.6069450771685425
230.95515325100007,303.106,-2.161703795291185,0.6076432244042298
231.064756967,303.174,-2.1719825676333215,0.6092094828189188
231.21673588400006,303.205,-2.1766565045636725,0.6099985529297265
231.32953651499997,303.27,-2.1864296515421437,0.6118051751627581
231.504976284,303.304,-2.1915260212429883,0.6128320219136012
231.60675630000003,303.366,-2.2007890611720153,0.6148487248319768
231.77086320299998,303.403,-2.206297059959021,0.61614071867711
231.88473036300002,303.461,-2.2148989677982756,0.6182985697651769
232.058382027,303.502,-2.2209544365726286,0.6199212420249959
232.16625373500005,303.564,-2.2300692009211813,0.6225274001600045
232.28448769800002,303.628,-2.239421133593622,0.6254090276761488
232.398358809,303.635,-2.2404403279764464,0.6257359507480157
232.51300288000004,303.699,-2.249723531184657,0.6288318442750529
232.646633124,303.734,-2.2547725523380397,0.6306061010085754
232.77081664600007,303.797,-2.263808857119842,0.6339435427243307
232.87594375000003,303.826,-2.267945134021454,0.6355416441938305
232.97965743700001,303.86,-2.2727751886235676,0.6374646530914043
233.09543809800005,303.901,-2.278571060235257,0.6398541367732773
233.212066285,303.947,-2.2850353195770636,0.6426263591800402
233.332368824,303.998,-2.2921530397892327,0.6458120956672833
233.47113260900005,304.03,-2.2965918217842853,0.6478708473698549
233.58914365700002,304.092,-2.305130144656299,0.6519900720528076
233.69339097199997,304.117,-2.308549323387426,0.6536994120285947
233.79941834200008,304.155,-2.3137196798015465,0.6563504843545171
233.912456218,304.198,-2.3195304846631615,0.6594268584037994
234.056868634,304.228,-2.3235588963720883,0.661620948162182
234.16807062300006,304.288,-2.331550817640079,0.666126026430344
234.33948299200006,304.327,-2.336698002111275,0.669137255290121
234.454450844,304.387,-2.3445413924499157,0.6738962217845367
234.627112333,304.426,-2.3495893977727573,0.6770709105654893
234.74247673600007,304.485,-2.35714888242685,0.6819941856637122
234.91032828000004,304.525,-2.3622198313970935,0.6854137584682307
235.01535749900006,304.587,-2.3699911096191313,0.6908431410599578
235.11881266,304.623,-2.374452918227226,0.6940669316013715
235.23005203000002,304.636,-2.3760548468032425,0.6952438319296583
235.33316111400006,304.687,-2.3822910819763625,0.699925735441117
235.497697475,304.723,-2.3866461593313093,0.7032923156818273
235.60785319000001,304.789,-2.394527330922272,0.7095953279163133
235.79982904999997,304.822,-2.398416944104105,0.7128096464365316
235.914304528,304.889,-2.406207210783786,0.7194626094405493
236.089362715,304.921,-2.409876573574941,0.7226994316000429
236.19401245300003,304.972,-2.4156547182166865,0.7279362143455307
236.29502274200001,305.011,-2.420014488757503,0.7320048020662878
236.39890623600002,305.033,-2.422451066675353,0.7343240947705727
236.50974836700004,305.094,-2.4291198967362284,0.7408449899817212
236.66525368500004,305.119,-2.4318155790617757,0.7435553283915375
236.76686090400005,305.179,-2.438194991013261,0.7501484902455403
236.95319801200003,305.218,-2.442272411601698,0.7545000083621488
237.06524284500006,305.281,-2.448741944609576,0.7616371372096447
237.22561240699997,305.317,-2.4523730081344874,0.7657742851105395
237.342215582,305.392,-2.4597814438669587,0.7745277524147312
237.49200445999998,305.416,-2.462106985618642,0.7773665691285522
237.599192668,305.479,-2.4681058563018303,0.7849036120383096
237.75864832500008,305.515,-2.4714643378683157,0.7892649440013948
237.86948558400002,305.577,-2.477128403045322,0.7968668834849324
238.03000191500007,305.614,-2.480435445842863,0.8014571786601007
238.13263151500007,305.679,-2.4861110613743893,0.8096159652072539
238.29961798500005,305.713,-2.489011087546419,0.8139307399552546
238.40706804600006,305.776,-2.4942583594499323,0.822009081390065
238.57476775500004,305.812,-2.497182447514343,0.8266728055397441
238.67870475100005,305.87,-2.5017785211503627,0.8342573524941533
238.850100688,305.911,-2.5049411258683496,0.8396702770474169
238.95275721300004,305.959,-2.508551964622794,0.8460600443046459
239.130859191,306.01,-2.5122791469430936,0.8529097935583387
239.243668157,306.082,-2.517347350798375,0.8626827992384709
239.418218562,306.109,-2.5191889674842676,0.8663777453359106
239.52863254500005,306.169,-2.5231653171498305,0.8746454725685431
239.69387704300004,306.208,-2.5256634844105466,0.88006028781842
239.79811490100008,306.27,-2.5294935752176535,0.8887321682304735
239.96326499600002,306.307,-2.5316960421223396,0.8939433558505926
240.07916903600005,306.384,-2.535351708236261,0.9030792964870216
240.21984852900005,306.406,-2.5361619011958303,0.9052213228557888
240.33111747500004,306.474,-2.5385213606564867,0.9118458559697702
240.480080617,306.505,-2.5395264094457883,0.9148749138623633
240.58416846900002,306.571,-2.5415870330776347,0.9215479593080369
240.74203276800006,306.604,-2.5425655922793764,0.9249531514493561
240.85197370000003,306.671,-2.5444105292708206,0.9318931995972335
241.015709184,306.703,-2.5452254039397584,0.9352235466570663
241.11577217900003,306.767,-2.5467361649030305,0.9419547238571209
241.277272379,306.802,-2.5474955149921357,0.9456726136955834
241.38264590799997,306.861,-2.548657305678919,0.9519454660265715
241.50046496699997,306.928,-2.549797664383207,0.9590873036069258
241.618031545,306.951,-2.550145408435689,0.9615439047117252
241.72394238599998,307.012,-2.5509543825708216,0.9680405902811212
241.82911768100007,307.034,-2.5512072645331503,0.9703882226160402
241.93520291200002,307.095,-2.5517968021820496,0.9768751192319424
242.07718315500006,307.132,-2.552075157358549,0.9808064652993348
242.204114678,307.201,-2.552431204472441,0.9880784193871248
242.31002467000008,307.231,-2.5525196354892037,0.9912275152711487
242.42480139300005,307.293,-2.5525773604709667,0.998126774256738
242.541136079,307.33,-2.5525246533070227,1.0036500070677403
242.683673515,307.401,-2.5522311499832986,1.0145021492654018
242.78824584400002,307.441,-2.5519559282216266,1.0206121642540278
242.899970339,307.501,-2.551394746575588,1.0297692199399053
243.01018542100007,307.533,-2.551022722653942,1.0346480370637032
243.15154364199998,307.601,-2.550064411153504,1.045001199776158
243.26067938799997,307.637,-2.549464828605011,1.0504730442311718
243.417839436,307.701,-2.5482415389873543,1.060182112912453
243.53481733700005,307.744,-2.547306731365378,1.0666902375943836
243.656798547,307.801,-2.545928041934751,1.075296037048652
243.774052064,307.835,-2.5450301046884074,1.0804166921207006
243.895648446,307.901,-2.5431263464405576,1.0903271201434042
244.01765829800001,307.931,-2.5421910650545256,1.0948179316190811
244.11965225900008,307.993,-2.5401201270292733,1.1040689971833775
244.26104197000006,308.023,-2.5390514714627344,1.1085299514669973
244.37042642400002,308.088,-2.5365876750596255,1.1181584498324906
244.533173315,308.122,-2.5352183281676157,1.1231736551327098
244.63536780200002,308.185,-2.5325353903733228,1.1324254212309997
244.79537180199998,308.221,-2.5309177098704896,1.1376869495465702
244.90420813600008,308.279,-2.5281827431965773,1.1461231269066323
245.074947201,308.32,-2.526154037432322,1.1520549155155586
245.19185772100002,308.398,-2.522077893262646,1.1632631013418817
245.33373334300006,308.419,-2.520932207719823,1.1662627832385561
245.45049481,308.486,-2.517140986212786,1.1757799693534514
245.610285417,308.518,-2.515257588573449,1.1802959474892745
245.718898481,308.575,-2.511787238901761,1.1882907715496525
245.888127069,308.617,-2.5091360132872556,1.1941399826285446
245.99022200399997,308.677,-2.5052110822860123,1.202432235478892
246.15741603200001,308.716,-2.5025737746117063,1.207780657431191
246.26387867000005,308.776,-2.4983850292738907,1.2159428232440652
246.42228917500006,308.815,-2.495577618286714,1.2212039497149465
246.537165286,308.882,-2.490600267695463,1.2301580638611593
246.71636645800004,308.914,-2.4881547361087013,1.234396060756595
246.827395842,308.978,-2.483132570060839,1.2427948848095605
246.98891002900007,309.013,-2.4803127585392,1.247343429477464
247.09313984100004,309.066,-2.4759450716774407,1.2541696320048856
247.26123562099997,309.112,-2.472059746858352,1.2600327463829
247.37167596400002,309.179,-2.4662454361985757,1.2684674346019535
247.534994094,309.211,-2.463404184876961,1.2724509672418085
247.64453032200004,309.285,-2.4566767731244115,1.2815485755702305
247.80008263500008,309.31,-2.4543549702167544,1.284585326494986
247.90764176900007,309.369,-2.4487786084624723,1.2916767744002344
248.06928335300006,309.409,-2.4449214051637935,1.296423350379506
248.18374556100002,309.481,-2.4378247425244197,1.3048397334994073
248.34550737300003,309.508,-2.4351131871110354,1.3079528697522773
248.44991229100003,309.581,-2.4276467603711085,1.3162498832463705
248.58922482399998,309.607,-2.424940398590117,1.3191620325987958
248.70197060200007,309.681,-2.417104637211386,1.3273244702448492
248.84962050299998,309.706,-2.4144134969011457,1.3300393162150665
248.95277276800005,309.776,-2.4067623957236264,1.3375239351843111
249.087874349,309.805,-2.403543295389394,1.340573548096241
249.19515865900007,309.866,-2.3966794040973713,1.3468888089940794
249.37807817600003,309.904,-2.3923409765009316,1.3507538928048286
249.49317432200007,309.971,-2.3845769855480885,1.357437514815511
249.64148662399998,310.003,-2.3808180568187476,1.3605698842759455
249.75570300900006,310.084,-2.3711600163140703,1.3683230808758928
249.877172341,310.102,-2.3689863814491052,1.370011432013023
249.98163073,310.162,-2.3616705315143545,1.375547226373919
250.088498964,310.225,-2.3538746576658993,1.3812056550751455
250.216969856,310.235,-2.3526266655347357,1.3820891427494248
250.32670510499997,310.313,-2.3427953739059086,1.388840757603971
250.44071890099997,310.334,-2.3401196217633693,1.3906158782300073
250.550159173,310.395,-2.332279529494009,1.3956684492897562
250.70137652900007,310.432,-2.327475979805644,1.398657303825395
250.81930432600006,310.499,-2.3186878685487415,1.4039222306240913
250.96064007200005,310.531,-2.3144507256729288,1.4063692497341123
251.074185307,310.599,-2.3053639192193334,1.4114226048676826
251.23400704800008,310.63,-2.3011849389539396,1.413659671716878
251.36157622000007,310.697,-2.292077501264241,1.4183506127296124
251.52780239700007,310.729,-2.2876922563873228,1.4205210754590996
251.64738927899998,310.796,-2.2784391189494144,1.424917641553397
251.77695246999997,310.828,-2.2739865479580494,1.4269464076623632
251.87989312900004,310.887,-2.2657229812779134,1.430565529333777
251.98206471800006,310.918,-2.2613538073816555,1.4324036429347
252.08987447000004,310.951,-2.2566827250791444,1.434312036255349
252.19020184700003,310.991,-2.2509938710594772,1.4365581439899313
252.33249768999997,311.026,-2.2459926139084456,1.4384628923434721
252.44348039,311.1,-2.235349292409186,1.4423027426265422
252.59490475300004,311.125,-2.231733165048992,1.443542206215771
252.70453847600004,311.193,-2.2218478164009885,1.4467649858923102
252.85200386500003,311.224,-2.217318214265978,1.4481617835186256
252.95923494500005,311.289,-2.207776416993037,1.4509425178868165
253.12972785400007,311.323,-2.2027625796186183,1.4523168754607838
253.24627260400007,311.388,-2.19313654281941,1.4547902919428188
253.40526492000004,311.422,-2.188081223788995,1.4560032107220613
253.52593136400003,311.489,-2.178081659219927,1.458230096634162
253.681412701,311.521,-2.1732892386983917,1.4592169998426332
253.79203871699997,311.593,-2.162470623649701,1.4612555897568797
253.951173886,311.62,-2.1584018299916257,1.461954939121735
254.06387495700005,311.689,-2.1479774592668646,1.463580281257445
254.212610983,311.719,-2.1434343014056907,1.464214214018029
254.32076150400007,311.782,-2.133874832151199,1.4654016292560645
254.47247974000004,311.818,-2.128402039040211,1.465992502042876
254.57514084500008,311.881,-2.1188094176162284,1.466872851642811
254.70934719000002,311.917,-2.1133204955434035,1.4672879751444223
254.81370367199997,311.98,-2.103704582836485,1.4678603541146136
254.96210482200001,312.016,-2.0982051742261514,1.4680993015850055
255.06714023200004,312.086,-2.087505648857227,1.4683803053818691
255.19932110000002,312.115,-2.0830716131223084,1.468425647311892
255.30253374400002,312.183,-2.07267434855848,1.4683686464105254
255.42148004199998,312.214,-2.0679353690155104,1.4682666768175088
255.530100972,312.285,-2.057087108728053,1.4678539039635559
255.679457726,312.313,-2.0528120014487463,1.4676225534844574
255.78681422600005,312.386,-2.041677762762341,1.466837198575307
255.896471732,312.412,-2.037717056732096,1.4664939394152927
256.01407025000003,312.483,-2.0269175463239186,1.4653868298672705
256.15504529200007,312.511,-2.0226660519613726,1.4648819947506178
256.272819744,312.573,-2.013269445541953,1.4636270838271135
256.4350639190001,312.61,-2.007674459064524,1.462788376478541
256.547175551,312.687,-1.9960652739314726,1.4608283579264494
256.6970506370001,312.709,-1.9927576888960197,1.4602152367342993
256.80301257400004,312.78,-1.9821144308506904,1.4580760424643062
256.97281440300003,312.808,-1.977931075395642,1.4571652205885832
257.07942047000006,312.875,-1.9679557769882605,1.4548320601346556
257.24478089700006,312.907,-1.9632098598283592,1.45364146332876
257.35140969400004,312.976,-1.9530199976701514,1.4509072620685262
257.53674897400003,313.006,-1.9486091751189023,1.4496475872188
257.647829679,313.07,-1.9392415459927506,1.4468174021995943
257.82344801400006,313.105,-1.9341440302924247,1.4451876977980016
257.93709541,313.163,-1.9257384255852468,1.442360165415151
258.10697252,313.204,-1.9198292950443148,1.440266379653854
258.228837065,313.271,-1.9102343423895913,1.4366765219327498
258.395094501,313.303,-1.9056796844551638,1.434888691709424
258.49540736100005,313.364,-1.8970497776311939,1.4313503173873057
258.6622225450001,313.402,-1.8917097438659942,1.429060162021166
258.77906103400005,313.46,-1.8836145572493246,1.4254384118959684
258.887098575,313.52,-1.875313351834306,1.4215324511244738
259.02616482100007,313.535,-1.873250032495774,1.4205308138435484
259.14197610300005,313.595,-1.8650461440562034,1.4164243855349568
259.274873783,313.634,-1.8597570433548003,1.4136700394703812
259.379068693,313.685,-1.8528937862406585,1.4099678028900067
259.482672214,313.713,-1.8491520043956393,1.4078871489052054
259.599933612,313.746,-1.8447664909125288,1.4053915112476405
259.74296904000005,313.801,-1.8375173762295625,1.4011284184070327
259.85638239700006,313.847,-1.8315135804202682,1.3974642273756201
260.02208587100006,313.901,-1.8245362475339284,1.3930492386603373
260.12659603200007,313.93,-1.8208213332282144,1.3906280564839195
260.24684116700007,313.993,-1.812830365407252,1.385248675870824
260.346918716,314.027,-1.8085638595327342,1.3822781012552674
260.46188939600006,314.054,-1.805199212876209,1.3798857586297102
260.596689407,314.101,-1.799392595979253,1.3756514526754782
260.716690342,314.128,-1.796086246304646,1.3731791658628842
260.836393575,314.2,-1.787376305005417,1.3664460351894654
260.9891780820001,314.227,-1.7841509109783615,1.3638690246103002
261.10097760100007,314.286,-1.777182016074747,1.358140242244156
261.28002490000006,314.326,-1.7725201734747278,1.3541810473379567
261.396115744,314.393,-1.7659190896743915,1.348690654161396
261.56099342100003,314.425,-1.7634118180505742,1.3469453800196511
261.666407895,314.488,-1.759493836302379,1.3450810281153787
261.8324812110001,314.524,-1.7577865292769903,1.3448518624092185
261.944565816,314.59,-1.7557264325829776,1.3460290656633824
262.10895764400004,314.623,-1.7552229542485602,1.3469374895104977
262.2223497890001,314.685,-1.7552504943214062,1.3479860310002352
262.39376541800004,314.722,-1.7555497784680787,1.3482246302794605
262.496218743,314.776,-1.755800819571303,1.3484130569925448
262.60262954000007,314.814,-1.7559813552261059,1.3485403351322378
262.705257683,314.828,-1.7560486501930308,1.3485861013275424
262.8145697,314.888,-1.7563416579146822,1.348775263193275
262.998315627,314.92,-1.756500872481259,1.3488714535094177
263.107310827,314.974,-1.7567739549476273,1.3490262241789426
263.283855595,315.019,-1.7570055455303846,1.3491478399746881
263.399624832,315.084,-1.757346097732855,1.3493114743870778
263.566015697,315.118,-1.7575268952070358,1.3493913174182592
263.673173064,315.177,-1.757844649964249,1.3495203520738386
263.8410274710001,315.217,-1.7580627782813159,1.3496008847241514
263.95148067800005,315.284,-1.7574724525530008,1.3489789240063368
264.12373634000005,315.316,-1.7555381981558313,1.3482827152146146
264.23611350400006,315.383,-1.7490860004744386,1.3465484015249167
264.39269912500004,315.415,-1.7458655040445543,1.3457682786406815
264.50062147799997,315.482,-1.7387229758341045,1.344130246498961
264.640212462,315.514,-1.735206737454864,1.3434000976761573
264.7520304540001,315.568,-1.72919107226858,1.342229967015718
264.955045496,315.613,-1.7241596125330454,1.3413272260566629
265.0627218110001,315.68,-1.7167359505217272,1.3401243352876402
265.19512236900005,315.712,-1.7132337732990301,1.339610519273789
265.3047272360001,315.774,-1.7060670363619592,1.3386390080102875
265.46916851599997,315.811,-1.701718732232285,1.3381188986994974
265.59578721800005,315.873,-1.6943443355692551,1.3373282226682088
265.73550605900004,315.91,-1.6899211264747769,1.3369075672354052
265.838694101,315.959,-1.6839610846446105,1.3363994260373544
265.967919447,316.009,-1.6778309916927174,1.3359452623885084
266.079513938,316.077,-1.6693753004253142,1.3354244300351106
266.210023954,316.108,-1.6654833723506748,1.335223355153239
266.329140115,316.176,-1.6568900047345432,1.3348612080070241
266.464136244,316.207,-1.65295728959202,1.3347317195102275
266.57585448200007,316.281,-1.6433409535697328,1.3345030136890081
266.73753883200004,316.306,-1.6400394816995505,1.3344495898113802
266.8524059690001,316.38,-1.630220498297149,1.334359042139161
266.995501593,316.405,-1.6269003291009936,1.3343510839153963
267.098389428,316.47,-1.6180048266727336,1.3343781445641454
267.22992625300003,316.504,-1.6133317667225848,1.3344158358771576
267.33471201300006,316.58,-1.603043318686029,1.3345601939528862
267.45762996999997,316.603,-1.5999417806623746,1.3346223023486723
267.56251088500005,316.67,-1.5907785336102596,1.3348553758615598
267.713432464,316.702,-1.5863360570977387,1.3349889087063362
267.82373979,316.78,-1.5752726058859834,1.3353744995999797
267.98559902400007,316.835,-1.5673340611880668,1.3356762513624607
268.09320281400005,316.892,-1.559397474619477,1.3359975997082765
268.2224441640001,316.934,-1.5536156161778383,1.3362624858505514
268.37391253500004,317.001,-1.5443243564777327,1.3367362176840392
268.483728335,317.047,-1.537929190208608,1.3370935195203268
268.58893005100003,317.101,-1.5302875351289282,1.3375537044593397
268.705797243,317.143,-1.524289682887343,1.3379298503523798
268.82892198,317.201,-1.5159334526728274,1.3384752468177745
268.943181139,317.241,-1.510166446460543,1.3388639553250161
269.07863158300006,317.301,-1.5015698155267818,1.3394639319046449
269.191827612,317.335,-1.4967016313771013,1.339815642213343
269.311008593,317.401,-1.487115993365629,1.3405302058469462
269.41759225600003,317.441,-1.4812903433363567,1.3409736920116633
269.534526186,317.501,-1.472546744471223,1.3416530619754279
269.64877883200006,317.536,-1.467444313981912,1.3420569016247048
269.774388466,317.601,-1.4578658770296846,1.3428264346006338
269.8788659730001,317.626,-1.4541799478905921,1.3431251387263226
270.02275762600004,317.701,-1.4431673623619525,1.3440282887143256
270.12409131900006,317.725,-1.4396473096446796,1.3443209393640652
270.228545929,317.785,-1.4308792627012246,1.3450589294209678
270.38521134200005,317.824,-1.4251904256620618,1.3455458856568312
270.49140888500006,317.894,-1.4148583127868095,1.3464432210578858
270.61935012000004,317.923,-1.4105784154098253,1.346810818006056
270.75299986000005,318.001,-1.3990313613414087,1.3477930010270263
270.86092821500006,318.022,-1.3959180923746737,1.3480559704309933
270.96578127600003,318.099,-1.3844660190380023,1.3490181290019367
271.083661175,318.121,-1.3811880716109783,1.3492926863710584
271.199353813,318.192,-1.3707219201038767,1.3501628546642732
271.3142773860001,318.22,-1.3666121603523596,1.350499521386239
271.437504751,318.297,-1.3552849796652924,1.3514130833903217
271.56148659100006,318.319,-1.352045804143589,1.3516708227378684
271.671458079,318.398,-1.340335089023456,1.3525923341365704
271.78893468700005,318.418,-1.3373542695468945,1.3528258496305254
271.89089063200004,318.479,-1.3284783510836808,1.3535208325441042
272.032746687,318.517,-1.3229738658606018,1.3539644643275037
272.148474393,318.586,-1.3127821515142324,1.3548045560504907
272.293872392,318.616,-1.308319152760396,1.3551728049265848
272.40522961,318.68,-1.2987671815414088,1.3559619804306262
272.535985643,318.715,-1.293541193890372,1.3563932865882757
272.655686468,318.787,-1.2828827687847117,1.3572682899014155
272.82486245100006,318.814,-1.2788970066847405,1.3575921006698128
272.933680731,318.883,-1.2688055898987691,1.3584000719049736
273.0599827770001,318.913,-1.2644381306955286,1.3587419352658048
273.16905169200004,318.978,-1.254995394194069,1.3594648713062878
273.3134783080001,319.012,-1.2499855077552453,1.3598494599501947
273.429619612,319.078,-1.2401934764678144,1.3606084049784808
273.56518351400007,319.111,-1.2352829031150157,1.360987488718969
273.677830006,319.185,-1.2243076059230804,1.361829402252011
273.80934863900006,319.21,-1.2206075335360518,1.3621106776564114
273.9222358850001,319.287,-1.209283753586002,1.362961036065815
274.049074311,319.309,-1.2060732800659832,1.363197297079296
274.15846085400005,319.376,-1.1962136780469776,1.3639172262919124
274.29236273000004,319.408,-1.1914735252406834,1.3642661739471973
274.399866888,319.486,-1.1799894606974446,1.365109530703109
274.552907356,319.507,-1.1769169262505075,1.36533065740932
274.66494688500006,319.582,-1.1659520201288294,1.3661030955852287
274.80124328500006,319.606,-1.1624449166860478,1.3663444414267383
274.910733873,319.679,-1.1517131861354104,1.3670670061906292
275.04745757800004,319.705,-1.1478546050381269,1.3673235349522603
275.16122721600004,319.781,-1.1366353795666226,1.3680594802845707
275.28522537000003,319.804,-1.133240642037782,1.3682788551946918
275.3929457830001,319.868,-1.1237723754679458,1.3688877774011006
275.56305567100003,319.903,-1.1185784240469805,1.369224434255063
275.67051080400006,319.977,-1.1076924897185065,1.369930495301467
275.80798854500006,320.002,-1.1040889280473951,1.3701569675787066
275.912399671,320.069,-1.0943278443897586,1.3707487776985596
276.01951493800004,320.134,-1.0846891960584906,1.371320666844932
276.127471896,320.156,-1.081434364898667,1.3715118037250111
276.234062513,320.225,-1.0712748943420995,1.3720979276847491
276.3366149980001,320.244,-1.0684828264498514,1.372256075556952
276.446565254,320.301,-1.0601556549933338,1.3727172063113517
276.548717665,320.343,-1.0540192726240512,1.3730465068949755
276.683824535,320.401,-1.0454351795422627,1.3734963842590262
276.78657428300005,320.431,-1.0409862182317955,1.3737267891204137
276.911026213,320.501,-1.0305244801269635,1.3742646792589408
277.0206835160001,320.543,-1.0242344923536735,1.3745880922901874
277.150771127,320.601,-1.0155990834561908,1.3750304568384617
277.257029169,320.629,-1.0114376820086182,1.3752417003274302
277.3660829610001,320.699,-1.0010515623565184,1.3757627756035014
277.499036142,320.728,-0.9967547414796945,1.3759751796842001
277.61607619000006,320.801,-0.9861282016619979,1.3764835877393269
277.7299018350001,320.839,-0.98061674919942,1.376733575846284
277.847031766,320.901,-0.9715141930250288,1.3771289199307495
277.95959336500005,320.936,-0.9663320928790956,1.377349183478039
278.066240087,321.001,-0.9566595670131413,1.3777543030432338
278.200012902,321.036,-0.9514503794509553,1.3779699446901101
278.331831902,321.101,-0.9418327663202181,1.3783610163650464
278.459739066,321.135,-0.9368051858543418,1.3785607598628473
278.57387179700004,321.201,-0.9270811307974207,1.3789363041302691
278.687829521,321.235,-0.9220721850979003,1.3791237039986852
278.792675607,321.301,-0.9124363236524474,1.3794697499025799
278.910040891,321.322,-0.9093841611942574,1.3795738387903373
279.014334995,321.387,-0.899850563976007,1.3798832739895763
279.141950165,321.421,-0.8948048253067087,1.3800422380151929
279.2612128850001,321.492,-0.8842919075227835,1.3803644959347807
279.407039491,321.52,-0.8801470012562149,1.3804878996609629
279.51970729699997,321.588,-0.8700558617639665,1.3807802949481132
279.648403454,321.619,-0.8654435445141888,1.3809111932933593
279.762545562,321.694,-0.8542177196267015,1.3812267839973142
279.8678799400001,321.718,-0.8506243824795111,1.3813274365724153
279.97283148100007,321.788,-0.840219563884549,1.381620230739885
280.10995554500005,321.817,-0.8359218882904464,1.381743972351915
280.21236282000007,321.888,-0.8254041153729019,1.382050580556993
280.342814447,321.916,-0.8212842118514896,1.3821666708826454
280.44374855800004,321.982,-0.8116609795967205,1.3824224610105718
280.59538060400007,322.015,-0.8068576898298971,1.382540371265525
280.707508231,322.08,-0.7971939542384627,1.3827656418628014
280.848870339,322.114,-0.7920974838188153,1.3828839812055091
280.96272263700007,322.18,-0.7823263261466006,1.3831148319075675
281.077463028,322.213,-0.7774440824532216,1.3832341837311637
281.1831595020001,322.289,-0.7662138298346228,1.3835117680214355
281.305213202,322.326,-0.7607901319281705,1.3836376872514315
281.40815119900003,322.395,-0.7505575728927494,1.383863551567521
281.532489413,322.411,-0.7481822760080209,1.3839145523339065
281.63925622,322.476,-0.7386020397893853,1.3841124091030204
281.79197143600004,322.51,-0.7336050502902592,1.384208805571871
281.90714109099997,322.584,-0.7225981001149827,1.384410453110865
282.037474795,322.609,-0.718871192759003,1.3844771329199812
282.141893975,322.676,-0.7089503975884053,1.3846559675154468
282.26573541900007,322.708,-0.704211443747583,1.3847449053780416
282.377639028,322.789,-0.6921724004431595,1.3849797156736723
282.496917254,322.807,-0.689492647460249,1.385033209270718
282.60491291900007,322.875,-0.6793544033399902,1.385238828059913
282.74297380200005,322.906,-0.6747323850247245,1.3853341674155153
282.85830342200006,322.974,-0.6646298466458779,1.3855473942555652
283.007521782,323.005,-0.6600253887340242,1.3856472007654979
283.10760014100003,323.063,-0.6513934552317454,1.3858363725888596
283.26861218400006,323.104,-0.6452992973180496,1.3859666232347585
283.386099996,323.187,-0.6330296752837199,1.3862169596773608
283.5142198,323.203,-0.6306729544679045,1.3862622948841035
283.62491924100004,323.263,-0.6217656413365694,1.386426644002885
283.78718821300004,323.302,-0.6159187717117419,1.3865332267409802
283.8977673300001,323.372,-0.6055186997263644,1.386718721879661
284.057522351,323.435,-0.5961819845706443,1.3868751176772673
284.1639880700001,323.505,-0.5858509247278899,1.3870357156332722
284.26902040100003,323.534,-0.581592048795265,1.387096259245445
284.42503522900006,323.601,-0.5716520350642222,1.387226596178713
284.5365836650001,323.644,-0.5652249008721854,1.3873083597126237
284.69333895700004,323.701,-0.5567499663082565,1.3874162326186452
284.80113220300007,323.741,-0.550807820149417,1.3874950449090098
284.94314578,323.801,-0.5419149907452595,1.3876188253767863
285.05308226400007,323.841,-0.5359864598044937,1.3877055542096068
285.157976739,323.901,-0.5270763090189864,1.3878416125392252
285.26237570500007,323.945,-0.5205239006851508,1.3879457334155163
285.39196037,324.001,-0.5122825150146463,1.3880714087641084
285.50642215100004,324.041,-0.5064025299759345,1.3881531974598746
285.6201815520001,324.101,-0.4975005706782419,1.3882678959820447
285.743087824,324.132,-0.492897683591984,1.3883242398180928
285.84486526,324.198,-0.4831277778464178,1.3884359596250677
285.9553046010001,324.226,-0.47898524760188566,1.3884796163957172
286.063147428,324.284,-0.4704211360185805,1.388563830607612
286.19134982800006,324.325,-0.4643407204110908,1.388625344084358
286.29950336600007,324.383,-0.455671335254226,1.3887165514893343
286.45786918199997,324.424,-0.4495331218313515,1.3887804359731473
286.570759543,324.501,-0.4381014291610489,1.3888986802550272
286.692479564,324.529,-0.4339987137332058,1.3889450075764451
286.796170943,324.6,-0.42340010243536813,1.3890736806253892
286.926529338,324.622,-0.4201012145626538,1.3891137635057467
287.02920339600007,324.692,-0.40972899003582053,1.3892358069557378
287.13463126400006,324.721,-0.4054731817242599,1.3892802487559726
287.24239374800004,324.798,-0.39415756724148276,1.3893898261471729
287.361863128,324.82,-0.39090282281984695,1.3894233982628965
287.4804803420001,324.888,-0.38077754323982554,1.3895332423195095
287.59659416700003,324.919,-0.3761453693613333,1.3895829357475802
287.722330379,324.985,-0.36638445468779074,1.3896906849308963
287.860702111,325.018,-0.3615040801886323,1.3897486441776683
287.967634484,325.081,-0.3521241126146547,1.3898664152735167
288.133478214,325.117,-0.3467347451449943,1.3899341624968753
288.248830483,325.18,-0.3373532112758831,1.3900489375447886
288.37833884300005,325.216,-0.33199738359321446,1.390111467821262
288.484945434,325.282,-0.32214873037270003,1.3902235720234082
288.63742452200006,325.315,-0.31721624275515525,1.3902805783450471
288.737472452,325.373,-0.30858814056835965,1.390382997629036
288.89037926000003,325.414,-0.30249693304852476,1.3904586925628413
289.00883787300006,325.473,-0.2936966958795067,1.3905695163903173
289.145751709,325.513,-0.2877334052922815,1.390642155598912
289.254989293,325.575,-0.2784476367551536,1.3907529995711838
289.420782198,325.612,-0.27290392090834836,1.3908187596755912
289.52967306100004,325.684,-0.26220199030254016,1.3909422078044653
289.668463319,325.711,-0.2582138885756717,1.3909844781984362
289.77489627600005,325.779,-0.24808465315728592,1.3910840986669024
289.904937119,325.81,-0.24343797044615023,1.3911290744404805
290.013883546,325.877,-0.23348445090558265,1.391228774208597
290.16505964400005,325.909,-0.22873093030341402,1.3912791336402548
290.2721636030001,325.97,-0.21962622592265835,1.391378788943812
290.44283661200006,326.008,-0.2139442093617013,1.3914400952974226
290.546434995,326.074,-0.2041088556160478,1.3915463803446153
290.70095786900004,326.107,-0.1991939700952486,1.3916014477519043
290.807396045,326.18,-0.1883483407827014,1.3917262103150663
290.96432188000006,326.206,-0.18456206828805308,1.391765757429396
291.072606446,326.275,-0.17457268557810954,1.3918531420486038
291.208462865,326.305,-0.17016069110608695,1.3918921868524314
291.31759750599997,326.374,-0.15990436043723139,1.3919911195681467
291.46580905400003,326.404,-0.1554294073654171,1.3920332493072602
291.571546797,326.465,-0.14634290603828723,1.3921152430438954
291.74512439800003,326.503,-0.14068703986713343,1.3921633178361017
291.8496649030001,326.565,-0.13142449993164979,1.3922384589390293
292.01391628600004,326.602,-0.1258952428385819,1.3922818858706048
292.114284612,326.657,-0.1176965281742781,1.3923451758526617
292.22368909700003,326.715,-0.10906083589917988,1.3924154329158207
292.32734506300005,326.735,-0.1060830194847912,1.3924406870011095
292.44415811300007,326.809,-0.09505750814913534,1.3925384910645213
292.591006428,326.834,-0.09133218757861027,1.3925729902902224
292.69596422000006,326.898,-0.08180022532348626,1.3926607754621765
292.85966736600005,326.932,-0.07674263346115125,1.3927045843693853
292.9750285,326.999,-0.06683520714496313,1.3927833255653645
293.101591621,327.031,-0.062144403421159865,1.3928142144351467
293.220962934,327.097,-0.052411335128646555,1.3928645947969955
293.35571968400006,327.13,-0.047518573304498275,1.3928854864518825
293.463677994,327.198,-0.037430451446427024,1.3929228669289697
293.611729825,327.229,-0.03281683571963095,1.3929412463525883
293.7167297,327.287,-0.024186195877670163,1.3929792581497829
293.845538607,327.328,-0.018086345786002572,1.393009059227275
293.9523086930001,327.388,-0.009152347869456479,1.3930568593940909
294.103362457,327.427,-0.0033451816091027175,1.3930904547359693
294.20722701400007,327.499,0.007289926541520716,1.3931583672014967
294.32594563300006,327.526,0.011237318219228788,1.3931884800187986
294.435902639,327.596,0.02161139450170993,1.3932794555293082
294.58659012600003,327.625,0.02593314053682085,1.3933193148855894
294.69067962300005,327.678,0.03379534906575307,1.393395274100778
294.820140906,327.724,0.0406140499590111,1.3934658989297604
294.931366506,327.789,0.050235957748670165,1.393568489188296
295.089303837,327.823,0.05522776743780181,1.3936156299114313
295.200633937,327.882,0.06395058480027946,1.3936879825554085
295.358040597,327.922,0.06987612938019504,1.3937319508309534
295.470478363,327.993,0.08044467389411633,1.3938015634008687
295.62781083100003,328.021,0.0846312609185725,1.3938278055106463
295.7338781870001,328.081,0.09360062746100968,1.3938833401398685
295.87451783100005,328.12,0.09943165845175173,1.393920424783368
295.98121832000004,328.185,0.10916480199640322,1.3939831442978383
296.10692477500004,328.219,0.11425760802689097,1.394015511714956
296.21107955,328.286,0.12422769870279138,1.3940760303101856
296.345763603,328.318,0.1289650977188008,1.3941009426007673
296.456310035,328.386,0.13906996346382486,1.3941513567676558
296.585548111,328.417,0.14368780233713344,1.394176180584734
296.700963611,328.483,0.15354347284815742,1.3942323505404173
296.86487197400004,328.516,0.15847402176441808,1.3942616174366127
296.979345762,328.596,0.17038510684984243,1.3943367043635264
297.08464526500006,328.615,0.17320822598611227,1.3943559808980615
297.2078641410001,328.693,0.1847722042309358,1.3944351331497058
297.333887074,328.714,0.1878710981639204,1.3944534112363507
297.448116874,328.79,0.1991049861743213,1.394508106932703
297.5696866960001,328.813,0.202505847390217,1.3945212914045277
297.675853318,328.875,0.21175079047575962,1.394551567965754
297.8127216280001,328.912,0.21729600912975464,1.3945690034150575
297.923161897,328.988,0.22866612893863134,1.394604795140594
298.03564319400004,329.011,0.2321028233649071,1.3946162602660266
298.1418662450001,329.076,0.24169325085154858,1.3946536690339035
298.29934640400006,329.11,0.24669556923910615,1.3946787678150416
298.40180949700004,329.182,0.25735323581031605,1.3947440228916204
298.54835836200004,329.209,0.2613731994157012,1.394770920400238
298.661978406,329.28,0.2719623729917012,1.3948406433084928
298.7895708770001,329.308,0.27613577519728494,1.3948662975524981
298.9061497690001,329.376,0.2861674483085003,1.3949199766738194
299.038251535,329.407,0.2907214471288521,1.39493802415195
299.1431129,329.485,0.30228776948054903,1.3949703531458186
299.27025697600004,329.506,0.3054102685815125,1.3949771025410795
299.379820117,329.569,0.31478848261583686,1.394995005458172
299.51085000800003,329.605,0.3201576260593163,1.3950066964686885
299.620833573,329.683,0.3317193908106282,1.3950317138743018
299.73023855200006,329.704,0.3348041469692982,1.3950349029507443
299.83168745700004,329.763,0.3434162248668317,1.3950364965894742
300.000763722,329.803,0.3493037653062619,1.3950410445902521
300.107196164,329.874,0.35969334680213444,1.3950630571692357
300.245365158,329.902,0.36376244664541757,1.39507855384575
300.354600839,329.968,0.37358497122599704,1.395123702746239
300.53207171500003,330.035,0.38355082118683215,1.395162423037973
300.638456,330.107,0.3941176526517387,1.3951896199649796
300.76882174700006,330.146,0.3998030722993922,1.3951923511961182
300.886327895,330.201,0.4079521124939728,1.3951859906591608
300.996379447,330.246,0.4146333208823745,1.3951759452648382
301.10749236800007,330.301,0.42280150402202465,1.3951579029937446
301.216601147,330.347,0.42962307524762455,1.395138208380424
301.34634732899997,330.401,0.4376587308347895,1.3951158795890923
301.461393542,330.438,0.44316226379675777,1.3951029976077092
301.599963914,330.501,0.4524134082626362,1.3950902518019506
301.70919906000006,330.529,0.45652528696459976,1.3950893016273216
301.818167347,330.593,0.46601557660917275,1.3950960747535894
301.9744761630001,330.628,0.47123705291174944,1.3950995036842486
302.086531757,330.699,0.48179898579831465,1.3951009495553794
302.20619883100005,330.727,0.4859612735004045,1.3950989473965965
302.32120627100005,330.784,0.4944429965883449,1.3950905620056866
302.466028347,330.826,0.5006953859334727,1.3950810663707456
302.569433046,330.898,0.5113650503755779,1.3950568658561053
302.70613906100004,330.925,0.5153544204655657,1.395043875549499
302.81163480400005,330.991,0.5251627702143866,1.3950036326361328
302.95161182900006,331.024,0.5301037361410462,1.394981862971879
303.05617201000007,331.098,0.5411587213695346,1.3949325707915892
303.178654615,331.123,0.5448857669710089,1.3949169285627803
303.28205246699997,331.191,0.5549217460550636,1.3948811452071277
303.4105331310001,331.222,0.5594821308013678,1.3948699193593237
303.51402581900004,331.292,0.5698974415725334,1.3948533950782074
303.6419535680001,331.321,0.5742400730386739,1.3948467363334875
303.762617075,331.401,0.5860689072367846,1.3948199128219911
303.888441295,331.42,0.5888697350869335,1.3948102718237654
303.9982329950001,331.496,0.600074966798905,1.3947588986914
304.11232161600003,331.519,0.6034661044363685,1.3947393323593331
304.219595054,331.572,0.6113506814655039,1.3946885616741085
304.38436081400005,331.618,0.6182453036202398,1.3946437072364162
304.48946722000005,331.68,0.6274994142942314,1.3945850668464634
304.636560603,331.717,0.6330157022410017,1.394552041095041
304.748948748,331.778,0.6421370544938614,1.394498781888656
304.901417016,331.816,0.6478216192415193,1.3944646258767812
305.0154075820001,331.897,0.6598192812627234,1.394392141288251
305.11746015000006,331.915,0.6624494800248271,1.3943785939788729
305.226546666,331.98,0.6720915366220188,1.3943383386830506
305.387173085,332.014,0.6771841046108039,1.394317940097387
305.501827596,332.088,0.688221433293294,1.3942705534422448
305.613952049,332.113,0.6919462287684116,1.3942528614759946
305.730991279,332.178,0.7014241689970883,1.3942082469712163
305.87425234400007,332.212,0.7063303000181811,1.394193256466697
305.97884275800004,332.285,0.7171196526014424,1.3941790358699688
306.1402069850001,332.311,0.7209851041446808,1.3941733175054962
306.246324501,332.369,0.7295760310060088,1.3941596771900249
306.401784991,332.41,0.7356564469823059,1.394153755749397
306.506947662,332.478,0.7457814839144234,1.3941506885673898
306.62517626400006,332.509,0.7504237011676216,1.3941497744490827
306.7376640680001,332.577,0.760506968294287,1.3941431649859117
306.887905746,332.608,0.7650823579900478,1.3941353329488992
306.992194629,332.68,0.7757354160287029,1.3941108991440758
307.1520857290001,332.707,0.7797480336918423,1.394103381007799
307.25709537800003,332.788,0.7918350941137183,1.39408691872453
307.39482403700003,332.806,0.7945333895273782,1.394083677941141
307.501026282,332.883,0.8059538624734471,1.3940752100870037
307.6149828,332.905,0.8092132047315288,1.394075156940598
307.71999810400007,332.967,0.8184049654673653,1.3940772420354532
307.884359497,333.004,0.8238535951441339,1.39407307725184
307.997416971,333.071,0.833770995574189,1.3940570538155836
308.14760059800005,333.103,0.8385375192008698,1.394050599274798
308.250670805,333.173,0.8488885080811561,1.3940440044570046
308.38087052700007,333.202,0.8531760067831274,1.3940449358232776
308.486061746,333.267,0.8628409537287431,1.3940514035118263
308.670903177,333.335,0.8729528770827754,1.3940515182698194
308.78472335800006,333.406,0.8835461195425676,1.3940439802313032
308.92446967,333.434,0.8877294963879354,1.3940397756085032
309.030095555,333.499,0.8974632706144968,1.3940281721054542
309.148824956,333.532,0.9024124395858486,1.3940221859023703
309.2903763080001,333.601,0.9126437341279598,1.3940116881382207
309.39905987300006,333.645,0.9190808300470548,1.3940135087167087
309.50730509900006,333.701,0.9274305552479556,1.3940219381878904
309.61561997900003,333.748,0.9344363894669802,1.394025764472789
309.7406311440001,333.801,0.9423506023937608,1.394027295013609
309.845082555,333.846,0.9490702172323247,1.394026513085746
309.94977772900006,333.901,0.9572164508352433,1.3940266226112354
310.058531754,333.942,0.9632991219963836,1.3940309552485126
310.160526804,334.001,0.971957182655373,1.3940327243023642
310.273445877,334.027,0.9757347080107963,1.394026749812105
310.3828110950001,334.093,0.9854767605376062,1.3939967455517657
310.50975451,334.126,0.9903923134076746,1.3939786287024827
310.62848288200007,334.189,0.9996174412063611,1.393945862412831
310.76113134,334.225,1.004875833971338,1.3939344153216422
310.89029159200004,334.301,1.0161422685716872,1.393925444375053
311.00715000499997,334.324,1.0195817416976285,1.3939230492805852
311.11989057799997,334.386,1.0288561365130022,1.393915709770574
311.26661968300004,334.423,1.034392919738089,1.3939119412254113
311.374441885,334.491,1.0445324165792116,1.3939045937497774
311.520351562,334.522,1.049141177704608,1.3938987789067052
311.62269225700004,334.584,1.0583723287488296,1.3938821981381342
311.777094399,334.621,1.0638849829099748,1.3938696711592593
311.88511946000006,334.685,1.0733675490028638,1.3938419303954124
312.0142528040001,334.72,1.0785396490787753,1.3938216372180774
312.126801922,334.783,1.0878840022556044,1.3937765534141595
312.28532572000006,334.819,1.0932315575347662,1.3937470598583344
312.39611143600007,334.873,1.1011600803599528,1.3937030489280586
312.57316395,334.918,1.1077770024276206,1.3936733737979647
312.68443238,334.985,1.117576300196547,1.39364383324136
312.837947871,335.017,1.1222461239965829,1.3936371639092675
312.951485597,335.081,1.1317561319728207,1.3936305364422805
313.083605177,335.116,1.1369511368892984,1.393623832746601
313.194984436,335.191,1.14815716131923,1.393603395382942
313.337062725,335.215,1.1517506021799155,1.3935963060233787
313.44550470800004,335.275,1.1606850696978592,1.393579761177262
313.576464233,335.314,1.1664858932702626,1.3935718009923483
313.68815618300005,335.385,1.1768963591896922,1.3935669235289874
313.83015058800004,335.413,1.1809722599486185,1.393571644462634
313.940901179,335.475,1.1901383228801337,1.3935919330827022
314.08918624800003,335.512,1.195512099056702,1.3935968376814092
314.20218734,335.576,1.2048857086840736,1.3935869594936023
314.33709252100005,335.611,1.2100277933844228,1.3935740462243775
314.45256873000005,335.672,1.2190347658576641,1.3935431648381438
314.60186539200004,335.71,1.2246904028570667,1.3935253662228353
314.71046339500003,335.79,1.2366454447744823,1.3934931284875596
314.825003855,335.809,1.2394945232301975,1.3934857267235965
314.943271903,335.877,1.2496887008792463,1.3934594994285132
315.088711215,335.908,1.2543358003540375,1.3934477134647423
315.196227709,335.959,1.2619531675305267,1.3934294163364076
315.37572679900006,336.007,1.269120764933783,1.3934141132825655
315.477907156,336.074,1.2791304054907076,1.3933942359900549
315.626264215,336.106,1.2839101807985542,1.39338356675667
315.73673943200004,336.174,1.2940691434912646,1.3933598867319437
315.883485823,336.205,1.2987022327388997,1.3933499861539762
315.993573536,336.263,1.307365429653877,1.3933332901614834
316.140831497,336.304,1.3134880250577001,1.393323101148239
316.25791295,336.371,1.3232827098304387,1.393315780115198
316.40176888200006,336.403,1.3279426706293225,1.3933201428261557
316.514988079,336.452,1.3351611098012173,1.3933364574598524
316.69055920000005,336.502,1.3426245871183564,1.3933574336964352
316.798003097,336.572,1.3529645096066223,1.3933829412671268
316.91673731800006,336.628,1.3611821452693,1.3933882014720076
317.028953267,336.664,1.366481254599774,1.3933843265100092
317.209843742,336.734,1.3769457514914218,1.3933711190947928
317.31783231500003,336.8,1.3867205907220062,1.3933583767538764
317.4397904890001,336.832,1.3914386958976002,1.3933562333194527
317.545050395,336.894,1.400696802329788,1.3933572879817109
317.69910309400007,336.931,1.4062287860289389,1.3933590346732823
317.846500029,337.001,1.416621129342528,1.3933660047159635
317.96256525800004,337.042,1.4226897389244346,1.393375802811078
318.067772655,337.101,1.4315281541741143,1.3933922974304573
318.195691785,337.136,1.436770931706339,1.3934016064134034
318.32751453000003,337.201,1.4463842019522215,1.3934127263394642
318.43744468400007,337.244,1.4527288209013787,1.3934122781369436
318.541765383,337.301,1.4611054981828275,1.3934062337110296
318.65709410700003,337.327,1.4649461594246458,1.393405707547133
318.779719086,337.401,1.4759186050573505,1.3934120943553296
318.88022735800007,337.426,1.4796201095959496,1.3934129018904422
318.987306526,337.49,1.4890674850688344,1.3934123429871152
319.14492434199997,337.525,1.4942486148439424,1.3934155037176306
319.25356121699997,337.6,1.5054693847640925,1.393425888469599
319.391743304,337.624,1.5090621912691755,1.3934287454970606
319.506230597,337.696,1.5195697514445092,1.3934448177153407
319.637665533,337.723,1.5234958648389292,1.3934576854998257
319.74609950800004,337.784,1.5325172715981406,1.39349784251907
319.893665844,337.822,1.5381546892027254,1.393526732586646
320.00905019100003,337.87,1.545339586254651,1.3935658113976581
320.146463533,337.921,1.5529804402567418,1.39360676752959
320.272164147,338.001,1.564755481658782,1.3936581452772432
320.38749036,338.032,1.5693024198890402,1.3936702314017217
320.496799387,338.101,1.579542764896987,1.3936856972312657
320.61559735900005,338.125,1.5831260432912553,1.39368975026627
320.71883157700006,338.183,1.5917787368732625,1.3937002411059614
320.854487417,338.218,1.5970020756679393,1.3937080529806638
320.957595364,338.29,1.6077027740766758,1.3937285337946628
321.08902725100006,338.317,1.6117016634509704,1.3937389110418053
321.19535737900003,338.382,1.621362633469465,1.3937639387906489
321.31408326200005,338.416,1.6264053264659137,1.3937732121675286
321.430982137,338.486,1.6368431228348672,1.3937858694815806
321.579508971,338.515,1.6411769051879794,1.3937898821576344
321.694050792,338.595,1.6530116809474324,1.3937922929311692
321.80100633899997,338.614,1.6558119740360022,1.393789596557212
321.91048550100004,338.692,1.6672462846070193,1.3937685633346875
322.04275436600005,338.713,1.6703359348149753,1.3937642075923502
322.158689041,338.788,1.6813859946459844,1.3937477690441495
322.259157814,338.812,1.6848843119193595,1.393736605790456
322.37249015,338.885,1.695514928086221,1.3936881209526433
322.51600643000006,338.911,1.6993518372714607,1.3936718936196517
322.6190097,338.986,1.7104621817326626,1.3936348122317486
322.76229983300004,339.01,1.714028482540194,1.3936251252088108
322.86263004400007,339.056,1.720879154247055,1.3936090802946015
322.99123098000007,339.109,1.7287233477292274,1.3935876701244874
323.097234697,339.173,1.7381230027551764,1.3935488412782924
323.269542159,339.208,1.743256408870065,1.3935197487659758
323.375296337,339.277,1.7534978220592308,1.3934492673895467
323.52752668100004,339.307,1.757980629210801,1.39341679029748
323.6362679580001,339.375,1.7681583388261832,1.3933410691807915
323.780279909,339.406,1.7727997182246473,1.3933059375587797
323.886602585,339.467,1.7819393632734184,1.3932359291690266
324.0215138980001,339.505,1.787633531558346,1.3931919163234832
324.135583053,339.568,1.7969979848429656,1.3931216342725814
324.279761817,339.604,1.8023414859756166,1.393084735438973
324.386525475,339.671,1.8123046623733596,1.393018161460048
324.53463776800004,339.703,1.81705536772285,1.3929835245954627
324.64383700100007,339.78,1.8285661884012925,1.3928941829632548
324.8045377440001,339.802,1.8318604857851193,1.3928681776127028
324.91772917800006,339.875,1.84271402442394,1.392783206127099
325.079643769,339.935,1.8515771472034783,1.392722593398376
325.18485261700005,339.997,1.8608143005757873,1.3926666580260991
325.32124387,340.034,1.8663399375178824,1.392632109581657
325.4214566630001,340.096,1.8756044783795325,1.392572689315752
325.567498658,340.132,1.880987280415424,1.3925389946738198
325.67689526900006,340.199,1.890886573761149,1.3924819555890784
325.823955482,340.231,1.8955885022601187,1.3924601132924954
325.933789208,340.297,1.905357290805066,1.392424422699538
326.074101789,340.33,1.9102521233087157,1.3924098993344276
326.1800799470001,340.399,1.9205119339225014,1.3923824072487665
326.292678551,340.429,1.9249666158929735,1.3923679279236252
326.4058130110001,340.496,1.9346867728531059,1.392339911574505
326.53903194,340.528,1.939334345070773,1.3923345467477026
326.64740811,340.599,1.9498959383232113,1.392335555678675
326.790638156,340.627,1.9540808512691719,1.392337141820587
326.896461615,340.699,1.964842838606735,1.3923412003747697
327.03226420300007,340.726,1.9688776259492735,1.3923417281198824
327.15075711200006,340.801,1.9800670162642349,1.3923393815958482
327.261886766,340.825,1.9836463333029404,1.392337212501105
327.36467024700005,340.875,1.9911115433004938,1.3923312355259334
327.507675971,340.924,1.998438212353346,1.3923263837932947
327.62173383900006,340.996,2.0091246356518417,1.3923234537608866
327.74824820900005,341.023,2.01310751203619,1.392325761362651
327.86161066500006,341.092,2.023410454124983,1.3923369765284819
327.96817219600007,341.122,2.027892855754411,1.392342911415315
328.074082589,341.177,2.0361311505331474,1.3923550179054243
328.2400536260001,341.221,2.0427298565154697,1.3923648815077436
328.34272457,341.278,2.051273408657027,1.3923779016429698
328.50128637600005,341.32,2.057568243528465,1.3923878001839674
328.6124425290001,341.391,2.0681499497649503,1.3924035407910906
328.72608012500007,341.419,2.072283515632607,1.3924063303608438
328.84052138800007,341.48,2.081212844025579,1.3924086172145786
328.972860899,341.518,2.086798546901334,1.3924154571505203
329.07519885,341.593,2.097922267600264,1.3924410334248067
329.18750788400007,341.617,2.101491382198947,1.3924511711369296
329.29891657100006,341.693,2.11276994694925,1.392481791241529
329.431338375,341.716,2.1161734630106848,1.3924880705411005
329.532139101,341.774,2.1246800396946393,1.3925002009797869
329.659168252,341.815,2.1307051265152426,1.39251419999477
329.7723261560001,341.884,2.1409758472231997,1.3925488167507407
329.912587091,341.914,2.145470769863987,1.392564760609131
330.01865810900006,341.984,2.155924807835793,1.3926011582500468
330.16270074500005,342.013,2.160244093506466,1.3926143774263915
330.27589676800005,342.086,2.1711500851957246,1.3926434001008199
330.39914152200004,342.112,2.1750405087713727,1.3926529910169907
330.509258983,342.192,2.1869733199191117,1.3926818121460647
330.62384148,342.225,2.1918833748907045,1.392695727080581
330.726776365,342.294,2.2021353671146597,1.3927249933515409
330.86092677700003,342.31,2.204506188233852,1.3927302224819211
330.973952694,342.383,2.215199766596434,1.3927497956896253
331.12003499499997,342.409,2.2189999339328352,1.3927605631391429
331.2340096710001,342.486,2.230415404615706,1.3928053725739438
331.35062923300006,342.508,2.233693380615527,1.3928176349140495
331.46265350500005,342.581,2.244583906846899,1.392853942066183
331.60544400800006,342.607,2.2484662104390547,1.392865590227387
331.71063954600004,342.677,2.2589369034055653,1.3928942013375838
331.82465057600007,342.706,2.263285229154229,1.3929056804391142
331.934427346,342.773,2.2732735609041526,1.3929336527358676
332.074828829,342.805,2.2780358184612988,1.392949120643341
332.18360445999997,342.873,2.288203838381765,1.3929852184057137
332.327769935,342.904,2.29284831446601,1.3930015067995005
332.4366609240001,342.98,2.304189094679213,1.3930383412275869
332.54964698800006,343.003,2.307617179766008,1.3930480052755134
332.66083045100004,343.064,2.3166730452887028,1.3930691928417611
332.81501302000004,343.102,2.322299036768902,1.393077519255973
332.922716219,343.179,2.333648681227834,1.3930867988064035
333.076922545,343.235,2.341915508020208,1.3931011419425687
333.184172255,343.301,2.3516835440409958,1.393123532925407
333.317259485,343.334,2.356534238108902,1.3931290727236332
333.439523891,343.401,2.3664075524922907,1.3931271178960647
333.55281808300003,343.447,2.3731979029419135,1.3931170722903434
333.70424521300004,343.501,2.3812849443717536,1.3931006186634929
333.80895225100005,343.531,2.3857836642301637,1.3930915115207316
333.947898042,343.601,2.3962417314575446,1.3930714551031091
334.077790974,343.641,2.402202935541273,1.3930623211640012
334.18677861000003,343.701,2.4111772473716964,1.3930489699848698
334.30616679800005,343.729,2.415364213077784,1.3930419414622528
334.40931982200004,343.789,2.424289870148664,1.3930242504387012
334.55676613700007,343.828,2.4300569294892362,1.3930078368026952
334.66916324300007,343.883,2.438117898401379,1.3929833700929772
334.81197628000007,343.927,2.44459482306052,1.392970343932957
334.91659478300005,343.988,2.453648243938076,1.3929605165477186
335.096135568,344.026,2.459302200905123,1.3929528119128285
335.206409744,344.088,2.4684573029127286,1.392940940092213
335.34460781200005,344.125,2.4739269358636906,1.3929383870900331
335.445393739,344.196,2.4845101690990967,1.392935466135712
335.58678083000007,344.224,2.488680628720745,1.3929323523724675
335.70058232200006,344.291,2.498487935511153,1.3929273871773489
335.8262000550001,344.323,2.5031645189781746,1.3929315638146413
335.938020114,344.388,2.512795196828045,1.3929511585113432
336.094071234,344.422,2.51785715662414,1.392960445136879
336.20766971700004,344.482,2.5267888061478203,1.392976251795536
336.3540334190001,344.521,2.532600090041078,1.39298877066001
336.46246889400004,344.596,2.5436783719272187,1.393019561327358
336.61791145100005,344.62,2.5471946667486804,1.3930335233755795
336.728366692,344.675,2.555336658931139,1.3930731916020112
336.914687299,344.719,2.5618258246990884,1.393100862301643
337.01806727200005,344.777,2.5704309637027243,1.3931290569926231
337.17668208300006,344.818,2.5765627399914846,1.3931490894682441
337.28570942300007,344.885,2.586503343058016,1.393179437066382
337.42724507,344.917,2.5912254881409655,1.39318897244806
337.53988085900005,344.99,2.602072034543445,1.393203368602301
337.6621878540001,345.016,2.6059540084612673,1.3932092003693395
337.77299483,345.085,2.6134406758754585,1.3932068786181357
337.89776784000003,345.115,2.6154934659500437,1.3932144686836654
337.99957225900005,345.169,2.6183638495380888,1.3931901689180188
338.155510394,345.214,2.619820102025853,1.393142096085985
338.264617541,345.281,2.6205119539704094,1.3930332300620072
338.388562644,345.313,2.6202019116940445,1.3929790611765052
338.497367662,345.372,2.619285100920033,1.3929020519818345
338.652588529,345.412,2.619034552698585,1.3928760820568378
338.75986643400006,345.468,2.6187119408118025,1.3928326072825667
338.9374830400001,345.511,2.6184654122135926,1.3927912997009462
339.0529896940001,345.571,2.618123542166056,1.3927222223039057
339.2091413520001,345.61,2.6179028717171824,1.3926702194466622
339.315122556,345.672,2.617554967067761,1.3925761230143656
339.49645168100005,345.709,2.61734924409677,1.3925133390017381
339.60036329800005,345.767,2.6170299501758025,1.3924050506327799
339.77352030200007,345.808,2.6168068053479936,1.392321303172239
339.88334914200004,345.863,2.61651110812967,1.392199710702346
340.072253049,345.907,2.6162777853781494,1.3920949012308317
340.18119363799997,345.969,2.61595428528032,1.3919360228131425
340.35852916600004,346.006,2.6157643588977195,1.3918350636787458
340.46340145700003,346.066,2.615461675694365,1.3916617596551273
340.627920279,346.105,2.6152686365016646,1.3915428584192562
340.74330062800004,346.172,2.6149442276366823,1.3913273408700748
340.91018409700007,346.204,2.6147926560008035,1.391219486361666
341.03158316300005,346.271,2.614482723293871,1.3909836225660184
341.20126195600005,346.303,2.6143383740475015,1.3908662764751993
341.328867326,346.37,2.614044191562097,1.3906110357451174
341.49726197100006,346.402,2.6139076580918297,1.390484680312893
341.60733478300006,346.465,2.6136466649652905,1.390227794399666
341.716909514,346.523,2.613415840891397,1.3899820691723976
341.85780132,346.535,2.6133692462947784,1.3899301569098612
341.96784942,346.592,2.61315349879588,1.3896787028513677
342.13130633700007,346.634,2.6130005443301685,1.3894884144197444
342.23837013900004,346.691,2.6128013539275012,1.3892236501817523
342.34153109,346.728,2.612677342119367,1.3890479233667303
342.454000202,346.754,2.612592735165097,1.3889226857094925
342.60148839,346.801,2.6129564703012544,1.3893953926230482
342.71770434000007,346.831,2.613820658873546,1.390858779825922
342.8290504600001,346.876,2.615718286791083,1.3941840983618798
342.94096805800007,346.901,2.6167753932428948,1.396129494154966
343.057522843,346.93,2.6179715221222106,1.398402252380628
343.225033929,347.001,2.620823951319033,1.404143781938037
343.338559917,347.04,2.622330472739509,1.4073921642458762
343.43913810000004,347.092,2.6243212272722327,1.4119018637175091
343.60217803800003,347.128,2.6256476680005276,1.4150894979924116
343.7102533440001,347.192,2.6279730002839536,1.4210003277307022
343.87760563300003,347.227,2.6291791254784376,1.424269987478941
343.985655932,347.295,2.6314598498944797,1.4308348979140038
344.143386084,347.326,2.6324519513784685,1.4338850755485322
344.246832811,347.392,2.634473479433598,1.44049408507742
344.40362745100003,347.425,2.6354255587207986,1.4438204861046935
344.513988712,347.497,2.63745276139517,1.4513055641116739
344.663852259,347.524,2.6381886548945914,1.4542598627273409
344.777645944,347.597,2.6400140093511233,1.4621210842611254
344.936134046,347.623,2.640613896176109,1.4648972707273462
345.043997849,347.689,2.6424266174924327,1.472476349643783
345.207544506,347.722,2.6433166729161117,1.476855094831007
345.3173790320001,347.797,2.6452276886585415,1.487158557040611
345.464068269,347.821,2.6458387436156032,1.4905793967040006
345.576359217,347.888,2.6475056547669396,1.5000403579899633
345.72788995100007,347.92,2.648283860329934,1.5045267425157474
345.833954479,347.987,2.6498886134727835,1.513945500733308
345.994380233,348.019,2.650642569405168,1.5184495819173134
346.137416833,348.101,2.6525104531191754,1.529878872356424
346.257969776,348.135,2.6532649025248363,1.5346154431532324
346.377672201,348.201,2.6546926767918055,1.543795660413898
346.48390043100005,348.217,2.6550320495769446,1.5460222097473952
346.592605756,348.272,2.656178432050802,1.5536784512928974
346.74322713800007,348.316,2.65707304884513,1.5598066699319633
346.852723027,348.383,2.6583807966929878,1.5690564583643676
346.970611461,348.415,2.6589864153548755,1.5734725964541771
347.071186744,348.472,2.6600350039546132,1.581342037583067
347.22166710700003,348.514,2.660782876024049,1.5871431986831
347.3303811310001,348.576,2.66184729574101,1.595702946333532
347.492975601,348.613,2.6624598521827942,1.600810131221349
347.60259523800005,348.68,2.663521952565788,1.610031533081857
347.75231701000007,348.712,2.6640089670850213,1.614436505146858
347.86516301300003,348.782,2.6650281807083327,1.6240710241353467
348.01254899900005,348.811,2.6654317828577243,1.628062435267257
348.1215648130001,348.886,2.6664167731360147,1.6383220875364508
348.22355122700003,348.91,2.6667133583325335,1.6415872258830317
348.33069502700005,348.983,2.6675621857369802,1.651509518322198
348.460144002,349.009,2.6678452280749725,1.6550432380815088
348.574673362,349.085,2.668603325751558,1.665268539044223
348.70144392200007,349.108,2.6688118718834883,1.668337262507172
348.815175673,349.188,2.6694733066625993,1.6791041074916047
348.918796734,349.207,2.669616829773551,1.681685525178908
349.040495737,349.269,2.6700599635509445,1.6902644132736548
349.169862246,349.306,2.6703029446180437,1.6954147902212833
349.277418582,349.369,2.6707006125092505,1.70444954750086
349.42885423000007,349.405,2.670918630432096,1.7097126184350961
349.536787163,349.483,2.6713727156680425,1.7211280858550513
349.672321626,349.504,2.671490727287347,1.724202378431164
349.79274666900005,349.583,2.671926830435523,1.7358861877513612
349.91595417999997,349.603,2.6720358459784386,1.7388579096302466
350.025586117,349.67,2.672422933025986,1.7491518892400866
350.15241663100005,349.702,2.6726158583592476,1.7541396159317706
350.273040466,349.764,2.672975072358851,1.7618494769418795
350.37696238600006,349.828,2.6735610151623757,1.7710884468207495
350.48192343000005,349.863,2.6739600214788557,1.7764252437787351
350.660034614,349.934,2.6749551211048765,1.7872356497565098
350.76616969400004,349.99,2.675827893931252,1.7950270102074382
350.87608422900007,350.026,2.676362635585548,1.7991154530991744
350.97973587600006,350.058,2.676846089244716,1.8024543124155483
351.1264569240001,350.101,2.6775118882680715,1.8065111185453924
351.241557734,350.144,2.6781894894347746,1.8100774193815288
351.3852427400001,350.201,2.6791426689193765,1.814545766970307
351.486798972,350.23,2.6797838777292973,1.817126655565578
351.655486034,350.301,2.681609863005033,1.8239895916936446
351.758290825,350.329,2.6824958794772766,1.8270225470166488
351.866360967,350.391,2.68475362791412,1.834436685878103
352.041781766,350.428,2.6862617729374034,1.8392452948931026
352.144176927,350.492,2.6888887411539195,1.8474239006308903
352.25338130800003,350.519,2.690013442336601,1.8508421710523086
352.355963276,350.552,2.6914085914629555,1.855015528527361
352.49242117200004,350.601,2.693452936366568,1.8609852529382807
352.608570889,350.639,2.6950654322434007,1.8655576334474344
352.766433659,350.701,2.6977646068108685,1.8729592921542817
352.88045894000004,350.742,2.6996034669977726,1.8778336538837708
352.988089921,350.8,2.7022291096337483,1.8845664024362898
353.145470885,350.824,2.7033319875077053,1.887311404882948
353.27250467500005,350.891,2.706480353732641,1.8948950882493267
353.391213041,350.923,2.7080180444589614,1.8984666845273452
353.493452457,350.981,2.7109262129626797,1.905012303342464
353.674500564,351.022,2.713054260614931,1.9096520636409997
353.78651396,351.082,2.716200964863243,1.9162926529803255
353.955629465,351.121,2.718290602164795,1.9205574940283836
354.07649971600006,351.197,2.7224422978473664,1.9287101581190245
354.228665451,351.22,2.7237200544682567,1.9311336834068185
354.345095117,351.285,2.727477684980349,1.9380545207844455
354.504058825,351.319,2.729505645439852,1.9416762912414853
354.621633793,351.391,2.733906490956267,1.9492866718925168
354.78111,351.418,2.735593686492406,1.9521192129256262
354.89441155400004,351.489,2.7401163174006764,1.9594947046928495
355.04782323000006,351.517,2.74193649243825,1.9623777219860834
355.160447536,351.584,2.746347512831935,1.9691698124715349
355.31754141400006,351.616,2.7484972760094655,1.9723840637343197
355.426449972,351.683,2.753051547930115,1.9789961453755434
355.592523165,351.715,2.755255642645673,1.9821001371028961
355.69260597699997,351.777,2.759641916068274,1.988105075424381
355.868670847,351.814,2.7623123447007303,1.9916566125690445
355.977161453,351.881,2.767269740420912,1.9980553661023845
356.12649432600006,351.913,2.769686864640749,2.0010907101982487
356.24517433200003,351.985,2.7752658646762045,2.007902433913946
356.39567583200005,352.012,2.77739776439557,2.010439153440837
356.511749034,352.077,2.7825695762909173,2.0164455345930783
356.67535300400004,352.111,2.785314274104837,2.0195503737613936
356.795421893,352.187,2.791485440394937,2.026326482353358
356.927177862,352.21,2.7933736932170716,2.0283430507149935
357.03604659000007,352.275,2.798829379878097,2.0340304006111642
357.222213218,352.309,2.801734620554931,2.0369805643748364
357.33483385,352.381,2.807886770531259,2.0430526993091918
357.48150245600004,352.408,2.8101786540030376,2.045249360741988
357.58355741800005,352.476,2.8161375106855444,2.0508029936480523
357.748616934,352.507,2.8189266741809855,2.0533336313730897
357.85096803199997,352.574,2.825016531737854,2.05871486087217
358.002644357,352.606,2.8279588753432945,2.061245909219033
358.117158065,352.682,2.835020385316363,2.067143714457965
358.25773675100004,352.705,2.837177966878672,2.068896917647425
358.361147332,352.778,2.8440745687804028,2.074351900226022
358.50880954600007,352.804,2.846550355060333,2.076255148876205
358.61383506800007,352.865,2.8524187030235986,2.080653929440363
358.772410919,352.903,2.8561156335297886,2.0833464722833908
358.8835975960001,352.97,2.862624324822387,2.0879408262978494
359.01415644300005,353.002,2.865738759686241,2.0900708543404654
359.12450645399997,353.063,2.8717740980565796,2.094076657351894
359.226658466,353.111,2.8766238463048786,2.0971887164192213
359.34139714900004,353.135,2.8790643172348993,2.09872019872449
359.4554253900001,353.21,2.886700423004248,2.103362770080026
359.61784602,353.234,2.889162610773972,2.1048117287747394
359.73404919000006,353.3,2.8960175225847666,2.1087272120404763
359.885726952,353.332,2.8993760806521975,2.1105845720781877
359.985820451,353.382,2.904665801441508,2.1134309778553164
360.087356546,353.417,2.9083930347849036,2.1153799269987714
360.19341761,353.449,2.911817313156549,2.117129868094755
360.306653504,353.501,2.9173735735928252,2.1198864638236836
360.40802735400007,353.541,2.9216671374369927,2.121945700471079
360.508476944,353.597,2.9277462740174283,2.1247591628598297
360.655636782,353.629,2.931239938747235,2.1263232681799997
360.82219917500004,353.701,2.93918533951875,2.1297410693475434
360.93060222200006,353.74,2.9435308439254775,2.131531783441352
361.079595389,353.801,2.950317859198037,2.1342186145955155
361.198225526,353.842,2.954882901365672,2.1359484699034335
361.33411099600005,353.901,2.961507640901088,2.1383503972759623
361.449682595,353.943,2.966249586633613,2.1399926791063297
361.59307818499997,354.001,2.972818551763871,2.142162759437388
361.6989594930001,354.038,2.977026981498001,2.1434894995010167
361.83262647900006,354.101,2.9841143843812317,2.145608741821859
361.93472817300005,354.124,2.9867028235045785,2.1463453883169663
362.04518418400005,354.193,2.9945707766988194,2.1484662833868873
362.21937567400005,354.223,2.998015797344217,2.1493411798959072
362.332124175,354.293,3.0060542633708103,2.1512560797046887
362.484028964,354.322,3.0093903478687203,2.1519984739523026
362.59278595,354.393,3.0175373029008545,2.1536817943854114
362.735727536,354.421,3.020754159994733,2.1542952552245476
362.84648418300003,354.488,3.028358888242277,2.1556257778357453
362.96496425600003,354.52,3.031625152857078,2.1561273926043776
363.071937778,354.588,3.038103902923727,2.156956951890772
363.226533487,354.619,3.041064350664132,2.1572610186810213
363.338824027,354.689,3.0479720225287847,2.1577944408818626
363.480064182,354.718,3.0509374067057804,2.157957653581148
363.58768303700003,354.786,3.0580670974895274,2.15819758764355
363.74051073,354.817,3.0614132194107464,2.158244415675296
363.85083047,354.895,3.070120953475763,2.15818729827128
363.962054943,354.916,3.072511164886004,2.1581314443803836
364.07121917899997,354.99,3.0811030019541508,2.157795902679774
364.173666839,355.015,3.084090848611961,2.15763560665679
364.284612016,355.079,3.091894616133135,2.157122324648132
364.425792078,355.114,3.0962156228430806,2.15678484840876
364.53077058200006,355.185,3.1051140827256933,2.155977688934961
364.69413606,355.213,3.108654202761456,2.155618211270323
364.80911468600004,355.28,3.1172670688073416,2.154660494355427
364.971091109,355.312,3.1213923664371572,2.1541626097550437
365.081566371,355.379,3.1300896608487063,2.153032178066806
365.257391612,355.411,3.1342647124389607,2.1524531310032313
365.3578462400001,355.469,3.1418740467893933,2.1513389855737985
365.53742137300003,355.51,3.1473284953905902,2.150498503158491
365.64339271200004,355.574,3.155759358374353,2.149131709145872
365.802550753,355.609,3.160350759847199,2.1483504041085197
365.917831763,355.677,3.169343321793782,2.1467466722619606
366.07303300500007,355.708,3.173503544719006,2.1459759993407155
366.17717213800006,355.775,3.1824941120065775,2.1442530338909163
366.329828935,355.807,3.186786094957937,2.143403068367003
366.450575749,355.881,3.1968603443683965,2.1413454796314593
366.59292749100007,355.906,3.2002872243554994,2.140628558795337
366.693328059,355.969,3.2089633486020537,2.13877813739735
366.86382064400004,356.005,3.213920574402756,2.137699050259101
366.96624564800004,356.067,3.222411768594261,2.135812932543389
367.145248682,356.104,3.227442787663763,2.1346702060122538
367.24816449800005,356.17,3.2366277374384347,2.132544810087273
367.41651635200003,356.203,3.241251022569353,2.1314603562396925
367.521587664,356.262,3.249481658449898,2.1295061726971505
367.68705416,356.302,3.2550437076274794,2.1281667838323344
367.801402802,356.359,3.2630536869683127,2.1262142317891644
367.913784448,356.424,3.2722217931264415,2.12395244864984
368.05061687,356.435,3.2737726739204183,2.1235670785921736
368.160563723,356.501,3.283118942272114,2.1212290818033335
368.282912849,356.534,3.2878752331537453,2.1200327456747856
368.39069881,356.595,3.2966877707119626,2.117811288555915
368.500003065,356.617,3.2998674286021754,2.1170085229498365
368.6162063830001,356.666,3.306950832357483,2.1152178571470195
368.723873903,356.701,3.3120149086520247,2.113935950718852
368.8392096040001,356.745,3.3183807297348484,2.1123226493583824
368.99270002700007,356.801,3.3264332750111456,2.1102836679503354
369.10864740700003,356.842,3.3323258776077567,2.1087938947709235
369.264444292,356.901,3.3408570542999056,2.106642126068269
369.37970536299997,356.929,3.3449060164433675,2.1056221967375004
369.49178994700003,356.997,3.3547472662095665,2.1031464877288313
369.64417422200006,357.028,3.3592351535676648,2.102018887454678
369.7443224130001,357.093,3.3683401773029322,2.0997628544132145
369.923726883,357.127,3.373066035176254,2.0985944940243733
370.032111663,357.195,3.382711110946008,2.096222405766685
370.18693059400005,357.226,3.387163342528286,2.0951379802637593
370.301552463,357.293,3.3966845095521094,2.092832988319593
370.430038145,357.325,3.401226191214614,2.091740275049511
370.54838590300005,357.385,3.4098154329555457,2.089683922181242
370.699198057,357.424,3.4154094445467567,2.0883514406155084
370.80538704,357.474,3.4225456922423456,2.086663219260364
370.912962042,357.515,3.428312387574409,2.0853054337109724
371.02313839,357.531,3.430565655837013,2.0847769303500674
371.1376211400001,357.592,3.4392331642272196,2.082759870460095
371.24686675600003,357.622,3.44349728080329,2.081774314064923
371.350898583,357.679,3.451432609117258,2.0799631299904346
371.456523489,357.701,3.4544898514367612,2.0792706508592906
371.59380415300006,357.721,3.4572699566837644,2.078644640189878
371.70468105,357.77,3.464149617033677,2.077107637336945
371.80895412100006,357.813,3.470198575633268,2.075771240805249
371.921168332,357.826,3.472027867321128,2.0753696498302734
372.0313440460001,357.887,3.480627837260431,2.0734972052702023
372.16281592200005,357.919,3.4851449331664535,2.0725236259420767
372.27460182900006,357.985,3.494412226712478,2.070549743708849
372.442732533,358.018,3.499027031713087,2.069579486760589
372.550931582,358.092,3.509621050097433,2.0673696625748765
372.723067988,358.117,3.5132141760188613,2.0666275828463667
372.83535814900006,358.177,3.521789431281664,2.0648686981561943
373.00336434999997,358.216,3.5273313581001355,2.0637418435111607
373.12486652300004,358.283,3.536771538381701,2.0618484258292504
373.293458298,358.315,3.541233036401809,2.060965071487192
373.402670756,358.386,3.5512795447337018,2.0590021711132382
373.554979582,358.414,3.5552507416771877,2.058236388641375
373.66636867600005,358.477,3.5640452025041096,2.0565819806089882
373.82809557400003,358.513,3.5689135007926547,2.05567433789162
373.936882063,358.581,3.578255785727817,2.0539751839268696
374.08990601900007,358.612,3.5825463234117083,2.0532136225068838
374.19881150800006,358.686,3.593081971526341,2.051367242048811
374.35267927000007,358.711,3.5966618540125985,2.0507502640469064
374.458076678,358.777,3.60600127971249,2.0491661251771456
374.643690428,358.81,3.610593610402939,2.0483981631289185
374.7488037950001,358.864,3.6181026282331317,2.0471666858468414
374.913606202,358.909,3.6243629927496124,2.0461631967420737
375.02337831400007,358.98,3.6343635949451323,2.044597994339415
375.1743002200001,359.008,3.6383369963813177,2.043988072006939
375.28866897,359.078,3.6483966538905084,2.0424637735842475
375.443587556,359.107,3.652599194451645,2.0418349291058226
375.551602569,359.176,3.662386163505641,2.0403962170238277
375.6978098100001,359.206,3.6666276902884474,2.039782585971275
375.805245626,359.275,3.6762790375918106,2.0384193058530147
375.956910773,359.305,3.6804756130110983,2.0378410106337097
376.068171314,359.372,3.6899506398513906,2.0365633846671183
376.22713636800006,359.404,3.6945296773288185,2.03595923143702
376.33707886600007,359.47,3.704070118416239,2.034718243364905
376.49705970900004,359.503,3.7088572438070924,2.0341035655911726
376.606992044,359.563,3.7175122508854614,2.0330061925249754
376.75739818400007,359.602,3.7231156152455886,2.0323066907607528
376.86839900100006,359.678,3.7339608351218416,2.0309821401268815
377.048569113,359.735,3.742061456346733,2.030021654744331
377.162520653,359.806,3.752054886917146,2.0288771191725377
377.32475506700007,359.834,3.7559961463499874,2.0284387290629913
377.429683735,359.897,3.7650219425387093,2.027454125604476
377.58764191600005,359.932,3.7701099719203226,2.026911726502007
377.690679167,359.999,3.779948195304109,2.0258745571676706
377.83606670200004,360.031,3.7846592646404997,2.025382181512238
377.9415556370001,360.085,3.792505047863104,2.0245723120033188
378.080962796,360.13,3.798988390099197,2.023913246554163
378.18674064900006,360.192,3.80796027735544,2.0230200673442567
378.32673485300006,360.229,3.813318408976285,2.0224963637907303
378.46179142200003,360.301,3.823665710121907,2.021508473806102
378.572970713,360.328,3.8275339708487333,2.02114821275933
378.692538627,360.401,3.838118655009845,2.0201837493241634
378.80757651400006,360.44,3.84380993836691,2.019675650904404
378.91402052500007,360.501,3.8525372554764705,2.018916612295276
379.03237176000005,360.541,3.858253441918418,2.018433155622531
379.132656267,360.601,3.8670014002282755,2.0177079209994013
379.23666084600006,360.625,3.870554580571513,2.0174186899810937
379.33693155700007,360.685,3.879159338521216,2.0167369589299584
379.4604023950001,360.724,3.884708696426405,2.016307552159015
379.57497655400005,360.798,3.895389758709422,2.0155107602285245
379.693911887,360.823,3.8990227406118065,2.015246979426803
379.79440910200003,360.899,3.9101541947289085,2.014454469863657
379.9355270340001,360.922,3.9135253996038704,2.01421866694785
380.04462487800004,360.995,3.924166278571661,2.0134892415934775
380.154737125,361.021,3.9279521234449675,2.0132357694622796
380.26193192000005,361.087,3.9377123562631997,2.0125899133424503
380.400299649,361.12,3.942629619583955,2.0122660235434604
380.50679939400004,361.201,3.9544707345499406,2.0114939476889657
380.616224646,361.233,3.9590855018143065,2.0111981022052734
380.7299144,361.301,3.9689940563788064,2.0105820696378527
380.849531277,361.332,3.973511632769186,2.0103084086737764
380.952661272,361.401,3.9835114780296648,2.009720918598864
381.062945465,361.423,3.9866986093733754,2.0095393469398073
381.1644539480001,361.493,3.996996301508558,2.0089645724549112
381.26954651000005,361.516,4.000381575579881,2.008779176522022
