elapsed_s,odom_x,odom_y,world_x,world_y
1.4113318340000092,8.784025113549143e-09,2.6808658132919314e-20,-2.4,-2.55
1.4303919780000456,8.784025113549206e-09,2.6808658132919705e-20,-2.4,-2.55
1.4529506690000176,8.784025113549223e-09,2.6808658132919807e-20,-2.4,-2.55
1.4893758080000339,8.784025113549294e-09,2.680865813292024e-20,-2.4,-2.55
1.5576692660000049,8.784025113549317e-09,2.6808658132920397e-20,-2.4,-2.55
1.5855037870000501,8.784025113549333e-09,2.68086581329205e-20,-2.4,-2.55
1.6090079780000224,8.784025113549323e-09,2.680865813292044e-20,-2.4,-2.55
1.6280271260000063,8.784025113549345e-09,2.6808658132920565e-20,-2.4,-2.55
1.6684859759999995,8.784025113549414e-09,2.6808658132921014e-20,-2.4,-2.55
1.7359461140000008,8.784025113549456e-09,2.6808658132921267e-20,-2.4,-2.55
1.7645201370000336,8.784025113549408e-09,2.6808658132920975e-20,-2.4,-2.55
1.786877144000016,8.784025113549456e-09,2.680865813292125e-20,-2.4,-2.55
1.8127018410000346,8.78402511354946e-09,2.6808658132921276e-20,-2.4,-2.55
1.8426988140000162,8.784025113549456e-09,2.680865813292125e-20,-2.4,-2.55
1.9309759960000292,8.784025113549484e-09,2.6808658132921444e-20,-2.4,-2.55
1.9554487550000204,8.78402511354951e-09,2.6808658132921613e-20,-2.4,-2.55
1.9793368250000185,8.78402511354957e-09,2.6808658132921977e-20,-2.4,-2.55
2.008236908000015,8.784025113549616e-09,2.6808658132922296e-20,-2.4,-2.55
2.039019966000012,8.784025113549706e-09,2.680865813292282e-20,-2.4,-2.55
2.119878362999998,8.784025113549798e-09,2.680865813292339e-20,-2.4,-2.55
2.141396999000051,8.784025113549853e-09,2.6808658132923737e-20,-2.4,-2.55
2.171251919000042,8.7840251135499e-09,2.680865813292403e-20,-2.4,-2.55
2.194520480000051,8.784025113549944e-09,2.6808658132924282e-20,-2.4,-2.55
2.2214836460000242,8.784025113549924e-09,2.680865813292413e-20,-2.4,-2.55
2.2962566820000347,8.78402511354995e-09,2.6808658132924297e-20,-2.4,-2.55
2.320024128,8.784025113549997e-09,2.6808658132924556e-20,-2.4,-2.55
2.3477163290000362,8.784025113550027e-09,2.680865813292474e-20,-2.4,-2.55
2.3688181230000396,8.784025113549995e-09,2.680865813292453e-20,-2.4,-2.55
2.400697929000046,8.784025113550003e-09,2.6808658132924577e-20,-2.4,-2.55
2.4767582470000207,8.784025113550013e-09,2.6808658132924646e-20,-2.4,-2.55
2.5029660570000374,8.78402511355013e-09,2.680865813292537e-20,-2.4,-2.55
2.527689803000044,8.784025113550142e-09,2.6808658132925434e-20,-2.4,-2.55
2.551269441000045,8.784025113550232e-09,2.6808658132925994e-20,-2.4,-2.55
2.578361545000007,8.784025113550328e-09,2.6808658132926578e-20,-2.4,-2.55
2.65963050900001,8.784025113550455e-09,2.6808658132927342e-20,-2.4,-2.55
2.681676684000024,8.784025113550546e-09,2.6808658132927905e-20,-2.4,-2.55
2.705123100000037,8.784025113550673e-09,2.6808658132928718e-20,-2.4,-2.55
2.7260997360000374,8.784025113550738e-09,2.6808658132929145e-20,-2.4,-2.55
2.7526753140000437,8.78402511355082e-09,2.680865813292964e-20,-2.4,-2.55
2.835915936000049,8.7840251135509e-09,2.6808658132930168e-20,-2.4,-2.55
2.8577336100000252,8.784025113551013e-09,2.6808658132930845e-20,-2.4,-2.55
2.8833353800000054,8.784025113551142e-09,2.6808658132931615e-20,-2.4,-2.55
2.9084055060000082,8.784025113551193e-09,2.680865813293193e-20,-2.4,-2.55
2.9361121580000145,8.784025113551267e-09,2.6808658132932386e-20,-2.4,-2.55
3.023848909000037,8.784025113551401e-09,2.680865813293322e-20,-2.4,-2.55
3.0461382120000167,8.784025113551461e-09,2.68086581329336e-20,-2.4,-2.55
3.068863965000048,8.78402511355152e-09,2.680865813293394e-20,-2.4,-2.55
3.099183799000002,8.784025113551578e-09,2.6808658132934285e-20,-2.4,-2.55
3.1290762670000163,8.784025113551578e-09,2.680865813293428e-20,-2.4,-2.55
3.215069932000006,8.784025113551707e-09,2.6808658132935064e-20,-2.4,-2.55
3.241087200000038,8.784025113551774e-09,2.6808658132935473e-20,-2.4,-2.55
3.2680503130000034,8.78402511355192e-09,2.6808658132936352e-20,-2.4,-2.55
3.2951503670000193,8.784025113551989e-09,2.6808658132936785e-20,-2.4,-2.55
3.317224503000034,8.7840251135521e-09,2.6808658132937462e-20,-2.4,-2.55
3.3981759610000495,8.784025113552187e-09,2.680865813293798e-20,-2.4,-2.55
3.4243305200000123,8.78402511355223e-09,2.6808658132938266e-20,-2.4,-2.55
3.445842618000029,8.784025113552336e-09,2.6808658132938916e-20,-2.4,-2.55
3.4658430599999974,8.784025113552386e-09,2.68086581329392e-20,-2.4,-2.55
3.49700051100001,8.784025113552483e-09,2.680865813293977e-20,-2.4,-2.55
3.5775693140000158,8.784025113552583e-09,2.6808658132940375e-20,-2.4,-2.55
3.6004532600000516,8.784025113552679e-09,2.6808658132940968e-20,-2.4,-2.55
3.624203014000045,8.784025113552852e-09,2.6808658132942052e-20,-2.4,-2.55
3.6507003960000475,8.784025113552928e-09,2.6808658132942476e-20,-2.4,-2.55
3.6733451770000443,8.784025113553003e-09,2.6808658132942924e-20,-2.4,-2.55
3.753029300000037,8.784025113553047e-09,2.6808658132943222e-20,-2.4,-2.55
3.778393400000027,8.784025113553064e-09,2.6808658132943325e-20,-2.4,-2.55
3.80218200500002,8.784025113553143e-09,2.6808658132943827e-20,-2.4,-2.55
3.8216305870000156,8.784025113553238e-09,2.680865813294442e-20,-2.4,-2.55
3.850119199000005,8.784025113553325e-09,2.6808658132944956e-20,-2.4,-2.55
3.932929752000007,8.784025113553368e-09,2.680865813294521e-20,-2.4,-2.55
3.9576741380000158,8.784025113553392e-09,2.6808658132945374e-20,-2.4,-2.55
3.9814661280000223,8.78402511355354e-09,2.680865813294628e-20,-2.4,-2.55
4.007065720000014,8.78402511355369e-09,2.6808658132947155e-20,-2.4,-2.55
4.029506052000045,8.784025113553762e-09,2.6808658132947595e-20,-2.4,-2.55
4.117922092000015,8.784025113553842e-09,2.6808658132948064e-20,-2.4,-2.55
4.138852908000047,8.78402511355395e-09,2.6808658132948723e-20,-2.4,-2.55
4.163388660999999,8.784025113554048e-09,2.6808658132949283e-20,-2.4,-2.55
4.194048050000049,8.7840251135541e-09,2.68086581329496e-20,-2.4,-2.55
4.21366192000005,8.784025113554272e-09,2.6808658132950658e-20,-2.4,-2.55
4.301715473000002,8.784025113554358e-09,2.68086581329512e-20,-2.4,-2.55
4.318936823000001,8.784025113554414e-09,2.6808658132951564e-20,-2.4,-2.55
4.34184257000004,8.784025113554424e-09,2.6808658132951642e-20,-2.4,-2.55
4.371409220000032,8.784025113554478e-09,2.6808658132951967e-20,-2.4,-2.55
4.460101751000025,8.784025113554606e-09,2.6808658132952722e-20,-2.4,-2.55
4.48873291700005,8.78402511355467e-09,2.6808658132953135e-20,-2.4,-2.55
4.510964767000019,6.60087589040764e-05,-5.3860798066932706e-08,-2.399934000025121,-2.550000053860798
4.5343649160000155,0.000496007255430398,-1.1578351011027346e-06,-2.3995040015285944,-2.550001157835101
4.56048637400005,0.001325997676848923,-5.108560769907803e-06,-2.3986740111071763,-2.55000510856077
4.650946225000041,0.0025559672123406656,-1.3727925530180256e-05,-2.3974440415716844,-2.55001372792553
4.681765407,0.00418589682733695,-2.8837768798514405e-05,-2.395814111956688,-2.5500288377687985
4.700879904000033,0.00621576125918516,-5.2260220112257716e-05,-2.39378424752484,-2.550052260220112
4.730390209999996,0.008645528355450979,-8.586436442120277e-05,-2.391354480428574,-2.550085864364421
4.756252000000018,0.01136529856702494,-0.00012968928237388125,-2.388634710217,-2.5501296892823735
4.840165869000032,0.014098332888133544,-0.00018002944625280203,-2.3859016758958913,-2.5501800294462527
4.870563906000029,0.01683455455100605,-0.000236726330391437,-2.3831654542330187,-2.5502367263303913
4.892465580000021,0.01957242303587156,-0.0002996691154987644,-2.3804275857481536,-2.5502996691154984
4.9232721600000104,0.02231014189574691,-0.0003688144616877277,-2.377689866888278,-2.5503688144616876
4.945088072000033,0.0250476970789292,-0.0004441620140607623,-2.374952311705096,-2.5504441620140605
5.041305061000003,0.02778507453455558,-0.0005257113858868321,-2.3722149342494694,-2.5505257113858866
5.065308324,0.03050575638475897,-0.0006130420088815676,-2.369494252399266,-2.5506130420088815
5.090350344000001,0.03321521326330477,-0.0007067605060305277,-2.3667847955207204,-2.5507067605060305
5.115669707000052,0.03592442697769643,-0.0008072631585278803,-2.3640755818063286,-2.5508072631585277
5.146204814000043,0.03863338054124861,-0.0009145493362252923,-2.3613666282427763,-2.550914549336225
5.232032196000034,0.041342056968906984,-0.0010286183664416273,-2.358657951815118,-2.5510286183664412
5.263865891000023,0.044103795055353605,-0.0011514073674872953,-2.355896213728671,-2.5511514073674872
5.286127388000011,0.04694143421198226,-0.0012817938135897269,-2.3530585745720427,-2.5512817938135894
5.3060308810000265,0.04977889057523212,-0.0014160994175477623,-2.350221118208793,-2.5514160994175477
5.337059140000008,0.05261615873221937,-0.001554323923150999,-2.3473838500518056,-2.551554323923151
5.4271290610000165,0.05545323327042605,-0.0016964670667150268,-2.344546775513599,-2.551696467066715
5.456270881000023,0.058291859696287876,-0.001842613079491386,-2.341708149087737,-2.5518426130794913
5.477431394999996,0.06113437185999114,-0.001992786027917374,-2.3388656369240337,-2.5519927860279172
5.504091816000027,0.0639766816970097,-0.0021467409097095397,-2.336023327087015,-2.552146740909709
5.527400508000028,0.06681878417552209,-0.002304477452316913,-2.333181224608503,-2.5523044774523167
5.615312969000001,0.06966067426407396,-0.002465995376494618,-2.330339334519951,-2.5524659953764943
5.640301950000037,0.07250234693158701,-0.0026312943963024697,-2.327497661852438,-2.5526312943963023
5.664693075000002,0.07532929821852055,-0.0027996332149664476,-2.3246707105655045,-2.552799633214966
5.682612476000031,0.07814978310066127,-0.0029718424456467037,-2.3218502256833635,-2.5529718424456465
5.709189945000048,0.08097000468296442,-0.003148311185732132,-2.3190300041010605,-2.553148311185732
5.732368263000012,0.0837899565327027,-0.0033290390327104843,-2.3162100522513223,-2.55332903903271
5.7529840790000435,0.08660963221776402,-0.0035140255743536775,-2.313390376566261,-2.5535140255743536
5.8306497980000245,0.08942902530666641,-0.003703270388720634,-2.3105709834773585,-2.5537032703887204
5.85933466900002,0.09228408877737546,-0.003898982966805427,-2.3077159200066495,-2.553898982966805
5.88414584100002,0.0951895913953157,-0.004100630047418631,-2.304810417388709,-2.5541006300474183
5.909005067999999,0.09809494024732765,-0.004304480620426729,-2.3019050685366973,-2.5543044806204267
5.934083246,0.10100013366230935,-0.004510534568578893,-2.2989998751217158,-2.554510534568579
6.010215162999998,0.10393243421350534,-0.004720566229174268,-2.2960675745705195,-2.554720566229174
6.035613914999999,0.1069083226754974,-0.004934420949251378,-2.2930916861085278,-2.5549344209492513
6.059844186000021,0.10988418064215925,-0.005148699603797536,-2.290115828141866,-2.5551486996037975
6.107088796000028,0.11286000805309501,-0.005363402188459414,-2.28714000073093,-2.5553634021884593
6.1288215339999965,0.11583580484791302,-0.00557852869888655,-2.284164203936112,-2.5555785286988866
6.195483764000016,0.11881157096622293,-0.00579407913070749,-2.2811884378178022,-2.5557940791307074
6.220494238000015,0.12171598605695302,-0.006005641502237384,-2.278284022727072,-2.5560056415022374
6.244949122000037,0.12460764209600153,-0.006218786861756022,-2.2753923666880236,-2.5562187868617556
6.292826057000013,0.12749911139049316,-0.006434450747132931,-2.272500897393532,-2.556434450747133
6.314075084000024,0.13039039174688621,-0.006652632994759247,-2.2696096170371387,-2.556652632994759
6.383586745000002,0.13328148097178125,-0.006873333439116864,-2.2667185278122437,-2.5568733334391167
6.407989415000031,0.13618093422630342,-0.00709718531556321,-2.2638190745577216,-2.557097185315563
6.432192229000009,0.1391094794290108,-0.007325151070645438,-2.2608905293550143,-2.5573251510706454
6.47465336700003,0.14203790053079718,-0.007554705509532876,-2.2579621082532277,-2.5575547055095327
6.500948395000023,0.1449661966698281,-0.007785848564668643,-2.255033812114197,-2.5577858485646683
6.568960629000003,0.1478943669843077,-0.008018580168026689,-2.252105641799717,-2.5580185801680266
6.5926550010000255,0.15082241061247692,-0.008252900251114302,-2.2491775981715483,-2.558252900251114
6.62223506600003,0.15377927431729277,-0.008490868374707488,-2.246220734466732,-2.558490868374707
6.664201159000015,0.15675039429300922,-0.008730531490223042,-2.243249614491016,-2.5587305314902227
6.6857813580000425,0.15972147428609804,-0.0089706897582629,-2.240278534497927,-2.558970689758263
6.755204433000017,0.16269380348661286,-0.009211443487177954,-2.237306205297412,-2.559211443487178
6.781373572000007,0.16566996708357717,-0.009452910449994011,-2.234330041700448,-2.559452910449994
6.805853336000041,0.16864610124134144,-0.00969473998709691,-2.2313539075426836,-2.559694739987097
6.849545375000048,0.17162220591573474,-0.00993693209489786,-2.22837780286829,-2.5599369320948977
6.918591243000037,0.17459828106258649,-0.010179486769802057,-2.2254017277214384,-2.560179486769802
6.9409542860000215,0.17757432663772632,-0.01042240400821217,-2.222425682146299,-2.560422404008212
6.967784464000033,0.18054865919823365,-0.010665377732616112,-2.2194513495857913,-2.560665377732616
6.989759431000039,0.18352210906376376,-0.010907895551793906,-2.216477899720261,-2.560907895551794
7.036712480000006,0.18649559394929083,-0.011149983616313686,-2.213504414834734,-2.5611499836163136
7.1012099750000175,0.1894691137927015,-0.011391641921117893,-2.2105308949913236,-2.5613916419211176
7.134234339000045,0.19244266853188335,-0.011632870461158115,-2.2075573402521416,-2.5616328704611577
7.154131825000036,0.19540148736173413,-0.01187254749219581,-2.204598521422291,-2.5618725474921957
7.1791590189999965,0.19831590959149456,-0.012109896804587676,-2.2016840991925304,-2.5621098968045874
7.221214952000025,0.20123017500246668,-0.012349163901753266,-2.1987698337815584,-2.5623491639017533
7.286400578000041,0.20414428233269244,-0.012590348680083803,-2.1958557264513328,-2.5625903486800836
7.317006717000027,0.20709573200325687,-0.012836202923240949,-2.192904276780768,-2.5628362029232408
7.343015431000026,0.2100796904289782,-0.013084784898569991,-2.1899203183550466,-2.5630847848985696
7.363854327000013,0.21306366114237107,-0.013333219329575222,-2.186936347641654,-2.563333219329575
7.399312285999997,0.21604764413614053,-0.013581506215648045,-2.1839523646478844,-2.5635815062156477
7.476589539000031,0.2190316394029894,-0.013829645556182874,-2.1809683693810356,-2.563829645556183
7.502579337000043,0.2220142132251566,-0.014077521573655818,-2.177985795558868,-2.5640775215736555
7.529570392000039,0.22498386552343866,-0.01432457357063347,-2.1750161432605863,-2.5643245735706333
7.556162527000026,0.2279534747637746,-0.014572142594548362,-2.17204653402025,-2.5645721425945482
7.590257598000051,0.2309230408561504,-0.014820228637895286,-2.1690769679278747,-2.564820228637895
7.667954219000023,0.23389256371055075,-0.015068831693155222,-2.1661074450734743,-2.565068831693155
7.6925316790000124,0.236862043236962,-0.015317951752793678,-2.163137965547063,-2.5653179517527933
7.716468305000035,0.239833610477145,-0.015567625531732389,-2.16016639830688,-2.5655676255317323
7.738912630000016,0.24280693879267345,-0.0158171217088215,-2.1571930699913517,-2.5658171217088213
7.77560808100003,0.24578030215620222,-0.016066199854654677,-2.154219706627823,-2.5660661998546543
7.8430624040000225,0.24875370050895826,-0.016314859964308127,-2.151246308275067,-2.566314859964308
7.86571466700002,0.25172276644872416,-0.016562697760949166,-2.148277242335301,-2.566562697760949
7.887637548000043,0.2546900068801373,-0.016809808042936046,-2.1453100019038875,-2.566809808042936
7.912906458000009,0.2576572954154312,-0.017056340023796048,-2.1423427133685937,-2.567056340023796
7.948106561000031,0.26062463194189844,-0.01730229369416554,-2.1393753768421266,-2.567302293694165
8.031787576,0.26359201634682844,-0.017547669044701723,-2.1364079924371966,-2.5675476690447017
8.055379843000026,0.26656247097057556,-0.017792755944761915,-2.1334375378134496,-2.5677927559447618
8.08463974700004,0.2695399775635812,-0.0180385242565222,-2.130460031220444,-2.5680385242565222
8.10864804900001,0.2725174577966743,-0.018284611712519747,-2.1274825509873505,-2.5682846117125195
8.148644960000013,0.27549491163564593,-0.018531018309928423,-2.124505097148379,-2.5685310183099284
8.22366157600004,0.2784723390462903,-0.018777744045916662,-2.1215276697377345,-2.5687777440459163
8.251103619000048,0.28144973999439993,-0.019024788917653412,-2.118550268789625,-2.569024788917653
8.27554576,0.28439283549354927,-0.019268544850857317,-2.1156071732904755,-2.569268544850857
8.29950095800001,0.2873360296756869,-0.019511106344677544,-2.112663979108338,-2.5695111063446774
8.330821348000029,0.2902793220560616,-0.019752473359160562,-2.109720686727963,-2.5697524733591606
8.395882663000009,0.29322271214990037,-0.019992645854554424,-2.1067772966341245,-2.5699926458545543
8.427164712000035,0.29619338321959354,-0.02023431657225327,-2.1038066255644314,-2.570234316572253
8.448701513000003,0.29917177732987027,-0.02047689026406788,-2.100828231454155,-2.5704768902640676
8.472576719000017,0.3021501467350902,-0.02071976710146328,-2.0978498620489345,-2.570719767101463
8.50197868400005,0.30512849140439885,-0.0209629470819124,-2.094871517379626,-2.570962947081912
8.578326189000052,0.30810681130694234,-0.021206430202903047,-2.0918931974770825,-2.5712064302029027
8.603062800000032,0.31108432913871886,-0.02145015381342026,-2.0889156796453063,-2.5714501538134202
8.623898402999998,0.3140548176649424,-0.02169372670137536,-2.0859451911190825,-2.5716937267013753
8.649858291000044,0.3170252648960733,-0.021937802679794123,-2.082974743887952,-2.571937802679794
8.67831350800003,0.3199956707469065,-0.02218238174167426,-2.0800043380371185,-2.572182381741674
8.756414609000046,0.3229609636848907,-0.02242698011965102,-2.0770390450991343,-2.572426980119651
8.779230258000041,0.3259144587702191,-0.022670018146175544,-2.074085550013806,-2.5726700181461752
8.802692465999996,0.32886803063534775,-0.022912121303792207,-2.071131978148677,-2.572912121303792
8.829635309000025,0.3318216789843612,-0.023153289568243387,-2.0681783297996637,-2.573153289568243
8.853490722000004,0.3347754035213379,-0.02339352291536605,-2.0652246052626873,-2.573393522915366
8.933170888000006,0.33772920395034867,-0.023632821321093553,-2.0622708048336764,-2.5736328213210933
8.956531768000048,0.34068986045815414,-0.023871762097455805,-2.0593101483258707,-2.573871762097456
8.978854513000044,0.3436631577401033,-0.02411117412547138,-2.0563368510439215,-2.574111174125471
9.002560965000043,0.3466364904277527,-0.024350146037121857,-2.053363518356272,-2.574350146037122
9.02693176300005,0.34960985845595516,-0.024588677827175803,-2.0503901503280697,-2.5745886778271756
9.116162605,0.3525812688296088,-0.0248267579635568,-2.0474187399544164,-2.5748267579635566
9.138233011000011,0.3555510234472791,-0.025065142403883488,-2.044448985336746,-2.5750651424038833
9.166444628000022,0.3585207352652961,-0.02530405943654622,-2.041479273518729,-2.575304059436546
9.190123754000012,0.36149040418814476,-0.025543509053858996,-2.0385096045958804,-2.5755435090538588
9.21374286400004,0.3644600301203124,-0.025783491248119978,-2.0355399786637127,-2.57578349124812
9.303765198000008,0.36742961296628707,-0.026024006011612588,-2.032570395817738,-2.5760240060116124
9.326572311000007,0.3703586339945226,-0.02626071513059874,-2.0296413747895024,-2.5762607151305987
9.352352467000003,0.3732877806293221,-0.026495864833267182,-2.026712228154703,-2.576495864833267
9.372312945000033,0.3762170520404557,-0.026729455052965756,-2.0237829567435694,-2.5767294550529654
9.396179086000018,0.3791464473976516,-0.026961485723485678,-2.0208535613863736,-2.5769614857234857
9.474466368000037,0.3820759658706034,-0.027191956779060344,-2.0179240429134215,-2.57719195677906
9.495513628000026,0.38500560662896943,-0.027420868154364383,-2.0149944021550557,-2.577420868154364
9.517719389000035,0.3879465920471935,-0.02764920577385536,-2.0120534167368316,-2.5776492057738554
9.546107580000012,0.3908904795314041,-0.027876546722940078,-2.009109529252621,-2.57787654672294
9.568338672000039,0.3938344600557302,-0.028102679646707814,-2.006165548728295,-2.5781026796467077
9.65846579500004,0.39677253520561745,-0.028327124131294488,-2.0032274735784075,-2.5783271241312944
9.678877685000032,0.3996967318929765,-0.02854891457305744,-2.0003032768910485,-2.5785489145730573
9.712873403000003,0.4026210576448442,-0.028768996747216308,-1.9973789511391808,-2.578768996747216
9.728972202000023,0.4055455114632789,-0.02898737057866742,-1.994454497320746,-2.5789873705786674
9.754564377000008,0.40847009235029486,-0.029204035992889538,-1.9915299164337301,-2.5792040359928894
9.845336939000049,0.41139479930786355,-0.029418992915944315,-1.9886052094761615,-2.579418992915944
9.865219720000027,0.4143604579185946,-0.02963566796036966,-1.9856395508654303,-2.5796356679603694
9.893201196999996,0.4173486650976209,-0.029854007518630238,-1.982651343686404,-2.5798540075186303
9.912236670000027,0.42033686503378576,-0.030072446180456923,-1.9796631437502392,-2.580072446180457
9.94186899600004,0.42332505772380474,-0.03029098394560619,-1.9766749510602202,-2.580290983945606
10.02640025300002,0.4263132431643904,-0.030509620813827295,-1.9736867656196346,-2.580509620813827
10.051803703000019,0.42930142135225535,-0.03072835678488955,-1.9706985874317695,-2.5807283567848893
10.071756386000004,0.4322739995317373,-0.030945748074202587,-1.9677260092522877,-2.5809457480742024
10.096846045999996,0.43524661437643236,-0.031162637425925212,-1.9647533944075926,-2.581162637425925
10.120015912000042,0.43821926580158677,-0.03137902483386889,-1.9617807429824383,-2.581379024833869
10.208950445000028,0.44119002871062746,-0.03159476438065609,-1.9588099800733976,-2.581594764380656
10.231548190000012,0.44415506191256987,-0.03180944102884606,-1.9558449468714552,-2.5818094410288457
10.252482636000025,0.44712014564850316,-0.03202341857627081,-1.9528798631355218,-2.5820234185762705
10.279349742000022,0.45008527975359247,-0.032236697011036104,-1.9499147290304326,-2.582236697011036
10.301083736999999,0.45305046406299937,-0.03244927632128281,-1.9469495447210257,-2.5824492763212827
10.395199681999998,0.4560156984118833,-0.03266115649519639,-1.9439843103721417,-2.5826611564951962
10.41438062900005,0.4589414917032007,-0.03286912347989728,-1.9410585170808243,-2.582869123479897
10.444028622000019,0.46185754064439366,-0.0330744718453157,-1.9381424681396313,-2.5830744718453156
10.464568229999998,0.464773725495445,-0.03327788102188003,-1.93522628328858,-2.5832778810218797
10.544514266000022,0.4676900449667834,-0.03347935091964043,-1.9323099638172416,-2.58347935091964
10.57028038300001,0.4706641204184927,-0.03368370869290018,-1.9293358883655323,-2.5836837086929
10.592101546000038,0.4736494291320208,-0.033889025856535485,-1.9263505796520042,-2.5838890258565352
10.617094211000051,0.4766347242457255,-0.03409454066584347,-1.9233652845382996,-2.584094540665843
10.640879310000003,0.4796200057465213,-0.03430025311991485,-1.9203800030375038,-2.5843002531199146
10.729931118000025,0.4826052736213222,-0.03450616321785084,-1.9173947351627028,-2.5845061632178505
10.754706200000044,0.4855835033117314,-0.034711750827999974,-1.9144165054722935,-2.5847117508279998
10.774278170000002,0.4885406937759511,-0.03491527849314464,-1.9114593150080739,-2.5849152784931446
10.80355460300001,0.4914979472701539,-0.035117888273709416,-1.908502061513871,-2.585117888273709
10.828745931000014,0.4944552635094363,-0.03531958015017479,-1.9055447452745886,-2.5853195801501747
10.913509447000024,0.49741264220888926,-0.03552035410311025,-1.9025873665751356,-2.58552035410311
10.934252479999998,0.500370083083598,-0.035720210113171356,-1.899629925700427,-2.585720210113171
10.954050077000034,0.5033177229380554,-0.035918460925631036,-1.8966822858459695,-2.585918460925631
10.978399619000015,0.5062260219897232,-0.03611230640441512,-1.8937739867943018,-2.586112306404415
11.000927998000009,0.5091344634635981,-0.0363040031352484,-1.8908655453204268,-2.586304003135248
11.090377352000019,0.5120430457721151,-0.036493551013494246,-1.8879569630119097,-2.586493551013494
11.113035123000031,0.5149711346350708,-0.036682349016079176,-1.8850288741489543,-2.586682349016079
11.136909007000042,0.5179133519784322,-0.036870666357837846,-1.8820866568055927,-2.5868706663578376
11.159028733000014,0.5208556535058806,-0.03705766378657996,-1.8791443552781444,-2.5870576637865796
11.182694282,0.523798038625288,-0.03724334126467497,-1.876201970158737,-2.5872433412646747
11.275168473000008,0.5267405067445092,-0.037427698754754365,-1.8732595020395157,-2.587427698754754
11.304851800000051,0.5296708862331372,-0.037609942807077204,-1.8703291225508878,-2.587609942807077
11.325169144000029,0.5325648805571384,-0.03778773543288072,-1.8674351282268866,-2.5877877354328804
11.349063522000051,0.5354590287157537,-0.0379630060839237,-1.8645409800682713,-2.5879630060839234
11.370872420000012,0.5383533285112064,-0.03813575462710853,-1.8616466802728184,-2.588135754627108
11.458307766000019,0.5412477777456044,-0.03830598093125131,-1.8587522310384206,-2.588305980931251
11.484435933000043,0.5441423742209418,-0.038473684867085106,-1.8558576345630833,-2.588473684867085
11.511786586000028,0.5470451169325978,-0.0386393481052397,-1.8529548918514271,-2.5886393481052394
11.532836880000048,0.5499749866816038,-0.038804642848041394,-1.8500250221024213,-2.588804642848041
11.559106822000047,0.5529049497499968,-0.0389682751064458,-1.8470950590340283,-2.5889682751064456
11.65487387600001,0.5558350051944404,-0.03913024482776929,-1.8441650035895845,-2.589130244827769
11.678454570000042,0.5587651520715673,-0.039290551959863446,-1.8412348567124577,-2.5892905519598632
11.708361472000036,0.5617006447864777,-0.03944949282361979,-1.8382993639975473,-2.58944949282362
11.729294969000023,0.5646761398075666,-0.039609655406288455,-1.8353238689764584,-2.589609655406288
11.754849590000049,0.5676516628187882,-0.03976929713992651,-1.8323483459652368,-2.5897692971399264
11.775974868000048,0.570627213728967,-0.03992841801964547,-1.829372795055058,-2.589928418019645
11.797655288000044,0.5736027924469296,-0.04008701804056929,-1.8263972163370954,-2.590087018040569
11.881495201999996,0.5765783988815016,-0.04024509719783788,-1.8234216099025233,-2.5902450971978377
11.90335197600001,0.5795565151334209,-0.04040279158065551,-1.820443493650604,-2.5904027915806553
11.934666198000002,0.5825487117142643,-0.040560981743310916,-1.8174512970697607,-2.5905609817433106
11.954408159000025,0.585540913263126,-0.04071907790696615,-1.814459095520899,-2.5907190779069658
11.976404183,0.5885331197770529,-0.04087708007144023,-1.811466889006972,-2.59087708007144
12.054305212000031,0.5915257957128199,-0.04103501395623676,-1.808474213071205,-2.5910350139562364
12.077153305000024,0.5945211052827528,-0.0411930614520365,-1.8054789035012722,-2.5911930614520364
12.100145184000041,0.5975164141354009,-0.0413511225412037,-1.8024835946486242,-2.5913511225412034
12.14615169000001,0.6005117222707019,-0.04150919722373509,-1.799488286513323,-2.591509197223735
12.166174676000026,0.6035070296885947,-0.04166728549962743,-1.7964929790954303,-2.591667285499627
12.231060651999996,0.6065023363890174,-0.041825387368877455,-1.7934976723950076,-2.5918253873688775
12.254441075000045,0.6094770469922927,-0.04198234950933005,-1.7905229617917322,-2.5919823495093297
12.275352177000002,0.612390039876457,-0.04213454662696298,-1.787609968907568,-2.592134546626963
12.318599728000038,0.6153031415313741,-0.04228464743943901,-1.7846968672526509,-2.5922846474394388
12.342958697000029,0.6182163504484632,-0.0424326518690267,-1.7817836583355617,-2.5924326518690264
12.405217004999997,0.6211388466640699,-0.0425790502336503,-1.778861162119955,-2.5925790502336503
12.425743281000052,0.6240934733007203,-0.04272569081138679,-1.7759065354833048,-2.5927256908113865
12.45049149800002,0.627048152786547,-0.042871262639296685,-1.772951855997478,-2.5928712626392967
12.491909907000036,0.6300028847349602,-0.043015765698331064,-1.7699971240490648,-2.593015765698331
12.515434869000046,0.6329576687593644,-0.04315919996958556,-1.7670423400246604,-2.5931591999695853
12.58079185300005,0.6359125044731571,-0.04330156543429159,-1.764087504310868,-2.5933015654342912
12.601460841000005,0.6388696410560963,-0.04344297365472159,-1.7611303677279286,-2.5934429736547213
12.628931842000043,0.6418395657050019,-0.04358416443639227,-1.758160443079023,-2.593584164436392
12.664953762000039,0.6448095229716584,-0.043724667430098015,-1.7551904858123666,-2.5937246674300978
12.690107133000026,0.6477795126967847,-0.04386448262830212,-1.7522204960872403,-2.593864482628302
12.757223011000008,0.6507264799076552,-0.044002429883164114,-1.7492735288763699,-2.594002429883164
12.776096514000017,0.6536307144904,-0.04413638735685327,-1.746369294293625,-2.594136387356853
12.799272905999999,0.6565350557317355,-0.04426801208947187,-1.7434649530522894,-2.5942680120894717
12.841552690000015,0.6594395017579581,-0.04439730399610365,-1.7405605070260668,-2.5943973039961037
12.90591133700002,0.6623440506952943,-0.04452426299333648,-1.7376559580887307,-2.5945242629933363
12.932050859000014,0.6652487006699053,-0.044648888999264155,-1.7347513081141197,-2.594648888999264
12.951338489000022,0.6681557856399677,-0.044771282825261965,-1.7318442231440572,-2.5947712828252616
12.981031926000014,0.6710873525916458,-0.044892754704842414,-1.7289126561923793,-2.5948927547048424
13.01901913100005,0.6740189884599432,-0.04501255180588198,-1.7259810203240817,-2.595012551805882
13.086591393000049,0.676950692288073,-0.045130674089282785,-1.723049316495952,-2.5951306740892828
13.111251639000045,0.6798967312412181,-0.04524777317331967,-1.720103277542807,-2.5952477731733197
13.131129146000035,0.6828848770481348,-0.04536631502016726,-1.7171151317358901,-2.595366315020167
13.159232674999998,0.6858730130810697,-0.04548510298896449,-1.7141269957029552,-2.5954851029889645
13.195082161000016,0.6888611393197508,-0.0456041370788963,-1.7111388694642742,-2.595604137078896
13.264484654,0.6918492557439045,-0.045723417289158214,-1.7081507530401203,-2.595723417289158
13.285694393000028,0.694837362333259,-0.04584294361893943,-1.7051626464507659,-2.595842943618939
13.305627565999998,0.6978157627281919,-0.04596226782380906,-1.702184246055833,-2.595962267823809
13.335857598000018,0.700771562691965,-0.0460799352792243,-1.69922844609206,-2.5960799352792243
13.367798444000016,0.7037274051482327,-0.0461965304319478,-1.6962726036357922,-2.5961965304319476
13.43904985100005,0.7066832897079846,-0.04631205326663343,-1.6933167190760403,-2.596312053266633
13.468005301000005,0.7096539900079009,-0.046427203675580626,-1.6903460187761241,-2.5964272036755807
13.48988244000003,0.7126443606315954,-0.046543115570461625,-1.6873556481524297,-2.5965431155704612
13.518541656000025,0.7156347238316768,-0.04665921882632423,-1.684365284952348,-2.596659218826324
13.552663830000029,0.7186250795959005,-0.046775513442685566,-1.6813749291881246,-2.5967755134426853
13.626104361000046,0.7216154279120209,-0.04689199941907178,-1.6783845808720042,-2.596891999419072
13.647721640000043,0.7246057687677933,-0.04700867675501111,-1.6753942400162316,-2.597008676755011
13.675314345000004,0.7275859766742611,-0.047125274135840264,-1.672414032109764,-2.59712527413584
13.696649782999998,0.7305656336615345,-0.047242316365183154,-1.6694343751224905,-2.597242316365183
13.726175898999998,0.7335452723079724,-0.047359824585801125,-1.6664547364760525,-2.597359824585801
13.807475441000008,0.7365248925406978,-0.04747779879481736,-1.6634751162433272,-2.597477798794817
13.83078744100004,0.739504494286834,-0.047596238989349206,-1.6604955144971911,-2.597596238989349
13.855169559000046,0.7424853353013854,-0.047715192179017644,-1.6575146734826396,-2.5977151921790176
13.881238924000002,0.7454711928874291,-0.04783470227282133,-1.6545288158965958,-2.597834702272821
13.918432875000008,0.748457038286165,-0.047954516468562525,-1.65154297049786,-2.5979545164685622
13.990835749000041,0.7514428714666218,-0.048074634765001054,-1.648557137317403,-2.598074634765001
14.014276351000035,0.754422387986759,-0.04819462147174418,-1.6455776207972659,-2.598194621471744
14.047999878000041,0.7573985260316707,-0.048313969929610144,-1.6426014827523543,-2.59831396992961
14.069881076000001,0.7603746862324906,-0.048432764608870964,-1.6396253225515345,-2.5984327646088707
14.10420171000004,0.7633508684861757,-0.048551005505414226,-1.6366491402978491,-2.598551005505414
14.175356958000009,0.7663270726896821,-0.048668692615141784,-1.6336729360943427,-2.5986686926151417
14.197372080000036,0.7693032987399647,-0.04878582593398388,-1.6306967100440604,-2.5987858259339838
14.22404444,0.7722600085504973,-0.04890141458830553,-1.6277400002335276,-2.598901414588305
14.243602977000023,0.7752145894375404,-0.04901581445214853,-1.6247854193464846,-2.5990158144521485
14.276372967000043,0.7781692129538911,-0.049129107980452794,-1.621830795830134,-2.5991291079804526
14.350836811000022,0.7811221983554703,-0.04924122949570645,-1.6188778104285548,-2.599241229495706
14.374116488000027,0.7840601112809845,-0.04935142165585427,-1.6159398975030403,-2.599351421655854
14.402734749000047,0.7869980811292554,-0.049460085544572,-1.6130019276547696,-2.599460085544572
14.42214803600001,0.7899361071052924,-0.049567221132456214,-1.6100639016787326,-2.599567221132456
14.452247906000025,0.7928741884140896,-0.049672828390517336,-1.6071258203699355,-2.599672828390517
14.53029480400005,0.7958123242606266,-0.049776907290178925,-1.6041876845233984,-2.599776907290179
14.562608546000035,0.7987540971681235,-0.04987960065210726,-1.6012459116159015,-2.599879600652107
14.586047322000013,0.8017012926195951,-0.04998113690770105,-1.5982987161644298,-2.599981136907701
14.606588245000012,0.8046485327108389,-0.05008136906292703,-1.5953514760731862,-2.6000813690629268
14.638469602000043,0.8075958168648053,-0.05018029709815977,-1.5924041919192198,-2.60018029709816
14.714022294000017,0.8105431445044361,-0.05027792099402922,-1.589456864279589,-2.600277920994029
14.743878195000036,0.8134905150526647,-0.0503742407314227,-1.5865094937313602,-2.6003742407314223
14.767909459000009,0.8164417809203056,-0.050469417328092424,-1.5835582278637195,-2.6004694173280924
14.79157467500005,0.8193943692920659,-0.05056345654074763,-1.5806056394919592,-2.6005634565407476
14.819925244000046,0.8223469948506181,-0.05065632083720008,-1.5776530139334068,-2.6006563208371998
14.905271260000006,0.8252969071724189,-0.050747921810033764,-1.5747031016116062,-2.600747921810034
14.929813509000041,0.8282221176500021,-0.05083717468352263,-1.571777891134023,-2.6008371746835226
14.957676726000045,0.8311473843337747,-0.05092456600112668,-1.5688526244502503,-2.6009245660011264
14.981207711000025,0.834072706039074,-0.05101009572745423,-1.565927302744951,-2.601010095727454
15.008552534000046,0.8369980815812149,-0.051093763827867726,-1.56300192720281,-2.6010937638278677
15.085855202000005,0.8399235097754891,-0.05117557026848425,-1.5600764990085358,-2.601175570268484
15.114643202000025,0.842825076035101,-0.051254653806037796,-1.557174932748924,-2.6012546538060377
15.139691847000051,0.8457164625532279,-0.05133079691964583,-1.5542835462307971,-2.6013307969196457
15.163244820000045,0.8486079188271091,-0.051404243411659625,-1.551392089956916,-2.6014042434116593
15.188116974000025,0.8514994423417687,-0.051474993218196666,-1.5485005664422564,-2.6014749932181966
15.267016731000012,0.8543910305821732,-0.05154304627771834,-1.5456089782018516,-2.601543046277718
15.29336547500003,0.8572826810332319,-0.051608402531033014,-1.542717327750793,-2.6016084025310326
15.323449646000029,0.8602255879502924,-0.05167268294346028,-1.5397744208337327,-2.60167268294346
15.348068443000045,0.8631997233529569,-0.051736904450233934,-1.536800285431068,-2.6017369044502336
15.378416269000013,0.8661738726948498,-0.05180047714423529,-1.5338261360891752,-2.601800477144235
15.470860032000019,0.8691480358344333,-0.05186340102243805,-1.5308519729495917,-2.6018634010224377
15.501541941000028,0.872121269713707,-0.05192565521890534,-1.5278787390703181,-2.601925655218905
15.523017953000021,0.8750860335874923,-0.05198694067256366,-1.5249139751965326,-2.6019869406725635
15.552432940000017,0.8780508157068903,-0.05204733701874007,-1.5219491930771347,-2.60204733701874
15.58359540400005,0.8810156158052653,-0.052106844252004826,-1.5189843929787596,-2.602106844252005
15.683927486000016,0.8839804336159794,-0.05216546236700591,-1.5160195751680456,-2.602165462367006
15.709880905000034,0.886946526662595,-0.05222326734116187,-1.51305348212143,-2.6022232673411616
15.733247858000027,0.8899163902772044,-0.052281442473168245,-1.5100836185068207,-2.602281442473168
15.765191873000049,0.8928862388872634,-0.052340378613893034,-1.5071137698967616,-2.602340378613893
15.788421970000002,0.8958560722977703,-0.052400075759465536,-1.5041439364862548,-2.602400075759465
15.88978055900003,0.8988258903137224,-0.05246053390596832,-1.5011741184703027,-2.602460533905968
15.915742788000045,0.9018028173771154,-0.05252184965349335,-1.4981971914069097,-2.602521849653493
15.938149570000007,0.904785563270417,-0.05258374846960817,-1.495214445513608,-2.602583748469608
15.965474453000013,0.9077683002212455,-0.05264607671046544,-1.4922317085627794,-2.602646076710465
15.991324745000043,0.9107510281677762,-0.05270883437476958,-1.4892489806162488,-2.6027088343747695
16.07364159800005,0.9137337470481858,-0.052772021461220744,-1.4862662617358393,-2.6027720214612207
16.100073366000004,0.91671727511948,-0.05283565493011719,-1.483282733664545,-2.602835654930117
16.130008996000015,0.9197163469643436,-0.052899811341570374,-1.4802836618196813,-2.6028998113415702
16.150856817000033,0.9227154189437669,-0.052963961462611564,-1.477284589840258,-2.602963961462611
16.18290579400002,0.9257144910577355,-0.05302810529324042,-1.4742855177262895,-2.60302810529324
16.274635691000015,0.9287135633062361,-0.05309224283345665,-1.471286445477789,-2.6030922428334566
16.298288313,0.9317126356892554,-0.05315637408325997,-1.4682873730947694,-2.6031563740832597
16.334100589000002,0.9347066639887165,-0.05322044756630438,-1.4652933447953085,-2.6032204475663043
16.353118022000046,0.9376994279716279,-0.05328466038671462,-1.4623005808123972,-2.6032846603867146
16.379151656000033,0.9406921883061203,-0.053349043024148446,-1.4593078204779046,-2.6033490430241484
16.476477553000052,0.9436849449825584,-0.05341359547840715,-1.4563150638014666,-2.603413595478407
16.496471134000046,0.9466776979913069,-0.05347831774927316,-1.4533223107927182,-2.603478317749273
16.52907011900004,0.9496654031288084,-0.053542904235491455,-1.4503346056552164,-2.6035429042354914
16.554321458000004,0.9526525540636162,-0.053607166242842966,-1.4473474547204088,-2.603607166242843
16.64700091200001,0.9556397117530394,-0.05367111349792041,-1.4443602970309857,-2.6036711134979202
16.676096580000035,0.9586319170818824,-0.05373491224617008,-1.4413680917021425,-2.60373491224617
16.696084675999998,0.9616246862866847,-0.053798552229304644,-1.4383753224973401,-2.6037985522293043
16.72947314700002,0.9646174591016226,-0.05386202221301637,-1.4353825496824024,-2.603862022213016
16.755585370000006,0.9676102355170404,-0.05392532219711852,-1.4323897732669846,-2.603925322197118
16.86312169200005,0.9706030155232805,-0.053988452181393726,-1.4293969932607444,-2.6039884521813934
16.890166335000004,0.9735957991106864,-0.054051412165643915,-1.4264042096733385,-2.604051412165644
16.91600911300003,0.97658504650209,-0.054114204465589476,-1.423414962281935,-2.6041142044655894
16.94266112300005,0.9795713930352846,-0.05417722094103126,-1.4204286157487402,-2.604177220941031
16.96638913800001,0.9825577324558915,-0.05424057358447277,-1.4174422763281336,-2.6042405735844727
17.074818096,0.9855440647260686,-0.05430426239511017,-1.4144559440579565,-2.60430426239511
17.10652974100003,0.9885309829085686,-0.054368272125671274,-1.4114690258754563,-2.604368272125671
17.142125134000025,0.9915192864385987,-0.054432178541712214,-1.4084807223454263,-2.604432178541712
17.166808955000022,0.9945075960547451,-0.0544957997303776,-1.4054924127292798,-2.6044957997303775
17.20244451000002,0.9974959117297837,-0.05455913569108656,-1.4025040970542413,-2.6045591356910864
17.31525614900005,1.00048423343649,-0.05462218642326274,-1.399515775347535,-2.6046221864232626
17.344504930000028,1.00347256114764,-0.05468495192633197,-1.396527447636385,-2.6046849519263318
17.369189814000038,1.0064424565545407,-0.0547468691583259,-1.3935575522294843,-2.6047468691583258
17.393704805000027,1.0094062231591403,-0.05480776276273951,-1.3905937856248847,-2.6048077627627393
17.433104936999996,1.0123700084144827,-0.054867741740840255,-1.3876300003695423,-2.60486774174084
17.528145937000033,1.015333812038311,-0.05492680608691585,-1.384666196745714,-2.6049268060869157
17.559433729000034,1.0182977303124137,-0.05498495817742093,-1.3817022784716113,-2.604984958177421
17.587229898000032,1.021261811154107,-0.0550422034880325,-1.378738197629918,-2.6050422034880323
17.612600993,1.024225909402762,-0.055098540278882856,-1.375774099381263,-2.605098540278883
17.650131246,1.0271900247799075,-0.05515396854467905,-1.3728099840041175,-2.6051539685446787
17.749285900000018,1.0301541570070725,-0.05520848828021499,-1.3698458517769525,-2.6052084882802147
17.78602126300001,1.0331361819032652,-0.05526265396172234,-1.3668638268807598,-2.6052626539617223
17.808024991000025,1.0361182149724741,-0.05531636780283421,-1.3638817938115508,-2.605316367802834
17.844947452000042,1.0391002561462326,-0.05536962980231354,-1.3608997526377924,-2.6053696298023135
17.877934440000047,1.042082305356078,-0.05542243995893873,-1.357917703427947,-2.6054224399589385
17.992694754000013,1.0450643625335458,-0.055474798271496914,-1.3549356462504791,-2.6054747982714965
18.01735812200002,1.0480591742489083,-0.05552705773787301,-1.3519408345351167,-2.6055270577378726
18.047894540000016,1.0510582356363911,-0.05557938935358411,-1.3489417731476339,-2.605579389353584
18.075632925000036,1.0540572968052073,-0.05563173349923002,-1.3459427119788177,-2.60563173349923
18.09985016400003,1.0570563577553067,-0.05568409017480986,-1.3429436510287183,-2.6056840901748095
18.12566454800003,1.0600554184866366,-0.05573645938032272,-1.3399445902973883,-2.6057364593803225
18.151875500000017,1.0630544789991443,-0.05578884111576764,-1.3369455297848807,-2.6057888411157673
18.23442569900004,1.0660535392927775,-0.05584123538114371,-1.3339464694912475,-2.6058412353811433
18.268724913000028,1.0690389864410919,-0.05589333229848015,-1.3309610223429331,-2.60589333229848
18.295046049999996,1.0720040248743024,-0.05594434716755949,-1.3279959839097226,-2.605944347167559
18.321210622000024,1.074969078438291,-0.05599447490401697,-1.325030930345734,-2.605994474904017
18.349007546000053,1.0779341468676298,-0.056043715503367626,-1.3220658619163952,-2.6060437155033673
18.43047221200004,1.0808992298968891,-0.05609206896120185,-1.3191007788871358,-2.6060920689612015
18.459872065000013,1.0838420343875839,-0.05613905343369276,-1.316157974396441,-2.606139053433693
18.48883163900001,1.08675761985948,-0.05618366484430275,-1.313242388924545,-2.6061836648443024
18.548626834000004,1.0896732370628228,-0.0562261518477997,-1.3103267717212022,-2.6062261518477996
18.582396282000047,1.0925888844496876,-0.056266514421626654,-1.3074111243343374,-2.6062665144216264
18.666462115,1.0955265618867402,-0.056305168062028614,-1.3044734468972847,-2.6063051680620286
18.697465636000004,1.0985062611338898,-0.056343562527425464,-1.3014937476501351,-2.6063435625274254
18.730510570000035,1.1014859670088475,-0.05638143913213096,-1.2985140417751775,-2.606381439132131
18.783448425000017,1.10446567942161,-0.056418797875004464,-1.295534329362415,-2.6064187978750044
18.80486942600004,1.107445398282175,-0.05645563875491353,-1.29255461050185,-2.6064556387549134
18.906814579000013,1.1104257933224229,-0.0564919802577749,-1.2895742154616021,-2.6064919802577746
18.92689827600003,1.113409983873447,-0.05652843822194498,-1.286590024910578,-2.606528438221945
18.95524122500001,1.116394169472311,-0.05656529930568356,-1.283605839311714,-2.6065652993056836
19.02928614800004,1.1193783500645613,-0.05660256350831741,-1.2806216587194637,-2.6066025635083174
19.049985389000028,1.1223625255957426,-0.056640230829164195,-1.2776374831882824,-2.606640230829164
19.155323635000002,1.1253388027274744,-0.05667816407830325,-1.2746612060565505,-2.606678164078303
19.202531103000013,1.1282835152662376,-0.05671486673170068,-1.2717164935177874,-2.6067148667317004
19.247188745000017,1.1312282449833564,-0.056750164236265194,-1.2687717638006686,-2.606750164236265
19.30891495100002,1.1341729912083276,-0.05678405658395769,-1.2658270175756974,-2.6067840565839573
19.344836649,1.1371177532706418,-0.05681654376706147,-1.2628822555133832,-2.6068165437670614
19.45831087700003,1.140063154468229,-0.05684763343383464,-1.259936854315796,-2.6068476334338344
19.480593266000028,1.1430121053841862,-0.05687742129740577,-1.2569879033998388,-2.6068774212974057
19.530397434000008,1.1459610691532907,-0.056905908312898996,-1.2540389396307343,-2.606905908312899
19.59181552000001,1.1489100452017083,-0.05693309447477201,-1.2510899635823167,-2.6069330944747717
19.686842344000013,1.1518590329556049,-0.05695897977773345,-1.24814097582842,-2.6069589797777333
19.714023173000044,1.1548232916958445,-0.05698378288701472,-1.2451767170881805,-2.6069837828870144
19.75894321300001,1.1578079458473476,-0.05700822406331464,-1.2421920629366774,-2.6070082240633146
19.790737768000042,1.1607926032022104,-0.05703227087691677,-1.2392074055818145,-2.6070322708769167
19.85092184900003,1.1637772637083268,-0.05705592332740729,-1.2362227450756982,-2.6070559233274073
19.920449766000047,1.166761927313588,-0.0570791814143671,-1.233238081470437,-2.607079181414367
19.974851392000005,1.1697501383207227,-0.05710210451134407,-1.2302498704633023,-2.607102104511344
20.001188798000044,1.1727449319947485,-0.05712509937169866,-1.2272550767892765,-2.6071250993716983
20.033139267000024,1.1757397246458585,-0.05714822707030869,-1.2242602841381665,-2.6071482270703084
20.095048136000003,1.1787345162681606,-0.05717148760712837,-1.2212654925158644,-2.607171487607128
20.176268719999996,1.1817293068557626,-0.05719488098211352,-1.2182707019282624,-2.6071948809821133
20.21690714800002,1.1847226180323966,-0.0572183942716676,-1.2152773907516283,-2.6072183942716673
20.241377992000025,1.1876878433098323,-0.05724125712884819,-1.2123121654741926,-2.607241257128848
20.272694821000016,1.190653075326244,-0.0572632285879911,-1.2093469334577809,-2.607263228587991
20.343451653000045,1.193618313813665,-0.05728430864711184,-1.20638169497036,-2.607284308647112
20.44384883500004,1.1965835585041238,-0.057304497304304765,-1.2034164502799012,-2.6073044973043045
20.47347566100001,1.1995497413443017,-0.057323809578081975,-1.2004502674397233,-2.607323809578082
20.51198822400005,1.2025162404215397,-0.05734226308992603,-1.1974837683624853,-2.607342263089926
20.54481408700002,1.205482744722807,-0.057359856779608795,-1.194517264061218,-2.607359856779609
20.587620238,1.2084492539988887,-0.05737659064565421,-1.1915507547851363,-2.607376590645654
20.706092943000044,1.211416206516544,-0.057392475022580526,-1.188583802267481,-2.6073924750225803
20.740941210000017,1.2143871055377715,-0.05740847699816319,-1.1856129032462535,-2.607408476998163
20.779234144000043,1.217358000434935,-0.05742522714936198,-1.18264200834909,-2.6074252271493616
20.810996400000022,1.2203288910196164,-0.057442725475116446,-1.1796711177644086,-2.6074427254751162
20.849839566000014,1.2232997771034007,-0.057460971974315954,-1.1767002316806243,-2.607460971974316
20.956579806000036,1.2262746535555913,-0.05747995847893998,-1.1737253552284337,-2.60747995847894
20.989703745000043,1.2292615147353878,-0.05749898945752135,-1.1707384940486372,-2.6074989894575213
21.022890442000005,1.2322483780530533,-0.05751768189223659,-1.1677516307309717,-2.6075176818922365
21.060566249000033,1.2352352434702145,-0.057536035782841,-1.1647647653138105,-2.6075360357828408
21.107617680000033,1.238222110948499,-0.0575540511291005,-1.161777897835526,-2.6075540511291004
21.205114211000023,1.241208980449534,-0.05757172793078715,-1.1587910283344909,-2.607571727930787
21.256388187000027,1.2441938516827336,-0.057589056796504244,-1.1558061571012914,-2.607589056796504
21.289381562000017,1.2471407148391587,-0.05760675817925569,-1.1528592939448663,-2.6076067581792555
21.314091811000026,1.250087569540058,-0.057625815289021144,-1.149912439243967,-2.607625815289021
21.371447963000037,1.2530344151617183,-0.05764622812176825,-1.1469655936223067,-2.607646228121768
21.476199150000014,1.25598125108043,-0.057667996673178026,-1.144018757703595,-2.607667996673178
21.509178064000025,1.2589280766724849,-0.057691120938641455,-1.1410719321115401,-2.6076911209386413
21.540880517000005,1.2619087586077635,-0.05771507009884515,-1.1380912501762614,-2.607715070098845
21.564500666000015,1.2648920951614566,-0.057738614521075565,-1.1351079136225684,-2.6077386145210752
21.61296280700003,1.2678754350656316,-0.05776173050210399,-1.1321245737183934,-2.6077617305021037
21.71606928700004,1.2708587782587588,-0.05778441804145768,-1.1291412305252662,-2.6077844180414576
21.743718004000016,1.2738421246793097,-0.057806677138666274,-1.1261578841047153,-2.607806677138666
21.774814067000023,1.276834071964505,-0.05782865424787181,-1.12316593681952,-2.6078286542478715
21.802616950000015,1.279828886390217,-0.0578505106633098,-1.120171122393808,-2.6078505106633094
21.844446633000018,1.2828237017801525,-0.0578722345568725,-1.1171763070038725,-2.607872234556872
21.935312735000025,1.2858185181284485,-0.057893825928515594,-1.1141814906555765,-2.6078938259285156
21.979000625000026,1.2887954882093595,-0.05791528644407907,-1.1112045205746655,-2.607915286444079
22.007172358000048,1.2917506391243176,-0.05793754376297813,-1.1082493696597073,-2.607937543762978
22.02725637200001,1.2947057811818017,-0.057960947576773204,-1.1052942276022233,-2.607960947576773
22.053466558000025,1.2976609139370139,-0.05798549788194278,-1.102339094847011,-2.6079854978819426
22.149563037999997,1.300616036945156,-0.05801119467479113,-1.099383971838869,-2.608011194674791
22.185019174000047,1.3035778934518183,-0.05803801265505622,-1.0964221153322067,-2.608038012655056
22.217759534000038,1.306539740960488,-0.058065806638483396,-1.093460267823537,-2.6080658066384834
22.23905339800001,1.309501579149548,-0.058094576622054896,-1.090498429634477,-2.608094576622055
22.29201913600002,1.3124634076973827,-0.0581243226026473,-1.0875366010866423,-2.608124322602647
22.39170432200001,1.315425226282377,-0.05815504457703037,-1.084574782501648,-2.60815504457703
22.428880203000006,1.3183778956739052,-0.058186224484048865,-1.0816221131101198,-2.6081862244840486
22.455963191000023,1.3213244816135894,-0.05821616609594815,-1.0786755271704356,-2.608216166095948
22.47915013000005,1.324271081060496,-0.05824474755107657,-1.075728927723529,-2.6082447475510766
22.521153902000037,1.327217693386768,-0.05827196884334215,-1.0727823153972569,-2.608271968843342
22.638150955000015,1.3301643179645475,-0.058297829966945935,-1.0698356908194775,-2.6082978299669457
22.662308772000017,1.3331168307846932,-0.05832262177808633,-1.0668831779993317,-2.608322621778086
22.692971838000005,1.3360765228826514,-0.05834814258772974,-1.0639234859013735,-2.6083481425877295
22.714386529000024,1.3390362059100207,-0.058374694497606315,-1.0609638028740043,-2.608374694497606
22.746090210000034,1.3419958795075897,-0.05840227750449431,-1.0580041292764353,-2.608402277504494
22.852461337000022,1.3449581458878,-0.058430913028457064,-1.055041862896225,-2.608430913028457
22.890477712000006,1.3479498560386194,-0.05846038061476657,-1.0520501527454056,-2.6084603806147664
22.91669901700004,1.3509415641019396,-0.0584900593787686,-1.0490584446820854,-2.6084900593787683
22.943400472999997,1.353933270062853,-0.058519949320314284,-1.046066738721172,-2.608519949320314
22.991916908999997,1.3569249739064528,-0.05855005043925677,-1.0430750348775721,-2.6085500504392565
23.095917266000015,1.3599166756178322,-0.05858036273544548,-1.0400833331661927,-2.608580362735445
23.11847037900003,1.362857432376773,-0.0586108832150535,-1.037142576407252,-2.608610883215053
23.16272400600002,1.365785435633792,-0.05864306432108741,-1.034214573150233,-2.6086430643210874
23.18699140700005,1.3687134182928478,-0.058677067923385375,-1.0312865904911772,-2.6086770679233853
23.21572670400002,1.3716413792195512,-0.05871289400877408,-1.0283586295644738,-2.608712894008774
23.330878536,1.374569317279524,-0.05875054256337269,-1.025430691504501,-2.6087505425633726
23.360865187,1.3775035418676587,-0.05879007888822454,-1.0224964669163663,-2.6087900788882243
23.39053603000002,1.3804579894839941,-0.05883123686318091,-1.0195420193000309,-2.6088312368631805
23.410461447000046,1.3834124207265996,-0.05887355387270789,-1.0165875880574253,-2.6088735538727077
23.462606479000044,1.386366835140783,-0.05891702991029219,-1.013633173643242,-2.608917029910292
23.57570658900005,1.3893212322718558,-0.0589616649692435,-1.0106787765121692,-2.6089616649692435
23.59314074300005,1.3922756116651318,-0.05900745904269173,-1.0077243971188932,-2.6090074590426915
23.63256526400005,1.3952448091783423,-0.059054054756465746,-1.0047551996056827,-2.6090540547564656
23.660150217000023,1.3982177235855648,-0.059100057202261184,-1.0017822851984601,-2.609100057202261
23.689828981000005,1.4011906485698205,-0.059145370949467146,-0.9988093602142045,-2.609145370949467
23.801047394000022,1.40416505534182,-0.05919001983372215,-0.9958349534422051,-2.609190019833722
23.839274794000005,1.4071527116337454,-0.059234402250188715,-0.9928472971502795,-2.6092344022501885
23.87060231600003,1.4101403725306583,-0.05927847358587912,-0.9898596362533667,-2.6092784735858787
23.898353435000047,1.4131280380001678,-0.059322233840318,-0.9868719707838571,-2.609322233840318
23.938232727000013,1.4161157080098854,-0.05936568301302745,-0.9838843007741396,-2.6093656830130274
24.05724257600002,1.419101009927239,-0.05940878545173608,-0.980898998856786,-2.609408785451736
24.078129826999998,1.4220412458722496,-0.05945026713004522,-0.9779587629117754,-2.609450267130045
24.122016478000035,1.4249815028071529,-0.059490233349535154,-0.9750185059768721,-2.609490233349535
24.15286257500003,1.4279217799508537,-0.05952868409958876,-0.9720782288331713,-2.6095286840995886
24.180042198000024,1.4308620765222475,-0.05956561936999067,-0.9691379322617775,-2.6095656193699903
24.327779106000037,1.4338113863220543,-0.05960121570837687,-0.9661886224619707,-2.6096012157083766
24.354647966000016,1.4367667069339878,-0.05963571529017114,-0.9632333018500372,-2.609635715290171
24.37665610700003,1.4397220406251157,-0.05966907566407149,-0.9602779681589093,-2.6096690756640712
24.421946134000052,1.4426773869562999,-0.0597012968251219,-0.9573226218277251,-2.6097012968251216
24.545840251000016,1.4456327454883995,-0.05973237876853444,-0.9543672632956255,-2.6097323787685345
24.57727055600003,1.448624405962821,-0.05976310643196705,-0.9513756028212039,-2.609763106431967
24.618713740000032,1.4516241648808328,-0.0597939065538816,-0.9483758439031922,-2.6097939065538815
24.649329902000034,1.4546239237767464,-0.059824708832726774,-0.9453760850072785,-2.6098247088327264
24.66956237200003,1.4576236826505118,-0.059855513268501095,-0.9423763261335132,-2.609855513268501
24.81947828600005,1.4606234415021266,-0.05988631986120455,-0.9393765672818983,-2.6098863198612046
24.847146616000032,1.4636232003315897,-0.0599171286108371,-0.9363768084524353,-2.609917128610837
24.871994310000048,1.466595444966126,-0.05994735456499627,-0.9334045638178989,-2.609947354564996
24.908936569000048,1.4695628418916755,-0.05997670532565954,-0.9304371668923495,-2.6099767053256593
24.93749772700005,1.4725302469562433,-0.060005221350745264,-0.9274697618277816,-2.610005221350745
25.072646616000043,1.4754976599250174,-0.06003290263799785,-0.9245023488590076,-2.6100329026379976
25.098579174999998,1.4784650805631832,-0.0600597491852258,-0.9215349282208418,-2.6100597491852255
25.127191824000022,1.4814514924003268,-0.06008616078208064,-0.9185485163836982,-2.6100861607820804
25.157726118000028,1.4844389063335577,-0.06011225771136466,-0.9155611024504673,-2.6101122577113647
25.190780022000013,1.4874263230701892,-0.060138031726833595,-0.9125736857138358,-2.6101380317268332
25.301507438000044,1.490412931336114,-0.060163475436248774,-0.9095870774479109,-2.6101634754362486
25.348721618000013,1.4933841306123592,-0.06018823735392458,-0.9066158781716658,-2.6101882373539245
25.374719368,1.496355335955293,-0.06021226029801135,-0.903644672828732,-2.6102122602980113
25.394818578000013,1.4993265471811248,-0.0602355442670233,-0.9006734616029002,-2.6102355442670233
25.441273764000016,1.5022977641060629,-0.06025808925952,-0.8977022446779621,-2.6102580892595197
25.556533047000016,1.505268986546314,-0.06027989527410722,-0.894731022237711,-2.610279895274107
25.585670268,1.5082402143180853,-0.060300962309435074,-0.8917597944659397,-2.610300962309435
25.62673416800004,1.5112188494935657,-0.06032140769231967,-0.8887811592904593,-2.6103214076923194
25.65191717500005,1.5142006605178928,-0.06034139444393638,-0.8857993482661322,-2.610341394443936
25.692911132000006,1.5171824746445075,-0.06036091288030676,-0.8828175341395175,-2.6103609128803065
25.81473692100002,1.520164291799858,-0.060379963000950644,-0.8798357169841671,-2.6103799630009505
25.839018467000017,1.5231461119103913,-0.06039854480539969,-0.8768538968736337,-2.6103985448053995
25.881577917000016,1.5261187637147193,-0.060416808591514076,-0.8738812450693056,-2.610416808591514
25.91800153600002,1.5290839080989982,-0.060435782949332065,-0.8709161006850268,-2.610435782949332
25.939628706999997,1.5320490466266303,-0.06045565146264143,-0.8679509621573946,-2.610455651462641
26.07719949600005,1.5350141790279788,-0.06047641412963692,-0.8649858297560462,-2.6104764141296366
26.099469879000026,1.5379793050334072,-0.060498070948428614,-0.8620207037506178,-2.6104980709484282
26.131866993000017,1.5408477556792028,-0.06051781979854015,-0.8591522531048221,-2.61051781979854
26.167978070000004,1.5437162269665676,-0.06053430002592702,-0.8562837818174573,-2.6105343000259267
26.198326115000043,1.5465847151709045,-0.060547511609187483,-0.8534152936131205,-2.6105475116091874
26.225681934000022,1.5494532165675665,-0.060557454531164706,-0.8505467922164585,-2.6105574545311647
26.266903240000033,1.5523217274318946,-0.060564128778947936,-0.8476782813521304,-2.6105641287789476
26.375200843000016,1.5551902440392158,-0.06056753434387101,-0.8448097647448092,-2.610567534343871
26.400872953000032,1.5580587626648505,-0.060567671221511965,-0.8419412461191744,-2.610567671221512
26.42687457100004,1.56098809098881,-0.060566993446950254,-0.8390119177952149,-2.61056699344695
26.46587530100004,1.5639210915053254,-0.060568016934174074,-0.8360789172786995,-2.610568016934174
26.498621943000046,1.5668540909330877,-0.06057074349804285,-0.8331459178509373,-2.6105707434980427
26.602493099000014,1.5697870882831861,-0.06057517313764143,-0.8302129205008388,-2.6105751731376414
26.63679095400005,1.5727377798360718,-0.06058111657700086,-0.8272622289479532,-2.6105811165770008
26.651711927999997,1.5756884685800392,-0.060588320810291564,-0.8243115402039858,-2.6105883208102916
26.717560058000004,1.578639153976365,-0.06059678583619952,-0.8213608548076601,-2.6105967858361994
26.74948294500001,1.581589835486328,-0.060606511653177556,-0.8184101732976969,-2.6106065116531774
26.822598930000026,1.5845405125712075,-0.06061749825945157,-0.8154594962128174,-2.6106174982594514
26.856173444000035,1.587491184692285,-0.06062974565301522,-0.81250882409174,-2.610629745653015
26.88384553200001,1.5904682611874716,-0.060642998749957995,-0.8095317475965533,-2.6106429987499578
26.942761739000048,1.593458019885901,-0.060656112839981347,-0.806541988898124,-2.610656112839981
26.967267867000032,1.5964477797333314,-0.060668962310374844,-0.8035522290506936,-2.6106689623103745
27.079774659999998,1.5994375407063404,-0.060681547161036985,-0.8005624680776846,-2.610681547161037
27.109484873000042,1.6024265566202676,-0.06069386192742652,-0.7975734521637574,-2.6106938619274263
27.14900686300001,1.60541333532156,-0.06070584755787174,-0.7945866734624649,-2.6107058475578717
27.198152718000017,1.6084001153741863,-0.060717491571976444,-0.7915998934098387,-2.610717491571976
27.22653740300001,1.6113868967390734,-0.06072879396958696,-0.7886131120449515,-2.610728793969587
27.309677985999997,1.6143637924354834,-0.060739823775209076,-0.7856362163485415,-2.610739823775209
27.340624638999998,1.61732585546834,-0.06075153593829471,-0.7826741533156849,-2.6107515359382947
27.38306398900005,1.6202879144928337,-0.060764221393929854,-0.7797120942911913,-2.6107642213939295
27.43468187900004,1.6232499691891553,-0.06077788014074374,-0.7767500395948697,-2.6107778801407435
27.474496130000034,1.6262120192374958,-0.06079251217726128,-0.7737879895465292,-2.610792512177261
27.55291463100002,1.6291740643180463,-0.060808117501904076,-0.7708259444659786,-2.610808117501904
27.58066794800004,1.6321483221497768,-0.060824264849547414,-0.7678516866342482,-2.610824264849547
27.60743214300004,1.6351256367516946,-0.06083987583646735,-0.7648743720323303,-2.6108398758364673
27.671673908000002,1.638102954359965,-0.06085490251900513,-0.76189705442406,-2.610854902519005
27.770329669000034,1.641080274859917,-0.0608693448965829,-0.758919733924108,-2.6108693448965825
27.799172718000023,1.6440575981368801,-0.060883202968643205,-0.7559424106471448,-2.610883202968643
27.822915402000035,1.6470307628911176,-0.0608968744310695,-0.7529692458929074,-2.610896874431069
27.86345946700004,1.6500028845599715,-0.060911232373921445,-0.7499971242240535,-2.610911232373921
27.909731738000005,1.6529750026775525,-0.060926307523715105,-0.7470250061064725,-2.610926307523715
27.995748106999997,1.6559471170707902,-0.060942099879571186,-0.7440528917132347,-2.610942099879571
28.04447545100004,1.658887226368897,-0.06095757351543837,-0.741112782415128,-2.6109575735154382
28.073676948000013,1.6618216957411656,-0.06097137731203548,-0.7381783130428594,-2.610971377312035
28.101447886000017,1.6647561724763829,-0.0609835153538164,-0.7352438363076421,-2.610983515353816
28.166603554000005,1.6676906556289803,-0.06099398763686991,-0.7323093531550446,-2.6109939876368697
28.253906194000024,1.6706251442533884,-0.06100279415782069,-0.7293748645306366,-2.6110027941578204
28.282365314000003,1.6735596374040351,-0.06100993491383233,-0.7264403713799898,-2.6110099349138323
28.31051254500005,1.6764951341290892,-0.06101541460303237,-0.7235048746549357,-2.611015414603032
28.349739349000004,1.6794636386401554,-0.061020640349397255,-0.7205363701438696,-2.611020640349397
28.38952137700005,1.6824321416144554,-0.061026676262656114,-0.7175678671695696,-2.611026676262656
28.489274661000024,1.685400642830871,-0.06103352234236289,-0.714599365953154,-2.6110335223423626
28.525168838000013,1.6883866184171337,-0.06104102968782191,-0.7116133903668913,-2.6110410296878217
28.553318492000017,1.6913825780302933,-0.06104851374194961,-0.7086174307537316,-2.6110485137419492
28.59190755100002,1.6943785379030853,-0.06105589313020178,-0.7056214708809396,-2.6110558931302017
28.63945545400003,1.6973744980318528,-0.06106316785258777,-0.7026255107521722,-2.6110631678525875
28.722514062000016,1.7003704584129389,-0.06107033790909839,-0.6996295503710861,-2.6110703379090983
28.74729995200005,1.703366419042687,-0.061077403299714415,-0.696633589741338,-2.6110774032997144
28.777262020000023,1.7063189709246163,-0.06108484568386765,-0.6936810378594087,-2.6110848456838673
28.809608370000035,1.7092666960964769,-0.06109360472612714,-0.6907333126875481,-2.611093604726127
28.860981197,1.7122144169986921,-0.06110369889684176,-0.6877855917853328,-2.6111036988968417
28.948994280000022,1.7151621330265359,-0.06111512819393995,-0.6848378757574891,-2.6111151281939398
28.974547974000018,1.7181558172695972,-0.06112749985335114,-0.6818441915144278,-2.611127499853351
29.00984355600002,1.7211540845061448,-0.06113993639529801,-0.6788459242778802,-2.611139936395298
29.037632502000008,1.7241523515583816,-0.06115241729284792,-0.6758476572256433,-2.6111524172928475
29.099825752000015,1.7271506184256515,-0.06116494254599815,-0.6728493903583734,-2.611164942545998
29.19619018100002,1.730148885107298,-0.061177512154745955,-0.6698511236767271,-2.611177512154746
29.21925408200002,1.7331039573227167,-0.0611904132759752,-0.6668960514613083,-2.611190413275975
29.255646187000025,1.736051401281066,-0.06120460942107639,-0.663948607502959,-2.611204609421076
29.285027056000047,1.7389988384721335,-0.06122014720927465,-0.6610011703118914,-2.6112201472092744
29.33068520100005,1.7419462682852174,-0.06123702663735076,-0.6580537404988076,-2.6112370266373506
29.41577432700001,1.7448936901096184,-0.06125524770180577,-0.6551063186744066,-2.6112552477018056
29.446615739000038,1.7478411033346395,-0.06127481039886624,-0.6521589054493855,-2.611274810398866
29.475568210000006,1.7508160399734725,-0.06129560157300668,-0.6491839688105525,-2.6112956015730067
29.512151754,1.753796605654327,-0.061316941315424464,-0.6462034031296979,-2.6113169413154242
29.559690234000016,1.7567771677130954,-0.06133878110310099,-0.6432228410709295,-2.611338781103101
29.654076234,1.7597611211689608,-0.06136112621197375,-0.6402388876150642,-2.6113611262119734
29.692475560000048,1.7627552592298819,-0.061383580962315526,-0.6372447495541431,-2.611383580962315
29.728263662000018,1.7657493984114434,-0.06140588578493519,-0.6342506103725816,-2.611405885784935
29.75218120100004,1.7687435387061372,-0.061428040679770375,-0.6312564700778878,-2.6114280406797703
29.794442441,1.7717376801064557,-0.06145004564676934,-0.6282623286775693,-2.611450045646769
29.901644750000003,1.774732005467662,-0.06147190227280062,-0.6252680033163629,-2.6114719022728003
29.931577015000016,1.777729805530163,-0.061493746756244985,-0.6222702032538621,-2.6114937467562447
29.97902652700003,1.780727605190735,-0.06151564632835634,-0.6192724035932899,-2.611515646328356
30.004238908000048,1.7837254044483668,-0.061537600989127327,-0.6162746043356582,-2.611537600989127
30.048932696999998,1.7867232033020453,-0.061559610738550506,-0.6132768054819797,-2.61155961073855
30.16132484100001,1.7897128984943296,-0.061581641911217004,-0.6102871102896954,-2.6115816419112168
30.194181318000005,1.7926782795969345,-0.06160414743968667,-0.6073217291870905,-2.6116041474396865
30.215978683000003,1.7956436538310432,-0.061627540476664244,-0.6043563549529818,-2.6116275404766642
30.25730614600002,1.7986090209310335,-0.061651821020052414,-0.6013909878529915,-2.611651821020052
30.292338855000025,1.801574380631284,-0.06167698906767746,-0.5984256281527409,-2.611676989067677
30.393102026999998,1.8045397326661743,-0.06170304461728433,-0.5954602761178507,-2.611703044617284
30.413822203000052,1.807480553723753,-0.0617291910520282,-0.5925194550602719,-2.611729191052028
30.461157541000034,1.81040818160612,-0.06175355104602936,-0.589591827177905,-2.611753551046029
30.486232913000038,1.8133358241720146,-0.06177607732652711,-0.5866641846120104,-2.611776077326527
30.54033216900001,1.816263480272889,-0.06179676988468435,-0.583736528511136,-2.611796769884684
30.641829469000015,1.8191911487601966,-0.061815628712382574,-0.5808088600238284,-2.6118156287123826
30.661137173000043,1.822103285440106,-0.061832448086234004,-0.577896723343919,-2.6118324480862336
30.707428178000043,1.8250050726077969,-0.06184678833604316,-0.5749949361762281,-2.611846788336043
30.733521767000013,1.8279068709267576,-0.06185865953722457,-0.5720931378572673,-2.611858659537224
30.75896872300001,1.8308086782961446,-0.06186806168118327,-0.5691913304878804,-2.611868061681183
30.876846847000024,1.8337495723278054,-0.061875421467196774,-0.5662504364562195,-2.6118754214671966
30.89888426600004,1.83672489994788,-0.06188208373092801,-0.563275108836145,-2.611882083730928
30.92946458600005,1.8397002289241187,-0.061888109980745606,-0.5602997798599063,-2.6118881099807454
30.96103191200001,1.8426755591205664,-0.06189350021637404,-0.5573244496634586,-2.611893500216374
31.00604100700002,1.845650890401267,-0.061898254437567614,-0.554349118382758,-2.6118982544375675
31.10941555200003,1.8486095167996743,-0.061902470348488454,-0.5513904919843506,-2.6119024703484883
31.155143306000014,1.8515291609681521,-0.06190801318284275,-0.5484708478158729,-2.6119080131828425
31.182391896000013,1.8544488005688355,-0.06191558917149677,-0.5455512082151894,-2.6119155891714967
31.207344213,1.8573684341859056,-0.06192519831077912,-0.5426315745981194,-2.6119251983107787
31.251876363000008,1.8602880604035363,-0.06193684059603049,-0.5397119483804886,-2.61193684059603
31.355537731000027,1.8632274404633036,-0.06195050440386449,-0.5367725683207214,-2.6119505044038642
31.387010516000032,1.8662158662894799,-0.061965068318671,-0.5337841424945451,-2.611965068318671
31.426312795,1.869204290644298,-0.06197993108176497,-0.5307957181397269,-2.611979931081765
31.448654903000033,1.872192713497868,-0.06199509269299844,-0.527807295286157,-2.6119950926929985
31.478537636,1.8751811348203056,-0.06201055315221853,-0.5248188739637194,-2.6120105531522184
31.57810239300005,1.8781695545817239,-0.06202631245926954,-0.5218304542023011,-2.6120263124592693
31.622113413000022,1.8811611779385162,-0.06204233383956635,-0.5188388308455087,-2.612042333839566
31.64593753700001,1.884156006613649,-0.06205829331813527,-0.5158440021703761,-2.612058293318135
31.66602475000002,1.8871508359952156,-0.062074119677727274,-0.5128491727888094,-2.612074119677727
31.703152875,1.8901456660772988,-0.06208981291831938,-0.5098543427067261,-2.612089812918319
31.807118864000017,1.8931275736069408,-0.06210527330427898,-0.5068724351770841,-2.612105273304279
31.83432950400004,1.8960577936324856,-0.06211921875976596,-0.5039422151515394,-2.6121192187597657
31.85645577300005,1.898988021552331,-0.0621313929774557,-0.501011987231694,-2.6121313929774557
31.880848730000025,1.9019182562958146,-0.06214179595289955,-0.49808175248821046,-2.6121417959528994
31.92405381200001,1.9048484967922694,-0.06215042768229623,-0.4951515119917556,-2.612150427682296
32.046025353000005,1.9077787419710266,-0.062157288162492504,-0.49222126681299844,-2.6121572881624924
32.08524663700001,1.9107359797875805,-0.062162724230866086,-0.48926402899644456,-2.612162724230866
32.11031142500002,1.9136987166066153,-0.06216720512051794,-0.48630129217740975,-2.612167205120518
32.140402607,1.9166614547181386,-0.06217072928863651,-0.4833385540658864,-2.6121707292886365
32.18501616200001,1.9196241938132084,-0.0621732967348571,-0.48037581497081666,-2.612173296734857
32.300640578000014,1.9225869335828818,-0.0621749074589108,-0.47741307520114323,-2.6121749074589107
32.320917802,1.9255513373198263,-0.06217649771284105,-0.4744486714641987,-2.612176497712841
32.35696946400003,1.9285157404251214,-0.06217900247677785,-0.4714842683589036,-2.6121790024767777
32.39010187100001,1.9314801426166421,-0.062182421750483,-0.4685198661673829,-2.6121824217504828
32.486427284,1.934444543612265,-0.06218675553363216,-0.46555546517176,-2.612186755533632
32.51066105800004,1.9374198915313547,-0.0621919638281548,-0.4625801172526703,-2.6121919638281548
32.559653655000034,1.9404174518862685,-0.06219735577550163,-0.45958255689775657,-2.6121973557755016
32.58772005000003,1.9434150123542944,-0.06220268446962846,-0.45658499642973066,-2.6122026844696284
32.610326531,1.9464125729340969,-0.06220794991053982,-0.45358743584992817,-2.6122079499105397
32.751863987000036,1.9494101336243408,-0.06221315209825092,-0.45058987515968424,-2.6122131520982506
32.77967297700002,1.9524076944236914,-0.06221829103274657,-0.4475923143603336,-2.6122182910327463
32.82482155900004,1.9553928234776157,-0.06222339914439721,-0.44460718530640936,-2.612223399144397
32.858305777,1.9583489435292898,-0.06222929141478543,-0.44165106525473524,-2.6122292914147853
32.88565856500003,1.96130506112677,-0.06223630772524101,-0.4386949476572551,-2.6122363077252406
33.025544843000034,1.9642611758426518,-0.06224444807474829,-0.4357388329413732,-2.612244448074748
33.06408576900003,1.9672189792463166,-0.0622537114753179,-0.4327810295377084,-2.6122537114753177
33.08638417200001,1.970180727239094,-0.062264003904048675,-0.42981928154493093,-2.6122640039040483
33.12137929000005,1.973142471658748,-0.06227527774378387,-0.426857537125277,-2.612275277743784
33.14613985200003,1.9761042121800754,-0.062287532993287084,-0.42389579660394966,-2.612287532993287
33.263675885,1.9790659484778748,-0.06230076965121071,-0.42093406030615027,-2.6123007696512106
33.28753802800003,1.982027680226944,-0.0623149877161029,-0.41797232855708094,-2.6123149877161027
33.32576641600002,1.9849963594565785,-0.06232973648052648,-0.41500364932744654,-2.6123297364805262
33.35332929900005,1.9879673586702424,-0.062343805046253496,-0.4120326501137826,-2.6123438050462533
33.37864338500003,1.990938361322214,-0.06235712773803202,-0.409061647461811,-2.612357127738032
33.499167747,1.9939093672252395,-0.062369704555021714,-0.40609064155878555,-2.6123697045550216
33.53005067500004,1.9968829081679267,-0.06238218830297983,-0.40311710061609834,-2.6123821883029796
33.570362466000006,1.9998565795956418,-0.062395348602517775,-0.40014342918838325,-2.6123953486025178
33.59207539200003,2.002830247946506,-0.06240918668623997,-0.39716976083751915,-2.61240918668624
33.61394800700003,2.0058039130660332,-0.062423702553429286,-0.3941960957179918,-2.612423702553429
33.755076992,2.0087764537708317,-0.062438891799699525,-0.39122355501319334,-2.6124388917996995
33.78069945300001,2.011738900824318,-0.06245487609141066,-0.388261107959707,-2.6124548760914106
33.81082620700005,2.0147013425250155,-0.06247182342944666,-0.3852986662590095,-2.6124718234294466
33.855074658000035,2.0176637785598515,-0.0624897338120167,-0.38233623022417357,-2.6124897338120165
33.89325246100003,2.0206262086157545,-0.06250860723722892,-0.37937380016827055,-2.6125086072372286
34.01316737900004,2.023588632379655,-0.06252844370308702,-0.37641137640437,-2.612528443703087
34.04983606600001,2.0265510495384818,-0.06254924320749684,-0.3734489592455433,-2.612549243207497
34.09723602300005,2.029539655719463,-0.06257057001533488,-0.3704603530645621,-2.6125705700153348
34.120287192000035,2.032528589809647,-0.06259161443030453,-0.367471418974378,-2.6125916144303045
34.14944648100004,2.0355175258910116,-0.06261237411188968,-0.3644824828930134,-2.6126123741118894
34.19497081700001,2.038506463936432,-0.06263284905990571,-0.36149354484759316,-2.6126328490599056
34.22370587700004,2.0414954039187854,-0.06265303927416449,-0.35850460486523966,-2.6126530392741643
34.328996389,2.0444843458109463,-0.06267294475448429,-0.35551566297307874,-2.6126729447544843
34.366645387000005,2.047469360701161,-0.06269252719410989,-0.3525306480828641,-2.6126925271941097
34.40523964600004,2.0504425924011067,-0.06271145780590162,-0.3495574163829183,-2.6127114578059016
34.42729435000001,2.0534158284032618,-0.06272970020450298,-0.3465841803807633,-2.6127297002045027
34.45037408500002,2.056389068548328,-0.06274725438893869,-0.3436109402356969,-2.6127472543889385
34.55372192500005,2.0593644593350824,-0.06276414371511435,-0.34063554944894264,-2.6127641437151143
34.60526359700003,2.0623520151283596,-0.06278105746148253,-0.3376479936556654,-2.6127810574614823
34.63465188800001,2.0653395690872713,-0.06279829217533636,-0.3346604396967537,-2.612798292175336
34.70333068100001,2.0683271211773326,-0.06281584785647777,-0.3316728876066924,-2.612815847856478
34.71788621000002,2.071314671364059,-0.06283372450470691,-0.3286853374199659,-2.6128337245047066
34.831894015000046,2.07430221961297,-0.06285192211981326,-0.32569778917105513,-2.612851922119813
34.86032330500001,2.077280925234081,-0.06287040807459482,-0.3227190835499441,-2.6128704080745946
34.89673726800004,2.0802242618400366,-0.06288975818781589,-0.3197757469439884,-2.6128897581878157
34.954438993,2.0831675886000416,-0.06291055209722889,-0.31683242018398344,-2.6129105520972287
34.986562355000046,2.086110904805873,-0.06293278979783141,-0.313889103978152,-2.6129327897978314
35.07812938200004,2.0890692060365135,-0.06295618700614665,-0.31093080274751156,-2.6129561870061466
35.111048596000046,2.092037961023532,-0.06297904576072082,-0.30796204776049324,-2.6129790457607207
35.141525795999996,2.095006722074809,-0.0630011028694369,-0.30499328670921605,-2.6130011028694367
35.21122178500002,2.0979754889738746,-0.06302235833068832,-0.3020245198101504,-2.613022358330688
35.23050633500003,2.100944261504263,-0.06304281214292362,-0.2990557472797622,-2.6130428121429237
35.329054410000026,2.103913039449506,-0.06306246430465375,-0.2960869693345192,-2.6130624643046536
35.353759729000046,2.1068824134372623,-0.06308132012085842,-0.2931175953467627,-2.613081320120858
35.388318293,2.10986301421624,-0.06310015825361544,-0.290136994567785,-2.6131001582536153
35.43990552400004,2.1128436117958773,-0.06311949596645879,-0.2871563969881477,-2.6131194959664588
35.470352096,2.1158242060924404,-0.06313933325884587,-0.28417580269158466,-2.6131393332588457
35.55736121900003,2.1188069882439993,-0.06315968097095083,-0.28119302054002576,-2.6131596809709507
35.59347654300001,2.121802185379037,-0.06318037305587083,-0.27819782340498783,-2.6131803730558705
35.616097448000005,2.124797381663071,-0.06320118795999194,-0.27520262712095406,-2.6132011879599917
35.68247555800002,2.1277925770910615,-0.06322212568326907,-0.2722074316929635,-2.613222125683269
35.77314355500005,2.130787771657977,-0.06324318622567872,-0.2692122371260482,-2.6132431862256786
35.799641424000015,2.133782965358778,-0.06326436958718921,-0.26621704342524716,-2.613264369587189
35.83948959700001,2.136772812341149,-0.06328570699997024,-0.2632271964428759,-2.61328570699997
35.87715316600003,2.1397626574486583,-0.06330730552483327,-0.2602373513353667,-2.6133073055248333
35.93005203200005,2.142752500658503,-0.06332916516161415,-0.25724750812552216,-2.613329165161614
36.033801323000034,2.1457423419478783,-0.06335128591014225,-0.25425766683614676,-2.613351285910142
36.06308634800001,2.148724854396055,-0.06337353346069063,-0.25127515438797016,-2.6133735334606905
36.08439103100005,2.151696379671677,-0.0633951459765329,-0.248303629112348,-2.6133951459765328
36.123115927000015,2.154667910176148,-0.06341602720018442,-0.24533209860787691,-2.6134160272001843
36.17165889900002,2.1576394457294974,-0.0634361771303801,-0.24236056305452763,-2.61343617713038
36.262278569000046,2.1606109861517537,-0.06345559576589925,-0.2393890226322713,-2.613455595765899
36.283140901000024,2.1635825312629446,-0.06347428310556447,-0.2364174775210804,-2.6134742831055644
36.317100485000026,2.1665405694995004,-0.06349208969365976,-0.23345943928452467,-2.6134920896936595
36.337356535000026,2.1694783482950575,-0.06350834457475373,-0.23052166048896755,-2.6135083445747536
36.377347078000014,2.1724161354232043,-0.0635230164009159,-0.2275838733608207,-2.6135230164009156
36.45421751700002,2.1753539300308926,-0.06353610516788531,-0.22464607875313242,-2.613536105167885
36.49396621600005,2.178291731265075,-0.06354761087186078,-0.22170827751895011,-2.6135476108718607
36.520024643,2.1812528586693496,-0.06355785586118674,-0.21874715011467544,-2.6135578558611865
36.55235956200005,2.1842204292965626,-0.06356727498888784,-0.21577957948746246,-2.613567274988888
36.61285981100002,2.187188002452743,-0.0635758604516635,-0.21281200633128222,-2.6135758604516632
36.710578622000014,2.190155577903696,-0.06358361224883334,-0.20984443088032917,-2.613583612248833
36.737075473000004,2.1931231554152233,-0.06359053037978762,-0.20687685336880174,-2.6135905303797875
36.75394698000002,2.1960907347531267,-0.0635966148439797,-0.20390927403089837,-2.6135966148439795
36.78518664200004,2.1990236198865496,-0.06360140839134756,-0.20097638889747543,-2.6136014083913475
36.82254033100003,2.201952652244789,-0.06360439805399785,-0.19804735653923583,-2.613604398053998
36.91526562500002,2.204881685887802,-0.06360558624626783,-0.19511832289622305,-2.6136055862462677
36.94927421,2.2078107197076116,-0.06360497296770802,-0.19218928907641347,-2.6136049729677078
36.972036941,2.210774204660809,-0.06360390040568217,-0.18922580412321605,-2.613603900405682
36.99802672100003,2.21373845039508,-0.06360374598768932,-0.18626155838894493,-2.6136037459876893
37.04969918300003,2.2167026960348846,-0.0636045101010058,-0.18329731274914046,-2.6136045101010055
37.15434705200005,2.2196669412956016,-0.06360619274555665,-0.18033306748842343,-2.6136061927455563
37.18519009300002,2.222641277681849,-0.0636086727073021,-0.1773587311021761,-2.613608672707302
37.20658550600001,2.225615613442967,-0.06361181418807921,-0.17438439534105804,-2.613611814188079
37.23874534500004,2.228589948431828,-0.06361561718773318,-0.1714100603521969,-2.613615617187733
37.281930224999996,2.2315642825013047,-0.06362008170607679,-0.16843572628272035,-2.6136200817060766
37.37310302000003,2.234538615504269,-0.0636252077428874,-0.165461393279756,-2.613625207742887
37.416611688000046,2.23751475610147,-0.06363098755511966,-0.16248525268255515,-2.6136309875551196
37.442874856,2.2405011464549736,-0.06363680217977981,-0.15949886232905147,-2.6136368021797796
37.46365358500003,2.2434875374732735,-0.06364226470540825,-0.15651247131075158,-2.6136422647054083
37.51928517500005,2.2464739291148543,-0.06364737513192692,-0.1535260796691707,-2.6136473751319267
37.607722489000025,2.2494603213382036,-0.0636521334592657,-0.1505396874458214,-2.6136521334592655
37.633148602000006,2.2524175659072525,-0.0636561231472384,-0.14758244287677252,-2.6136561231472384
37.658705448000035,2.255374811751574,-0.06365901710606642,-0.14462519703245086,-2.613659017106066
37.70215948200001,2.2583320584651787,-0.06366081533535349,-0.14166795031884633,-2.6136608153353533
37.736835025000005,2.261289305642072,-0.06366151783485233,-0.13871070314195283,-2.6136615178348523
37.83798319700003,2.264246552876262,-0.06366112460446637,-0.13575345590776294,-2.6136611246044663
37.870156974,2.2672113010224852,-0.06365970010386764,-0.13278870776153978,-2.6136597001038675
37.89884860300003,2.2701945528622938,-0.06365832338756369,-0.12980545592173126,-2.6136583233875634
37.92850935000001,2.273177804870504,-0.06365737968414618,-0.126822203913521,-2.613657379684146
37.98150327800005,2.276161056984264,-0.06365686899364016,-0.12383895179976095,-2.61365686899364
38.07765073200005,2.2791443091407255,-0.06365679131605474,-0.12085569964329951,-2.6136567913160547
38.107373225,2.2820997837088375,-0.06365693417044968,-0.11790022507518755,-2.6136569341704496
38.145201067000016,2.285013591429239,-0.06365536458628376,-0.11498641735478593,-2.6136553645862834
38.17517147700005,2.287927397164216,-0.06365161840148864,-0.11207261161980903,-2.6136516184014886
38.225879004000035,2.290841199287855,-0.0636456956181527,-0.10915880949617002,-2.6136456956181524
38.33434398400004,2.2937549961742483,-0.06363759623958108,-0.10624501260977676,-2.613637596239581
38.35381995100005,2.2966773569834857,-0.06362731599203009,-0.10332265180053929,-2.61362731599203
38.377710998,2.29964684958608,-0.06361562892812571,-0.10035315919794524,-2.6136156289281254
38.416057161000026,2.3026163389973404,-0.06360315733048226,-0.09738366978668461,-2.613603157330482
38.45666811000001,2.305585825009993,-0.06358990119997057,-0.09441418377403205,-2.6135899011999704
38.56916703000002,2.308555307416766,-0.0635758605375156,-0.09144470136725907,-2.6135758605375154
38.606323223000004,2.311527134607824,-0.06356102774902275,-0.08847287417620114,-2.6135610277490224
38.635598025000036,2.314523583666753,-0.06354580596254868,-0.08547642511727199,-2.6135458059625485
38.657317315,2.3175200331876415,-0.06353067538722162,-0.08247997559638348,-2.6135306753872216
38.70084445700002,2.320516483167713,-0.06351563602307604,-0.07948352561631206,-2.613515636023076
38.82249940700001,2.32351293360419,-0.06350068787010023,-0.07648707517983505,-2.6135006878701
38.850021656000024,2.3265093844942966,-0.06348583092832691,-0.07349062428972847,-2.613485830928327
38.892895632000034,2.329460992221785,-0.06347185979417931,-0.07053901656224021,-2.613471859794179
38.91946592600004,2.332412605545515,-0.06345912571822067,-0.06758740323850981,-2.6134591257182205
38.954902342000025,2.335364223947028,-0.06344762870268814,-0.06463578483699722,-2.613447628702688
39.05361075800005,2.3383147505070196,-0.06343737446378106,-0.06168525827700538,-2.613437374463781
39.08158222700001,2.341259068479415,-0.06342849515566917,-0.058740940304610016,-2.613428495155669
39.121783152000035,2.344203390393059,-0.06342103636797908,-0.055796618390965995,-2.613421036367979
39.14688495900003,2.3471477155626066,-0.06341499810244611,-0.05285229322141843,-2.6134149981024457
39.16871479100001,2.35009204330271,-0.06341038036047666,-0.04990796548131509,-2.6134103803604765
39.28111911900004,2.3530525351537963,-0.06340702960439053,-0.04694747363022871,-2.6134070296043905
39.31288237200005,2.3560221360668874,-0.06340448972830942,-0.04397787271713765,-2.613404489728309
39.34624382100003,2.3589917375460545,-0.06340273219148591,-0.04100827123797051,-2.613402732191486
39.38522266900003,2.3619613393851897,-0.06340175699404141,-0.038038669398835316,-2.6134017569940413
39.427040877000024,2.3649309413781867,-0.06340156413604599,-0.03506906740583831,-2.613401564136046
39.53679929600003,2.367900543318939,-0.0634021536175109,-0.03209946546508618,-2.613402153617511
39.57399636600002,2.370874608096589,-0.06340349318971528,-0.02912540068743624,-2.613403493189715
39.606245305000016,2.373851647924579,-0.0634054416339723,-0.026148360859445993,-2.6134054416339723
39.627901451000014,2.3768286873059257,-0.06340798245727691,-0.023171321478099357,-2.613407982457277
39.65710901800003,2.379805726122756,-0.06341111565953285,-0.020194282661269155,-2.6134111156595328
39.774819260000015,2.3827636703344175,-0.06341466024061759,-0.017236338449607532,-2.6134146602406174
39.80566233100001,2.3856861553544104,-0.06341673597794498,-0.014313853429614604,-2.6134167359779448
39.82738412400005,2.388608641109398,-0.06341684841982763,-0.011391367674626946,-2.6134168484198272
39.85592802300005,2.3915311262804635,-0.06341499756621351,-0.008468882503561532,-2.6134149975662133
39.89947411100002,2.394453609548683,-0.06341118341793728,-0.005546399235341998,-2.613411183417937
40.00588455000002,2.3973765916760463,-0.06340540546931084,-0.0026234171079786935,-2.6134054054693108
40.03313046100004,2.4003040881799986,-0.06339772787088661,0.0003040793959736047,-2.6133977278708866
40.05803024700003,2.4032315792825134,-0.06338821099841341,0.0032315704984883834,-2.613388210998413
40.094642351000005,2.406159063828022,-0.06337685485564738,0.006159055043997113,-2.6133768548556473
40.12863531600004,2.409086540660956,-0.0633636594470717,0.00908653187693082,-2.6133636594470717
40.24552495500001,2.41201400862575,-0.06334862477789471,0.01201399984172497,-2.6133486247778945
40.29147547100001,2.414953817013946,-0.06333260100500031,0.014953808229920934,-2.613332601005
40.319994895000036,2.417897747412316,-0.06331788162875963,0.017897738628290975,-2.6133178816287597
40.35945802200001,2.4208416846115424,-0.06330459187797817,0.02084167582751734,-2.613304591877978
40.487196701000016,2.423785627917376,-0.06329273175579184,0.023785619133350925,-2.6132927317557915
40.520030808,2.426721123585905,-0.06328237830407552,0.026721114801880167,-2.6132823783040755
40.55366337800001,2.4296462934130716,-0.0632738872968224,0.029646284629046563,-2.613273887296822
40.59004885300004,2.432571468131041,-0.06326729303252084,0.03257145934701584,-2.6132672930325205
40.619224454000005,2.4354966465099266,-0.06326259551394307,0.035496637725901566,-2.613262595513943
40.75525549900004,2.438421827319835,-0.06325979474306442,0.03842181853580979,-2.6132597947430645
40.78524406400004,2.441347009330876,-0.0632588907210624,0.04134700054685098,-2.6132588907210623
40.810350739,2.444279601340648,-0.06325986213868544,0.04427959255662279,-2.613259862138685
40.84892220400002,2.4472368326959786,-0.06326216720717959,0.04723682391195356,-2.6132621672071794
40.878000165,2.450194062993792,-0.0632655683840997,0.05019405420976714,-2.6132655683840995
40.98270510000003,2.4531512918278096,-0.06327006566897775,0.05315128304378453,-2.613270065668978
41.01731579400001,2.456109514491444,-0.06327566047752209,0.05610950570741919,-2.613275660477522
41.044414313000004,2.459086653775878,-0.06328211242315032,0.05908664499185296,-2.6132821124231502
41.06559063100002,2.4620637917240074,-0.06328915403743653,0.06206378293998233,-2.6132891540374366
41.09590276100005,2.465040928219039,-0.06329678532010063,0.06504091943501406,-2.6132967853201006
41.20653778100001,2.4680180631441795,-0.06330500627084552,0.06801805436015446,-2.613305006270845
41.23806019400001,2.4709951963826353,-0.06331381688934741,0.07099518759861029,-2.613313816889347
41.265645683,2.4739332767892876,-0.06332239575312966,0.07393326800526262,-2.6133223957531295
41.296961941000006,2.4768583442209797,-0.06332911255490714,0.0768583354369547,-2.613329112554907
41.32840756300004,2.4797834153975367,-0.06333392996780728,0.07978340661351163,-2.613333929967807
41.43979532100002,2.48270848908559,-0.06333684798979874,0.08270848030156491,-2.6133368479897987
41.47517162300005,2.4856519072836543,-0.06333841621802354,0.08565189849962923,-2.6133384162180233
41.506140327000026,2.4886085149560744,-0.06334086085750783,0.08860850617204935,-2.6133408608575075
41.52603720800005,2.4915651215001002,-0.0633444173525491,0.0915651127160752,-2.613344417352549
41.565730793,2.4945217264976165,-0.0633490857026475,0.09452171771359147,-2.613349085702647
41.69444997900001,2.4974783295305025,-0.06335486590714123,0.0974783207464775,-2.613354865907141
41.71912322400004,2.5004263118843917,-0.06336103197404022,0.10042630310036665,-2.61336103197404
41.76207759700003,2.5033714234094835,-0.06336586924914886,0.10337141462545846,-2.6133658692491486
41.786124753000024,2.506316536902325,-0.06336930563597516,0.10631652811829978,-2.613369305635975
41.813982931,2.5092616516965602,-0.06337134113374107,0.1092616429125352,-2.6133713411337407
41.95510617100001,2.5122169929440656,-0.06337201506946986,0.11221698416004061,-2.6133720150694697
41.98387574100002,2.515210280600043,-0.06337217350913561,0.1152102718160179,-2.6133721735091355
42.009351095,2.518203568260172,-0.06337215781845235,0.11820355947614697,-2.613372157818452
42.04899430900002,2.5211968559143245,-0.0633719679974295,0.12119684713029949,-2.613371967997429
42.07354387700002,2.5241901435523695,-0.06337160404606702,0.12419013476834445,-2.613371604046067
42.09323440600002,2.527183431164176,-0.06337106596435925,0.12718342238015085,-2.613371065964359
42.13591004900002,2.5301767187396154,-0.06337035375231188,0.13017670995559033,-2.6133703537523116
42.22349109600003,2.5331700062685583,-0.0633694674099249,0.13316999748453323,-2.6133694674099246
42.260138126000015,2.536155554304059,-0.0633684285194949,0.136155545520034,-2.613368428519495
42.28668340600001,2.5390972456372713,-0.06336829269452855,0.13909723685324632,-2.6133682926945285
42.306095156000026,2.542038936663504,-0.0633696434281688,0.14203892787947886,-2.6133696434281686
42.34081429400004,2.544980626631546,-0.06337248072007114,0.14498061784752098,-2.613372480720071
42.46065005300005,2.547916206718094,-0.06337638595024303,0.14791619793406902,-2.613376385950243
42.49495770600004,2.550845679612968,-0.06337890127503211,0.1508456708289429,-2.613378901275032
42.524001182000006,2.5537751534980564,-0.06337962603193496,0.15377514471403136,-2.613379626031935
42.58929871500004,2.5567046272789162,-0.06337856022067881,0.1567046184948912,-2.6133785602206787
42.609246197000004,2.559634099861105,-0.06337570384166187,0.1596340910770801,-2.613375703841662
42.69992457000001,2.562563570150184,-0.06337105689595005,0.16256356136615885,-2.61337105689595
42.735044912000035,2.56550993671281,-0.06336478702724159,0.165509927928785,-2.6133647870272414
42.76177112300002,2.568457189531816,-0.06335716783199133,0.16845718074779098,-2.613357167831991
43.318127953000044,2.5697834521009204,-0.063353299715474,0.16978344331689538,-2.613353299715474
43.34231453800004,2.56978345210097,-0.06335329971547385,0.16978344331694512,-2.613353299715474
43.42354427800001,2.56978345210097,-0.06335329971547385,0.16978344331694512,-2.613353299715474
43.46088094700002,2.56978345210097,-0.06335329971547385,0.16978344331694512,-2.613353299715474
43.48399210600002,2.5699734512745867,-0.06335273936312512,0.16997344249056162,-2.613352739363125
43.535067225000034,2.5705634488776106,-0.06335105769150294,0.17056344009358554,-2.613351057691503
43.565308533999996,2.5715534451591626,-0.06334834450045844,0.1715534363751376,-2.613348344500458
43.654798569000036,2.572943440353965,-0.06334468988441136,0.1729434315699398,-2.613344689884411
43.679435533,2.574733434709683,-0.06334019517704527,0.17473342592565805,-2.613340195177045
43.716907972,2.576923428454841,-0.0633349616296195,0.17692341967081576,-2.6133349616296195
43.77366062500005,2.5795134217898243,-0.06332908658209535,0.17951341300579932,-2.613329086582095
43.80349414,2.5824513952898225,-0.06332277704130655,0.18245138650579745,-2.6133227770413066
43.88888520500001,2.5854373497102108,-0.06331672578226133,0.18543734092618575,-2.613316725782261
43.914958231000014,2.5884096661488565,-0.06331112424115422,0.18840965736483145,-2.613311124241154
43.93672257700001,2.591356655291184,-0.06330671508118736,0.19135664650715917,-2.6133067150811873
43.993529928000044,2.5943036461480964,-0.06330365976439083,0.19430363736407136,-2.613303659764391
44.08473353000005,2.5972506380976403,-0.063301958291409,0.1972506293136153,-2.6133019582914088
44.11686951300004,2.6002017511745774,-0.06330157890833911,0.20020174239055238,-2.613301578908339
44.14512627800002,2.6031556112698544,-0.06330239407164079,0.20315560248582937,-2.6133023940716407
44.195463432,2.6061094708030006,-0.06330439041859846,0.20610946201897556,-2.613304390418598
44.23715457600002,2.6090633293016867,-0.06330756794889307,0.2090633205176617,-2.613307567948893
44.31480335900005,2.612017186293584,-0.06331192666201617,0.2120171775095589,-2.613311926662016
44.36083083700004,2.614966636578551,-0.0633174687838193,0.21496662779452608,-2.613317468783819
44.39044032300001,2.6178984646871317,-0.06332453146945849,0.2178984559031067,-2.613324531469458
44.413571844000046,2.6208302881118564,-0.06333332612818043,0.22083027932783134,-2.6133333261281804
44.46852382000003,2.623762105829566,-0.06334385275691518,0.22376209704554112,-2.613343852756915
44.545842530000016,2.6266939168171026,-0.06335611135198922,0.2266939080330776,-2.613356111351989
44.57535137800005,2.6296408303811303,-0.06337001052515331,0.22964082159710525,-2.613370010525153
44.60934246100004,2.6325904039555463,-0.06338521491332455,0.2325903951715213,-2.6133852149133245
44.64128025800005,2.6355399706091323,-0.06340170734691539,0.23553996182510722,-2.6134017073469153
44.68886703800001,2.6384895297794135,-0.0634194878227808,0.2384895209953885,-2.6134194878227808
44.758778817999996,2.6414390809039165,-0.06343855633752893,0.24143907211989152,-2.613438556337529
44.806061879000026,2.6443912865993906,-0.06345892308149552,0.24439127781536557,-2.6134589230814953
44.830569309,2.6473740902622924,-0.0634797646262965,0.2473740814782674,-2.6134797646262964
44.852792636000004,2.6503568969853175,-0.0635001635112791,0.2503568882012925,-2.613500163511279
44.914816040000005,2.653339706702768,-0.06352011973599127,0.25333969791874317,-2.613520119735991
45.00036373300003,2.6563194749136922,-0.06353961660951236,0.2563194661296672,-2.613539616609512
45.02063355200005,2.659241393252467,-0.06355962326391798,0.25924138446844175,-2.6135596232639178
45.057389174000036,2.662163297396623,-0.06358160546244884,0.2621632886125979,-2.6135816054624486
45.08915156400002,2.665085186010469,-0.06360556319506057,0.26508517722644415,-2.6136055631950605
45.12653078400001,2.6680070577583264,-0.06363149645080013,0.26800704897430133,-2.6136314964508
45.61568354100001,2.670941144047945,-0.06365944973010988,0.2709411352639201,-2.6136594497301098
45.634181059000014,2.6739253188347485,-0.06368815391567297,0.27392531005072346,-2.613688153915673
45.666021634,2.6769094974964656,-0.06371645238622607,0.27690948871244053,-2.613716452386226
45.71491588600003,2.6798936799779334,-0.06374434514125236,0.27989367119390834,-2.613744345141252
45.746819216000006,2.6828778662239943,-0.06377183218022886,0.28287785743996924,-2.6137718321802286
45.83299225400003,2.6833254944825393,-0.06377592024303728,0.2833254856985143,-2.6137759202430373
45.87339915700005,2.6833614930483294,-0.06377624157250089,0.28336148426430435,-2.6137762415725008
45.903899101000036,2.683731480079846,-0.06377933842894054,0.28373147129582094,-2.6137793384289405
45.927832772000045,2.6845014575573227,-0.06378522538228958,0.2845014487732977,-2.6137852253822893
45.97235809,2.685671429704314,-0.06379329445496991,0.285671420920289,-2.6137932944549696
46.06545902800002,2.6872414000512816,-0.06380293766477113,0.2872413912672566,-2.613802937664771
46.09667957400001,2.6892113714356234,-0.06381354702555228,0.28921136265159836,-2.613813547025552
46.12710125700005,2.6915813421380417,-0.06382533095613398,0.29158133335401665,-2.613825330956134
46.14385023800003,2.6943513057959705,-0.0638395195829059,0.29435129701194546,-2.6138395195829056
46.19950614500004,2.697332723539602,-0.06385526272336317,0.2973327147555768,-2.613855262723363
46.293373089,2.700314215530627,-0.06387148336303365,0.30031420674660175,-2.6138714833630337
46.32071338600002,2.7032749305041195,-0.06388825026649428,0.30327492172009446,-2.613888250266494
46.35081312,2.7062267355916916,-0.06390616519189178,0.30622672680766655,-2.613906165191892
46.39522033000003,2.7091785329479263,-0.06392531166162675,0.3091785241639013,-2.613925311661627
46.430082596000034,2.712130322058999,-0.06394568967236579,0.31213031327497415,-2.6139456896723656
46.52088427900003,2.715082102411092,-0.0639672992205615,0.3150820936270668,-2.6139672992205614
46.54713965800005,2.718033873490385,-0.06399014030245301,0.31803386470636,-2.613990140302453
46.58350474100001,2.7210034391191047,-0.0640136579686854,0.32100343033507966,-2.6140136579686852
46.604195882,2.7239762097534435,-0.06403652371235866,0.3239762009694184,-2.6140365237123584
46.66044269700001,2.72694898568415,-0.0640586901834904,0.326948976900125,-2.6140586901834904
46.75650260900005,2.729916436137017,-0.06408010577677314,0.3299164273529919,-2.614080105776773
46.78459398200005,2.732862571878132,-0.06410021110056158,0.33286256309410683,-2.6141002111005616
46.822549872000025,2.735808716672728,-0.06411894284888858,0.3358087078887028,-2.6141189428488882
46.85148799000001,2.738754869880403,-0.06413630101768188,0.3387548610963779,-2.6141363010176817
46.88475133000003,2.741701030860754,-0.06415228560316832,0.34170102207672887,-2.614152285603168
46.977661872,2.744647198973376,-0.06416689660187312,0.344647190189351,-2.6141668966018727
46.999294555000006,2.7475933735778626,-0.06418013401062155,0.34759336479383757,-2.6141801340106214
47.03795056800004,2.7505684319840675,-0.0641924743387161,0.3505684232000425,-2.614192474338716
47.062095044000046,2.7535455904966035,-0.06420423381296758,0.3535455817125785,-2.614204233812967
47.113408298000024,2.7565227512764565,-0.06421540452936884,0.3565227424924315,-2.614215404529369
47.21506427100002,2.759494150284297,-0.06422604120987196,0.3594941415002721,-2.614226041209872
47.24045087400003,2.762452098270732,-0.06423729987062349,0.3624520894867071,-2.614237299870623
47.26257406100001,2.765410041959783,-0.06424963600736681,0.3654100331757579,-2.614249636007367
47.29580074800003,2.768367980958967,-0.06426304961846642,0.36836797217494194,-2.6142630496184665
47.337054162000015,2.7713259148757996,-0.06427754070214366,0.37132590609177457,-2.6142775407021435
47.44614715600005,2.774283843317796,-0.06429310925647372,0.37428383453377106,-2.6142931092564736
47.47664822200005,2.7772594281457876,-0.06430966092815679,0.3772594193617626,-2.6143096609281566
47.50819423200005,2.7802381751563834,-0.06432678336576385,0.38023816637235835,-2.6143267833657635
47.535364497000046,2.7832169189701603,-0.06434445319562626,0.3832169101861353,-2.614344453195626
47.56491008400002,2.786195659486526,-0.06436267041714824,0.386195650702501,-2.614362670417148
47.678977664,2.78917439660489,-0.06438143502971092,0.38917438782086483,-2.6143814350297108
47.70633979500002,2.7921559301169765,-0.06440072681960594,0.39215592133295146,-2.6144007268196057
47.748903308000024,2.795143996758608,-0.0644199632029496,0.395143987974583,-2.6144199632029492
47.775506568000026,2.798132065363575,-0.06443889215657093,0.3981320565795498,-2.6144388921565707
47.80607628400003,2.8011201359002484,-0.06445751368026692,0.4011201271162234,-2.6144575136802666
47.92450617100002,2.8040786740971657,-0.06447540247031137,0.4040786653131407,-2.6144754024703114
47.95261294200003,2.8070213165219218,-0.06449180261669388,0.40702130773789674,-2.6144918026166937
47.97916074600005,2.809963966729679,-0.06450674114282615,0.40996395794565416,-2.6145067411428258
47.998247929,2.812906623994446,-0.06452021804502227,0.41290661521042077,-2.614520218045022
48.04240938700002,2.8158492875902286,-0.06453223331995726,0.41584927880620354,-2.614532233319957
48.15770275400001,2.8187942911477615,-0.06454280611934037,0.41879428236373645,-2.6145428061193403
48.179043611,2.821763648778973,-0.06455333837317188,0.421763639994948,-2.6145533383731716
48.20782676500005,2.8247330035102896,-0.0645646587096888,0.4247329947262645,-2.6145646587096887
48.227132649,2.827702355132549,-0.06457676712809733,0.42770234634852405,-2.614576767128097
48.26897378000001,2.8306717034365896,-0.06458966362754157,0.43067169465256455,-2.6145896636275414
48.38284536100002,2.8336410482132517,-0.06460334820711615,0.43364103942922666,-2.614603348207116
48.41146407800005,2.836613023612299,-0.06461780913107165,0.436613014828274,-2.6146178091310714
48.43364182700003,2.839595536223919,-0.06463226767788056,0.4395955274398941,-2.6146322676778806
48.46649169800003,2.8425780509883336,-0.0646462751087206,0.4425780422043086,-2.6146462751087203
48.49046481200003,2.8455605678373055,-0.06465983142327113,0.44556055905328046,-2.6146598314232707
48.618447195000044,2.848532913561612,-0.06467297159402852,0.44853290477758717,-2.6146729715940284
48.647230285000035,2.8514815187236566,-0.06468688862436281,0.4514815099396316,-2.614686888624363
48.67585241400002,2.8544301173985835,-0.06470211818675949,0.4544301086145585,-2.6147021181867593
48.70166555900005,2.85737870900214,-0.06471866027820102,0.45737870021811483,-2.614718660278201
48.74056263,2.8603272929500707,-0.06473651489541159,0.4603272841660457,-2.6147365148954114
48.85346567800002,2.863280393937516,-0.06475570015601662,0.46328038515349096,-2.6147557001560164
48.897764256000016,2.8662524651812897,-0.0647759192921877,0.4662524563972647,-2.6147759192921876
48.926681277,2.869224531456454,-0.06479685604360033,0.4692245226724289,-2.6147968560436
48.94661839700001,2.872196592589741,-0.0648185104090335,0.472196583805716,-2.6148185104090333
49.08489797500005,2.875168648407878,-0.06484088238722471,0.475168639623853,-2.6148408823872247
49.11490678700005,2.878126317613875,-0.06486349302206963,0.47812630882985013,-2.6148634930220696
49.16344936400003,2.8810744061466247,-0.06488486838702553,0.48107439736259966,-2.6148848683870254
49.19509618500001,2.884022503984309,-0.06490491938719181,0.4840224952002838,-2.614904919387192
49.24391557500002,2.8869706105319852,-0.06492364601852296,0.4869706017479602,-2.614923646018523
49.359099112000024,2.8899187251947085,-0.064941048277239,0.48991871641068346,-2.6149410482772386
49.38808812000002,2.8928668473775327,-0.06495712615982799,0.4928668385935077,-2.614957126159828
49.412140292000004,2.8958179764246457,-0.06497189953495114,0.49581796764062064,-2.614971899534951
49.44664512400004,2.8988084749802683,-0.06498618046522656,0.49880846619624325,-2.6149861804652264
49.470716751,2.901798974697582,-0.06500021602408072,0.5017989659135571,-2.6150002160240806
49.615399556,2.9047894755564525,-0.06501400621142014,0.5047894667724275,-2.6150140062114198
49.64421666100003,2.907779977536745,-0.06502755102715686,0.50777996875272,-2.615027551027157
49.66436664500003,2.910753576964049,-0.06504063438472805,0.5107535681800242,-2.615040634384728
49.70114965800002,2.9137180777907608,-0.06505280653138439,0.5137180690067358,-2.6150528065313843
49.737643692000006,2.9166825822196096,-0.06506406726296046,0.5166825734355847,-2.6150640672629604
49.85477335200005,2.919647089970385,-0.06507441657839436,0.5196470811863598,-2.6150744165783943
49.893917388000034,2.9226116007628784,-0.06508385447670532,0.5226115919788534,-2.615083854476705
49.928242512,2.9255889473547954,-0.06509250966775011,0.5255889385707704,-2.61509250966775
49.96012159600002,2.9285771282990423,-0.06510082907820951,0.5285771195150173,-2.615100829078209
49.98994932300002,2.9315653100789802,-0.06510884270378092,0.5315653012949553,-2.6151088427037807
50.142331186000035,2.934553492663318,-0.06511655054437711,0.5345534838792929,-2.6151165505443768
50.16668481000005,2.9375156880885305,-0.06512419622125876,0.5375156793045055,-2.6151241962212586
50.200890754,2.940460555183733,-0.0651330685720619,0.5404605463997081,-2.6151330685720615
50.23571323500005,2.94340541770458,-0.06514334769197348,0.5434054089205551,-2.615143347691973
50.25891941100002,2.9463502749790584,-0.06515503357864746,0.5463502661950335,-2.615155033578647
50.418935867000016,2.9492951263351523,-0.06516812622941863,0.5492951175511274,-2.6151681262294186
50.44945618600002,2.9522399711008487,-0.06518262564129758,0.5522399623168237,-2.6151826256412973
50.47863533100002,2.9552149991803613,-0.06519766967945152,0.5552149903963364,-2.615197669679451
50.509648699000024,2.9581905664538035,-0.06521208730626167,0.5581905576697785,-2.6152120873062614
50.540234134,2.9611661367092994,-0.0652258757564002,0.5611661279252744,-2.6152258757564
50.65943776,2.964141709813809,-0.06523903502924983,0.5641417010297842,-2.6152390350292496
50.70545576300003,2.967117674662244,-0.06525158014333594,0.5671176658782189,-2.615251580143336
50.739403530000004,2.970095843756616,-0.06526426656099105,0.5700958349725909,-2.615264266560991
50.76648391100002,2.973074010400497,-0.06527751575398767,0.5730740016164719,-2.6152775157539874
50.797172327,2.976052174487545,-0.06529132772185313,0.57605216570352,-2.615291327721853
50.82659754800005,2.9790303359114145,-0.06530570246409598,0.5790303271273896,-2.615305702464096
50.85453135100005,2.9820084945657594,-0.06532063998020306,0.5820084857817345,-2.6153206399802027
50.967664659000036,2.984986650344234,-0.06533614026963915,0.5849866415602092,-2.615336140269639
51.01168105300002,2.98796723054371,-0.06535217521931341,0.5879672217596852,-2.6153521752193134
51.04806611600003,2.9909534748575006,-0.06536811085359773,0.5909534660734757,-2.6153681108535975
51.071455040000046,2.9939397210441108,-0.06538369158029034,0.5939397122600858,-2.6153836915802904
51.12147193200002,2.9969259690613606,-0.06539891739916993,0.5969259602773356,-2.61539891739917
51.23807682500001,2.999912218867071,-0.06541378831002427,0.5999122100830458,-2.615413788310024
51.278246775000014,3.0028700856600787,-0.06542854993937412,0.6028700768760538,-2.615428549939374
51.31273782100004,3.005812662304269,-0.06544458895551354,0.6058126535202439,-2.6154445889555133
51.375799725000036,3.0087552306085685,-0.06546209128351552,0.6087552218245436,-2.6154620912835154
51.40872895800004,3.0116977898452912,-0.06548105691905384,0.6116977810612663,-2.615481056919054
51.49778268600005,3.0146403392867502,-0.06550148585743676,0.6146403305027253,-2.6155014858574366
51.52110480600004,3.0176118269762053,-0.06552273911029677,0.6176118181921804,-2.6155227391102964
51.565757518,3.020587250114681,-0.06554339938733846,0.6205872413306559,-2.6155433993873385
51.61622811400002,3.02356267757384,-0.06556342775017171,0.6235626687898148,-2.6155634277501716
51.652758809000034,3.0265381092194765,-0.06558282419789015,0.6265381004354516,-2.61558282419789
51.723352102000035,3.029519496196215,-0.06560201841098333,0.6295194874121899,-2.615602018410983
51.765686200000005,3.032501930971684,-0.06562165948052028,0.6325019221876591,-2.61562165948052
51.78947566400001,3.035484362733862,-0.06564175289994473,0.6354843539498369,-2.6156417528999447
51.85738880700001,3.038466791414138,-0.06566229866879567,0.6384667826301129,-2.6156622986687954
51.88783590600002,3.041449216943903,-0.06568329678660388,0.6414492081598779,-2.6156832967866035
51.997831191000046,3.04443163925455,-0.06570474725288054,0.6444316304705251,-2.6157047472528805
52.02568488100002,3.0474025048466373,-0.06572611335392325,0.6474024960626124,-2.615726113353923
52.062127195000016,3.050371336565988,-0.06574667855374423,0.6503713277819632,-2.615746678553744
52.11288619200002,3.053340173719999,-0.0657664436297607,0.6533401649359742,-2.6157664436297603
52.14550645600002,3.0563090160930315,-0.06578540858053837,0.6563090073090065,-2.615785408580538
52.23373642600001,3.059273921378933,-0.06580403665203466,0.6592739125949079,-2.6158040366520345
52.256467654000005,3.0622375079811137,-0.06582353603194746,0.6622374991970887,-2.6158235360319475
52.28521705600002,3.0652010882934126,-0.06584396901983755,0.6652010795093877,-2.615843969019837
52.343337254000005,3.0681646620217196,-0.06586533561367638,0.6681646532376946,-2.6158653356136763
52.42974472000003,3.0711282288719226,-0.06588763581134403,0.6711282200878976,-2.615887635811344
52.458639506,3.074099292978024,-0.0659108989482564,0.674099284193999,-2.6159108989482562
52.500474422000025,3.077088866382681,-0.0659347392240909,0.677088857598656,-2.6159347392240906
52.522768283000005,3.0800784376406956,-0.06595884718625146,0.6800784288566706,-2.6159588471862514
52.582782304000034,3.0830680067280998,-0.06598322283453796,0.6830679979440748,-2.615983222834538
52.67515546100003,3.086057573620923,-0.06600786616875476,0.6860575648368981,-2.6160078661687547
52.70430515500004,3.089037297058653,-0.06603272631012434,0.6890372882746281,-2.616032726310124
52.73492820300004,3.0919874891432073,-0.06605832836384186,0.6919874803591823,-2.6160583283638417
52.78362809600003,3.094937669927169,-0.06608520107955454,0.6949376611431441,-2.6160852010795543
52.83599995700001,3.09788783886326,-0.06611334445227739,0.6978878300792348,-2.6161133444522773
52.93314758400004,3.1008379954042025,-0.06614275847679107,0.7008379866201775,-2.6161427584767907
52.973066629000016,3.10380310040455,-0.06617351894810601,0.7038030916205251,-2.6161735189481057
53.01032517500005,3.106801085332394,-0.06620485403761785,0.706801076548369,-2.6162048540376177
53.04415805300005,3.109799070762618,-0.06623614102517306,0.7097990619785932,-2.6162361410251727
53.11067083400002,3.1127970566944496,-0.0662673799107633,0.7127970479104246,-2.616267379910763
53.217342696,3.115795043127116,-0.06629857069438055,0.715795034343091,-2.61629857069438
53.25699451500003,3.1187930537240343,-0.06632971363703323,0.7187930449400093,-2.616329713637033
53.308579820000034,3.1217915143728945,-0.06636081989042235,0.7217915055888695,-2.616360819890422
53.334217686000045,3.124789975393034,-0.0663918903340329,0.7247899666090092,-2.616391890334033
53.41060085800001,3.127788436784025,-0.06642292496786044,0.7277884280000002,-2.61642292496786
53.503042385000015,3.1307858415654537,-0.06645391218862504,0.7307858327814287,-2.616453912188625
53.53948126200004,3.1337631670331887,-0.06648435687821766,0.7337631582491637,-2.6164843568782175
53.577456541000004,3.1367404983859135,-0.06651422050172034,0.7367404896018885,-2.61651422050172
53.62643836800004,3.13971783551023,-0.06654350305799586,0.739717826726205,-2.6165435030579958
53.672483130000046,3.142695178292734,-0.06657220454592673,0.7426951695087092,-2.6165722045459265
53.78887430900005,3.145672526620021,-0.066600324964423,0.7456725178359962,-2.616600324964423
53.80810449300003,3.148652771766534,-0.06662790020874952,0.748652762982509,-2.616627900208749
53.85692372400001,3.1516416947116306,-0.06665518791960591,0.7516416859276056,-2.616655187919606
53.896936958000026,3.1546306202334553,-0.06668219191696427,0.7546306114494303,-2.616682191916964
53.95047171800002,3.157619548305078,-0.06670891220058471,0.7576195395210532,-2.6167089122005844
54.04674831,3.1606084788995674,-0.06673534877022595,0.7606084701155424,-2.616735348770226
54.09550957700003,3.1635974450437776,-0.0667615022786116,0.7635974362597526,-2.6167615022786115
54.12886842700004,3.166586419482019,-0.0667873731162724,0.766586410697994,-2.616787373116272
54.15606201100002,3.169575396353872,-0.06681296124303168,0.769575387569847,-2.6168129612430313
54.229292832,3.1725643756325965,-0.06683826665866527,0.7725643668485715,-2.616838266658665
54.336045254,3.175553357291451,-0.06686328936294432,0.775553348507426,-2.616863289362944
54.382511833000024,3.1785380335133433,-0.0668881287117835,0.7785380247293183,-2.6168881287117833
54.40959481700003,3.1815198352008203,-0.0669133517790929,0.7815198264167953,-2.616913351779093
54.43747494500002,3.1845016328968145,-0.06693904237508974,0.7845016241127896,-2.6169390423750896
54.50928391100001,3.187483426528023,-0.06696520049914413,0.787483417743998,-2.616965200499144
54.627489223,3.1904652160211384,-0.06699182615061444,0.7904652072371134,-2.616991826150614
54.65961868800002,3.1934411153291182,-0.06701871129700518,0.7934411065450933,-2.617018711297005
54.70014776200003,3.1964111327408005,-0.06704492871035629,0.7964111239567755,-2.617044928710356
54.72998330500002,3.1993811568392636,-0.06707037734517472,0.7993811480552386,-2.6170703773451747
54.78599031500005,3.202351187425511,-0.06709505719975371,0.8023511786414859,-2.6170950571997533
54.87463401500003,3.205321224300545,-0.0671189682724419,0.8053212155165199,-2.617118968272442
54.92707897400004,3.2082804107451226,-0.06714194319381732,0.8082804019610976,-2.617141943193817
54.960234902000025,3.2112323680839694,-0.06716367113341136,0.8112323592999444,-2.617163671133411
54.993885929000044,3.2141843341995813,-0.06718417201178109,0.8141843254155563,-2.6171841720117808
55.039036950000025,3.2171363085818956,-0.06720344582538335,0.8171362997978706,-2.6172034458253832
55.151892961000044,3.2200892906929637,-0.06722150024108717,0.8200892819089387,-2.617221500241087
55.17445203800003,3.223082640399401,-0.06723933305504416,0.8230826316153759,-2.617239333055044
55.22971357200004,3.2260760609598105,-0.06725733558111882,0.8260760521757855,-2.617257335581119
55.258781690000035,3.229069480497342,-0.06727550739302383,0.8290694717133169,-2.617275507393024
55.296966704,3.232062899002424,-0.06729384849071315,0.8320628902183991,-2.617293848490713
55.42220791700004,3.2350563164654806,-0.06731235887412117,0.8350563076814557,-2.617312358874121
55.45163388000003,3.2380483718905544,-0.06733102657292679,0.8380483631065294,-2.6173310265729266
55.47227422100002,3.2410281797334237,-0.06734937671618073,0.8410281709493987,-2.6173493767161804
55.50784472500004,3.244007990733186,-0.06736720685591154,0.844007981949161,-2.6173672068559113
55.54813397200002,3.246987804799095,-0.0673845169915763,0.8469877960150702,-2.617384516991576
55.64929535900001,3.2499676218404057,-0.06740130712264786,0.8499676130563807,-2.617401307122648
55.674881895,3.2529142013678443,-0.06741699288438932,0.8529141925838193,-2.6174169928843893
55.729043820000015,3.2558590384362764,-0.06743126308524111,0.8558590296522515,-2.617431263085241
55.75248869000001,3.258803881986595,-0.06744412630366499,0.8588038732025702,-2.6174441263036647
55.789440549000005,3.261748731346572,-0.06745558253672594,0.8617487225625471,-2.6174555825367256
55.909576688000016,3.2646935858439807,-0.06746563178180719,0.8646935770599558,-2.617465631781807
55.93735206400004,3.2676540182967866,-0.06747540655251555,0.8676540095127616,-2.6174754065525154
55.96459587000004,3.270615267145676,-0.06748617491755693,0.8706152583616511,-2.617486174917557
55.989569582,3.2735765122130775,-0.06749793729474916,0.8735765034290526,-2.617497937294749
56.049269321,3.276537753165328,-0.06751069368276574,0.8765377443813032,-2.6175106936827657
56.16173324500005,3.2794910377612365,-0.06752431945733678,0.8794910289772115,-2.6175243194573365
56.18923624200005,3.2824204698425823,-0.06753682478701016,0.8824204610585573,-2.61753682478701
56.22841867600005,3.285349909021697,-0.06754753918592868,0.8853499002376721,-2.6175475391859284
56.25479842000004,3.288279354203683,-0.06755646265008437,0.888279345419658,-2.617556462650084
56.28777701900003,3.2912088042936394,-0.06756359517614201,0.8912087955096144,-2.617563595176142
56.392072514000006,3.2941382581966625,-0.06756893676143677,0.8941382494126375,-2.6175689367614368
56.42807154000002,3.297073366493706,-0.06757254409568353,0.8970733577096812,-2.617572544095683
56.467403477000005,3.3000108984923457,-0.06757455530452908,0.9000108897083208,-2.617574555304529
56.487301056000035,3.3029484311493307,-0.06757497618307401,0.9029484223653057,-2.6175749761830738
56.52796948500003,3.3058859636036826,-0.06757380673119426,0.9058859548196576,-2.617573806731194
56.66364650700001,3.3088335348796543,-0.06757113850071049,0.9088335260956293,-2.6175711385007103
56.69064248900003,3.3118072256052775,-0.06756856517714133,0.9118072168212525,-2.617568565177141
56.73328095900001,3.314780916840336,-0.06756666986702937,0.914780908056311,-2.617566669867029
56.76495900000003,3.3177546084302367,-0.06756545257047325,0.9177545996462118,-2.617565452570473
56.798302514,3.320728300220391,-0.0675649132875381,0.9207282914363661,-2.617564913287538
56.916355545000044,3.3236916141904262,-0.06756509710355293,0.9236916054064013,-2.6175650971035527
56.943990583000016,3.326635654625558,-0.06756654876849441,0.9266356458415332,-2.6175665487684943
56.977950866000015,3.3295796940104356,-0.06756942823259579,0.9295796852264107,-2.6175694282325956
57.00948464000004,3.3325237316526053,-0.06757373549517975,0.9325237228685803,-2.6175737354951796
57.04927706700005,3.335467766859614,-0.06757947055523345,0.935467758075589,-2.617579470555233
57.170496039,3.3384320415771254,-0.06758646259496559,0.9384320327931004,-2.617586462594965
57.19743287,3.341419179719716,-0.06759339756055355,0.9414191709356912,-2.617593397560553
57.239127134,3.344406318616326,-0.06759999975995822,0.944406309832301,-2.617599999759958
57.272065059,3.3473934582298823,-0.06760626919309579,0.9473934494458573,-2.6176062691930957
57.29246341600003,3.350380598523318,-0.06761220585988867,0.950380589739293,-2.6176122058598885
57.406639143999996,3.3533657899288034,-0.06761783322026653,0.9533657811447784,-2.617617833220266
57.44261432500002,3.3563451323291837,-0.06762373945323616,0.9563451235451588,-2.617623739453236
57.47488858600002,3.3593244736247354,-0.06763017893405032,0.9593244648407104,-2.61763017893405
57.50370931600003,3.362303813720016,-0.06763715166250273,0.9623038049359911,-2.6176371516625023
57.61392838200004,3.365283152519585,-0.06764465763837159,0.9652831437355602,-2.6176446576383716
57.64233739800005,3.368262489928001,-0.06765269686141645,0.968262481143976,-2.617652696861416
57.66923167300001,3.371233216000476,-0.0676611634613263,0.9712332072164509,-2.6176611634613263
57.71233414400001,3.3741838540877933,-0.06766874934003554,0.9741838453037683,-2.6176687493400355
57.73403759200005,3.377134495149831,-0.06767507317548513,0.9771344863658062,-2.617675073175485
57.86484818100001,3.3800851386467916,-0.06768013496651838,0.9800851298627666,-2.6176801349665184
57.88632743900001,3.3830357840388725,-0.06768393471220867,0.9830357752548475,-2.6176839347122085
57.92949987100002,3.385994887493044,-0.06768654414912965,0.9859948787090191,-2.6176865441491293
57.963346849000004,3.3889596294643236,-0.06768822426373938,0.9889596206802986,-2.6176882242637394
57.999770033000004,3.3919243718105783,-0.06768899845584625,0.9919243630265533,-2.6176889984558462
58.13395017300002,3.3948891142549895,-0.06768886672538028,0.9948891054709645,-2.61768886672538
58.16724231500001,3.3978665588707377,-0.06768790038977561,0.9978665500867128,-2.6176879003897753
58.19980011200005,3.4008605568693997,-0.06768665880769342,1.0008605480853747,-2.6176866588076932
58.23725099400002,3.4038545547994308,-0.06768526149247242,1.0038545460154058,-2.6176852614924724
58.26979230200004,3.40684855265273,-0.06768370844412547,1.006848543868705,-2.617683708444125
58.413436329000035,3.4098425504211978,-0.06768199966264613,1.0098425416371728,-2.617681999662646
58.44375529700005,3.4128365480967315,-0.06768013514804071,1.0128365393127066,-2.6176801351480403
58.47077983600002,3.415826998372394,-0.06767823924173887,1.0158269895883691,-2.6176782392417386
58.516977913000005,3.4188162663441903,-0.06767660858604935,1.0188162575601654,-2.617676608586049
58.553299079,3.4218055344547196,-0.06767525595334864,1.0218055256706946,-2.6176752559533485
58.692345354,3.424794802678124,-0.0676741813436546,1.0247947938940989,-2.6176741813436544
58.722113702,3.427778550114059,-0.06767324356890973,1.0277785413300342,-2.6176732435689094
58.765589976,3.430758616816232,-0.0676718554224067,1.0307586080322069,-2.6176718554224063
58.78991597500004,3.433738683234131,-0.0676699524622122,1.033738674450106,-2.617669952462212
58.83252158800002,3.4367187492788216,-0.06766753468838184,1.0367187404947966,-2.6176675346883815
58.96767951200002,3.4396988148613685,-0.06766460210098832,1.0396988060773436,-2.617664602100988
58.99084293300001,3.442678879892837,-0.06766115470011785,1.0426788711088122,-2.6176611547001176
59.02089080300004,3.445645339398424,-0.06765736218421749,1.045645330614399,-2.617657362184217
59.031357834000005,3.4485913923970863,-0.06765463392837369,1.0485913836130614,-2.6176546339283737
59.07138714400003,3.4515374463493056,-0.06765328303945523,1.0515374375652806,-2.617653283039455
59.182841756000016,3.4544835006111247,-0.06765330951775762,1.0544834918270998,-2.6176533095177574
59.21343442400001,3.45742826021667,-0.06765471580191378,1.0574282514326452,-2.6176547158019137
59.24541537700003,3.4603678414509833,-0.06765760631585527,1.0603678326669583,-2.617657606315855
59.27451164400003,3.4633074207687953,-0.06766203604314028,1.0633074119847703,-2.61766203604314
59.31015006900003,3.4662469973641503,-0.0676680049825553,1.0662469885801253,-2.617668004982555
59.338491078000004,3.4691865704310905,-0.06767551313246353,1.0691865616470655,-2.6176755131324634
59.37251480900005,3.472126139163661,-0.06768456049080572,1.0721261303796359,-2.6176845604908054
59.47398358000004,3.475065702755906,-0.06769514705510307,1.0750656939718812,-2.617695147055103
59.49441544800004,3.4780052604018743,-0.06770727282245109,1.0780052516178493,-2.617707272822451
59.54121182100005,3.4809534724944737,-0.06772019244009501,1.0809534637104488,-2.617720192440095
59.56660029,3.483904575322574,-0.06773196225483379,1.083904566538549,-2.6177319622548336
59.614808210000035,3.486855682871306,-0.06774248206436213,1.086855674087281,-2.617742482064362
59.709988388,3.489805315608781,-0.06775174369830748,1.089805306824756,-2.617751743698307
59.74642539300004,3.492749036286028,-0.06775961132957031,1.0927490275020029,-2.61775961132957
59.772705393000024,3.4956927604499946,-0.06776604341701051,1.0956927516659696,-2.6177660434170105
59.842366846000004,3.4986364874006206,-0.06777103995909799,1.0986364786165956,-2.6177710399590977
59.86461798800002,3.501580216437841,-0.06777460095464526,1.1015802076538161,-2.617774600954645
59.96342499100001,3.504557313098268,-0.06777714142682043,1.104557304314243,-2.6177771414268203
59.98457325000004,3.507551654039678,-0.0677797716566603,1.1075516452556529,-2.61777977165666
60.02892433200003,3.510545994848512,-0.06778254871447584,1.110545986064487,-2.6177825487144757
60.08032723400004,3.513540335517574,-0.06778547260027055,1.113540326733549,-2.6177854726002705
60.102057247000005,3.5165346760396625,-0.06778854331403782,1.1165346672556375,-2.6177885433140378
60.187749394000036,3.5195290164075788,-0.06779176085577057,1.1195290076235538,-2.6177917608557704
60.21273184100005,3.5225118568084297,-0.06779517124824391,1.1225118480244047,-2.6177951712482437
60.24016805800005,3.5254774466418493,-0.06779931375285334,1.1254774378578243,-2.6177993137528532
60.29588670800001,3.528443035108138,-0.06780434058510217,1.128443026324113,-2.617804340585102
60.33797249400004,3.5314086219435934,-0.06781025174454546,1.1314086131595684,-2.617810251744545
60.41540473500004,3.534373157456204,-0.06781693178664755,1.134373148672179,-2.6178169317866473
60.455038419000005,3.537335744763086,-0.06782303654369963,1.137335735979061,-2.6178230365436996
60.473662327,3.5402983338933844,-0.06782818086307206,1.1402983251093595,-2.617828180863072
60.54811792300001,3.543260924535731,-0.06783236474422356,1.1432609157517062,-2.617832364744223
60.57170489700002,3.5462235163787637,-0.06783558818671383,1.1462235075947387,-2.6178355881867135
60.672970762000034,3.549171022937167,-0.06783766658848395,1.1491710141531422,-2.6178376665884837
60.706984550000016,3.5521168538910444,-0.06783836264326772,1.1521168451070194,-2.6178383626432677
60.73999089200004,3.555062684847069,-0.06783767573609188,1.1550626760630442,-2.6178376757360917
60.78901222100001,3.558008515155991,-0.06783560586710762,1.1580085063719658,-2.6178356058671075
60.89538614700001,3.560954344168558,-0.06783215303677124,1.1609543353845329,-2.617832153036771
60.92394306900002,3.5638711123242532,-0.06782866523011155,1.1638711035402283,-2.6178286652301113
60.94587041,3.566782753897538,-0.06782737400453956,1.166782745113513,-2.6178273740045395
60.99281607100005,3.569694395605896,-0.06782831242670101,1.1696943868218712,-2.6178283124267008
61.040308932000016,3.572606035741941,-0.06783148049604719,1.172606026957916,-2.617831480496047
61.120829845,3.5755176725982754,-0.06783687821072067,1.1755176638142504,-2.6178368782107206
61.17142249,3.5784391547910674,-0.06784449489156978,1.1784391460070425,-2.61784449489157
61.20272810800003,3.581427789013377,-0.06785321639641213,1.181427780229352,-2.617853216396412
61.22864039900003,3.584416422363092,-0.06786223196222037,1.1844164135790671,-2.6178622319622202
61.30493735500005,3.5874050548112697,-0.06787154158890746,1.1874050460272447,-2.617871541588907
61.39103413400005,3.5903936863289783,-0.06788114527638206,1.1903936775449533,-2.6178811452763817
61.42502393700005,3.5933209187121147,-0.06789027546399981,1.1933209099280897,-2.6178902754639997
61.44337494200005,3.5962072246522037,-0.06789667768932309,1.1962072158681787,-2.617896677689323
61.47103619000001,3.5990935354993177,-0.06790023607525372,1.1990935267152927,-2.6179002360752537
61.52120094900005,3.6019798484514607,-0.06790095061833519,1.2019798396674357,-2.617900950618335
61.64369360400002,3.6048661607066337,-0.06789882131787413,1.2048661519226087,-2.617898821317874
61.685973158000024,3.6078297033823037,-0.06789486230000842,1.2078296945982787,-2.6178948623000085
61.70804273700003,3.6108197344327144,-0.06789109022309017,1.2108197256486894,-2.61789109022309
61.764944109,3.613809765797791,-0.0678875764159053,1.2138097570137658,-2.6178875764159053
61.80327771200001,3.6167997974552257,-0.06788432087847103,1.2167997886712008,-2.617884320878471
61.88879490300002,3.619789829382709,-0.06788132361081821,1.2197898205986841,-2.617881323610818
61.93823441000001,3.622761790841517,-0.06787878690822016,1.2227617820574919,-2.61787878690822
61.96656852700005,3.6257292351706294,-0.06787708013046809,1.2257292263866044,-2.617877080130468
61.98908692400005,3.6286966798631863,-0.06787621060178384,1.2286966710791614,-2.617876210601784
62.048599936000016,3.6316641246829637,-0.06787617832223865,1.2316641158989388,-2.6178761783222386
62.159544013000016,3.6346315693937354,-0.06787698329183255,1.2346315606097105,-2.6178769832918323
62.18855210200002,3.637599013759277,-0.06787862551050361,1.237599004975252,-2.6178786255105035
62.23011634400001,3.6405792592805963,-0.06788103910702836,1.2405792504965714,-2.6178810391070284
62.25690366400005,3.6435762071463333,-0.06788366078845633,1.2435761983623084,-2.6178836607884564
62.29157706400002,3.646573154941701,-0.06788636171484533,1.246573146157676,-2.617886361714845
62.381656676000034,3.649570102664603,-0.06788914188620794,1.2495700938805778,-2.6178891418862076
62.41696109500003,3.652548048758022,-0.06789214191910813,1.252548039973997,-2.617892141919108
62.45591985500005,3.655515762433899,-0.0678959165738842,1.255515753649874,-2.617895916573884
62.48868906400003,3.658483474937486,-0.06790052157674589,1.2584834661534612,-2.617900521576746
62.52562002800005,3.6614511860364587,-0.06790595692733514,1.2614511772524337,-2.617905956927335
62.621025062,3.6644188954984895,-0.06791222262522455,1.2644188867144646,-2.6179122226252245
62.66255449000005,3.667376616939504,-0.06791902411916187,1.267376608155479,-2.617919024119162
62.690421067000045,3.6703243538241983,-0.06792473737941591,1.2703243450401733,-2.6179247373794157
62.73894415500001,3.6732720929941074,-0.0679291156126423,1.2732720842100824,-2.6179291156126423
62.782284300000015,3.676219833844597,-0.06793215881794351,1.276219825060572,-2.6179321588179434
62.89197753900004,3.6791675757710354,-0.06793386699469524,1.2791675669870104,-2.617933866994695
62.92142576600003,3.6821481456937835,-0.06793455815773278,1.2821481369097585,-2.6179345581577325
62.953647364000005,3.6851456006837946,-0.06793512977209355,1.2851455918997696,-2.617935129772093
62.98415310900003,3.6881430556856842,-0.06793563527374269,1.2881430469016593,-2.6179356352737426
63.050751871000045,3.6911405106979935,-0.06793607466268022,1.2911405019139686,-2.61793607466268
63.14405906100001,3.6941379657192646,-0.06793644793892124,1.2941379569352396,-2.617936447938921
63.17774036700001,3.697075026033683,-0.06793740205760639,1.2970750172496581,-2.6179374020576063
63.200191483000026,3.69999698643364,-0.06794028989369369,1.2999969776496152,-2.6179402898936934
63.23562545500005,3.702918944212178,-0.0679451539394695,1.3029189354281532,-2.6179451539394694
63.27982710500004,3.7058408980327293,-0.06795199419270928,1.3058408892487043,-2.617951994192709
63.377241843000036,3.708762846558726,-0.06796081065028381,1.308762837774701,-2.617960810650284
63.40592568400001,3.7116847884536024,-0.06797160330816014,1.3116847796695774,-2.61797160330816
63.42929019600001,3.7146494373919774,-0.06798387327963996,1.3146494286079524,-2.61798387327964
63.460930132000044,3.717632562602561,-0.06799586055850261,1.317632553818536,-2.6179958605585023
63.492857370000024,3.7206156895319533,-0.06800741218336434,1.3206156807479283,-2.6180074121833643
63.60165982900003,3.7235997967637173,-0.068018534837994,1.3235997879796924,-2.6180185348379936
63.64068068200004,3.7265927121748095,-0.06802962238167122,1.3265927033907845,-2.618029622381671
63.66520579300004,3.7295856269014935,-0.06804089315692027,1.3295856181174686,-2.61804089315692
63.70302776300002,3.7325785409325514,-0.06805234716370352,1.3325785321485264,-2.618052347163703
63.74685816900001,3.735571454256766,-0.06806398440197722,1.3355714454727412,-2.618063984401977
63.843221140000026,3.7385643668629185,-0.0680758048717031,1.3385643580788935,-2.6180758048717028
63.88085795400002,3.7415254313561928,-0.06808790317828499,1.3415254225721678,-2.6180879031782847
63.917426155000044,3.744460433096438,-0.06810140084345734,1.344460424312413,-2.6181014008434573
63.942316667,3.7473954267716034,-0.06811655105599118,1.3473954179875784,-2.618116551055991
63.97292084700001,3.750330411451226,-0.06813335381108417,1.350330402667201,-2.618133353811084
64.09619458200001,3.7532653862048453,-0.06815180910340908,1.3532653774208203,-2.618151809103409
64.11927926000004,3.7562212458307727,-0.06817153633062374,1.3562212370467477,-2.6181715363306237
64.14242517300005,3.7591893713096627,-0.06819067952024976,1.3591893625256377,-2.6181906795202496
64.17149844800002,3.762157501953729,-0.0682090043650418,1.362157493169704,-2.6182090043650414
64.21489614300003,3.765125637537338,-0.06822651086360568,1.365125628753313,-2.6182265108636056
64.31448308300003,3.7681011687071573,-0.068243478712748,1.3681011599231323,-2.6182434787127478
64.34669965700004,3.7710816257211976,-0.06826087215505956,1.3710816169371727,-2.6182608721550595
64.37895242400003,3.7740620797543896,-0.06827876909365825,1.3740620709703646,-2.618278769093658
64.41432456500002,3.777042530721674,-0.06829716952803278,1.377042521937649,-2.6182971695280326
64.44068897100004,3.780022978537997,-0.06831607345766048,1.380022969753972,-2.6183160734576605
64.580549582,3.7830024876492248,-0.06833542584406095,1.3830024788651998,-2.618335425844061
64.61394239000003,3.78597981529247,-0.06835444678381121,1.3859798065084452,-2.618354446783811
64.64238185600004,3.7889571466060277,-0.06837288426478932,1.3889571378220027,-2.6183728842647893
64.68665884,3.7919344814755567,-0.06839073828629065,1.3919344726915317,-2.6183907382862905
64.72382824200002,3.794911819786717,-0.06840800884762838,1.3949118110026921,-2.618408008847628
64.84284035600001,3.7978891614251706,-0.06842469594813792,1.3978891526411457,-2.618424695948138
64.87690891900002,3.8008752843765343,-0.06844092071974373,1.4008752755925094,-2.6184409207197437
64.92078906100005,3.803866135597546,-0.06845691388237811,1.4038661268135209,-2.618456913882378
64.947295451,3.8068569880714054,-0.06847267101050794,1.4068569792873804,-2.6184726710105077
64.99290922800003,3.8098478417794848,-0.06848819210403703,1.4098478329954598,-2.618488192104037
65.11139110700003,3.812840396164459,-0.068503490212355,1.412840387380434,-2.6185034902123547
65.13593455200004,3.8158397489246694,-0.06851873661434536,1.4158397401406444,-2.618518736614345
65.16560128700002,3.8188391017652403,-0.06853396719902058,1.4188390929812154,-2.61853396719902
65.22042510700004,3.8218384546860897,-0.06854918196638024,1.4218384459020648,-2.61854918196638
65.25093459700003,3.824837807687133,-0.0685643809164239,1.4248377989031082,-2.618564380916424
65.39086568200003,3.8278371607682877,-0.06857956404915114,1.4278371519842628,-2.618579564049151
65.42666820300002,3.830771820697188,-0.06859379172449462,1.430771811913163,-2.6185937917244946
65.45594650000004,3.8336849247282654,-0.06860578513660656,1.4336849159442404,-2.6186057851366065
65.49836021500005,3.836598036963368,-0.0686155853165991,1.436598028179343,-2.618615585316599
65.53619493600002,3.839511155751241,-0.06862319225891722,1.4395111469672162,-2.618623192258917
65.66617564400002,3.842437471752345,-0.06862870858168382,1.44243746296832,-2.6186287085816837
65.69405826100001,3.8454225204825327,-0.06863398410293553,1.4454225116985078,-2.618633984102935
65.737347548,3.848407568504304,-0.06863964629914741,1.448407559720279,-2.618639646299147
65.76458802000002,3.8513926157675664,-0.0686456951702276,1.4513926069835414,-2.6186456951702275
65.89726230600002,3.8543776622222286,-0.06865213071607626,1.4543776534382036,-2.618652130716076
65.93423076100004,3.8572860313901502,-0.06865969418373376,1.4572860226061253,-2.6186596941837337
65.96227476000001,3.8601903578249344,-0.0686696538914826,1.4601903490409094,-2.6186696538914824
66.001820968,3.8630946750048607,-0.06868202134655237,1.4630946662208357,-2.6186820213465523
66.04453751,3.865998980933857,-0.06869679654044258,1.465998972149832,-2.6186967965404424
66.16233107200003,3.8689032736158606,-0.06871397946299893,1.4689032648318356,-2.6187139794629988
66.21308611400002,3.8718168868252567,-0.06873357238542474,1.4718168780412317,-2.6187335723854246
66.24092451300004,3.8747878724621505,-0.06875383020576209,1.4747878636781255,-2.618753830205762
66.26902298300001,3.8777588630874247,-0.06877334272641077,1.4777588543033997,-2.6187733427264104
66.30400023200002,3.8807298585141146,-0.06879210994614039,1.4807298497300896,-2.61879210994614
66.45946990800002,3.883700858555251,-0.06881013186376987,1.483700849771226,-2.6188101318637695
66.493095342,3.8866718630238672,-0.06882740847816317,1.4866718542398423,-2.618827408478163
66.53652905500002,3.889653660501033,-0.06884407611539889,1.489653651717008,-2.6188440761153986
66.56421509500001,3.892644287120185,-0.0688605002219087,1.4926442783361602,-2.6188605002219085
66.591605711,3.895634915057371,-0.06887668255085172,1.495634906273346,-2.6188766825508516
66.75498883900002,3.8986230347624136,-0.0688926154397772,1.4986230259783886,-2.618892615439777
66.79108019200004,3.901588566634502,-0.06890885717003455,1.5015885578504768,-2.6189088571700343
66.83450596200004,3.904554093529083,-0.06892598363105143,1.5045540847450578,-2.6189259836310512
66.86724118300003,3.9075196151822125,-0.06894399482130456,1.5075196063981875,-2.6189439948213042
66.89726457500001,3.9104851313299425,-0.0689628907391897,1.5104851225459175,-2.6189628907391893
67.05577422700003,3.9134516208310535,-0.0689826764595432,1.5134516120470285,-2.618982676459543
67.08883705700003,3.9164367122041877,-0.06900277730586522,1.5164367034201627,-2.619002777305865
67.11133841500003,3.919421806138033,-0.06902249420492775,1.519421797354008,-2.6190224942049274
67.151822218,3.9224069025832056,-0.06904182715640779,1.5224068937991806,-2.6190418271564075
67.17653818300005,3.92539200149032,-0.06906077615998592,1.5253919927062949,-2.619060776159986
67.297269744,3.9283771028099927,-0.06907934121534515,1.5283770940259678,-2.619079341215345
67.34057025100003,3.931369849079026,-0.06909765805973464,1.531369840295001,-2.6190976580597343
67.37754816100005,3.934363445594579,-0.06911581431725619,1.5343634368105539,-2.619115814317256
67.399548708,3.937357043104551,-0.06913380586800848,1.537357034320526,-2.6191338058680085
67.44148751100005,3.9403506415998826,-0.0691516327119412,1.5403506328158576,-2.619151632711941
67.563219328,3.9433442410715105,-0.06916929484898938,1.5433442322874855,-2.619169294848989
67.59018177400003,3.9463378415103723,-0.06918679227910372,1.5463378327263473,-2.6191867922791037
67.62744843200005,3.9493312689803624,-0.06920416629740922,1.5493312601963374,-2.619204166297409
67.661277918,3.9523245220024044,-0.06922167070850595,1.5523245132183794,-2.6192216707085056
67.68871125100003,3.9553177740036207,-0.06923934881873026,1.5553177652195957,-2.61923934881873
67.71314878300001,3.958311024973932,-0.06925720062801924,1.558311016189907,-2.6192572006280193
67.74860736900001,3.9613042749032585,-0.06927522613631032,1.5613042661192336,-2.61927522613631
67.873783903,3.964297523781521,-0.0692934253435448,1.564297514997496,-2.6192934253435447
67.90847087100002,3.96728352025613,-0.06931173583454577,1.5672835114721049,-2.6193117358345455
67.94627187900005,3.970228430143599,-0.06932895872873321,1.570228421359574,-2.619328958728733
67.958534692,3.9731733479115308,-0.06934477686682379,1.5731733391275058,-2.6193447768668237
67.99358730300003,3.976118272889844,-0.06935919024521696,1.5761182641058191,-2.6193591902452167
68.10156870900005,3.979063204408453,-0.06937219886063367,1.5790631956244279,-2.6193721988606335
68.12403321600004,3.98203518530064,-0.0693842623102714,1.582035176516615,-2.6193842623102714
68.168359753,3.985007539787832,-0.06939561570660198,1.5850075310038072,-2.6193956157066016
68.222453406,3.987979896907921,-0.0694062575017369,1.587979888123896,-2.619406257501737
68.262406752,3.9909522564905426,-0.06941618769506958,1.5909522477065177,-2.6194161876950695
68.34887223000004,3.993924618365336,-0.06942540628602803,1.593924609581311,-2.619425406286028
68.375928966,3.996867556686624,-0.06943473680237444,1.5968675479025989,-2.6194347368023743
68.401954241,3.9998072205612267,-0.06944558308714002,1.5998072117772018,-2.6194455830871397
68.48020591800002,4.002746878364407,-0.06945796604843109,1.6027468695803821,-2.6194579660484307
68.49741150700004,4.005686529292887,-0.06947188568286505,1.6056865205088617,-2.6194718856828647
68.595823972,4.008626172543386,-0.06948734198663778,1.6086261637593613,-2.6194873419866376
68.61665625100005,4.011571614867942,-0.0695034421854473,1.6115716060839174,-2.6195034421854473
68.64777118900003,4.014518514574263,-0.06951825316177176,1.614518505790238,-2.619518253161772
68.71050056300004,4.017465420780236,-0.06953170891707192,1.617465411996211,-2.6195317089170715
68.75001037700002,4.02041233286262,-0.06954380944850197,1.6204123240785946,-2.6195438094485017
68.82229968600001,4.023382905417366,-0.06955494081169365,1.6233828966333408,-2.6195549408116934
68.856053153,4.026371133668161,-0.06956630891215097,1.6263711248841362,-2.619566308912151
68.89181590100003,4.029359360745795,-0.06957798131700772,1.6293593519617704,-2.6195779813170077
68.96604840100002,4.0323475866192835,-0.06958995802614225,1.6323475778352585,-2.619589958026142
68.99758467100003,4.035335811257637,-0.06960223903943333,1.635335802473612,-2.619602239039433
69.09362449700001,4.038324034629865,-0.0696148243567546,1.6383240258458396,-2.6196148243567543
69.124948582,4.041293646191839,-0.06962778850963079,1.6412936374078142,-2.6196277885096304
69.157907179,4.044253232576738,-0.06964170055063557,1.6442532237927128,-2.6196417005506354
69.20521231000004,4.047212813911628,-0.06965664835075953,1.647212805127603,-2.6196566483507593
69.291598163,4.050172389834027,-0.06967263190817316,1.6501723810500022,-2.619672631908173
69.33331421900004,4.053146833317602,-0.06968947920363686,1.6531468245335774,-2.6196894792036365
69.36522610600002,4.056131628091979,-0.06970610775053471,1.656131619307954,-2.6197061077505346
69.39656139000004,4.05911642502521,-0.06972234416339608,1.659116416241185,-2.619722344163396
69.461539383,4.062101224065775,-0.06973818844194368,1.66210121528175,-2.6197381884419437
69.55823354,4.0650860251621594,-0.06975364058590187,1.6650860163781345,-2.619753640585902
69.58768455500001,4.068070828262844,-0.06976870059500473,1.6680708194788187,-2.6197687005950048
69.61551443900004,4.071043685959395,-0.06978323349886548,1.6710436771753696,-2.619783233498865
69.65696851700005,4.074004600304879,-0.06979678175571757,1.6740045915208541,-2.6197967817557175
69.70579524500005,4.076965519066483,-0.06980932782052601,1.6769655102824577,-2.619809327820526
69.81769641200003,4.079926441904991,-0.06982087169185354,1.6799264331209662,-2.619820871691853
69.85457867100001,4.082888826207722,-0.06983142211093878,1.6828888174236973,-2.6198314221109387
69.88083631900003,4.085857044463083,-0.0698411163238296,1.6858570356790579,-2.6198411163238293
69.92251013100002,4.088825265274818,-0.06984999337250136,1.688825256490793,-2.619849993372501
69.97363273000002,4.091793488417962,-0.0698580532562811,1.6917934796339371,-2.619858053256281
70.068465935,4.094761713667541,-0.06986529597455483,1.6947617048835162,-2.6198652959745545
70.09752882100003,4.097729940798589,-0.06987172152677788,1.6977299320145645,-2.6198717215267777
70.12983496100003,4.100705441602066,-0.0698774671584718,1.7007054328180407,-2.6198774671584717
70.16180435500002,4.103689830274642,-0.06988344844419896,1.703689821490617,-2.619883448444199
70.197418416,4.106674218110978,-0.0698898333571133,1.7066742093269531,-2.6198898333571132
70.28850368500002,4.109658605056483,-0.06989662189709586,1.7096585962724578,-2.619896621897096
70.34083702100003,4.112624377429833,-0.06990344489616983,1.7126243686458076,-2.6199034448961696
70.36719231200004,4.1155801288708185,-0.06990920473417077,1.7155801200867935,-2.6199092047341708
70.39215341600004,4.118535882303065,-0.0699138312222365,1.71853587351904,-2.6199138312222363
70.46514055600005,4.121491637292001,-0.06991732435968773,1.7214916285079762,-2.6199173243596876
70.55902800500002,4.124447393403058,-0.0699196841460093,1.7244473846190327,-2.619919684146009
70.60221827100003,4.127403150201659,-0.0699209105808562,1.7274031414176343,-2.619920910580856
70.62856477600002,4.130359026719321,-0.06992202510389285,1.7303590179352963,-2.6199220251038926
70.65515911600005,4.133314908895093,-0.06992426697148493,1.733314900111068,-2.6199242669714846
70.71982409400005,4.136270789997633,-0.06992763901142705,1.7362707812136082,-2.619927639011427
70.814381491,4.139226669594826,-0.06993214122322751,1.7392266608108007,-2.6199321412232273
70.843211048,4.14218254725455,-0.06993777360622631,1.7421825384705252,-2.619937773606226
70.86369967300004,4.145132942535306,-0.06994392197212895,1.745132933751281,-2.619943921972129
70.90054521400003,4.148080990945511,-0.06994884848288922,1.7480809821614858,-2.6199488484828892
70.95049171900001,4.151029041274919,-0.06995244774872189,1.751029032490894,-2.6199524477487217
71.06567206400001,4.153978092925223,-0.06995472141050398,1.7539780841411976,-2.6199547214105037
71.11089744500003,4.156959881943088,-0.06995615650425979,1.756959873159063,-2.6199561565042595
71.130650226,4.159941671150312,-0.06995712099567857,1.7599416623662871,-2.6199571209956782
71.16850276600002,4.162923460472623,-0.06995761488474188,1.7629234516885979,-2.6199576148847417
71.211988254,4.165905249835743,-0.06995763817143294,1.7659052410517178,-2.619957638171433
71.30842126300001,4.168887039165404,-0.06995719085575171,1.768887030381379,-2.6199571908557515
71.34156184,4.17186882838733,-0.06995627293771078,1.7718688196033052,-2.619956272937711
71.37553595500003,4.174861982823054,-0.0699549895998376,1.774861974039029,-2.6199549895998375
71.405289444,4.177858925666286,-0.06995361302525752,1.7778589168822614,-2.6199536130252574
71.441212909,4.180855868471998,-0.06995215705380868,1.7808558596879727,-2.6199521570538087
71.55739047700001,4.1838528112380855,-0.06995062168550348,1.7838528024540605,-2.6199506216855033
71.58929370700002,4.186815817111032,-0.06994948042109209,1.7868158083270074,-2.619949480421092
71.61684339300001,4.189775052417697,-0.06994938100368488,1.789775043633672,-2.6199493810036847
71.65696046300002,4.192734287574804,-0.06995032706592823,1.7927342787907787,-2.619950327065928
71.69873292700004,4.195693522212992,-0.06995231860770586,1.7956935134289673,-2.6199523186077056
71.80182720700003,4.198652861969422,-0.06995535568733503,1.7986528531853971,-2.6199553556873347
71.827361397,4.2016142146326905,-0.0699594111848979,1.8016142058486655,-2.619959411184898
71.86682925500003,4.204575565771604,-0.06996445849666727,1.804575556987579,-2.6199644584966673
71.898485918,4.207536915053988,-0.06997049762207666,1.8075369062699633,-2.6199704976220763
71.929566308,4.210498262147662,-0.0699775285604478,1.8104982533636371,-2.6199775285604474
72.02602790600002,4.21345960672045,-0.06998555131099231,1.8134595979364252,-2.619985551310992
72.05396576700002,4.216420948440176,-0.0699945658728101,1.8164209396561506,-2.61999456587281
72.08494352100001,4.219413565381396,-0.07000416705566175,1.8194135565973713,-2.6200041670556615
72.11521064000004,4.222408546818493,-0.07001364739696225,1.8224085380344683,-2.620013647396962
72.14089740100002,4.225403528663875,-0.07002299786336814,1.8254035198798504,-2.620022997863368
72.23788330600001,4.22839851091192,-0.07003221845485479,1.8283985021278952,-2.620032218454855
72.27285967700004,4.231374317956985,-0.07004111586701303,1.83137430917296,-2.620041115867013
72.309767341,4.234334438179521,-0.07004903321487267,1.8343344293954957,-2.6200490332148725
72.33379867800005,4.237294560961052,-0.07005592774351387,1.8372945521770272,-2.620055927743514
72.37883463900005,4.240254685948161,-0.070061799452112,1.8402546771641357,-2.620061799452112
72.51519103200002,4.2432127927442425,-0.07006664014553539,1.8432127839602175,-2.6200666401455353
72.545600933,4.246162821044898,-0.07007027239431943,1.8461628122608729,-2.620070272394319
72.58775409600003,4.249112850641931,-0.07007262707852607,1.8491128418579064,-2.620072627078526
72.62222213700005,4.2520628809820655,-0.07007370419771441,1.8520628721980406,-2.620073704197714
72.65484645800001,4.255012911512029,-0.07007350375168177,1.8550129027280042,-2.620073503751682
72.77505699200003,4.257956832079266,-0.07007200248755442,1.857956823295241,-2.620072002487554
72.80182033300002,4.260889404993109,-0.07006888611088187,1.860889396209084,-2.620068886110882
72.83013858100003,4.263821975585193,-0.07006405607598071,1.8638219668011682,-2.6200640560759805
72.85643601800001,4.266754542854139,-0.07005751238449955,1.8667545340701142,-2.6200575123844994
72.90860004200005,4.2696871057985675,-0.07004925503867436,1.8696870970145425,-2.620049255038674
73.01482001200003,4.272631962207283,-0.07003929038476946,1.8726319534232583,-2.6200392903847693
73.04305815400005,4.27562750455334,-0.07002858119032271,1.8756274957693146,-2.6200285811903226
73.069352874,4.278623046485234,-0.07001775676606849,1.878623037701209,-2.6200177567660683
73.11667741400004,4.281618587998528,-0.07000681711202789,1.881618579214503,-2.620006817112028
73.14344717200004,4.284614129088789,-0.06999576222821992,1.884614120304764,-2.61999576222822
73.26886569700002,4.287591101451786,-0.06998472741069356,1.8875910926677606,-2.6199847274106935
73.290278118,4.290512372985687,-0.06997530079198758,1.8905123642016624,-2.6199753007919875
73.324323268,4.2934336502705115,-0.06996786701145466,1.8934336414864865,-2.6199678670114546
73.35351663,4.296354931946782,-0.0699624260725552,1.896354923162757,-2.619962426072555
73.39059710000004,4.299276216655018,-0.06995897797782219,1.8992762078709933,-2.619958977977822
73.513900938,4.302218027238064,-0.06995738287532191,1.9022180184540392,-2.6199573828753215
73.53624222100001,4.30521193497894,-0.06995606344880684,1.9052119261949154,-2.619956063448807
73.56625875900005,4.308205842645988,-0.06995458595277787,1.9082058338619627,-2.6199545859527777
73.61223259400003,4.311199750230853,-0.06995295038724003,1.9111997414468278,-2.6199529503872396
73.64440196700002,4.314193657725195,-0.0699511567521994,1.9141936489411697,-2.619951156752199
73.76415159700002,4.317185723878697,-0.06994919913041782,1.9171857150946718,-2.6199491991304176
73.80184176900002,4.320173493616686,-0.06994696654267998,1.9201734848326608,-2.61994696654268
73.83316828700003,4.323161263101264,-0.06994441728613213,1.9231612543172392,-2.619944417286132
73.873186213,4.32614903229887,-0.0699415513608056,1.9261490235148453,-2.6199415513608053
73.90666858100002,4.329136801175939,-0.06993836876672858,1.929136792391914,-2.6199383687667286
74.03701898500003,4.332124569698908,-0.06993486950393547,1.932124560914883,-2.6199348695039353
74.07495221100004,4.33509703512203,-0.06993098542223372,1.935097026338005,-2.6199309854222337
74.10438199000004,4.338050795800607,-0.06992607286095301,1.9380507870165817,-2.619926072860953
74.14016643100001,4.341004554273558,-0.06991997671280747,1.9410045454895326,-2.6199199767128074
74.25243734100002,4.343958310066619,-0.0699126969787751,1.9439583012825943,-2.619912696978775
74.29263834600005,4.346912062705519,-0.06990423366002547,1.9469120539214937,-2.619904233660025
74.33341737,4.349890143179933,-0.06989477884388676,1.949890134395908,-2.6198947788438867
74.36110298800003,4.352873054845557,-0.06988485923063842,1.9528730460615322,-2.619884859230638
74.400838771,4.355855965010865,-0.06987449827803248,1.95585595622684,-2.6198744982780324
74.51992076600004,4.358838873610559,-0.06986369598629702,1.9588388648265345,-2.6198636959862966
74.55368821800005,4.36182178057934,-0.0698524523556693,1.9618217717953148,-2.619852452355669
74.58986763600001,4.364744531328879,-0.0698420371293449,1.9647445225448537,-2.6198420371293447
74.62117625600001,4.367660604561974,-0.0698337556306632,1.9676605957779487,-2.6198337556306632
74.66348145200004,4.370576683046724,-0.06982759488568771,1.970576674262699,-2.6198275948856877
74.79439867900004,4.373492765240781,-0.06982355489767635,1.9734927564567557,-2.619823554897676
74.82298241400002,4.376464275979814,-0.06982097376978795,1.9764642671957886,-2.6198209737697877
74.865719673,4.379456401348561,-0.06981861710818811,1.9794563925645359,-2.619818617108188
74.90391269600002,4.382448526871161,-0.06981646462550814,1.982448518087136,-2.619816464625508
74.92746043300002,4.385440652533678,-0.0698145163217568,1.9854406437496528,-2.6198145163217568
75.06692218400002,4.388432778322175,-0.06981277219693896,1.9884327695381496,-2.619812772196939
75.10199421500005,4.391424904222727,-0.06981123225106912,1.9914248954387017,-2.619811232251069
75.12357274700003,4.394379256925013,-0.0698093155522636,1.9943792481409877,-2.6198093155522635
75.18107885400002,4.3973294115373625,-0.06980613383157747,1.9973294027533375,-2.6198061338315775
75.20536017200004,4.400279564500022,-0.0698016777084803,2.000279555715997,-2.6198016777084803
75.311276529,4.403229715262475,-0.06979594718380236,2.0032297064784497,-2.6197959471838024
75.35079072600001,4.4061795325601905,-0.06978894650153203,2.0061795237761655,-2.619788946501532
75.3756621,4.409123066621713,-0.0697821772428962,2.0091230578376877,-2.619782177242896
75.40083221500004,4.412066603643084,-0.06977684826727693,2.0120665948590593,-2.6197768482672767
75.44369190900005,4.415010142919571,-0.06977295957595346,2.015010134135546,-2.619772959575953
75.56174932500005,4.417953683746439,-0.06977051116985608,2.017953674962414,-2.6197705111698557
75.59263956700005,4.420897225418954,-0.06976950304957256,2.020897216634929,-2.6197695030495725
75.640945321,4.423864047422014,-0.06976952721127443,2.023864038637989,-2.6197695272112744
75.67303455900003,4.426844722823859,-0.06976917197778507,2.0268447140398345,-2.6197691719777847
75.700362428,4.429825398124411,-0.06976831754186827,2.029825389340386,-2.619768317541868
75.83606773700001,4.432806073240058,-0.06976696390354928,2.032806064456033,-2.6197669639035492
75.86659124500005,4.4357563545044245,-0.06976553917435105,2.0357563457203995,-2.619765539174351
75.90657615600003,4.438686373546379,-0.0697657216603662,2.0386863647623543,-2.619765721660366
75.93309437300002,4.44161639193875,-0.06976768120629709,2.0416163831547247,-2.619767681206297
75.96136973600005,4.44454640860376,-0.06977141781142411,2.0445463998197346,-2.6197714178114238
75.98243562700003,4.447476422463622,-0.06977693147437267,2.0474764136795973,-2.6197769314743726
76.025294487,4.450406432440547,-0.0697842221931137,2.0504064236565216,-2.6197842221931134
76.14853804,4.453336437456749,-0.06979328996496653,2.0533364286727243,-2.6197932899649663
76.17207453900005,4.456318691974227,-0.06980337139086996,2.056318683190202,-2.6198033713908697
76.22409617100004,4.459306639098779,-0.06981316322845081,2.059306630314754,-2.6198131632284505
76.25062063400003,4.46229458722855,-0.06982264336574986,2.0622945784445252,-2.6198226433657497
76.28721766500001,4.4652825363310225,-0.0698318118026679,2.0652825275469975,-2.6198318118026678
76.373072998,4.468270486373683,-0.06984066853910893,2.068270477589658,-2.619840668539109
76.405532343,4.471251480181807,-0.06984917164025357,2.071251471397782,-2.6198491716402534
76.42858592300001,4.47421160459748,-0.06985679284179727,2.074211595813455,-2.619856792841797
76.48919078300003,4.477171731469625,-0.06986339131032274,2.0771717226855997,-2.6198633913103224
76.50709500200003,4.480131860444885,-0.06986896704504236,2.0801318516608602,-2.619868967045042
76.60774172200001,4.48309347860195,-0.06987352401942058,2.0830934698179253,-2.6198735240194204
76.646879205,4.486068484799582,-0.06987730213072924,2.0860684760155572,-2.619877302130729
76.67508666600003,4.489043491745742,-0.06988043587907915,2.0890434829617166,-2.619880435879079
76.75008077300004,4.492018499300864,-0.06988292526432315,2.0920184905168386,-2.619882925264323
76.76909411600002,4.494993507325385,-0.06988477028634386,2.0949934985413603,-2.6198847702863435
76.87690119300004,4.497964458310891,-0.0698861231035745,2.097964449526866,-2.619886123103574
76.91455228800004,4.500930449993683,-0.0698881184694266,2.1009304412096577,-2.6198881184694263
76.948201159,4.503896440959546,-0.0698909880103284,2.1038964321755214,-2.619890988010328
77.00756582000002,4.506862430950839,-0.06989473172603197,2.1068624221668144,-2.6198947317260317
77.02866998500002,4.509828419709912,-0.06989934961621014,2.109828410925887,-2.61989934961621
77.11658075000003,4.512771160040393,-0.06990492886047653,2.1127711512563683,-2.6199049288604765
77.14144916000004,4.515685483333948,-0.06991242376221367,2.1156854745499234,-2.6199124237622136
77.16766628500005,4.518599800259706,-0.06992208239329581,2.1185997914756807,-2.6199220823932956
77.23051235400004,4.521514109211213,-0.0699339047483986,2.1215141004271882,-2.6199339047483985
77.265104694,4.524428408582019,-0.06994789082100503,2.1244283997979942,-2.6199478908210048
77.33707185400004,4.527342696765683,-0.06996404060340562,2.1273426879816584,-2.6199640406034055
77.372409893,4.530289897103,-0.06998226221041405,2.1302898883189747,-2.619982262210414
77.39789382000004,4.5332810972752275,-0.07000083245483596,2.1332810884912026,-2.620000832454836
77.45097090400003,4.536272298845861,-0.07001917606917836,2.1362722900618363,-2.620019176069178
77.536074445,4.539263501797727,-0.07003729305332762,2.139263493013702,-2.6200372930533273
77.57605972300001,4.542239775887686,-0.07005536505586725,2.142239767103661,-2.620055365055867
77.60172281300004,4.545211069398819,-0.07007411476995057,2.1452110606147943,-2.6200741147699502
77.641973877,4.548182358163254,-0.07009360218671104,2.1481823493792294,-2.620093602186711
77.70665660400005,4.55115364199784,-0.07011382730494774,2.151153633213815,-2.6201138273049476
77.79867802400003,4.554124920719421,-0.07013479012341518,2.1541249119353965,-2.620134790123415
77.83571566400002,4.557096194144844,-0.07015649064081947,2.157096185360819,-2.6201564906408192
77.86881806000002,4.560059012590353,-0.07017891861140328,2.1600590038063276,-2.620178918611403
77.89837572100004,4.563013373307337,-0.07020239539797526,2.163013364523312,-2.620202395397975
77.95255458000003,4.565967724527121,-0.07022703836305147,2.1659677157430957,-2.6202270383630513
78.05580799500001,4.568922065789378,-0.0702528475027938,2.168922057005353,-2.6202528475027935
78.08702901600003,4.571876396633783,-0.07027982281318042,2.1718763878497582,-2.6202798228131803
78.10677745500004,4.57484145048364,-0.07030797496605885,2.174841441699615,-2.6203079749660585
78.15395365300003,4.5778282150211425,-0.07033631407520724,2.1778282062371175,-2.620336314075207
78.19517975500003,4.580814982757075,-0.07036431406043875,2.18081497397305,-2.6203643140604385
78.28603287000004,4.583801753652937,-0.07039197492139113,2.1838017448689118,-2.620391974921391
78.33191343200002,4.586749813965549,-0.07041857369335314,2.1867498051815244,-2.620418573693353
78.36211480200001,4.589684982644285,-0.07044344839736438,2.18968497386026,-2.6204434483973644
78.40552580600001,4.592620164814868,-0.07046667659224864,2.1926201560308427,-2.6204666765922484
78.45497650700003,4.5955553595536704,-0.07048825827069698,2.1955553507696455,-2.6204882582706968
78.54746597400003,4.598490565937065,-0.0705081934259179,2.19849055715304,-2.6205081934259176
78.57859377,4.601452610757108,-0.07052767948330277,2.201452601973083,-2.6205276794833026
78.64272531300003,4.604418208735807,-0.0705480582704261,2.2044181999517822,-2.620548058270426
78.677831104,4.607383800519643,-0.07056931945232367,2.207383791735618,-2.6205693194523234
78.72955074500004,4.610349385846067,-0.07059146302711578,2.2103493770620424,-2.6205914630271154
78.811430943,4.613319647343003,-0.07061450305337867,2.213319638558978,-2.6206145030533783
78.85293239600003,4.61630977689757,-0.07063780915316505,2.2163097681135446,-2.620637809153165
78.87595295600005,4.619299908416746,-0.0706608618193854,2.219299899632721,-2.620660861819385
78.89787743200003,4.622290041879048,-0.07068366105187539,2.2222900330950233,-2.620683661051875
78.95908906100004,4.625280177262999,-0.07070620685046665,2.225280168478974,-2.6207062068504663
79.06509073400002,4.628270314547117,-0.07072849921500252,2.228270305763092,-2.6207284992150024
79.090320647,4.631260453709922,-0.07075053814532235,2.2312604449258973,-2.620750538145322
79.138258216,4.634244027860025,-0.0707722250345834,2.2342440190760002,-2.620772225034583
79.16388816400001,4.63722322753254,-0.07079336740195027,2.237223218748515,-2.62079336740195
79.22031650000002,4.640202430954577,-0.07081397464720805,2.2402024221705523,-2.620813974647208
79.30886857800004,4.6431820583247205,-0.07083405063508127,2.2431820495406956,-2.620834050635081
79.34013127600002,4.646169671878762,-0.0708541133430633,2.246169663094737,-2.620854113343063
79.37860134200002,4.649157283273776,-0.07087449502461524,2.249157274489751,-2.6208744950246152
79.40315149300005,4.652144892475703,-0.07089519567949865,2.252144883691678,-2.6208951956794984
79.462461604,4.655132499450491,-0.070916215307488,2.255132490666466,-2.6209162153074876
79.55399718700005,4.65812260246183,-0.07093756373875237,2.2581225936778053,-2.620937563738752
79.58622763800003,4.661120199239902,-0.07095909904106633,2.2611201904558773,-2.620959099041066
79.63945376000004,4.664117795583266,-0.07098069476745263,2.264117786799241,-2.6209806947674523
79.66443228900005,4.667115391490705,-0.07100235091789475,2.2671153827066797,-2.6210023509178946
79.72229165700003,4.670112986960998,-0.07102406749240922,2.270112978176973,-2.6210240674924092
79.79328936400003,4.673110581992931,-0.0710458444909465,2.2731105732089056,-2.621045844490946
79.83178162200005,4.676080711474812,-0.07106713857320326,2.276080702690787,-2.621067138573203
79.872778896,4.679045999910247,-0.07108751781550554,2.2790459911262224,-2.6210875178155053
79.896276693,4.682011294330431,-0.07110700679858592,2.2820112855464063,-2.6211070067985855
79.95961076500004,4.684976594468088,-0.07112560552068616,2.284976585684063,-2.621125605520686
80.07657276500004,4.687941900055934,-0.0711433139801299,2.287941891271909,-2.62114331398013
80.106891131,4.690902801117021,-0.071160235938511,2.290902792332996,-2.6211602359385107
80.13112764200002,4.693855509573515,-0.07117787723682911,2.29385550078949,-2.621177877236829
80.18247333600004,4.696808210560153,-0.0711967273817346,2.296808201776128,-2.6211967273817343
80.215790535,4.699760903582031,-0.07121678637007045,2.299760894798006,-2.6212167863700704
80.31546399000001,4.702713588144241,-0.07123805419847345,2.302713579360216,-2.621238054198473
80.36813947200005,4.7056889222223,-0.07126053399749986,2.3056889134382748,-2.6212605339974995
80.38643718400004,4.708685280375061,-0.07128337878056895,2.308685271591036,-2.6212833787805687
80.41182061500001,4.7116816378226005,-0.07130631587523796,2.3116816290385755,-2.6213063158752377
80.45693890800004,4.7146779945620745,-0.07132934528148756,2.3146779857780495,-2.621329345281487
80.57612113800002,4.717674350590636,-0.07135246699929775,2.3176743418066112,-2.6213524669992974
80.60650671900004,4.720668884121319,-0.07137567516139981,2.320668875337294,-2.6213756751613997
80.63717946000003,4.723660032911309,-0.0713990557099282,2.323660024127284,-2.621399055709928
80.67835358100001,4.72665117991766,-0.07142266334206743,2.326651171133635,-2.6214226633420674
80.70777591900003,4.7296423251231365,-0.07144649805768373,2.3296423163391116,-2.6214464980576837
80.820121481,4.732633468510494,-0.07147055985663954,2.3326334597264693,-2.6214705598566392
80.84439964900002,4.735624610062495,-0.07149484873879251,2.3356246012784703,-2.6214948487387923
80.884578299,4.738619556579899,-0.07151925617240006,2.3386195477958744,-2.6215192561724
80.91004721300004,4.741614926892543,-0.07154355115410832,2.3416149181085184,-2.621543551154108
80.93996363500003,4.744610298156945,-0.07156772850738188,2.34461028937292,-2.6215677285073817
81.07308804500002,4.747570733132762,-0.07159135460193189,2.347570724348737,-2.621591354601932
81.10251021100004,4.750466298260271,-0.07161236942249082,2.350466289476246,-2.6216123694224907
81.12624904700004,4.753361881210123,-0.07163076536851411,2.3533618724260976,-2.621630765368514
81.16308686800005,4.7562574796137005,-0.07164654242495154,2.3562574708296755,-2.6216465424249513
81.19416153400005,4.759153091102364,-0.07165970057889766,2.3591530823183393,-2.6216597005788973
81.29067547900002,4.762048713307471,-0.07167023981958913,2.362048704523446,-2.621670239819589
81.320255492,4.764983702271295,-0.07167858579831554,2.3649836934872703,-2.6216785857983154
81.350241396,4.767963217666158,-0.0716863151619327,2.367963208882133,-2.6216863151619325
81.37487208300001,4.770942734385657,-0.07169351582138302,2.370942725601632,-2.621693515821383
81.395512338,4.7739222523359786,-0.07170018777643941,2.3739222435519536,-2.6217001877764394
81.51910166000005,4.77690542586574,-0.07170635017241728,2.376905417081715,-2.621706350172417
81.54558821900002,4.7798995633178825,-0.07171227675559276,2.3798995545338575,-2.6217122767555927
81.57104627200005,4.782893701066991,-0.0717180513626069,2.3828936922829658,-2.6217180513626066
81.608388838,4.785887839105349,-0.07172367399343238,2.3858878303213245,-2.621723673993432
81.64929787700004,4.788881977425245,-0.07172914464806404,2.3888819686412197,-2.621729144648064
81.76090286000004,4.791871708157991,-0.07173443277142724,2.3918716993739664,-2.621734432771427
81.80188751000003,4.7948548276943885,-0.07173932404624074,2.3948548189103636,-2.6217393240462408
81.83411772700003,4.797837947914285,-0.07174377900225963,2.39783793913026,-2.6217437790022595
81.855025711,4.800821068753868,-0.07174779763938673,2.4008210599698434,-2.6217477976393866
81.89383004500002,4.803804190149319,-0.07175137995753833,2.403804181365294,-2.621751379957538
82.014159388,4.80678721432495,-0.07175452535267152,2.4067872055409247,-2.6217545253526713
82.03777460000003,4.809770092364794,-0.07175722912720559,2.4097700835807694,-2.6217572291272053
82.07888793200004,4.812752970772989,-0.07175949030322978,2.412752961988964,-2.6217594903032295
82.11056231200001,4.81573584948386,-0.07176130888069497,2.4157358406998353,-2.6217613088806946
82.14895219800002,4.818718728431734,-0.07176268485955871,2.418718719647709,-2.6217626848595583
82.25746829900004,4.821698540304071,-0.0717636332698635,2.4216985315200463,-2.6217636332698633
82.27894014400005,4.824660970943439,-0.0717650333692563,2.424660962159414,-2.621765033369256
82.31740446000003,4.827623400969901,-0.07176739803047681,2.427623392185876,-2.6217673980304768
82.34444286900003,4.830585830069405,-0.07177072725327537,2.4305858212853804,-2.621770727253275
82.462378204,4.833548257927891,-0.07177502103729934,2.433548249143866,-2.621775021037299
82.50638550100001,4.8365106842313,-0.07178027938209333,2.4365106754472747,-2.6217802793820932
82.53261133700005,4.839493857902242,-0.07178600228735997,2.4394938491182168,-2.62178600228736
82.561713629,4.842479517217388,-0.07179136581528167,2.442479508433363,-2.6217913658152816
82.59524192600003,4.8454651771758765,-0.07179635839241194,2.4454651683918516,-2.6217963583924115
82.72144508900004,4.84845083773162,-0.0718009800186733,2.448450828947595,-2.6218009800186732
82.74790608900003,4.851436498838528,-0.07180523069399097,2.4514364900545034,-2.6218052306939907
82.78890065300004,4.854403411273024,-0.07180964759715779,2.454403402488999,-2.6218096475971575
82.82568960600003,4.857369335519864,-0.07181493738939944,2.4573693267358387,-2.621814937389399
82.85433540400004,4.8603352580754215,-0.07182110296608801,2.4603352492913966,-2.621821102966088
82.97815513300003,4.863301178681093,-0.0718281443266859,2.463301169897068,-2.6218281443266855
83.007418298,4.8662695282400925,-0.07183602114995587,2.4662695194560675,-2.6218360211499556
83.03458951800002,4.869245171434881,-0.07184371300570613,2.469245162650856,-2.621843713005706
83.073616523,4.872220816186467,-0.07185077698241096,2.4722208074024423,-2.6218507769824106
83.11456969800003,4.875196462362352,-0.07185721307975508,2.475196453578327,-2.621857213079755
83.22173335100001,4.87817210983005,-0.07186302129745367,2.478172101046025,-2.6218630212974534
83.272821948,4.8810946900875924,-0.07186771311178411,2.4810946813035675,-2.621867713111784
83.29250296400005,4.883981894011458,-0.07186969573856501,2.483981885227433,-2.6218696957385648
83.33292135700003,4.886869098493916,-0.07186885595238728,2.486869089709891,-2.6218688559523873
83.35513905800002,4.889756300775898,-0.07186519375405309,2.4897562919918728,-2.621865193754053
83.470390484,4.8926434980983275,-0.07185870914706212,2.4926434893143026,-2.621858709147062
83.507899087,4.895531687706198,-0.07184940140009678,2.495531678922173,-2.621849401400097
83.54235002900003,4.8985074982715435,-0.07183822809682217,2.4985074894875186,-2.6218382280968218
83.57062340200002,4.901488358700227,-0.0718265423361986,2.5014883499162024,-2.6218265423361986
83.60167300100005,4.90446921715193,-0.07181436271351516,2.504469208367905,-2.621814362713515
83.730927458,4.907450073544829,-0.07180168922911061,2.507450064760804,-2.6218016892291103
83.76916887300001,4.910432391165747,-0.07178855417594321,2.510432382381722,-2.621788554175943
83.77976829200003,4.913418123598188,-0.07177556112038394,2.5134181148141628,-2.621775561120384
83.80472585900003,4.91640385761133,-0.07176293652586471,2.5164038488273053,-2.6217629365258643
83.831746167,4.919389593159706,-0.07175068039257784,2.519389584375681,-2.621750680392578
83.96229403800004,4.92237533019784,-0.0717387927207132,2.5223753214138154,-2.621738792720713
83.98941129000002,4.925361068680263,-0.07172727351044916,2.525361059896238,-2.621727273510449
84.01423587400001,4.928326012115184,-0.0717163324541716,2.5283260033311588,-2.6217163324541715
84.04701218300005,4.931270163093533,-0.07170676168843569,2.531270154309508,-2.6217067616884355
84.079672598,4.934214318358389,-0.07169861556834942,2.5342143095743643,-2.621698615568349
84.102830133,4.937158477220385,-0.07169189409582112,2.53715846843636,-2.621691894095821
84.13285829300003,4.940102638990149,-0.07168659727242276,2.5401026302061243,-2.6216865972724226
84.24696833000002,4.9430468029783015,-0.07168272509939659,2.5430467941942765,-2.6216827250993964
84.27424888400003,4.946032599855625,-0.07167968070819568,2.5460325910716004,-2.6216796807081955
84.31684242200004,4.949028273918581,-0.07167653145112693,2.5490282651345564,-2.6216765314511266
84.338507461,4.9520239478614085,-0.07167326992485507,2.5520239390773836,-2.621673269924855
84.377017529,4.955019621679898,-0.07166989612939757,2.555019612895873,-2.6216698961293976
84.47339949800005,4.958004753824035,-0.0716663407876116,2.55800474504001,-2.6216663407876113
84.50054245700005,4.9609828576575925,-0.07166226474874093,2.5609828488735675,-2.621662264748741
84.53537287300003,4.963960960664142,-0.07165762363689478,2.563960951880117,-2.6216576236368945
84.592937672,4.9669390627364685,-0.07165241745223887,2.5669390539524435,-2.6216524174522386
84.62787850900003,4.9699171637673505,-0.07164664619496296,2.5699171549833255,-2.6216466461949626
84.704880124,4.972890489837995,-0.07164033205198343,2.5728904810539697,-2.6216403320519834
84.73857981900005,4.975820852965437,-0.07163493592896639,2.5758208441814117,-2.621634935928966
84.77834527800002,4.978751218815708,-0.07163130821098639,2.5787512100316827,-2.6216313082109863
84.83152781500002,4.981681586321624,-0.07162944889936651,2.581681577537599,-2.621629448899366
84.85596065800001,4.984611954415993,-0.07162935799478404,2.5846119456319676,-2.621629357994784
84.951188231,4.987542322031628,-0.07163103549727239,2.5875423132476034,-2.621631035497272
84.98106389100002,4.990518277353999,-0.071633952245222,2.590518268569974,-2.621633952245222
85.00959736600004,4.9934987477738035,-0.07163737908238307,2.5934987389897786,-2.621637379082383
85.07947600600005,4.996479217570974,-0.07164131033209453,2.5964792087869486,-2.6216413103320946
85.10701448000003,4.999459686660135,-0.07164574599424099,2.59945967787611,-2.6216457459942406
85.20210401000003,5.002142108164658,-0.0716501693627021,2.602142099380633,-2.621650169362702
85.23350771100002,5.002142108164717,-0.07165016936270197,2.6021420993806923,-2.621650169362702
85.264202576,5.0021421081647315,-0.07165016936270162,2.6021420993807065,-2.6216501693627015
85.32686089200001,5.002142108164744,-0.07165016936270117,2.602142099380719,-2.621650169362701
85.35532624500001,5.002142108164758,-0.07165016936270038,2.602142099380733,-2.6216501693627
85.44089415400003,5.002142108164773,-0.0716501693626993,2.6021420993807483,-2.6216501693626992
85.47004779500003,5.0021421081647865,-0.07165016936269823,2.6021420993807616,-2.621650169362698
85.49867136300003,5.002142108164799,-0.07165016936269691,2.602142099380774,-2.6216501693626966
85.56501895000002,5.0021421081648025,-0.07165016936269603,2.6021420993807776,-2.6216501693626957
85.652523051,5.002142108164806,-0.07165016936269501,2.602142099380781,-2.621650169362695
85.67861180200003,5.0021421081648105,-0.07165016936269385,2.6021420993807856,-2.6216501693626935
85.72970114400005,5.002142108164813,-0.07165016936269261,2.602142099380788,-2.6216501693626926
85.75861193400004,5.002142108164817,-0.07165016936269117,2.6021420993807918,-2.621650169362691
85.81857342800004,5.0021421081648265,-0.07165016936268868,2.6021420993808015,-2.6216501693626886
85.89928216300001,5.002142108164841,-0.07165016936268545,2.6021420993808158,-2.6216501693626855
85.928429892,5.002142108164846,-0.07165016936268405,2.602142099380821,-2.6216501693626837
85.95259146300003,5.002142108164843,-0.07165016936268528,2.6021420993808184,-2.621650169362685
86.00755991600005,5.00214210816484,-0.07165016936268731,2.602142099380815,-2.6216501693626872
86.06857956200002,5.002142108164839,-0.07165016936268818,2.602142099380814,-2.621650169362688
86.14901448700004,5.002142108164839,-0.07165016936268818,2.602142099380814,-2.621650169362688
86.206640784,5.002142108164839,-0.0716501693626883,2.602142099380814,-2.621650169362688
86.22836652300003,5.002142108164839,-0.07165016936268817,2.602142099380814,-2.621650169362688
86.27732904100003,5.002142108164839,-0.07165016936268817,2.602142099380814,-2.621650169362688
86.33919105800004,5.002142108164839,-0.07165016936268817,2.602142099380814,-2.621650169362688
86.42981096900002,5.002142108164839,-0.07165016936268831,2.602142099380814,-2.621650169362688
86.47304656200004,5.002142108164839,-0.07165016936268817,2.602142099380814,-2.621650169362688
86.499905952,5.002142108164839,-0.07165016936268817,2.602142099380814,-2.621650169362688
86.53775065100001,5.002142108164839,-0.07165016936268832,2.602142099380814,-2.621650169362688
86.59761383400001,5.002142108164839,-0.07165016936268817,2.602142099380814,-2.621650169362688
86.69204105200004,5.002142108164839,-0.07165016936268817,2.602142099380814,-2.621650169362688
86.73131163700003,5.002142108164839,-0.07165016936268817,2.602142099380814,-2.621650169362688
86.768104419,5.002142108164839,-0.07165016936268835,2.602142099380814,-2.621650169362688
86.79658521600004,5.002142108164839,-0.07165016936268817,2.602142099380814,-2.621650169362688
86.87485553000005,5.002142108164839,-0.07165016936268817,2.602142099380814,-2.621650169362688
86.96459704400002,5.002142108164839,-0.07165016936268835,2.602142099380814,-2.621650169362688
86.98784565800003,5.002142108164839,-0.07165016936268835,2.602142099380814,-2.621650169362688
87.036569224,5.002142108164839,-0.07165016936268816,2.602142099380814,-2.621650169362688
87.06708503500005,5.002142108164839,-0.07165016936268814,2.602142099380814,-2.621650169362688
87.14353891500002,5.002142108164839,-0.07165016936268835,2.602142099380814,-2.621650169362688
87.24353557100005,5.002142108164839,-0.07165016936268814,2.602142099380814,-2.621650169362688
87.27948371500003,5.002142108164839,-0.07165016936268814,2.602142099380814,-2.621650169362688
87.31185460500001,5.002142108164839,-0.07165016936268837,2.602142099380814,-2.621650169362688
87.33818398100004,5.002142108164839,-0.07165016936268837,2.602142099380814,-2.621650169362688
87.41358404300001,5.002142108164839,-0.07165016936268813,2.602142099380814,-2.621650169362688
87.51056695900002,5.002142108164839,-0.07165016936268813,2.602142099380814,-2.621650169362688
87.54142364100005,5.002142108164839,-0.07165016936268838,2.602142099380814,-2.621650169362688
87.579260417,5.002142108164839,-0.07165016936268813,2.602142099380814,-2.621650169362688
87.61526528300004,5.002142108164839,-0.07165016936268813,2.602142099380814,-2.621650169362688
87.68899801700002,5.002142108164839,-0.07165016936268813,2.602142099380814,-2.621650169362688
87.79570351200005,5.002142108164839,-0.07165016936268839,2.602142099380814,-2.621650169362688
87.82682209300003,5.002142108164839,-0.07165016936268813,2.602142099380814,-2.621650169362688
87.85323119200001,5.002142108164839,-0.07165016936268812,2.602142099380814,-2.621650169362688
87.90010634800001,5.002142108164839,-0.07165016936268839,2.602142099380814,-2.621650169362688
87.97346186500005,5.002142108164839,-0.07165016936268812,2.602142099380814,-2.621650169362688
88.07884821000005,5.002142108164839,-0.0716501693626881,2.602142099380814,-2.621650169362688
88.12619256400001,5.002142108164839,-0.0716501693626881,2.602142099380814,-2.621650169362688
88.15385231600004,5.002142108164839,-0.07165016936268839,2.602142099380814,-2.621650169362688
88.18779314200003,5.002142108164839,-0.07165016936268809,2.602142099380814,-2.621650169362688
88.25074974800003,5.002142108164839,-0.07165016936268809,2.602142099380814,-2.621650169362688
88.35427931800001,5.002142108164839,-0.07165016936268839,2.602142099380814,-2.621650169362688
88.38016002800003,5.002142108164839,-0.07165016936268839,2.602142099380814,-2.621650169362688
88.409821061,5.002142108164839,-0.07165016936268807,2.602142099380814,-2.6216501693626877
88.46182206200001,5.002142108164839,-0.07165016936268807,2.602142099380814,-2.6216501693626877
88.53696532500004,5.002142108164839,-0.07165016936268839,2.602142099380814,-2.621650169362688
88.63733386800004,5.002142108164839,-0.07165016936268807,2.602142099380814,-2.6216501693626877
88.68213969800001,5.002142108164839,-0.07165016936268807,2.602142099380814,-2.6216501693626877
88.72090715600001,5.002142108164839,-0.0716501693626884,2.602142099380814,-2.621650169362688
88.74394534200002,5.002142108164839,-0.0716501693626884,2.602142099380814,-2.621650169362688
88.81273390000001,5.002142108164839,-0.07165016936268806,2.602142099380814,-2.6216501693626877
88.914390674,5.002142108164839,-0.07165016936268806,2.602142099380814,-2.6216501693626877
88.93841622400004,5.002142108164839,-0.0716501693626884,2.602142099380814,-2.621650169362688
89.01050841200004,5.002142108164839,-0.07165016936268806,2.602142099380814,-2.6216501693626877
89.03344104500002,5.002142108164839,-0.07165016936268806,2.602142099380814,-2.6216501693626877
89.11245958400002,5.002142108164839,-0.07165016936268806,2.602142099380814,-2.6216501693626877
89.211411801,5.002142108164839,-0.07165016936268842,2.602142099380814,-2.621650169362688
89.26052651600003,5.002142108164839,-0.07165016936268806,2.602142099380814,-2.6216501693626877
89.282249836,5.002142108164839,-0.07165016936268805,2.602142099380814,-2.6216501693626877
89.32953021400004,5.002142108164839,-0.07165016936268842,2.602142099380814,-2.621650169362688
89.37735764000001,5.002142108164839,-0.07165016936268805,2.602142099380814,-2.6216501693626877
89.49437219500004,5.002142108164839,-0.07165016936268805,2.602142099380814,-2.6216501693626877
89.546365869,5.002142108164839,-0.07165016936268803,2.602142099380814,-2.6216501693626877
89.57797316800003,5.002142108164839,-0.07165016936268842,2.602142099380814,-2.621650169362688
89.622374315,5.002142108164839,-0.07165016936268803,2.602142099380814,-2.6216501693626877
89.65661356700002,5.002142108164839,-0.07165016936268803,2.602142099380814,-2.6216501693626877
89.77470895100004,5.002142108164839,-0.07165016936268842,2.602142099380814,-2.621650169362688
89.83321097200002,5.002142108164839,-0.07165016936268843,2.602142099380814,-2.621650169362688
89.85526375400002,5.002142108164839,-0.07165016936268803,2.602142099380814,-2.6216501693626877
89.908657231,5.002142108164839,-0.07165016936268803,2.602142099380814,-2.6216501693626877
89.95164603900002,5.002142108164839,-0.07165016936268843,2.602142099380814,-2.621650169362688
90.05781260400005,5.002142108164839,-0.07165016936268803,2.602142099380814,-2.6216501693626877
90.11375960000004,5.002142108164839,-0.07165016936268803,2.602142099380814,-2.6216501693626877
90.13428405400003,5.002142108164839,-0.07165016936268843,2.602142099380814,-2.621650169362688
90.18398060700002,5.002142108164839,-0.07165016936268843,2.602142099380814,-2.621650169362688
90.23146344300005,5.002142108164839,-0.07165016936268802,2.602142099380814,-2.6216501693626877
90.335038505,5.002142108164839,-0.07165016936268802,2.602142099380814,-2.6216501693626877
90.39420331900004,5.002187745399771,-0.07152205537632945,2.6021877366157464,-2.6215220553763294
90.41443372700002,5.002362076021464,-0.07102154837490839,2.6023620672374395,-2.6210215483749084
90.44308207700004,5.002660783634444,-0.07014082779071801,2.602660774850419,-2.620140827790718
90.50097763100001,5.003077479607902,-0.06887779409030749,2.603077470823877,-2.618877794090307
90.60754563300003,5.003605749797956,-0.06723042859567507,2.6036057410139306,-2.6172304285956747
90.62822256300001,5.004214360092925,-0.06527831555402407,2.6042143513089004,-2.615278315554024
90.65436631800003,5.004814263111726,-0.06329829413026065,2.604814254327701,-2.6132982941302605
90.70889359600005,5.005398169108046,-0.06131349634257819,2.6053981603240213,-2.611313496342578
90.75755440700004,5.0059660400605495,-0.05932405143209856,2.6059660312765245,-2.6093240514320986
90.86896461400005,5.006523807576306,-0.05730875353390255,2.606523798792281,-2.6073087535339026
90.90292816800002,5.007072745918045,-0.05526437795334348,2.6070727371340197,-2.6052643779533433
90.92180949600004,5.007606019797934,-0.05321586049272729,2.607606011013909,-2.603215860492727
90.97765184100001,5.008123597971431,-0.0511633211747758,2.608123589187406,-2.6011633211747758
91.09825142100004,5.008625450113609,-0.04910688025785021,2.608625441329584,-2.59910688025785
91.11731414900004,5.0091299145091694,-0.046971989021079893,2.6091299057251445,-2.5969719890210796
91.16355170600002,5.009622453771819,-0.044821697794425706,2.6096224449877936,-2.5948216977944254
91.19936116100001,5.0101001843249895,-0.04266806811334159,2.6101001755409645,-2.5926680681133414
91.23693980800005,5.0105630835460175,-0.040511201961756775,2.6105630747619926,-2.5905112019617564
91.36531115900004,5.011011129514568,-0.038351201476861795,2.611011120730543,-2.5883512014768617
91.392681993,5.011444301013674,-0.036188168944271744,2.6114442922296495,-2.5861881689442714
91.43677980000001,5.011868331935248,-0.03399352665311596,2.611868323151223,-2.5839935266531158
91.46811070400003,5.01227951728977,-0.03178787893231713,2.6122795085057446,-2.581787878932317
91.516248931,5.01267623585351,-0.02957958328969562,2.612676227069485,-2.5795795832896955
91.65525898800001,5.013058470580222,-0.027368734611533614,2.613058461796197,-2.5773687346115333
91.681123238,5.013426205046001,-0.025155427893811096,2.6134261962619756,-2.575155427893811
91.737689918,5.013776222431347,-0.022959280092123335,2.613776213647322,-2.5729592800921233
91.77047158300002,5.014109245659788,-0.0207738306560338,2.614109236875763,-2.5707738306560337
91.79690464700002,5.014427311077279,-0.01858615424061444,2.614427302293254,-2.5685861542406143
91.93389574600002,5.014730403799687,-0.016396353219971568,2.614730395015662,-2.566396353219971
91.97710879800002,5.015025257453418,-0.01415519779634105,2.6150252486693932,-2.564155197796341
92.01168592500005,5.015319252659188,-0.011817666209376462,2.6153192438751627,-2.561817666209376
92.04552327700003,5.015600195801725,-0.009478530032974334,2.6156001870177,-2.5594785300329743
92.08837337200004,5.015868078127961,-0.007137862145301726,2.6158680693439362,-2.5571378621453014
92.22996629800002,5.01612289129175,-0.004795735472243029,2.616122882507725,-2.554795735472243
92.28814398200001,5.016365700278806,-0.002441912338488947,2.616365691494781,-2.5524419123384887
92.323064402,5.016599881932864,-4.828466218888168e-05,2.616599873148839,-2.550048284662189
92.35254656700005,5.016821718606154,0.0023465186679904057,2.6168217098221294,-2.5476534813320093
92.38606245800003,5.0170312044009515,0.004742433984030821,2.6170311956169265,-2.545257566015969
92.52466904300002,5.017228333747887,0.007139397588350709,2.6172283249638624,-2.542860602411649
92.56228821800005,5.017412946792347,0.009535322327187212,2.617412938008322,-2.5404646776728126
92.59449975400003,5.017584196262658,0.011920710233370779,2.617584187478633,-2.538079289766629
92.62555828900003,5.017742864286888,0.014306968036319916,2.6177428555028635,-2.53569303196368
92.663589607,5.017888946452677,0.01669402937715047,2.6178889376686523,-2.5333059706228496
92.80328594300005,5.018023009593892,0.019091811626580836,2.6180230008098673,-2.530908188373419
92.84888614800002,5.018149322370257,0.02156271687937723,2.618149313586232,-2.5284372831206228
92.87797735400005,5.018264372706603,0.02403417214012798,2.6182643639225778,-2.525965827859872
92.905413114,5.018368158213234,0.026506126074649503,2.6183681494292093,-2.5234938739253505
92.94307529500003,5.018460676734444,0.02897852733840483,2.6184606679504188,-2.521021472661595
92.98000977600003,5.018541926348542,0.03145132457756379,2.618541917564517,-2.518548675422436
93.00342887200003,5.018611905367905,0.03392446643007328,2.61861189658388,-2.5160755335699267
93.14285269600003,5.0186706123390135,0.036397901526721385,2.6186706035549885,-2.5136020984732785
93.17501119300005,5.018718681018146,0.038897426417366376,2.6187186722341207,-2.5111025735826336
93.19728486700001,5.018756749602345,0.041422060681830346,2.6187567408183203,-2.5085779393181693
93.25291810600004,5.01878442313177,0.04394683028759231,2.618784414347745,-2.5060531697124073
93.27998199200005,5.018801701137285,0.04647169243371744,2.61880169235326,-2.5035283075662824
93.38637826400003,5.018808583325987,0.04899660431770202,2.6188085745419616,-2.501003395682298
93.430992102,5.018805602651118,0.05159161044618936,2.618805593867093,-2.4984083895538105
93.46229910400001,5.018795133395231,0.05428694181004589,2.618795124611206,-2.495713058189954
93.54450176800003,5.01877754775861,0.05698223613753185,2.618777538974585,-2.493017763862468
93.57184281800005,5.01875284586385,0.059677474639555944,2.618752837079825,-2.490322525360444
93.66320454200002,5.018721278280709,0.06232729188180232,2.618721269496684,-2.4876727081181973
93.70096102600002,5.018681548795289,0.06494676495855597,2.618681540011264,-2.485053235041444
93.73035660300002,5.018633187647322,0.06756609289358527,2.618633178863297,-2.4824339071064148
93.77830703000001,5.018576195361955,0.07018524724399378,2.6185761865779305,-2.479814752756006
93.81988758600005,5.018510572558062,0.07280419956877345,2.6185105637740373,-2.4771958004312262
93.90898637200002,5.018436299975403,0.0754236173603615,2.618436291191378,-2.4745763826396385
93.94078647200001,5.018353293151888,0.0780490420547644,2.618353284367863,-2.4719509579452352
93.97256683700004,5.01826179368646,0.0806741844902443,2.6182617849024354,-2.4693258155097557
94.03203646200001,5.018161802536646,0.0832990171951404,2.618161793752621,-2.4667009828048596
94.05263340500005,5.0180533207488365,0.0859235127010319,2.6180533119648115,-2.4640764872989678
94.14583245100005,5.017936349458277,0.08854764354302805,2.617936340674252,-2.461452356456972
94.188450026,5.01780820775021,0.09124309523509666,2.6178081989661854,-2.458756904764903
94.21278334300001,5.017672168813597,0.0939696385657521,2.617672160029572,-2.4560303614342476
94.29086778100003,5.0175297486229065,0.09669585602140315,2.6175297398388815,-2.4533041439785968
94.31073078700001,5.017380947958349,0.09942173266726179,2.6173809391743244,-2.450578267332738
94.39724693800002,5.017225767635085,0.10214725357040795,2.61722575885106,-2.447852746429592
94.43614767300005,5.017065962056989,0.10483652942446443,2.6170659532729643,-2.4451634705755354
94.471592488,5.016899179888013,0.10752138337736744,2.6168991711039884,-2.4424786166226324
94.50603316900003,5.0167251857199355,0.11020577959808134,2.6167251769359106,-2.4397942204019185
94.591430855,5.016543980808428,0.11288969871391771,2.616543972024403,-2.437110301286082
94.63130323000001,5.016353400332257,0.11560755573063773,2.6163533915482318,-2.434392444269362
94.65885566000003,5.016154830122629,0.1183537518438007,2.6161548213386037,-2.4316462481561993
94.69343923600002,5.015950390399224,0.12109951724157166,2.615950381615199,-2.428900482758428
94.764217567,5.015740082096102,0.12384483937890538,2.6157400733120766,-2.4261551606210943
94.850424272,5.015523906174133,0.1265897057127839,2.615523897390108,-2.423410294287216
94.90105948300004,5.015301663157495,0.12933701330772893,2.61530165437347,-2.420662986692271
94.92778424100004,5.015073617729988,0.13208384534895065,2.615073608945963,-2.4179161546510493
94.95361473700001,5.014839770909031,0.13483018958156556,2.614839762125006,-2.4151698104184343
95.01668896700005,5.014600123737924,0.13757603375286723,2.6146001149538987,-2.4124239662471325
95.10886546500001,5.014354677285839,0.14032136561237907,2.614354668501814,-2.4096786343876206
95.12937138800004,5.014103432647828,0.14306617291190987,2.6141034238638032,-2.40693382708809
95.15440135900002,5.013846122103968,0.14581338350801165,2.613846113319943,-2.4041866164919883
95.18379984800004,5.01358236985301,0.14856888085277545,2.613582361068985,-2.401431119147224
95.23646880200005,5.013313079949436,0.151323842524872,2.6133130711654107,-2.3986761574751276
95.32373590000003,5.01303825348106,0.1540782573954336,2.613038244697035,-2.3959217426045663
95.35140672600005,5.012757891558069,0.15683211433780023,2.612757882774044,-2.3931678856621996
95.38647405200004,5.012468065235805,0.15962823167577583,2.6124680564517804,-2.390371768324224
95.407710608,5.012173336468883,0.1624279188981842,2.6121733276848578,-2.3875720811018155
95.469676865,5.011874123087015,0.16522713038384942,2.61187411430299,-2.3847728696161505
95.56562089200003,5.0115704258580696,0.16802585894919866,2.6115704170740446,-2.3819741410508013
95.59250445200001,5.0112622455614195,0.17082409741189722,2.6112622367773946,-2.3791759025881025
95.622856716,5.010946006500238,0.17365668190610964,2.6109459977162133,-2.37634331809389
95.65675779700001,5.010624431682985,0.17650713270868254,2.6106244228989604,-2.373492867291317
95.68740904400005,5.010299609324304,0.17935721526472853,2.6102996005402788,-2.370642784735271
95.77577208000002,5.009971539845873,0.18220692587429926,2.609971531061848,-2.3677930741257005
95.79929251300001,5.009640223673592,0.18505626083792878,2.6096402148895668,-2.364943739162071
95.831083912,5.0093054466229034,0.18790715413045622,2.6093054378388785,-2.362092845869544
95.86285058200002,5.008967312938153,0.190759257459558,2.608967304154128,-2.359240742540442
95.90872048900002,5.008626017441934,0.19361098415980468,2.6086260086579087,-2.356389015840195
95.98802436,5.008281560553744,0.19646233072604585,2.608281551769719,-2.353537669273954
96.02886134000005,5.007932916633122,0.19932205491453925,2.6079329078490967,-2.3506779450854607
96.058370314,5.007579909766951,0.2021948708088389,2.6075799009829264,-2.347805129191161
96.09275203200002,5.007224274425158,0.20506736249964866,2.607224265641133,-2.344932637500351
96.14227286900001,5.006866010905485,0.20793952758205203,2.60686600212146,-2.342060472417948
96.23394660100001,5.0065051195078825,0.2108113636514052,2.6065051107238575,-2.3391886363485948
96.27765850100002,5.0061411712345185,0.2136864720470102,2.6061411624504935,-2.3363135279529894
96.30947822600001,5.00577442575145,0.21656366398109583,2.605774416967425,-2.333436336018904
96.33265493200003,5.005405198601425,0.21944053849810274,2.6054051898173998,-2.330559461501897
96.393409314,5.005033490059164,0.22231709345751732,2.605033481275139,-2.3276829065424827
96.481874441,5.004659300401236,0.22519332671906184,2.6046592916172107,-2.324806673280938
96.51186542900001,5.004279641696984,0.22809331740153924,2.604279632912959,-2.3219066825984607
96.54415634200001,5.0038948903396845,0.23102178572024992,2.6038948815556595,-2.31897821427975
96.57917112000001,5.003508962270082,0.2339500991982991,2.6035089534860574,-2.316049900801701
96.61531213800004,5.003121857550491,0.23687825736286308,2.6031218487664662,-2.313121742637137
96.70305480800005,5.002733858710587,0.2398043623172012,2.602733849926562,-2.310195637682799
96.745021866,5.002347819859256,0.24271976275953064,2.6023478110752314,-2.307280237240469
96.77940163100004,5.001963275645015,0.24563536072241157,2.60196326686099,-2.3043646392775883
96.80095707800001,5.0015802261689295,0.2485511554395894,2.6015802173849045,-2.3014488445604107
96.86724759600003,5.001198671531671,0.2514671461447591,2.6011986627476458,-2.2985328538552405
96.97600595,5.0008186118335125,0.25438333207156305,2.6008186030494875,-2.295616667928437
96.99827708700002,5.00044004717434,0.25729971245359123,2.6004400383903152,-2.2927002875464084
97.04457364400002,5.000057783796183,0.26024895951199706,2.6000577750121576,-2.2897510404880026
97.07320648700005,4.99967459211929,0.26320067089377014,2.5996745833352652,-2.2867993291062296
97.10676968400003,4.999290798785474,0.2661523041059843,2.5992907900014495,-2.2838476958940155
97.21904069300001,4.99890862705125,0.2690863686477267,2.598908618267225,-2.280913631352273
97.24511385700004,4.998531431608273,0.27196774082283726,2.5985314228242484,-2.2780322591771625
97.274265431,4.998151887843696,0.27484880460978695,2.5981518790596714,-2.275151195390213
97.30501894500003,4.9977699960096515,0.27772955809469213,2.5977699872256266,-2.2722704419053077
97.34859436600004,4.997385756359827,0.28060999936387343,2.5973857475758018,-2.2693900006361263
97.46063999300003,4.9969988117121735,0.28349287604765344,2.5969988029281486,-2.2665071239523464
97.49316444800002,4.996608985448641,0.2863805605014704,2.596608976664616,-2.2636194394985294
97.52010553800005,4.99621700395925,0.2892679531890915,2.5962169951752254,-2.2607320468109084
97.548105985,4.9958228674623735,0.29215505250196305,2.5958228586783485,-2.257844947498037
97.59432930500003,4.9954265761775805,0.29504185683169315,2.5954265673935555,-2.254958143168307
97.70305810600001,4.995028631569672,0.297924708770802,2.5950286227856467,-2.2520752912291977
97.72491755800002,4.994632557610053,0.3007742926892751,2.5946325488260285,-2.2492257073107247
97.76933780800005,4.994233445682624,0.30362345269869745,2.5942334368985986,-2.246376547301302
97.78707893200004,4.993831296241077,0.30647218556026523,2.593831287457052,-2.2435278144397346
97.82609198,4.993426109742562,0.3093204880356584,2.593426100958537,-2.2406795119643412
97.94622483700005,4.993017886647677,0.3121683568870476,2.593017877863652,-2.237831643112952
97.971153275,4.992603991670687,0.31503543543314155,2.592603982886662,-2.2349645645668583
98.010112048,4.992186894950818,0.31790737922384604,2.5921868861667927,-2.232092620776154
98.02891775400002,4.991767360976363,0.32077896799227557,2.591767352192338,-2.2292210320077244
98.07364798500004,4.991345390049507,0.3236501996700719,2.5913453812654823,-2.226349800329928
98.17745192400002,4.990920982474188,0.3265210721891339,2.5909209736901633,-2.223478927810866
98.20107496400004,4.990493993255803,0.3293925728716667,2.590493984471778,-2.220607427128333
98.22564647000002,4.990055675695097,0.33232981015665836,2.590055666911072,-2.2176701898433415
98.27093306300003,4.989616348103361,0.3352688837432941,2.589616339319336,-2.2147311162567056
98.29487729000004,4.9891763003599054,0.3382078495927049,2.5891762915758805,-2.211792150407295
98.45613403600004,4.988736116919401,0.3411427971980786,2.5887361081353757,-2.208857202801921
98.50017663900002,4.988305298417509,0.34400318702514693,2.588305289633484,-2.205996812974853
98.53324904500005,4.987871818938774,0.34686317480236667,2.587871810154749,-2.203136825197633
98.55988134100005,4.987435678858394,0.3497227580542791,2.587435670074369,-2.2002772419457206
98.59281243100003,4.986996878553869,0.3525819343057682,2.586996869769844,-2.1974180656942317
98.69603123800005,4.986555418405004,0.35544070108207104,2.586555409620979,-2.1945592989179286
98.74076248,4.986101904907513,0.35836449852623065,2.586101896123488,-2.191635501473769
98.76711910200004,4.9856437912718965,0.36131531612212037,2.5856437824878715,-2.1886846838778795
98.79549770900002,4.985185323874627,0.36426607877489947,2.585185315090602,-2.1857339212251006
98.837732114,4.984726502722293,0.36721678644214933,2.5847264939382684,-2.1827832135578507
98.94426039800004,4.984267327821492,0.3701674390814597,2.5842673190374668,-2.1798325609185403
98.96421029500004,4.9838088882354254,0.37311269260949864,2.5838088794514005,-2.1768873073905013
99.01157318100002,4.983351238370767,0.3760562311580841,2.5833512295867425,-2.173943768841916
99.04403679400002,4.9828941267143305,0.37899985333478803,2.5828941179303055,-2.171000146665212
99.06955938000004,4.9824375532813985,0.3819435590412014,2.5824375444973735,-2.1680564409587983
99.19805784800002,4.981981518087234,0.3848873481789144,2.581981509303209,-2.1651126518210853
99.22347164600001,4.981526979463017,0.3878254222748573,2.581526970678992,-2.1621745777251427
99.25323966300004,4.981073385762728,0.390762155808215,2.581073376978703,-2.159237844191785
99.29023398600003,4.980620515998087,0.3936990010658269,2.580620507214062,-2.156300998934173
99.408073887,4.980168370196611,0.3966359578692371,2.580168361412586,-2.1533640421307627
99.45561443600002,4.979717070363254,0.3995722163522136,2.579717061579229,-2.1504277836477863
99.48295034400002,4.979267836358616,0.40249305204288816,2.5792678275745913,-2.147506947957112
99.51191008400002,4.978817467833899,0.4054137130151515,2.578817459049874,-2.144586286984848
99.56557078900005,4.978365964857061,0.40833419882831085,2.578365956073036,-2.141665801171689
99.67804573500001,4.9779133274962195,0.41125450904171834,2.5779133187121945,-2.1387454909582813
99.70167134800005,4.977459595887439,0.414174384593774,2.5774595871034136,-2.135825615406226
99.72658518200001,4.977005422958178,0.41708915920986617,2.577005414174153,-2.132910840790134
99.76011955200005,4.97654998565076,0.4200037365327893,2.5765499768667346,-2.1299962634672105
99.78491076600005,4.976093284050891,0.42291811601407875,2.576093275266866,-2.127081883985921
99.92273477400005,4.975635318244509,0.42583229710530623,2.5756353094604845,-2.1241677028946935
99.94979769500003,4.975176088317798,0.4287462792580824,2.575176079533773,-2.1212537207419175
99.97700645500004,4.974713289217879,0.4316804833948084,2.5747132804338544,-2.1183195166051916
100.01862151300003,4.974251026494484,0.43461595662704333,2.5742510177104587,-2.1153840433729565
100.04568110900004,4.97378948508969,0.43755154335788093,2.5737894763056652,-2.112448456642119
100.15211848000001,4.973328432706759,0.4404887121079595,2.573328423922734,-2.1095112878920403
100.18951868700003,4.972865803635266,0.4434391798196225,2.5728657948512414,-2.1065608201803774
100.22911552100004,4.972403519330129,0.4463897015695097,2.572403510546104,-2.1036102984304903
100.25653541700001,4.971941579797651,0.4493402773173388,2.571941571013626,-2.100659722682661
100.28711605300003,4.971479985044148,0.4522909070228208,2.571479976260123,-2.097709092977179
100.420513852,4.971018735075919,0.4552415906456695,2.571018726291894,-2.0947584093543306
100.45344865100003,4.970558687827745,0.45818687916813566,2.5705586790437196,-2.091813120831864
100.492914686,4.970107464789924,0.4610832988803704,2.5701074560058994,-2.0889167011196292
100.53486623900005,4.969657964947421,0.46397998651815864,2.5696579561633963,-2.086020013481841
100.56544493200005,4.969210188459325,0.4668769410562955,2.5692101796753,-2.083123058943704
100.70823994300002,4.968764135484112,0.4697741614694894,2.568764126700087,-2.0802258385305104
100.73034320100004,4.968319806179648,0.47267164673235396,2.5683197973956227,-2.077328353267646
100.761610244,4.967874498854172,0.47558625806027083,2.5678744900701473,-2.074413741939729
100.80709187300005,4.967423386669308,0.4785396683162973,2.5674233778852833,-2.0714603316837024
100.83839772900001,4.966971958724201,0.48149303032500335,2.5669719499401764,-2.0685069696749965
100.96711783,4.966520215024018,0.484446344052571,2.566520206239993,-2.065553655947429
100.99539171200001,4.96606815557393,0.48739960946524186,2.5660681467899047,-2.062600390534758
101.02523348200003,4.965620521655284,0.4903251110155408,2.565620512871259,-2.059674888984459
101.07717653500004,4.965175122354519,0.4932438439898752,2.565175113570494,-2.056756156010125
101.10135435200004,4.964730924094236,0.49616275999040516,2.564730915310211,-2.0538372400095946
101.12719912600005,4.964287926949652,0.4990818585229109,2.564287918165627,-2.050918141477089
101.16289682600001,4.963846130995769,0.5020011390931403,2.563846122211744,-2.0479988609068593
101.29040038400001,4.9634055363073895,0.5049206012068109,2.5634055275233645,-2.045079398793189
101.32810738900002,4.9629710371636655,0.5078095530357017,2.5629710283796405,-2.042190446964298
101.36637641700003,4.962540762252223,0.5106856703980613,2.562540753468198,-2.0393143296019387
101.38557630300005,4.962112777598189,0.5135621294569389,2.562112768814164,-2.036437870543061
101.42126058900004,4.96168708347292,0.5164389283885981,2.5616870746888947,-2.033561071611402
101.51576041000004,4.961260662425483,0.519335742848815,2.5612606536414577,-2.0306642571511846
101.564713369,4.960831391763094,0.5222608425902727,2.5608313829790688,-2.027739157409727
101.59642017700003,4.960403225653191,0.525186104216422,2.5604032168691657,-2.024813895783578
101.66530855800005,4.959976164156819,0.5281115273101665,2.559976155372794,-2.021888472689833
101.68641604100003,4.9595502073348765,0.5310371114543904,2.5595501985508515,-2.0189628885456097
101.76210464400003,4.959122069224283,0.533983862815881,2.559122060440258,-2.0160161371841188
101.79406111000003,4.958691621438684,0.5369460191407915,2.5586916126546586,-2.0130539808592083
101.818269117,4.9582610008386485,0.5399081503479121,2.5582609920546235,-2.010091849652088
101.874062665,4.957830207425644,0.5428702564271535,2.557830198641619,-2.0071297435728463
101.92222251600003,4.957399241201146,0.5458323373684362,2.557399232417121,-2.0041676626315637
102.00446942400004,4.956968102166618,0.5487943931616766,2.556968093382593,-2.0012056068383233
102.03688999300005,4.956544796214487,0.5517067448229395,2.5565447874304623,-1.9982932551770602
102.05793030700005,4.956123375065581,0.5546166941093222,2.556123366281556,-1.9953833058906776
102.12782087000005,4.9557034594232166,0.5575268610267621,2.5557034506391916,-1.9924731389732377
102.15585940800003,4.955285049399781,0.5604372447963616,2.555285040615756,-1.9895627552036381
102.247416273,4.95486814510726,0.5633478446391676,2.554868136323235,-1.986652155360832
102.280424154,4.954446497035749,0.5662989579475302,2.5544464882517244,-1.9837010420524697
102.30308734700003,4.954024262853335,0.5692564971706059,2.55402425406931,-1.980743502829394
102.37768781,4.953602348371137,0.5722140820181727,2.5536023395871124,-1.9777859179818271
102.397820593,4.953180753594088,0.5751717124556679,2.553180744810063,-1.974828287544332
102.49966714600004,4.952759478527108,0.5781293884485337,2.552759469743083,-1.9718706115514661
102.53137286900005,4.952337426655398,0.5810941575287617,2.552337417871373,-1.968905842471238
102.57003483900002,4.95191551201524,0.5840589461414526,2.5519155032312146,-1.9659410538585473
102.62083657600004,4.951493734607543,0.5870237542802459,2.551493725823518,-1.962976245719754
102.71310385000004,4.951072094433209,0.5899885819387952,2.5510720856491838,-1.9600114180612045
102.74629446400002,4.9506505914931385,0.5929534291107467,2.5506505827091135,-1.9570465708892533
102.764882747,4.950237225914076,0.5958658312646921,2.5502372171300514,-1.9541341687353078
102.80526106800005,4.949827495070408,0.5987653487436307,2.549827486286383,-1.9512346512563692
102.85498762000003,4.949419565463589,0.6016651201847621,2.5494195566795637,-1.9483348798152376
102.94395558000002,4.949013437251032,0.6045651444691241,2.5490134284670067,-1.9454348555308756
102.97100516900002,4.948604311454115,0.6074953970557522,2.5486043026700904,-1.9425046029442476
103.005935507,4.948192525329154,0.6104406606692203,2.548192516545129,-1.9395593393307795
103.03421979400002,4.947780073272445,0.6133858311000148,2.54778006448842,-1.9366141688999852
103.09935705000004,4.947366955305075,0.6163309081975722,2.54736694652105,-1.9336690918024275
103.18975242600004,4.946953171448166,0.6192758918113263,2.5469531626641406,-1.9307241081886737
103.22132165600004,4.946541768076743,0.622201236358918,2.5465417592927184,-1.9277987636410818
103.245396519,4.946134484558345,0.6251071860742394,2.5461344757743203,-1.9248928139257604
103.28021501400002,4.945728854434556,0.6280133670415975,2.545728845650531,-1.9219866329584023
103.33170717800004,4.945324877836673,0.6309197783202584,2.545324869052648,-1.9190802216797413
103.41244545500001,4.94492255489547,0.633826418969417,2.544922546111445,-1.9161735810305829
103.43772852000001,4.9445218857411755,0.6367332880481953,2.5445218769571505,-1.9132667119518045
103.46847433300002,4.944124900487619,0.6396266850585889,2.544124891703594,-1.910373314941411
103.49090180600001,4.943730296650606,0.6425179413504798,2.543730287866581,-1.90748205864952
103.53241613300003,4.9433377461232375,0.6454094771391312,2.5433377373392125,-1.9045905228608686
103.61735524900001,4.9429472491034785,0.6483012909663248,2.5429472403194535,-1.901698709033675
103.67870477100001,4.942553529502376,0.6512301827430987,2.5425535207183514,-1.898769817256901
103.70637673000004,4.942154497484327,0.6541994913432507,2.542154488700302,-1.895800508656749
103.73964815600004,4.941755362548155,0.6571687861109063,2.5417553537641298,-1.8928312138890935
103.78264678100004,4.941356124694354,0.6601380670424742,2.5413561159103293,-1.8898619329575257
103.87203254000002,4.940956783923393,0.6631073341343886,2.540956775139368,-1.886892665865611
103.918527874,4.940557607578029,0.6660745807596145,2.540557598794004,-1.8839254192403854
103.92955245500002,4.940160450204194,0.6690237156628658,2.5401604414201686,-1.880976284337134
103.967608891,4.939762673212342,0.6719727670564305,2.539762664428317,-1.8780272329435692
104.01283673200004,4.939364276620036,0.6749217348101316,2.5393642678360107,-1.875078265189868
104.110645971,4.9389652604448555,0.6778706187937905,2.5389652516608305,-1.8721293812062094
104.14220413800001,4.938565624704423,0.6808194188772313,2.538565615920398,-1.8691805811227686
104.16721356000005,4.938172212160712,0.6837224623467889,2.538172203376687,-1.866277537653211
104.201015617,4.93778433690544,0.6866011630485168,2.537784328121415,-1.863398836951483
104.24119593800003,4.937398839039145,0.6894801830795053,2.53739883025512,-1.8605198169204944
104.33330983900004,4.9370157188247195,0.6923595204763812,2.5370157100406945,-1.8576404795236185
104.36502410500003,4.936632387653374,0.695258000546106,2.536632378869349,-1.8547419994538938
104.40381265400003,4.936240441248961,0.6982269970911411,2.5362404324649357,-1.8517730029088586
104.43041433900004,4.935848629784315,0.7011960114469412,2.5358486210002904,-1.8488039885530587
104.46142248500001,4.935456953260267,0.7041650436073049,2.5354569444762416,-1.8458349563926948
104.58088646600004,4.9350654116776145,0.7071340935661008,2.5350654028935895,-1.842865906433899
104.60516056800003,4.93467434217601,0.7101006658737525,2.5346743333919854,-1.8398993341262473
104.63583313000004,4.9342845801965325,0.7130597908665167,2.5342845714125075,-1.8369402091334832
104.67886564400004,4.933895211025585,0.716018967571644,2.53389520224156,-1.8339810324283559
104.70807816400003,4.933506234670036,0.71897819593699,2.533506225886011,-1.8310218040630097
104.79874387400002,4.933117651136731,0.7219374759104112,2.5331176423527064,-1.8280625240895887
104.83436226500004,4.932728647775454,0.7249006170726428,2.5327286389914287,-1.8250993829273572
104.867686606,4.932339330282724,0.7278639231023631,2.5323393214986987,-1.8221360768976367
104.89307986700004,4.931949724403033,0.7308271912296979,2.531949715619008,-1.8191728087703019
104.95179839000002,4.931559830140073,0.7337904214265729,2.531559821356048,-1.816209578573427
105.05512378400005,4.931169756210259,0.7367527757783596,2.5311697474262345,-1.8132472242216402
105.08997329700003,4.93077992723814,0.7397103332176009,2.530779918454115,-1.8102896667823989
105.119193102,4.930389666062017,0.7426678336568782,2.530389657277992,-1.8073321663431217
105.148609905,4.92999897269022,0.7456252770330305,2.5299989639061953,-1.8043747229669693
105.18495061300001,4.929607847131091,0.7485826632828987,2.5296078383470664,-1.8014173367171011
105.29082540000002,4.929216289392991,0.7515399923433249,2.5292162806089658,-1.7984600076566748
105.31513484300001,4.928824857751236,0.7544927399865086,2.528824848967211,-1.7955072600134914
105.34080880200003,4.928433092458641,0.7574434726942966,2.528433083674616,-1.7925565273057034
105.37827978800004,4.928040729435737,0.7603941259805276,2.528040720651712,-1.7896058740194722
105.41164175400002,4.927647768698623,0.7633446997241209,2.5276477599145983,-1.786655300275879
105.50171364200003,4.927254293997815,0.7662946176367119,2.52725428521379,-1.783705382363288
105.53045251000003,4.926861713752515,0.7692393688150067,2.5268617049684896,-1.780760631184993
105.56360794100004,4.926469878625781,0.7721842192330207,2.526469869841756,-1.777815780766979
105.58500419200004,4.926078788642698,0.7751291687022202,2.5260787798586732,-1.7748708312977797
105.63451601400004,4.925688443828309,0.7780742170340507,2.5256884350442843,-1.7719257829659492
105.73087582200003,4.925298844207601,0.7810193640399793,2.5252988354235764,-1.7689806359600206
105.749587174,4.92490998980552,0.7839646095314481,2.5249099810214948,-1.7660353904685517
105.78835238700003,4.9245200602576915,0.7869225124222777,2.5245200514736665,-1.7630774875777222
105.81870419500001,4.924130553855807,0.7898804710640924,2.5241305450717824,-1.7601195289359075
105.847041467,4.923741470607835,0.7928384853963673,2.52374146182381,-1.7571615146036326
105.94644165,4.923352810521739,0.7957965553585677,2.523352801737714,-1.754203444641432
105.97777014900004,4.922964379695993,0.798754008797844,2.5229643709119682,-1.7512459912021558
106.01420862100002,4.922575543478747,0.8017112473015043,2.5225755346947216,-1.7482887526984956
106.037654223,4.922186263679178,0.8046684274463419,2.522186254895153,-1.745331572553658
106.08374701700001,4.921796540306048,0.8076255491658203,2.5217965315220234,-1.7423744508341796
106.18089017600005,4.921406373368126,0.8105826123934045,2.521406364584101,-1.7394173876065953
106.217756785,4.921015647896418,0.8135405279843213,2.521015639112393,-1.7364594720156785
106.25718098200002,4.920624376062536,0.8164995032880877,2.520624367278511,-1.733500496711912
106.27753275600003,4.920232712707169,0.8194584267937496,2.5202327039231442,-1.7305415732062501
106.326637393,4.919840657837179,0.8224172984495005,2.519840649053154,-1.7275827015504994
106.44142830600003,4.9194482114594305,0.825376118203537,2.5194482026754055,-1.7246238817964628
106.46177054500004,4.91906217855239,0.8282870584650583,2.519062169768365,-1.7217129415349415
106.50357515400003,4.918683614018042,0.8311591181781077,2.5186836052340174,-1.718840881821892
106.52796167000002,4.918307615876678,0.8340315149995133,2.518307607092653,-1.7159684850004866
106.55371340200003,4.917934184428488,0.836904246636029,2.5179341756444633,-1.7130957533639708
106.691590926,4.9175633199716104,0.839777310794128,2.5175633111875855,-1.7102226892058718
106.71341141300002,4.91718864031014,0.8426937205053654,2.5171886315261154,-1.7073062794946345
106.756601423,4.916810085272543,0.8456344985580175,2.5168100764885177,-1.7043655014419823
106.78543179100001,4.916430639310308,0.8485751617881758,2.516430630526283,-1.701424838211824
106.811598817,4.916050302458262,0.8515157099259281,2.5160502936742373,-1.6984842900740718
106.92750668100001,4.915673568629302,0.8544275114828958,2.515673559845277,-1.695572488517104
106.95758870500003,4.915299840983397,0.8573299638449023,2.515299832199372,-1.6926700361550975
106.98538469600004,4.914927964423955,0.860232653957804,2.5149279556399304,-1.6897673460421958
107.03086260200001,4.914557939102222,0.8631355806410463,2.514557930318197,-1.6868644193589535
107.05945701300004,4.9141897651686905,0.8660387427139719,2.5141897563846656,-1.683961257286028
107.190164428,4.9138193071102645,0.8689730085439223,2.5138192983262395,-1.6810269914560774
107.20278084400002,4.913443946815944,0.871947675282914,2.513443938031919,-1.6780523247170858
107.23276618100004,4.9130685415541935,0.8749223363473243,2.5130685327701685,-1.6750776636526754
107.253463081,4.912693091325104,0.8778969917364644,2.512693082541079,-1.6721030082635355
107.37814375200003,4.912317596128758,0.8808716414496551,2.5123175873447328,-1.6691283585503447
107.41102533900005,4.911942357362595,0.8838438474894642,2.5119423485785703,-1.6661561525105357
107.43197033200005,4.911568090118003,0.8868062719783589,2.511568081333978,-1.663193728021641
107.47939231200002,4.911193462742461,0.8897686509467336,2.511193453958436,-1.6602313490532663
107.50789994300004,4.910818475241509,0.8927309843508103,2.510818466457484,-1.6572690156491894
107.64606106800005,4.910443127620689,0.8956932721468097,2.510443118836664,-1.6543067278531902
107.67714250200004,4.910076239227363,0.8985933666538087,2.5100762304433384,-1.6514066333461912
107.70141228400001,4.9097129153510375,0.9014827471257149,2.5097129065670125,-1.648517252874285
107.74154596,4.90935179185966,0.9043724034330459,2.5093517830756347,-1.6456275965669538
107.77295770400002,4.908992868962638,0.9072623339001192,2.5089928601786133,-1.6427376660998805
107.88890960400005,4.9086361468681154,0.9101525368510905,2.5086361380840905,-1.6398474631489093
107.92519109100004,4.908274221970095,0.9130964895719946,2.5082742131860702,-1.6369035104280052
107.94654810200001,4.907909568076418,0.9160600928926516,2.507909559292393,-1.6339399071073482
107.98904509300002,4.907544553402134,0.919023651799082,2.5075445446181086,-1.6309763482009179
108.00782281900001,4.907179177952647,0.9219871662473735,2.5071791691686216,-1.6280128337526263
108.11804190400005,4.906813441733375,0.924950636193608,2.50681343294935,-1.6250493638063919
108.14372422100001,4.906447344749735,0.9279140615938659,2.5064473359657105,-1.622085938406134
108.19447703600002,4.906081552191624,0.9308716339780528,2.5060815434075994,-1.6191283660219469
108.21781812100005,4.905715503013428,0.9338266499847264,2.505715494229403,-1.6161733500152735
108.24797731200005,4.905348880217464,0.9367815948786345,2.5053488714334393,-1.6132184051213652
108.393754494,4.904981683817548,0.9397364685484286,2.5049816750335228,-1.6102635314515712
108.415761379,4.904613636830607,0.9426954842370915,2.5046136280465823,-1.6073045157629084
108.444957542,4.904245742288074,0.9456563393445948,2.504245733504049,-1.6043436606554051
108.47947227200001,4.9038782679816215,0.9486172466373268,2.5038782591975965,-1.601382753362673
108.50300292000003,4.903511213918647,0.951578206055642,2.503511205134622,-1.598421793944358
108.62482748500003,4.903144580106547,0.9545392175398953,2.503144571322522,-1.5954607824601044
108.64801232600001,4.902778366552708,0.9575002810304409,2.502778357768683,-1.5924997189695589
108.67834142700002,4.902412942070228,0.9604550155892139,2.502412933286203,-1.5895449844107858
108.70270718400002,4.9020470089299035,0.9634089731212284,2.5020470001458786,-1.5865910268787715
108.72886681900002,4.901680475120335,0.9663628561809613,2.50168046633631,-1.5836371438190384
108.85052439500004,4.901313103595999,0.9693185909242503,2.5013130948119744,-1.5806814090757495
108.873830285,4.900943270770745,0.972291621418832,2.5009432619867202,-1.5777083785811679
108.91217956300005,4.900573333464385,0.9752646389145031,2.5005733246803596,-1.5747353610854966
108.94451294000004,4.900203291677358,0.9782376434076128,2.500203282893333,-1.571762356592387
108.96820231700002,4.899833145410126,0.9812106348944932,2.499833136626101,-1.5687893651055065
109.01223490300004,4.899462894663149,0.9841836133714701,2.4994628858791237,-1.5658163866285297
109.04723045200001,4.899092539436883,0.9871565788348727,2.499092530652858,-1.5628434211651272
109.12582508300005,4.89872207973178,0.9901295312810279,2.4987220709477547,-1.559870468718972
109.164875445,4.898353606845969,0.9930863836544458,2.4983535980619442,-1.556913616345554
109.19465630100001,4.897989846919862,0.9960134632084806,2.497989838135837,-1.5539865367915193
109.21499139100001,4.897627365680069,0.9989407013863998,2.4976273568960443,-1.5510592986136
109.25960748900002,4.897266163195765,1.0018680976296166,2.4972661544117396,-1.5481319023703832
109.35904627800005,4.896906945756677,1.0047900755556312,2.496906936972652,-1.5452099244443687
109.40145740300005,4.896550956807002,1.0076992370741524,2.496550948022977,-1.5423007629258474
109.41423163300004,4.8961967110916875,1.0106086113791068,2.4961967023076626,-1.539391388620893
109.47233315400001,4.895844208737927,1.013518197425907,2.495844199953902,-1.5364818025740927
109.498927514,4.89549344987228,1.0164279941698926,2.495493441088255,-1.5335720058301072
109.57809918600003,4.895144434620684,1.0193380005663284,2.4951444258366586,-1.5306619994336714
109.61470809300005,4.894796943281559,1.0222499839555712,2.494796934497534,-1.5277500160444286
109.64479357900001,4.894450789141841,1.0251648183656588,2.4944507803578158,-1.524835181634341
109.708757166,4.894106269086155,1.0280798463685967,2.49410626030213,-1.521920153631403
109.73706105400004,4.893763383222775,1.0309950670483001,2.49376337443875,-1.5190049329516997
109.81887974400001,4.893422131659452,1.0339104794886265,2.4934221228754274,-1.5160895205113734
109.85613007700005,4.893082514503429,1.0368260827733706,2.493082505719404,-1.5131739172266292
109.88088909200002,4.892743769675458,1.039747946816886,2.492743760891433,-1.5102520531831138
109.91560563500002,4.892406228487654,1.042672003108536,2.492406219703629,-1.507327996891464
109.954990189,4.8920701198110725,1.045596224407912,2.4920701110270476,-1.5044037755920878
110.034252261,4.891735045617247,1.0485209385685905,2.4917350368332216,-1.5014790614314093
110.06897957000001,4.891398870900171,1.051445900551786,2.4913988621161463,-1.4985540994482138
110.09968407100001,4.891061282152395,1.054370699669845,2.4910612733683704,-1.4956293003301548
110.16043968700001,4.890722279452823,1.0572953352391607,2.490722270668798,-1.492704664760839
110.18021944700001,4.890381862880687,1.060219806576178,2.4903818540966625,-1.4897801934238217
110.271266491,4.8900415989429975,1.063129518451904,2.4900415901589725,-1.4868704815480958
110.307598745,4.88970002059375,1.0660341500940729,2.489700011809725,-1.483965849905927
110.34126713700005,4.889356545424868,1.0689385580464315,2.489356536640843,-1.4810614419535684
110.39377360600002,4.88901117358284,1.071842741070295,2.4890111647988147,-1.4781572589297047
110.484892908,4.888663905214959,1.0747466979270737,2.488663896430934,-1.4752533020729262
110.51304157300001,4.888317080108586,1.0776335502827457,2.4883170713245613,-1.4723664497172542
110.53562203800004,4.887976055627339,1.0804892333955303,2.4879760468433143,-1.4695107666044696
110.57836606200004,4.887638100901679,1.0833452814239957,2.487638092117654,-1.4666547185760042
110.61978712700005,4.887303216322081,1.086201691068246,2.4873032075380563,-1.4637983089317539
110.69990934200001,4.886971402275469,1.0890584590280017,2.486971393491444,-1.4609415409719981
110.72327413000005,4.88663061759202,1.0920084405730435,2.4866306088079955,-1.4579915594269564
110.76457526800004,4.886289038329121,1.094969613673483,2.486289029545096,-1.4550303863265168
110.790449523,4.8859479515781,1.097930843545003,2.4859479427940747,-1.4520691564549968
110.85743886300003,4.885607357348392,1.1008921301056707,2.485607348564367,-1.4491078698943292
110.95346931900002,4.885267255649427,1.1038534732735692,2.485267246865402,-1.4461465267264306
110.98954732200002,4.884927646490604,1.1068148729667797,2.4849276377065794,-1.44318512703322
111.02718579000003,4.884588373352553,1.1097747695945326,2.4845883645685283,-1.4402252304054672
111.06129973600002,4.884248623141082,1.112734226094322,2.4842486143570572,-1.4372657739056778
111.12480706500003,4.8839083316107095,1.1156936203996997,2.4839083228266845,-1.4343063796003002
111.20891982,4.883567498772818,1.1186529524116497,2.483567489988793,-1.43134704758835
111.23364342900004,4.883226124638815,1.121612222031163,2.4832261158547904,-1.4283877779688368
111.27593326600004,4.882884317982329,1.1245716624028548,2.482884309198304,-1.425428337597145
111.30717712700005,4.882542882358268,1.127531366273509,2.482542873574243,-1.422468633726491
111.33881594300004,4.882201976863277,1.1304911312524968,2.4822019680792518,-1.419508868747503
111.43697245600003,4.881861601508295,1.1334509572448617,2.4818615927242704,-1.4165490427551382
111.45601683900003,4.881521644024901,1.1364116537007405,2.481521635240876,-1.4135883462992593
111.49757969000001,4.8811811939228384,1.139375583335033,2.4811811851388135,-1.4106244166649669
111.51860827800004,4.880840317885465,1.1423394640135138,2.4808403091014397,-1.407660535986486
111.57679822700004,4.880499015919825,1.1453032956749571,2.4804990071358,-1.4046967043250427
111.664087402,4.880157288032961,1.1482670782581548,2.4801572792489357,-1.401732921741845
111.68801497200002,4.879815134231939,1.1512308117018994,2.479815125447914,-1.3987691882981004
111.72771738900002,4.879473170135816,1.1541901470886482,2.4794731613517906,-1.3958098529113516
111.74908955900003,4.879132330213046,1.1571442101106977,2.4791323214290206,-1.3928557898893021
111.79343453000001,4.8787921646249615,1.1600983508595213,2.4787921558409365,-1.3899016491404785
111.87414676900005,4.878452673389286,1.1630525691811895,2.478452664605261,-1.3869474308188103
111.923439863,4.878113358145836,1.1660111143456,2.4781133493618106,-1.3839888856543998
111.94446236500005,4.877772335642992,1.168987157289077,2.477772326858967,-1.3810128427109227
111.96848071200003,4.877431428742407,1.171963213477068,2.4774314199583825,-1.3780367865229317
112.02184651800002,4.877090637444602,1.1749392829050709,2.477090628660577,-1.375060717094929
112.11971635100002,4.876749961750088,1.1779153655685914,2.476749952966063,-1.3720846344314084
112.15233294800004,4.876409643788446,1.1808893306013235,2.4764096350044214,-1.3691106693986763
112.17247041900004,4.876073348890302,1.183822743102242,2.4760733401062773,-1.366177256897758
112.21775930400003,4.875735849648532,1.1867560172832268,2.4757358408645067,-1.363243982716773
112.256190909,4.875397146120022,1.189689152649828,2.4753971373359973,-1.3603108473501717
112.35489639600002,4.875057238361872,1.192622148707612,2.4750572295778475,-1.3573778512923877
112.39854392900003,4.874721000531714,1.1955255718246047,2.4747209917476893,-1.354474428175395
112.42442944600003,4.874386919987554,1.1984276652497978,2.474386911203529,-1.351572334750202
112.45743014500005,4.874054819963767,1.201329985982024,2.4740548111797422,-1.348670014017976
112.50065212700002,4.8737247006150115,1.2042325326696897,2.4737246918309865,-1.3457674673303102
112.59909553200004,4.873396562095021,1.2071353039610937,2.473396553310996,-1.3428646960389061
112.63086434600001,4.873067323705759,1.210062861478145,2.473067314921734,-1.3399371385218548
112.666577405,4.8727394208798875,1.2129908206275033,2.4727394120958626,-1.3370091793724965
112.69678573100003,4.8724128817026156,1.2159189321706714,2.4724128729185906,-1.3340810678293284
112.74101764800002,4.872087706244769,1.218847195472552,2.472087697460744,-1.3311528045274479
112.84945261000001,4.871763894576875,1.2217756098980153,2.4717638857928503,-1.3282243901019846
112.879383964,4.871439070913504,1.2247156951846145,2.471439062129479,-1.3252843048153853
112.91826118900002,4.871113127347617,1.227656276691289,2.471113118563592,-1.3223437233087108
112.95198677400003,4.870786128484955,1.2305967410337686,2.47078611970093,-1.3194032589662312
112.98868795800001,4.870458074367635,1.2335370878333276,2.47045806558361,-1.3164629121666722
113.10516381600002,4.870128965037904,1.2364773167112653,2.470128956253879,-1.3135226832887346
113.13450016500002,4.869797598808782,1.2394294522141336,2.4697975900247573,-1.3105705477858662
113.16381956800001,4.869465427136462,1.2423821372061705,2.469465418352437,-1.3076178627938293
113.20475259100004,4.869132521314688,1.2453347395153083,2.469132512530663,-1.3046652604846916
113.24043775900003,4.868798881364043,1.2482872589590082,2.468798872580018,-1.3017127410409917
113.339502912,4.86846450730515,1.2512396953547387,2.4684644985211253,-1.2987603046452612
113.369759359,4.868130042090343,1.2541876341642189,2.4681300333063176,-1.295812365835781
113.39799511500001,4.867797031891101,1.257129006994807,2.467797023107076,-1.292870993005193
113.42657361900001,4.867465037210796,1.260070494620736,2.4674650284267714,-1.2899295053792639
113.46436783300004,4.867134058089003,1.2630120966914085,2.467134049304978,-1.2869879033085914
113.55396954600002,4.866803982485738,1.2659548065557544,2.466803973701713,-1.2840451934442454
113.58901945400004,4.86647201118841,1.2689205855214565,2.466472002404385,-1.2810794144785433
113.62444063100003,4.866140443423428,1.2718864096283395,2.4661404346394034,-1.2781135903716603
113.64912833300002,4.865809279196931,1.274852278821483,2.465809270412906,-1.2751477211785167
113.68521369200005,4.865478518515055,1.277818193045979,2.4654785097310303,-1.2721818069540207
113.81199390800003,4.865148115371521,1.2807844888877804,2.465148106587496,-1.2692155111122194
113.83878681100003,4.864817424276846,1.2837526893265787,2.464817415492821,-1.2662473106734211
113.880881343,4.864486387576859,1.2867208512406574,2.464486378792834,-1.2632791487593424
113.91390324400004,4.864155005276047,1.2896889745897844,2.4641549964920224,-1.2603110254102154
113.94170143300005,4.863823277378902,1.29265705933372,2.463823268594877,-1.2573429406662797
114.073327839,4.863491203889925,1.295625105432224,2.4634911951059,-1.2543748945677757
114.09442239000003,4.863162661006778,1.2985539939899617,2.463162652222753,-1.251446006010038
114.12461687700005,4.862832779366729,1.301482732065186,2.4628327705827044,-1.2485172679348138
114.14711988500005,4.8625015590387,1.304411319045968,2.4625015502546748,-1.2455886809540317
114.20290919000001,4.862169000091897,1.3073397543204124,2.462168991307872,-1.2426602456795874
114.30688519300003,4.861834592270749,1.3102733987516202,2.461834583486724,-1.2397266012483796
114.33079590900002,4.8614991026570955,1.313219565660887,2.4614990938730705,-1.2367804343391129
114.37304749600003,4.861164501442801,1.3161658335993873,2.4611644926587757,-1.2338341664006125
114.40374939500003,4.860830788658289,1.3191122022992448,2.460830779874264,-1.230887797700755
114.43154889300001,4.860497964333905,1.3220586714925573,2.46049795554988,-1.2279413285074425
114.56042610200001,4.860166028499912,1.3250052409114155,2.460166019715887,-1.2249947590885844
114.59103818400001,4.859832044591284,1.3279752936971965,2.4598320358072594,-1.2220247063028034
114.62302260000001,4.859498323906793,1.330945564887353,2.4594983151227683,-1.2190544351126469
114.65347160700003,4.859164887425565,1.333915867995001,2.45916487864154,-1.2160841320049989
114.69800737900005,4.858831735150645,1.336886202992951,2.4588317263666197,-1.213113797007049
114.81717386400004,4.858499101918597,1.3398545674188744,2.4584990931345723,-1.2101454325811254
114.84600493700003,4.858167195489926,1.3428199701380534,2.4581671867059014,-1.2071800298619464
114.88223157600004,4.8578357023375895,1.345785419084548,2.4578356935535646,-1.2042145809154519
114.90472679600003,4.857504622468027,1.3487509142007599,2.457504613684002,-1.20124908579924
114.93010471800005,4.8571739558876645,1.3517164554290928,2.4571739471036396,-1.198283544570907
115.06153809800003,4.856843621880323,1.3546827512562205,2.456843613096298,-1.1953172487437793
115.087048536,4.856513323528534,1.3576519211683646,2.4565133147445093,-1.1923480788316352
115.12658970300004,4.856183347223236,1.3606211268881347,2.4561833384392107,-1.189378873111865
115.15031405600001,4.855853692968312,1.3635903683806014,2.455853684184287,-1.1864096316193984
115.27752656900003,4.85552436076764,1.366559645610834,2.4555243519836147,-1.1834403543891658
115.31146848500003,4.855195301334152,1.369529381003823,2.4551952925501266,-1.180470618996177
115.33906049000001,4.8548664861523205,1.3724996664607112,2.4548664773682956,-1.1775003335392886
115.36976149200001,4.854537968807128,1.3754699848734593,2.4545379600231034,-1.1745300151265405
115.40010983300004,4.85420974930188,1.3784403362122037,2.454209740517855,-1.171559663787796
115.545548381,4.853881827639875,1.3814107204470782,2.45388181885585,-1.1685892795529216
115.5744823,4.8535591558301405,1.3843400766468312,2.4535591470461156,-1.1656599233531686
115.61040664400002,4.853239192325681,1.387259329140549,2.453239183541656,-1.1627406708594508
115.64779936000002,4.852920829487705,1.3901787566305992,2.4529208207036803,-1.1598212433694006
115.67062932600004,4.852604067411925,1.3930983582393148,2.4526040586279003,-1.156901641760685
115.77066693300003,4.852288906193568,1.3960181330889752,2.452288897409543,-1.1539818669110247
115.800918593,4.8519753459273804,1.398938080301809,2.4519753371433555,-1.1510619196981908
115.83684154600002,4.851661020592678,1.401878051976657,2.451661011808653,-1.1481219480233429
115.86920790300002,4.851347652433394,1.4048192423361219,2.451347643649369,-1.145180757663878
115.89524258200004,4.851035359040148,1.4077605470075898,2.4510353502561233,-1.14223945299241
116.02841861300004,4.85072414045464,1.4107019655983188,2.4507241316706154,-1.139298034401681
116.071052764,4.850413555809569,1.4136474867768487,2.4504135470255437,-1.1363525132231511
116.10233769400003,4.850103207582558,1.4165990860834938,2.450103198798533,-1.133400913916506
116.12647504200004,4.849793681260392,1.4195507716942735,2.449793672476367,-1.1304492283057264
116.17444701900001,4.849484976867072,1.4225025433803198,2.449484968083047,-1.12749745661968
116.30543735900005,4.8491770944265316,1.4254544009127563,2.4491770856425066,-1.1245455990872435
116.355279462,4.848870033962647,1.4284063440627028,2.4488700251786217,-1.121593655937297
116.37892863800005,4.848562258421692,1.4313717573318139,2.4485622496376673,-1.118628242668186
116.40748447500005,4.84825466062266,1.4343395791802325,2.4482546518386354,-1.1156604208197674
116.449568134,4.847947481575595,1.4373074444000442,2.44794747279157,-1.1126925555999556
116.57706838300004,4.847640721286607,1.4402753529321626,2.4476407125025816,-1.1097246470678372
116.59909109200004,4.847334379761806,1.4432433047175024,2.447334370977781,-1.1067566952824974
116.62519261400001,4.847031829110812,1.4461822372690258,2.4470318203267873,-1.103817762730974
116.65915594900002,4.846730438302016,1.4491212889900946,2.446730429517991,-1.1008787110099052
116.686367663,4.846430207382356,1.452060459422993,2.4464301985983314,-1.0979395405770067
116.82509608600003,4.846131136398588,1.454999748109974,2.446131127614563,-1.095000251890026
116.849246612,4.845833225397291,1.4579391545932712,2.445833216613266,-1.0920608454067287
116.88682926300004,4.845537773066665,1.4608672719672346,2.44553776428264,-1.0891327280327652
116.92358965100004,4.845243767630179,1.463795534974323,2.445243758846154,-1.0862044650256768
116.95123931300003,4.844951209159617,1.4667239428995749,2.4449512003755918,-1.083276057100425
116.99214314300002,4.844660097726406,1.469652495027986,2.444660088942381,-1.080347504972014
117.02359259800005,4.84437043340163,1.472581190644523,2.444370424617605,-1.0774188093554768
117.117063153,4.844082216256009,1.4755100290341143,2.444082207471984,-1.0744899709658855
117.14567826800004,4.843795446359916,1.4784390094816526,2.4437954375758912,-1.0715609905183472
117.19567952200003,4.843509958844791,1.4813696724992513,2.443509950060766,-1.0686303275007485
117.21806487500004,4.843225818688847,1.4843009855300904,2.443225809904822,-1.0656990144699094
117.24845205700001,4.842943074500672,1.487232433540381,2.4429430657166473,-1.0627675664596188
117.34244223300004,4.842661726344385,1.4901640158653278,2.44266171756036,-1.059835984134672
117.372039207,4.842380640450941,1.493106983996261,2.4423806316669157,-1.0568930160037389
117.40764865300002,4.842098618338599,1.4960680904296833,2.442098609554574,-1.0539319095703166
117.45413098700004,4.841817250475594,1.4990292591022814,2.441817241691569,-1.0509707408977185
117.48913091500003,4.841536536875665,1.5019904898695,2.4415365280916403,-1.0480095101304998
117.58865205400002,4.841256477552512,1.5049517825867817,2.441256468768487,-1.045048217413218
117.60891220800005,4.840976989955165,1.5079139615375294,2.4409769811711404,-1.0420860384624704
117.64995908700001,4.840698021761632,1.5108772065862877,2.4406980129776072,-1.0391227934137122
117.70548315600001,4.840419661004351,1.5138405087579874,2.4404196522203256,-1.0361594912420125
117.74107914700005,4.840141907695017,1.5168038679281097,2.440141898910992,-1.03319613207189
117.82014528000002,4.839864465421584,1.5197689300971124,2.4398644566375594,-1.0302310699028874
117.85101033500001,4.839586486761489,1.5227356159027452,2.4395864779774636,-1.0272643840972546
117.877916932,4.839307985669497,1.5257022527100708,2.439307976885472,-1.024297747289929
117.95092696100005,4.839028962154238,1.5286688404270872,2.439028953370213,-1.0213311595729127
117.97217279,4.838749416224371,1.5316353789617971,2.4387494074403464,-1.0183646210382027
118.06992733600003,4.838469103977996,1.5346061135641136,2.438469095193971,-1.0153938864358862
118.09752028000003,4.838188797545663,1.5375796942677071,2.438188788761638,-1.0124203057322927
118.12917300400005,4.837908832243364,1.5405533071083926,2.4379088234593387,-1.0094466928916073
118.18872592100001,4.837629208074785,1.5435269520470383,2.4376291992907597,-1.0064730479529616
118.21337716300002,4.837349925043606,1.5465006290445082,2.437349916259581,-1.0034993709554916
118.31447613100005,4.837073712297655,1.5494421461484424,2.43707370351363,-1.0005578538515574
118.333909264,4.836798841843732,1.552351340580667,2.4367988330597075,-0.9976486594193328
118.38286338500001,4.836522008643682,1.5552603488979917,2.436521999859657,-0.9947396511020081
118.42800952300001,4.836243212823517,1.5581691697762137,2.4362432040394917,-0.9918308302237862
118.51392765900005,4.835962454510152,1.5610778018912108,2.4359624457261266,-0.988922198108789
118.56127323200002,4.835677918322749,1.5640060792103991,2.435677909538724,-0.9859939207896007
118.58182684400003,4.835389045423738,1.5669705818692952,2.435389036639713,-0.9830294181307047
118.60729779100001,4.835099621271216,1.5699350307601065,2.4350996124871913,-0.9800649692398933
118.67259644800004,4.834809645875191,1.572899425780343,2.4348096370911656,-0.9771005742196568
118.74891656900002,4.8345191192456864,1.5758637668274977,2.4345191104616615,-0.9741362331725021
118.77280358200005,4.834227454750337,1.5788346393532282,2.4342274459663122,-0.9711653606467716
118.79265589600004,4.833935193033069,1.5818083002919536,2.433935184249044,-0.9681916997080462
118.83925393800001,4.83364262176468,1.5847819307906534,2.433642612980655,-0.9652180692093464
118.88453661100004,4.8333497409483375,1.587755530817103,2.4333497321643125,-0.9622444691828969
118.96660131100003,4.833056550587213,1.5907291003390798,2.433056541803188,-0.95927089966092
119.00341723000003,4.83276305068449,1.5937026393243603,2.4327630419004653,-0.9562973606756395
119.06071297900002,4.832475282853701,1.596605944545938,2.432475274069676,-0.9533940554540619
119.06198043200004,4.832185440033904,1.5995090433513246,2.4321854312498794,-0.9504909566486752
119.10921680700005,4.831893522373162,1.6024119342575365,2.4318935135891366,-0.9475880657424633
119.212400564,4.831599530020593,1.6053146157816884,2.4315995212365684,-0.9446853842183114
119.24332114000003,4.831303463126381,1.6082170864410013,2.431303454342356,-0.9417829135589986
119.29273791400004,4.8310016790560715,1.611158755797697,2.4310016702720465,-0.9388412442023029
119.31712663000002,4.830697476396552,1.6141169598618337,2.4306974676125273,-0.9358830401381661
119.366750142,4.830392602139401,1.617075094786151,2.4303925933553763,-0.9329249052138489
119.46830063300001,4.830087056300338,1.6200331604181757,2.4300870475163134,-0.9299668395818241
119.50190806300003,4.8297814669323476,1.6229850204249396,2.4297814581483226,-0.9270149795750602
119.53564650700002,4.829480014385301,1.6258814974240203,2.429480005601276,-0.9241185025759795
119.562029236,4.829176355935568,1.6287777439933322,2.4291763471515426,-0.9212222560066676
119.59625845600004,4.828870491759281,1.6316737584528975,2.4288704829752557,-0.9183262415471023
119.68677700900002,4.828562422033855,1.6345695391228767,2.42856241324983,-0.9154304608771231
119.72871021500004,4.828252082990901,1.6374715707787695,2.4282520742068763,-0.9125284292212303
119.76850031600003,4.827942682278185,1.640379014943027,2.4279426734941603,-0.9096209850569728
119.78604563800002,4.827635200182381,1.6432866626400582,2.427635191398356,-0.9067133373599416
119.84833602100002,4.827329636837376,1.6461945126037658,2.4273296280533514,-0.903805487396234
119.94086139400008,4.827025992376228,1.6491025635679781,2.4270259835922032,-0.9008974364320217
119.964376528,4.826720653352766,1.652042360218584,2.4267206445687406,-0.8979576397814157
119.99909528,4.8264118684320625,1.655014600097563,2.4264118596480375,-0.8949853999024369
120.03473219700004,4.826102780494938,1.6579868084806346,2.4261027717109127,-0.8920131915193652
120.06668189800007,4.825793389544603,1.660958985336935,2.425793380760578,-0.8890410146630647
120.15666410100005,4.825483668359469,1.6639313951203696,2.4254836595754443,-0.8860686048796302
120.19052413600002,4.825173436697274,1.6669061575956914,2.4251734279132493,-0.8830938424043084
120.21942749200002,4.824862970308631,1.6698808955825293,2.4248629615246062,-0.8801191044174705
120.24554949600008,4.824552269195464,1.6728556090623603,2.424552260411439,-0.8771443909376395
120.30688322800006,4.824241333359708,1.6758302980166626,2.4242413245756826,-0.8741697019833372
120.40500301899999,4.82393064326117,1.6788001612239407,2.4239306344771454,-0.8711998387760591
120.43117239600008,4.823620372660443,1.681761058405087,2.423620363876418,-0.8682389415949128
120.46979457200007,4.823309514665975,1.684721893974698,2.42330950588195,-0.8652781060253019
120.49885212499998,4.822998069290005,1.6876826678162444,2.42299806050598,-0.8623173321837554
120.53448457500008,4.822686036544786,1.6906433798131981,2.422686027760761,-0.8593566201868017
120.628593905,4.822373416442599,1.693604029849036,2.4223734076585743,-0.8563959701509638
120.66257000600001,4.8220609850244385,1.696556858669366,2.4220609762404135,-0.8534431413306338
120.70118290000005,4.821748596773665,1.699500108149853,2.4217485879896397,-0.8504998918501467
120.742734144,4.821435182631032,1.702443248564242,2.4214351738470072,-0.8475567514357578
120.78109952600005,4.821120742634617,1.7053862795549493,2.4211207338505925,-0.8446137204450506
120.88330642699998,4.820805276822623,1.7083292007644066,2.4208052680385976,-0.8416707992355932
120.92555695500005,4.820487304612818,1.7112865185944859,2.4204872958287926,-0.8387134814055139
120.95832130899998,4.8201665267372125,1.7142678979069121,2.4201665179531875,-0.8357321020930877
120.979797254,4.8198457123389655,1.7172492732895028,2.4198457035549406,-0.832750726710497
121.04079243600006,4.819524861418124,1.7202306447418105,2.419524852634099,-0.8297693552581893
121.16348536700002,4.819207028021735,1.7231851534799312,2.4192070192377098,-0.8268148465200686
121.18968069200002,4.8188940460336545,1.7261069548364776,2.4188940372496295,-0.8238930451635222
121.23729881600002,4.81858262098416,1.7290289225519933,2.4185826122001353,-0.8209710774480066
121.26706032700008,4.818272752961673,1.731951055796836,2.418272744177648,-0.8180489442031638
121.30883704200005,4.817964442054177,1.734873353741311,2.417964433270152,-0.8151266462586888
121.40461892999997,4.817657688349212,1.737795815555685,2.417657679565187,-0.8122041844443149
121.46146094900007,4.817348540245462,1.7407443505084192,2.4173485314614367,-0.8092556494915806
121.48790759000008,4.817038464376076,1.7436931151294206,2.4170384555920514,-0.8063068848705792
121.52781154399997,4.8167274946437235,1.7466417856197334,2.4167274858596985,-0.8033582143802664
121.57677404399999,4.816415631076977,1.7495903617083939,2.4164156222929516,-0.8004096382916059
121.700879848,4.8161028737044935,1.7525388431244513,2.4161028649204686,-0.7974611568755485
121.73362449500007,4.815787101808723,1.7555096765423543,2.4157870930246976,-0.7944903234576455
121.76856234700006,4.815470782431873,1.758483269660827,2.4154707736478485,-0.7915167303391728
121.80752878999999,4.815154214885436,1.7614568363695013,2.4151542061014113,-0.7885431636304985
121.86333074800007,4.814837399171617,1.7644303766476652,2.4148373903875924,-0.7855696233523346
121.97697100200003,4.814520335292623,1.7674038904746103,2.414520326508598,-0.7825961095253895
122.01698238799997,4.814203173119812,1.7703759476502603,2.414203164335787,-0.7796240523497395
122.05052352400003,4.813886470904888,1.7733398589023683,2.4138864621208627,-0.7766601410976315
122.07364779,4.813569275075469,1.7763037173688139,2.4135692662914443,-0.773696282631186
122.11994625099999,4.813251585640356,1.779267522967387,2.413251576856331,-0.7707324770326127
122.229521514,4.812933402608358,1.7822312756158833,2.4129333938243334,-0.7677687243841165
122.25750935200006,4.81261397666426,1.7852022984742417,2.4126139678802354,-0.7647977015257581
122.29468783599998,4.812293263950224,1.7881842886910748,2.412293255166199,-0.761815711308925
122.31681578200005,4.81197253022353,1.7911662766479255,2.411972521439505,-0.7588337233520743
122.35515458700002,4.8116517754841945,1.7941482623446434,2.4116517667001696,-0.7558517376553564
122.47683311900005,4.811330977738607,1.797130470860609,2.4113309689545823,-0.7528695291393908
122.50550489800003,4.81101014518086,1.8001130167998969,2.411010136396835,-0.7498869832001029
122.53040732199997,4.810689319026066,1.8030955634279426,2.410689310242041,-0.7469044365720572
122.55356638199999,4.810368499274225,1.8060781107447341,2.4103684904902,-0.7439218892552657
122.60878341900002,4.81004768592534,1.809060658750257,2.4100476771413146,-0.7409393412497429
122.71928697099997,4.809729145446619,1.8120238933750432,2.409729136662594,-0.7379761066249566
122.756857696,4.809411948175834,1.8149807530805993,2.4094119393918088,-0.7350192469194006
122.79085451100002,4.809095421684004,1.8179376846670419,2.4090954128999793,-0.732062315332958
122.81496090500002,4.8087795659874235,1.8208946879822012,2.4087795572033985,-0.7291053120177986
122.83679851600004,4.808464381102343,1.823851762873906,2.4084643723183183,-0.7261482371260939
122.93509461400004,4.808149867044986,1.8268089091899773,2.4081498582609613,-0.7231910908100225
122.97681229300008,4.807836278239121,1.8297638402648726,2.4078362694550957,-0.7202361597351272
123.007737238,4.807523843984618,1.8327154234895642,2.407523835200593,-0.7172845765104356
123.029840412,4.807212226440999,1.8356670930513843,2.407212217656974,-0.7143329069486155
123.08042448900005,4.80690142563212,1.8386188487243473,2.4069014168480947,-0.7113811512756525
123.18183568100005,4.806591441581778,1.8415706902824596,2.4065914327977533,-0.7084293097175403
123.20777911800008,4.806281469616016,1.8445300188132463,2.4062814608319907,-0.7054699811867535
123.239452787,4.805969908732363,1.8475076158142023,2.4059698999483383,-0.7024923841857975
123.26580342500006,4.8056585064849795,1.8504852294097947,2.4056584977009545,-0.6995147705902052
123.38287864699998,4.805347262874748,1.8534628595915703,2.405347254090723,-0.6965371404084295
123.42418582000005,4.8050380799561205,1.8564232600830983,2.4050380711720956,-0.6935767399169015
123.44818337700008,4.80473209103749,1.859362672410951,2.404732082253465,-0.6906373275890487
123.474835923,4.8044272409732685,1.8623022030690315,2.4044272321892435,-0.6876977969309683
123.51096931500001,4.804123529809215,1.8652418516160998,2.40412352102519,-0.6847581483839
123.64052594999998,4.8038209575909185,1.8681816176108974,2.4038209488068936,-0.6818183823891024
123.68162520600004,4.803517963813247,1.8711335861909006,2.4035179550292223,-0.6788664138090992
123.70919157600008,4.803213654441039,1.874093611186696,2.4032136456570137,-0.6759063888133039
123.73497229100008,4.802908719805097,1.8770535718346666,2.402908711021072,-0.6729464281653332
123.78109531200005,4.802603159919024,1.8800134680027374,2.4026031511349992,-0.6699865319972624
123.89268123400007,4.80229697479646,1.8829732995588324,2.4022969660124347,-0.6670267004411674
123.91750914900001,4.801988740058844,1.8859481425447435,2.401988731274819,-0.6640518574552563
123.96305607600004,4.801679617729985,1.8889313671435648,2.4016796089459604,-0.661068632856435
123.99278005000008,4.801370516149562,1.8919145938922708,2.4013705073655367,-0.658085406107729
124.01583713100001,4.801061435317584,1.8948978227907152,2.4010614265335586,-0.6551021772092847
124.14328097100008,4.800752375234069,1.897881053838755,2.400752366450044,-0.6521189461612449
124.16299236999998,4.800449121214212,1.9008122837833255,2.4004491124301874,-0.6491877162166744
124.19142075100001,4.8001514957040925,1.9037090274218305,2.4001514869200675,-0.6462909725781694
124.22051547900003,4.799856079697992,1.906605997224017,2.3998560709139674,-0.6433940027759828
124.25475222600005,4.799562873367767,1.9095031915045848,2.3995628645837423,-0.640496808495415
124.36098322099997,4.79927187688399,1.9124006085780956,2.3992718680999654,-0.6375993914219042
124.39715131900005,4.798983090415948,1.9152982467589792,2.3989830816319233,-0.6347017532410206
124.41668425500006,4.798694392265408,1.918210539040477,2.398694383481383,-0.6317894609595229
124.44815427700007,4.798403400091824,1.9211327586804505,2.398403391307799,-0.6288672413195493
124.49689731600006,4.7981108041313085,1.924054818172187,2.3981107953472836,-0.6259451818278128
124.603231446,4.797816059130194,1.9269822773092078,2.397816050346169,-0.623017722690792
124.62781659699999,4.797517723120062,1.9299344959454032,2.3975177143360367,-0.6200655040545966
124.66840629500007,4.797218549299218,1.9328866297966583,2.3972185405151927,-0.6171133702033416
124.70753966400002,4.796918537691756,1.9358386786252177,2.396918528907731,-0.6141613213747821
124.73910563200002,4.79661768832184,1.9387906421933245,2.396617679537815,-0.6112093578066753
124.866229223,4.796316001213697,1.9417425202632301,2.3963159924296717,-0.6082574797367697
124.89273315800006,4.796013476391629,1.9446943125971932,2.3960134676076037,-0.6053056874028067
124.91279598100004,4.795708725581463,1.9476613170398107,2.395708716797438,-0.6023386829601891
124.958468186,4.795402966689431,1.950639023462077,2.395402957905406,-0.5993609765379229
124.982312794,4.795097379068985,1.9536167474659925,2.3950973702849603,-0.5963832525340074
125.014036519,4.794791962721137,1.9565944890417055,2.3947919539371116,-0.5934055109582943
125.03515223,4.7944867176468975,1.9595722481793634,2.3944867088628725,-0.5904277518206364
125.17570714099998,4.794183876720336,1.9625257945988932,2.3941838679363108,-0.5874742054011066
125.21225254400008,4.7938815975910885,1.9654630922588632,2.3938815888070635,-0.5845369077411366
125.23659687200006,4.793578117205989,1.9684002660485982,2.393578108421964,-0.5815997339514016
125.26482457200007,4.793273435615794,1.9713373154768252,2.3932734268317692,-0.5786626845231746
125.30827310200004,4.79296755287147,1.974274240052291,2.3929675440874454,-0.5757257599477088
125.38610932900008,4.792660469024176,1.9772110392837643,2.3926604602401507,-0.5727889607162355
125.42563644799998,4.792353753765422,1.9801312609491817,2.392353744981397,-0.5698687390508181
125.45097515300006,4.792045881563876,1.9830458217155063,2.392045872779851,-0.5669541782844936
125.52938683499997,4.791736260861198,1.9859601972530012,2.3917362520771728,-0.5640398027469986
125.54896336299998,4.791424891768825,1.9888743865127085,2.3914248829848,-0.5611256134872913
125.64012183600005,4.7911117743988285,1.9917883884457352,2.3911117656148035,-0.5582116115542646
125.67067863400007,4.790798260077901,1.9946942511548142,2.390798251293876,-0.5553057488451856
125.69243838700004,4.790487267163175,1.9975922886644333,2.39048725837915,-0.5524077113355665
125.75490115499997,4.790178417349114,2.000490555352039,2.3901784085650895,-0.5495094446479607
125.80039147900004,4.789871710804602,2.0033890496328066,2.3898717020205766,-0.5466109503671932
125.84928774700006,4.789567147697353,2.006287769921795,2.389567138913328,-0.5437122300782047
125.88965230100007,4.789257770004386,2.009246741057689,2.3892577612203607,-0.5407532589423107
125.91497531300001,4.788946012109893,2.0122292083448534,2.388946003325868,-0.5377707916551464
125.98834868100005,4.788634287376493,2.0152116790981696,2.3886342785924684,-0.5347883209018303
126.00811672400005,4.788322595804227,2.0181941533172676,2.3883225870202023,-0.5318058466827322
126.09802871,4.788010937393134,2.0211766310017767,2.3880109286091087,-0.5288233689982231
126.12078189400006,4.787704993909311,2.0241101759035116,2.387704985125286,-0.5258898240964882
126.14879283800008,4.787401033913068,2.027038424114728,2.387401025129043,-0.5229615758852719
126.20492625200006,4.787098495588362,2.0299668195504377,2.387098486804337,-0.5200331804495621
126.245660639,4.786797379006504,2.0328953615204193,2.3867973702224794,-0.5171046384795805
126.325674198,4.786495948820148,2.0358402070343002,2.386495940036123,-0.5141597929656996
126.35766263400001,4.786191141896332,2.0388216501693615,2.3861911331123067,-0.5111783498306384
126.38176279200002,4.785886412915071,2.0418031012717957,2.3858864041310457,-0.5081968987282042
126.45919871900003,4.785581761876551,2.0447845603396453,2.385581753092526,-0.5052154396603545
126.54664901399997,4.785277188781015,2.0477660273707974,2.3852771799969896,-0.5022339726292024
126.57917026500002,4.784975823928569,2.050712540852471,2.384975815144544,-0.4992874591475287
126.62265672000001,4.784673972908452,2.053652778212866,2.3846739641244272,-0.49634722178713364
126.65395264100005,4.784370992828709,2.056592899442527,2.384370984044684,-0.49340710055747294
126.72239545900004,4.78406688373402,2.059532904107888,2.3840668749499954,-0.4904670958921118
126.81143019900003,4.783761645669228,2.0624727917754053,2.3837616368852026,-0.4875272082245945
126.83554126900003,4.783455278679345,2.0654125620115527,2.3834552698953204,-0.48458743798844717
126.86450478799998,4.783145407402951,2.068376860622344,2.3831453986189257,-0.481623139377656
126.89950915600002,4.782833476091629,2.071359805726303,2.3828334673076044,-0.47864019427369664
126.93416814700004,4.782521524365756,2.07434274869541,2.382521515581731,-0.47565725130459
127.02103234200001,4.782209552225347,2.0773256895295242,2.382209543441322,-0.4726743104704756
127.05292499100005,4.781897559670414,2.080308628228506,2.381897550886389,-0.46969137177149367
127.07210381499999,4.781585527907974,2.0832917645064057,2.381585519123949,-0.4667082354935941
127.11015057300006,4.781273476865494,2.086274949187584,2.3812734680814693,-0.4637250508124158
127.14393401699999,4.780961411889311,2.089258132411218,2.3809614031052857,-0.4607418675887818
127.23242526600006,4.780649332979431,2.0922413141772425,2.380649324195406,-0.45775868582275736
127.26963508900008,4.780337768140625,2.095219674966253,2.3803377593566,-0.454780325033747
127.29375598500008,4.780027429345353,2.0981891108814206,2.3800274205613277,-0.45181088911857925
127.320541026,4.77971746091194,2.101158585480137,2.3797174521279154,-0.4488414145198627
127.37369043600006,4.77940786284521,2.104128098716212,2.3794078540611854,-0.44587190128378795
127.47806910999998,4.779098635149982,2.1070976505434467,2.379098626365957,-0.44290234945655316
127.509635333,4.778789994103032,2.110064265792537,2.3787899853190067,-0.439935734207463
127.53460249099999,4.778481327965642,2.1130272146347564,2.3784813191816174,-0.4369727853652434
127.57124232800004,4.778172122144179,2.1159901072055316,2.378172113360154,-0.4340098927944682
127.61327995500005,4.777862376648906,2.118952943406563,2.3778623678648807,-0.431047056593437
127.69533415900003,4.777552091490092,2.1219157231395505,2.377552082706067,-0.42808427686044936
127.72183003300006,4.777240305902861,2.1248901383110392,2.377240297118836,-0.4251098616889606
127.747809792,4.776928482541637,2.1278666305822216,2.3769284737576117,-0.42213336941777824
127.78360938399999,4.776616845395919,2.1308431423558285,2.3766168366118943,-0.4191568576441713
127.81472796800006,4.776305394466926,2.1338196736202097,2.3763053856829006,-0.4161803263797901
127.90748235500007,4.77599412975588,2.1367962243637155,2.3759941209718547,-0.4132037756362843
127.96503042400002,4.775683512448492,2.139768041662665,2.3756835036644675,-0.41023195833733483
128.00071957199998,4.775373650542744,2.1427287352808704,2.3753736417587192,-0.40727126471912944
128.020905449,4.775063194996631,2.145689366709371,2.3750631862126057,-0.404310633290629
128.087043569,4.774752145822635,2.148649935829135,2.37475213703861,-0.40135006417086494
128.19558753399997,4.77444050303326,2.1516104425211333,2.3744404942492348,-0.3983895574788665
128.23612689700008,4.774127878691072,2.1545771899589115,2.374127869907047,-0.39542281004108837
128.27152802600006,4.7738153823126686,2.157546065578248,2.3738153735286436,-0.3924539344217517
128.29633004900006,4.773503264773377,2.1605149810487982,2.3735032559893523,-0.3894850189512016
128.34604856600004,4.7731915260782785,2.1634839363222107,2.3731915172942535,-0.3865160636777891
128.445425881,4.7728801662324525,2.1664529313501584,2.3728801574484275,-0.38354706864984145
128.474299106,4.77256790032545,2.1694329915358446,2.3725678915414252,-0.38056700846415525
128.50566362200004,4.772255331316759,2.172415809982684,2.3722553225327343,-0.3775841900173158
128.56112290200008,4.7719427403542545,2.175398626128905,2.3719427315702295,-0.3746013738710947
128.600560461,4.771630127437954,2.178381439974347,2.3716301186539286,-0.37161856002565274
128.698509232,4.771317492567874,2.1813642515188474,2.3713174837838493,-0.36863574848115244
128.73458947799998,4.77100538747713,2.1843410883291257,2.371005378693105,-0.36565891167087416
128.765961866,4.770693130733263,2.187317591850457,2.370693121949238,-0.362682408149543
128.794044707,4.770380689228658,2.190294075983253,2.3703806804446335,-0.3597059240167466
128.844151344,4.770068062964524,2.193270540716045,2.3700680541804986,-0.35672945928395494
128.94272795000006,4.769755251942065,2.196246986037367,2.3697552431580404,-0.35375301396263303
128.98008506300005,4.769444294921775,2.199206581950967,2.36944428613775,-0.35079341804903263
129.00816555699998,4.769134661134855,2.202160635399168,2.3691346523508297,-0.34783936460083176
129.05954552100002,4.768825789357129,2.2051147686192087,2.3688257805731037,-0.3448852313807911
129.092073357,4.768517679609149,2.2080689814145273,2.3685176708251237,-0.3419310185854725
129.204091231,4.768210331911412,2.2110232735885553,2.368210323127387,-0.3389767264114445
129.23615639800005,4.767903430545456,2.213980347898782,2.3679034217614308,-0.33601965210121776
129.274038216,4.76759722222962,2.2169374940554585,2.367597213445595,-0.33306250594454134
129.293542753,4.767291706980722,2.2198947118961536,2.367291698196697,-0.3301052881038462
129.35354011599998,4.766986884815546,2.2228520012584343,2.3669868760315214,-0.3271479987415655
129.47545709000008,4.766682755750833,2.2258093619798593,2.366682746966808,-0.3241906380201405
129.50444350400005,4.766379319803286,2.2287667938979894,2.366379311019261,-0.32123320610201045
129.54566525899997,4.766074278026992,2.2317427952331808,2.3660742692429673,-0.31825720476681907
129.57529178699997,4.765768945798063,2.2347197527903746,2.3657689370140385,-0.3152802472096252
129.60948822800003,4.765463421997974,2.237696690692806,2.365463413213949,-0.31230330930719363
129.737826091,4.765157706627992,2.240673608928149,2.365157697843967,-0.3093263910718509
129.766034428,4.764851715617832,2.243651393260793,2.364851706833807,-0.3063486067392067
129.79728750100003,4.764545507538062,2.246629751560801,2.3645454987540373,-0.3033702484391987
129.82541048500002,4.764239146073633,2.249608094087184,2.364239137289608,-0.3003919059128157
129.867737488,4.763932631225346,2.2525864208320385,2.3639326224413213,-0.2974135791679613
129.98750441800007,4.763625962994025,2.2555647317874685,2.36362595421,-0.2944352682125313
130.020937913,4.763319525096002,2.25853979179303,2.3633195163119773,-0.2914602082069697
130.05299282600004,4.763013760074261,2.261510918710542,2.3630137512902363,-0.2884890812894576
130.08244854600002,4.762708334463576,2.2644820805379733,2.362708325679551,-0.28551791946202654
130.124796887,4.762403248267923,2.2674532772365676,2.3624032394838976,-0.2825467227634322
130.2399911,4.7620985014912875,2.270424508767536,2.3620984927072626,-0.27957549123246395
130.26097292100008,4.761796057222395,2.273377854555758,2.36179604843837,-0.2766221454442417
130.30575990900002,4.761496202627371,2.276316638598136,2.361496193843346,-0.27368336140186367
130.330805027,4.761197518579881,2.2792555418401075,2.3611975097958564,-0.27074445815989234
130.361238297,4.760900005127313,2.2821945638154304,2.360899996343288,-0.2678054361845694
130.479936156,4.76060161461397,2.285152201809033,2.360601605829945,-0.2648477981909667
130.509950678,4.76030312091778,2.2881164096563604,2.360303112133755,-0.2618835903436394
130.53673907200005,4.760005161600032,2.2910806712665757,2.3600051528160066,-0.25891932873342416
130.561547958,4.7597077366704115,2.2940449865433408,2.3597077278863865,-0.25595501345665905
130.62211150300004,4.759410846138582,2.2970093553903186,2.3594108373545573,-0.25299064460968124
130.73247123600004,4.759114490014193,2.2999737777111706,2.359114481230168,-0.2500262222888292
130.77267853,4.758819442971852,2.302931006243431,2.358819434187827,-0.24706899375656866
130.80300138200005,4.758525825019346,2.3058823845012064,2.358525816235321,-0.2441176154987934
130.83071816100005,4.758233078092641,2.3088338492832094,2.3582330693086164,-0.24116615071679037
130.87698854899998,4.75794120221723,2.311785400332378,2.3579411934332053,-0.23821459966762193
131.00235954900006,4.757650266943603,2.3147361125282093,2.357650258159578,-0.2352638874717905
131.04090431200007,4.757359505295806,2.3176815620653435,2.3573594965117812,-0.23231843793465634
131.08085200900007,4.757067716605859,2.3206269100366606,2.3570677078218343,-0.22937308996333927
131.10167931,4.756774900909243,2.3235721560840266,2.3567748921252183,-0.22642784391597326
131.119734332,4.756481058241556,2.3265172998493395,2.3564810494575315,-0.2234827001506603
131.24982778100002,4.756186188638531,2.3294623409745068,2.356186179854506,-0.22053765902549305
131.28973764600005,4.755888231833824,2.3324300515721434,2.355888223049799,-0.21756994842785637
131.32629782000004,4.755589181993005,2.3354060649386326,2.35558917320898,-0.21459393506136726
131.36402107100002,4.755289900047203,2.3383820549725085,2.3552898912631783,-0.21161794502749132
131.48791876000007,4.754990385998237,2.34135802165567,2.3549903772142122,-0.20864197834432963
131.52524595600005,4.754690457515736,2.3443359007148934,2.3546904487317106,-0.20566409928510643
131.56525891399997,4.754390189690951,2.347315699701484,2.354390180906926,-0.20268430029851592
131.59037363100003,4.754089789886689,2.35029548538584,2.354089781102664,-0.19970451461415983
131.63569569700007,4.753789258103531,2.3532752577621134,2.353789249319506,-0.19672474223788639
131.74878207100005,4.753488594342071,2.3562550168244596,2.3534885855580456,-0.19374498317554023
131.78553090399998,4.753194894673579,2.3591730877839026,2.3531948858895544,-0.19082691221609727
131.81664175900005,4.752903300515123,2.362088086475692,2.352903291731098,-0.18791191352430792
131.85691716600002,4.752613486291326,2.3650032626696924,2.3526134775073007,-0.18499673733030741
131.88037682800007,4.752325452110237,2.367918615279055,2.352325443326212,-0.18208138472094504
131.99016097100002,4.752039198079243,2.3708341432168596,2.3520391892952177,-0.17916585678314023
132.04253570900005,4.751751253577188,2.3737803714289125,2.351751244793163,-0.1762196285710873
132.06154892799998,4.751461021458426,2.376746148816721,2.351461012674401,-0.17325385118327885
132.08738324400008,4.751170273853729,2.3797118757136357,2.351170265069704,-0.17028812428636408
132.11903159300005,4.750879010771881,2.3826775520300716,2.3508790019878556,-0.16732244796992823
132.26334519300008,4.750587232221679,2.3856431776764326,2.3505872234376537,-0.1643568223235672
132.287156838,4.750294938211939,2.388608752563126,2.3502949294279136,-0.16139124743687372
132.31106515500005,4.750002014770241,2.391575461490038,2.3500020059862163,-0.15842453850996163
132.34484869900007,4.749708211306287,2.3945468680727915,2.349708202522262,-0.15545313192720833
132.37832722100006,4.749414044647034,2.3975182387215064,2.3494140358630093,-0.15248176127849344
132.507087556,4.749119514796876,2.4004895733917917,2.3491195060128507,-0.14951042660820812
132.529349756,4.748824621760217,2.4034608720392523,2.3488246129761916,-0.14653912796074753
132.561095024,4.748529505405222,2.4064306899498784,2.348529496621197,-0.1435693100501214
132.58935578700004,4.748234474005472,2.409394681987997,2.3482344652214473,-0.14060531801200282
132.625955373,4.747938893899775,2.41235861935744,2.34793888511575,-0.13764138064256004
132.75305131900006,4.747642765098262,2.4153225019566307,2.347642756314237,-0.13467749804336915
132.79769274600005,4.747345057015377,2.4182980833597414,2.3473450482313516,-0.13170191664025843
132.82132947800005,4.747047056097304,2.421274259496601,2.347047047313279,-0.1287257405033988
132.86482627200007,4.746748824538681,2.4242504125306747,2.346748815754656,-0.12574958746932507
132.89210847900006,4.746450362341301,2.4272265424440875,2.3464503535572763,-0.12277345755591229
133.01320746600004,4.746151669506952,2.4302026492189706,2.3461516607229274,-0.11979735078102927
133.05649230799997,4.74585275754136,2.4331786175964885,2.3458527487573346,-0.11682138240351136
133.093698475,4.745553802270353,2.4361523700799417,2.3455537934863284,-0.11384762992005815
133.11286556100004,4.745254556850927,2.439126093380093,2.3452545480669023,-0.11087390661990693
133.13640159300007,4.744955021285928,2.442099787468632,2.3449550125019027,-0.10790021253136794
133.175314328,4.744655195578207,2.4450734523172475,2.344655186794182,-0.10492654768275234
133.208805752,4.744355079730618,2.448047087897633,2.3443550709465932,-0.10195291210236679
133.30582675100004,4.7440547733251615,2.45101969604137,2.3440547645411365,-0.09898030395862989
133.34700433400008,4.7437549318322985,2.453983277316427,2.3437549230482735,-0.09601672268357264
133.37792819800006,4.743454543548669,2.456946803218753,2.343454534764644,-0.09305319678124668
133.40308035099997,4.7431536084844925,2.459910273647465,2.3431535997004675,-0.09008972635253487
133.44741031400008,4.7428521266500185,2.46287368850168,2.3428521178659936,-0.08712631149831962
133.56687190399998,4.742550388649428,2.465833961275384,2.342550379865403,-0.0841660387246157
133.585894349,4.742248192421438,2.4687921099161834,2.342248183637413,-0.08120789008381646
133.61667890600006,4.7419453179501785,2.471750189190972,2.3419453091661535,-0.07824981080902793
133.68860767700005,4.741641765251577,2.474708198944243,2.3416417564675522,-0.07529180105575684
133.72390346600002,4.741337534341589,2.4776661390204926,2.3413375255575644,-0.07233386097950723
133.80482340499998,4.741032578324702,2.4806244787817144,2.3410325695406766,-0.06937552121828539
133.84810424,4.740726833382934,2.483584160207268,2.340726824598909,-0.06641583979273191
133.875890572,4.7404204582586225,2.4865437764650595,2.3404204494745975,-0.06345622353494029
133.93881188299997,4.740113452965656,2.48950332742091,2.340113444181631,-0.06049667257908986
133.963187716,4.739805817517952,2.4924628129406416,2.3398058087339266,-0.057537187059358175
134.05778465800006,4.7394971488939595,2.4954262506559144,2.3394971401099345,-0.05457374934408543
134.10020313400003,4.7391871332758635,2.4983990207864406,2.3391871244918385,-0.05160097921355922
134.13561966200007,4.738876831457739,2.5013717610566433,2.3388768226737144,-0.04862823894335655
134.19472289700002,4.738566243442468,2.504344471438969,2.3385662346584426,-0.045655528561030945
134.22080863899998,4.738255369232929,2.5073171519058643,2.3382553604489043,-0.04268284809413547
134.31850765600007,4.73794627354571,2.5102712152470876,2.3379462647616847,-0.039728784752912194
134.35533265200002,4.737642021643231,2.51319086484675,2.3376420128592064,-0.036809135153249795
134.39338611200003,4.737339402893943,2.5161106841729155,2.3373393941099176,-0.03388931582708432
134.472020874,4.73703841739252,2.519030672312071,2.3370384086084948,-0.030969327687929038
134.49091221499998,4.736739065233134,2.5219508283506316,2.3367390564491086,-0.028049171649368265
134.58873029200004,4.7364413465094435,2.524871151374963,2.3364413377254185,-0.025128848625036948
134.62909524500003,4.736143146248427,2.5278103596332344,2.336143137464402,-0.022189640366765406
134.65821103100006,4.735842108960563,2.5307758272419076,2.335842100176538,-0.019224172758092184
134.70437343599997,4.735540575864786,2.5337412444771052,2.3355405670807614,-0.016258755522894575
134.78410631100007,4.735238546969518,2.5367066112559513,2.3352385381854934,-0.013293388744048507
134.83662185800006,4.734936124128219,2.5396738773931906,2.334936115344194,-0.010326122606809207
134.85904730100003,4.73463406791497,2.5426416657420403,2.3346340591309453,-0.007358334257959509
134.88712883000005,4.734332445869497,2.545609498247627,2.334332437085472,-0.004390501752372877
134.94995872200002,4.734031257998251,2.548577374846433,2.334031249214226,-0.0014226251535669476
135.04246383200007,4.733730504307681,2.551545295474943,2.3337304955236564,0.001545295474943309
135.073634727,4.733429483990443,2.5545188195218933,2.3334294752064184,0.00451881952189348
135.113659795,4.7331279864671805,2.557495327003937,2.3331279776831555,0.007495327003937291
135.136034354,4.732826275820417,2.5604718128904835,2.3328262670363924,0.010471812890483712
135.18926585100007,4.732524352051693,2.563448277166277,2.3325243432676683,0.01344827716627739
135.27456934400004,4.73222221516256,2.566424719816057,2.332222206378535,0.0164247198160572
135.31958738499998,4.731919644205233,2.569403531777594,2.3319196354212077,0.01940353177759402
135.348115129,4.731616718764309,2.572385927825906,2.3316167099802843,0.022385927825906204
135.38554364000004,4.731313851717499,2.575368329804797,2.3313138429334743,0.025368329804797085
135.43476660400006,4.731011043064915,2.5783507377131265,2.33101103428089,0.028350737713126684
135.524112673,4.730708292806673,2.581333151549749,2.330708284022648,0.03133315154974925
135.568867599,4.7304058925416985,2.5843124879606947,2.3304058837576735,0.03431248796069486
135.598868166,4.730103859568079,2.587286080449929,2.3301038507840537,0.037286080449929315
135.626196586,4.729801540333662,2.590259643849236,2.3298015315496374,0.04025964384923597
135.688749434,4.729498934841255,2.593233178131056,2.3294989260572296,0.04323317813105598
135.79540778199998,4.729196043093657,2.5962066832678317,2.3291960343096316,0.04620668326783184
135.846687222,4.728893204018806,2.599178792051231,2.3288931952347807,0.04917879205123121
135.88161795400003,4.728590718934507,2.602150586455851,2.328590710150482,0.05215058645585113
135.90332866000006,4.72828856483637,2.605122414531384,2.3282885560523447,0.05512241453138422
135.97290536600008,4.727986741728148,2.6080942762409682,2.327986732944123,0.05809427624096841
136.06999680900003,4.727685249613578,2.6110661715477383,2.327685240829553,0.061066171547738524
136.09901719200002,4.727384088496406,2.6140381004148305,2.3273840797123806,0.06403810041483071
136.128847113,4.72708284018021,2.6170110171399323,2.327082831396185,0.06701101713993252
136.15855214400005,4.726781286305576,2.61998390288668,2.3267812775215506,0.06998390288668022
136.19944114400005,4.726479426875682,2.6229567576236477,2.326479418091657,0.07295675762364784
136.32576950700002,4.726177203528801,2.625930158989111,2.326177194744776,0.07593015898911126
136.34883341800003,4.725873722755941,2.628914520983029,2.3258737139719163,0.07891452098302931
136.37764262200005,4.725570235590374,2.631898882326864,2.325570226806349,0.08189888232686426
136.41187526400006,4.725266742032098,2.6348832430206004,2.3252667332480734,0.08488324302060057
136.47104052999998,4.724963242081117,2.6378676030642274,2.3249632332970918,0.08786760306422758
136.57099400599998,4.724659735737432,2.6408519624577282,2.324659726953407,0.09085196245772842
136.59762167000008,4.7243562230010445,2.6438363212010936,2.3243562142170195,0.09383632120109375
136.62419382100006,4.7240528502333845,2.6468190393811564,2.3240528414493595,0.09681903938115655
136.665312524,4.723749435103856,2.649801666157425,2.323749426319831,0.09980166615742503
136.72241292800004,4.723445968789511,2.6527842877263472,2.3234459600054858,0.1027842877263474
136.84424445500008,4.723142451290436,2.655766904087044,2.3231424425064113,0.10576690408704437
136.881787185,4.722842024885275,2.658722391992358,2.32284201610125,0.10872239199235834
136.91007072800005,4.722542529396773,2.6616765300686684,2.3225425206127484,0.11167653006866862
136.94873273999997,4.72224382040422,2.664630747775491,2.322243811620195,0.11463074777549132
136.98509141600005,4.7219458979287845,2.667585044903434,2.3219458891447595,0.11758504490343435
137.08105385800002,4.721648761991583,2.6705394212430984,2.321648753207558,0.12053942124309858
137.11818809400006,4.721351860363832,2.673499219933011,2.321351851579807,0.12349921993301116
137.143468461,4.721052811944915,2.6764826960279873,2.32105280316089,0.12648269602798745
137.17142212700003,4.720753722832126,2.6794661680437404,2.320753714048101,0.12946616804374056
137.22789267500002,4.720454593025525,2.6824496359797134,2.3204545842415,0.1324496359797136
137.31907649599998,4.720155422525165,2.6854330998353495,2.32015541374114,0.13543309983534968
137.34471930799998,4.719856211331105,2.688416559610094,2.3198562025470797,0.13841655961009414
137.388027415,4.719556967314976,2.691400181918664,2.3195569585309515,0.1414001819186641
137.42021818500007,4.7192577530243,2.694383848664785,2.3192577442402746,0.14438384866478504
137.45575665299998,4.718958574096906,2.697367518957069,2.318958565312881,0.14736751895706934
137.561482081,4.7186594682182825,2.7003508217502903,2.3186594594342576,0.15035082175029046
137.59012929200003,4.71836078982413,2.7033307939931692,2.3183607810401052,0.1533307939931694
137.62417404300004,4.71806224307027,2.706310779427231,2.3180622342862454,0.15631077942723115
137.66502722000007,4.7177638279572705,2.7092907780466606,2.3177638191732455,0.1592907780466608
137.70007601700001,4.717465544485728,2.7122707898456415,2.3174655357017033,0.1622707898456417
137.80918626200003,4.717167845278817,2.715246376391725,2.3171678364947916,0.16524637639172512
137.85657877100004,4.716873279140758,2.718196868626771,2.316873270356733,0.16819686862677097
137.88548881500003,4.716579603907925,2.721147449670632,2.3165795951239,0.17114744967063222
137.91805418500007,4.716286819607094,2.724098119254296,2.3162868108230694,0.17409811925429608
137.95895051399998,4.715994926264962,2.7270488771087456,2.315994917480937,0.17704887710874573
138.07082584500006,4.715702877232007,2.730009684062035,2.3157028684479823,0.1800096840620351
138.10834567300003,4.7154102898193475,2.7329805057261107,2.3154102810353225,0.1829805057261109
138.138431879,4.715118083597041,2.7359513649078018,2.315118074813016,0.18595136490780195
138.16378742400002,4.714826258569901,2.7389222615581974,2.314826249785876,0.18892226155819758
138.21363489400005,4.714534814742734,2.741893195628383,2.314534805958709,0.19189319562838314
138.30904172200007,4.714245064362109,2.744850063853876,2.3142450555780845,0.19485006385387615
138.332633365,4.713958265512564,2.7477645255965664,2.313958256728539,0.19776452559656654
138.3778691,4.713669661710284,2.750678809157747,2.3136696529262593,0.20067880915774738
138.40307869100002,4.7133792530659715,2.753592913419604,2.3133792442819465,0.2035929134196044
138.43289166600005,4.713087039691009,2.756506837264381,2.3130870309069844,0.20650683726438102
138.54768859299998,4.712793021697487,2.75942057957439,2.312793012913462,0.20942057957438998
138.58046420300002,4.712493157699136,2.762379422662701,2.312493148915111,0.21237942266270116
138.603477483,4.712192047006235,2.7653457933882555,2.3121920382222103,0.21534579338825566
138.62849039000002,4.711890463643726,2.768312116095966,2.3118904548597015,0.21831211609596624
138.67531780800005,4.71158840761927,2.7712783907105116,2.311588398835245,0.2212783907105118
138.78747871400003,4.711285878940529,2.774244617156578,2.3112858701565044,0.2242446171565784
138.825545885,4.710983041038658,2.7772090635352757,2.3109830322546334,0.22720906353527592
138.85271510799998,4.710679780252308,2.7801723009847907,2.310679771468283,0.2301723009847909
138.87740018500006,4.710375972843832,2.7831354824414856,2.310375964059807,0.23313548244148574
138.91735740900003,4.7100716188235685,2.7860986078045253,2.3100716100395435,0.23609860780452552
139.03094323300002,4.709766718201874,2.7890616769730805,2.309766709417849,0.23906167697308067
139.05572670900006,4.709460800759072,2.7920294341928327,2.3094607919750474,0.24202943419283285
139.09886772699997,4.709153303429949,2.795011407008401,2.3091532946459243,0.24501140700840107
139.123109033,4.708845863338038,2.7979933857256425,2.3088458545540127,0.24799338572564267
139.15382457500004,4.7085384804834485,2.800975370343461,2.3085384716994235,0.2509753703434612
139.29320121400008,4.708233052120039,2.8039372313407407,2.308233043336014,0.25393723134074087
139.31135550300007,4.707928165931669,2.8068855980094236,2.307928157147644,0.2568855980094238
139.35069619,4.707622362133543,2.8098338696451286,2.3076223533495184,0.2598338696451288
139.38507952200007,4.707315640755285,2.8127820459622734,2.3073156319712598,0.2627820459622736
139.409240597,4.707008001826601,2.8157301266752817,2.307007993042576,0.26573012667528184
139.53173419000007,4.706698630211482,2.818686523248306,2.3066986214274574,0.2686865232483062
139.54850802200008,4.706388083416819,2.8216484614858315,2.306388074632794,0.27164846148583166
139.57506523100005,4.706076976338872,2.8246103409264287,2.3060769675548474,0.2746103409264289
139.61880800200004,4.705765308988772,2.827572161464118,2.305765300204747,0.27757216146411823
139.724941285,4.705453081377675,2.830533922992915,2.3054530725936497,0.28053392299291513
139.74895367700003,4.70514029351675,2.8334956254068393,2.3051402847327247,0.2834956254068395
139.78334916300003,4.704835140082261,2.836392021892134,2.3048351312982356,0.2863920218921341
139.82376778399998,4.704532629385431,2.839285216407907,2.3045326206014063,0.28928521640790716
139.847228975,4.704232401381821,2.842178648690445,2.3042323925977963,0.2921786486904452
139.95684128000005,4.703934456258306,2.845072316938732,2.303934447474281,0.29507231693873237
139.99336527100002,4.703632769845112,2.848018797353295,2.303632761061087,0.2980187973532953
140.02023339900006,4.703330838025952,2.8509749422883406,2.303330829241927,0.30097494228834076
140.06492809200006,4.703029635765182,2.853931161647339,2.3030296269811568,0.303931161647339
140.07991359800008,4.702729163081145,2.856887455250243,2.3027291542971198,0.30688745525024297
140.22142308700006,4.702429419992144,2.8598438229169942,2.3024294112081187,0.3098438229169944
140.25413397,4.702130406516434,2.8628002644675346,2.3021303977324092,0.3128002644675347
140.29654592300005,4.701829568295191,2.8657781102268,2.3018295595111664,0.3157781102268
140.33121085699997,4.701528455282202,2.8687572101800374,2.301528446498177,0.31875721018003755
140.36348996900006,4.701227194554883,2.8717362951993284,2.3012271857708577,0.32173629519932856
140.485154707,4.700925786113977,2.8747153652773454,2.3009257773299523,0.32471536527734557
140.52126580800007,4.700624450694115,2.877692073240556,2.3006244419100903,0.32769207324055616
140.54860557899997,4.700323062684192,2.8806668371785085,2.300323053900167,0.33066683717850864
140.58049479400006,4.700021416669486,2.8836415749654294,2.300021407885461,0.33364157496542957
140.62199660700003,4.699719512652271,2.8866162865789344,2.299719503868246,0.3366162865789346
140.76163857200004,4.699417350634818,2.889590971996642,2.2994173418507926,0.3395909719966421
140.79751070600003,4.6991149306194,2.892565631196166,2.299114921835375,0.342565631196166
140.825654408,4.69881215732965,2.8955427794928084,2.298812148545625,0.34554277949280854
140.84967510800004,4.698509516213383,2.8985203868181886,2.298509507429358,0.34852038681818875
140.90194912599998,4.69820705708412,2.901498012634932,2.2982070483000947,0.3514980126349321
141.00420174400006,4.6979054320833145,2.9044693914445685,2.2979054232992895,0.3544693914445687
141.03286608999997,4.697607079046732,2.9074157755460805,2.2976070702627074,0.3574157755460807
141.05998573,4.697309710380136,2.9103622591595077,2.297309701596111,0.3603622591595079
141.09507350800004,4.697013326116717,2.91330884195598,2.297013317332692,0.36330884195598
141.12066912700004,4.696717926289559,2.9162555236066137,2.2967179175055343,0.36625552360661384
141.25582476600005,4.6964238163663605,2.9191993197267534,2.2964238075823356,0.36919931972675357
141.28361453700006,4.696132138360406,2.9221313002593092,2.2961321295763812,0.3721313002593094
141.30811917699998,4.695841821038397,2.925063415835984,2.295841812254372,0.37506341583598424
141.33691318900003,4.69555286446285,2.9279956658253075,2.295552855678825,0.37799566582530764
141.36614538900005,4.695265268696002,2.9309280495957806,2.2952652599119774,0.38092804959578075
141.392089006,4.69497903379979,2.933860566515874,2.2949790250157647,0.3838605665158741
141.43267224600004,4.694694159835854,2.9367932159540286,2.294694151051829,0.3867932159540288
141.529423242,4.694408818755449,2.9397436877134377,2.2944088099714244,0.3897436877134379
141.56651756200006,4.6941206030531335,2.942725524987713,2.2941205942691085,0.3927255249877133
141.602870004,4.693832277104896,2.9457073516039416,2.293832268320871,0.39570735160394177
141.62785429500002,4.693543840911136,2.9486891675579843,2.2935438321271113,0.39868916755798445
141.65718864200005,4.693255294472252,2.951670972845772,2.2932552856882267,0.40167097284577213
141.77467111500005,4.692966992770979,2.954649677834713,2.2929669839869544,0.4046496778347133
141.793687922,4.692679154998417,2.957625871728168,2.292679146214392,0.4076258717281682
141.81764200200007,4.692391573090418,2.960602090356049,2.2923915643063935,0.4106020903560492
141.88117554899998,4.6921042470491106,2.9635783336963613,2.2921042382650856,0.41357833369636143
141.92008890400007,4.691817176876616,2.9665546017271036,2.291817168092591,0.4165546017271038
141.98438636100002,4.691530362575059,2.9695308944262813,2.291530353791034,0.41953089442628144
142.020582526,4.69124391345167,2.972504726225013,2.291243904667645,0.422504726225013
142.05823082200004,4.690957275899616,2.975477195813293,2.290957267115591,0.425477195813293
142.13624125600006,4.690670284335136,2.978449631242612,2.290670275551111,0.42844963124261204
142.157460151,4.690382938762298,2.9814220324707885,2.2903829299782728,0.4314220324707887
142.239462066,4.690095239185177,2.984394399455675,2.290095230401152,0.4343943994556754
142.258208943,4.689807192143487,2.9873673730041856,2.289807183359462,0.4373673730041858
142.30146450799998,4.689519286052842,2.99034114268379,2.2895192772688167,0.4403411426837902
142.35345833600002,4.689231697637333,2.9933149431020336,2.289231688853308,0.4433149431020338
142.38708250900004,4.688944426900241,2.996288774225009,2.2889444181162157,0.446288774225009
142.486035508,4.688660061375131,2.999232634103344,2.2886600525911063,0.44923263410334435
142.50906896000004,4.688376569226296,3.002151826406642,2.2883765604422712,0.452151826406642
142.54085448,4.688091380161913,3.005070853419135,2.2880913713778877,0.455070853419135
142.60443489400006,4.687804494278354,3.0079897141544096,2.287804485494329,0.4579897141544098
142.628866647,4.687515911672567,3.010908407626108,2.287515902888542,0.4609084076261083
142.70990699100003,4.687224855857991,3.0138351468344693,2.2872248470739662,0.46383514683446947
142.73654674600004,4.68692912455579,3.0168058939734057,2.286929115771765,0.4668058939734059
142.78122506700004,4.686633768367884,3.019776678430236,2.2866337595838586,0.46977667843023596
142.83676637200006,4.686338787298984,3.0227475001575885,2.2863387785149594,0.4727475001575887
142.92174898000007,4.686044181353796,3.0257183591080845,2.286044172569771,0.4757183591080847
142.975277818,4.685751007395063,3.0286790465775764,2.285750998611038,0.47867904657757654
143.00583640499997,4.6854606734576025,3.0316208618176894,2.2854606646735776,0.4816208618176896
143.03503699600003,4.685171458615749,3.034562787288781,2.2851714498317244,0.4845627872887812
143.10649276800007,4.684883362911356,3.037504822565137,2.2848833541273312,0.4875048225651373
143.20238674100005,4.684596386386111,3.040446967221023,2.2845963776020857,0.4904469672210232
143.23553897700003,4.684310529081545,3.0433892208306967,2.28431052029752,0.4933892208306969
143.25975980300007,4.684024936177785,3.0463400648811474,2.28402492739376,0.49634006488114757
143.298050729,4.683737809310908,3.049312435673469,2.283737800526883,0.49931243567346906
143.35394220800003,4.683451037771096,3.0522848407684515,2.2834510289870713,0.5022848407684517
143.45287608700005,4.683164634534239,3.055257135139118,2.283164625750214,0.505257135139118
143.49350679200006,4.682878420842177,3.0582266693167797,2.282878412058152,0.5082266693167798
143.52570532200002,4.682591777244507,3.0611961620272727,2.2825917684604824,0.5111961620272729
143.57408872899998,4.682304703747237,3.0641656132083694,2.2823046949632118,0.5141656132083696
143.61772186000007,4.682017200356373,3.067135022797833,2.2820171915723484,0.5171350227978331
143.70605116900003,4.681729267077949,3.070104390733426,2.281729258293924,0.520104390733426
143.75773541400008,4.681440903917998,3.0730737169529134,2.2814408951339726,0.5230737169529136
143.79128416800006,4.681158121386276,3.075972447459182,2.281158112602251,0.525972447459182
143.82950881600004,4.680873412655056,3.078867244915394,2.280873403871031,0.5288672449153942
143.90267086699998,4.680586415078409,3.0817618163456957,2.280586406294384,0.5317618163456959
143.99149874199998,4.680297128835771,3.0846561599403546,2.280297120051746,0.5346561599403548
144.019280547,4.680004741448189,3.0875590518875535,2.2800047326641644,0.5375590518875537
144.06129680200002,4.679709901284816,3.0904664667912427,2.2797098925007906,0.5404664667912429
144.10157382400007,4.679413104004202,3.0933736825586653,2.279413095220177,0.5433736825586655
144.14894901700006,4.679114349740842,3.096280697872395,2.279114340956817,0.5462806978723953
144.25316931100008,4.678813638630122,3.0991875114150944,2.278813629846097,0.5491875114150946
144.28544064000005,4.678507314717423,3.1021395150739584,2.2785073059333985,0.5521395150739585
144.315299191,4.678200818266645,3.105099173715251,2.27820080948262,0.5550991737152513
144.35306456600006,4.677894950605531,3.108058897405267,2.2778949418215064,0.5580588974052674
144.406143897,4.6775897117478875,3.1110186860104134,2.2775897029638625,0.5610186860104136
144.49967542800005,4.677285101707496,3.113978539397096,2.277285092923471,0.563978539397096
144.54082645900007,4.676985418024443,3.1168837408050254,2.276985409240418,0.5668837408050256
144.56158126900004,4.676683735684089,3.1197887353482123,2.2766837269000644,0.5697887353482125
144.59836166900004,4.676380054829225,3.122693521651683,2.2763800460451997,0.5726935216516833
144.65692068200008,4.676074375603586,3.12559809834054,2.2760743668195613,0.57559809834054
144.766213106,4.675766698151857,3.1285024640399874,2.2757666893678317,0.5785024640399876
144.800593488,4.675488080082318,3.131116211637534,2.2754880712982932,0.5811162116375344
144.84860369900002,4.675488080082311,3.131116211637604,2.275488071298286,0.5811162116376041
144.873500788,4.675488080082311,3.131116211637622,2.275488071298286,0.5811162116376223
144.913024833,4.675488080082311,3.1311162116376368,2.275488071298286,0.5811162116376369
145.00497538399998,4.675488080082311,3.131116211637653,2.275488071298286,0.5811162116376534
145.04892193900002,4.675488080082311,3.1311162116376727,2.275488071298286,0.5811162116376729
145.06919032999997,4.675488080082311,3.131116211637688,2.275488071298286,0.581116211637688
145.10505658400007,4.675488080082311,3.131116211637706,2.275488071298286,0.5811162116377062
145.15932014700002,4.675488080082311,3.131116211637725,2.275488071298286,0.5811162116377253
145.266384603,4.675488080082311,3.1311162116377442,2.275488071298286,0.5811162116377444
145.30084455000008,4.675488080082311,3.13111621163775,2.275488071298286,0.5811162116377502
145.34092610000005,4.675488080082311,3.1311162116377527,2.275488071298286,0.5811162116377528
145.38359813300008,4.675488080082311,3.1311162116377624,2.275488071298286,0.5811162116377626
145.41848764300005,4.675488080082311,3.1311162116377713,2.275488071298286,0.5811162116377715
145.525088139,4.675488080082311,3.131116211637771,2.275488071298286,0.581116211637771
145.56565381300004,4.675488080082311,3.131116211637761,2.275488071298286,0.5811162116377613
145.59373147300005,4.675488080082311,3.1311162116377522,2.275488071298286,0.5811162116377524
145.64137221700003,4.675488080082311,3.131116211637749,2.275488071298286,0.5811162116377493
145.689557552,4.675488080082311,3.1311162116377487,2.275488071298286,0.5811162116377488
145.77852083599998,4.675488080082311,3.131116211637749,2.275488071298286,0.5811162116377493
145.82487407000008,4.675488080082311,3.131116211637749,2.275488071298286,0.5811162116377493
145.86147652900002,4.675488080082311,3.1311162116377487,2.275488071298286,0.5811162116377488
145.89765175399998,4.675488080082311,3.131116211637749,2.275488071298286,0.5811162116377493
145.96682763900003,4.675488080082311,3.131116211637749,2.275488071298286,0.5811162116377493
146.07293151600004,4.675488080082311,3.1311162116377487,2.275488071298286,0.5811162116377488
146.10897431800004,4.675488080082311,3.131116211637749,2.275488071298286,0.5811162116377493
146.13943594400007,4.675488080082311,3.1311162116377487,2.275488071298286,0.5811162116377488
146.181146722,4.675488080082311,3.1311162116377487,2.275488071298286,0.5811162116377488
146.24524253000004,4.675488080082311,3.131116211637749,2.275488071298286,0.5811162116377493
146.364409218,4.675488080082311,3.1311162116377487,2.275488071298286,0.5811162116377488
146.39306118800005,4.675488080082311,3.1311162116377487,2.275488071298286,0.5811162116377488
146.44062057600001,4.675488080082311,3.131116211637749,2.275488071298286,0.5811162116377493
146.47268921800003,4.675488080082311,3.1311162116377487,2.275488071298286,0.5811162116377488
146.53841789800003,4.675488080082311,3.131116211637749,2.275488071298286,0.5811162116377493
146.65534661200002,4.675488080082311,3.131116211637749,2.275488071298286,0.5811162116377493
146.70295535600007,4.675488080082311,3.1311162116377487,2.275488071298286,0.5811162116377488
146.73356800199997,4.675488080082311,3.131116211637749,2.275488071298286,0.5811162116377493
146.78513562800003,4.675488080082311,3.1311162116377487,2.275488071298286,0.5811162116377488
146.83196440799998,4.675488080082311,3.1311162116377487,2.275488071298286,0.5811162116377488
146.94438225199997,4.675488080082311,3.131116211637749,2.275488071298286,0.5811162116377493
146.98907140300003,4.675488080082311,3.1311162116377487,2.275488071298286,0.5811162116377488
147.01816845300004,4.675488080082311,3.1311162116377487,2.275488071298286,0.5811162116377488
147.04691756800003,4.675488080082311,3.131116211637749,2.275488071298286,0.5811162116377493
147.11080883700004,4.675488080082311,3.1311162116377487,2.275488071298286,0.5811162116377488
147.22633595900004,4.675488080082311,3.131116211637749,2.275488071298286,0.5811162116377493
147.26404427500006,4.675488080082311,3.131116211637749,2.275488071298286,0.5811162116377493
147.296049336,4.675488080082311,3.1311162116377487,2.275488071298286,0.5811162116377488
147.33614232000002,4.675488080082311,3.131116211637749,2.275488071298286,0.5811162116377493
147.397387494,4.675488080082311,3.131116211637749,2.275488071298286,0.5811162116377493
147.50209082700007,4.675488080082311,3.1311162116377487,2.275488071298286,0.5811162116377488
147.54885529700005,4.675488080082311,3.131116211637749,2.275488071298286,0.5811162116377493
147.59419728800003,4.675488080082311,3.1311162116377487,2.275488071298286,0.5811162116377488
147.62047074300006,4.675488080082311,3.1311162116377487,2.275488071298286,0.5811162116377488
147.68082841299997,4.675488080082311,3.131116211637749,2.275488071298286,0.5811162116377493
147.80826939500002,4.675488080082311,3.1311162116377487,2.275488071298286,0.5811162116377488
147.85935506600003,4.675488080082311,3.1311162116377487,2.275488071298286,0.5811162116377488
147.897604257,4.675488080082311,3.131116211637749,2.275488071298286,0.5811162116377493
147.92054906200008,4.675488080082311,3.1311162116377487,2.275488071298286,0.5811162116377488
147.97922103100007,4.675488080082311,3.131116211637749,2.275488071298286,0.5811162116377493
148.09216158000004,4.675488080082311,3.131116211637749,2.275488071298286,0.5811162116377493
148.13441837200003,4.675488080082311,3.1311162116377487,2.275488071298286,0.5811162116377488
148.16809419000003,4.675488080082311,3.131116211637749,2.275488071298286,0.5811162116377493
148.192818804,4.675488080082311,3.1311162116377487,2.275488071298286,0.5811162116377488
148.32189036800003,4.675488080082311,3.1311162116377487,2.275488071298286,0.5811162116377488
148.34645050300003,4.675488080082311,3.131116211637749,2.275488071298286,0.5811162116377493
148.38334129400005,4.675488080082311,3.1311162116377487,2.275488071298286,0.5811162116377488
148.43798206400004,4.675488080082311,3.1311162116377487,2.275488071298286,0.5811162116377488
148.45730169900003,4.675488080082311,3.131116211637749,2.275488071298286,0.5811162116377493
148.624838856,4.675488080082311,3.1311162116377487,2.275488071298286,0.5811162116377488
148.643940435,4.675488080082311,3.131116211637749,2.275488071298286,0.5811162116377493
148.69693997399997,4.675488080082311,3.131116211637749,2.275488071298286,0.5811162116377493
148.718066206,4.675488080082311,3.1311162116377487,2.275488071298286,0.5811162116377488
148.75695894700004,4.675488080082311,3.131116211637749,2.275488071298286,0.5811162116377493
148.91184552800007,4.675488080082311,3.1311162116377487,2.275488071298286,0.5811162116377488
148.95916218700006,4.675488080082312,3.1311162116377482,2.275488071298287,0.5811162116377484
148.99379978600007,4.675488080082312,3.1311162116377482,2.275488071298287,0.5811162116377484
149.01669168700005,4.675488080082312,3.1311162116377482,2.275488071298287,0.5811162116377484
149.05171147800002,4.675488080082312,3.1311162116377482,2.275488071298287,0.5811162116377484
149.20368181700007,4.675488080082312,3.1311162116377482,2.275488071298287,0.5811162116377484
149.23051926100004,4.675488080082312,3.1311162116377482,2.275488071298287,0.5811162116377484
149.27683332200002,4.675488080082312,3.1311162116377482,2.275488071298287,0.5811162116377484
149.30391580700007,4.675488080082313,3.131116211637748,2.275488071298288,0.581116211637748
149.33518313600007,4.675488080082313,3.131116211637748,2.275488071298288,0.581116211637748
149.47409586499998,4.675488080082313,3.131116211637748,2.275488071298288,0.581116211637748
149.49751808500002,4.675488080082313,3.131116211637748,2.275488071298288,0.581116211637748
149.54839602900006,4.675488080082313,3.131116211637748,2.275488071298288,0.581116211637748
149.57485836900003,4.675488080082313,3.131116211637748,2.275488071298288,0.581116211637748
149.62320171400006,4.675488080082314,3.1311162116377473,2.275488071298289,0.5811162116377475
149.749125435,4.675488080082314,3.1311162116377473,2.275488071298289,0.5811162116377475
149.79290485900003,4.675488080082314,3.1311162116377473,2.275488071298289,0.5811162116377475
149.82470840000008,4.675488080082314,3.1311162116377473,2.275488071298289,0.5811162116377475
149.85580917100003,4.675488080082314,3.1311162116377473,2.275488071298289,0.5811162116377475
149.883857046,4.675488080082314,3.1311162116377473,2.275488071298289,0.5811162116377475
150.027573114,4.675488080082315,3.131116211637747,2.2754880712982897,0.5811162116377471
150.05467031,4.6754851673506925,3.1311169299649455,2.2754851585666676,0.5811169299649457
150.07992043399997,4.675242098805069,3.1311753883414357,2.275242090021044,0.5811753883414359
150.11447068899997,4.674608946473927,3.1313224108878224,2.274608937689902,0.5813224108878225
150.18130573500002,4.673584205632119,3.1315513203952365,2.2735841968480943,0.5815513203952367
150.21080441200002,4.672166457311714,3.1318554206341642,2.2721664485276887,0.5818554206341644
150.231642373,4.670356054996891,3.1322276572930683,2.2703560462128665,0.5822276572930685
150.33055155500006,4.668381170305739,3.1326164408322987,2.2683811615217144,0.5826164408322989
150.38906993400008,4.666388505159339,3.1329910471176494,2.266388496375314,0.5829910471176496
150.41328642500002,4.664313360880347,3.1333641347181267,2.264313352096322,0.5833641347181269
150.463038739,4.662235395726081,3.133721176667967,2.262235386942056,0.5837211766679671
150.48436475000005,4.660154733764522,3.134062151649453,2.2601547249804974,0.5840621516494533
150.616658196,4.658071499224655,3.1343870393041726,2.25807149044063,0.5843870393041728
150.65192958400007,4.6559419451819375,3.134702687605666,2.2559419363979125,0.5847026876056662
150.67246537900007,4.653802873560739,3.1350038704421217,2.253802864776714,0.5850038704421219
150.785915768,4.651661666466221,3.1352894762543495,2.2516616576821957,0.5852894762543497
150.81669380100004,4.649518437330962,3.135559489912096,2.249518428546937,0.5855594899120962
150.89101682500007,4.64737329969466,3.1358138971111176,2.247373290910635,0.5858138971111178
150.92613954900003,4.6451729619928255,3.1360589418010045,2.2451729532088005,0.5860589418010047
150.95144642700006,4.642927830631926,3.136294320928194,2.242927821847901,0.5862943209281943
151.044007202,4.640681230986495,3.136515246694844,2.2406812222024697,0.586515246694844
151.076837415,4.638433256101171,3.136721709951142,2.2384332473171464,0.5867217099511421
151.163500215,4.636183999077566,3.136913702146256,2.2361839902935414,0.5869137021462563
151.20495044300003,4.633873532141511,3.137096547080582,2.233873523357486,0.587096547080582
151.23130278999997,4.6315544935443205,3.1372664479779613,2.2315544847602955,0.5872664479779615
151.319162752,4.6292345010627685,3.1374227848441265,2.2292344922787435,0.5874227848441267
151.36501242500003,4.62691363403204,3.137565552332935,2.2269136252480153,0.5875655523329351
151.43974263500002,4.624591971817228,3.137694745562264,2.224591963033203,0.5876947455622643
151.47562981300007,4.622247249816484,3.1378116305952393,2.2222472410324587,0.5878116305952394
151.50288041199997,4.619893757063928,3.137915781407779,2.2198937482799033,0.5879157814077791
151.585538596,4.617539719512679,3.138006790942421,2.2175397107286536,0.5880067909424214
151.626201745,4.615185210539568,3.138084656362339,2.2151852017555433,0.588084656362339
151.72292423300007,4.612841402684355,3.138149029546348,2.2128413939003297,0.5881490295463481
151.75468624200005,4.610508364855359,3.1381996646418595,2.2105083560713337,0.5881996646418597
151.787586358,4.608175073493934,3.138236824393209,2.2081750647099088,0.588236824393209
151.86084421099997,4.605841606431387,3.138260507560863,2.2058415976473618,0.5882605075608631
151.94976472899998,4.6035080415048855,3.138270713354826,2.2035080327208605,0.5882707133548264
151.97771970400004,4.601174456554866,3.138267441434665,2.2011744477708413,0.5882674414346654
152.02500601400004,4.598807765007972,3.138250590372629,2.1988077562239474,0.5882505903726294
152.05980236699997,4.5963817013880615,3.138221014389863,2.1963816926040365,0.588221014389863
152.13442518500005,4.593955814828495,3.138179375145253,2.1939558060444697,0.5881793751452533
152.231459934,4.5915301653117755,3.138125673668374,2.1915301565277505,0.5881256736683742
152.25527566200003,4.589104812814553,3.138059911287049,2.1891048040305283,0.5880599112870493
152.29519810600004,4.586628267548864,3.1379809781048054,2.186628258764839,0.5879809781048055
152.319468949,4.584146534711281,3.1378907644321865,2.184146525927256,0.5878907644321867
152.40612018600007,4.581665230673312,3.1377894399286266,2.1816652218892867,0.5877894399286268
152.50232321700003,4.5791844051784025,3.1376770066254087,2.1791843963943776,0.5876770066254089
152.53072161500006,4.576704107960406,3.1375534667765144,2.1767040991763813,0.5875534667765145
152.56733408600007,4.574219525250493,3.137418573325575,2.174219516466468,0.587418573325575
152.60201009000002,4.571728266149603,3.1372723500983226,2.171728257365578,0.5872723500983228
152.67968175500005,4.569237670130157,3.137115236738359,2.169237661346132,0.587115236738359
152.77799267800003,4.566747784796365,3.136947236248683,2.16674777601234,0.5869472362486832
152.80286352000007,4.564257660406075,3.1367682788475824,2.16425765162205,0.5867682788475825
152.84344466599998,4.5617414371537715,3.1365767233335737,2.1617414283697465,0.5865767233335739
152.877682865,4.559226026405299,3.136374778447805,2.159226017621274,0.5863747784478051
152.95595092100007,4.556711471057727,3.1361624476341854,2.156711462273702,0.5861624476341856
153.07294359399998,4.554197813993529,3.135939734513739,2.154197805209504,0.5859397345137394
153.11983984300002,4.551685098079858,3.1357066428845517,2.151685089295833,0.5857066428845519
153.14485644600006,4.5491049309037015,3.13545736743938,2.1491049221196765,0.5854573674393801
153.17319455200004,4.546520613465582,3.1351985909051066,2.1465206046815566,0.5851985909051067
153.23463977300003,4.543937215045573,3.134930795238317,2.143937206261548,0.5849307952383174
153.34092061500007,4.541354767119875,3.1346539837018423,2.1413547583358503,0.5846539837018425
153.369763379,4.538750455838145,3.1343657784228807,2.1387504470541203,0.5843657784228808
153.405241714,4.536130204784494,3.134067408882226,2.1361301960004693,0.584067408882226
153.43465628500007,4.533510904874499,3.1337608017256797,2.1335108960904736,0.5837608017256799
153.473810394,4.530892582005729,3.1334459599847326,2.1308925732217037,0.5834459599847328
153.560086393,4.528275262066103,3.133122886772292,2.128275253282078,0.583122886772292
153.60660179399997,4.525658970933618,3.1327915852826496,2.125658962149593,0.5827915852826497
153.62801228400008,4.5230015745916035,3.132447096747005,2.1230015658075785,0.5824470967470052
153.65403030900006,4.520343769416591,3.1320950832675436,2.1203437606325664,0.5820950832675438
153.71392786,4.517686947547965,3.1317357235641508,2.11768693876394,0.5817357235641509
153.81422317800002,4.515031129290784,3.1313690203832736,2.115031120506759,0.5813690203832738
153.84854829900007,4.512376334942443,3.130994976527483,2.1123763261584183,0.5809949765274833
153.87408833200004,4.509695703771947,3.1306100226883875,2.109695694987922,0.5806100226883877
153.90873923700008,4.507012471908114,3.130217851668516,2.107012463124089,0.5802178516685164
153.94810249300008,4.504330228158347,3.1298189784922394,2.104330219374322,0.5798189784922396
154.055782605,4.501648000474909,3.1294132563180614,2.1016479916908843,0.5794132563180616
154.07824212499997,4.498920645188366,3.1289943738871937,2.098920636404341,0.5789943738871939
154.101480089,4.496193773003028,3.128569752094574,2.0961937642190027,0.5785697520945741
154.15005977099997,4.493467790916676,3.1281394530743194,2.093467782132651,0.5781394530743196
154.18418604200008,4.490742710749037,3.1277034786921862,2.0907427019650124,0.5777034786921864
154.28117294100002,4.488018544315922,3.127261830838537,2.0880185355318974,0.5772618308385371
154.34282627900006,4.4852524437577035,3.1268079165625235,2.0852524349736785,0.5768079165625237
154.36694028400007,4.482472962663639,3.1263472686701412,2.082472953879614,0.5763472686701414
154.412904175,4.479694214061473,3.125882222608989,2.079694205277448,0.575882222608989
154.46254416300008,4.476916204910737,3.125412779543797,2.0769161961267124,0.5754127795437971
154.57218424799999,4.4741389421691045,3.124938940650314,2.0741389333850795,0.574938940650314
154.60125196700005,4.471362432792385,3.124460707115294,2.07136242400836,0.5744607071152941
154.62871844200004,4.468603648944412,3.123980874884419,2.068603640160387,0.5739808748844193
154.656400836,4.465851366340523,3.1234971348585847,2.065851357556498,0.5734971348585849
154.69640875599998,4.46309994976668,3.1230084930864837,2.063099940982655,0.5730084930864838
154.81186876200002,4.4603434998759965,3.122513904716314,2.0603434910919716,0.5725139047163141
154.83355759699998,4.457529001717602,3.122004786272854,2.057528992933577,0.5720047862728541
154.883293438,4.454715122582683,3.1214922575544235,2.054715113798658,0.5714922575544237
154.914248293,4.451901866603418,3.12097631931367,2.051901857819393,0.5709763193136701
154.93847088899997,4.449089237911057,3.1204569723082476,2.049089229127032,0.5704569723082478
155.061079898,4.446276257441976,3.119934034735012,2.0462762486579513,0.5699340347350121
155.08636678200003,4.443440145262299,3.1194035917229024,2.043440136478274,0.5694035917229026
155.11397023899997,4.440604561822236,3.118870329461689,2.0406045530382113,0.568870329461689
155.15792107100003,4.437769509924274,3.1183342484784102,2.037769501140249,0.5683342484784104
155.18902551400004,4.434934992370365,3.11779534930289,2.0349349835863397,0.56779534930289
155.29412306400002,4.4321010119619455,3.117253632467736,2.0321010031779205,0.567253632467736
155.326547517,4.429306311386477,3.1167161793813074,2.029306302602452,0.5667161793813076
155.35917909700004,4.426525273061135,3.1161772075565577,2.0265252642771103,0.5661772075565579
155.37974539000004,4.42374501873589,3.1156342060079094,2.0237450099518655,0.5656342060079096
155.40225104600006,4.420965554249805,3.115087175875767,2.02096554546578,0.565087175875767
155.52806741300003,4.418164339574847,3.114531784375625,2.0181643307908224,0.564531784375625
155.558083054,4.415330288684187,3.113966857280282,2.015330279900162,0.5639668572802821
155.591933304,4.412496778591855,3.113399223921006,2.01249676980783,0.5633992239210062
155.62992261199997,4.40966381188209,3.1128288848154946,2.0096638030980647,0.5628288848154948
155.663398432,4.406831391138633,3.1122558404839142,2.006831382354608,0.5622558404839144
155.77519972000005,4.403999518944732,3.1116800914488953,2.0039995101607073,0.5616800914488955
155.81457019800007,4.401177468639881,3.111103499662799,2.0011774598558563,0.5611034996627993
155.83634385100004,4.3983777021477035,3.1105280696224424,1.9983776933636785,0.5605280696224426
155.85716847499998,4.395578644490707,3.109949201438074,1.9955786357066816,0.5599492014380743
155.90716404800003,4.392780299890965,3.1093668959828538,1.9927802911069397,0.5593668959828539
156.018977899,4.389967269766486,3.108778077395081,1.989967260982461,0.5587780773950812
156.04276082800004,4.387149670945641,3.1081852106974974,1.9871496621616163,0.5581852106974976
156.06922070400003,4.38433269385664,3.1075893968705475,1.9843326850726153,0.5575893968705476
156.10345449300007,4.3815163415821,3.1069906365662296,1.981516332798075,0.5569906365662298
156.13022803700005,4.378700617203949,3.106388930439766,1.9787006084199237,0.5563889304397662
156.22471702400003,4.3758855238034275,3.105784279149603,1.9758855150194026,0.555784279149603
156.25571095700002,4.373071064461094,3.105176683357408,1.9730710556770688,0.5551766833574083
156.28601243600008,4.370219767225517,3.1045585192312166,1.9702197584414924,0.5545585192312168
156.30570349100003,4.367367969240718,3.1039381374763093,1.9673679604566927,0.5539381374763095
156.34754962600005,4.364516610178954,3.103315741485954,1.9645166013949287,0.553315741485954
156.46085957800005,4.3616685023068,3.1026919348888993,1.9616684935227746,0.5526919348888994
156.48598163999998,4.35882608554995,3.10206710237676,1.958826076765925,0.55206710237676
156.511869554,4.355984155487294,3.1014400599485077,1.9559841467032686,0.5514400599485079
156.54552265200005,4.353142713836992,3.1008108079832386,1.9531427050529673,0.5508108079832388
156.574362104,4.350301762316915,3.1001793468613847,1.9503017535328904,0.5501793468613849
156.68968729900007,4.347461302644626,3.099545676964708,1.9474612938606009,0.549545676964708
156.72753251300003,4.344587747242918,3.0989025395650915,1.944587738458893,0.5489025395650917
156.75736284900006,4.341668578953274,3.0982487016926146,1.941668570169249,0.5482487016926147
156.77911770700007,4.338749458861195,3.097594648671761,1.9387494500771703,0.5475946486717613
156.920575709,4.335830386982426,3.0969403805060587,1.9358303781984012,0.5469403805060589
156.95145773600007,4.332911363332825,3.096285897199059,1.9329113545488004,0.5462858971990592
156.99403958800008,4.3300040519735985,3.095633657169257,1.9300040431895735,0.5456336571692573
157.01902088200006,4.327096856108489,3.0949809025461703,1.927096847324464,0.5449809025461705
157.04144790600003,4.324189775828612,3.0943276333502525,1.9241897670445867,0.5443276333502527
157.17697288300008,4.321282811225026,3.093673849601967,1.921282802441001,0.5436738496019671
157.20691417199998,4.318378715430651,3.09302016189698,1.9183787066466258,0.5430201618969801
157.22760691000008,4.3154830342190555,3.092367615703088,1.9154830254350306,0.5423676157030881
157.26840328499998,4.312587532410688,3.091714273914973,1.9125875236266627,0.5417142739149732
157.30906007,4.309692210224142,3.0910601365819574,1.9096922014401172,0.5410601365819576
157.41612888300006,4.306797067877996,3.0904052037534235,1.9067970590939711,0.5404052037534237
157.46111354100003,4.303902105590808,3.0897494754788157,1.903902096806783,0.5397494754788159
157.49092744300003,4.301002686725537,3.0890919628164513,1.9010026779415123,0.5390919628164514
157.52921065700002,4.298103421583002,3.0884337726533904,1.8981034127989767,0.5384337726533905
157.54912142299997,4.295204310321513,3.0877749050255705,1.8952043015374884,0.5377749050255707
157.66611714099997,4.292305353099368,3.0871153599689687,1.8923053443153433,0.5371153599689689
157.687569822,4.289406550074878,3.0864551375196028,1.8894065412908527,0.5364551375196029
157.72263958899998,4.286541378328752,3.0858016512903004,1.886541369544727,0.5358016512903006
157.75002235600004,4.2837101240302875,3.0851536510114665,1.8837101152462625,0.5351536510114667
157.78408911100007,4.280879407237873,3.084503306714133,1.8808793984538483,0.5345033067141332
157.907935822,4.278049229892137,3.0838506188441492,1.8780492211081117,0.5338506188441494
157.93360200100005,4.275219593933343,3.083195587848974,1.8752195851493183,0.533195587848974
157.95806527000002,4.272387205960332,3.082537467373136,1.8723871971763066,0.5325374673731362
157.99563672700003,4.2695513054026515,3.0818762213063478,1.8695512966186265,0.5318762213063479
158.02141505600002,4.266715910143165,3.081212811887985,1.86671590135914,0.5312128118879853
158.139010279,4.263881021832171,3.0805472395041766,1.8638810130481462,0.5305472395041768
158.18039188700004,4.261062069596941,3.0798829984443024,1.8610620608129156,0.5298829984443025
158.20877084699998,4.258250346881739,3.0792176388263583,1.8582503380977138,0.5292176388263585
158.23253676299998,4.255439263371443,3.0785495837788357,1.8554392545874179,0.5285495837788359
158.25696965200007,4.25262882165,3.0778788339158094,1.8526288128659751,0.5278788339158096
158.39945677600008,4.249819024300766,3.077205389853832,1.8498190155167413,0.5272053898538323
158.42590159600002,4.246934662822521,3.0765121751763216,1.8469346540384959,0.5265121751763218
158.47041732600007,4.244032147336391,3.0758141937574157,1.844032138552366,0.5258141937574159
158.49233096800003,4.241129721041826,3.0751158415446844,1.8411297122578012,0.5251158415446846
158.52417185500008,4.238227383986199,3.074417118549533,1.8382273752021736,0.524417118549533
158.56660146900003,4.235325136216882,3.0737180247833593,1.8353251274328568,0.5237180247833595
158.59511197799998,4.23242297778124,3.073018560257574,1.8324229689972147,0.5230185602575741
158.69802519300003,4.229520908726634,3.072318724983593,1.8295208999426094,0.522318724983593
158.73635199700004,4.226656490198736,3.071627127311077,1.826656481414711,0.5216271273110773
158.76978172600002,4.223796577203276,3.0709351123010107,1.8237965684192514,0.5209351123010109
158.79489269400005,4.220937009742777,3.0702416708437594,1.8209370009587524,0.5202416708437596
158.83702100300002,4.218077788528721,3.069546803111854,1.8180777797446956,0.519546803111854
158.950162041,4.215218914272485,3.06885050927818,1.8152189054884604,0.5188505092781801
158.97338400600006,4.212354202059699,3.0681513335257886,1.8123541932756742,0.5181513335257888
159.00596054699997,4.209486459403648,3.0674501445570916,1.8094864506196227,0.5174501445570918
159.06511457199997,4.206619007339689,3.0667477681821804,1.8066189985556638,0.5167477681821806
159.100562718,4.203751846359469,3.066044204521482,1.8037518375754442,0.5160442045214824
159.175704171,4.200906409319612,3.0653454379262755,1.8009064005355868,0.5153454379262756
159.20983838799998,4.198072156473627,3.064651347381647,1.7980721476896018,0.5146513473816472
159.24289583799998,4.195237411104409,3.0639592711064902,1.7952374023203839,0.5139592711064904
159.298680408,4.192402174643445,3.063269209450291,1.79240216585942,0.5132692094502911
159.334190004,4.189566448522499,3.0625811627615245,1.7895664397384743,0.5125811627615247
159.43019191000008,4.186680034911653,3.0618821971004717,1.786680026127628,0.5118821971004719
159.45597299200006,4.183775525286084,3.0611785930038713,1.7837755165020588,0.5111785930038715
159.50813875799997,4.18087108569599,3.0604746998602517,1.7808710769119647,0.5104746998602518
159.57704014600006,4.177966716170198,3.0597705176765966,1.7779667073861734,0.5097705176765968
159.60650398200005,4.175062416737471,3.059066046459882,1.7750624079534458,0.509066046459882
159.688494439,4.172181344469929,3.0583666391611004,1.7721813356859042,0.5083666391611006
159.74164547200007,4.1693045850095025,3.057667245150738,1.7693045762254775,0.507667245150738
159.76520607400005,4.166428064798237,3.0569668677888173,1.7664280560142118,0.5069668677888175
159.82611698100004,4.163551784172273,3.05626550715718,1.763551775388248,0.5062655071571802
159.86124297499998,4.16067574346772,3.0555631633377867,1.7606757346836948,0.5055631633377868
159.94333973599998,4.157799943020652,3.0548598364127084,1.7577999342366266,0.5048598364127086
159.97605622599997,4.154928279058588,3.0541564546588726,1.7549282702745628,0.5041564546588728
160.00803571400002,4.152060788072868,3.053452870865913,1.752060779288843,0.5034528708659134
160.05098026300004,4.149193586683958,3.052748107854442,1.7491935778999328,0.5027481078544422
160.13445416800005,4.1463266753768,3.052042165743659,1.746326666592775,0.5020421657436591
160.16981941300003,4.143465164792007,3.0513365895472857,1.7434651560079817,0.5013365895472859
160.20010049000007,4.1406097178329455,3.050633641262393,1.7406097090489205,0.5006336412623931
160.22980888799998,4.137753909979695,3.0499321605908882,1.7377539011956702,0.4999321605908884
160.27664009700004,4.134897741986553,3.0492321477180577,1.7348977332025277,0.4992321477180579
160.39789219099998,4.132041214607922,3.0485336028287953,1.7320412058238968,0.49853360282879544
160.43272351500002,4.129158071115816,3.047829050973656,1.7291580623317908,0.49782905097365626
160.462773062,4.12627324564846,3.0471232937462593,1.7262732368644351,0.4971232937462595
160.50998776400002,4.123388604382349,3.046416784010308,1.723388595598324,0.4964167840103082
160.56418552600007,4.120504147513778,3.0457095218138788,1.7205041387297526,0.49570952181387895
160.65696971800003,4.117619875239026,3.0450015072050993,1.7176198664550006,0.4950015072050995
160.69542430700005,4.114735787754361,3.044292740232149,1.714735778970336,0.4942927402321491
160.72772187500004,4.111838652528024,3.0435801099076696,1.7118386437439992,0.49358010990766976
160.759351714,4.1089383005908315,3.0428663300491983,1.7089382918068066,0.49286633004919844
160.82890635299998,4.106038029760442,3.0421522207044065,1.706038020976417,0.4921522207044067
160.93271469,4.103137840074287,3.041437781882509,1.7031378312902619,0.4914377818825093
160.96451064500002,4.100234763157793,3.04072232164935,1.7002347543737684,0.49072232164935015
161.001798795,4.097327234124064,3.0400058214781454,1.697327225340039,0.49000582147814553
161.04907690900006,4.09441967101026,3.0392894596166835,1.694419662226235,0.4892894596166837
161.09755841700007,4.091512073822962,3.0385732360665854,1.6915120650389368,0.48857323606658554
161.19274810000002,4.088604442568743,3.0378571508294736,1.6886044337847177,0.4878571508294738
161.23167978900005,4.085722610901825,3.037147828814528,1.6857226021177998,0.48714782881452834
161.25060791700002,4.082849166241807,3.0364416267746877,1.6828491574577824,0.48644162677468783
161.28141218100006,4.079975470541692,3.0357364469689667,1.679975461757667,0.4857364469689669
161.326215553,4.077101524165141,3.035032289486607,1.6771015153811164,0.48503228948660704
161.43926608000004,4.07422732747585,3.0343291544167155,1.6742273186918246,0.48432915441671565
161.46294748499997,4.071339757937296,3.0336237366627787,1.671339749153271,0.4836237366627789
161.492846419,4.068440872019324,3.032916046654293,1.6684408632352992,0.4829160466542932
161.52006134500004,4.065541888107883,3.03220875817373,1.6655418793238579,0.48220875817373
161.56063978200007,4.062642806258588,3.0315018712346555,1.6626427974745632,0.4815018712346557
161.68376649800007,4.059743626527065,3.030795385850634,1.65974361774304,0.4807953858506342
161.706217928,4.056844348968924,3.03008930203522,1.656844340184899,0.4800893020352204
161.73380223100003,4.053958206095313,3.0293870122766005,1.653958197311288,0.47938701227660063
161.765974744,4.051072577199832,3.028685651372871,1.6510725684158074,0.4786856513728712
161.82427905200007,4.048186763861712,3.0279850497619343,1.648186755077687,0.47798504976193446
161.91792673100008,4.045300766280745,3.027285207492296,1.6453007574967198,0.47728520749229597
161.96874435300003,4.042414089612118,3.026585973942523,1.6424140808280927,0.4765859739425231
161.99764821600002,4.039525460273644,3.0258860242390835,1.6395254514896194,0.47588602423908366
162.022805254,4.036636999521052,3.0251853791626306,1.6366369907370273,0.4751853791626308
162.08539863600004,4.033748707521736,3.0244840387537715,1.6337486987377114,0.47448403875377165
162.19926875200008,4.0308605844430785,3.023782003053148,1.6308605756590535,0.4737820030531483
162.22857355999997,4.027968015418293,3.0230788257159427,1.6279680066342679,0.47307882571594284
162.269379093,4.0250753051439165,3.0223762296733123,1.6250752963598916,0.4723762296733125
162.30772139400005,4.022182453736751,3.0216742149536224,1.6221824449527262,0.4716742149536226
162.343643745,4.01928946131362,3.0209727815852254,1.6192894525295949,0.4709727815852256
162.45242521600005,4.0163961456479225,3.0202718851925674,1.6163961368638975,0.4702718851925676
162.48327145100006,4.013501054327698,3.019571144875639,1.6135010455436727,0.4695711448756392
162.513598344,4.010605833636045,3.0188709392695183,1.6106058248520196,0.4688709392695185
162.55708785800005,4.007710483671725,3.0181712683980924,1.6077104748877002,0.46817126839809253
162.59260310500008,4.004815004533498,3.017472132285227,1.6048149957494728,0.4674721322852271
162.691815207,4.001919396320133,3.016773530954773,1.6019193875361082,0.46677353095477336
162.72533289800003,3.9990085565514066,3.0160716574849693,1.5990085477673817,0.4660716574849695
162.76502376400003,3.996093918142731,3.0153689276560707,1.5960939093587059,0.46536892765607085
162.78772679200006,3.993179268510839,3.014666244378148,1.593179259726814,0.4646662443781482
162.839777293,3.9902646076564756,3.01396360765138,1.5902645988724506,0.46396360765138
162.94712310199998,3.987349935580386,3.0132610174759447,1.587349926796361,0.46326101747594484
162.973646337,3.984452977325284,3.01256258419497,1.584452968541259,0.4625625841949703
163.01650806099997,3.981567988754667,3.0118662570069312,1.5815679799706421,0.4618662570069314
163.04360755200003,3.9786831944208028,3.011169125558274,1.5786831856367778,0.4611691255582744
163.07715610499997,3.9757985945479004,3.0104711899031815,1.5757985857638754,0.4604711899031817
163.192108288,3.9729141893601505,3.0097724500958964,1.5729141805761255,0.4597724500958966
163.22764432100007,3.970024711985023,3.009071664243783,1.570024703200998,0.4590716642437833
163.24961611800006,3.967130113726176,3.0083690338267104,1.567130104942151,0.45836903382671057
163.27576281300003,3.964235645493389,3.007665867962561,1.564235636709364,0.45766586796256137
163.32238403999997,3.96134130738571,3.006962166675398,1.5613412986016852,0.45696216667539824
163.426772722,3.958447099502182,3.006257929989301,1.5584470907181571,0.45625792998930104
163.45171805500001,3.955559847342666,3.0055548353211115,1.5555598385586409,0.45555483532111163
163.48847093100005,3.952733782207629,3.0048678305582164,1.5527337734236042,0.45486783055821656
163.51588112800005,3.949907172399107,3.0041830702482097,1.549907163615082,0.4541830702482099
163.54612797599998,3.947080019699649,3.0035005548229248,1.5470800109156242,0.45350055482292495
163.662387351,3.9442523258921365,3.0028202847127767,1.5442523171081115,0.4528202847127769
163.69203611,3.941379096712966,3.0021309516381183,1.541379087928941,0.45213095163811845
163.716089313,3.938490368282758,3.0014387115633863,1.538490359498733,0.45143871156338644
163.75980591200005,3.935601463042995,3.0007472097338614,1.5356014542589702,0.4507472097338616
163.79666835400008,3.9327123811823474,3.0000564461947015,1.5327123723983225,0.45005644619470164
163.91419348300008,3.9298150791408903,2.999364465713074,1.5298150703568654,0.449364465713074
163.951724334,3.926897468079057,2.998667834824956,1.5268974592950322,0.4486678348249562
163.97614474400007,3.9239798547519404,2.997971213424296,1.5239798459679155,0.44797121342429636
163.99961895900003,3.921062239159573,2.9972746015111027,1.521062230375548,0.4472746015111029
164.04336840500002,3.9181446213019884,2.9965779990853836,1.5181446125179634,0.44657799908538376
164.160857146,3.9152299235836354,2.995882107854009,1.5152299147996104,0.4458821078540094
164.183539301,3.9123414265027603,2.9951929552221794,1.5123414177187353,0.4451929552221796
164.21623828600002,3.909452747775228,2.994504564384633,1.509452738991203,0.44450456438463304
164.242368984,3.906563887601938,2.993816935389247,1.506563878817913,0.4438169353892474
164.276521872,3.9036748461838147,2.993130068283845,1.5036748373997897,0.44313006828384527
164.38950648499997,3.9007856237217933,2.992443963116202,1.5007856149377683,0.44244396311620227
164.44068817800007,3.897946505932581,2.9917709086862665,1.4979464971485559,0.4417709086862667
164.46301017500002,3.8951479367643054,2.991110421036285,1.4951479279802804,0.44111042103628506
164.48882227399997,3.892348656295428,2.9904529545489713,1.492348647511403,0.4404529545489715
164.53656655600003,3.8895486677874045,2.989798509990342,1.4895486590033795,0.4397985099903421
164.65857796199998,3.8867349463351206,2.989144003411466,1.4867349375510956,0.439144003411466
164.69733713300002,3.883861891540221,2.9884775650675652,1.4838618827561962,0.4384775650675654
164.72348610900008,3.880988544398391,2.9878123883066006,1.4809885356143662,0.43781238830660074
164.74738220300003,3.878114905463616,2.9871484732568194,1.4781148966795912,0.4371484732568196
164.77362918900008,3.8752409752899237,2.986485820046222,1.4752409665058988,0.4364858200462223
164.89580668200006,3.872366754431396,2.985824428802565,1.472366745647371,0.4358244288025652
164.91762292800001,3.8694747911072835,2.985159957367186,1.4694747823232586,0.43515995736718605
164.94972626599997,3.866570343223603,2.9844922421209064,1.4665703344395782,0.43449224212090654
164.98520510700007,3.8636660098954514,2.9838240287731885,1.4636660011114264,0.4338240287731887
165.10493787899998,3.860761791208243,2.9831553173436833,1.460761782424218,0.4331553173436835
165.13386096199997,3.8578576872473955,2.982486107852061,1.4578576784633706,0.432486107852061
165.16275900800008,3.854963484317985,2.9818187676406556,1.45496347553396,0.43181876764065574
165.18662397700007,3.8520873049117217,2.98115647895286,1.4520872961276967,0.43115647895286013
165.21855194300008,3.8492108470690507,2.980495400619909,1.4492108382850257,0.4304954006199093
165.34647765700004,3.8463341112993077,2.97983553275886,1.4463341025152827,0.42983553275886033
165.37870578000002,3.843460196933406,2.9791776224479842,1.443460188149381,0.4291776224479844
165.406640918,3.8405863311601247,2.9785210882591056,1.4405863223760997,0.42852108825910573
165.43214809300002,3.8377121692591016,2.9778658516677026,1.4377121604750767,0.42786585166770275
165.45837640700006,3.834837711816224,2.977211912807341,1.434837703032199,0.42721191280734105
165.57513818799998,3.831962959417439,2.976559271811326,1.4319629506334142,0.426559271811326
165.60225928600005,3.8290878358038105,2.975907911316605,1.4290878270197855,0.4259079113166053
165.64088445200002,3.8262117292004216,2.9752576808732902,1.4262117204163967,0.4252576808732904
165.66685020800003,3.8233353337480995,2.9746087293917873,1.4233353249640746,0.4246087293917875
165.69905080500007,3.820458650015585,2.973961057000411,1.4204586412315598,0.4239610570004113
165.83264912900006,3.8175816785716634,2.9733146638272245,1.4175816697876384,0.4233146638272247
165.86530569700005,3.8146797722115267,2.9726638128736886,1.4146797634275017,0.4226638128736888
165.889443754,3.811754170911702,2.972007743130756,1.4117541621276772,0.4220077431307563
165.92680273400003,3.8088285794986803,2.9713516293013145,1.4088285707146553,0.42135162930131465
165.95418365,3.8059029979731265,2.970695471385511,1.4059029891891015,0.42069547138551133
166.08115087300007,3.8029774263357057,2.970039269383496,1.4029774175516807,0.420039269383496
166.13206648900007,3.800064216015601,2.9693859000024396,1.4000642072315759,0.4193859000024398
166.14855140500003,3.7971610052521982,2.9687353578861257,1.3971609964681733,0.4187353578861259
166.188148189,3.7942576547542313,2.9680854396852845,1.3942576459702063,0.41808543968528467
166.222408299,3.7913541646557816,2.967436145429933,1.3913541558717566,0.41743614542993335
166.33803158299997,3.788450535090936,2.966787475150057,1.3884505263069111,0.4167874751500573
166.38930152900002,3.785547188523835,2.966139243196328,1.38554717973981,0.4161392431963282
166.41271283700007,3.782644162619544,2.9654904938989626,1.382644153835519,0.41549049389896275
166.43541051700004,3.7797412794172622,2.96484110636772,1.3797412706332373,0.41484110636772
166.46671296099998,3.776838539057308,2.964191080633997,1.3768385302732828,0.414191080633997
166.59916868699997,3.7739359416799885,2.9635404167292076,1.3739359328959635,0.4135404167292078
166.62922074300002,3.7710319774015546,2.9628893632239297,1.3710319686175296,0.4128893632239299
166.659934003,3.7681278059439904,2.9622388927162877,1.3681277971599655,0.4122388927162879
166.69344829600004,3.765223499958958,2.9615890231281763,1.365223491174933,0.41158902312817647
166.725019676,3.762319059570796,2.960939754487419,1.362319050786771,0.41093975448741915
166.77150846899997,3.759414484903854,2.960291086821812,1.359414476119829,0.41029108682181237
166.80587276400001,3.7565097760824795,2.959643020159127,1.3565097672984545,0.40964302015912724
166.90004225300004,3.753604933231033,2.958995554527109,1.353604924447008,0.4089955545271091
166.94019318800008,3.750735590504598,2.9583571025107,1.3507355817205728,0.4083571025107
166.969240538,3.7478659134941354,2.9577201546991825,1.3478659047101105,0.40772015469918266
166.99773940600005,3.7449959029881965,2.957084711267579,1.3449958942041715,0.4070847112675793
167.02536533600005,3.7421255597754257,2.9564507723905034,1.3421255509914007,0.40645077239050353
167.14409485400006,3.739254884644559,2.955818338242154,1.3392548758605338,0.4058183382421543
167.17610179899998,3.736346927287225,2.9551788676271067,1.3363469185032,0.40517886762710686
167.204011026,3.7334272177733956,2.9545371194213295,1.3334272089893706,0.40453711942132964
167.28189212200004,3.7305074493464216,2.953895639306591,1.3305074405623967,0.4038956393065911
167.302471523,3.727587622030919,2.9532544272882957,1.327587613246894,0.40325442728829586
167.39443045899998,3.724667735851502,2.9526134833718536,1.3246677270674772,0.40261348337185376
167.43626517400003,3.721793014393795,2.951982125092508,1.32179300560977,0.4019821250925082
167.46917263600005,3.7189337042927235,2.9513523415565555,1.3189336955086985,0.40135234155655564
167.54565648100004,3.716074788576494,2.950720770116586,1.3160747797924692,0.40072077011658624
167.564833549,3.713216268363075,2.9500874110195725,1.31321625957905,0.4000874110195727
167.66556957199998,3.7103411189865736,2.949448617701851,1.3103411102025486,0.399448617701851
167.69056015,3.7074267138933816,2.9488010040351362,1.3074267051093567,0.3988010040351364
167.721042797,3.704512227392945,2.9481537568274585,1.3045122186089202,0.3981537568274587
167.77664133300004,3.701597659531427,2.947506876089069,1.3015976507474019,0.3975068760890692
167.81730883199998,3.6986830103549133,2.9468603618301943,1.2986830015708883,0.39686036183019446
167.90303039100002,3.6957682799094824,2.946214214061057,1.2957682711254574,0.3962142140610574
167.927401369,3.6928708510875823,2.9455717178928196,1.2928708423035573,0.39557171789281975
167.957220324,3.6899745150015155,2.944928593162545,1.2899745062174905,0.394928593162545
168.02931786300007,3.6870783636417364,2.944284637074451,1.2870783548577114,0.39428463707445127
168.052036929,3.684182397246875,2.943639849681597,1.2841823884628498,0.3936398496815974
168.146594649,3.6812866160555497,2.9429942310371127,1.2812866072715248,0.39299423103711284
168.18668505200003,3.6784022811541472,2.9423510534277018,1.2784022723701223,0.39235105342770193
168.210709458,3.6755197060114866,2.9417094744354855,1.2755196972274616,0.39170947443548565
168.25668762200007,3.672636870386217,2.9410690668980464,1.2726368616021921,0.39106906689804655
168.35814263700001,3.6697537747544082,2.9404298309211403,1.2697537659703833,0.3904298309211405
168.37740434600005,3.666897327428492,2.939797969329067,1.266897318644467,0.38979796932906696
168.41210702700005,3.6640519736784665,2.9391707513412806,1.2640519648944415,0.38917075134128076
168.43788651400007,3.6612061514147243,2.938545662539444,1.2612061426306993,0.38854566253944434
168.50562765400002,3.6583598622305438,2.937922703273525,1.2583598534465188,0.3879227032735253
168.59374090799997,3.655513107719459,2.937301873892293,1.2555130989354342,0.3873018738922931
168.61646613200003,3.6526196544271685,2.936672502759211,1.2526196456431435,0.38667250275921106
168.65352785800007,3.649698964403969,2.936037031272323,1.249698955619944,0.38603703127232336
168.668881187,3.6467783348528897,2.9354012819133373,1.2467783260688647,0.38540128191333745
168.72139635899998,3.643857765800337,2.9347652546879943,1.243857757016312,0.3847652546879945
168.812181699,3.6409372572727507,2.934128949602053,1.2409372484887258,0.384128949602053
168.83396486100003,3.6380168092965666,2.9334923666612744,1.2380168005125416,0.3834923666612746
168.87662661000002,3.6351118417251995,2.932858713240062,1.2351118329411745,0.38285871324006227
168.902376496,3.6322121751621195,2.9322253910564773,1.2322121663780945,0.38222539105647746
168.93558761300005,3.6293126842230055,2.931591265312431,1.2293126754389805,0.38159126531243137
169.02534818900006,3.6264133691305425,2.9309563360566244,1.2264133603465175,0.3809563360566246
169.05842570900006,3.623519146735138,2.9303217286100116,1.2235191379511132,0.3803217286100118
169.09714506299997,3.6206444739915216,2.9296921558142714,1.2206444652074966,0.3796921558142716
169.12888319800004,3.6177694895320487,2.9290640080245853,1.2177694807480237,0.3790640080245855
169.19393995000007,3.614894194063092,2.9284372853952894,1.214894185279067,0.37843728539528954
169.282947787,3.612018588291113,2.927811988080367,1.2120185795070881,0.3778119880803672
169.334348621,3.6091340481429324,2.9271861883769588,1.2091340393589074,0.37718618837695894
169.38190129500003,3.6062406448535387,2.926559560431382,1.2062406360695137,0.37655956043138206
169.40167030300006,3.6033470271127572,2.925933923517918,1.2033470183287323,0.375933923517918
169.46880082200005,3.60045319526003,2.925309277709959,1.2004531864760049,0.37530927770995914
169.56481730899998,3.597559149634826,2.9246856230807823,1.1975591408508008,0.37468562308078246
169.59285327200007,3.5946648905766363,2.9240629597035452,1.1946648817926113,0.3740629597035454
169.623612761,3.5917845062290166,2.9234444443329974,1.1917844974449916,0.3734444443329976
169.655624203,3.5889098544981035,2.9228287040982854,1.1889098457140785,0.3728287040982856
169.69381554000006,3.5860348822093457,2.9222144623302864,1.1860348734253208,0.37221446233028654
169.78359943300006,3.583159590143846,2.9216017191958867,1.183159581359821,0.3716017191958869
169.82969641700004,3.580266507517924,2.9209866144568726,1.180266498733899,0.37098661445687275
169.867452995,3.577342358514752,2.920364961775392,1.177342349730727,0.37036496177539213
169.887924365,3.5744182661038506,2.919743042953177,1.1744182573198256,0.36974304295317717
169.92093550000004,3.571494230309402,2.9191208579953827,1.1714942215253772,0.36912085799538286
170.01746424500004,3.568570251155631,2.9184984069071516,1.1685702423716062,0.36849840690715174
170.04900591400008,3.565646328666761,2.917875689693644,1.165646319882736,0.36787568969364415
170.079940523,3.562737085853757,2.9172562601128806,1.1627370770697318,0.3672562601128808
170.12098733699997,3.559828476354523,2.916637658183141,1.159828467570498,0.3666376581831412
170.15705366400005,3.5569197257380694,2.916019720145968,1.1569197169540444,0.3660197201459683
170.25874445400007,3.554010834155928,2.9154024460335557,1.1540108253719028,0.36540244603355587
170.29075419800006,3.551101801759643,2.914785835878059,1.1511017929756182,0.36478583587805913
170.33840876700003,3.548215217071904,2.914174913155462,1.148215208287879,0.36417491315546213
170.35903943200003,3.54533400294071,2.9135665545174225,1.145333994156685,0.3635665545174227
170.41643983200004,3.5424524977862615,2.9129595758133835,1.1424524890022365,0.3629595758133837
170.517647043,3.5395707022694674,2.9123539771825624,1.1395706934854424,0.36235397718256257
170.543720108,3.5366886170513028,2.9117497587638614,1.1366886082672778,0.3617497587638616
170.6016535,3.5337710261403594,2.9111391129226765,1.1337710173563345,0.36113911292267664
170.62962420899999,3.530838956246706,2.910525369418413,1.130838947462681,0.3605253694184132
170.65675109300003,3.5279069096743827,2.9099115145104366,1.1279069008903577,0.3599115145104368
170.77967443700004,3.5249757833095705,2.9092977323801406,1.1249757745255455,0.35929773238014073
170.81657931400002,3.52204678353183,2.9086842183186232,1.1220467747478051,0.3586842183186234
170.84076597600006,3.519117823298368,2.9080705154976374,1.1191178145143432,0.3580705154976376
170.884827782,3.516188902621349,2.9074566239197295,1.116188893837324,0.35745662391972965
170.92864332,3.5132600215129397,2.906842543587451,1.1132600127289147,0.3568425435874514
171.02618968900003,3.5103311799853043,2.9062282745033547,1.1103311712012793,0.3562282745033549
171.05933524700004,3.5074092755155344,2.905615282102836,1.1074092667315094,0.355615282102836
171.09614199400005,3.5045263095574875,2.905011295791305,1.1045263007734625,0.35501129579130497
171.12019757000007,3.5016430589237526,2.904408669901805,1.1016430501397276,0.354408669901805
171.16568566,3.498759524256263,2.9038074045685067,1.098759515472238,0.3538074045685069
171.28253463700003,3.4958757061970447,2.903207499925285,1.0958756974130197,0.353207499925285
171.31328323900004,3.492981024834161,2.9026067191898197,1.0929810160501359,0.3526067191898199
171.33295888700002,3.490045834087086,2.9019979804726725,1.090045825303061,0.3519979804726727
171.37679954700002,3.4871106309442843,2.9013893015270966,1.0871106221602593,0.3513893015270968
171.41261113200005,3.4841754154071114,2.9007806823533553,1.0841754066230864,0.35078068235335547
171.53689386500002,3.4812401874767827,2.900172122951703,1.0812401786927577,0.3501721229517032
171.57033010500004,3.4783407976428804,2.899570720236286,1.0783407888588554,0.3495707202362861
171.597673374,3.475460960277594,2.8989719432959573,1.075460951493569,0.3489719432959575
171.62848103,3.4725814272381315,2.898371704552257,1.0725814184541065,0.3483717045522572
171.67057308200003,3.469702199266507,2.8977700041598573,1.0697021904824822,0.3477700041598575
171.78002800700006,3.466823277104654,2.8971668422738084,1.0668232683206291,0.34716684227380856
171.81675225100003,3.4639390848871847,2.896561065264082,1.0639390761031597,0.34656106526408204
171.85403621400008,3.4610078196105167,2.8959449204041228,1.0610078108264918,0.34594492040412295
171.87516742800005,3.4580765293532414,2.8953288943998645,1.0580765205692164,0.3453288943998647
171.90643478700008,3.455145214120116,2.894712987252317,1.0551452053360912,0.34471298725231714
172.010450108,3.452217013426303,2.894097860500163,1.0522170046422779,0.3440978605001632
172.04013361800003,3.4493482630150063,2.8934962580551544,1.0493482542309813,0.3434962580551546
172.07046244800006,3.446479154151,2.892896367439621,1.046479145366975,0.34289636743962104
172.10934609599997,3.443609687855756,2.892298188867139,1.0436096790717309,0.34229818886713925
172.144069693,3.4407398651508756,2.891701722550675,1.0407398563668506,0.3417017225506753
172.25187235400006,3.4378667505513065,2.8911063547271847,1.0378667417672816,0.34110635472718487
172.28525597300006,3.434949255508574,2.8905028502250043,1.034949246724549,0.3405028502250045
172.32689696300008,3.432031652039304,2.889899870121844,1.0320316432552792,0.3398998701218443
172.35197575799998,3.4291139402377855,2.889297414437188,1.0291139314537605,0.3392974144371883
172.37252496200006,3.426196120198276,2.8886954831905,1.0261961114142508,0.3386954831905
172.51180754200004,3.4233257450835057,2.888104249788017,1.0233257362994808,0.33810424978801734
172.560164989,3.4204866387803166,2.887521906993941,1.0204866299962916,0.337521906993941
172.58175973000004,3.41764701987424,2.886942068914,1.0176470110902152,0.33694206891400036
172.61116420200005,3.414806890574999,2.886364735999412,1.0148068817909741,0.3363647359994122
172.63397186100008,3.411966253092693,2.8857899086994383,1.011966244308668,0.3357899086994385
172.748942318,3.409125109637822,2.8852175874613915,1.009125100853797,0.33521758746139163
172.778532143,3.406237859023475,2.8846382036044886,1.00623785023945,0.3346382036044888
172.812741996,3.40330650488795,2.884050430993657,1.0033064961039249,0.33405043099365717
172.83579872000007,3.4003750983020438,2.8834629200249693,1.0003750895180188,0.33346292002496947
172.886663162,3.397443639289163,2.882875670703117,0.997443630505138,0.3328756707031171
172.99814607100006,3.3945121278726607,2.8822886830327734,0.9945121190886357,0.3322886830327736
173.03293236900004,3.39160324208669,2.88170678439218,0.9916032333026652,0.33170678439218015
173.073913091,3.388695378135748,2.8811259990513154,0.9886953693517229,0.33112599905131557
173.09530438000002,3.385787339638121,2.8805460883118426,0.9857873308540959,0.33054608831184273
173.22867110800007,3.382879126856883,2.879967052226219,0.9828791180728582,0.32996705222621925
173.25943004300007,3.3799747727961362,2.8793897081754687,0.9799747640121113,0.32938970817546886
173.28527431500004,3.3770796108636367,2.878815367050141,0.9770796020796118,0.328815367050141
173.32882942599997,3.3741842081745776,2.8782422408757005,0.9741841993905527,0.32824224087570064
173.34955024200008,3.3712885652388116,2.877670329753073,0.9712885564547866,0.3276703297530732
173.46119981700008,3.368392682566233,2.8770996337829637,0.968392673782208,0.3270996337829639
173.485932812,3.365496560666779,2.8765301530658682,0.9654965518827541,0.3265301530658684
173.530447021,3.362582049691737,2.8759581886543377,0.9625820409077122,0.3259581886543379
173.56132284600005,3.359651240919312,2.875383471097717,0.959651232135287,0.32538347109771726
173.58451559399998,3.356720365556775,2.874809093225852,0.9567203567727502,0.32480909322585205
173.71132891900004,3.3537894236434984,2.874235055046455,0.9537894148594734,0.3242350550464552
173.74729260599997,3.3508584152188496,2.873661356567239,0.9508584064348247,0.32366135656723927
173.77320778500007,3.3479225128121546,2.8730869948747753,0.9479225040281296,0.32308699487477543
173.79970493899998,3.344986033357861,2.8725127296090887,0.944986024573836,0.32251272960908883
173.83070490199998,3.342049514617173,2.8719386652690884,0.9420495058331482,0.32193866526908854
173.94861209600003,3.339112956603859,2.8713648018574642,0.9391129478198339,0.3213648018574644
174.00354704300003,3.3362205801724487,2.8707990377389825,0.9362205713884237,0.32079903773898266
174.025567185,3.333330794061976,2.870232347017954,0.9333307852779509,0.3202323470179542
174.06089665000002,3.3304412792572324,2.8696642745483234,0.9304412704732075,0.3196642745483236
174.105889004,3.3275520364189037,2.869094820459979,0.9275520276348788,0.3190948204599793
174.22489681399998,3.324663066207604,2.868523984883125,0.924663057423579,0.31852398488312517
174.257583126,3.3217850794861703,2.867953842097371,0.9217850707021453,0.3179538420973711
174.28793499300002,3.3189273587621573,2.8673856588796873,0.9189273499781323,0.3173856588796875
174.31489864499997,3.316070064010418,2.8668153373852667,0.9160700552263932,0.3168153373852669
174.33776387,3.31321319683091,2.866242877933463,0.913213188046885,0.3162428779334632
174.48836696299998,3.3103567588233473,2.8656682808448273,0.9103567500393224,0.31566828084482745
174.52172514799997,3.307480402670379,2.865087602263969,0.9074803938863538,0.31508760226396904
174.55701922800006,3.304589475321047,2.8645025934031243,0.904589466537022,0.3145025934031245
174.59035833300004,3.3016988041615436,2.863916319956687,0.9016987953775186,0.31391631995668723
174.61367325100002,3.2988083897450395,2.863328782036851,0.8988083809610146,0.3133287820368511
174.76073440900007,3.295915291985638,2.8627393858920898,0.8959152832016128,0.31273938589208994
174.79246083200007,3.2929819269916765,2.862141147057337,0.8929819182076515,0.312141147057337
174.830578639,3.290048594423273,2.861542749251481,0.8900485856392479,0.31154274925148107
174.87312779800004,3.287115294288991,2.8609441924762726,0.887115285504966,0.3109441924762728
174.90730503400005,3.2841820265974526,2.860345476733464,0.8841820178134276,0.31034547673346413
174.94211944300002,3.281248791357268,2.8597466020248166,0.8812487825732429,0.30974660202481674
174.97409804900008,3.278315588577053,2.8591475683520864,0.878315579793028,0.30914756835208657
175.09152023800004,3.2753824182654254,2.8585483757170356,0.8753824094814004,0.30854837571703575
175.120372373,3.2724516461365756,2.8579494868282596,0.8724516373525506,0.30794948682825973
175.15009638700008,3.269522196181608,2.857350610619013,0.8695221873975831,0.30735061061901314
175.18082950300004,3.26659279794075,2.8567514815017843,0.8665927891567251,0.30675148150178444
175.21053307700004,3.2636634514358334,2.8561520994810468,0.8636634426518084,0.30615209948104694
175.33012166800006,3.260734156688693,2.8555524645612618,0.860734147904668,0.30555246456126195
175.36006344100008,3.2578187276983464,2.8549554846557617,0.8578187189143214,0.30495548465576183
175.39846241500004,3.254935360028836,2.8543661274530012,0.8549353512448112,0.3043661274530014
175.45853050900007,3.252051701484039,2.853778195120951,0.8520516927000141,0.3037781951209513
175.49407092900003,3.2491677527680873,2.853191687803174,0.8491677439840624,0.30319168780317396
175.59129861100007,3.2462835145851727,2.85260660564288,0.8462835058011478,0.3026066056428802
175.61549796300005,3.24337203572758,2.852017248912167,0.843372026943555,0.3020172489121671
175.65656461599997,3.240443735197832,2.851424885225112,0.8404437264138069,0.30142488522511224
175.71128851700007,3.2375153710986164,2.8508328358752317,0.8375153623145914,0.3008328358752319
175.75286872100003,3.234586943463676,2.850241100869348,0.8345869346796508,0.3002411008693482
175.821074661,3.2316908195376315,2.8496565393391045,0.8316908107536065,0.29965653933910463
175.868749826,3.2288052275666494,2.8490755397479153,0.8288052187826245,0.29907553974791545
175.899756304,3.22591935145357,2.8484959531642895,0.825919342669545,0.2984959531642897
175.970463106,3.223033191890312,2.847917779727188,0.8230331831062871,0.29791777972718814
175.99111014900006,3.2201467495688587,2.847341019575232,0.8201467407848337,0.29734101957523196
176.07549214800008,3.2172600251812624,2.846765672846707,0.8172600163972374,0.29676567284670696
176.09976050199998,3.2143729281422404,2.8461917214952357,0.8143729193582154,0.29619172149523587
176.14728408300005,3.211483820907519,2.8456188143403485,0.8114838121234942,0.29561881434034865
176.22112625300008,3.2085944427134856,2.845047275300849,0.8085944339294606,0.29504727530084907
176.24750677400004,3.205704794207998,2.8444771045048873,0.805704785423973,0.2944771045048875
176.339972741,3.2028148760389774,2.843908302080308,0.8028148672549524,0.2939083020803084
176.36035623400005,3.1998979315250895,2.843335396761866,0.7998979227410645,0.2933353967618664
176.41425958600007,3.196954750681889,2.842757469068056,0.796954741897864,0.29275746906805633
176.44920918399998,3.194011572916147,2.8421795257020532,0.7940115641321221,0.2921795257020534
176.538054085,3.1910683982279484,2.8416015666638756,0.7910683894439234,0.2916015666638758
176.587593772,3.1881389832407523,2.841026410007979,0.7881389744567273,0.29102641000797913
176.61974669100005,3.1852186445318584,2.8404536152111923,0.7852186357478335,0.2904536152111925
176.64444192899998,3.1822981866582425,2.8398814282991363,0.7822981778742175,0.28988142829913643
176.71759273600003,3.179377609746441,2.8393098492966,0.779377600962416,0.2893098492966
176.80398272000002,3.1764569139229906,2.8387388782283467,0.7764569051389656,0.2887388782283469
176.83728799100004,3.17353609931444,2.838168515119117,0.7735360905304152,0.28816851511911734
176.86001835000002,3.170617232248319,2.837599164176747,0.7706172234642938,0.287599164176747
176.89419519900002,3.167737397945107,2.837038647944126,0.7677373891610819,0.28703864794412626
176.93142505700007,3.1648572428937665,2.8364797821809233,0.7648572341097415,0.2864797821809235
177.00831097600008,3.1619767680402058,2.8359225670706825,0.7619767592561808,0.28592256707068264
177.03746070900002,3.1590959743304468,2.835367002796405,0.7590959655464218,0.28536700279640526
177.07732513500002,3.15621658939394,2.834812310345284,0.756216580609915,0.2848123103452842
177.101214089,3.1533378992804924,2.8342560599222604,0.7533378904964674,0.28425605992226055
177.16616702099998,3.1504595377744895,2.8336981115885425,0.7504595289904645,0.28369811158854263
177.26444150999998,3.147581505877388,2.8331384655382528,0.7475814970933632,0.28313846553825295
177.28725194700007,3.1447038045905362,2.832577121966108,0.7447037958065112,0.2825771219661082
177.32212667099998,3.1418145082623146,2.8320117986808055,0.7418144994782896,0.2820117986808057
177.35358885100004,3.1388924307515462,2.8314391813886557,0.7388924219675213,0.28143918138865587
177.40978275200007,3.1359704641881634,2.8308659982201,0.7359704554041384,0.2808659982201003
177.51801295000007,3.133048608681756,2.830292249196638,0.7330485998977312,0.2802922491966382
177.54333613100005,3.130126864341913,2.8297179343397887,0.7301268555578879,0.27971793433978887
177.56355752000002,3.127202329653904,2.829142509853165,0.7272023208698792,0.27914250985316524
177.61782890799998,3.1242766450256,2.828566376719562,0.7242766362415751,0.2785663767195623
177.65864485400004,3.121351050949862,2.8279897839378436,0.7213510421658369,0.2779897839378438
177.746168475,3.118425547498902,2.8274127315222404,0.718425538714877,0.27741273152224055
177.788764292,3.1154963103359803,2.8268344900520472,0.7154963015519553,0.2768344900520474
177.81347251700004,3.1125633103810557,2.8262552070856524,0.7125633015970307,0.27625520708565254
177.83140003200003,3.109630362357298,2.825675661245641,0.7096303535732731,0.275675661245641
177.90203538800006,3.1066974662882827,2.8250958525366734,0.7066974575042577,0.27509585253667357
178.01821641499998,3.103764622197553,2.8245157809633987,0.703764613413528,0.2745157809633989
178.07567177300007,3.1008361044177883,2.82393632376476,0.7008360956337634,0.2739363237647603
178.09622347000004,3.0979203422521207,2.8233598386744743,0.6979203334680957,0.27335983867447444
178.12364545800006,3.0950044413028444,2.822784055972278,0.6950044325188194,0.27278405597227806
178.17649633999997,3.092088401739173,2.8222089756915847,0.692088392955148,0.27220897569158486
178.29085821800004,3.0891722237303156,2.8216345978657666,0.6891722149462907,0.2716345978657668
178.32327341500002,3.0862531227102847,2.821060090825251,0.6862531139262598,0.2710600908252512
178.34733058000006,3.083332594021484,2.8204847714087458,0.683332585237459,0.27048477140874594
178.39411748500004,3.08041218178856,2.8199088611354304,0.6804121730045352,0.26990886113543056
178.42889678799997,3.0774918861310514,2.8193323600288758,0.6774918773470264,0.26933236002887595
178.54798960000005,3.0745717071684897,2.8187552681126813,0.6745716983844647,0.26875526811268147
178.57969587600007,3.07165978840242,2.818179137172976,0.6716597796183952,0.26817913717297603
178.61074343400003,3.0687547071712418,2.817603393318996,0.6687546983872168,0.2676033933189963
178.64658291199999,3.0658498177899483,2.81702668227558,0.6658498090059233,0.26702668227558
178.69431820800003,3.0629451205805482,2.8164490041066546,0.6629451117965233,0.26644900410665473
178.79687522900008,3.0600406158650286,2.815870358876257,0.6600406070810036,0.2658703588762572
178.84645823200003,3.0571212149809623,2.8152880295455085,0.6571212061969374,0.2652880295455087
178.88203588300007,3.0541933695377126,2.81470431378728,0.6541933607536876,0.2647043137872802
178.91184310799997,3.051265450588527,2.8141209668468488,0.6512654418045019,0.26412096684684894
178.94747537299997,3.048337458179849,2.8135379887334637,0.6483374493958238,0.2635379887334639
179.043097193,3.045409392358155,2.8129553794563837,0.6454093835741301,0.2629553794563839
179.067981455,3.0425192540333175,2.8123799957673112,0.6425192452492925,0.2623799957673114
179.11413608099997,3.0396360925469756,2.811804463901313,0.6396360837629507,0.26180446390131307
179.14349050700002,3.036753230508181,2.811227433962425,0.636753221724156,0.261227433962425
179.184982751,3.0338706686953207,2.810648906106447,0.6338706599112958,0.260648906106447
179.310795245,3.0309776634758565,2.810066908725437,0.6309776546918315,0.26006690872543725
179.33552521900003,3.028067496705563,2.8094818564654696,0.628067487921538,0.25948185646546973
179.38178674300002,3.0251571697825157,2.8088976014023888,0.6251571609984907,0.25889760140238893
179.41006545900007,3.022246682925083,2.8083141435800316,0.6222466741410582,0.2583141435800318
179.43852657900004,3.019336036351658,2.8077314830421787,0.6193360275676332,0.25773148304217885
179.542886115,3.0164252302806456,2.8071496198325523,0.6164252214966206,0.25714961983255247
179.57716524299997,3.0135490452644143,2.8065746945019474,0.6135490364803893,0.2565746945019476
179.60770746499998,3.010684776107569,2.806000206464739,0.6106847673235438,0.2560002064647393
179.629370935,3.0078208993868722,2.805423765282679,0.6078208906028473,0.25542376528267896
179.67390499600003,3.00495741643417,2.8048453712238404,0.6049574076501449,0.25484537122384054
179.78254498500007,3.002094328581127,2.8042650245572056,0.6020943197971018,0.2542650245572058
179.806508356,2.9992236619570836,2.8036811302843034,0.5992236531730586,0.2536811302843036
179.83165047500006,2.9963262861172333,2.8030904178844174,0.5963262773332083,0.25309041788441755
179.87436425700002,2.993429130722333,2.802498625256446,0.5934291219383079,0.2524986252564463
179.90759142800005,2.9905321961751206,2.8019057524826567,0.5905321873910956,0.2519057524826569
180.006167011,2.9876326657251364,2.8013112279267527,0.5876326569411114,0.25131122792675287
180.04336061000004,2.984699297479818,2.800709391227821,0.5846992886957931,0.2507093912278213
180.07002555600002,2.9817659003991976,2.80010769509027,0.5817658916151727,0.2501076950902701
180.09168133000003,2.978832474489963,2.7995061395154783,0.578832465705938,0.2495061395154785
180.12329143199997,2.9758990197588493,2.798904724504827,0.5758990109748243,0.24890472450482726
180.25102772499997,2.9729655764112213,2.7983034583254067,0.5729655676271963,0.2483034583254069
180.29024861800008,2.9700328657890034,2.797702500693665,0.5700328570049784,0.24770250069366506
180.313457622,2.9671001220997004,2.7971017044539446,0.5671001133156754,0.24710170445394475
180.34632376900004,2.96416734535219,2.796501069608068,0.5641673365681652,0.24650106960806806
180.39189951600008,2.9612345355553535,2.795900596157856,0.5612345267713286,0.2459005961578562
180.49658311000007,2.958301692718079,2.7953002841051235,0.558301683934054,0.24530028410512372
180.53443934400002,2.955419051579441,2.7947096323333795,0.5554190427954162,0.24470963233337972
180.56638735399997,2.9525393539229454,2.7941180205786704,0.5525393451389204,0.2441180205786706
180.58618042600006,2.949659965112807,2.7935249074855903,0.5496599563287821,0.24352490748559052
180.61402716200007,2.9467808859317532,2.79293029321537,0.5467808771477283,0.24293029321537007
180.74346871400007,2.9439021171624256,2.7923341779296464,0.5439021083784006,0.24233417792964662
180.772481125,2.940987947801821,2.791729527176179,0.5409879390177958,0.24172952717617902
180.80117627699997,2.9380591628825923,2.791121569837075,0.5380591540985673,0.241121569837075
180.83477339500007,2.935130424236738,2.7905133896223755,0.5351304154527132,0.24051338962237567
180.86316866699997,2.9322017318812215,2.78990498653559,0.5322017230971965,0.23990498653559023
180.98404463400004,2.9292730858330005,2.7892963605802503,0.5292730770489755,0.2392963605802505
181.05257381900003,2.926352784625925,2.788689526130503,0.5263527758419002,0.2386895261305031
181.078969863,2.923433316607767,2.788083343354612,0.5234333078237419,0.23808334335461234
181.11151125000004,2.9205137526760536,2.7874776226966502,0.5205137438920286,0.2374776226966504
181.152528167,2.917594092903934,2.7868723641717956,0.5175940841199091,0.2368723641717958
181.26715796000008,2.9146830686153558,2.78626941677716,0.5146830598313308,0.23626941677715996
181.30960523800002,2.9117880750599845,2.7856707945505437,0.5117880662759595,0.23567079455054385
181.35177010799998,2.9088928546670703,2.785073270381748,0.5088928458830453,0.23507327038174797
181.37542909399997,2.9059974078531026,2.7844768443567283,0.5059973990690776,0.23447684435672844
181.51718307300007,2.903101735034601,2.783881516561282,0.5031017262505761,0.23388151656128198
181.55901439800004,2.9002049701805754,2.783287108869496,0.5002049613965505,0.23328710886949633
181.57922102100008,2.897291564972788,2.7826901824842736,0.49729155618876314,0.23269018248427376
181.61451572500005,2.894378024962349,2.782093914405535,0.49437801617832416,0.23209391440553517
181.64949718499997,2.8914643502980124,2.7814983046637245,0.4914643415139874,0.23149830466372467
181.78403215100002,2.8885505411285317,2.780903353289247,0.4885505323445067,0.23090335328924727
181.80943173499998,2.8856361000643598,2.7803089526942304,0.48563609128033475,0.23030895269423057
181.84807538500002,2.882717180269942,2.7797135878958463,0.48271717148591703,0.2297135878958465
181.87437249000004,2.879798368783952,2.779117692335333,0.47979835999992687,0.22911769233533308
181.90691633699998,2.8768796657029645,2.77852126603241,0.47687965691893947,0.22852126603241008
182.050864079,2.873961071123487,2.7779243090067927,0.47396106233946206,0.22792430900679284
182.07947072700006,2.87109108464701,2.7773379385700663,0.4710910758629851,0.22733793857006646
182.12647039500007,2.86822073929472,2.7767533273977363,0.46822073051069507,0.22675332739773646
182.163367106,2.865350036145019,2.7761704757094474,0.4653500273609938,0.2261704757094476
182.19147221800006,2.8624789762764546,2.7755893837241823,0.4624789674924296,0.22558938372418247
182.33671886700006,2.8596075607677025,2.775010051660261,0.4596075519836775,0.2250100516602611
182.37159828300003,2.8567116710331564,2.7744274273574794,0.45671166224913134,0.22442742735747956
182.39730591800003,2.8537973486429724,2.773841904618,0.4537973398589474,0.22384190461800024
182.44830921900007,2.850882887089199,2.773257074964212,0.4508828783051739,0.223257074964212
182.47850584100001,2.8479682865366667,2.7726729384291886,0.44796827775264164,0.22267293842918878
182.60296821600002,2.8450535471502114,2.77208949504597,0.4450535383661864,0.22208949504596998
182.64240796700005,2.842138669094681,2.7715067448475508,0.4421386603106558,0.22150674484755095
182.67594192700005,2.839210322105357,2.7709218824781585,0.43921031332133204,0.2209218824781587
182.697900495,2.8362785811199607,2.770336626204121,0.43627857233593564,0.2203366262041211
182.74941410899999,2.8333467873292153,2.7697516345116937,0.43334677854519027,0.21975163451169388
182.88311534500008,2.8304149407569836,2.769166907405636,0.4304149319729586,0.21916690740563638
182.93045370000004,2.827481530445467,2.768582107839543,0.42748152166144177,0.21858210783954313
182.96681426600003,2.824545861073467,2.7679967655319033,0.4245458522894418,0.2179967655319035
182.98809609400007,2.821610224902447,2.7674112567358886,0.42161021611842203,0.2174112567358888
183.04002737999997,2.818674621941848,2.7668255814533853,0.4186746131578229,0.21682558145338549
183.17667579600004,2.8157390522011116,2.7662397396862812,0.4157390434170866,0.2162397396862814
183.230830718,2.8128025409572506,2.7656535660341133,0.41280253217322554,0.21565356603411345
183.25585643,2.8098648314947634,2.7650672246922974,0.4098648227107384,0.21506722469229755
183.296858434,2.8069270999412805,2.7644809940424677,0.4069270911572555,0.2144809940424679
183.33284852300005,2.8039893463009724,2.763894874085471,0.4039893375169474,0.21389487408547136
183.35371367900007,2.8010515705780143,2.7633088648221373,0.4010515617939893,0.2133088648221375
183.39786781700002,2.79811377277657,2.7627229662532966,0.3981137639925451,0.21272296625329679
183.497043189,2.79517595290082,2.762137178379787,0.39517594411679496,0.21213717837978718
183.52589834800006,2.7922634664155965,2.7615561594441878,0.3922634576315715,0.21155615944418793
183.55219315199997,2.789353953875656,2.7609748733638626,0.38935394509163096,0.21097487336386278
183.587136449,2.786444607644893,2.760392755474771,0.38644459886086796,0.21039275547477132
183.61948832300004,2.7835354279611177,2.7598098058244953,0.3835354191770927,0.2098098058244955
183.72884667200003,2.7806264150621236,2.759226024460686,0.3806264062780986,0.20922602446068606
183.77399815600006,2.7777222563753994,2.7586423352447933,0.37772224759137435,0.20864233524479348
183.81032454299998,2.7748292534171197,2.758059713355273,0.3748292446330947,0.20805971335527307
183.87911406700005,2.771936497699544,2.757475865137673,0.37193648891551895,0.20747586513767313
183.90979482700004,2.769043989742505,2.756890790696916,0.3690439809584802,0.20689079069691596
184.00101189200007,2.7661517300657916,2.756304490138137,0.3661517212817666,0.206304490138137
184.01958904900005,2.7632284379644103,2.7557112669151698,0.3632284291803853,0.20571126691516994
184.05475928099997,2.7603007373187465,2.755117476050537,0.36030072853472145,0.2051174760505372
184.10530641600008,2.7573729713836777,2.754524007188066,0.3573729625996526,0.2045240071880663
184.13744466499998,2.7544451401945524,2.7539308603349224,0.3544451314105274,0.20393086033492258
184.20580752600006,2.7515249383985934,2.7533395704052976,0.3515249296145683,0.20333957040529782
184.23932864200003,2.748648500543861,2.752756183416972,0.34864849175983575,0.2027561834169722
184.265753647,2.745772391777932,2.7521711761718755,0.34577238299390695,0.20217117617187563
184.31169824000006,2.7428966130134707,2.751584548855645,0.3428966042294456,0.20158454885564536
184.350560566,2.7400211651630406,2.7509963016544328,0.3400211563790156,0.20099630165443294
184.410079602,2.7371218225212344,2.750401641722287,0.33712181373720934,0.20040164172228714
184.45142982900006,2.7341856631242276,2.7497992323181797,0.3341856543402026,0.19979923231817986
184.47756081400007,2.731249489737783,2.7491968911033067,0.3312494809537578,0.19919689110330685
184.54910364800003,2.7283133023634165,2.7485946180780028,0.3283132935793915,0.19859461807800294
184.567509782,2.7253771010027115,2.7479924132425797,0.32537709221868644,0.19799241324257988
184.67519269700006,2.722495716592926,2.747402027223331,0.3224957078089012,0.197402027223331
184.70287064800004,2.7196374726520136,2.7468184304091596,0.3196374638679886,0.1968184304091598
184.73401774299998,2.716778810734175,2.7462368844464273,0.31677880195015,0.1962368844464275
184.785451329,2.7139197323109423,2.7456573896344945,0.31391972352691727,0.19565738963449464
184.87470119300008,2.7110602388540537,2.7450799462716624,0.31106023007002864,0.19507994627166259
184.91643541100007,2.7081736691019254,2.7444989961862913,0.30817366031790033,0.19449899618629152
184.93570574500006,2.70525416919802,2.7439121970604687,0.30525416041399506,0.19391219706046892
184.96595569,2.7023345568916906,2.743325957447634,0.3023345481076655,0.19332595744763426
185.02721072999998,2.6994148322901594,2.742740277369315,0.2994148235061344,0.1927402773693152
185.10920288400007,2.6964949955006583,2.742155156847025,0.29649498671663327,0.19215515684702522
185.14136070400002,2.693575046630427,2.7415705959022514,0.2935750378464021,0.19157059590225156
185.17977141799997,2.69065581771652,2.740986770999492,0.2906558089324948,0.19098677099949235
185.210180037,2.6877365648715714,2.7404035478636177,0.2877365560875464,0.1904035478636179
185.27393960300003,2.684817195538272,2.739820908099481,0.284817186754247,0.18982090809948104
185.37835379700005,2.6818977098332017,2.7392388517303434,0.2818977010491767,0.1892388517303436
185.40295598,2.6789766944323987,2.7386570865660436,0.2789766856483737,0.18865708656604374
185.43452595200006,2.6760476592112754,2.7380737173729015,0.2760476504272504,0.18807371737290168
185.47298861700006,2.673118691938589,2.737490007121547,0.27311868315456417,0.1874900071215473
185.53288473700002,2.670189792654039,2.736905955819889,0.27018978387001397,0.18690595581988934
185.63846475399998,2.667260961397336,2.736321563475848,0.2672609526133111,0.18632156347584816
185.66375347300004,2.664325867223467,2.735735626668697,0.26432585843944206,0.18573562666869714
185.691051367,2.661385601694894,2.7351486624562797,0.261385592910869,0.18514866245627992
185.74680150400002,2.6584453274215543,2.7345617420505093,0.25844531863752923,0.18456174205050946
185.78382599500003,2.6555050444040984,2.7339748654515157,0.2555050356200734,0.18397486545151587
185.88104996000004,2.6525647526431846,2.733388032659429,0.25256474385915956,0.18338803265942927
185.928733748,2.649624621709476,2.7328012784314626,0.24962461292545107,0.18280127843146277
185.96030777099998,2.6466847348494427,2.732214627859793,0.24668472606541764,0.18221462785979314
185.9976941,2.6437448370493533,2.7316280321147732,0.24374482826532823,0.1816280321147734
186.04558279700007,2.640804928310233,2.731041491196608,0.2408049195262078,0.18104149119660828
186.13533448300007,2.6378650086331024,2.730455005105503,0.23786499984907733,0.18045500510550339
186.15624155800003,2.6349367666708106,2.7298709599969104,0.23493675788678553,0.1798709599969106
186.18124679800007,2.632030105861766,2.729291980290107,0.23203009707774086,0.17929198029010696
186.22407374500006,2.629123263368147,2.728713913445369,0.22912325458412214,0.17871391344536924
186.25244510200002,2.626216239476643,2.7281367595197086,0.22621623069261781,0.17813675951970875
186.34757710899999,2.623309034473959,2.727560518570049,0.2233090256899341,0.17756051857004929
186.38312785699998,2.6203897161745258,2.726982202937735,0.22038970739050073,0.17698220293773526
186.417770936,2.61746917065516,2.7264030578850216,0.21746916187113502,0.17640305788502175
186.439274296,2.6145487385558224,2.725823341164604,0.21454872977179734,0.17582334116460396
186.49946692100002,2.611628419988412,2.7252430527986933,0.21162841120438708,0.17524305279869345
186.59889076900004,2.608708215064824,2.7246621928095247,0.20870820628079917,0.17466219280952489
186.64188877499998,2.6058020133516053,2.7240833418555486,0.2058020045675803,0.17408334185554875
186.67887658799998,2.602895995957927,2.7235035662675435,0.20289598717390195,0.1735035662675437
186.708446117,2.5999901631779636,2.7229228661042026,0.19999015439393858,0.17292286610420282
186.76585988300008,2.5970845153058777,2.722341241424311,0.19708450652185266,0.17234124142431106
186.85551466599998,2.594173534821823,2.721757650209424,0.19417352603779786,0.17175765020942402
186.88171931300008,2.591249684895707,2.721171600328469,0.19124967611168214,0.17117160032846934
186.903370043,2.588325743605972,2.720586006452561,0.1883257348219471,0.17058600645256128
186.943908987,2.585401711023724,2.7200008685959367,0.18540170223969893,0.17000086859593688
186.97105815100008,2.5824775872200805,2.719416186772835,0.18247757843605544,0.169416186772835
187.06198765800002,2.5795533722661657,2.7188319609974703,0.17955336348214063,0.16883196099747044
187.094001542,2.5766290662331035,2.718248191284056,0.17662905744907847,0.16824819128405633
187.124338127,2.5737239083767247,2.7176689203857247,0.17372389959269968,0.1676689203857249
187.15912229399999,2.5708233593993923,2.7170916688208413,0.1708233506153673,0.16709166882084148
187.199216719,2.5679225976580997,2.7165154873743154,0.16792258887407469,0.16651548737431554
187.309793572,2.5650216176669027,2.7159403305061245,0.1650216088828777,0.16594033050612467
187.34026521600003,2.5621206564263943,2.7153647782158634,0.16212064764236928,0.1653647782158636
187.36323813,2.559219907352063,2.7147881575731776,0.15921989856803792,0.16478815757317777
187.403445605,2.5563193708373655,2.71421046865628,0.15631936205334046,0.1642104686562802
187.43339568199997,2.553419047275721,2.7136317115435244,0.15341903849169597,0.16363171154352463
187.530637663,2.550518937060517,2.7130518863134143,0.150518928276492,0.1630518863134145
187.561703588,2.5476087816296675,2.7124690232832003,0.1476087728456425,0.16246902328320045
187.59859118100007,2.5446779966088284,2.711882021371257,0.1446779878248034,0.16188202137125707
187.62546619700004,2.5417471555988804,2.7112952990713066,0.1417471468148554,0.1612952990713068
187.67841903400006,2.5388162586264746,2.710708856388687,0.1388162498424496,0.16070885638868715
187.78037661000008,2.5358853057182897,2.710122693328737,0.1358852969342647,0.16012269332873696
187.80141300900004,2.5329541198328465,2.70953677427159,0.13295411104882143,0.15953677427159008
187.83411973500006,2.530021289477474,2.708950789063945,0.13002128069344904,0.15895078906394522
187.860802606,2.5270884123986197,2.708365037753826,0.12708840361459467,0.15836503775382615
187.89308781300008,2.524155488614937,2.707779520344955,0.12415547983091185,0.15777952034495524
188.00832750100005,2.521222518145081,2.7071942368410578,0.12122250936105589,0.15719423684105793
188.038411646,2.5183229325762735,2.7066163023572964,0.11832292379224846,0.15661630235729662
188.06585131300005,2.515423129934702,2.706039458029723,0.11542312115067682,0.1560394580297233
188.11511584800007,2.5125231106302266,2.705463703939871,0.11252310184620157,0.15546370393987097
188.13967906000005,2.509622875072742,2.704889040169116,0.10962286628871704,0.1548890401691163
188.243069151,2.5067224236721777,2.704315466798684,0.10672241488815265,0.15431546679868413
188.282795933,2.5037915207842154,2.703736660516235,0.10379151200019038,0.15373666051623536
188.31100016200003,2.500854236149095,2.70315676400268,0.10085422736506983,0.1531567640026803
188.33828132400004,2.4979169212668233,2.702577020717625,0.09791691248279827,0.15257702071762536
188.38344924600005,2.4949795761454023,2.701997430662659,0.0949795673613773,0.15199743066265903
188.496263817,2.492042200792821,2.701417993839349,0.0920421920087961,0.1514179938393494
188.52782195400005,2.4891669843651885,2.700851586125156,0.08916697558116343,0.15085158612515626
188.56517726800007,2.4863121079996584,2.7002914528479116,0.08631209921563338,0.1502914528479118
188.58410055299998,2.4834567922492394,2.6997335636867543,0.0834567834652144,0.1497335636867545
188.60760622099997,2.4806010388779494,2.699177918986347,0.08060103009392433,0.14917791898634736
188.736922896,2.477725739570625,2.6986206965127115,0.07772573078660011,0.1486206965127117
188.795892589,2.4748230774174327,2.6980594912206284,0.07482306863340765,0.14805949122062856
188.79671225900006,2.4719202034912318,2.6974993823704554,0.07192019470720673,0.14749938237045557
188.81932497100001,2.4690171182061924,2.696940370042108,0.06901710942216738,0.14694037004210836
188.85389260700003,2.4661138219765117,2.6963824543153434,0.06611381319248671,0.14638245431534358
188.958521905,2.46320330042682,2.695824265746798,0.06320329164279487,0.14582426574679808
188.99912243799997,2.460269507731617,2.6952621798440566,0.06026949894759199,0.14526217984405676
189.02439915499997,2.457335652469212,2.6947004206075533,0.05733564368518702,0.1447004206075535
189.05676740500007,2.4544017346759857,2.6941389880442577,0.054401725891960635,0.14413898804425784
189.10284466999997,2.451467754388313,2.6935778821611276,0.05146774560428819,0.14357788216112777
189.23364666999998,2.4485337116425665,2.6930171029651206,0.04853370285854148,0.14301710296512082
189.26629490300002,2.445607217535259,2.6924581446319125,0.04560720875123398,0.14245814463191264
189.313716764,2.4426920124989753,2.6919020957008857,0.04269200371495025,0.14190209570088586
189.338967358,2.4397766522182933,2.69134686128994,0.039776643434268295,0.14134686128994023
189.39813419000006,2.436861136920795,2.690792441442418,0.03686112813677007,0.14079244144241798
189.49818435200007,2.4339454668340714,2.6902388362015994,0.0339454580500464,0.1402388362015996
189.52404524600001,2.4310174799301474,2.6896835849747807,0.03101747114612236,0.13968358497478084
189.55981540900007,2.4280887590891274,2.689128699193914,0.02808875030510233,0.13912869919391424
189.58844969100005,2.4251599460647633,2.6885743001834834,0.025159937280738235,0.1385743001834836
189.70475168400003,2.422231040937964,2.688020387958807,0.022231032153939127,0.13802038795880733
189.733694399,2.419302043789633,2.6874669625351806,0.019302035005607846,0.13746696253518076
189.77205885500007,2.4163811951569656,2.6869152569420645,0.016381186372940563,0.13691525694206463
189.80179924200002,2.4134639905887627,2.686363485058531,0.013463981804737684,0.13636348505853135
189.82921240300004,2.410546934712312,2.6858109276245385,0.010546925928287048,0.13581092762453872
189.966560801,2.4076300277391467,2.6852575846801527,0.00763001895512167,0.13525758468015292
189.994297158,2.404713269880791,2.684703456265502,0.0047132610967661245,0.13470345626550229
190.04910137399997,2.4017910839857266,2.6841478293108,0.00179107520170158,0.13414782931080005
190.074173761,2.3988664358144867,2.683592275616676,-0.0011335729695383608,0.1335922756166763
190.117250581,2.3959416767007524,2.6830373062849007,-0.004058332083272604,0.13303730628490085
190.2423463,2.3930168067612803,2.682482921337629,-0.006983202022744767,0.1324829213376293
190.27396927100006,2.390106224607085,2.6819316013743015,-0.009893784176939808,0.1319316013743017
190.30104888100004,2.3872101998962196,2.681381924100824,-0.012789808887805393,0.13138192410082405
190.323105049,2.3843144244962473,2.680830934932198,-0.015685584287777717,0.13083093493219833
190.368839256,2.381418899001473,2.6802786339815032,-0.01858110978255217,0.1302786339815034
190.49709971100003,2.3785236240061316,2.6797250213620853,-0.021476384777893428,0.12972502136208552
190.52671036900006,2.375608418058255,2.6791664589156126,-0.02439159072577018,0.12916645891561274
190.55591931200001,2.3726895413533127,2.678606454964566,-0.027310467430712356,0.12860645496456602
190.58916278900006,2.369770800087652,2.678045745531808,-0.030229208696372963,0.12804574553180803
190.62176271700002,2.3668521944317877,2.6774843306500964,-0.033147814352237286,0.12748433065009657
190.74222621600006,2.3639337245562233,2.676922210352226,-0.03606628422780172,0.12692221035222628
190.789813836,2.3610206501289417,2.676360357307499,-0.038979358655083333,0.12636035730749917
190.81172533900008,2.3581112525786767,2.675798269215643,-0.041888756205348314,0.1257982692156432
190.83977496700004,2.3552020344590354,2.6752352531760484,-0.0447979743249896,0.12523525317604856
190.892970643,2.352292996065983,2.674671309245994,-0.04770701271804217,0.12467130924599434
191.00746771900003,2.3493841376954716,2.674106437482854,-0.050615871088553414,0.12410643748285421
191.04942428200002,2.346475459643427,2.6735406379440936,-0.05352454914059784,0.12354063794409376
191.08594322300007,2.343561385628795,2.6729736259289067,-0.05643862315523012,0.12297362592890693
191.11325344600004,2.340646874268038,2.672407338770054,-0.059353134515987054,0.12240733877005416
191.13885774800008,2.3377322109497762,2.6718418342524393,-0.06226779783424879,0.12184183425243944
191.27199420199997,2.334817395884174,2.6712771124168384,-0.065182612899851,0.12127711241683858
191.302749566,2.3319024292814077,2.6707131733039726,-0.06809757950261736,0.1207131733039728
191.33913887799997,2.328979902289845,2.6701485013128625,-0.07102010649418006,0.1201485013128627
191.36220383700004,2.326055956499356,2.669584138285982,-0.0739440522846691,0.11958413828598236
191.40848125800005,2.3231319027307094,2.669020334978182,-0.07686810605331568,0.11902033497818199
191.438622462,2.3202077410910475,2.668457091410122,-0.07979226769297748,0.1184570914101224
191.46753372900002,2.3172834716875212,2.6678944076024407,-0.08271653709650378,0.11789440760244085
191.57541083299998,2.314359094627283,2.667332283575755,-0.08564091415674208,0.11733228357575509
191.61683696500006,2.3114406120261863,2.6667719034974557,-0.0885593967578387,0.11677190349745592
191.63949706799997,2.308530973634048,2.66621412741756,-0.09146903514997723,0.11621412741756032
191.66645897,2.30562115469138,2.665657294005117,-0.09437885409264496,0.11565729400511726
191.696884662,2.302711155503592,2.665101403318573,-0.09728885328043285,0.11510140331857333
191.82060684600003,2.299800976376108,2.66454645541627,-0.10019903240791722,0.11454645541627029
191.85670324400007,2.296891747146651,2.6639926674576917,-0.10310826163737424,0.11399266745769188
191.88916198900006,2.2939887184699725,2.6634411621695495,-0.10601129031405249,0.11344116216954969
191.94495727100002,2.2910854746918994,2.6628907903447434,-0.10891453409212565,0.11289079034474359
191.97559362599998,2.2881820162549813,2.6623415520671663,-0.11181799252904373,0.11234155206716645
192.047798887,2.285278343601803,2.6617934474205414,-0.1147216651822221,0.11179344742054154
192.081860881,2.2823480307714994,2.661240865005248,-0.11765197801252564,0.11124086500524832
192.10637851299998,2.2794142582441594,2.66068725763437,-0.12058575053986559,0.11068725763437026
192.176865261,2.2764805550750906,2.660133282834351,-0.12351945370893441,0.11013328283435131
192.2024288,2.27354692131031,2.6595789406138826,-0.12645308747371514,0.10957894061388274
192.279784286,2.2706133569958316,2.6590242309816556,-0.12938665178819347,0.10902423098165581
192.315057345,2.267691852150061,2.658471547158059,-0.13230815663396417,0.10847154715805907
192.34740576900003,2.2647882032576567,2.6579231358885056,-0.1352118055263683,0.10792313588850577
192.409960382,2.2618843406309916,2.657375857480059,-0.1381156681530334,0.10737585748005918
192.43792004099998,2.2589802647120463,2.6568297120160196,-0.14101974407197876,0.10682971201601976
192.53555694099998,2.256075975942838,2.6562846995795133,-0.14392403284118688,0.10628469957951348
192.56207179,2.253184937910024,2.655743136278454,-0.14681507087400109,0.10574313627845422
192.616463362,2.2503190982720147,2.6552048333989093,-0.14968091051201032,0.10520483339890951
192.651969539,2.2474536514777075,2.6546644432714794,-0.15254635730631755,0.10466444327147961
192.67176755700007,2.244588599047275,2.6541219661828497,-0.15541140973674988,0.10412196618284986
192.79755569100007,2.241727261179045,2.653578003353865,-0.15827274760497995,0.10357800335386536
192.83150256,2.238867761849256,2.653032113130087,-0.16113224693476896,0.10303211313008731
192.85475203099998,2.2360086837709194,2.6524840208974756,-0.1639913250131056,0.10248402089747577
192.92978632200004,2.23315002863973,2.6519337269810954,-0.16684998014429514,0.1019337269810956
193.00870267800008,2.2302917981511343,2.651381231707325,-0.1697082106328907,0.10138123170732527
193.04145466199998,2.2274339940003256,2.6508265354038425,-0.17256601478369943,0.10082653540384268
193.07986978999998,2.2245271539748046,2.650260538790603,-0.17547285480922042,0.10026053879060326
193.11070188300005,2.221597305643531,2.6496896070391536,-0.17840270314049406,0.09968960703915375
193.18158632100005,2.2186675317660733,2.6491182933460715,-0.1813324770179517,0.0991182933460717
193.269386414,2.215737832392197,2.648546597721057,-0.18426217639182824,0.09854659772105734
193.296316435,2.212808207571694,2.6479745201738285,-0.1871918012123311,0.09797452017382868
193.34015781200003,2.209881212562478,2.6474025292590513,-0.19011879622154698,0.09740252925905146
193.37181947,2.2069545896550897,2.6468301393065996,-0.1930454191289353,0.09683013930659978
193.42917622000004,2.204028055719931,2.646257294627739,-0.19597195306409404,0.09625729462773913
193.534244844,2.2011016108276587,2.6456839952362983,-0.19889839795636638,0.09568399523629845
193.56909262500005,2.198176340345918,2.645110445979991,-0.20182366843810723,0.09511044597999119
193.59762270400006,2.195252054714085,2.6445365704267094,-0.20474795406994023,0.0945365704267096
193.62739078200002,2.1923278682808687,2.6439621896201073,-0.20767214050315635,0.0939621896201075
193.68384866300005,2.189403781133566,2.6433873035773305,-0.2105962276504592,0.09338730357733072
193.77617047399997,2.1864797933594713,2.6428119123155405,-0.21352021542455374,0.09281191231554065
193.81289647000006,2.1835560242409326,2.6422360725519773,-0.21644398454309238,0.09223607255197752
193.83690205300002,2.1806325862639224,2.6416605372377586,-0.2193674225201026,0.0916605372377588
193.862597919,2.177709046339099,2.6410855200108365,-0.22229096244492613,0.0910855200108367
193.92469235700003,2.1747854045582695,2.6405110208892673,-0.2252146042257555,0.09051102088926744
194.02241152,2.1718616610132524,2.639937039891095,-0.22813834777077263,0.08993703989109525
194.05686058599997,2.1689369800029414,2.639363368087376,-0.2310630287810836,0.08936336808737622
194.10169811600008,2.16601037010229,2.6387891002576422,-0.2339896386817349,0.08878910025764242
194.133199859,2.163083847731055,2.6382143865363434,-0.23691616105297003,0.08821438653634361
194.16815535400008,2.160157412957159,2.6376392269368214,-0.239842595826866,0.08763922693682158
194.255208745,2.157228147473069,2.6370630551205974,-0.24277186131095624,0.08706305512059753
194.314921088,2.1542872517416143,2.636484398020378,-0.24571275704241075,0.086484398020378
194.32318147400008,2.1513463696314847,2.6359056716971034,-0.2486536391525403,0.08590567169710361
194.35256162100006,2.1484055011443073,2.635326876151122,-0.25159450763971775,0.08532687615112211
194.41433540600008,2.1454646462817175,2.6347480113827366,-0.2545353625023075,0.0847480113827368
194.50344214300003,2.1425234123203314,2.6341690018952164,-0.25747659646369364,0.08416900189521659
194.52616571500005,2.139580610751698,2.6335896736931668,-0.2604193980323269,0.08358967369316694
194.55754622300003,2.1366378055862922,2.6330103637618643,-0.2633622031977328,0.08301036376186444
194.59616289300004,2.1336949968242283,2.632431072101331,-0.2663050119597968,0.08243107210133127
194.627500339,2.13075218446562,2.6318517987115895,-0.26924782431840516,0.08185179871158965
194.75413340299997,2.1278093685105803,2.631272543592661,-0.2721906402734447,0.08127254359266134
194.79697650800006,2.124904962439547,2.6307003384506484,-0.27509504634447796,0.08070033845064861
194.818065358,2.1220007537382073,2.6301271324064457,-0.27799925504581774,0.08012713240644587
194.86516750700002,2.119096742751495,2.629552925528132,-0.2809032660325302,0.07955292552813198
194.90599430100008,2.1161929298243143,2.6289777178839016,-0.28380707895971075,0.07897771788390173
194.99760192300005,2.113289315301542,2.6284015095420745,-0.28671069348248285,0.0784015095420747
195.02526372500006,2.110369988304425,2.627821328753077,-0.2896300204796001,0.07782132875307735
195.051241215,2.107449007497214,2.6272402439029054,-0.29255100128681116,0.07724024390290563
195.090694999,2.10452813643258,2.626658607673839,-0.29547187235144495,0.07665860767383936
195.11815054200008,2.1016073752146007,2.6260764200865983,-0.2983926335694243,0.07607642008659843
195.229546819,2.098686723947355,2.625493681161931,-0.30131328483667025,0.07549368116193111
195.25975076200007,2.095765257510849,2.6249102116701377,-0.30423475127317584,0.0749102116701379
195.290974032,2.0928427627700317,2.6243260099737173,-0.30715724601399336,0.07432600997371752
195.31780827400007,2.0899203677472973,2.6237413096544957,-0.31007964103672775,0.07374130965449588
195.36155722,2.086998072527718,2.6231561107294996,-0.31300193625630707,0.07315611072949979
195.463582083,2.084075269677788,2.622570295090748,-0.31592473910623703,0.07257029509074808
195.50555955100003,2.0811518192427947,2.621983861601127,-0.31884818954123034,0.07198386160112724
195.53729387700002,2.0782284619110816,2.6213969641699437,-0.32177154687294346,0.0713969641699439
195.56117021,2.0753051977562733,2.6208096028119834,-0.3246948110277517,0.07080960281198356
195.62054096200006,2.072382026851995,2.620221777542037,-0.32761798193203,0.07022177754203707
195.72686977299998,2.069458949271867,2.6196334883749097,-0.3305410595121581,0.0696334883749099
195.75411375099998,2.0665352023256744,2.6190445826593463,-0.3334648064583506,0.06904458265934643
195.79435641700002,2.063604662205068,2.6184539470779304,-0.33639534657895714,0.06845394707793062
195.82181519799997,2.0606741760109895,2.6178630439937964,-0.3393258327730356,0.06786304399379661
195.84966640699997,2.0577437437678583,2.617271873411872,-0.34225626501616674,0.06727187341187202
195.96108167,2.0548159813145204,2.616680974881853,-0.34518402746950466,0.06668097488185332
195.995944872,2.051902981761473,2.616093431454929,-0.3480970270225519,0.06609343145492907
196.03015050300007,2.0489898379968414,2.615506603472379,-0.3510101707871836,0.06550660347237924
196.07451972900003,2.0460765501963314,2.6149204909695953,-0.35392345858769364,0.06492049096959551
196.124614652,2.0431631185356682,2.6143350939819334,-0.3568368902483568,0.0643350939819336
196.24100360199998,2.0402495431905856,2.6137504125447033,-0.35975046559343943,0.06375041254470348
196.27374498900008,2.037327224116229,2.6131646766461074,-0.362672784667796,0.06316467664610759
196.30431609100003,2.034391666621949,2.612576554385849,-0.365608342162076,0.06257655438584919
196.326559277,2.031456077995784,2.611988587538848,-0.36854393078824105,0.06198858753884817
196.376352086,2.02852045824596,2.6114007761067635,-0.37147955053806486,0.061400776106763644
196.49042555000005,2.025584807380707,2.610813120091239,-0.374415201403318,0.06081312009123918
196.51572383300004,2.0226597254459073,2.610227854898351,-0.3773402833381177,0.06022785489835103
196.55297347400005,2.0197372008330667,2.6096436120128144,-0.3802628079509583,0.05964361201281454
196.58534113999997,2.016814576769227,2.609059866825704,-0.3831854320147979,0.05905986682570408
196.61259042799998,2.013891853339153,2.608476619353952,-0.3861081554448718,0.05847661935395232
196.73336674899997,2.010968043518306,2.6078936662087124,-0.3890319652657191,0.05789366620871261
196.76755736000007,2.0080431549731044,2.6073109693377154,-0.39195685381092066,0.05731096933771562
196.79532469000003,2.0051181774111075,2.606728719471142,-0.3948818313729175,0.05672871947114233
196.824829239,2.002193110900627,2.606146916622593,-0.397806897883398,0.05614691662259297
196.86538333700003,1.999267955509981,2.605565560805651,-0.400732053274044,0.05556556080565134
196.97418656800005,1.9963383769135838,2.604983682762449,-0.4036616318704412,0.05498368276244925
196.99803038200002,1.9934052694366156,2.604400923912486,-0.4065947393474095,0.0544009239124863
197.02193030900003,1.9904722102566406,2.6038179220296227,-0.40952779852738447,0.05381792202962288
197.04374969700007,1.9875391993937959,2.603234677117861,-0.41246080939022917,0.05323467711786112
197.08308949900004,1.9846062368682198,2.602651189181205,-0.41539377191580523,0.05265118918120537
197.19270727900005,1.9816733227000476,2.6020674582236647,-0.41832668608397744,0.052067458223664875
197.23848347500007,1.9787631811779218,2.6014877823983635,-0.4212368276061032,0.05148778239836371
197.25876183600008,1.9758607977467233,2.6009086197929103,-0.42413921103730173,0.0509086197929105
197.28287391000003,1.972958617254765,2.6003284411158227,-0.42704139152925996,0.05032844111582291
197.33472064199998,1.970056640057756,2.599747246438209,-0.4299433687262691,0.04974724643820938
197.44486409800004,1.9671290357772617,2.5991601542794833,-0.4328709730067633,0.0491601542794835
197.477364686,1.9641962603684244,2.598571783628313,-0.4358037484156006,0.04857178362831327
197.513117168,1.9612635297779282,2.597983189621043,-0.43873647900609686,0.0479831896210432
197.53565681600003,1.958330844022782,2.5973943722610806,-0.441669164761243,0.047394372261080786
197.57049595400008,1.9553982031199926,2.5968053315518493,-0.44460180566403246,0.046805331551849516
197.69268731199998,1.9524656070865758,2.5962160674967625,-0.44753440169744924,0.04621606749676266
197.72708105900006,1.9495456532182092,2.595629254578862,-0.45045435556581587,0.045629254578862355
197.753263747,1.9466381767678687,2.59504571309118,-0.4533618320161564,0.04504571309118033
197.78315292499997,1.9437305257555535,2.594463042028116,-0.45626948302847153,0.04446304202811602
197.92401402100006,1.9408227004418541,2.593881241441891,-0.4591773083421709,0.043881241441891206
197.95453432500005,1.9379089778312848,2.5932991487454227,-0.46209103095274023,0.043299148745422844
197.98204660400006,1.934977163601182,2.592713894306267,-0.4650228451828429,0.042713894306267264
198.03320346099997,1.932045296928215,2.5921289026393532,-0.4679547118558101,0.04212890263935343
198.06833888000006,1.9291133778359413,2.5915441737493805,-0.47088663094808375,0.041544173749380686
198.19521585300004,1.9261814063479104,2.5909597076410535,-0.4738186024361147,0.04095970764105372
198.24198250799998,1.9232500656116973,2.5903755004001647,-0.4767499431723277,0.04037550040016491
198.26277294600004,1.9203190584171022,2.5897910869618754,-0.4796809503669229,0.03979108696187561
198.300383043,1.9173881084577766,2.5892063865449533,-0.4826119003262484,0.03920638654495345
198.341228549,1.9144572157618214,2.588621399155002,-0.48554279302220366,0.038621399155001956
198.45714804500005,1.9115263803573304,2.588036124797632,-0.4884736284266947,0.03803612479763219
198.483768028,1.9085956022724024,2.58745056347845,-0.4914044065116226,0.03745056347845033
198.51470753600006,1.905705056321862,2.5868723760118026,-0.494294952462163,0.03687237601180282
198.552978134,1.902832032445454,2.586295952998294,-0.49716797633857107,0.03629595299829402
198.58909417000007,1.8999593574006906,2.5857177940477287,-0.5000406513833344,0.0357177940477289
198.714077029,1.8970870322364624,2.5851378993712095,-0.5029129765475626,0.0351378993712097
198.74365386,1.8942150580015258,2.5845562691804673,-0.5057849507824992,0.0345562691804675
198.76888317600003,1.8913135287029612,2.583967136662087,-0.5086864800810638,0.03396713666208706
198.80693191700004,1.8883819246022786,2.5833719165320734,-0.5116180841817464,0.03337191653207361
198.83595386000002,1.8854502762457046,2.582776914414805,-0.5145497325383204,0.03277691441480535
198.97050118200002,1.882518583649426,2.5821821303135644,-0.5174814251345989,0.03218213031356454
199.004660737,1.8795918796133297,2.5815885948069837,-0.5204081291706952,0.03158859480698384
199.02630557600003,1.8766935505643092,2.581001610466036,-0.5233064582197158,0.031001610466036222
199.05667416100005,1.8737950038368112,2.580415701973708,-0.5262050049472138,0.03041570197370813
199.10353140300003,1.8708962398301778,2.5798308694107255,-0.5291037689538471,0.029830869410725658
199.224041134,1.8679972589437912,2.579247112857663,-0.5320027498402338,0.029247112857663016
199.261676974,1.865093284234765,2.578663461509993,-0.53490672454926,0.028663461509993216
199.28787777800005,1.8621560064418383,2.5780735948559474,-0.5378440023421867,0.028073594855947626
199.31858461600007,1.8592187077988538,2.577483832035268,-0.5407813009851712,0.027483832035268385
199.35282956800006,1.856281388309543,2.576894173048708,-0.5437186204744819,0.026894173048708225
199.496142632,1.8533440479775698,2.5763046178969997,-0.5466559608064552,0.026304617896999893
199.51886313299997,1.8504046675358128,2.5757146985183823,-0.5495953412482122,0.025714698518382484
199.54269268500002,1.8474650703194422,2.575124689322392,-0.5525349384645828,0.02512468932239198
199.57548499899997,1.8445254821886865,2.574534634861038,-0.5554745265953385,0.02453463486103802
199.60729382300008,1.8415859031442419,2.573944535134459,-0.5584141056397831,0.023944535134459155
199.62637666,1.8386463331868055,2.5733543901427978,-0.5613536755972195,0.023354390142797943
199.681427816,1.8357067723170755,2.572764199886192,-0.5642932364669495,0.02276419988619205
199.790177534,1.8327672205357473,2.5721739643647816,-0.5672327882482777,0.022173964364781806
199.84888362200002,1.8298646523256388,2.5715913638456507,-0.5701353564583862,0.021591363845650857
199.85857302500006,1.8269987723883392,2.571017872220543,-0.5730012363956858,0.021017872220542966
199.89152899099997,1.8241325088807483,2.570446300734154,-0.5758674999032767,0.02044630073415421
199.925585952,1.8212658630893432,2.5698766496430294,-0.5787341456946817,0.019876649643029598
200.02957486000003,1.8183988363007884,2.5693089192028493,-0.5816011724832366,0.019308919202849495
200.06537089100004,1.8155168398434567,2.568740157804723,-0.5844831689405683,0.018740157804723268
200.10081736400002,1.812602607421225,2.5681660763615763,-0.5873974013628,0.018166076361576522
200.17170970100005,1.8096882270242394,2.567592746599703,-0.5903117817597856,0.017592746599703002
200.20153379400006,1.8067736988463894,2.5670201685572462,-0.5932263099376356,0.017020168557246418
200.29705154500004,1.8038590230815694,2.5664483422723,-0.5961409857024556,0.016448342272300298
200.32487826,1.8009585715664846,2.5658802458607117,-0.5990414372175403,0.015880245860711906
200.351269324,1.798060431433897,2.565313823934645,-0.6019395773501279,0.01531382393464531
200.40892304099998,1.7951620606874537,2.5647485832402483,-0.6048379480965713,0.014748583240248525
200.43726269299998,1.792263459808603,2.5641845238714125,-0.6077365489754221,0.014184523871412669
200.54769199600003,1.7893646292788334,2.5636216459218346,-0.6106353795051915,0.01362164592183479
200.57291916100007,1.7864652705101944,2.563059887964324,-0.6135347382738305,0.013059887964324002
200.603613624,1.7835656513630245,2.562499296807169,-0.6164343574210005,0.012499296807169102
200.66111604800005,1.7806658056232432,2.5619398789583534,-0.6193342031607818,0.011939878958353578
200.690570203,1.7777657337656168,2.5613816345094644,-0.6222342750184082,0.011381634509464611
200.765378714,1.7748673329527016,2.56082467055749,-0.6251326758313234,0.010824670557490368
200.79716702200005,1.7719713663812307,2.560267234409991,-0.6280286424027943,0.010267234409991222
200.831393735,1.7690756458582861,2.5597085215189845,-0.6309243629257388,0.009708521518984714
200.889604061,1.7661801719467443,2.5591485319930714,-0.6338198368372807,0.00914853199307153
200.92507497400004,1.7632849452094266,2.5585872659411044,-0.6367150635745984,0.008587265941104594
201.01830085100005,1.7603879754740424,2.558024346934747,-0.6396120333099826,0.008024346934746962
201.03823895900007,1.7574882508703475,2.557459674379733,-0.6425117579136774,0.007459674379733272
201.065479794,1.7545887506653546,2.5568938507032284,-0.6454112581186704,0.006893850703228566
201.12258659300005,1.751689475316027,2.556326875994408,-0.6483105334679979,0.0063268759944081765
201.210999164,1.7487904252792992,2.555758750342629,-0.6512095835047258,0.005758750342629071
201.25179370800004,1.7458906195486992,2.5551892821834707,-0.6541093892353258,0.005189282183470922
201.28655270000002,1.7429536713929814,2.554611874592068,-0.6570463373910436,0.004611874592068244
201.31231704000004,1.7400167574232623,2.554034293142647,-0.6599832513607626,0.0040342931426473605
201.381590232,1.7370798776498728,2.553456537837237,-0.6629201311341522,0.0034565378372373168
201.46896234899998,1.7341430320831104,2.5528786086778594,-0.6658569767009146,0.0028786086778596065
201.496620173,1.731206220733266,2.5523005056665484,-0.6687937880507591,0.0023005056665486023
201.53154685700008,1.72828060675386,2.551724307483422,-0.6717194020301649,0.0017243074834221161
201.56495172300004,1.7253578814285078,2.5511481323000953,-0.6746421273555172,0.0011481323000954724
201.608676253,1.7224352611327276,2.5505714245959417,-0.6775647476512974,0.0005714245959418385
201.73709686400002,1.7195127459635449,2.549994184390104,-0.6804872628204801,-5.8156098958761775e-06
201.77663147400006,1.7166040173624797,2.5494190540854365,-0.6833959914215453,-0.0005809459145633689
201.78917196700002,1.7137209343948216,2.5488476319356685,-0.6862790743892033,-0.0011523680643312773
201.82593148900003,1.7108381531025942,2.5482746897982276,-0.6891618556814307,-0.0017253102017722455
201.87490382600004,1.7079556742871511,2.5477002278323817,-0.6920443344968739,-0.0022997721676181193
201.95896882300008,1.7050734987497622,2.5471242461978196,-0.6949265100342628,-0.002875753802180192
201.99004040400007,1.7021916272916096,2.5465467450546515,-0.6978083814924154,-0.0034532549453483163
202.01494279500002,1.6993076000443292,2.5459675360754046,-0.7006924087396957,-0.00403246392459522
202.04560878000007,1.6964204476495828,2.5453886837475967,-0.7035795611344422,-0.004611316252403075
202.10589926199998,1.6935330177038126,2.544811217492208,-0.7064669910802124,-0.005188782507791867
202.163300199,1.690645310872439,2.54423513744232,-0.7093546979115859,-0.005764862557679606
202.20214776199998,1.6877573278209552,2.5436604437306944,-0.7122426809630698,-0.00633955626930538
202.23224682299997,1.6848480691843117,2.543082699375555,-0.7151519395997132,-0.006917300624444955
202.25140900899999,1.681937397806545,2.54250553124494,-0.7180626109774799,-0.007494468755059991
202.31816590200003,1.6790265631964725,2.5419291869093583,-0.7209734455875525,-0.008070813090641504
202.40433440000004,1.6761135327925265,2.5413532593056307,-0.7238864759914985,-0.008646740694369104
202.43781618100002,1.673192239184368,2.540776371412468,-0.7268077695996569,-0.009223628587531785
202.45692149800004,1.67027083418682,2.540200047869094,-0.729729174597205,-0.009799952130905787
202.49188382800003,1.6673493179089072,2.5396242886970164,-0.7326506908751178,-0.010375711302983426
202.525665366,1.664427690459656,2.5390490939177224,-0.735572318324369,-0.010950906082277445
202.60977408899998,1.661505951948099,2.5384744635526784,-0.738494056835926,-0.01152553644732146
202.65725194700008,1.6585841024832741,2.53790039762333,-0.7414159063007508,-0.01209960237666996
202.67418907700005,1.6556595573880966,2.5373262596571684,-0.7443404513959284,-0.012673740342831419
202.69361101700008,1.6527324632222702,2.536751303396335,-0.7472675455617548,-0.0132486966036649
202.74959262800007,1.6498054536597084,2.5361759165889186,-0.7501945551243165,-0.013824083411081212
202.85518255400007,1.646878528763736,2.53560009924737,-0.753121480020289,-0.014399900752629868
202.88073092000002,1.6439362860958107,2.53502106114581,-0.7560637226882143,-0.01497893885418966
202.90140707700004,1.640994036799949,2.5344420567235377,-0.759005971984076,-0.015557943276462094
202.94253948699998,1.6380517808765336,2.5338630859806277,-0.7619482279074914,-0.016136914019372117
202.981940107,1.6351095183259527,2.5332841489171574,-0.7648904904580722,-0.01671585108284246
203.07023436200006,1.6321672491485895,2.5327052455332013,-0.7678327596354355,-0.017294754466798512
203.11683650500004,1.6292339798827815,2.532128159533441,-0.7707660289012435,-0.017871840466558986
203.139551503,1.626381517773441,2.5315684083279337,-0.7736184910105839,-0.018431591672066094
203.16797845300005,1.6235286047771917,2.5310109597355996,-0.7764714040068332,-0.01898904026440018
203.219584402,1.6206752427527849,2.5304558141196334,-0.7793247660312401,-0.019544185880366438
203.31608460200005,1.6178214335592649,2.5299029718417305,-0.7821785752247601,-0.020097028158269303
203.33959168800004,1.614967179055971,2.5293524332620816,-0.785032829728054,-0.020647566737918233
203.37434876100008,1.612053717814604,2.528792212202241,-0.787946290969421,-0.021207787797759003
203.40824066300002,1.6091099249484886,2.5282261758858486,-0.7908900838355364,-0.021773824114151186
203.43581606400005,1.6061661432773497,2.5276600813506516,-0.7938338655066752,-0.022339918649348256
203.54588687400008,1.6032223728023443,2.527093928596873,-0.7967776359816807,-0.022906071403126838
203.58357365799998,1.6002938949927341,2.526530801168854,-0.7997061137912909,-0.023469198831145732
203.611664443,1.5973754971795324,2.52597028966948,-0.8026245116044926,-0.024029710330519816
203.64879333199997,1.5944569621573506,2.525410493044512,-0.8055430466266744,-0.024589506955488005
203.69442213399998,1.591538290101299,2.5248514113275387,-0.8084617186827259,-0.02514858867246117
203.793486701,1.5886194811864982,2.5242930445521026,-0.8113805275975268,-0.02570695544789725
203.82778820099998,1.5857300995709611,2.5237401815085914,-0.8142699092130639,-0.02625981849140846
203.86261254800002,1.5828462061758233,2.5231867494028823,-0.8171538026082017,-0.026813250597117477
203.882089233,1.5799626177107498,2.5226317306876553,-0.8200373910732752,-0.027368269312344484
203.952007041,1.5770793350486338,2.522075125530922,-0.8229206737353911,-0.027924874469077654
204.06310982800005,1.5741835891966405,2.5215145469072264,-0.8258164195873845,-0.028485453092773394
204.083025841,1.5712746327701974,2.520950361657721,-0.8287253760138276,-0.029049638342278694
204.10960404600007,1.5683658566123804,2.5203852477307875,-0.8316341521716446,-0.029614752269212286
204.14813399800005,1.5654572610196673,2.519819205184023,-0.8345427477643577,-0.030180794815976686
204.17877494900006,1.5625488462885173,2.519252234075122,-0.8374511624955077,-0.0307477659248776
204.27617588700002,1.5596406127153721,2.5186843344618732,-0.8403593960686528,-0.03131566553812659
204.306368539,1.5567325605966542,2.518115506402161,-0.8432674481873708,-0.03188449359783885
204.32894831300007,1.5537972031458194,2.517540813601665,-0.8462028056382056,-0.03245918639833478
204.353685101,1.5508581397118495,2.5169655262032973,-0.8491418690721755,-0.033034473796702546
204.38759236200008,1.5479190505396285,2.5163903703133976,-0.8520809582443964,-0.033609629686602194
204.48480965099998,1.54497993563512,2.5158153459331407,-0.855020073148905,-0.03418465406685911
204.531603615,1.542097103599639,2.5152509327221724,-0.857902905184386,-0.03474906727782745
204.55415134600003,1.5392449603929728,2.5146902831589513,-0.8607550483910522,-0.035309716841048555
204.58152326700008,1.5363932713387458,2.5141273281500514,-0.8636067374452792,-0.03587267184994847
204.63828511100007,1.5335420383004927,2.5135620680633535,-0.8664579704835322,-0.03643793193664635
204.73730981200003,1.5306912631414533,2.512994503268247,-0.8693087456425717,-0.037005496731752796
204.79240428499998,1.5278111933504819,2.512418936882899,-0.8721888154335431,-0.037581063117100744
204.81354180200003,1.524907516806242,2.5118375294745023,-0.8750924919777829,-0.03816247052549748
204.83771239200007,1.5220040353659272,2.51125514852199,-0.8779959734180978,-0.03874485147800977
204.877453071,1.5191007493559465,2.5106717940908316,-0.8808992594280785,-0.03932820590916819
204.99976954099998,1.516197659102688,2.5100874662466084,-0.883802349681337,-0.03991253375339143
205.03003357299997,1.5132614282679946,2.5094960095027323,-0.8867385805160304,-0.040503990497267495
205.04396021000002,1.5103244596671566,2.5089045116796584,-0.8896755491168684,-0.04109548832034138
205.07026130100007,1.5073874702533765,2.5083131172086075,-0.8926125385306485,-0.04168688279139232
205.10956523800007,1.504450460030297,2.5077218260903362,-0.8955495487537279,-0.0422781739096636
205.216841444,1.5015305532493457,2.5071338726782946,-0.8984694555346793,-0.04286612732170525
205.26095573999999,1.4986181074908917,2.5065466996925925,-0.9013819012931332,-0.04345330030740735
205.28902051299997,1.4957058091677988,2.505958795883811,-0.9042941996162261,-0.04404120411618884
205.31547306800007,1.4927936584634525,2.5053701612889667,-0.9072063503205725,-0.0446298387110331
205.361995352,1.4898816555612309,2.504780795945127,-0.9101183532227941,-0.0452192040548729
205.47668609599998,1.4869698006445005,2.5041906998894015,-0.9130302081395245,-0.04580930011059836
205.50802424100004,1.4840593636542427,2.503600150572379,-0.9159406451297822,-0.046399849427620765
205.53710512500004,1.4811560745706236,2.5030114069906357,-0.9188439342134014,-0.04698859300936409
205.57154951000007,1.4782525936971067,2.502423609980459,-0.9217474150869183,-0.04757639001954095
205.59537938300002,1.4753489213422961,2.501836759604321,-0.9246510874417289,-0.04816324039567865
205.73362577900002,1.4724409845532416,2.501250012624558,-0.9275590242307834,-0.04874998737544178
205.76504978399998,1.4695267835636612,2.5006627659268887,-0.9304732252203638,-0.04933723407311108
205.78986637100002,1.4666124441242112,2.500076206702887,-0.9333875646598138,-0.049923793297112606
205.82804637599997,1.4636979663970693,2.4994903349851945,-0.9363020423869557,-0.05050966501480536
205.94989753900006,1.460783350544423,2.498905150806414,-0.939216658239602,-0.051094849193585645
205.97928452000008,1.4578685967284641,2.4983206541991088,-0.9421314120555608,-0.05167934580089106
206.01649192700006,1.4549625882333526,2.4977386529449013,-0.9450374205506724,-0.05226134705509855
206.057490165,1.452082979501637,2.497163322918599,-0.947917029282388,-0.05283667708140083
206.08067159400002,1.4492030546835222,2.4965895772180517,-0.9507969541005028,-0.053410422781948075
206.22527738200006,1.4463228146506757,2.496017416016918,-0.9536771941333493,-0.05398258398308187
206.255641385,1.4434319541131164,2.495444759093988,-0.9565680546709086,-0.054555240906011715
206.28551893999997,1.4405021310905097,2.4948651071767727,-0.9594978776935152,-0.055134892823227144
206.31263781200005,1.4375722408378444,2.4942857951746173,-0.9624277679461806,-0.055714204825382474
206.34991911400004,1.4346422833944876,2.4937068230953066,-0.9653577253895373,-0.056293176904693265
206.48703740300004,1.431712258799876,2.4931281909466327,-0.9682877499841489,-0.056871809053367084
206.52085382899998,1.428786023710257,2.4925506935030857,-0.971213985073768,-0.057449306496914154
206.54798468299998,1.4258617733291274,2.491974090045985,-0.9741382354548975,-0.05802590995401502
206.589215009,1.4229374258215273,2.4913979793855443,-0.9770625829624977,-0.05860202061445552
206.62245015400003,1.4200129812705025,2.490822361538123,-0.9799870275135225,-0.059177638461876736
206.75435727500007,1.4170884397591044,2.4902472365200694,-0.9829115690249206,-0.059752763479930415
206.786055455,1.4141638013703839,2.489672604347714,-0.9858362074136411,-0.06032739565228562
206.80680392099998,1.4112538021935055,2.489101227073294,-0.9887462065905195,-0.06089877292670565
206.85094834799997,1.4083713449073147,2.4885340892761403,-0.9916286638767102,-0.06146591072385954
206.87876976500002,1.4054891941536787,2.4879653957550136,-0.9945108146303463,-0.06203460424498619
206.99095386800002,1.402607350772252,2.487395146675589,-0.9973926580117729,-0.06260485332441101
207.03982331600002,1.399717555060121,2.4868220537760224,-1.000282453723904,-0.06317794622397743
207.06929395200007,1.3968194058466168,2.486248142086644,-1.0031806029374082,-0.0637518579133558
207.09382593099997,1.393921030187529,2.485675375092396,-1.0060789785964959,-0.06432462490760393
207.11625523600003,1.3910224285349753,2.485103752882627,-1.0089775802490497,-0.06489624711737285
207.22885411100003,1.3881236013411142,2.484533275546504,-1.0118764074429107,-0.06546672445349566
207.27418772600004,1.385211699142389,2.4839611548335645,-1.014788309641636,-0.06603884516643532
207.304961789,1.382288931948406,2.483386517418277,-1.017711076835619,-0.06661348258172284
207.33546917600006,1.379366270779692,2.482811340991072,-1.0206337380043329,-0.06718865900892768
207.36580414600007,1.376443715735692,2.482235625571517,-1.023556293048333,-0.06776437442848282
207.505681139,1.3735212669158063,2.481659371179196,-1.0264787418682186,-0.06834062882080394
207.53425135400005,1.3705983635510586,2.4810830210469965,-1.0294016452329664,-0.0689169789530033
207.551094047,1.3676753562624975,2.480507198204859,-1.0323246525215275,-0.06949280179514083
207.584522925,1.3647522451452423,2.4799319026715243,-1.0352477636387827,-0.07006809732847552
207.61872242100003,1.3618290302944158,2.479357134465712,-1.0381709784896092,-0.07064286553428767
207.64595066200002,1.3589057118051489,2.478782893606128,-1.0410942969788761,-0.0712171063938718
207.67900386400004,1.3559822897725755,2.4782091801114587,-1.0440177190114495,-0.07179081988854108
207.79370808700003,1.3530587642918306,2.477635994000377,-1.0469412444921944,-0.0723640059996229
207.82368026200004,1.3501278966987587,2.4770617489824773,-1.0498721120852663,-0.07293825101752249
207.84991942800002,1.347193151956023,2.4764865444937203,-1.052806856828002,-0.07351345550627952
207.88233591000005,1.344258454167603,2.4759111004916208,-1.055741554616422,-0.07408889950837905
207.91653258100007,1.3413238033530495,2.475335416980006,-1.0586762054309755,-0.0746645830199939
208.00171605000003,1.3383893673710756,2.474759526795509,-1.0616106414129494,-0.07524047320449068
208.04921249100005,1.3354581762755082,2.474183975458448,-1.0645418325085167,-0.07581602454155201
208.07320713800004,1.332527049232308,2.473608098008861,-1.067472959551717,-0.07639190199113877
208.15050952800004,1.3295959862777564,2.4730318944538796,-1.0704040225062685,-0.07696810554612021
208.16967632299998,1.3266649874481342,2.4724553648006338,-1.0733350213358908,-0.07754463519936605
208.26196807200006,1.3237641367840194,2.471884212828526,-1.0762358720000056,-0.07811578717147372
208.28841193900007,1.320888175780958,2.4713163307838055,-1.079111833003067,-0.0786836692161943
208.32065641100007,1.318012552459663,2.470746741263306,-1.0819874563243619,-0.07925325873669387
208.370602578,1.3151372678338722,2.4701754444678254,-1.0848627409501528,-0.07982455553217438
208.39686786100003,1.3122623229172046,2.46960244059876,-1.0877376858668204,-0.0803975594012396
208.46872664299997,1.3093463374900853,2.469020024386171,-1.0906536712939396,-0.08097997561382897
208.51390077300005,1.3064126122751938,2.4684342229357066,-1.0935873965088312,-0.08156577706429324
208.535856383,1.303478844622296,2.4678486340573205,-1.096521164161729,-0.08215136594267936
208.59564778900005,1.3005450345467642,2.4672632577540803,-1.0994549742372608,-0.08273674224591954
208.62342210100007,1.2976111820640035,2.4666780940290614,-1.1023888267200215,-0.08332190597093847
208.71459773599997,1.294685940519128,2.466094943642942,-1.105314068264897,-0.0839050563570578
208.74341746800008,1.2917652596841966,2.465513258637347,-1.1082347490998283,-0.08448674136265266
208.780912125,1.2888444682058244,2.4649321294562347,-1.1111555405782005,-0.08506787054376508
208.83692895600007,1.2859235661897885,2.464351556120653,-1.1140764425942364,-0.085648443879347
208.87106200200003,1.2830025537418697,2.463771538651625,-1.1169974550421553,-0.08622846134837481
208.96520415600003,1.2800968563037316,2.463194928743614,-1.1199031524802934,-0.0868050712563857
208.99337222300005,1.277210186478145,2.4626209265596546,-1.1227898223058799,-0.08737907344034523
209.02884914900005,1.2743237996363368,2.4620455030732686,-1.1256762091476882,-0.08795449692673118
209.07954090700002,1.2714376964781282,2.4614686584239696,-1.1285623123058968,-0.08853134157603026
209.16442765700003,1.2685518777032532,2.460890392751614,-1.1314481310807718,-0.0891096072483859
209.196613415,1.265666344011378,2.460310706196401,-1.134333664772647,-0.08968929380359869
209.23275466100006,1.262748519531865,2.459723380332025,-1.13725148925216,-0.09027661966797496
209.25157378900008,1.2598177742461882,2.45913314106505,-1.1401822345378367,-0.09086685893494995
209.287090391,1.2568870822221474,2.4585426373969645,-1.1431129265618776,-0.09145736260303527
209.39463601900002,1.2539564434835968,2.4579518693325757,-1.1460435653004282,-0.09204813066742412
209.42988696999998,1.2510203262213755,2.457359877643705,-1.1489796825626495,-0.09264012235629471
209.479028319,1.2480835766313072,2.4567678670726707,-1.1519164321527178,-0.09323213292732913
209.48941425400005,1.2451468056284392,2.4561759627326483,-1.1548532031555858,-0.09382403726735156
209.529941657,1.2422100132166214,2.4555841646244176,-1.1577899955674036,-0.09441583537558218
209.61490289900007,1.2392731993996973,2.454992472748742,-1.1607268093843277,-0.0950075272512576
209.66003601900002,1.2363363641815048,2.454400887106404,-1.1636636446025201,-0.0955991128935958
209.697381157,1.233458488585657,2.453822069110155,-1.166541520198368,-0.09617793088984472
209.72497442300005,1.2305802899127722,2.4532448597744487,-1.1694197188712527,-0.0967551402255511
209.78001013699998,1.227701769062027,2.4526692592796127,-1.1722982397219979,-0.09733074072038717
209.868831085,1.2248229269327258,2.4520952678054773,-1.1751770818512992,-0.09790473219452256
209.89510671800008,1.2219437644242683,2.451522885531363,-1.1780562443597566,-0.09847711446863672
209.92749052,1.2190502719111542,2.4509488444742393,-1.1809497368728707,-0.09905115552576049
209.95088734700005,1.2161471822569634,2.4503720678969563,-1.1838528265270616,-0.09962793210304355
209.99436726700003,1.2132442935715442,2.4497942807036917,-1.1867557152124808,-0.10020571929630817
210.10040853099997,1.210340693642404,2.4492153028728705,-1.189659315141621,-0.10078469712712934
210.13035307100006,1.207419793551032,2.4486327099198126,-1.192580215232993,-0.10136729008018719
210.15168755000002,1.2044987846232749,2.4480506628967063,-1.19550122416075,-0.10194933710329357
210.19273958300005,1.201577666961238,2.447469161823899,-1.198422341822787,-0.10253083817610076
210.23454196299997,1.19865644066696,2.446888206721705,-1.201343568117065,-0.10311179327829478
210.33597137200002,1.1957351058424874,2.4463077976104164,-1.2042649029415375,-0.10369220238958343
210.36425550900003,1.1928328347172008,2.445731582268928,-1.2071671740668242,-0.10426841773107176
210.380985194,1.1899663915942078,2.445161022123303,-1.2100336171898172,-0.10483897787669694
210.415529065,1.1871003314704598,2.4445885411855226,-1.2128996773135652,-0.10541145881447722
210.46368734200007,1.184234655633061,2.444014139712677,-1.215765353150964,-0.10598586028732271
210.56664406000004,1.181370134740294,2.443437971423736,-1.218629874043731,-0.10656202857626385
210.60502983900005,1.1785103751365198,2.442860680170641,-1.2214896336475052,-0.10713931982935865
210.62870617700003,1.1756510292986064,2.44228134299637,-1.2243489794854185,-0.10771865700362993
210.652830753,1.1727920986902418,2.4416999601974823,-1.2272079100937832,-0.10830003980251757
210.701656296,1.1699335847749013,2.441116532071587,-1.2300664240091237,-0.10888346792841297
210.80327296100006,1.1670745089864871,2.4405308600524607,-1.2329254997975378,-0.10946913994753915
210.84888244500007,1.164150990442289,2.4399308061330576,-1.2358490183417359,-0.11006919386694225
210.859664286,1.1612256906162362,2.439330026189324,-1.2387743181677888,-0.11066997381067578
210.89035456099998,1.1583004618573616,2.4387289003112005,-1.2416995469266634,-0.11127109968879934
210.94143918500004,1.155375304206573,2.4381274285070944,-1.244624704577452,-0.11187257149290541
211.04698750900002,1.1524502177047813,2.437525610785413,-1.2475497910792437,-0.11247438921458697
211.08199083199997,1.149515897386948,2.4369217116603745,-1.250484111397077,-0.1130782883396253
211.11659549299998,1.1465805311740067,2.4363176780459863,-1.2534194776100183,-0.11368232195401351
211.140665475,1.1436451485781327,2.4357137240516917,-1.2563548602058923,-0.11428627594830809
211.17737492700007,1.1407097496014922,2.4351098496779016,-1.2592902591825328,-0.11489015032209826
211.272348245,1.137774334246238,2.4345060549250777,-1.262225674537787,-0.11549394507492217
211.323334616,1.1348446051956793,2.4339035472170876,-1.2651554035883457,-0.11609645278291225
211.34681200299997,1.1319217808670858,2.4333028325090136,-1.2680782279169391,-0.11669716749098624
211.384866009,1.1289988728352898,2.432702525209403,-1.2710011359487352,-0.11729747479059682
211.43270028100005,1.1260758811570761,2.432102625329914,-1.2739241276269488,-0.11789737467008576
211.53032233199997,1.1231528058892382,2.431503132882207,-1.2768472028947868,-0.11849686711779261
211.55781723100006,1.1202480514006554,2.430907941649916,-1.2797519573833696,-0.11909205835008363
211.608960412,1.1173614741647575,2.430317753686596,-1.2826385346192675,-0.11968224631340396
211.63084030800007,1.1144746225389377,2.4297289093426913,-1.2855253862450873,-0.12027109065730857
211.67939523300004,1.1115874971486102,2.4291414087457746,-1.2884125116354148,-0.12085859125422527
211.805676984,1.1086977365773802,2.4285547693279526,-1.2913022722066447,-0.12144523067204727
211.83510823100005,1.1057824965141545,2.427963928006104,-1.2942175122698705,-0.12203607199389577
211.86491626600002,1.1028671260045395,2.4273737306784313,-1.2971328827794855,-0.1226262693215685
211.90547252300007,1.0999516251908112,2.426784177373741,-1.3000483835932137,-0.12321582262625874
211.92658153499997,1.0970359942152403,2.4261952681207988,-1.3029640145687846,-0.12380473187920105
212.03350568400003,1.0941202332200968,2.4256070029483427,-1.3058797755639282,-0.12439299705165707
212.06169480799997,1.0912085566903464,2.4250202334596547,-1.3087914520936785,-0.12497976654034515
212.08252525700004,1.0883766022334476,2.4244513862475996,-1.3116234065505774,-0.12554861375240023
212.11043688799998,1.085544099506142,2.42388527539601,-1.314455909277883,-0.12611472460398998
212.16378607000001,1.082711051152402,2.423321901433317,-1.317288957631623,-0.12667809856668288
212.26013275000003,1.0798528171472668,2.422756202741027,-1.3201471916367582,-0.1272437972589726
212.29470060300002,1.0769195501677147,2.4221760641267136,-1.3230804586163103,-0.12782393587328622
212.31706130100008,1.0739863330438855,2.421595673491585,-1.3260136757401395,-0.1284043265084147
212.35748055,1.0710531657974018,2.4210150308399188,-1.3289468429866231,-0.12898496916008106
212.39980909100007,1.0681200484499047,2.420434136175999,-1.3318799603341203,-0.1295658638240007
212.509093785,1.0652052528444986,2.419856538155746,-1.3347947559395263,-0.13014346184425385
212.554463059,1.0623333400583226,2.419285967924334,-1.3376666687257024,-0.1307140320756659
212.589523429,1.0594617836555542,2.4187136067917905,-1.3405382251284708,-0.13128639320820934
212.60769583900003,1.0565905847529768,2.4181394549807114,-1.3434094240310481,-0.13186054501928846
212.66177222500005,1.0537197444672415,2.417563512714394,-1.3462802643167835,-0.13243648728560586
212.779366772,1.0508492639148623,2.4169857802168306,-1.3491507448691626,-0.13301421978316919
212.80214731700005,1.047979144212211,2.4164062577127097,-1.352020864571814,-0.13359374228729015
212.84268834800002,1.0450683306265036,2.4158171692176023,-1.3549316781575214,-0.13418283078239757
212.87641896499997,1.0421538843514306,2.4152266521134793,-1.3578461244325943,-0.1347733478865205
212.89884600699997,1.0392395729092068,2.4146354699433656,-1.3607604358748182,-0.13536453005663418
213.007028742,1.0363257360575886,2.414043693702472,-1.3636742727264364,-0.13595630629752797
213.04533438700003,1.0334183265027266,2.4134533900137725,-1.3665816822812984,-0.13654660998622736
213.075232926,1.0305107468622006,2.4128639246638577,-1.3694892619218244,-0.13713607533614214
213.09507252600008,1.027602997377768,2.4122752977017403,-1.372397011406257,-0.1377247022982595
213.141018304,1.0246950782911735,2.411687509176358,-1.3753049304928515,-0.13831249082364172
213.28882496200004,1.0217869898441772,2.411100559136577,-1.3782130189398478,-0.13889944086342298
213.32087431700006,1.0188682820699597,2.410512229103008,-1.3811317267140653,-0.13948777089699194
213.353043728,1.015936330842301,2.4099211588406737,-1.384063677941724,-0.14007884115932612
213.37672381000004,1.0130044260516702,2.4093298582783005,-1.3869955827323548,-0.14067014172169934
213.40787319800006,1.0100725677161593,2.408738327419532,-1.3899274410678657,-0.14126167258046785
213.53368236000006,1.0071369377685206,2.4081458213260802,-1.3928630710155043,-0.14185417867391958
213.56489437300002,1.004197506305485,2.4075524881977963,-1.3958025024785399,-0.1424475118022035
213.595937133,1.001258081441917,2.4069591223760307,-1.398741927342108,-0.1430408776239691
213.63899411199998,0.9983186631781789,2.4063657238608562,-1.4016813456058461,-0.1436342761391436
213.665090771,0.9953792515146376,2.405772292652346,-1.4046207572693874,-0.14422770734765367
213.77415732200006,0.9924398464516533,2.4051788287505746,-1.4075601623323717,-0.14482117124942517
213.81576665600005,0.9895297092874559,2.4045914215074276,-1.410470299496569,-0.14540857849257227
213.83918453800004,0.9866550913286158,2.4040126705849545,-1.4133449174554091,-0.14598732941504533
213.86354730100004,0.9837801342904438,2.4034356064046962,-1.4162198744935812,-0.1465643935953036
213.97553122199997,0.9809048391626577,2.4028602291653103,-1.4190951696213672,-0.14713977083468954
214.03491650700005,0.9780226514870063,2.402285209520157,-1.4219773572970187,-0.14771479047984304
214.035490127,0.975118892006192,2.4017071212324264,-1.424881116777833,-0.14829287876757347
214.06024687600006,0.9722149360172134,2.4011300208902853,-1.4277850727668115,-0.14886997910971456
214.09136548700008,0.9693107838561975,2.4005539085605285,-1.4306892249278276,-0.1494460914394713
214.19706081100003,0.9664064358592974,2.399978784309843,-1.4335935729247276,-0.15002121569015703
214.23023338400003,0.963476014248969,2.399399213190976,-1.4365239945350559,-0.150600786809024
214.255737866,0.9605421217797494,2.3988192058001676,-1.4394578870042756,-0.1511807941998322
214.28572083200004,0.9576081824430258,2.3982394355329313,-1.4423918263409992,-0.15176056446706854
214.31290526600003,0.9546741962579642,2.3976599023930567,-1.4453258125260606,-0.15234009760694311
214.45430895100003,0.9517401632437309,2.397080606384325,-1.448259845540294,-0.15291939361567497
214.48156940600006,0.9488060834194902,2.3965015475105305,-1.4511939253645347,-0.15349845248946936
214.513064031,0.945871956804407,2.3959227257754483,-1.4541280519796178,-0.15407727422455153
214.54179110400003,0.9429609552461793,2.3953483422020834,-1.4570390535378457,-0.15465165779791645
214.57270355800006,0.9400578488600448,2.3947744920980156,-1.4599421599239801,-0.1552255079019842
214.700001981,0.9371549451764413,2.3941996174726636,-1.4628450636075838,-0.1558003825273362
214.72683453399998,0.9342255048465078,2.3936187769169974,-1.4657745039375172,-0.1563812230830024
214.75286696800003,0.9312957595481748,2.393037528815386,-1.4687042492358502,-0.15696247118461404
214.78156752000007,0.9283660805253113,2.3924559467560536,-1.4716339282587136,-0.15754405324394627
214.82092418000002,0.925436467815987,2.3918740307465547,-1.474563540968038,-0.15812596925344513
214.93422663900003,0.92250692145827,2.391291780794456,-1.477493087325755,-0.1587082192055438
214.98010708800007,0.9196064964989046,2.390715329859718,-1.4803935122851204,-0.15928467014028191
215.00518877000002,0.9167252065078789,2.3901441521055324,-1.4832748022761462,-0.15985584789446738
215.03749801100003,0.9138436068541567,2.3895745386621106,-1.4861564019298683,-0.16042546133788926
215.075268026,0.9109616983870341,2.389006489697334,-1.4890383103969909,-0.16099351030266584
215.19023153500007,0.9080794819558969,2.3884400053786248,-1.4919205268281281,-0.16155999462137505
215.22731884100006,0.9051666599744927,2.3878688860543265,-1.4948333488095322,-0.16213111394567337
215.25552144000005,0.9022293226706601,2.387293255977943,-1.4977706861133648,-0.16270674402205687
215.284247713,0.8992919514932599,2.3867177987792187,-1.500708057290765,-0.16328220122078108
215.30678770600002,0.8963545464524789,2.3861425144601536,-1.503645462331546,-0.16385748553984625
215.44161663300008,0.8934171075584878,2.3855674030227396,-1.5065829012255372,-0.1644325969772602
215.46970953900006,0.8904780795014461,2.3849921453677685,-1.5095219292825788,-0.16500785463223133
215.52109622199998,0.8875383606342174,2.3844168748345824,-1.5124616481498077,-0.1655831251654174
215.54110993400002,0.8845986192196484,2.3838417195336716,-1.5154013895643765,-0.1661582804663282
215.56257312700006,0.8816588552622546,2.3832666794659287,-1.5183411535217703,-0.16673332053407108
215.61063285400007,0.8787190687665551,2.38269175463222,-1.5212809400174698,-0.16730824536777966
215.64557406100005,0.8757792597370683,2.382116945033453,-1.5242207490469566,-0.16788305496654665
215.73405141500007,0.8728394281783083,2.3815422506704897,-1.5271605806057167,-0.16845774932951008
215.77907465300007,0.8699062064276813,2.380968998819406,-1.5300938023563435,-0.16903100118059378
215.80177506300004,0.8669852149544267,2.380398656863949,-1.5330147938295982,-0.1696013431360508
215.82752641900004,0.8640641056641284,2.379828918637115,-1.5359359031198965,-0.17017108136288472
215.869342006,0.8611428786815687,2.3792597841632466,-1.5388571301024563,-0.17074021583675325
215.97948059400005,0.8582215341315355,2.378691253466653,-1.5417784746524896,-0.17130874653334693
216.00130558900003,0.855299539855424,2.378123217585508,-1.544700468928601,-0.171876782414492
216.035475164,0.852372752152703,2.377554215638191,-1.5476272566313218,-0.17244578436180902
216.08500781099997,0.8494460552977678,2.3769847465941774,-1.5505539534862571,-0.17301525340582247
216.125849465,0.8465194493651519,2.376414810467969,-1.553480559418873,-0.17358518953203061
216.186937727,0.8435929344293974,2.3758444072740823,-1.5564070743546274,-0.17415559272591752
216.224625823,0.8406779987944135,2.375275686760119,-1.5593220099896115,-0.17472431323988102
216.26410376600006,0.837770889376858,2.374707542189644,-1.5622291194071671,-0.17529245781035563
216.31039390800004,0.8348639667018005,2.374138442919016,-1.5651360420822245,-0.17586155708098383
216.34690449699997,0.8319572310827644,2.3735683890096095,-1.5680427777012604,-0.1764316109903903
216.44113750100007,0.8290506828332569,2.372997380522911,-1.570949325950768,-0.17700261947708862
216.46017184000004,0.8261241285661934,2.3724216114063026,-1.5738758802178316,-0.17757838859369723
216.499233236,0.8231828879578844,2.371842815981497,-1.5768171208261406,-0.17815718401850278
216.54701823699997,0.8202416591425636,2.3712639606320063,-1.5797583496414613,-0.17873603936799354
216.57054920100006,0.8173004421214406,2.370685045358095,-1.5826995666625843,-0.17931495464190483
216.65463450900006,0.8143645671438182,2.3701071016207536,-1.5856354416402068,-0.17989289837924627
216.68677342900003,0.8114447623065338,2.369531849152086,-1.5885552464774912,-0.180468150847914
216.72311126900001,0.8085250775205626,2.368955987674729,-1.5914749312634624,-0.181044012325271
216.77649883599997,0.8056055129129307,2.368379517213736,-1.5943944958710943,-0.18162048278626397
216.80250604700007,0.8026860686106586,2.367802437794187,-1.5973139401733665,-0.18219756220581296
216.90243862600005,0.7997673143687029,2.3672248775823688,-1.6002326944153222,-0.18277512241763105
216.921675025,0.7968517588667505,2.3666481909219206,-1.6031482499172744,-0.18335180907807924
216.95671800900004,0.7939360637157789,2.3660722107346857,-1.6060639450682461,-0.18392778926531417
217.00641948100008,0.7910202290870044,2.3654969370544867,-1.6089797796970204,-0.1845030629455131
217.09529102,0.7881042551516222,2.364922369915102,-1.6118957536324028,-0.18507763008489775
217.13646882299997,0.7851784828587932,2.3643462416231347,-1.6148215259252319,-0.18565375837686515
217.16962046000003,0.7822503518787366,2.363769261576671,-1.6177496569052883,-0.18623073842332882
217.192960869,0.7793222987540213,2.363191886560564,-1.6206777100300038,-0.1868081134394357
217.25832763100004,0.7763943235379143,2.3626141165853167,-1.6236056852461107,-0.1873858834146831
217.34362680800007,0.7734664262837186,2.362035951661443,-1.6265335825003064,-0.18796404833855673
217.37192221200007,0.7705713957526404,2.3614635688294205,-1.6294286130313846,-0.18853643117057928
217.39296414,0.7676906949571639,2.3608924322422844,-1.6323093138268612,-0.18910756775771542
217.44232920800005,0.7648103075595093,2.360319717205247,-1.6351897012245158,-0.18968028279475302
217.47783580099997,0.76193023442457,2.359745423890278,-1.638069774359455,-0.19025457610972163
217.58211873800008,0.7590504764171503,2.3591695524698206,-1.6409495323668746,-0.1908304475301792
217.602447623,0.7561738997647415,2.3585926766597356,-1.6438261090192836,-0.19140732334026422
217.64410757000007,0.7533522296744811,2.3580243865522656,-1.6466477791095437,-0.19197561344773417
217.67354367000007,0.7505311604056835,2.3574531213553707,-1.6494688483783415,-0.19254687864462916
217.72562975900007,0.7477106950951985,2.356878881704262,-1.6522893136888266,-0.19312111829573775
217.813668291,0.7448908368792094,2.356301668237455,-1.6551091719048157,-0.19369833176254492
217.83573666899997,0.7420715888932167,2.3557214815967757,-1.6579284198908084,-0.19427851840322408
217.87977554200006,0.7392216912941507,2.3551323980889918,-1.6607783174898743,-0.19486760191100805
217.90565304200004,0.7363305813910249,2.3545354960465246,-1.6636694273930002,-0.19546450395347525
217.94272265400002,0.7334392238680586,2.353939794615534,-1.6665607849159665,-0.196060205384466
218.05839994000007,0.7305476192238621,2.3533452938987507,-1.669452389560163,-0.19665470610124913
218.08245589500007,0.7276557679570855,2.352751993998698,-1.6723442408269396,-0.19724800600130177
218.10511982900005,0.7247602316664674,2.3521591841694782,-1.6752397771175576,-0.1978408158305216
218.14291072700007,0.7218433653300723,2.3515628462264146,-1.6781566434539528,-0.19843715377358517
218.18990889600002,0.718926381221486,2.350967084632304,-1.6810736275625389,-0.19903291536769574
218.29044861900002,0.7160092794545976,2.350371899410403,-1.6839907293294274,-0.1996281005895968
218.316880804,0.7131081448107864,2.3497802712833047,-1.6868918639732384,-0.20021972871669513
218.343039266,0.7102203519735335,2.349190192550829,-1.6897796568104915,-0.20080980744917065
218.37035578000007,0.7073328281085653,2.348598799017972,-1.6926671806754596,-0.20140120098202763
218.42712946900008,0.7044455738145137,2.348006090807338,-1.6955544349695113,-0.2019939091926619
218.52985082400005,0.7015585896899478,2.3474120680418054,-1.698441419094077,-0.20258793195819447
218.552661392,0.6986743064186013,2.3468172679994947,-1.7013257023654238,-0.20318273200050507
218.580873762,0.6958037050346015,2.3462259420750056,-1.7041963037494234,-0.20377405792499426
218.608847416,0.6929327499041071,2.345636336025677,-1.7070672588799178,-0.20436366397432293
218.65595759500002,0.6900614420575434,2.3450484500631315,-1.7099385667264815,-0.20495154993686837
218.747784207,0.6871897825254691,2.34446228439837,-1.7128102262585558,-0.20553771560163003
218.78517507700008,0.6843039986209695,2.3438737453543648,-1.7156960101630556,-0.20612625464563505
218.81290493300003,0.6814169251301219,2.3432835722964973,-1.718583083653903,-0.20671642770350251
218.837649305,0.6785301241704682,2.3426920676055425,-1.7214698846135568,-0.20730793239445733
218.90211926799998,0.675643596356259,2.342099231407359,-1.724356412427766,-0.20790076859264062
218.99725204100002,0.6727573423016389,2.3415050638280808,-1.7272426664823861,-0.20849493617191905
219.02046034700004,0.6698644406553547,2.3409091829549475,-1.7301355681286703,-0.20909081704505228
219.05591194300007,0.6669705600606092,2.3403142796081164,-1.733029448723416,-0.20968572039188338
219.08425428700002,0.6640764445648321,2.339720520072717,-1.7359235642191928,-0.2102794799272827
219.13327663400003,0.661182094620128,2.3391279044415056,-1.738817914163897,-0.21087209555849418
219.246106735,0.6582875106786245,2.3385364328070537,-1.7417124981054006,-0.21146356719294612
219.264516554,0.6553694107235065,2.3379409956166617,-1.7446305980605183,-0.21205900438333813
219.30656539400002,0.6524402848522571,2.33734309815303,-1.7475597239317677,-0.21265690184696995
219.337301905,0.649511213272178,2.336744934776163,-1.7504887955118469,-0.21325506522383675
219.36855190900008,0.6465821960074121,2.3361465054909956,-1.753417812776613,-0.21385349450900426
219.46888859199998,0.6436532330820977,2.3355478103024594,-1.7563467757019273,-0.21445218969754043
219.49754014799998,0.6407243245203735,2.3349488492154866,-1.7592756842636514,-0.2150511507845132
219.54101100900004,0.6378208474935655,2.3343553017789826,-1.7621791612904594,-0.21564469822101717
219.56082019000007,0.6349216579584681,2.3337636910404265,-1.765078350825557,-0.21623630895957335
219.62467838600003,0.6320222580607346,2.333173112121552,-1.7679777507232903,-0.21682688787844784
219.725080552,0.6291226481675894,2.332583565097157,-1.7708773606164354,-0.21741643490284268
219.75775608000004,0.6262228286462836,2.3319950500419124,-1.7737771801377413,-0.2180049499580874
219.79382740799997,0.6233186110786678,2.3314066623332477,-1.776681397705357,-0.21859333766675215
219.82232067300004,0.6204142061102117,2.3308192003727712,-1.7795858026738132,-0.21918079962722858
219.84822896800006,0.617509614036021,2.330232664220173,-1.782490394748004,-0.21976733577982666
219.98424741999997,0.6146048351511941,2.3296470539350453,-1.7853951736328308,-0.22035294606495448
220.00462693400004,0.6117082467239651,2.329064087921519,-1.78829176206006,-0.22093591207848062
220.03521383500004,0.6088309267757066,2.3284865136027846,-1.7911690820083184,-0.22151348639721524
220.07351533400004,0.6059532805032939,2.3279105673299627,-1.794046728280731,-0.2220894326700371
220.10659231600005,0.6030753088279079,2.3273362492874257,-1.796924699956117,-0.22266375071257416
220.22607812,0.6001914184341887,2.3267624216019906,-1.7998085903498362,-0.22323757839800917
220.26240245300005,0.5972968687405955,2.3261878388865287,-1.8027031400434295,-0.22381216111347113
220.29142608100005,0.5944020754385795,2.325614484751468,-1.8055979333454455,-0.22438551524853168
220.31944721700006,0.5915070390496066,2.3250423593000935,-1.8084929697344183,-0.2249576406999063
220.36227721800003,0.5886117600951868,2.3244714626354672,-1.8113882486888382,-0.2255285373645326
220.47354346300006,0.5857049152697765,2.323899469356743,-1.8142950935142483,-0.22610053064325664
220.50861148900003,0.5827918029763728,2.323327088547063,-1.8172082058076522,-0.2266729114529369
220.54624669500004,0.5798785360757999,2.32275549516774,-1.820121472708225,-0.22724450483225977
220.573113551,0.576965114780902,2.3221846892605327,-1.823034894003123,-0.22781531073946715
220.62414478800008,0.5740515393045394,2.321614670867147,-1.8259484694794854,-0.2283853291328528
220.75601793099997,0.5711353574623426,2.321044956953694,-1.8288646513216824,-0.22895504304630565
220.77965716699998,0.5681921354841415,2.3204702757325455,-1.8318078732998835,-0.22952972426745433
220.814269556,0.5652489194722482,2.3198955639558423,-1.8347510893117769,-0.23010443604415753
220.84397574600007,0.5623057094269853,2.319320821623648,-1.8376942993570395,-0.23067917837635177
220.87303804700002,0.5593625053486723,2.318746048736023,-1.8406375034353526,-0.23125395126397663
220.99606342700008,0.556437761528113,2.318174677018127,-1.8435622472559121,-0.23182532298187297
221.030606519,0.553521045253004,2.317604169565483,-1.846478963531021,-0.23239583043451661
221.05679392800005,0.5506044675663591,2.31703295403631,-1.849395541217666,-0.23296704596368967
221.10208491800006,0.5476880286400737,2.3164610304642728,-1.8523119801439512,-0.23353896953572706
221.13646137199999,0.5447717286460344,2.315888398883081,-1.8552282801379905,-0.23411160111691887
221.24129448300005,0.5418555677561239,2.3153150593264855,-1.858144441027901,-0.2346849406735143
221.274119551,0.5389374427603267,2.3147408908652936,-1.8610625660236981,-0.23525910913470627
221.30231106500003,0.5360181077610396,2.314167051052342,-1.8639819010229854,-0.2358329489476576
221.329273361,0.5330986494868402,2.3135938387407102,-1.8669013592971848,-0.2364061612592896
221.36978306800006,0.5301790680726095,2.313021253956884,-1.8698209407114155,-0.23697874604311586
221.49346574499998,0.5272593636532306,2.3124492967273165,-1.8727406451307944,-0.23755070327268335
221.52235719300006,0.5243381288792828,2.311877290295182,-1.8756618799047422,-0.23812270970481775
221.54969569800005,0.5214166322449387,2.3113046553082106,-1.8785833765390862,-0.2386953446917892
221.58057788200006,0.5184952493763032,2.310731440211045,-1.8815047594077217,-0.23926855978895478
221.60674106099998,0.5155739803885618,2.3101576450262904,-1.8844260283954632,-0.23984235497370943
221.73425738100002,0.5127085093288167,2.309594939651728,-1.8872914994552081,-0.2404050603482717
221.76316174300007,0.5098726033987129,2.3090406556181358,-1.890127405385312,-0.24095934438186406
221.780971551,0.5070361682671141,2.308489086059067,-1.892963840516911,-0.2415109139409326
221.81522965800002,0.5041992065322556,2.307940231479776,-1.8958008022517694,-0.2420597685202237
221.93871029700006,0.5013617207928621,2.307394092383024,-1.898638287991163,-0.24260590761697598
221.968648282,0.4984978957625835,2.306845554576971,-1.9015021130214413,-0.24315444542302878
221.993748427,0.49559314493025375,2.3062905540875964,-1.9044068638537712,-0.2437094459124034
222.03145712900005,0.4926881888932157,2.305736628673853,-1.9073118198908092,-0.24426337132614684
222.053579302,0.48978302804936313,2.3051837784116107,-1.9102169807346618,-0.24481622158838912
222.184825434,0.4868776627966197,2.3046320033765966,-1.9131223459874054,-0.24536799662340325
222.225248577,0.48396478382923835,2.304079870097252,-1.9160352249547867,-0.24592012990274803
222.238094692,0.4810444442562112,2.3035270999140494,-1.9189555645278138,-0.24647290008595046
222.27141910900002,0.4781239715592545,2.3029750335017805,-1.9218760372247705,-0.24702496649821937
222.30057731,0.47520336590796863,2.3024236708925088,-1.9247966428760563,-0.24757632910749106
222.42872971400004,0.4722826274719629,2.3018730121182522,-1.927717381312062,-0.24812698788174758
222.46774629599997,0.46937458755041134,2.30132532489525,-1.9306254212336136,-0.24867467510474972
222.49804992300005,0.4664905407135343,2.3007809806163753,-1.9335094680704907,-0.24921901938362456
222.52865645200006,0.46360680113301983,2.300235010944137,-1.936393207651005,-0.24976498905586286
222.56096212,0.46072336972490685,2.2996874160519654,-1.939276639059118,-0.25031258394803446
222.67938856700005,0.45784024740513496,2.299138196113807,-1.94215976137889,-0.2508618038861927
222.70605245600007,0.4549502959786121,2.2985860111865337,-1.945049712805413,-0.2514139888134661
222.75297014600005,0.4520369220212663,2.298028239390215,-1.9479630867627586,-0.25197176060978466
222.78769795200003,0.4491237111587462,2.297469616384475,-1.9508762976252787,-0.2525303836155248
222.80883640600007,0.44621066363974093,2.296910142217005,-1.953789345144284,-0.253089857782995
222.93977057300003,0.44329777971293705,2.296349816935564,-1.9567022290710878,-0.253650183064436
223.00069201500003,0.44039409127278484,2.2957903094450844,-1.9596059175112401,-0.2542096905549154
223.01379941699997,0.43749664674440025,2.2952307595208414,-1.9625033620396248,-0.2547692404791584
223.04131590400004,0.4345994401982553,2.2946699786886438,-1.9654005685857696,-0.25533002131135607
223.06406281199997,0.43170247215727187,2.294107967049708,-1.968297536626753,-0.2558920329502916
223.213583201,0.4288053937919485,2.2935446576429093,-1.9711946149920765,-0.25645534235709055
223.248986929,0.4259071524282505,2.292979875742412,-1.9740928563557745,-0.257020124257588
223.28199605600003,0.4230091425449095,2.292413907268526,-1.9769908662391154,-0.2575860927314739
223.306177876,0.4201113646277209,2.291846752316125,-1.9798886441563042,-0.2581532476838748
223.33490886700008,0.41721381916244316,2.2912784109802815,-1.982786189621582,-0.2587215890197183
223.45718777500008,0.4143144178569105,2.2907084818135077,-1.9856855909271145,-0.2592915181864921
223.501885593,0.4113950087645814,2.2901345035385643,-1.9886050000194435,-0.25986549646143553
223.52342158600004,0.4084754768615107,2.2895611502655253,-1.9915245319225143,-0.2604388497344745
223.54908605100002,0.4055558222815444,2.288988422020681,-1.9944441865024807,-0.26101157797931895
223.59979077600008,0.40263604515849527,2.2884163188302793,-1.9973639636255296,-0.2615836811697205
223.61977956400005,0.3997161456261747,2.2878448407205405,-2.00028386315785,-0.2621551592794593
223.65282677200003,0.3967961238184055,2.287273987717653,-2.0032038849656195,-0.26272601228234693
223.74329372,0.3938759798690123,2.2867037598477817,-2.006124028915013,-0.2632962401522181
223.779272805,0.39094034753605794,2.2861310210038956,-2.009059661247967,-0.2638689789961042
223.80700640300006,0.3879960830547939,2.2855566321698424,-2.012003925729231,-0.2644433678301574
223.833703559,0.3850518197219554,2.28498223744909,-2.0149481890620695,-0.2650177625509098
223.866360247,0.382107557537556,2.2844078368416443,-2.017892451246469,-0.26559216315835554
223.97893375700005,0.3791632965016066,2.283833430347505,-2.0208367122824185,-0.26616656965249463
223.99824303100002,0.3762190366141172,2.283259017966676,-2.0237809721699076,-0.26674098203332397
224.05054740499997,0.37330753616981704,2.282690576731738,-2.026692472614208,-0.2673094232682618
224.09750812200002,0.37039792937186544,2.282121582511254,-2.0296020794121596,-0.26787841748874586
224.13915886000007,0.3674884966843166,2.281551698682523,-2.0325115120997084,-0.268448301317477
224.21644763400002,0.36457923837916645,2.2809809252988176,-2.0354207704048584,-0.26901907470118225
224.235235054,0.36166869766057913,2.280408993530426,-2.038331311123446,-0.2695910064695739
224.26213338600007,0.3587581622946193,2.2798361814159183,-2.0412418464894055,-0.27016381858408156
224.332369072,0.35584779402176586,2.2792625209314963,-2.044152214762259,-0.27073747906850354
224.36262445400007,0.35293759308930084,2.278688012125901,-2.0470624156947244,-0.2713119878740988
224.44657448700002,0.3500275597444968,2.278112655047947,-2.049972449039528,-0.2718873449520527
224.48967013599997,0.3471000919187139,2.2775331541191037,-2.0528999168653113,-0.2724668458808961
224.53121072099998,0.3441681346219285,2.2769524599676694,-2.0558318741620965,-0.27304754003233045
224.598331142,0.34123623315424845,2.276371484003027,-2.0587637756297763,-0.2736285159969727
224.64170689000002,0.3383043875427577,2.2757902262305407,-2.061695621241267,-0.2742097737694591
224.72050386900003,0.3353837815615428,2.2752108382340253,-2.064616227222482,-0.27478916176597457
224.757009983,0.33247699198716824,2.2746333376385177,-2.067523016796857,-0.2753666623614821
224.79249542499997,0.32957038473312444,2.2740549201091866,-2.0704296240509006,-0.2759450798908132
224.85590096200008,0.32666396008865245,2.2734755857035887,-2.0733360486953725,-0.27652441429641117
224.894268291,0.32375771834297773,2.2728953344793767,-2.0762422904410474,-0.2771046655206231
224.99489169499998,0.3208516597853081,2.2723141664942923,-2.079148348998717,-0.2776858335057075
225.01384510600008,0.31793347994787896,2.2717297402258967,-2.082066528836146,-0.27827025977410313
225.061515396,0.31501130894516466,2.2711439823200155,-2.0849886998388603,-0.27885601767998436
225.11674954700004,0.3120892379869575,2.2705577255430804,-2.0879107707970674,-0.2794422744569194
225.221386855,0.30916726715839105,2.269970969912169,-2.090832741625634,-0.28002903008783075
225.242398407,0.3062453965446459,2.269383715444388,-2.093754612239379,-0.2806162845556117
225.27119692000008,0.3033284018150949,2.268796865357142,-2.09667160696893,-0.28120313464285784
225.30877290500007,0.3004120640401829,2.2682094880248265,-2.099587944743842,-0.28179051197517335
225.36136039500002,0.29749585410142027,2.2676214763404543,-2.1025041546826047,-0.2823785236595455
225.45675042000005,0.2945797721367947,2.267032830331844,-2.1054202366472303,-0.2829671696681557
225.48143461000006,0.29166381828427174,2.266443550026849,-2.1083361904997533,-0.28355644997315066
225.53794865700002,0.28876203810768053,2.2658563278041592,-2.1112379706763447,-0.2841436721958406
225.57210621600007,0.2858639789183014,2.265268743787963,-2.1141360298657235,-0.28473125621203677
225.63634089800007,0.2829661387710267,2.2646800804528713,-2.1170338700129983,-0.28531991954712854
225.72853426300003,0.2800685180678253,2.2640903378805417,-2.1199314907161995,-0.2859096621194581
225.765447891,0.27717502854179304,2.2635002907522934,-2.122824980242232,-0.2864997092477064
225.80917825100005,0.2742865721821613,2.262909952820034,-2.1257134366018637,-0.2870900471799658
225.82890077700006,0.27139838131343846,2.2623183173566246,-2.1286016274705863,-0.28768168264337524
225.893463999,0.2685104565184845,2.2617253844814593,-2.1314895522655406,-0.2882746155185405
225.98561705600002,0.26562279838012026,2.2611311543142008,-2.1343772104039047,-0.28886884568579907
226.02665213600005,0.2627354700589773,2.2605356393880953,-2.1372645387250477,-0.2894643606119045
226.03667474100007,0.2598484517110492,2.259938833594762,-2.1401515570729757,-0.2900611664052377
226.06958238100003,0.2569617023106051,2.259340728256829,-2.1430383064734198,-0.29065927174317086
226.13006532500003,0.25407522244261577,2.2587413234954945,-2.1459247863414093,-0.2912586765045053
226.21161394600006,0.2511890126919923,2.258140619432222,-2.1488109960920325,-0.2918593805677778
226.250149759,0.24830307364359533,2.2575386161887367,-2.15169693514043,-0.2924613838112631
226.28758981600004,0.2454077540076878,2.2569334052126804,-2.154592254776337,-0.29306659478731945
226.31457788800003,0.24251094760903555,2.2563268225326314,-2.1574890611749895,-0.29367317746736843
226.37000786099998,0.2396143535968031,2.2557192264601365,-2.160385655187222,-0.29428077353986337
226.47187882700007,0.23671797232550768,2.2551106170695614,-2.1632820364585172,-0.2948893829304384
226.50142765099997,0.2338218041496375,2.2545009944353933,-2.1661782046343876,-0.2954990055646065
226.524825621,0.2309118942575705,2.253887593969872,-2.1690881145264544,-0.2961124060301277
226.57951080400005,0.22800138694227204,2.25327339815379,-2.171998621841753,-0.2967266018462098
226.61470011400002,0.22509101486286648,2.2526585618403505,-2.1749089939211586,-0.2973414381596493
226.700413518,0.2221811579607288,2.2520431651685646,-2.177818850823296,-0.2979568348314352
226.75238094200006,0.2192786743112186,2.2514285484901992,-2.1807213344728065,-0.2985714515098006
226.79510707500003,0.21637636739130775,2.250813097810105,-2.183623641392717,-0.29918690218989497
226.81530925800007,0.2134742374406391,2.250196813179096,-2.186525771343386,-0.2998031868209039
226.888678347,0.21057228469883832,2.249579694648061,-2.1894277240851867,-0.30042030535193875
226.98980259000007,0.20767050940552106,2.248961742267955,-2.192329499378504,-0.30103825773204473
227.02714176799998,0.20475055119236843,2.2483392404790066,-2.1952494575916566,-0.30166075952099325
227.06993707800007,0.20182584423931405,2.247715461921675,-2.198174164544711,-0.3022845380783248
227.10662881000007,0.19890118872609466,2.247091442227419,-2.2010988200579304,-0.30290855777258097
227.135087064,0.19597658467258758,2.246467181400477,-2.2040234241114374,-0.30353281859952297
227.24733614600007,0.19305203209867883,2.2458426794450994,-2.2069479766853464,-0.3041573205549004
227.29441283799997,0.19013263408056652,2.245218988745569,-2.2098673747034585,-0.3047810112544309
227.30798188300002,0.1872175023403256,2.244595733069606,-2.2127825064436992,-0.305404266930394
227.33480433800003,0.18430247319675944,2.2439719977148793,-2.2156975355872657,-0.3060280022851205
227.39746388000003,0.18138754672879767,2.243347782698276,-2.218612462055227,-0.3066522173017239
227.49897471600002,0.1784727230153681,2.242723088036697,-2.2215272857686568,-0.307276911963303
227.56161210100004,0.17556938270293693,2.242101009423955,-2.224430626081088,-0.307898990576045
227.57646568200005,0.17266587663828245,2.2414797049071447,-2.2273341321457427,-0.30852029509285517
227.60542066800008,0.169762205027776,2.240859174530425,-2.230237803756249,-0.30914082546957466
227.67483888000004,0.16685836807782048,2.240239418337908,-2.2331416407062044,-0.30976058166209164
227.796031536,0.16395436599482904,2.2396204363736474,-2.236045642789196,-0.31037956362635244
227.84502282900007,0.16102949863886562,2.238997417540426,-2.238970510145159,-0.3110025824595737
227.88046802000008,0.1581021509869618,2.2383736913171077,-2.2418978577970634,-0.3116263086828921
227.90816815900007,0.15517484086397396,2.2377497889845075,-2.244825167920051,-0.31225021101549233
227.96770297299997,0.15224756828049668,2.2371257105449027,-2.247752440503528,-0.3128742894550971
228.072652285,0.14932033324712463,2.236501456000536,-2.2506796755369005,-0.31349854399946375
228.11133337399997,0.14639694160416,2.2358778193138096,-2.253603067179865,-0.31412218068619024
228.14299618799998,0.1434806958580722,2.2352552919657653,-2.2565193129259526,-0.3147447080342345
228.184662903,0.140564547528284,2.2346323084432576,-2.259435461255741,-0.31536769155674227
228.22887099500008,0.13764849668615473,2.234008868761533,-2.26235151209787,-0.31599113123846667
228.351378351,0.13473254340303728,2.2333849729358417,-2.2652674653809877,-0.3166150270641581
228.38375394500008,0.1317990013684331,2.2327570740428766,-2.268201007415592,-0.3172429259571232
228.42222730900005,0.12886545926661414,2.2321291754639465,-2.2711345495174107,-0.3178708245360533
228.45572071700008,0.12593191709756127,2.2315012771990483,-2.2740680916864635,-0.3184987228009515
228.49007458900007,0.12299837486130316,2.2308733792481887,-2.2770016339227217,-0.3191266207518111
228.61328987600007,0.12006788104527635,2.2302461300081564,-2.2799321277387485,-0.3197538699918434
228.65318820200002,0.11716491598158851,2.2296242850354426,-2.2828350928024363,-0.3203757149645572
228.67547573500008,0.11426211905825667,2.2290016556488674,-2.2857378897257683,-0.3209983443511324
228.703663883,0.11135949048726568,2.228378241893902,-2.2886405182967593,-0.32162175810609783
228.758391511,0.10845703048052663,2.2277540438160583,-2.2915429783034984,-0.3222459561839415
228.87970359200006,0.10555473924999577,2.2271290614609205,-2.2944452695340294,-0.32287093853907933
228.92319441799998,0.10265160166916633,2.226503171786204,-2.2973484071148587,-0.3234968282137958
228.96132086400007,0.09974652987857244,2.2258772790713457,-2.3002534789054527,-0.32412272092865413
228.991830994,0.09684130483155072,2.2252520981175286,-2.3031587039524744,-0.32474790188247127
229.02471515399998,0.09393592670246018,2.2246276289622715,-2.3060640820815648,-0.3253723710377283
229.14534111199998,0.09103039566569839,2.224003871643058,-2.3089696131183266,-0.3259961283569419
229.17366874800007,0.08812400318613917,2.2233806661118476,-2.311876005597886,-0.32661933388815223
229.19783257200004,0.0852173373041958,2.222758124513324,-2.314782671479829,-0.32724187548667594
229.222419919,0.08231052359325321,2.2221362735335637,-2.3176894851907717,-0.32786372646643613
229.26460209200002,0.07940356221740258,2.2215151132076727,-2.3205964465666225,-0.3284848867923271
229.38077139899997,0.07649645334074204,2.220894643570715,-2.323503555443283,-0.32910535642928496
229.41326372700007,0.07358134030721959,2.220274054755736,-2.3264186684768053,-0.329725945244264
229.45468004300005,0.07064403538284288,2.219663966160731,-2.329355973401182,-0.3303360338392687
229.47795777500005,0.06770282696087193,2.219072982801364,-2.332297181823153,-0.3309270171986358
229.53180697800008,0.06475783930692584,2.2185011296465946,-2.335242169477099,-0.3314988703534052
229.64144596200003,0.06180919684627973,2.217948430857128,-2.338190811937745,-0.3320515691428718
229.672220982,0.058857024158647735,2.21741490978441,-2.3411429846253773,-0.33258509021559
229.71832922500005,0.05590144597289196,2.2169005889696267,-2.344098562811133,-0.3330994110303731
229.74157890000004,0.052942587161751035,2.216405490142756,-2.347057421622274,-0.3335945098572437
229.77751630199998,0.04998057273656956,2.215929634221651,-2.3500194360474556,-0.33407036577834903
229.89253328200004,0.04701552784202529,2.2154730413111543,-2.3529844809419997,-0.3345269586888455
229.93087801399997,0.0440475777508201,2.21503573070225,-2.355952431033205,-0.3349642692977497
229.96226359399998,0.0410768478583996,2.214617720871248,-2.3589231609256256,-0.33538227912875174
230.01288865700008,0.03810346367765759,2.2142190294789996,-2.3618965451063674,-0.3357809705210002
230.041208236,0.03512755083363496,2.2138396733701593,-2.36487245795039,-0.3361603266298405
230.15170798400004,0.032149235058203815,2.2134796685724636,-2.367850773725821,-0.33652033142753623
230.20129232099998,0.02916864218476678,2.213139030296063,-2.3708313665992584,-0.33686096970393686
230.22661710500006,0.026185898142926104,2.2128177729328735,-2.373814110641099,-0.3371822270671263
230.26017198500006,0.023201128953174076,2.2125159100559713,-2.376798879830851,-0.33748408994402856
230.39460716100007,0.02021446072156761,2.2122334544190174,-2.3797855480624572,-0.3377665455809824
230.43734695700005,0.017226019634392523,2.211970417955722,-2.3827739891496322,-0.3380295820442778
230.46805189999998,0.014235931952841807,2.2117268117793345,-2.385764076831183,-0.3382731882206653
230.50153923599999,0.011244324007673136,2.211502646182182,-2.388755684776352,-0.338497353817818
230.539701101,0.00825132219387991,2.2112979306352236,-2.391748686590145,-0.3387020693647762
230.66397324000002,0.005257052965341684,2.2111126737876656,-2.3947429558186832,-0.3388873262123342
230.69607856200003,0.0022616428294880498,2.2109468834665793,-2.397738365954537,-0.3390531165334205
230.71292663500003,-0.0007347816580477773,2.2108005666765815,-2.4007347904420726,-0.3391994333234183
230.76731402400003,-0.0037320938987762155,2.210673729599536,-2.403732102682801,-0.33932627040046404
230.79405971900007,-0.006730167256702556,2.2105663775942888,-2.4067301760407274,-0.33943362240571107
230.95776166000007,-0.009728875063673094,2.2104785151964474,-2.409728883847698,-0.3395214848035524
230.98925272100007,-0.0127280906247283,2.2104101461181846,-2.412728099408753,-0.3395898538818152
231.03127605500003,-0.015727687223456764,2.210361273248084,-2.415727696007482,-0.33963872675191586
231.05696410899998,-0.01872753812735047,2.210331898651017,-2.4187275469113754,-0.3396681013489826
231.10092527799998,-0.021727516593151613,2.2103220235680547,-2.4217275253771766,-0.3396779764319451
231.22146809700007,-0.024727495872218962,2.2103316484164197,-2.4247275046562438,-0.3396683515835801
231.25259105500004,-0.02772734921587244,2.210360772789462,-2.4277273579998973,-0.33963922721053796
231.29893297500007,-0.030726949880757196,2.210409395456683,-2.430726958664782,-0.339590604543317
231.326707617,-0.033726171134187806,2.210477514363781,-2.433726179918213,-0.3395224856362189
231.36558938999997,-0.03672488625951513,2.2105651266327433,-2.43672489504354,-0.33943487336725653
231.506312826,-0.03972296856146944,2.210672228561963,-2.4397229773454945,-0.33932777143803694
231.538538346,-0.04272029137152229,2.210798815626401,-2.442720300155547,-0.3392011843735987
231.57808363200002,-0.04571672805322667,2.2109448824777713,-2.4457167368372517,-0.3390551175222285
231.60918769700004,-0.048712152007581826,2.2111104229447722,-2.4487121607916067,-0.3388895770552276
231.65131463299997,-0.05170643667837103,2.2112954300333434,-2.451706445462396,-0.33870456996665643
231.78068122800005,-0.05469945555750971,2.211499895926963,-2.4546994643415347,-0.33850010407303666
231.822151845,-0.05769108219039817,2.211723811986976,-2.457691090974423,-0.33827618801302384
231.86229525600004,-0.060681190181254535,2.2119671687529654,-2.4606811989652795,-0.3380328312470344
231.89273831499997,-0.0636696531984631,2.2122299559431404,-2.4636696619824883,-0.3377700440568594
231.92813399400006,-0.06665634497990315,2.212512162454784,-2.4666563537639283,-0.3374878375452157
232.06402883600003,-0.06964113933829309,2.2128137763647113,-2.469641148122318,-0.3371862236352885
232.102977022,-0.07262391016651522,2.2131347849297796,-2.47262391895054,-0.33686521507022027
232.13914863800005,-0.07560453144294516,2.213475174587426,-2.47560454022697,-0.33652482541257367
232.17111244900002,-0.07858287723677664,2.2138349309562355,-2.4785828860208015,-0.3361650690437643
232.22409781700003,-0.08155882171334453,2.2142140388365594,-2.4815588304973697,-0.3357859611634404
232.24616716000003,-0.08453223913943705,2.2146124822111433,-2.484532247923462,-0.33538751778885656
232.293051891,-0.08750300388860952,2.2150302442458143,-2.4875030126726343,-0.3349697557541855
232.41840099900003,-0.09047099044649308,2.2154673072901887,-2.490470999230518,-0.3345326927098111
232.45161446600002,-0.09343607341609926,2.2159236528784176,-2.493436082200124,-0.3340763471215822
232.48600628100007,-0.09639812752311026,2.2163992617299684,-2.496398136307135,-0.33360073827003145
232.521637628,-0.09935702762118345,2.216894113750437,-2.4993570364052085,-0.33310588624956283
232.55130965800004,-0.10231264869722802,2.2174081880324,-2.502312657481253,-0.3325918119675997
232.676631198,-0.10526486587669577,2.2179414628562943,-2.5052648746607207,-0.3320585371437055
232.70969265999997,-0.10821355442884655,2.218493915691339,-2.5082135632128715,-0.331506084308661
232.73981356500008,-0.1111585897720303,2.219065523196484,-2.5111585985560554,-0.33093447680351584
232.83320639600004,-0.11409984747894013,2.2196562612213975,-2.5140998562629653,-0.33034373877860235
232.877995263,-0.11703720328187822,2.220266104807486,-2.5170372120659033,-0.32973389519251395
232.94256598100003,-0.1199705330779948,2.220895028188946,-2.51997054186202,-0.3291049718110539
232.98265618599999,-0.12289971293454556,2.2215430047938605,-2.5228997217185705,-0.32845699520613936
233.01206096099997,-0.12582461909411707,2.222210007245314,-2.525824627878142,-0.3277899927546857
233.10159719299998,-0.12874512797985663,2.2228960073625523,-2.528745136763882,-0.3271039926374475
233.143192764,-0.1316611162007008,2.2236009761621722,-2.531661124984726,-0.3263990238378276
233.21776726300004,-0.13457246055657943,2.2243248838593477,-2.5345724693406044,-0.32567511614065214
233.264266259,-0.13747903804362865,2.225067699869085,-2.5374790468276536,-0.3249323001309148
233.29672717200003,-0.14038072585937944,2.2258293928075186,-2.5403807346434046,-0.32417060719248125
233.38067768400003,-0.1432774014079548,2.2266099304932343,-2.5432774101919797,-0.3233900695067655
233.43333740800006,-0.14616894230524377,2.2274092799486316,-2.546168951089269,-0.32259072005136824
233.51573807199998,-0.149055226384073,2.2282274074013166,-2.549055235168098,-0.3217725925986832
233.53544297200006,-0.15193613169936881,2.2290642782855237,-2.551936140483394,-0.32093572171447615
233.56597190600007,-0.1548115365333117,2.229919857243584,-2.5548115453173366,-0.32008014275641594
233.66853170500008,-0.15768131940047492,2.2307941081274136,-2.5576813281844997,-0.3192058918725862
233.70166963999998,-0.16054535905295841,2.2316869940000426,-2.5605453678369834,-0.31831300599995727
233.79291033000004,-0.1634035344855129,2.2325984771371767,-2.563403543269538,-0.3174015228628231
233.844781432,-0.16625572494065338,2.2335285190287864,-2.5662557337246783,-0.31647148097121347
233.88434767,-0.1691018099137543,2.234477080380742,-2.569101818697779,-0.3155229196192577
233.96133411000005,-0.1719416691581514,2.235444121116467,-2.5719416779421764,-0.314555878883533
234.05727614400007,-0.1747751826902124,2.2364296003786337,-2.574775191474237,-0.3135703996213661
234.087026551,-0.17760223079441456,2.2374334765308914,-2.5776022395784395,-0.3125665234691084
234.12104942200006,-0.18042269402839275,2.2384557071596203,-2.5804227028124176,-0.31154429284037954
234.16882145199997,-0.1832364532279974,2.239496249075729,-2.5832364620120223,-0.31050375092427096
234.24101330899998,-0.1860433895123191,2.2405550583164766,-2.586043398296344,-0.3094449416835232
234.34213870600001,-0.18884338428872025,2.241632090147331,-2.5888433930727452,-0.3083679098526688
234.37375085600002,-0.191636319257834,2.242727299063855,-2.591636328041859,-0.3072727009361449
234.40480150100007,-0.19442207641857648,2.243840638793637,-2.5944220852026016,-0.30615936120636267
234.46112964500003,-0.1972005380731219,2.244972062298239,-2.597200546857147,-0.3050279377017606
234.525166086,-0.19997158683187613,2.246121521775186,-2.599971595615901,-0.3038784782248136
234.63383988099997,-0.2027351056184439,2.247288968659986,-2.602735114402469,-0.30271103134001365
234.67040923500008,-0.20549097767456612,2.248474353628181,-2.605490986458591,-0.301525646371819
234.69358384600002,-0.20823908656506007,2.2496776265974323,-2.6082390953490853,-0.3003223734025675
234.74644711500002,-0.21097931618273158,2.250898736729637,-2.6109793249667566,-0.2991012632703627
234.82095007200007,-0.21371155075328863,2.252137632433072,-2.6137115595373137,-0.29786236756692785
234.91905550800004,-0.21643567484022694,2.25339426136458,-2.616435683624252,-0.29660573863541995
234.95535681500007,-0.2191515733497084,2.2546685704317757,-2.6191515821337332,-0.2953314295682241
234.98144015100002,-0.22185913153542455,2.255960505795288,-2.6218591403194496,-0.294039494204712
235.01770164200002,-0.2245582350034461,2.2572700128710435,-2.624558243787471,-0.29272998712895637
235.08837493800002,-0.22724876971705277,2.2585970363325605,-2.6272487785010776,-0.29140296366743934
235.189714794,-0.22993062200155256,2.259941520113296,-2.6299306307855774,-0.29005847988670386
235.273771399,-0.23260367854908526,2.261303407409011,-2.63260368733311,-0.288696592590989
235.306597862,-0.2352678264234112,2.2626826406801688,-2.6352678352074363,-0.28731735931983104
235.33509505799998,-0.237922953064676,2.2640791616543687,-2.637922961848701,-0.2859208383456311
235.41337303500006,-0.24056894629417644,2.2654929113288076,-2.6405689550782014,-0.28450708867119223
235.50601272200004,-0.24320569431909053,2.266923829972772,-2.6432057031031153,-0.28307617002722774
235.53879659900008,-0.24583308573720888,2.268371857130163,-2.645833094521234,-0.28162814286983684
235.58174958899997,-0.24845100954163185,2.269836931622047,-2.6484510183256567,-0.280163068377953
235.60727907700004,-0.25105935512547023,2.271318991549246,-2.651059363909495,-0.2786810084507536
235.70299129700004,-0.2536580122865099,2.2728179742949486,-2.6536580210705347,-0.27718202570505124
235.80748986599997,-0.25624687123187445,2.274333816527356,-2.6562468800158996,-0.27566618347264393
235.843454984,-0.25882582258265524,2.2758664542023603,-2.65882583136668,-0.2741335457976395
235.871970606,-0.26139475737854406,2.2774158225662466,-2.661394766162569,-0.2725841774337532
235.89976824300004,-0.26395356708242784,2.278981856158433,-2.663953575866453,-0.27101814384156686
235.98996943300006,-0.26650214358497487,2.280564488814231,-2.666502152369,-0.2694355111857689
236.096760411,-0.2690403792092094,2.2821636536676486,-2.6690403879932343,-0.2678363463323512
236.12346208600002,-0.27156816671505246,2.283779283154208,-2.671568175499077,-0.26622071684579174
236.18595469000002,-0.27408539930385967,2.285411309013804,-2.6740854080878846,-0.26458869098619564
236.21802551899998,-0.27659197062292645,2.2870596622935855,-2.6765919794069513,-0.26294033770641434
236.29190432500002,-0.27908777476998886,2.2887242733508737,-2.6790877835540137,-0.2612757266491261
236.39141854800005,-0.2815727062976929,2.2904050718560978,-2.681572715081718,-0.25959492814390206
236.419150801,-0.28404666021805053,2.292101986795771,-2.6840466690020754,-0.2578980132042288
236.47339258199997,-0.28650953200687623,2.29381494647549,-2.686509540790901,-0.25618505352451004
236.50256953100006,-0.28896121760820453,2.2955438785229623,-2.6889612263922293,-0.25445612147703756
236.57729488300004,-0.2914016134386834,2.2972887098910664,-2.6914016222227084,-0.25271129010893345
236.67522161400007,-0.2938306163919513,2.299049366860936,-2.693830625175976,-0.25095063313906385
236.71804491900002,-0.2962481238429946,2.300825775045079,-2.6962481326270193,-0.24917422495492092
236.75305601499997,-0.2986540336524847,2.302617859390511,-2.6986540424365097,-0.24738214060948893
236.78312981,-0.3010482441710877,2.304425544181935,-2.7010482529551125,-0.24557445581806503
236.85331907199998,-0.30343065424376725,2.306248753044938,-2.7034306630277922,-0.24375124695506178
236.964671545,-0.30580116321405076,2.3080874089492176,-2.705801171998076,-0.24191259105078222
237.00646682800004,-0.30815967092828916,2.3099414342118347,-2.708159679712314,-0.2400585657881651
237.041922913,-0.31050607773987937,2.311810750500497,-2.710506086523904,-0.23818924949950304
237.07842871499997,-0.31284028451348467,2.31369527883687,-2.7128402932975098,-0.23630472116312973
237.14118905099997,-0.31516219262921485,2.3155949395999116,-2.7151622014132397,-0.23440506040008824
237.23721810899997,-0.3174717039867994,2.31750965252924,-2.7174717127708243,-0.23249034747076003
237.267239248,-0.3197687210097243,2.3194393367285127,-2.719768729793749,-0.23056066327148717
237.30328119299998,-0.3220531466493642,2.321383910668865,-2.722053155433389,-0.22861608933113464
237.33742259000007,-0.3243248843890754,2.3233432921923347,-2.7243248931731006,-0.22665670780766511
237.39110640900003,-0.3265838382482745,2.325317398515344,-2.7265838470322996,-0.2246826014846559
237.51856212799999,-0.32882991278649903,2.3273061462321945,-2.728829921570524,-0.22269385376780537
237.55712972499998,-0.33106301310743247,2.3293094513185912,-2.7310630218914573,-0.22069054868140858
237.56344798700002,-0.33328304486292026,2.331327229135193,-2.7332830536469452,-0.21867277086480685
237.62137829699998,-0.3354899142569489,2.3333593944311857,-2.7354899230409737,-0.21664060556881415
237.667682549,-0.3376835280496159,2.335405861347889,-2.7376835368336407,-0.21459413865211063
237.78089673500006,-0.33986379356106505,2.3374665434223796,-2.73986380234509,-0.21253345657762024
237.81965713700004,-0.3420306186754022,2.3395413535911467,-2.7420306274594273,-0.21045864640885315
237.856552931,-0.34418391184458813,2.341630204193768,-2.744183920628613,-0.20836979580623183
237.89074086300002,-0.3463235820923078,2.343733006976618,-2.7463235908763326,-0.20626699302338203
237.94836442899998,-0.3484495390178115,2.345849673096592,-2.7484495478018367,-0.20415032690340773
238.04535187500005,-0.35056169279973476,2.347980113124859,-2.75056170158376,-0.20201988687514083
238.096748896,-0.3526599541998945,2.350124237050646,-2.7526599629839197,-0.19987576294935394
238.12091574300007,-0.35474423456706017,2.352281954285038,-2.754744243351085,-0.19771804571496165
238.14226181100003,-0.3568144458406937,2.3544531736647993,-2.7568144546247186,-0.19554682633520049
238.20277756100006,-0.35887050055467873,2.3566378034562376,-2.7588705093387036,-0.1933621965437622
238.319591587,-0.3609123118410082,2.358835751359068,-2.760912320625033,-0.19116424864093196
238.37589998500005,-0.36293979343346083,2.361046924510319,-2.7629398022174856,-0.18895307548968088
238.40026403399997,-0.36495285967123864,2.363271229488251,-2.764952868455264,-0.18672877051174863
238.42595637,-0.3669514255025942,2.3655085723163127,-2.7669514342866193,-0.1844914276836871
238.48410002000003,-0.3689354064884173,2.3677588584671,-2.768935415272442,-0.18224114153289994
238.59618029400008,-0.3709047188058083,2.3700219928663606,-2.770904727589833,-0.1799780071336392
238.64720843300006,-0.37285927925161205,2.3722978798970003,-2.772859288035637,-0.17770212010299957
238.67306493700005,-0.37479900524594256,2.374586423403133,-2.7747990140299676,-0.17541357659686696
238.71696312300003,-0.376723814835665,2.3768875266941336,-2.77672382361969,-0.1731124733058662
238.761357277,-0.3786336266978589,2.379201092548731,-2.7786336354818837,-0.1707989074512688
238.86761903900003,-0.3805283601432588,2.3815270232191135,-2.7805283689272837,-0.16847297678088635
238.93100865200006,-0.3824079351196574,2.383865220435053,-2.7824079439036824,-0.16613477956494682
238.96228760100007,-0.38427227221529286,2.3862155854080696,-2.7842722809993177,-0.16378441459193027
239.001630289,-0.38612129266219863,2.388578018835589,-2.7861213014462236,-0.16142198116441087
239.04956905900008,-0.38795491833953694,2.390952420905151,-2.787954927123562,-0.15904757909484868
239.15017635700008,-0.38977307177689563,2.3933386912986236,-2.7897730805609204,-0.15666130870137618
239.19673873700003,-0.3915756761575621,2.395736729196436,-2.791575684941587,-0.15426327080356383
239.22192795800004,-0.3933626553217691,2.3981464332818416,-2.793362664105794,-0.1518535667181582
239.25178159100005,-0.3951339337699135,2.4005677017452043,-2.7951339425539383,-0.14943229825479554
239.30516203900004,-0.3968894366657442,2.4030004322882914,-2.7968894454497693,-0.1469995677117084
239.43849104100002,-0.39862908983952483,2.405444522128599,-2.79862909862355,-0.14455547787140066
239.499677098,-0.40035281979116716,2.4078998680036943,-2.800352828575192,-0.14210013199630556
239.52782438200006,-0.40206055369333843,2.4103663661755803,-2.8020605624773633,-0.1396336338244195
239.55998855100006,-0.40375221939453365,2.412843912435076,-2.8037522281785585,-0.1371560875649238
239.69448235599998,-0.4054277454221298,2.41533240210622,-2.8054277542061548,-0.1346675978937797
239.734394134,-0.40708706098540054,2.417831730050693,-2.8070870697694255,-0.13216826994930697
239.76892098100006,-0.40873009597851173,2.4203417906722624,-2.8087301047625366,-0.12965820932773742
239.79661599000008,-0.41035678098347733,2.4228624779212384,-2.810356789767502,-0.1271375220787614
239.816994411,-0.41196704727309935,2.425393685298963,-2.8119670560571244,-0.12460631470103678
239.96467638900003,-0.41356082681386547,2.4279353058622997,-2.8135608355978903,-0.12206469413770016
239.99456661099998,-0.41513805226882877,2.430487232228158,-2.8151380610528536,-0.11951276777184194
240.01887557400005,-0.4163878644949408,2.432539096737693,-2.816387873278966,-0.11746090326230663
240.04675581800007,-0.41741529322078125,2.434259948406524,-2.817415302004806,-0.11574005159347589
240.08350335700004,-0.41842783301197145,2.4359896025407455,-2.8184278417959963,-0.11401039745925434
240.223334335,-0.41942540845906984,2.437727930323448,-2.819425417243095,-0.11227206967655201
240.25384898100003,-0.42040794526711156,2.4394748022917416,-2.8204079540511366,-0.1105251977082582
240.29525776800006,-0.4213658912316782,2.441213131197649,-2.821365900015703,-0.10878686880235078
240.32257836000008,-0.42230611851078487,2.4429555908305978,-2.82230612729481,-0.10704440916940205
240.35515398899997,-0.42323090521462436,2.4447062942495807,-2.8232309139986493,-0.10529370575041908
240.48948738299998,-0.424140179069158,2.4464651046334196,-2.824140187853183,-0.10353489536658023
240.517595154,-0.4250558447360104,2.448274873940248,-2.8250558535200354,-0.10172512605975204
240.55718619499999,-0.4259780173275734,2.450134419783637,-2.8259780261115983,-0.09986558021636283
240.578060984,-0.4268852636551751,2.452001293409075,-2.8268852724392,-0.09799870659092491
240.62706700700005,-0.4277775254954913,2.453875375008317,-2.8277775342795164,-0.09612462499168295
240.74740802600002,-0.4286547455868405,2.455756544310542,-2.8286547543708656,-0.0942434556894578
240.79878000400004,-0.42951566649932005,2.4576420760993103,-2.829515675283345,-0.09235792390068953
240.819368606,-0.43036059847225566,2.4595327326026775,-2.8303606072562806,-0.09046726739732236
240.84751068100002,-0.4311902788307146,2.4614301314946885,-2.8311902876147395,-0.08856986850531134
240.86907428100005,-0.4320046537771146,2.463334149745465,-2.8320046625611397,-0.08666585025453477
241.02156603499998,-0.43280367050629687,2.465244663895922,-2.832803679290322,-0.08475533610407782
241.04823202800003,-0.4335872772089512,2.4671615500657746,-2.833587285992976,-0.08283844993422518
241.09198788800006,-0.43436415161293074,2.4691060881013724,-2.8343641603969556,-0.08089391189862738
241.118202763,-0.435127465844436,2.47106085144206,-2.835127474628461,-0.07893914855793982
241.16742926200004,-0.43587548464525044,2.4730215187284057,-2.8358754934292754,-0.07697848127159412
241.28309001399998,-0.43660816235596983,2.4749879702803987,-2.8366081711399946,-0.07501202971960108
241.31810539000003,-0.4373247584074382,2.4769581650497434,-2.837324767191463,-0.0730418349502564
241.35860967600001,-0.4380230819635337,2.4789262404210493,-2.8380230907475585,-0.07107375957895057
241.390094739,-0.43870583334113544,2.4808997720302495,-2.8387058421251603,-0.06910022796975035
241.41961499,-0.4393729699148993,2.482878636666368,-2.839372978698924,-0.06712136333363183
241.46257530499997,-0.4400244500343395,2.484862710785475,-2.8400244588183643,-0.06513728921452477
241.489899658,-0.4406602330264286,2.486851870518403,-2.8406602418104536,-0.06314812948159698
241.60526383600006,-0.4412800818336502,2.4888453494621294,-2.8412800906176754,-0.06115465053787039
241.64023585300004,-0.44188033703408036,2.4908314835452527,-2.8418803458181054,-0.05916851645474708
241.65960110900005,-0.44246464858435297,2.492822366493595,-2.842464657368378,-0.057177633506404923
241.71391171000005,-0.4430329789216564,2.4948178703220765,-2.8430329877056812,-0.05518212967792335
241.751817716,-0.44358529151054044,2.4968178667485583,-2.8435853002945652,-0.0531821332514415
241.84535096500008,-0.4441215508452658,2.4988222272020963,-2.844121559629291,-0.051177772797903476
241.897321069,-0.4446381204895064,2.5008172683000884,-2.844638129273531,-0.049182731699911386
241.920769405,-0.4451375179422613,2.502813063017039,-2.8451375267262864,-0.04718693698296095
241.99142613000004,-0.4456205937002803,2.504812871052835,-2.8456206024843054,-0.04518712894716481
242.01174871299997,-0.44608731552067954,2.5068165589303226,-2.8460873243047047,-0.0431834410696772
242.09625433899998,-0.44653765225211806,2.5088239929133813,-2.846537661036143,-0.041176007086618505
242.12498176600002,-0.44696552793435246,2.5108079204082894,-2.8469655367183773,-0.03919207959171045
242.16713118100006,-0.44737561435223294,2.5127905947603324,-2.8473756231362577,-0.037209405239667426
242.220033446,-0.44776892664356127,2.5147766647233167,-2.8477689354275864,-0.03522333527668309
242.24753164499998,-0.4481454367046482,2.516765988384837,-2.848145445488673,-0.03323401161516282
242.33869807500002,-0.4485051176323882,2.5187584235999942,-2.848505126416413,-0.031241576400005577
242.37227834200007,-0.44886172222092857,2.520830604974205,-2.8488617310049538,-0.029169395025794742
242.41499233500008,-0.44926514768395726,2.523272141573594,-2.849265156467982,-0.026727858426405682
242.46202711400008,-0.4497143057016142,2.5261044603280256,-2.849714314485639,-0.02389553967197422
242.50508803499997,-0.4501651167382159,2.5290703898150166,-2.850165125522241,-0.020929610184983183
242.57177806599998,-0.45059663984555487,2.5320391868980727,-2.8505966486295797,-0.017960813101927098
242.609230765,-0.4510088567918447,2.5350107261459573,-2.85100886557587,-0.014989273854042473
242.62530011299998,-0.45140175016098083,2.5379848820115805,-2.8514017589450056,-0.012015117988419366
242.69921089000002,-0.45177530335327665,2.5409615288372964,-2.8517753121373017,-0.009038471162703399
242.71700616600003,-0.4521295005861658,2.543940540860224,-2.8521295093701906,-0.006059459139776013
242.79826746599997,-0.45246432689486754,2.5469217922175456,-2.8524643356788926,-0.0030782077824542675
242.83185115499998,-0.4527797681330204,2.549905156951835,-2.8527797769170453,-9.484304816487213e-05
242.86115547400004,-0.45307581097327854,2.5528905090163763,-2.8530758197573034,0.0028905090163764413
242.908494356,-0.4533524429078765,2.5558777222804885,-2.8533524516919013,0.005877722280488662
242.98785560300007,-0.4536096522491559,2.5588666705348557,-2.8536096610331807,0.008866670534855903
243.041469624,-0.4538474281300603,2.5618572274968603,-2.8538474369140854,0.011857227496860467
243.07041390900008,-0.4540657605045942,2.5648492668159126,-2.8540657692886193,0.01484926681591281
243.09040487699997,-0.45426464014824736,2.567842662078799,-2.8542646489322725,0.017842662078799254
243.15924319600003,-0.4544440586583841,2.570837286815013,-2.854444067442409,0.02083728681501329
243.244859614,-0.4546040084545995,2.573833014502106,-2.8546040172386244,0.023833014502106398
243.27655775699998,-0.4547444827790382,2.5768297185710307,-2.8547444915630633,0.02682971857103089
243.31312922899997,-0.45486547569668084,2.5798272724114812,-2.854865484480706,0.02982727241148142
243.34213684100007,-0.4549669820955947,2.582825549377257,-2.85496699087962,0.032825549377257346
243.42651974,-0.45504899768714957,2.5858244227916005,-2.8550490064711744,0.035824422791600696
243.51326435099998,-0.4551115190061988,2.58882376595256,-2.855111527790224,0.03882376595256032
243.54366046100006,-0.455154543411226,2.5918234521383288,-2.855154552195251,0.04182345213832894
243.56886063500008,-0.4551780690844566,2.594823354612615,-2.8551780778684814,0.04482335461261533
243.601376297,-0.45518209503193446,2.5978233466299847,-2.8551821038159595,0.047823346629984886
243.665881173,-0.45516662108356365,2.6008233014412188,-2.855166629867589,0.05082330144121894
243.75568476800004,-0.45513164789311633,2.6038230922986747,-2.855131656677141,0.05382309229867488
243.78982355100004,-0.4550771769382044,2.6068225924616355,-2.8550771857222292,0.05682259246163568
243.81218339100008,-0.45500321052021775,2.6098216752016645,-2.8550032193042427,0.059821675201664704
243.85823088200004,-0.4549097517642267,2.612820213807963,-2.8549097605482516,0.06282021380796321
243.90477633800003,-0.4547968046188495,2.615818081592719,-2.8547968134028743,0.06581808159271896
244.01009516300007,-0.45466437385608643,2.618815151896466,-2.8546643826401112,0.06881515189646636
244.04538454200008,-0.4545124650711174,2.6218112980934283,-2.8545124738551424,0.07181129809342846
244.07303010600003,-0.45434108468206613,2.6248063935968773,-2.854341093466091,0.07480639359687746
244.11027853300004,-0.4541502399297286,2.62780031186447,-2.8541502487137533,0.07780031186447012
244.17572603899998,-0.45393993887726686,2.6307929264036094,-2.8539399476612917,0.08079292640360958
244.265459062,-0.45371019040986943,2.633784110776772,-2.8537101991938942,0.08378411077677228
244.31964981600004,-0.45346100423437485,2.636773738606866,-2.8534610130184,0.08677373860686632
244.33977638500005,-0.4531923908788617,2.639761683582558,-2.8531923996628867,0.08976168358255832
244.369868527,-0.45290436169220427,2.642747819463621,-2.8529043704762294,0.0927478194636211
244.44190993200004,-0.45259692884359315,2.6457320200862524,-2.8525969376276183,0.09573202008625259
244.541246871,-0.45227010532202044,2.648714159368424,-2.8522701141060454,0.09871415936842398
244.57879629600006,-0.4519239049357312,2.6516941113151957,-2.851923913719756,0.1016941113151959
244.61497162400008,-0.4515583423116402,2.654671750024037,-2.8515583510956652,0.10467175002403728
244.63866063,-0.4511734328947141,2.657646949690159,-2.851173441678739,0.10764694969015931
244.71300448,-0.4507691929473186,2.6606195846118164,-2.8507692017313437,0.11061958461181653
244.80572160400004,-0.45034563954853085,2.6635895291956264,-2.850345648332556,0.11358952919562659
244.87355063200005,-0.4499027905934194,2.6665566579618707,-2.8499027993774444,0.11655665796187087
244.88446589299997,-0.44944066479228645,2.6695208455498043,-2.8494406735763116,0.11952084554980447
244.91436371100008,-0.4489592816698786,2.6724819667229385,-2.8489592904539034,0.12248196672293865
244.97739416600007,-0.448458661564561,2.6754398963743458,-2.848458670348586,0.12543989637434594
245.08289538400004,-0.4479388256274587,2.678394509531938,-2.8479388344114835,0.1283945095319381
245.11724474200003,-0.4473997958215627,2.6813456813637506,-2.8473998046055877,0.1313456813637508
245.15657061800005,-0.446841594920802,2.6842932871832117,-2.846841603704827,0.13429328718321187
245.18338498399999,-0.4462642465090817,2.687237202454414,-2.846264255293107,0.1372372024544144
245.24486842500005,-0.44566777497928645,2.6901773027973737,-2.8456677837633113,0.14017730279737384
245.34986886800004,-0.4450522055322495,2.6931134639932894,-2.8450522143162744,0.1431134639932896
245.38020462300005,-0.44441756417568856,2.6960455619897874,-2.8444175729597134,0.14604556198978758
245.40757887200004,-0.44376387772310627,2.6989734729061636,-2.8437638865071313,0.1489734729061638
245.452860826,-0.4430911737926584,2.701897073038618,-2.8430911825766834,0.1518970730386182
245.52055427900007,-0.4423994808059853,2.704816238865479,-2.84239948959001,0.15481623886547924
245.628658222,-0.4416888279870137,2.7077308470524244,-2.8416888367710387,0.15773084705242457
245.66123717800008,-0.44095924536071857,2.710640774457694,-2.8409592541447437,0.1606407744576943
245.70171375000007,-0.44021076375185814,2.7135458981372858,-2.840210772535883,0.16354589813728593
245.734880977,-0.4394434147836683,2.7164460953501575,-2.839443423567693,0.16644609535015764
245.80186651500003,-0.4386572308765292,2.7193412435634072,-2.838657239660554,0.1693412435634074
245.90042971600008,-0.4378522452465942,2.7222312204574526,-2.837852254030619,0.17223122045745276
245.93142733800005,-0.4370284919043856,2.725115903931204,-2.8370285006884104,0.17511590393120402
245.97434353000006,-0.43618600565336063,2.7279951721072084,-2.8361860144373856,0.1779951721072086
246.005719741,-0.43532482208843726,2.7308689033368183,-2.8353248308724623,0.1808689033368185
246.06866677699998,-0.4344449775944934,2.7337369762053134,-2.8344449863785184,0.1837369762053136
246.174794162,-0.43354650934482747,2.7365992695370447,-2.8335465181288524,0.18659926953704487
246.22110765700006,-0.43262945529959035,2.739455662400541,-2.8326294640836154,0.18945566240054124
246.247433902,-0.4316938542041784,2.7423060341136316,-2.831693862988203,0.19230603411363179
246.28795265100007,-0.4307397455875988,2.7451502642485366,-2.8307397543716237,0.19515026424853676
246.33711768500007,-0.4297671697607986,2.7479882326369527,-2.8297671785448237,0.19798823263695287
246.43638288500006,-0.42877616781496203,2.750819819375137,-2.828776176598987,0.20081981937513715
246.48416974200006,-0.4277667816197736,2.753644904828976,-2.8277667904037984,0.20364490482897635
246.516893911,-0.42673905382165006,2.7564633696390266,-2.826739062605675,0.20646336963902678
246.54323154300005,-0.42569302784193813,2.7592750947255698,-2.825693036625963,0.20927509472556993
246.60944682000002,-0.42462874787508,2.762079961293638,-2.824628756659105,0.21207996129363815
246.73394149,-0.42354625888674524,2.7648778508380376,-2.8235462676707703,0.2148778508380378
246.78144877600005,-0.42244560661193303,2.7676686451483516,-2.822445615395958,0.21766864514835182
246.814902458,-0.42132683755303824,2.770452226313934,-2.821326846337063,0.22045222631393413
246.83939553599998,-0.4201899989778876,2.7732284767288946,-2.8201900077619126,0.2232284767288948
246.902848792,-0.4190351389177408,2.775997279097069,-2.819035147701766,0.22599727909706901
247.00320509900007,-0.4178623061652649,2.7787585164369664,-2.8178623149492896,0.22875851643696654
247.063607812,-0.416671550272468,2.7815120720867212,-2.816671559056493,0.23151207208672142
247.09696754800007,-0.41546292154861036,2.7842578297090155,-2.8154629303326355,0.23425782970901565
247.11527213,-0.41423647105807454,2.786995673296001,-2.8142364798420996,0.23699567329600102
247.177191859,-0.4129922506182124,2.789725487174191,-2.8129922594022374,0.23972548717419118
247.27809559399998,-0.41173031279715255,2.7924471560093553,-2.8117303215811775,0.2424471560093555
247.329744494,-0.4104507109115791,2.7951605648113924,-2.810450719695604,0.2451605648113926
247.35541608200003,-0.4091534990244829,2.79786559893918,-2.809153507808508,0.24786559893918003
247.39078463099997,-0.4078387319428719,2.8005621441054327,-2.807838740726897,0.25056214410543287
247.43697869200003,-0.4065064652154606,2.8032500863815155,-2.8065064739994856,0.2532500863815157
247.55177420200005,-0.4051567551303189,2.8059293122022706,-2.805156763914344,0.2559293122022708
247.598083341,-0.4037896587124985,2.808599708370802,-2.8037896674965235,0.25859970837080226
247.62238725500004,-0.40240523372161885,2.8112611620632713,-2.802405242505644,0.26126116206327143
247.65068545500003,-0.40100353864943017,2.813913560833654,-2.801003547433455,0.26391356083365425
247.70090570600007,-0.3995846327173407,2.8165567926184982,-2.7995846415013657,0.2665567926184984
247.817554461,-0.39814857587391533,2.8191907457416514,-2.79814858465794,0.2691907457416516
247.87592250299997,-0.39669542879234115,2.82181530891899,-2.796695437576366,0.2718153089189901
247.907157859,-0.39522525286786675,2.8244303712631074,-2.7952252616518916,0.27443037126310754
247.93441487400003,-0.39373811021520627,2.827035822288009,-2.793738118999231,0.2770358222880094
247.97589890799998,-0.39223406366591623,2.8296315519137774,-2.7922340724499413,0.27963155191377753
248.090801176,-0.3907131767657383,2.8322174504712216,-2.7907131855497633,0.2822174504712218
248.14496461700003,-0.3891755137719185,2.834793408706513,-2.7891755225559436,0.28479340870651315
248.16451522900002,-0.3876211396504894,2.8373593177857974,-2.787621148434514,0.2873593177857976
248.20909586699997,-0.38605012007352696,2.8399150692997988,-2.786050128857552,0.28991506929979893
248.33902890800005,-0.3844625214163732,2.842460555268398,-2.7844625302003982,0.2924605552683981
248.37056499699997,-0.3828584107548369,2.844995668145189,-2.782858419538862,0.29499566814518907
248.406138608,-0.3812378558623537,2.8475203008220316,-2.7812378646463785,0.29752030082203174
248.43565422200004,-0.37960092520712757,2.8500343466335676,-2.7796009339911527,0.30003434663356776
248.455968558,-0.3779476879492339,2.8525376993617404,-2.777947696733259,0.3025376993617406
248.59141870000008,-0.37627821393770233,2.855030253240266,-2.7762782227217273,0.305030253240266
248.61828277200004,-0.37459257370756155,2.857511902959114,-2.7745925824915867,0.307511902959114
248.63292416900003,-0.37289083847685883,2.859982543668954,-2.772890847260884,0.30998254366895406
248.67329605400005,-0.3711730801436567,2.862442070985582,-2.7711730889276818,0.3124420709855822
248.70596697000008,-0.36943937128298754,2.864890380994337,-2.7694393800670127,0.3148903809943371
248.85194656099998,-0.36768978514379413,2.867327370254483,-2.7676897939278193,0.3173273702544832
248.881706324,-0.36592439564582874,2.8697529358035885,-2.7659244044298537,0.31975293580358866
248.90457846900006,-0.36414327737653723,2.8721669751618677,-2.764143286160562,0.3221669751618679
248.93813577100002,-0.3623465055879,2.8745693863365185,-2.762346514371925,0.32456938633651866
248.965403338,-0.3605341561932583,2.8769600678260248,-2.760534164977283,0.32696006782602494
249.09165144899998,-0.3587063057641045,2.8793389186244496,-2.7587063145481294,0.32933891862444975
249.12199810699997,-0.3568630315268478,2.881705838225701,-2.756863040310873,0.3317058382257012
249.15823231399997,-0.3550044113595495,2.884060726627779,-2.7550044201435746,0.3340607266277793
249.203846345,-0.35313052378863574,2.886403484336998,-2.7531305325726607,0.3364034843369983
249.22934367699997,-0.3512414479855776,2.888734012372193,-2.7512414567696024,0.33873401237219314
249.38398840499997,-0.34933726376354735,2.8910522122689,-2.749337272547572,0.34105221226890015
249.44573479200005,-0.3474180515740439,2.89335798608352,-2.747418060358069,0.3433579860835203
249.448159497,-0.3454838925034974,2.895651236397453,-2.7454839012875225,0.3456512363974533
249.47837579400004,-0.34353486826984075,2.897931866321213,-2.743534877053866,0.347931866321213
249.51085042199998,-0.3415710612190586,2.9001997794985233,-2.7415710700030838,0.35019977949852343
249.64656207300004,-0.3395925543217051,2.9024548801103935,-2.73959256310573,0.3524548801103937
249.67810123499999,-0.33759943116940455,2.9046970728791552,-2.7375994399534296,0.3546970728791554
249.70153350099997,-0.3355917759713118,2.906926263072498,-2.7355917847553366,0.3569262630724981
249.71848344199998,-0.3335696735505615,2.909142356507469,-2.7335696823345863,0.3591423565074692
249.76004129299997,-0.33153320934067837,2.9113452595544507,-2.7315332181247034,0.36134525955445085
249.89153448399998,-0.3294824693819742,2.913534879141115,-2.729482478165999,0.36353487914111504
249.933189029,-0.3274175403179071,2.9157111227563606,-2.727417549101932,0.36571112275636075
249.96043962400006,-0.32533850939142106,2.9178738984542196,-2.725338518175446,0.3678738984542198
249.99966677300006,-0.323245464441266,2.9200231148577385,-2.723245473225291,0.37002311485773864
250.03446197300002,-0.32113849389827764,2.922158681162846,-2.7211385026823027,0.37215868116284634
250.058681321,-0.3190176867816495,2.924280507142181,-2.7190176955656744,0.3742805071421813
250.09519881799997,-0.3168831326951649,2.9263885031489143,-2.71688314147919,0.3763885031489145
250.228528041,-0.3147349218234187,2.9284825801205256,-2.7147349306074435,0.3784825801205258
250.25664732899997,-0.31257314492799937,2.930562649582578,-2.7125731537120243,0.38056264958257824
250.282194451,-0.3103978933436591,2.932628623652443,-2.710397902127684,0.382628623652443
250.315989952,-0.30820925897445406,2.9346804150430237,-2.708209267758479,0.38468041504302386
250.34318082100003,-0.30600733428986127,2.9367179370664394,-2.7060073430738862,0.38671793706643953
250.45838627600006,-0.30379221232086984,2.9387411036376885,-2.703792221104895,0.38874110363768866
250.50132759500002,-0.3015639866560542,2.9407498292782845,-2.701563995440079,0.3907498292782847
250.52129432100003,-0.29932275143761733,2.9427440291198668,-2.6993227602216425,0.39274402911986694
250.61548196,-0.2970686013574142,2.944723618907788,-2.6970686101414394,0.39472361890778807
250.66207105900003,-0.2948016316529491,2.9466885150046753,-2.694801640436974,0.3966885150046755
250.72742870800005,-0.29252193810335586,2.948638634393962,-2.6925219468873807,0.3986386343939623
250.76559151700008,-0.29022961702534744,2.9505738946833926,-2.6902296258093723,0.4005738946833928
250.78555556599997,-0.2879247652691491,2.9524942141085067,-2.687924774053174,0.40249421410850683
250.873184875,-0.2856074802144028,2.954399511536098,-2.6856074889984276,0.4043995115360981
250.90362778100007,-0.28327785976606007,2.9562897064676292,-2.683277868550085,0.4062897064676294
250.996541642,-0.280936002350236,2.9581647190426477,-2.680936011134261,0.40816471904264784
251.02909380100004,-0.2785820069100597,2.96002447004215,-2.6785820156940847,0.41002447004215004
251.058135579,-0.2762159729014861,2.961868880891935,-2.676215981685511,0.4118688808919351
251.13875302100007,-0.2738380002891024,2.963697873665918,-2.6738380090731275,0.41369787366591826
251.17659462300003,-0.2714481895418977,2.965511371089426,-2.6714481983259226,0.41551137108942626
251.26337027199997,-0.2690466416290183,2.967309296542463,-2.6690466504130432,0.41730929654246296
251.30032466299997,-0.26663345801550925,2.9690915740629444,-2.666633466799534,0.4190915740629446
251.32862069400005,-0.2642087406580171,2.970858128349912,-2.664208749442042,0.420858128349912
251.41818943600003,-0.26177259200049086,2.9726088847667085,-2.661772600784516,0.42260888476670866
251.45651913400002,-0.2593251149698468,2.974343769344138,-2.659325123753872,0.4243437693441381
251.55385117800006,-0.25686641297162827,2.976062708783583,-2.6568664217556535,0.4260627087835833
251.58246588300005,-0.25439658988562663,2.977765630460108,-2.654396598669652,0.42776563046010807
251.615150965,-0.2519157500615009,2.979452462425527,-2.6519157588455258,0.42945246242552715
251.68666946400003,-0.2494239983143643,2.9811231334114403,-2.649424007098389,0.4311231334114405
251.776061153,-0.2469214399203584,2.982777572832246,-2.6469214487043833,0.43277757283224627
251.81963249700004,-0.2444081806122015,2.9844157107881246,-2.6444081893962266,0.4344157107881248
251.85010637900007,-0.24188432657472625,2.9860374780679915,-2.641884335358751,0.43603747806799165
251.88138003900008,-0.23934998444039043,2.9876428061524214,-2.6393499932244153,0.43764280615242157
251.96450700900004,-0.23680526128477283,2.9892316272165393,-2.636805270068798,0.4392316272165395
252.056676155,-0.2342502646220468,2.990803874132894,-2.6342502734060718,0.44080387413289435
252.08848686400006,-0.23168510240044204,2.992359480474286,-2.631685111184467,0.4423594804742863
252.13487511000005,-0.22910988299768073,2.99389838051658,-2.6291098917817055,0.44389838051658037
252.170044899,-0.22652471521640044,2.995420509241476,-2.6265247240004252,0.445420509241476
252.23708704700005,-0.2239297082795529,2.9969258023392626,-2.623929717063578,0.4469258023392628
252.33575464900002,-0.2213249718257984,2.9984141962115323,-2.6213249806098236,0.44841419621153245
252.36629616300002,-0.21871061590486227,2.999885627973863,-2.6187106246888874,0.4498856279738632
252.40599365600008,-0.21608675097289487,3.001340035458482,-2.6160867597569197,0.451340035458482
252.439472915,-0.2134534878877967,3.00277735721689,-2.6134534966718217,0.45277735721689005
252.51171047499997,-0.21081093790454383,3.004197532522457,-2.6108109466885687,0.454197532522457
252.59828561200004,-0.20815921267048001,3.005600501372985,-2.608159221454505,0.45560050137298536
252.64006243699998,-0.20549842422059958,3.0069862044932525,-2.6054984330046245,0.45698620449325267
252.67572614300002,-0.20282868497282183,3.0083545833375065,-2.602828693756847,0.45835458333750667
252.69819121299997,-0.20015010772323055,3.0097055800919437,-2.6001501165072556,0.45970558009194384
252.76779038300003,-0.19746280564131766,3.0110391376771544,-2.5974628144253424,0.46103913767715454
252.85526656700006,-0.194766892265194,3.012355199750529,-2.594766901049219,0.4623551997505291
252.88802031299997,-0.19206248149680188,3.0136537107086374,-2.592062490280827,0.4636537107086376
252.93344556600005,-0.18934968759709142,3.014934615689588,-2.5893496963811162,0.46493461568958816
252.95843987700005,-0.18662862518120232,3.016197860575335,-2.586628633965227,0.4661978605753352
253.03781986600006,-0.18389940921361675,3.0174433919939703,-2.5838994179976416,0.46744339199397045
253.13558037500002,-0.18116215500330415,3.0186711573219753,-2.581162163787329,0.4686711573219755
253.16941727100004,-0.17841697819884625,3.019881104686448,-2.5784169869828713,0.4698811046864484
253.21668050000005,-0.17566399478355535,3.0210731829672937,-2.57566400356758,0.47107318296729384
253.24571895400004,-0.17290332107057124,3.02224734179938,-2.5729033298545962,0.4722473417993802
253.31677694100006,-0.17013507369794853,3.023403531574673,-2.5701350824819733,0.47340353157467296
253.41173092200006,-0.16735936962372525,3.024541703444327,-2.56735937840775,0.4745417034443271
253.480981166,-0.1645763261209864,3.0256618093207486,-2.5645763349050115,0.47566180932074875
253.48987724699998,-0.1617860607729061,3.026763801879631,-2.561786069556931,0.4767638018796312
253.51686614800008,-0.15898869146778086,3.0278476345619523,-2.5589887002518057,0.47784763456195245
253.59070224100003,-0.15618433639404536,3.0289132615759446,-2.55618434517807,0.4789132615759448
253.68856268399998,-0.15337311403528753,3.0299606378990225,-2.5533731228193126,0.47996063789902266
253.71972926600006,-0.15055514316523144,3.030989719279694,-2.5505551519492564,0.48098971927969414
253.75949363300003,-0.14773054284272866,3.032000462239424,-2.5477305516267537,0.4820004622394243
253.788454645,-0.14489943240672037,3.032992824074473,-2.5448994411907453,0.48299282407447297
253.85555672300006,-0.14206193147120375,3.0339667628576996,-2.5420619402552287,0.4839667628576998
253.95994886100004,-0.13921815992017114,3.0349222374403353,-2.539218168704196,0.48492223744033547
253.991866694,-0.1363682379025451,3.035859207453722,-2.5363682466865702,0.48585920745372224
254.01839978600003,-0.13351228582711022,3.0367776333110146,-2.533512294611135,0.48677763331101476
254.06296272400004,-0.13065042435741447,3.037677476208858,-2.5306504331414397,0.48767747620885826
254.127716748,-0.12778277440668082,3.038558698129025,-2.527782783190706,0.4885586981290251
254.224161148,-0.12490945713269058,3.0394212618400194,-2.5249094659167155,0.48942126184001955
254.255974218,-0.12203059393267454,3.0402651308986535,-2.5220306027166997,0.49026513089865364
254.29156201800004,-0.11914630643817214,3.0410902696515834,-2.519146315222197,0.49109026965158353
254.326536057,-0.11625671650990173,3.0418966432368215,-2.5162567252939265,0.4918966432368217
254.38140875300007,-0.11336194623260798,3.0426842175852014,-2.513361955016633,0.49268421758520153
254.50159859899998,-0.11046211790990537,3.043452959421825,-2.5104621266939304,0.4934529594218251
254.53310249499998,-0.10755735405910746,3.044202836267466,-2.5075573628431322,0.494202836267466
254.553569573,-0.10464777740605583,3.0449338164399364,-2.504647786190081,0.4949338164399366
254.58929560500007,-0.10173351087993106,3.045645869055434,-2.501733519663956,0.4956458690554344
254.62358263,-0.09881467760806133,3.0463389640298417,-2.498814686392086,0.4963389640298419
254.72882624400006,-0.09589140091071638,3.04701307208,-2.4958914096947415,0.4970130720800001
254.76757851399998,-0.09296380429590269,3.047668164724945,-2.492963813079928,0.49766816472494524
254.79765849700004,-0.09003201145414172,3.048304214287109,-2.4900320202381665,0.498304214287109
254.82202918200005,-0.08709614625324578,3.0489211938934915,-2.4870961550372708,0.49892119389349165
254.87714682600006,-0.08415633273308035,3.049519077476797,-2.4841563415171053,0.49951907747679725
254.97609267400003,-0.08121269510033276,3.0500978397765337,-2.4812127038843577,0.5000978397765339
255.00412854900003,-0.07826535772325247,3.0506574563400792,-2.4782653665072774,0.5006574563400794
255.03668214599998,-0.07531444512640699,3.051197903523718,-2.475314453910432,0.501197903523718
255.07008153200002,-0.07236008198541198,3.051719158493637,-2.472360090769437,0.5017191584936374
255.10158805599997,-0.06940239312167328,3.0522211992268904,-2.469402401905698,0.5022211992268906
255.213574377,-0.0664415034971054,3.052704004512332,-2.4664415122811305,0.5027040045123323
255.25145612300003,-0.06347753820885187,3.0531675539515106,-2.463477546992877,0.5031675539515108
255.27503497099997,-0.060510622484008784,3.0536118279595312,-2.4605106312680336,0.5036118279595314
255.30873234400008,-0.057540881674321476,3.0540368077658826,-2.4575408904583464,0.5040368077658828
255.34782249700004,-0.05456844125089915,3.054442475415233,-2.454568450034924,0.504442475415233
255.436839426,-0.05159342679890491,3.0548288137681823,-2.45159343558293,0.5048288137681824
255.48061644400002,-0.04861596401226031,3.0551958065019935,-2.448615972796285,0.5051958065019937
255.508920041,-0.04563617868832256,3.055543438111279,-2.4456361874723473,0.5055434381112791
255.53492165,-0.04265419672257918,3.0558716939086534,-2.4426542055066043,0.5058716939086536
255.59146373400006,-0.03967014410332462,3.0561805600253598,-2.4396701528873495,0.5061805600253599
255.69838907999997,-0.036684146906339046,3.056470023411849,-2.4366841556903642,0.5064700234118491
255.72996173,-0.03369633128955809,3.056740071838337,-2.433696340073583,0.5067400718383372
255.769918879,-0.03070682348774799,3.056990693895318,-2.430706832271773,0.5069906938953181
255.78919076900002,-0.02771574980716864,3.057221878994049,-2.4277157585911935,0.507221878994049
255.81346593400008,-0.024723236620239,3.057433617366991,-2.4247232454042638,0.5074336173669911
255.91474551300007,-0.021729410360194282,3.0576259000682304,-2.4217294191442194,0.5076259000682306
255.968751107,-0.01873439751574947,3.057798718973851,-2.4187344062997744,0.5077987189738513
255.98879955899997,-0.015738324625751757,3.0579520667822813,-2.415738333409777,0.5079520667822814
256.03079168500005,-0.012741318273835966,3.058085937014597,-2.412741327057861,0.5080859370145974
256.071437166,-0.009743505083071959,3.058200324014803,-2.409743513867097,0.508200324014803
256.1781800140001,-0.006745011710624676,3.058295222950064,-2.4067450204946494,0.5082952229500641
256.236624829,-0.0037459648423903975,3.0583706298109146,-2.4037459736264153,0.5083706298109147
256.26319458600005,-0.0007464911876549373,3.058426541411427,-2.40074649997168,0.5084265414114273
256.30285408400005,0.002253282526268648,3.058462955389344,-2.3977467262577563,0.5084629553893443
256.35120991300005,0.005253229559384522,3.058479870206181,-2.3947467792246404,0.5084798702061812
256.470184333,0.008253223164376792,3.0584772851472866,-2.3917467856196484,0.5084772851472867
256.514405548,0.011253136591964577,3.058455200321881,-2.3887468721920606,0.508455200321881
256.528034475,0.014252843096248262,3.0584136166630453,-2.3857471656877767,0.5084136166630455
256.54858272,0.017252215940076938,3.058352535927683,-2.382747792843948,0.508352535927683
256.6052014520001,0.020251128400392348,3.058271960696445,-2.3797488803836324,0.5082719606964452
256.718775359,0.023249453773591847,3.058171894373625,-2.376750555010433,0.5081718943736253
256.761128528,0.026247065380870863,3.058052341187009,-2.373752943403154,0.508052341187009
256.79053268000007,0.029243836573587558,3.0579133061877006,-2.3707561722104376,0.5079133061877008
256.814177343,0.03223964073860394,3.0577547952499065,-2.367760368045421,0.5077547952499066
256.967193115,0.03523435130363969,3.0575768150706937,-2.3647656574803855,0.5075768150706939
256.996361245,0.03822784174261796,3.0573793731696974,-2.361772167041407,0.5073793731696976
257.0162330730001,0.04121998558101483,3.0571624778888062,-2.35878002320301,0.5071624778888064
257.05616156200006,0.04421065640119736,3.056926138391815,-2.3557893523828275,0.5069261383918153
257.093142361,0.04719972784776828,3.0566703646640323,-2.3528002809362567,0.5066703646640325
257.24688587,0.05018707363290272,3.056395167511861,-2.3498129351511223,0.5063951675118612
257.282615092,0.05317256754168742,3.056100558562339,-2.3468274412423376,0.506100558562339
257.29936147600006,0.056156083437447955,3.05578655026265,-2.343843925346577,0.5057865502626502
257.344988104,0.05913749526708156,3.055453155879599,-2.340862513516943,0.5054531558795992
257.363554153,0.06211667706638104,3.0551003894990494,-2.3378833317176437,0.5051003894990496
257.5392583710001,0.06509350296536119,3.0547282660253274,-2.334906505818664,0.5047282660253276
257.5745429990001,0.0680678471935671,3.054336801180594,-2.331932161590458,0.5043368011805942
257.61269721200006,0.07103958408540022,3.053926011504182,-2.3289604246986246,0.5039260115041824
257.639187904,0.07400858808541712,3.053495914351894,-2.3259914206986076,0.5034959143518942
257.69306506600003,0.07697473375364312,3.0530465278952694,-2.323025275030382,0.5030465278952696
257.82782160500005,0.07993789577086237,3.0525778711208194,-2.3200621130131625,0.5025778711208195
257.892404596,0.08289794894392039,3.0520899638292236,-2.3171020598401046,0.5020899638292238
257.912390543,0.0858547682110136,3.0515828266344918,-2.314145240573011,0.5015828266344919
257.944793712,0.08880822864696433,3.051056480963095,-2.3111917801370607,0.5010564809630953
257.9811699730001,0.0917582054685111,3.05051094905306,-2.308241803315514,0.5005109490530604
258.11067732000004,0.09470457403957028,3.04994625395303,-2.3052954347444548,0.49994625395303016
258.144494766,0.09764720987651064,3.049362419521288,-2.3023527989075143,0.499362419521288
258.16919968700006,0.10058598865340235,3.0487594704247503,-2.2994140201306226,0.49875947042475044
258.199103509,0.10352078620728185,3.0481374321379286,-2.296479222576743,0.4981374321379288
258.260597467,0.10645147854338821,3.047496330941847,-2.2935485302406367,0.4974963309418472
258.40195469800005,0.10937794184040614,3.0468361939229367,-2.290622066943619,0.4968361939229369
258.43393811300007,0.11230005245569584,3.046157048971887,-2.2876999563283293,0.49615704897188717
258.471333449,0.11521768693052023,3.0454589247824724,-2.2847823218535046,0.49545892478247255
258.50263516100006,0.11813072199525587,3.044741850850335,-2.281869286788769,0.4947418508503354
258.533119007,0.12103903457460471,3.0440058574717432,-2.2789609742094203,0.4940058574717434
258.676912122,0.12394250179279202,3.043250975742307,-2.2760575069912328,0.49325097574230714
258.716521567,0.12684100097876141,3.042477237555667,-2.2731590078052637,0.4924772375556672
258.761987783,0.12973440967135264,3.041684675602146,-2.2702655991126726,0.491684675602146
258.789147158,0.13262260562447875,3.0408733233673697,-2.2673774031595464,0.4908733233673699
258.846224592,0.1355054668122895,3.0400432151308494,-2.2644945419717355,0.4900432151308496
258.87536940100006,0.13838287143433117,3.0391943859645334,-2.2616171373496936,0.4891943859645336
258.9169312700001,0.14125469792068304,3.0383268717313294,-2.258745310863342,0.4883268717313296
259.04820529000006,0.1441208249371059,3.0374407090835835,-2.255879183846919,0.4874407090835837
259.08201849400007,0.14698113139015795,3.0365359354615364,-2.253018877393867,0.4865359354615366
259.12889682900004,0.14983549643231944,3.0356125890917376,-2.2501645123517053,0.48561258909173777
259.161961689,0.15268379946708965,3.034670708985435,-2.2473162093169354,0.4846707089854352
259.1830074530001,0.1555259201540889,3.0337103349369237,-2.244474088629936,0.48371033493692384
259.310500983,0.15836173841414353,3.0327315075218624,-2.2416382703698816,0.48273150752186256
259.34827702300004,0.16119113443435049,3.0317342680955655,-2.2388088743496746,0.48173426809556563
259.37964330700004,0.1640139886731513,3.030718658791248,-2.2359860201108734,0.4807186587912482
259.472040158,0.1668301818653728,3.0296847225182555,-2.233169826918652,0.47968472251825567
259.51734584999997,0.16963959502727385,3.028632502960239,-2.230360413756751,0.47863250296023896
259.604888481,0.172442109461563,3.0275620445733202,-2.227557899322462,0.4775620445733204
259.648601641,0.1752376067624249,3.026473392584205,-2.2247624020216,0.47647339258420507
259.6667958190001,0.17802596882051347,3.025366592988279,-2.2219740399635115,0.4753665929882791
259.75195679,0.18080707782794664,3.02424169254766,-2.2191929309560785,0.47424169254766024
259.772501842,0.18358081628328166,3.023098738789226,-2.2164191925007435,0.47309873878922604
259.858079296,0.18634706699648304,3.0219377800026006,-2.213652941787542,0.4719377800026008
259.911487985,0.18910571309386884,3.0207588652381205,-2.210894295690156,0.4707588652381207
259.941632196,0.19185663802305186,3.019562044304761,-2.2081433707609732,0.469562044304761
260.033065459,0.19459972555786226,3.0183473677680266,-2.2054002832261625,0.46834736776802677
260.05800170400005,0.1973348598032612,3.017114886947821,-2.202665148980764,0.467114886947821
260.168902044,0.20006192520023308,3.0158646539162746,-2.199938083583792,0.46586465391627474
260.20630058100005,0.20278080653067038,3.014596721495548,-2.1972192022533545,0.464596721495548
260.233548046,0.20549138892224061,3.0133111432555975,-2.1945086198617845,0.46331114325559764
260.313977165,0.20819355785324337,3.0120079735119116,-2.1918064509307817,0.4620079735119118
260.348969634,0.21088719915744003,3.0106872673232195,-2.189112809626585,0.46068726732321963
260.436895315,0.21357219902888872,3.009349080489159,-2.1864278097551364,0.45934908048915934
260.48600416600004,0.21624844402674331,3.007993469547927,-2.183751564757282,0.4579934695479273
260.5123041190001,0.2189158210800508,3.0066204917738832,-2.1810841877039744,0.4566204917738834
260.60363818300004,0.22157421749252754,3.0052302051751347,-2.1784257912914975,0.4552302051751349
260.71592718500006,0.22422352094731976,3.003822668491082,-2.175776487836705,0.4538226684910822
260.7353701530001,0.22686361951175288,3.002397941189941,-2.173136389272272,0.45239794118994103
260.790499523,0.229494401642052,3.000956083466231,-2.170505607141973,0.4509560834662314
260.820798459,0.23211575618806596,2.999497156238224,-2.167884252595959,0.44949715623822417
260.90209125900003,0.23472757239795358,2.99802122114538,-2.1652724363860716,0.44802122114538
260.990501601,0.23732973992287087,2.996528340545734,-2.162670268861154,0.4465283405457341
261.01999289800005,0.23992214882162394,2.9950185775132714,-2.160077859962401,0.44501857751327156
261.069414691,0.24250468956532473,2.9934919958352557,-2.1574953192187003,0.4434919958352559
261.101467867,0.24507725304201025,2.9919486600095353,-2.1549227557420148,0.4419486600095355
261.18493514700003,0.2476397305612562,2.9903886352418203,-2.1523602782227687,0.4403886352418205
261.283830825,0.25019201385876794,2.988811987442924,-2.149807994925257,0.43881198744292416
261.32100404900007,0.2517184457341616,2.9878580473904592,-2.1482815630498635,0.4378580473904594
261.33795604,0.25171844573417784,2.98785804739045,-2.148281563049847,0.4378580473904501
261.36493438800005,0.2517184457341926,2.9878580473904415,-2.1482815630498324,0.43785804739044165
261.473083663,0.2517184457342066,2.9878580473904335,-2.148281563049818,0.43785804739043366
261.564958607,0.2517184457342229,2.987858047390424,-2.1482815630498022,0.43785804739042433
261.600061902,0.25171844573423613,2.9878580473904166,-2.148281563049789,0.4378580473904168
261.622670512,0.25171844573425245,2.9878580473904073,-2.1482815630497725,0.43785804739040746
261.667402403,0.2517184457342696,2.9878580473903975,-2.148281563049755,0.4378580473903977
261.73302666100005,0.251718445734286,2.987858047390388,-2.148281563049739,0.43785804739038836
261.839890674,0.25171844573430235,2.987858047390379,-2.1482815630497227,0.43785804739037903
261.90078655,0.2517184457343196,2.9878580473903695,-2.1482815630497054,0.4378580473903697
261.90543456,0.2517184457343378,2.9878580473903598,-2.148281563049687,0.43785804739035994
261.9345779060001,0.2517184457343536,2.9878580473903513,-2.148281563049671,0.4378580473903515
262.02221092600007,0.2517184457343536,2.9878580473903513,-2.148281563049671,0.4378580473903515
262.12320811899997,0.2517184457343544,2.987858047390351,-2.1482815630496708,0.43785804739035106
262.163167153,0.2517184457343536,2.9878580473903513,-2.148281563049671,0.4378580473903515
262.17828805199997,0.2517184457343536,2.9878580473903513,-2.148281563049671,0.4378580473903515
262.22872397599997,0.2517184457343536,2.9878580473903513,-2.148281563049671,0.4378580473903515
262.285095812,0.25171844573433777,2.987858047390359,-2.148281563049687,0.43785804739035905
262.406674156,0.2517184457343286,2.987858047390363,-2.1482815630496965,0.43785804739036305
262.453350611,0.2517184457343278,2.9878580473903633,-2.1482815630496974,0.4378580473903635
262.47249392000003,0.2517184457343286,2.987858047390363,-2.1482815630496965,0.43785804739036305
262.51905938699997,0.2517184457343286,2.987858047390363,-2.1482815630496965,0.43785804739036305
262.58898843200006,0.2517184457343278,2.9878580473903633,-2.1482815630496974,0.4378580473903635
262.706068783,0.2517184457343286,2.987858047390363,-2.1482815630496965,0.43785804739036305
262.740704702,0.2517184457343286,2.987858047390363,-2.1482815630496965,0.43785804739036305
262.76884998,0.2517184457343286,2.987858047390363,-2.1482815630496965,0.43785804739036305
262.817880295,0.2517184457343286,2.987858047390363,-2.1482815630496965,0.43785804739036305
262.890816933,0.2517184457343286,2.987858047390363,-2.1482815630496965,0.43785804739036305
263.00881064099997,0.2517184457343286,2.987858047390363,-2.1482815630496965,0.43785804739036305
263.0516084970001,0.2517184457343286,2.987858047390363,-2.1482815630496965,0.43785804739036305
263.10202876900007,0.2517184457343277,2.987858047390363,-2.1482815630496974,0.43785804739036305
263.128741537,0.2517184457343286,2.987858047390363,-2.1482815630496965,0.43785804739036305
263.19863265800007,0.2517184457343286,2.987858047390363,-2.1482815630496965,0.43785804739036305
263.2955127700001,0.2517184457343277,2.987858047390363,-2.1482815630496974,0.43785804739036305
263.330945188,0.2517184457343286,2.987858047390363,-2.1482815630496965,0.43785804739036305
263.362362115,0.2517184457343286,2.987858047390363,-2.1482815630496965,0.43785804739036305
263.410639793,0.2517184457343277,2.987858047390363,-2.1482815630496974,0.43785804739036305
263.476027906,0.2517184457343286,2.987858047390363,-2.1482815630496965,0.43785804739036305
263.58475726200004,0.2517184457343286,2.987858047390363,-2.1482815630496965,0.43785804739036305
263.620154069,0.2517184457343286,2.987858047390363,-2.1482815630496965,0.43785804739036305
263.658354571,0.2517184457343286,2.987858047390363,-2.1482815630496965,0.43785804739036305
263.68857319200004,0.2517184457343277,2.987858047390363,-2.1482815630496974,0.43785804739036305
263.752453488,0.2517184457343286,2.987858047390363,-2.1482815630496965,0.43785804739036305
263.852795668,0.2517244450104968,2.9878581405627918,-2.1482755637735282,0.43785814056279193
263.884041786,0.2519943824434684,2.987863920890194,-2.1480056263405567,0.437863920890194
263.92367273499997,0.25266409077876345,2.987883619673855,-2.1473359180052616,0.43788361967385514
263.9538433700001,0.2537333201233755,2.987924136160633,-2.1462666886606496,0.4379241361606332
264.01981787400007,0.2552017312892722,2.9879923660640624,-2.1447982774947527,0.43799236606406255
264.14166826300004,0.2570635457586463,2.988094886154112,-2.1429364630253787,0.4380948861541123
264.18016087,0.2591314138897244,2.988225981259261,-2.1408685948943007,0.43822598125926104
264.2000086400001,0.261263906338539,2.9883772018968946,-2.138736102445486,0.4383772018968948
264.243702481,0.2633952093572731,2.98854435203265,-2.1366047994267516,0.43854435203264996
264.292912902,0.2655252039558812,2.988727422334578,-2.1344748048281437,0.43872742233457807
264.405186458,0.2676547669036547,2.9889264954435624,-2.1323452418803703,0.43892649544356255
264.438179964,0.2699209172409769,2.9891537238034926,-2.130079091543048,0.4391537238034928
264.467398967,0.27220688857128195,2.9893969270642793,-2.127793120212743,0.43939692706427946
264.51000503700004,0.2744913399055245,2.9896540162521963,-2.1255086688785005,0.43965401625219647
264.55012947299997,0.2767741868956704,2.9899249818748284,-2.1232258218883544,0.43992498187482854
264.677231315,0.27906895742922583,2.990211454837162,-2.120931051354799,0.4402114548371623
264.719215306,0.2813736184020486,2.9905129125942937,-2.1186263903819764,0.4405129125942939
264.75124522,0.28367647450145034,2.9908278614225816,-2.1163235342825746,0.4408278614225818
264.79899097300006,0.2859774467538123,2.991156290521243,-2.114022562030213,0.4411562905212434
264.849403016,0.28827645625012294,2.9914981886272067,-2.111723552533902,0.4414981886272069
264.970961192,0.2905734241486797,2.991853544015497,-2.1094265846353455,0.44185354401549715
265.005835712,0.29286554085572364,2.9922218992169594,-2.1071344679283013,0.44222189921695954
265.03972578700007,0.2951035060194289,2.9925956220465766,-2.1048965027645963,0.44259562204657676
265.0718060930001,0.2973390584899332,2.9929835163349083,-2.1026609502940916,0.4429835163349085
265.124504353,0.2995721085302933,2.9933855665115545,-2.100427900253732,0.4433855665115547
265.22838745,0.30185841892670945,2.99381182454372,-2.0981415898573155,0.44381182454372015
265.266791321,0.3042279383957066,2.994266301773938,-2.0957720703883185,0.4442663017739381
265.287876989,0.30659511397495554,2.9947328334917453,-2.0934048948090695,0.4447328334917455
265.34638908700003,0.3089598843399215,2.995211407611075,-2.0910401244441035,0.44521140761107514
265.38558288,0.31132218822837243,2.995702011733885,-2.0886778205556524,0.44570201173388524
265.51262906600004,0.3136845087580794,2.9962051777835486,-2.0863155000259455,0.44620517778354873
265.54975095400005,0.3160730849930317,2.996726239445696,-2.0839269237909934,0.4467262394456961
265.572991011,0.31845912615614896,2.9972587892122617,-2.081540882627876,0.4472587892122619
265.614046176,0.3208425769945353,2.997802814751139,-2.07915743178949,0.44780281475113926
265.645110024,0.323223382315285,2.9983583034644807,-2.0767766264687397,0.4483583034644809
265.76237804000004,0.325614712293216,2.9989283672054694,-2.074385296490809,0.4489283672054696
265.84137861199997,0.328041721977513,2.9995183786530704,-2.071958286806512,0.44951837865307054
265.84178605,0.33046614018958226,3.0001189499219443,-2.069533868594443,0.45011894992194446
265.85151315200005,0.33288792098428943,3.0007300696306696,-2.0671120877997353,0.45073006963066975
265.87788190900005,0.33530701846649225,3.0013517261979246,-2.064692990317533,0.45135172619792474
266.00087523800005,0.337723386791897,3.0019839078427006,-2.062276621992128,0.4519839078427008
266.03720668000005,0.34016981130050583,3.002635082329271,-2.059830197483519,0.4526350823292713
266.0638443810001,0.34263066061242525,3.0033004312619043,-2.0573693481715996,0.45330043126190445
266.09316442,0.34508889174013907,3.0039753892316137,-2.054911117043886,0.45397538923161385
266.20445884000003,0.34754446716277154,3.00465994593627,-2.0524555416212533,0.4546599459362701
266.247326154,0.3499973493999877,3.0053540909272356,-2.0500026593840373,0.4553540909272358
266.276065905,0.3524647884096161,3.0060626186861215,-2.047535220374409,0.45606261868612163
266.30751366800007,0.3549340421978058,3.0067816006136123,-2.045065966586219,0.4567816006136125
266.343713504,0.35740061080097624,3.007509741127798,-2.042599397983049,0.4575097411277982
266.46667958,0.3598644602495959,3.0082470302007405,-2.0401355485344292,0.45824703020074065
266.505503804,0.36232555661158045,3.008993457678512,-2.0376744521724444,0.45899345767851196
266.54314215600004,0.36484839830705335,3.0097681462844132,-2.0351516104769716,0.4597681462844134
266.56329875200004,0.3673959285043297,3.0105584765125744,-2.0326040802796954,0.46055847651257453
266.60316259800004,0.3699411693382187,3.011356148796843,-2.030058839445806,0.46135614879684317
266.73997361700003,0.37248409964875007,3.0121611565057353,-2.027515909135275,0.4621611565057355
266.78553582100005,0.37503181932019586,3.012975724862555,-2.024968189463829,0.462975724862555
266.81732612300004,0.3775830785043507,3.013799237749057,-2.0224169302796744,0.4637992377490572
266.842109853,0.38013205031726666,3.0146298035778285,-2.0198679584667585,0.4646298035778287
266.86982899200007,0.38267871526116576,3.015467415995647,-2.0173212935228593,0.4654674159956471
266.99909087900005,0.3852230538559135,3.016312068595385,-2.0147769549281116,0.4663120685953852
267.03393244000006,0.3878360715697284,3.0171865830691185,-2.0121639372142965,0.46718658306911864
267.069074668,0.390458249258515,3.018070047446481,-2.00954175952551,0.4680700474464814
267.096033937,0.39307863764713213,3.018958804910831,-2.006921371136893,0.4689588049108311
267.11900592100005,0.39569722605104835,3.019852851838291,-2.0043027827329767,0.4698528518382914
267.23519661500006,0.39831400379307563,3.0207521845834235,-2.0016860049909493,0.4707521845834237
267.271535684,0.4009041046369212,3.0216483683464,-1.9990959041471037,0.4716483683464001
267.288539528,0.4034717741926035,3.0225436846555724,-1.9965282345914215,0.4725436846555726
267.319995369,0.40603725798519735,3.0234452450532143,-1.9939627507988276,0.4734452450532145
267.34758598999997,0.4086005408302802,3.024353044203226,-1.9913994679537448,0.4743530442032262
267.46284954500004,0.41116160755645664,3.0252670767325847,-1.9888384012275684,0.47526707673258484
267.502405513,0.4137204430054505,3.0261873372313732,-1.9862795657785743,0.4761873372313734
267.53509675400005,0.4163213389806392,3.027129428976942,-1.9836786698033857,0.4771294289769421
267.56062142999997,0.41894638702543896,3.0280856479548572,-1.9810536217585861,0.4780856479548574
267.582168551,0.42156972192662256,3.029046556882625,-1.9784302868574024,0.4790465568826252
267.720496764,0.4241913353050639,3.0300121526910297,-1.975808673478961,0.4800121526910299
267.75573443100006,0.42681121878713474,3.0309824322958874,-1.9731887899968903,0.48098243229588755
267.781739939,0.42949681242016385,3.031981647160247,-1.970503196363861,0.4819816471602474
267.807104848,0.4322108866247639,3.0329942659839553,-1.9677891221592612,0.48299426598395545
267.837155962,0.4349240542793113,3.034009311277768,-1.9650759545047136,0.48400931127776836
267.862373928,0.43763631321446905,3.0350267822300983,-1.962363695569556,0.48502678223009843
267.8928334650001,0.440347661261621,3.036046678027416,-1.959652347522404,0.48604667802741597
268.00912482600006,0.4430234909375992,3.0370560754465625,-1.9569765178464258,0.4870560754465627
268.03456374300004,0.44561700291767076,3.038039475829416,-1.9543830058663543,0.488039475829416
268.08521121,0.4482085811564738,3.039027961001711,-1.9517914276275512,0.4890279610017112
268.11886625700004,0.45079821568489364,3.040021527161011,-1.9492017930991312,0.4900215271610113
268.150374491,0.4533858965412764,3.0410201704853232,-1.9466141122427485,0.4910201704853234
268.255001299,0.45597161377148654,3.0420238871331273,-1.9440283950125385,0.4920238871331275
268.29640336400007,0.4585762146587817,3.043040569855396,-1.9414237941252432,0.49304056985539635
268.31136892300003,0.46118307712710505,3.0440633419561487,-1.93881693165692,0.49406334195614887
268.3800782530001,0.4637881657315002,3.045090623836688,-1.9362118430525248,0.49509062383668834
268.400643693,0.4663914726702126,3.046122412420497,-1.9336085361138124,0.49612241242049704
268.48500529,0.468992990146827,3.0471587046175626,-1.931007018637198,0.49715870461756273
268.519818805,0.4716082428996364,3.0482056415689134,-1.9283917658843885,0.49820564156891356
268.541039663,0.47427288695042574,3.0492762491002035,-1.9257271218335992,0.49927624910020363
268.59603069800005,0.47693633869673696,3.0503498194046426,-1.923063670087288,0.5003498194046427
268.62376464700003,0.4795985948443083,3.051426351154396,-1.9204014139397168,0.5014263511543962
268.715389402,0.48226057886771,3.0525062186547114,-1.917739429916315,0.5025062186547116
268.75687266,0.48494491014634433,3.0535982382011064,-1.9150550986376806,0.5035982382011066
268.76770176800005,0.48762827460166175,3.0546926313220175,-1.9123717341823632,0.5046926313220177
268.83654544600006,0.49031067013487,3.055789397161464,-1.909689338649155,0.5057893971614642
268.8616239290001,0.4929920946479359,3.0568885348616126,-1.9070079141360892,0.5068885348616128
268.95285619000003,0.49567010524934596,3.057989044805643,-1.904329903534679,0.507989044805643
268.998425782,0.4983332166843082,3.0590864903101913,-1.9016667920997168,0.5090864903101915
269.02655796,0.5009951888946641,3.060186696246268,-1.899004819889361,0.5101866962462682
269.095648173,0.5036560190191063,3.0612896614312795,-1.8963439897649188,0.5112896614312796
269.11383917,0.5063157041975554,3.0623953846796685,-1.8936843045864695,0.5123953846796687
269.20574229500005,0.5089813142909609,3.063506791783056,-1.891018694493064,0.513506791783056
269.239725433,0.5116819606863113,3.064635221616103,-1.8883180480977138,0.514635221616103
269.256171045,0.5143818918116808,3.065765361766298,-1.8856181169723443,0.5157653617662983
269.316509969,0.5170811065839283,3.0668972117802595,-1.8829189022000967,0.5168972117802597
269.40081325200003,0.5197796039201991,3.068030771203917,-1.880220404863826,0.5180307712039172
269.42514644000005,0.5224773827379248,3.0691660395825173,-1.8775226260461002,0.5191660395825175
269.498071967,0.5251747447587186,3.070303143760118,-1.8748252640253065,0.5203031437601182
269.50067391100004,0.5278741287402531,3.0714430604681677,-1.872125880043772,0.5214430604681679
269.55286933700006,0.5305728226749031,3.0725846098661935,-1.8694271861091218,0.5225846098661937
269.6231772130001,0.533270825575158,3.073727791536478,-1.866729183208867,0.5237277915364782
269.66535189900003,0.5359820190918368,3.074878391058754,-1.8640179896921882,0.524878391058754
269.703117377,0.5387076626224871,3.076036305926257,-1.8612923461615378,0.5260363059262572
269.726260595,0.5414329186558171,3.0771951325092104,-1.8585670901282079,0.5271951325092106
269.78275751600006,0.5441577868868623,3.0783548706779387,-1.8558422218971626,0.5283548706779388
269.88292425200007,0.5468822670107023,3.0795155203026634,-1.8531177417733227,0.5295155203026636
269.93029280300004,0.5496018946001281,3.080675200707158,-1.8503981141838968,0.530675200707158
269.950054851,0.5523127504718698,3.081832516466399,-1.8476872583121553,0.5318325164663991
269.97578081000006,0.5550230801030106,3.082991064097918,-1.8449769286810143,0.5329910640979181
270.03636580500006,0.5577328829337618,3.0841508433624316,-1.8422671258502632,0.5341508433624318
270.12827882199997,0.5604421584044418,3.0853118540203974,-1.8395578503795833,0.5353118540203976
270.162631618,0.563148263336294,3.0864729693421573,-1.8368517454477309,0.5364729693421575
270.195620858,0.5658431843485353,3.087631007296308,-1.8341568244354898,0.5376310072963082
270.2315586650001,0.5685374344638615,3.088790605279034,-1.8314625743201636,0.5387906052790341
270.283665951,0.5712310127792068,3.089951762901659,-1.8287689960048181,0.539951762901659
270.391119503,0.5739239183917314,3.0911144797749817,-1.8260760903922937,0.5411144797749818
270.427573263,0.5766267876041152,3.0922830537343446,-1.8233732211799096,0.5422830537343448
270.440028591,0.5793434018044328,3.0934568885320775,-1.8206566069795922,0.5434568885320776
270.4791015320001,0.5820604291574315,3.0946297667050886,-1.8179395796265934,0.5446297667050888
270.52677044000006,0.5847778693262565,3.095801688107965,-1.8152221394577683,0.5458016881079653
270.62569361,0.5874957219739937,3.0969726525954084,-1.8125042868100314,0.5469726525954086
270.665374735,0.5902152861194878,3.0981432210379136,-1.8097847226645372,0.5481432210379138
270.698055555,0.5929468781149652,3.099318063185219,-1.8070531306690598,0.5493180631852193
270.71424516900004,0.5956787396094659,3.1004922785299174,-1.804321269174559,0.5504922785299176
270.762466831,0.5984108704591593,3.1016658670101833,-1.8015891383248657,0.5516658670101835
270.86768209600007,0.6011432705202023,3.10283882856423,-1.7988567382638228,0.5528388285642301
270.9112127540001,0.6038759396487355,3.1040111631303033,-1.7961240691352893,0.5540111631303035
270.926968524,0.6066235514290742,3.1051893880896912,-1.7933764573549507,0.5551893880896914
270.9554585750001,0.6093712696066429,3.106367364900605,-1.790628739177382,0.5563673649006051
271.003231489,0.612119094159028,3.1075450935534343,-1.787880914624997,0.5575450935534345
271.09272020800006,0.6148670250638217,3.1087225740385764,-1.7851329837202032,0.5587225740385766
271.12839795900004,0.6175860128444408,3.1098870765958195,-1.7824139959395842,0.5598870765958197
271.159030367,0.6202898670572546,3.1110435365956537,-1.7797101417267704,0.5610435365956539
271.187554849,0.622994314386493,3.1121986088785603,-1.7770056943975319,0.5621986088785604
271.23083950800003,0.6256993541199302,3.1133522931403452,-1.7743006546640947,0.5633522931403454
271.322689644,0.6284049855451819,3.1145045890771836,-1.771595023238843,0.5645045890771838
271.361529552,0.6311146466992322,3.1156569790055566,-1.7688853620847929,0.5656569790055568
271.39114795700004,0.633829992081093,3.1168103550658657,-1.766170016702932,0.5668103550658659
271.41661173700004,0.6365458355199816,3.117962557866911,-1.7634541732640434,0.567962557866911
271.47854997,0.6392621765089496,3.1191135871936173,-1.7607378322750753,0.5691135871936175
271.575281173,0.6419790145409584,3.120263442831131,-1.7580209942430667,0.5702634428311311
271.606604114,0.6446963491088735,3.1214121245648156,-1.7553036596751515,0.5714121245648158
271.632999748,0.6474472263295539,3.122574078675969,-1.752552782454471,0.5725740786759692
271.662330732,0.6502008814864471,3.123736898653231,-1.749799127297578,0.5737368986532312
271.6946545850001,0.6529546463975121,3.124899458689177,-1.7470453623865128,0.5748994586891771
271.82085340000003,0.6556980223239387,3.1260573582959155,-1.7443019864600862,0.5760573582959156
271.860148652,0.658381461930741,3.1271913719593085,-1.7416185468532839,0.5771913719593087
271.87285575400006,0.6610640478687818,3.1283274035596964,-1.738935960915243,0.5783274035596966
271.91074145900006,0.6637457786205888,3.129465452454456,-1.736254230163436,0.579465452454456
271.95414808500004,0.6664266526691651,3.1306055179998173,-1.7335733561148599,0.5806055179998175
272.047390717,0.6691066684979988,3.131747599550871,-1.730893340286026,0.5817475995508712
272.087367395,0.6718353796752782,3.132912204357163,-1.728164629108747,0.5829122043571631
272.10629506099997,0.674582008052033,3.134084875929472,-1.725418000731992,0.5840848759294723
272.150985968,0.677328499111794,3.1352578690731723,-1.722671509672231,0.5852578690731725
272.184970262,0.6800748528169105,3.1364311837721797,-1.7199251559671145,0.5864311837721798
272.31159941300007,0.6828228457744429,3.1376055695698417,-1.7171771630095822,0.5876055695698419
272.346274149,0.6855779140285373,3.1387830268020807,-1.7144220947554878,0.5887830268020808
272.387366293,0.6883330217531834,3.1399603916750727,-1.7116669870308416,0.5899603916750729
272.413594924,0.691088168945269,3.1411376641874793,-1.708911839838756,0.5911376641874795
272.447377414,0.6938433556017114,3.142314844337981,-1.7061566531823136,0.5923148443379813
272.55685315100004,0.6965985817193984,3.1434919321252566,-1.7034014270646267,0.5934919321252567
272.6006531720001,0.6993198538692423,3.144653887976671,-1.7006801549147825,0.594653887976671
272.630361678,0.7020415390985386,3.1458148759295503,-1.6979584696854864,0.5958148759295505
272.657578427,0.7047636370630326,3.14697489583705,-1.6952363717209924,0.5969748958370502
272.718912791,0.7074861474184136,3.148133947552438,-1.6925138613656112,0.5981339475524381
272.846068234,0.7102090698203148,3.1492920309291086,-1.6897909389637102,0.5992920309291088
272.885943366,0.7128972877430689,3.150433779483302,-1.6871027210409562,0.6004337794833021
272.912391392,0.7155801253253959,3.151570891532828,-1.684419883458629,0.6015708915328282
272.939688962,0.7182638109632524,3.1527060006480605,-1.6817361978207725,0.6027060006480607
272.984915591,0.7209483431613015,3.153839106196525,-1.6790516656227235,0.6038391061965251
273.092563791,0.7236337204237349,3.1549702075468584,-1.6763662883602901,0.6049702075468586
273.1668413670001,0.7263288885337802,3.1561031723777657,-1.6736711202502448,0.6061031723777659
273.16840205100004,0.7290564836506295,3.1572499192090118,-1.6709435251333955,0.607249919209012
273.187666382,0.7317836696430208,3.158397638677966,-1.6682163391410043,0.6083976386779661
273.2268379750001,0.7345104461641101,3.159546330638665,-1.6654895626199149,0.6095463306386653
273.3420326180001,0.7372368128671107,3.160695994945019,-1.6627631959169142,0.610695994945019
273.37506975300005,0.7399775457536653,3.1618525290585486,-1.6600224630303597,0.6118525290585488
273.41216565700006,0.7427266418702704,3.163012233371402,-1.6572733669137545,0.6130122333714021
273.43878122399997,0.7454759018242572,3.164171549228704,-1.6545241069597678,0.6141715492287041
273.47264071899997,0.7482253255607355,3.165330476607307,-1.6517746832232896,0.6153304766073071
273.58576322400006,0.7509749130248108,3.166489015484075,-1.6490250957592143,0.616489015484075
273.62560853499997,0.753716513505704,3.167643671416196,-1.646283495278321,0.6176436714161961
273.64421516699997,0.7564502588495232,3.1687941309573397,-1.6435497499345018,0.6187941309573399
273.68320937400006,0.7591843434717458,3.169943783965505,-1.6408156653122792,0.6199437839655051
273.716581013,0.7619187671344222,3.171092630340637,-1.6380812416496027,0.621092630340637
273.829112656,0.7646535295995741,3.1722406699827492,-1.635346479184451,0.6222406699827494
273.86044723,0.7673844247709859,3.1733861330479773,-1.6326155840130392,0.6233861330479775
273.895827597,0.7700780480718462,3.174514282443528,-1.6299219607121787,0.6245142824435281
273.926031328,0.7727724496866599,3.1756405716975435,-1.627227559097365,0.6256405716975437
273.95688283900006,0.7754676283308637,3.176765000273062,-1.6245323804531613,0.6267650002730623
274.080097291,0.7782046201240754,3.177905861479791,-1.6217953886599497,0.6279058614797912
274.117059186,0.7809482504458582,3.1790502355939974,-1.6190517583381667,0.6290502355939975
274.148673669,0.7836916101893163,3.180195258202423,-1.6163083985947087,0.6301952582024231
274.17623023500005,0.7864346992011759,3.1813409292410944,-1.613565309582849,0.6313409292410945
274.286690967,0.7891775173281699,3.182487248645999,-1.610822491455855,0.6324872486459991
274.352659531,0.7919016900649438,3.1836262546998397,-1.6080983187190812,0.6336262546998399
274.353532448,0.794603839730521,3.1847544896601674,-1.605396169053504,0.6347544896601676
274.37867183000003,0.7973066906491934,3.1858810436323837,-1.6026933181348317,0.6358810436323838
274.40279481000005,0.8000102417752314,3.187005916180626,-1.5999897670087937,0.6370059161806263
274.55414299200004,0.802714492062631,3.18812910686968,-1.597285516721394,0.6381291068696804
274.58537128500006,0.8054194404651239,3.1892506152649878,-1.594580568318901,0.6392506152649879
274.62123400100006,0.8081227274195801,3.1903694458626295,-1.5918772813644448,0.6403694458626297
274.65097072900005,0.8108248147203307,3.191485696749468,-1.5891751940636942,0.6414856967494682
274.673321244,0.8135276407748533,3.1926001576694882,-1.5864723680091717,0.6426001576694884
274.804243238,0.8162312043974019,3.193712828133771,-1.5837688043866232,0.6437128281337712
274.83949368900005,0.81893550440191,3.1948237076541828,-1.581064504382115,0.644823707654183
274.86486301800005,0.8216478394201336,3.195935813634045,-1.5783521693638913,0.6459358136340452
274.89524176500004,0.8243986142963303,3.19706248229405,-1.5756013944876948,0.6470624822940501
274.92524077400003,0.8271496569793977,3.1981884968786933,-1.5728503518046273,0.6481884968786935
275.05271372699997,0.8298993037285393,3.199313174593304,-1.5701007050554856,0.6493131745933041
275.095180036,0.8326343406120478,3.200430821265784,-1.5673656681719772,0.6504308212657843
275.106264679,0.8353698172046434,3.201547391303896,-1.5646301915793814,0.6515473913038963
275.139014675,0.8381057330825156,3.202662884534651,-1.5618942757015093,0.6526628845346512
275.16601787600007,0.8408420878217827,3.2037773007852213,-1.5591579209622424,0.6537773007852214
275.29521236200003,0.8435788809984992,3.2048906398829495,-1.5564211277855258,0.6548906398829497
275.33826547900003,0.8463327101686647,3.2060103431686433,-1.5536672986153603,0.6560103431686435
275.3594033950001,0.8490893662781043,3.2071318406504874,-1.5509106425059207,0.6571318406504876
275.39219556700004,0.8518457896013788,3.208253910153856,-1.548154219182646,0.658253910153856
275.440638209,0.8546019800197956,3.209376551630429,-1.5453980287642293,0.6593765516304293
275.568351063,0.8573579374146636,3.2104997650318627,-1.5426420713693614,0.6604997650318629
275.60762273299997,0.8601002209185385,3.2116180238943484,-1.5398997878654863,0.6616180238943485
275.6340856510001,0.8627668950791424,3.2127036039216663,-1.5372331137048825,0.6627036039216665
275.661403191,0.8654347045635628,3.213786390894878,-1.5345653042204623,0.6637863908948782
275.68386663900003,0.8681036464463706,3.214866383626632,-1.5318963623376542,0.6648663836266322
275.818301284,0.8707737178009147,3.2159435809326524,-1.5292262909831102,0.6659435809326526
275.85251176500003,0.8734449156992898,3.217017981631723,-1.5265550930847351,0.667017981631723
275.89004843300006,0.8761801123474727,3.2181156827434623,-1.5238198964365521,0.6681156827434624
275.911417445,0.8789353581657497,3.2192205323426073,-1.5210646506182752,0.6692205323426075
275.93341256300005,0.8816909053764211,3.220324630040122,-1.5183091034076037,0.6703246300401222
275.983188228,0.8844467537742877,3.221427975753785,-1.5155532550097373,0.6714279757537853
276.013902993,0.8872029031541375,3.2225305694014397,-1.5127971056298875,0.6725305694014398
276.1044835910001,0.8899572120355924,3.22363155209856,-1.5100427967484324,0.6736315520985601
276.147544948,0.8926926688335941,3.2247237557378217,-1.5073073399504309,0.6747237557378218
276.16884380700003,0.8954286417521334,3.225814665849771,-1.5045713670318914,0.6758146658497712
276.19546305100005,0.8981651301795364,3.226904282190518,-1.5018348786044886,0.676904282190518
276.238136974,0.9009021335040126,3.2279926045164586,-1.4990978752800124,0.6779926045164588
276.34885204,0.9036255604113241,3.229073914702197,-1.4963744483727008,0.6790739147021974
276.379859064,0.9063402926346685,3.2301496503367133,-1.4936597161493563,0.6801496503367135
276.40107231900004,0.9090557691268668,3.231223505829855,-1.4909442396571582,0.681223505829855
276.454508037,0.9117719885857923,3.232295480666682,-1.4882280201982327,0.6822954806666823
276.49708529300005,0.9144889497089591,3.233365574333162,-1.485511059075066,0.6833655743331621
276.556629487,0.9172138396852968,3.234436635547393,-1.4827861690987283,0.6844366355473932
276.60663121900006,0.9199760260759158,3.235521040156445,-1.4800239827081092,0.6855210401564453
276.630578841,0.9227385185083797,3.236604664894666,-1.4772614902756454,0.686604664894666
276.70114223300004,0.9255013167624941,3.237687509675677,-1.4744986920215308,0.6876875096756772
276.72927655500007,0.928264420618047,3.238769574413175,-1.471735588165978,0.688769574413175
276.815325757,0.9310376326590225,3.239854750634408,-1.4689623761250026,0.6898547506344084
276.88063500300007,0.9338307172043554,3.2409475282570326,-1.4661692915796696,0.6909475282570328
276.88113644500004,0.9366237946207556,3.242040324100675,-1.4633762141632694,0.6920403241006752
276.91769038000007,0.9394168649081064,3.243133138165287,-1.4605831438759185,0.6931331381652872
276.959274587,0.9422099280662852,3.244225970450822,-1.4577900807177397,0.6942259704508222
277.029114802,0.9450029840951766,3.2453188209572343,-1.4549970246888484,0.6953188209572345
277.071621778,0.9477786524235478,3.246404682741217,-1.4522213563604773,0.6964046827412171
277.09851461000005,0.9505487377634076,3.2474876705130655,-1.4494512710206173,0.6974876705130657
277.163288482,0.9533190646070782,3.2485700403589695,-1.4466809441769468,0.6985700403589696
277.18343869299997,0.9560896328167172,3.249651792225075,-1.4439103759673078,0.6996517922250751
277.28003625100007,0.9588604422544718,3.2507329260575566,-1.4411395665295532,0.7007329260575568
277.322489151,0.9616277376583146,3.251811955586203,-1.4383722711257105,0.7018119555862032
277.3509752890001,0.9643897066551885,3.252887969943605,-1.4356103021288364,0.702887969943605
277.413629429,0.9671520096878957,3.253963126486871,-1.4328479990961291,0.7039631264868711
277.49153852899997,0.9699146464900152,3.255037425112304,-1.4300853622940097,0.7050374251123044
277.529742155,0.9726235639858359,3.256089200852165,-1.4273764447981891,0.7060892008521651
277.542900034,0.975323843295525,3.25713483072397,-1.4246761654885,0.70713483072397
277.575900512,0.9780250670371151,3.258178018375842,-1.4219749417469099,0.7081780183758424
277.63201749300003,0.9807272330017833,3.259218762954755,-1.4192727757822416,0.7092187629547553
277.70802667300006,0.9834303389799376,3.260257063609678,-1.4165696698040873,0.7102570636096783
277.75578875400004,0.9861343827612167,3.2612929194915816,-1.4138656260228082,0.7112929194915818
277.770017551,0.9888752865660991,3.262340424887606,-1.411124722217926,0.7123404248876062
277.799585386,0.9916414210907993,3.263396391684352,-1.4083585876932256,0.713396391684352
277.86507804000007,0.9944079138485669,3.2644514196014187,-1.4055920949354581,0.7144514196014189
277.93743876999997,0.9971747645207281,3.265505508517276,-1.402825244263297,0.7155055085172761
277.978657441,0.9999512789418546,3.266562282059712,-1.4000487298421702,0.7165622820597122
278.002292805,1.0027342342474868,3.267620849140294,-1.3972657745365382,0.7176208491402942
278.04008390399997,1.005517396077423,3.2686788731124317,-1.394482612706602,0.7186788731124318
278.07781217700006,1.0083007643256758,3.2697363539358335,-1.3916992444583491,0.7197363539358337
278.162038671,1.0110843388862423,3.2707932915702274,-1.3889156698977827,0.7207932915702275
278.223989685,1.0138602317907437,3.2718466468738043,-1.3861397769932813,0.7218466468738045
278.25407972000005,1.0166246323213082,3.2728945485489143,-1.3833753764627168,0.7228945485489144
278.27503183600004,1.019389429070662,3.2739414043884874,-1.380610579713363,0.7239414043884875
278.34048253000003,1.0221546216431416,3.2749872142427083,-1.3778453871408833,0.7249872142427085
278.430925031,1.0249202096430272,3.276031977961915,-1.3750797991409978,0.7260319779619153
278.48568634900005,1.0276793764476553,3.2770730641715304,-1.3723206323363697,0.7270730641715306
278.50884748400006,1.0304344800540026,3.278111120629771,-1.3695655287300224,0.7281111206297712
278.532018785,1.0331900855808813,3.279147843964339,-1.3668099232031437,0.7291478439643391
278.58503659400003,1.0359461923832298,3.280183233932546,-1.3640538164007951,0.730183233932546
278.671660397,1.038702799815863,3.2812172902920125,-1.3612972089681619,0.7312172902920127
278.70592246600006,1.041459907233485,3.2822500128006786,-1.35854010155054,0.7322500128006788
278.738020786,1.0441831401257895,3.283268125951804,-1.3558168686582355,0.7332681259518044
278.76144576900003,1.046901151102751,3.28428163569646,-1.353098857681274,0.7342816356964601
278.81953612300003,1.0496200322033615,3.285292808893368,-1.3503799765806634,0.7352928088933681
278.917800124,1.0523397814189974,3.286301644795507,-1.3476602273650276,0.7363016447955073
278.961586236,1.0550603967403969,3.2873081426575834,-1.344939612043628,0.7373081426575836
278.9780598770001,1.0578369045103397,3.2883334212603574,-1.3421631042736852,0.7383334212603576
279.021879904,1.0606204928970469,3.2893604085875565,-1.3393795158869781,0.7393604085875567
279.055115591,1.0634043749207487,3.2903865996784054,-1.3365956338632763,0.7403865996784056
279.151114699,1.066188550353688,3.291411994448949,-1.3338114584303369,0.7414119944489492
279.2045313020001,1.068965328845284,3.292433650609657,-1.331034679938741,0.7424336506096574
279.223732486,1.0717424722839612,3.293454314326615,-1.3282575365000637,0.7434543143266152
279.24709047300007,1.0745199803150107,3.2944739854694607,-1.3254800284690142,0.7444739854694609
279.310107077,1.0772978525836812,3.2954926639079574,-1.3227021562003438,0.7454926639079575
279.415067391,1.0800760887351684,3.296510349511996,-1.3199239200488566,0.746510349511996
279.45224578,1.0828546884146277,3.297527042151591,-1.3171453203693972,0.7475270421515914
279.490804659,1.0856450098513148,3.2985470175670333,-1.3143549989327101,0.7485470175670335
279.519021606,1.0884393568521442,3.299567763216308,-1.3115606519318808,0.7495677632163082
279.562100363,1.0912339254365084,3.300587902064132,-1.3087660833475165,0.7505879020641322
279.664501129,1.09403631850068,3.301610251959587,-1.305963690283345,0.7516102519595873
279.704236178,1.0968502484130813,3.3026365788811116,-1.3031497603709437,0.7526365788811118
279.71538525799997,1.099664220535042,3.303662790067263,-1.300335788248983,0.753662790067263
279.7593803980001,1.1024782348618039,3.3046888855162972,-1.2975217739222211,0.7546888855162974
279.7871866830001,1.1052922913886047,3.3057148652264896,-1.2947077173954202,0.7557148652264898
279.88711935900005,1.1081063901106911,3.306740729196087,-1.2918936186733339,0.7567407291960873
279.921377175,1.1109075224199114,3.307761862903992,-1.2890924863641136,0.7577618629039922
279.945601904,1.1136954428601709,3.3087789394111327,-1.2863045659238541,0.7587789394111328
279.9720223080001,1.116483078034339,3.3097967975242,-1.2835169307496859,0.7597967975242002
280.0179798610001,1.1192704277232874,3.3108154371631873,-1.2807295810607375,0.7608154371631874
280.123812896,1.1220574917079125,3.3118348582480186,-1.2779425170761125,0.7618348582480188
280.164814022,1.1248363055081798,3.3128520305474174,-1.2751637032758452,0.7628520305474176
280.179763018,1.1275967815131451,3.313861461268565,-1.2724032272708798,0.763861461268565
280.21322648299997,1.1303577886188978,3.314869438409562,-1.2696422201651272,0.764869438409562
280.25565936099997,1.133119326060028,3.3158759616909754,-1.266880682723997,0.7658759616909756
280.356214917,1.1358716283263732,3.316877437842145,-1.2641283804576517,0.7668774378421452
280.43193591,1.1386018645479212,3.317868553646023,-1.2613981442361037,0.7678685536460232
280.432529658,1.1413329195862523,3.318857410935908,-1.2586670891977727,0.7688574109359081
280.46711157000004,1.1440647915730726,3.3198440090353283,-1.2559352172109524,0.7698440090353285
280.5055281460001,1.1467974786395274,3.320828347269361,-1.2532025301444976,0.7708283472693611
280.618173149,1.1495624394767245,3.3218219811034566,-1.2504375693073004,0.7718219811034568
280.654578517,1.152384513348776,3.3228357132254778,-1.247615495435249,0.772835713225478
280.687522459,1.155206599298218,3.3238494117253183,-1.244793409485807,0.7738494117253185
280.71518380200007,1.1580286973246368,3.3248630766028335,-1.2419713114593882,0.7748630766028337
280.74420721600006,1.1608508074276311,3.3258767078578773,-1.2391492013563938,0.7758767078578774
280.87589028900004,1.1636525882325894,3.3268831895858604,-1.2363474205514355,0.7768831895858606
280.9149147410001,1.166440551442022,3.3278856415006453,-1.233559457342003,0.7778856415006454
280.936363681,1.1692281905308584,3.3288889943842253,-1.2307718182531666,0.7788889943842254
280.97216919699997,1.1720155052079408,3.329893248131806,-1.2279845035760841,0.7798932481318062
280.99916423900004,1.1748024951821396,3.3308984026384922,-1.2251975136018853,0.7808984026384924
281.09559057,1.1775891601623638,3.3319044577993027,-1.2224108486216612,0.7819044577993028
281.134755324,1.1803488243040776,3.3329008190340548,-1.2196511844799474,0.782900819034055
281.150729017,1.183102353590879,3.333893050763035,-1.216897655193146,0.7838930507630351
281.182553975,1.185856511370967,3.334883536633501,-1.214143497413058,0.784883536633501
281.204513549,1.1886112965373998,3.3358722762473585,-1.2113887122466251,0.7858722762473587
281.30767482400006,1.191369530806125,3.336860284931665,-1.2086304779779,0.7868602849316653
281.34861344700005,1.1941634178242404,3.337859724162502,-1.2058365909597846,0.787859724162502
281.373634058,1.196957588242182,3.3388583708075332,-1.203042420541843,0.7888583708075334
281.40089613,1.1997520418351024,3.3398562247863985,-1.2002479669489226,0.7898562247863987
281.43922162800004,1.2025467783781374,3.340853286018802,-1.1974532304058876,0.7908532860188022
281.558481595,1.2053372282042532,3.3418479164637804,-1.1946627805797718,0.7918479164637806
281.598479741,1.2081022239571952,3.3428320312992246,-1.1918977848268297,0.7928320312992247
281.6315490310001,1.2108677744412628,3.3438145861542927,-1.1891322343427622,0.7938145861542929
281.659040356,1.2136338787763283,3.3447955807162897,-1.1863661300076966,0.7947955807162899
281.71174469900006,1.2164005360820942,3.3457750146730167,-1.1835994727019308,0.7957750146730169
281.82282499200005,1.2191941304917406,3.346762472195637,-1.1808058782922843,0.796762472195637
281.85596515500004,1.2220044276429167,3.3477552243821638,-1.1779955811411083,0.797755224382164
281.889839263,1.2248148926058997,3.348747501396727,-1.1751851161781253,0.7987475013967273
281.913684386,1.2276255253003399,3.349739303210954,-1.1723744834836851,0.7997393032109543
281.9535035580001,1.2304363256458932,3.3507306297964963,-1.1695636831381317,0.8007306297964965
282.06748475100005,1.2332377444215996,3.351718428739005,-1.1667622643624254,0.8017184287390053
282.097326179,1.2360338043385293,3.3527051991692947,-1.1639662044454957,0.8027051991692948
282.126255397,1.238829565444453,3.35369281588633,-1.161170443339572,0.8036928158863303
282.16156847,1.2416250274832235,3.3546812787996267,-1.1583749813008015,0.8046812787996269
282.26641237700005,1.2444201901987197,3.3556705878186213,-1.1555798185853052,0.8056705878186214
282.29687798500004,1.2472150533348518,3.356660742852674,-1.1527849554491731,0.806660742852674
282.33495612,1.2500199704267814,3.3576553033964642,-1.1499800383572436,0.8076553033964644
282.34887121400004,1.2528281477398326,3.3586515891081574,-1.1471718610441923,0.8086515891081576
282.37618092700006,1.255636149487436,3.3596483695385024,-1.144363859296589,0.8096483695385026
282.502114676,1.258443975582438,3.360645644656561,-1.141556033201587,0.8106456446565611
282.545999489,1.2612553682899188,3.3616446928401134,-1.1387446404941062,0.8116446928401135
282.5541150380001,1.2640668170631175,3.3626442047237344,-1.1359331917209075,0.8126442047237346
282.59299484999997,1.2668781257759678,3.3636441104847363,-1.1331218830080572,0.8136441104847365
282.624715273,1.2696892943732851,3.36464441010349,-1.1303107144107398,0.8146444101034902
282.75692122500004,1.2725003227998937,3.3656451035603605,-1.1274996859841313,0.8156451035603607
282.819373928,1.2753023098837175,3.366643136499452,-1.1246976989003075,0.8166431364994522
282.8219474570001,1.278103082195441,3.3676414636539835,-1.1218969265885839,0.8176414636539837
282.84305139800006,1.280903624103259,3.3686404369630107,-1.119096384680766,0.8186404369630109
282.903870867,1.2837039354581,3.3696400563733593,-1.116296073325925,0.8196400563733595
283.010405826,1.2865040161109027,3.3706403218318184,-1.1134959926731223,0.8206403218318186
283.06642812000007,1.289303086420515,3.3716408333334824,-1.11069692236351,0.8216408333334826
283.08620595800005,1.2921010928574623,3.3726404499687983,-1.1078989159265626,0.8226404499687985
283.12313767600006,1.294899348647393,3.3736393683703274,-1.105100660136632,0.8236393683703276
283.15936698400003,1.2976978536160666,3.374637588475868,-1.1023021551679584,0.8246375884758681
283.27527220800005,1.3004966075892272,3.3756351102232633,-1.0995034011947977,0.8256351102232635
283.31691040400005,1.3032956103926023,3.3766319335504003,-1.0967043983914226,0.8266319335504004
283.328835938,1.306074256555948,3.377620503927377,-1.093925752228077,0.8276205039273772
283.36250149,1.3088464991368491,3.3786052484826015,-1.0911535096471758,0.8286052484826016
283.393367344,1.3116192368191812,3.379588598121018,-1.0883807719648437,0.8295885981210183
283.522338267,1.3143924689010589,3.380570552593704,-1.085607539882966,0.8305705525937044
283.5696078440001,1.317166194680477,3.3815511116520898,-1.082833814103548,0.83155111165209
283.603704117,1.3199912471952393,3.3825489996145435,-1.0800087615887857,0.8325489996145436
283.63050358,1.322818842078937,3.383547752545311,-1.077181166705088,0.8335477525453112
283.670472226,1.3256464473512404,3.384546476064147,-1.0743535614327846,0.8345464760641472
283.795310999,1.3284740630118417,3.385545170170943,-1.0715259457721833,0.8355451701709433
283.857732551,1.3312736289502531,3.3865335994025614,-1.0687263798337718,0.8365335994025616
283.8643274,1.3340664770863278,3.3875186274376645,-1.0659335316976972,0.8375186274376647
283.89157369500003,1.3368596540277076,3.388502722715195,-1.0631403547563174,0.8385027227151953
283.916203322,1.3396531594628687,3.389485885125396,-1.0603468493211563,0.8394858851253963
283.95727017800004,1.3424469930802543,3.390468114558617,-1.0575530157037707,0.8404681145586173
283.98188977899997,1.3452411545682643,3.3914494109053077,-1.0547588542157607,0.8414494109053079
284.075155601,1.3480356436152694,3.392429774056025,-1.0519643651687556,0.8424297740560251
284.1054033930001,1.3508304599095973,3.3934092039014283,-1.0491695488744277,0.8434092039014285
284.148065395,1.3535994707338888,3.3943781968018016,-1.0464005380501362,0.8443781968018018
284.169093052,1.3563676687442234,3.3953450803590557,-1.0436323400398015,0.8453450803590559
284.21760764400005,1.3591364344353212,3.39631033710496,-1.0408635743487038,0.8463103371049603
284.294626739,1.3619057668511392,3.397273966706218,-1.0380942419328858,0.8472739667062181
284.334987436,1.3647104263119538,3.3982484174182592,-1.0352895824720711,0.8482484174182594
284.3564870910001,1.367533730491708,3.399228968874689,-1.032466278292317,0.849228968874689
284.431943853,1.3703571304023798,3.4002092446494183,-1.0296428783816451,0.8502092446494185
284.457669891,1.373180626017055,3.401189244733107,-1.02681938276697,0.8511892447331073
284.5407971320001,1.3760042173088132,3.40216896911641,-1.0239957914752118,0.85216896911641
284.58928007400004,1.378818417981543,3.4031453456882788,-1.021181590802482,0.8531453456882789
284.615786019,1.38162734194613,3.4041205541221835,-1.018372666837895,0.8541205541221837
284.69876568100005,1.3844360409864644,3.405096410171613,-1.0155639677975605,0.8550964101716132
284.718273491,1.3872445149532358,3.406072913784693,-1.0127554938307892,0.856072913784693
284.810283714,1.3900506891820343,3.407049353342312,-1.0099493196019906,0.8570493533423122
284.8512187250001,1.3928527499111998,3.4080252206692814,-1.0071472588728252,0.8580252206692816
284.88321277700004,1.3956545325295087,3.4090018861849627,-1.0043454762545163,0.8590018861849629
284.953596943,1.3984560368095902,3.4099793498100968,-1.0015439719744348,0.8599793498100969
284.97818179700005,1.4012572625240973,3.4109576114653586,-0.9987427462599276,0.8609576114653588
285.06200273,1.4040597593349824,3.411937206289733,-0.9959402494490426,0.861937206289733
285.09777701300004,1.4068656234292947,3.4129187623945536,-0.9931343853547303,0.8629187623945538
285.120900355,1.4096712543218233,3.4139009848732007,-0.9903287544622017,0.8639009848732009
285.16714695200005,1.4124766518543075,3.4148838736702696,-0.9875233569297175,0.8648838736702698
285.19523719100005,1.4152818158685025,3.415867428730315,-0.9847181929155224,0.865867428730315
285.269521359,1.4180588104100966,3.416841051925244,-0.9819411983739283,0.8668410519252441
285.32005570399997,1.4208292876140312,3.4178106933163903,-0.9791707211699938,0.8678106933163905
285.342305462,1.4236003084320665,3.4187787800846934,-0.9763997003519584,0.8687787800846936
285.402261158,1.4263718719918417,3.4197453119253827,-0.9736281367921833,0.8697453119253828
285.4847239310001,1.4291439774208285,3.42071028853418,-0.9708560313631964,0.87071028853418
285.52779156300005,1.4319266299457156,3.4216772377700844,-0.9680733788383094,0.8716772377700845
285.53910392299997,1.4347298508815984,3.4226502613980347,-0.9652701579024265,0.8726502613980349
285.5856730290001,1.4375333475260161,3.42362249036318,-0.9624666612580088,0.87362249036318
285.6284225630001,1.4403371196536934,3.424593924587392,-0.9596628891303316,0.8745939245873924
285.721378972,1.443141167039338,3.425564563992617,-0.956858841744687,0.8755645639926173
285.779770311,1.445941654120638,3.426533063208738,-0.954058354663387,0.876533063208738
285.796945166,1.4487353580618727,3.427498081361113,-0.9512646507221523,0.8774980813611131
285.81839552400004,1.4515294324703185,3.4284620263521473,-0.9484705763137065,0.8784620263521474
285.881431249,1.4543238769337388,3.429424898039622,-0.9456761318502862,0.879424898039622
285.95816353200007,1.4571186910398384,3.430386696281471,-0.9428813177441866,0.8803866962814713
285.997257118,1.4599138743762679,3.431347420935793,-0.9400861344077571,0.8813474209357932
286.039361474,1.4627172602655942,3.4323101953063024,-0.9372827485184307,0.8823101953063026
286.06761963100007,1.4655247125344328,3.433275093163601,-0.9344752962495921,0.8832750931636011
286.12638438400006,1.4683319024429518,3.434240754043171,-0.9316681063410732,0.8842407540431712
286.198949901,1.4711388297837744,3.435207177873676,-0.9288611790002506,0.8852071778736761
286.254052933,1.4739608606169603,3.436179443753853,-0.9260391481670647,0.886179443753853
286.28497854,1.4767915475998044,3.4371545884063193,-0.9232084611842206,0.8871545884063194
286.30451856600007,1.4796222857662935,3.4381295844682875,-0.9203777230177315,0.8881295844682877
286.36986372600006,1.4824530751086242,3.4391044319370767,-0.9175469336754007,0.8891044319370769
286.46275533100004,1.4852839156190054,3.4400791308099885,-0.9147160931650196,0.8900791308099887
286.517612365,1.4881148072896335,3.4410536810843464,-0.9118852014943915,0.8910536810843466
286.51811061,1.4909457501127044,3.442028082757467,-0.9090542586713206,0.8920280827574674
286.5404613090001,1.4937241458374972,3.44298508930938,-0.9062758629465277,0.8929850893093803
286.577118948,1.4964992544787519,3.4439426927953427,-0.9035007543052731,0.8939426927953429
286.69663144000003,1.49927382890442,3.444901843025245,-0.9007261798796049,0.8949018430252451
286.739598847,1.5020685726903142,3.445869570864816,-0.8979314360937107,0.8958695708648161
286.75208662,1.5049025309841153,3.446851174210849,-0.8950974777999097,0.8968511742108491
286.79286534900007,1.5077364965600117,3.447832756532691,-0.8922635122240132,0.8978327565326913
286.8397164720001,1.5105704694178541,3.4488143178302897,-0.8894295393661709,0.8988143178302899
286.93299020100005,1.5134044495574832,3.449795858103591,-0.8865955592265418,0.899795858103591
286.96642956100004,1.5162220633107075,3.4507716483042254,-0.8837779454733175,0.9007716483042256
286.986761721,1.5189909232826446,3.4517291900167177,-0.8810090855013804,0.9017291900167179
287.017078157,1.5217603656725311,3.452685045928655,-0.8782396431114938,0.9026850459286551
287.052950561,1.5245303894539912,3.453639215685787,-0.8754696193300338,0.9036392156857871
287.1414529560001,1.527300993600423,3.454591698934492,-0.872699015183602,0.904591698934492
287.191129996,1.5300941948602207,3.4555508740911547,-0.8699058139238043,0.9055508740911549
287.20058111900005,1.5328952998807446,3.4565137035247884,-0.8671047089032804,0.9065137035247885
287.22850687900007,1.535696087355731,3.4574774562805857,-0.8643039214282939,0.9074774562805858
287.27286379200007,1.5384965569808153,3.458442132253814,-0.8615034518032096,0.9084421322538141
287.37241751400006,1.5412967084516795,3.4594077313396476,-0.8587033003323454,0.9094077313396478
287.44298330800007,1.544098706031083,3.4603749941301905,-0.8559013027529421,0.9103749941301906
287.443366329,1.5469228185663366,3.46135011261548,-0.8530771902176884,0.9113501126154802
287.47958466,1.5497470348686226,3.462324930521595,-0.8502529739154023,0.9123249305215952
287.510583699,1.5525713549059403,3.4632994478374917,-0.8474286538780846,0.9132994478374918
287.61144701,1.5553869220031518,3.4642706952201268,-0.8446130867808732,0.9142706952201269
287.6605669510001,1.558185854530332,3.465236968513655,-0.841814154253693,0.9152369685136552
287.687144571,1.560984460561186,3.4662041870275186,-0.839015548222839,0.9162041870275188
287.72477355700005,1.5637827397765065,3.467172350651396,-0.8362172690075185,0.9171723506513962
287.777304393,1.5665806918571217,3.468141459274858,-0.8334193169269033,0.918141459274858
287.8752773460001,1.5693783164838966,3.4691115127873697,-0.8306216923001284,0.9191115127873699
287.9139415320001,1.5721781101655146,3.470083372019362,-0.8278218986185104,0.920083372019362
287.95369787000004,1.5750063125627694,3.4710654250698556,-0.8249936962212556,0.9210654250698558
287.974848782,1.5778345672721874,3.4720473274542596,-0.8221654415118376,0.9220473274542598
288.033343328,1.5806628742857387,3.4730290791697787,-0.8193371344982863,0.9230290791697788
288.15887695900005,1.5834874136512058,3.4740093435276393,-0.8165125951328192,0.9240093435276395
288.19611797100004,1.5862968278614502,3.4749838154653743,-0.8137031809225748,0.9249838154653744
288.22741582900005,1.5891064648057145,3.475957645021082,-0.8108935439783105,0.9259576450210822
288.25739402400006,1.591916324337118,3.4769308321438546,-0.808083684446907,0.9269308321438547
288.28631960200005,1.5947264063087634,3.477903376782814,-0.8052736024752616,0.927903376782814
288.4008505940001,1.5975367105737481,3.4788752788871196,-0.8024632982102768,0.9288752788871197
288.43943056500007,1.6003621095760936,3.47985212398862,-0.7996378992079314,0.9298521239886202
288.46867196900007,1.603188217089405,3.480829477809347,-0.79681179169462,0.9308294778093473
288.499837757,1.6060142427274642,3.4818070683477176,-0.7939857660565608,0.9318070683477178
288.54456744000004,1.6088401864704462,3.4827848955968697,-0.7911598223135787,0.9327848955968698
288.6641073100001,1.611665257234972,3.483762686288922,-0.7883347515490531,0.9337626862889223
288.702103213,1.6144751419923933,3.484735735026679,-0.7855248667916317,0.9347357350266794
288.7317767100001,1.6172848040133103,3.485709426725451,-0.7827152047707147,0.9357094267254511
288.761419006,1.6200942431506014,3.486683761334256,-0.7799057656334236,0.936683761334256
288.80979530900004,1.6229034592571492,3.4876587388020672,-0.7770965495268758,0.9376587388020674
288.923102064,1.6257153595332081,3.4886352415424557,-0.7742846492508169,0.9386352415424559
288.960343536,1.6285308725788523,3.4896126518748263,-0.7714691362051727,0.9396126518748265
288.998436978,1.6313465520954997,3.490589582541529,-0.7686534566885252,0.9405895825415294
289.03241074000005,1.634162398001434,3.4915660335142147,-0.765837610782591,0.9415660335142149
289.0573583280001,1.6369784102149285,3.4925420047645415,-0.7630215985690965,0.9425420047645416
289.1809213160001,1.6398037504203926,3.4935207496023355,-0.7601962583636324,0.9435207496023357
289.22559105100004,1.6426352551928634,3.4945014995776833,-0.7573647535911616,0.9445014995776835
289.248715577,1.64546678931984,3.495482164800062,-0.754533219464185,0.9454821648000622
289.286307597,1.6482983527988,3.496462745268595,-0.751701655985225,0.9464627452685952
289.32917865800005,1.651129945627206,3.4974432409824043,-0.748870063156819,0.9474432409824045
289.439165484,1.6539615678025117,3.4984236519405933,-0.7460384409815133,0.9484236519405935
289.481942268,1.6567693338812775,3.4993955205605083,-0.7432306749027475,0.9493955205605085
289.5116633040001,1.6595578847218326,3.500359522769655,-0.7404421240621923,0.9503595227696553
289.53480248200003,1.662346849052297,3.5013223280526677,-0.737653159731728,0.9513223280526679
289.57778147700003,1.6651362263589151,3.5022839362321894,-0.7348637824251099,0.9522839362321895
289.690268133,1.667926016127855,3.503244347131081,-0.7320739926561699,0.953244347131081
289.730640064,1.6707480517149553,3.5042148680953553,-0.7292519570690696,0.9542148680953555
289.760903245,1.673582954297312,3.505189714463023,-0.726417054486713,0.9551897144630233
289.790929583,1.6764178751939216,3.5061645075702925,-0.7235821335901034,0.9561645075702927
289.817078453,1.6792528144037804,3.5071392474168204,-0.7207471943802446,0.9571392474168205
289.92696848700007,1.682066704438514,3.508107010545566,-0.717933304345511,0.9581070105455662
289.96772802400005,1.6848780410743318,3.509074622217464,-0.7151219677096932,0.959074622217464
290.005405578,1.6876891528449798,3.5100428869748623,-0.7123108559390452,0.9600428869748625
290.027111579,1.690500039598741,3.5110118047655,-0.7094999691852839,0.9610118047655001
290.07569084500005,1.6933107011839157,3.5119813755370886,-0.7066893076001093,0.9619813755370887
290.201308735,1.696121137448811,3.512951599237296,-0.703878871335214,0.9629515992372961
290.23502698900006,1.698947320864627,3.513927488563402,-0.7010526879193979,0.9639274885634022
290.2713278780001,1.7017735894511277,3.5149031311996173,-0.6982264193328973,0.9649031311996175
290.297594581,1.7045999431867798,3.515878527138505,-0.6954000655972452,0.9658785271385053
290.4372043860001,1.7074263820500506,3.516853676372636,-0.6925736267339744,0.9668536763726361
290.47351796,1.710249745493478,3.517827538509791,-0.689750263290547,0.9678275385097912
290.50571123,1.7130671557199721,3.5187997109956655,-0.6869328530640528,0.9687997109956656
290.54023954600007,1.7158844009578647,3.519772361496216,-0.6841156078261603,0.9697723614962164
290.56938087700007,1.7187014811260517,3.5207454899834385,-0.6812985276579733,0.9707454899834387
290.70272669300005,1.7215183961434397,3.521719096429322,-0.6784816126405853,0.9717190964293221
290.74007940600006,1.7243351459289298,3.5226931808058355,-0.6756648628550952,0.9726931808058357
290.750806837,1.727148183906821,3.5236665118426447,-0.672851824877204,0.9736665118426449
290.79698482000003,1.7298941688455842,3.524615493627711,-0.6701058399384408,0.9746154936277112
290.821026511,1.732640931392651,3.525562222322901,-0.667359077391374,0.975562222322901
290.96900293600004,1.7353884696993525,3.526506697291029,-0.6646115390846725,0.976506697291029
291.038411826,1.738136781916509,3.5274489178964332,-0.661863226867516,0.9774489178964334
291.03896164700006,1.740907558808163,3.5283970199582204,-0.6590924499758619,0.9783970199582206
291.058453375,1.7436942190745848,3.52935170173181,-0.6563057897094402,0.9793517017318103
291.087674537,1.7464804293997445,3.5303076958495963,-0.6535195793842805,0.9803076958495964
291.225041065,1.7492661891656123,3.5312650020995235,-0.6507338196184127,0.9812650020995237
291.27263438800003,1.7520558903732697,3.5322251108588985,-0.6479441184107553,0.9822251108588986
291.280087018,1.7548755424036027,3.5331957498248436,-0.6451244663804223,0.9831957498248438
291.301252834,1.7576953454617765,3.534165949952385,-0.6423046633222484,0.9841659499523852
291.352324778,1.760515299479495,3.5351357112180226,-0.6394847093045299,0.9851357112180228
291.47115423,1.7633354043884522,3.5361050335982678,-0.6366646043955728,0.986105033598268
291.5231137960001,1.7661549883779413,3.5370736853802445,-0.6338450204060837,0.9870736853802446
291.54666468900007,1.7689687099613272,3.5380397182970884,-0.6310312988226978,0.9880397182970886
291.57510539200007,1.7717826413148527,3.539005140009547,-0.6282173674691722,0.9890051400095472
291.61800835100007,1.7745967823057485,3.5399699504720714,-0.6254032264782765,0.9899699504720716
291.75134536100006,1.7774123629545937,3.5409345727368993,-0.6225876458294313,0.9909345727368994
291.799949311,1.7802391648466394,3.54190256536016,-0.6197608439373856,0.9919025653601601
291.826450541,1.783066067851212,3.542870262656995,-0.616933940932813,0.9928702626569952
291.85280513400005,1.785893071937458,3.5438376646168424,-0.614106936846567,0.9938376646168425
291.903741771,1.788720177074519,3.5448047712291415,-0.6112798317095061,0.9948047712291417
292.019678859,1.7915473832315458,3.545771582483342,-0.6084526255524791,0.995771582483342
292.065549186,1.7943734901955275,3.5467376981365466,-0.6056265185884975,0.9967376981365468
292.105066836,1.7971927406238368,3.5477017081254103,-0.6028072681601881,0.9977017081254105
292.130273085,1.800011819830614,3.5486662187070452,-0.5999881889534109,0.9986662187070454
292.15809033100004,1.8028307277269688,3.549631229851036,-0.5971692810570561,0.9996312298510364
292.210443598,1.8056494642240242,3.550596741526958,-0.5943505445600008,1.0005967415269583
292.243249074,1.8084680292329003,3.551562753704369,-0.5915319795511247,1.001562753704369
292.356097512,1.81128653069855,3.5525293033330794,-0.588713478085475,1.0025293033330795
292.39403656900004,1.8141069231285634,3.553497026922257,-0.5858930856554616,1.0034970269222572
292.42100740500007,1.816927162840681,3.554465195487405,-0.5830728459433441,1.004465195487405
292.44358576900004,1.8197472497646958,3.55543380900442,-0.5802527590193292,1.0054338090044204
292.486040861,1.822567183830408,3.5564028674491897,-0.5774328249536169,1.0064028674491898
292.61456695100003,1.8253845093240106,3.5573714710106716,-0.5746154994600143,1.0073714710106718
292.64401851,1.8281961980029025,3.5583377043872937,-0.5718038107811225,1.0083377043872939
292.69197215200006,1.8310081120402613,3.5593032817335457,-0.5689918967437637,1.0093032817335459
292.74658415500005,1.8338202512830235,3.5602682029968644,-0.5661797575010015,1.0102682029968646
292.77670899300006,1.8366326155781083,3.5612324681247274,-0.5633673932059167,1.0112324681247276
292.88198989299997,1.8394452047724272,3.562196077064644,-0.5605548040115977,1.0121960770646443
292.92072713900006,1.842251354053048,3.5631567347199087,-0.5577486547309769,1.0131567347199089
292.93513735199997,1.8450201811168252,3.564103088415121,-0.5549798276671998,1.014103088415121
293.00717102400006,1.8477896138217866,3.565047668278422,-0.5522103949622383,1.015047668278422
293.055981481,1.8505596510315498,3.5659904739222212,-0.5494403577524751,1.0159904739222214
293.138691334,1.8533302916094754,3.566931504959657,-0.5466697171745496,1.0169315049596572
293.18449684300003,1.8561196444300943,3.5678770449521506,-0.5438803643539307,1.0178770449521508
293.20043494000004,1.8589255963816913,3.568827095590016,-0.5410744124023337,1.0188270955900163
293.270486121,1.8617318575674269,3.569776232422415,-0.5382681512165981,1.0197762324224153
293.298123616,1.8645384276897048,3.5707244553486928,-0.5354615810943202,1.020724455348693
293.38594213700003,1.8673453064508982,3.5716717642682947,-0.5326547023331267,1.0216717642682949
293.426370605,1.8701621292726422,3.572621748423048,-0.5298378795113827,1.022621748423048
293.454541468,1.8729840463571297,3.573573944448096,-0.5270159624268953,1.023573944448096
293.520443583,1.8758057837920052,3.574526672714954,-0.5241942249920197,1.0245266727149542
293.54405212300003,1.8786273414768802,3.5754799331897265,-0.5213726673071448,1.0254799331897266
293.630508654,1.8814487193113776,3.576433725838502,-0.5185512894726474,1.0264337258385021
293.68202348500006,1.8842696158922205,3.5773879501992294,-0.5157303928918044,1.0273879501992296
293.71835734600006,1.887089767828383,3.5783425350174856,-0.5129102409556421,1.0283425350174857
293.76492290500005,1.8899097321530032,3.579297673921591,-0.5100902766310218,1.029297673921591
293.84987206100004,1.8927295087572213,3.5802533668746763,-0.5072705000268036,1.0302533668746765
293.891862812,1.8955512033893478,3.581210299357641,-0.5044488053946772,1.031210299357641
293.92461700800004,1.898372839639575,3.582167766742658,-0.50162716914445,1.032167766742658
293.95302519300003,1.9011943070653259,3.583125731505787,-0.49880570171869915,1.0331257315057871
294.017096336,1.9040156055789246,3.5840841936172634,-0.49598440320510045,1.0340841936172636
294.105624908,1.9068367350927014,3.5850431530473044,-0.4931632736913237,1.0350431530473045
294.17142674900003,1.9096576955189926,3.586002609766107,-0.49034231326503247,1.0360026097661073
294.17200860800006,1.9124713651257117,3.5869601546777337,-0.48752864365831333,1.0369601546777338
294.19586003000006,1.9152442751115077,3.5879052332281893,-0.4847557336725173,1.0379052332281895
294.23901475700006,1.9180166074634333,3.588852004893519,-0.48198340132059175,1.0388520048935193
294.327930626,1.9207883611476972,3.5898004693206764,-0.4792116476363278,1.0398004693206766
294.37117946700005,1.923567346684491,3.5907532780928864,-0.4764326620995341,1.0407532780928865
294.39040572700003,1.9263878941454438,3.5917212848117765,-0.47361211463858127,1.0417212848117767
294.41964210599997,1.9292082908458992,3.592689730700474,-0.47079171793812585,1.042689730700474
294.48509727400005,1.9320285367174814,3.593658615735499,-0.4679714720665436,1.0436586157354992
294.591322678,1.9348486316918148,3.5946279398933636,-0.46515137709221027,1.0446279398933638
294.64347329200007,1.9376574224214747,3.5955939952538998,-0.4623425863625504,1.0455939952539
294.66207368000005,1.9404631637818817,3.5965598822785,-0.45953684500214337,1.0465598822785003
294.70138132400007,1.9432686316545293,3.5975265633744824,-0.4567313771294957,1.0475265633744826
294.733646929,1.9460738258146866,3.5984940384644117,-0.45392618296933845,1.048494038464412
294.82441537400007,1.9488787460376324,3.599462307470783,-0.4511212627463926,1.0494623074707832
294.873114075,1.9516697780733308,3.6004264468418525,-0.4483302307106943,1.0504264468418527
294.90858995200006,1.954440706213314,3.6013822818903067,-0.445559302570711,1.051382281890307
294.93070303900004,1.9572122041738185,3.60233646345146,-0.44278780461020656,1.0523364634514603
294.997652785,1.9599842709681756,3.6032889911856136,-0.4400157378158494,1.0532889911856138
295.09478061000004,1.9627569056095067,3.6042398647536613,-0.43724310317451837,1.0542398647536615
295.15424583800007,1.9655512570642997,3.6051965695108885,-0.43444875171972536,1.0551965695108887
295.184003642,1.9683517608581165,3.6061542744142137,-0.43164824792590856,1.0561542744142138
295.207236879,1.9711525987007161,3.607111001941001,-0.4288474100833089,1.057111001941001
295.269050085,1.9739537702509924,3.6080667519747305,-0.42604623853303264,1.0580667519747307
295.365742481,1.9767552751677975,3.609021524399005,-0.42324473361622755,1.059021524399005
295.4061884160001,1.9795571131099494,3.6099753190975483,-0.4204428956740756,1.0599753190975485
295.44545885700006,1.9823814139661706,3.610935922163633,-0.4176185948178544,1.0609359221636332
295.465772133,1.9852119465784261,3.611898346263876,-0.4147880622055989,1.061898346263876
295.537936092,1.9880425652745792,3.6128605171503367,-0.4119574435094458,1.062860517150337
295.63496425900007,1.990873270031981,3.6138224348153187,-0.40912673875204414,1.063822434815319
295.672045131,1.993704679869296,3.6147843755596245,-0.40629532891472914,1.0647843755596247
295.704102818,1.9965366741392667,3.6157466944596544,-0.4034633346447583,1.0657466944596545
295.74130384800003,1.9993685935743268,3.6167092335621547,-0.4006314152096982,1.0667092335621549
295.78745166300007,2.0022004381573533,3.617671992861294,-0.39779957062667176,1.0676719928612943
295.88907966500005,2.0050322078712277,3.6186349723512645,-0.3949678009127973,1.0686349723512647
295.933358815,2.00786709426448,3.61959915360345,-0.3921329145195452,1.0695991536034501
295.94787795600007,2.010703068222925,3.6205635923274553,-0.38929694056110004,1.0705635923274555
295.99380474,2.01353907997354,3.621527919914797,-0.38646092881048505,1.0715279199147973
296.026754115,2.0163751295119727,3.622492136364001,-0.3836248792720523,1.072492136364001
296.12273541,2.0192112168338596,3.6234562416735727,-0.3807887919501654,1.073456241673573
296.16338677500005,2.0220383933388093,3.6244171623566577,-0.3779616154452157,1.0744171623566579
296.19125634600005,2.0248389565339813,3.6253681782107523,-0.37516105225004376,1.0753681782107525
296.214310137,2.027639868745432,3.6263181656573242,-0.37236014003859325,1.0763181656573244
296.25770864000003,2.0304411295955096,3.627267124568286,-0.36955887918851543,1.0772671245682863
296.36249653100003,2.0332491458577575,3.628217297337709,-0.3667508629262675,1.078217297337709
296.40373618,2.0360726280911154,3.6291728165715442,-0.3639273806929096,1.0791728165715444
296.432889058,2.038895951148437,3.630128806028768,-0.361104057635588,1.0801288060287684
296.458961607,2.0417191149514093,3.6310852656828616,-0.3582808938326157,1.0810852656828618
296.49649149900006,2.044542119421729,3.632042195507296,-0.3554578893622962,1.082042195507296
296.59920047900005,2.047364964481088,3.6329995954755288,-0.3526350443029372,1.082999595475529
296.655803462,2.050195170562564,3.633959914890478,-0.34980483822146097,1.0839599148904782
296.68252325599997,2.0530256800641555,3.634920635481117,-0.3469743287198695,1.0849206354811174
296.72094634100006,2.0558560988657106,3.635881623254022,-0.3441439099183144,1.0858816232540223
296.76255099499997,2.058686426942014,3.6368428782006292,-0.34131358184201105,1.0868428782006294
296.87965064700006,2.0615166642678417,3.637804400312372,-0.3384833445161833,1.0878044003123724
296.921593627,2.0643446358498356,3.638765455034857,-0.3356553729341894,1.0887654550348573
296.92260753200003,2.06716011906485,3.639722828420749,-0.33283988971917516,1.089722828420749
296.968555263,2.0699753848519937,3.640680840989448,-0.3300246239320313,1.0906808409894482
296.99715671900003,2.0727904330661557,3.641639492691575,-0.3272095757178693,1.0916394926915753
297.104902207,2.075605263562235,3.642598783477716,-0.32439474522178996,1.0925987834777162
297.15390143900004,2.0784037048648085,3.643552747471514,-0.3215963039192165,1.0935527474715143
297.167639344,2.0811937585086264,3.6445025595629104,-0.3188062502753986,1.0945025595629105
297.188805699,2.083984245720783,3.645451097102025,-0.31601576306324214,1.0954510971020253
297.23706037400007,2.0867751659190428,3.6463983598909473,-0.31322484286498226,1.0963983598909475
297.353785152,2.0895671254608423,3.647344554150823,-0.3104328833231827,1.097344554150823
297.4180228160001,2.0923649508727427,3.6482914150084276,-0.3076350579112824,1.0982914150084278
297.418591173,2.095163155962922,3.649237153234586,-0.304836852821103,1.0992371532345864
297.445828085,2.097961740280931,3.6501817686770535,-0.30203826850309407,1.1001817686770536
297.48030061200006,2.1007607033762445,3.6511252611837635,-0.2992393054077805,1.1011252611837636
297.58716797400007,2.1035600447982827,3.6520676306028315,-0.2964399639857423,1.1020676306028316
297.639166144,2.1063954551266693,3.6530213577076847,-0.29360455365735577,1.1030213577076848
297.66975758500007,2.109236294651151,3.6539768288275867,-0.2907637141328739,1.1039768288275869
297.705519097,2.112077157241517,3.6549322313644677,-0.28792285154250813,1.1049322313644678
297.732514671,2.114918042896116,3.6558875653177765,-0.2850819658879092,1.1058875653177767
297.83209604600006,2.1177589516132844,3.656842830686968,-0.2822410571707406,1.106842830686968
297.88403575300003,2.1205983765574916,3.6577975282341124,-0.2794016322265334,1.1077975282341126
297.89910969100004,2.1234317302669976,3.65875035937717,-0.2765682785170274,1.1087503593771704
297.922448499,2.1262649954199024,3.6597034538130404,-0.2737350133641226,1.1097034538130406
297.95086826600004,2.1290981719917372,3.660656811533496,-0.2709018367922878,1.110656811533496
298.07112549500005,2.1319171178651986,3.661605742068586,-0.2680828909188265,1.111605742068586
298.119610793,2.1347094777432996,3.6625469178952756,-0.2652905310407255,1.1125469178952758
298.130791941,2.137501402625221,3.6634893833213056,-0.262498606158804,1.1134893833213058
298.16772812500005,2.1402928919153927,3.6644331381456268,-0.2597071168686323,1.114433138145627
298.208844774,2.1430839450183248,3.665378182166919,-0.25691606376570025,1.115378182166919
298.327302789,2.145874561338627,3.6663245151835806,-0.25412544744539783,1.1163245151835808
298.36797591000004,2.1486703374502367,3.667274021289608,-0.2513296713337883,1.1172740212896084
298.385083065,2.151491231983263,3.668232903937428,-0.24850877680076217,1.1182329039374284
298.41120381999997,2.154311955387049,3.669192289875462,-0.24568805339697614,1.1191922898754623
298.45095792100005,2.157132507571793,3.6701521790731744,-0.24286750121223216,1.1201521790731745
298.577649815,2.159953072615068,3.671112179929728,-0.24004693616895706,1.1211121799297281
298.62228529800007,2.1627738118069892,3.6720716855813946,-0.23722619697703579,1.1220716855813948
298.6403766970001,2.1655947217048785,3.6730306892479283,-0.23440528707914648,1.1230306892479285
298.68088839000006,2.1684158022193976,3.6739891908989586,-0.23158420656462747,1.1239891908989588
298.784041507,2.1712370532612084,3.6749471905041315,-0.2287629555228166,1.1249471905041317
298.829124287,2.1740430591536373,3.6758993809029716,-0.22595694963038776,1.1258993809029718
298.846014311,2.176820861141715,3.6768404614618917,-0.22317914764231,1.1268404614618919
298.878103386,2.179599210048685,3.677779926125673,-0.22040079873533985,1.1277799261256733
298.927892367,2.1823781049345503,3.6787177745764708,-0.21762190384947472,1.128717774576471
299.039850245,2.185157544859133,3.679654006496983,-0.21484246392489187,1.1296540064969833
299.078458574,2.1879531299542836,3.680593970205074,-0.21204687882974144,1.1305939702050742
299.09811311300007,2.190770073994586,3.681540187200248,-0.2092299347894389,1.131540187200248
299.12416411900006,2.1935872507157512,3.682485711208334,-0.2064127580682738,1.132485711208334
299.14916060400003,2.196404659947301,3.683430542172117,-0.20359534883672398,1.1334305421721171
299.279478831,2.1992223015187413,3.684374680034419,-0.2007777072652837,1.1343746800344192
299.31790357700004,2.2020431228728663,3.685319149062411,-0.19795688591115873,1.1353191490624113
299.32450963200006,2.2048727924807543,3.686266674869508,-0.19512721630327073,1.1362666748695083
299.378600301,2.207702331468562,3.687214590668198,-0.19229767731546282,1.137214590668198
299.410685315,2.2105317397825393,3.6881628964404682,-0.18946826900148578,1.1381628964404684
299.51375373200005,2.2133610173689386,3.6891115921683104,-0.18663899141508639,1.1391115921683106
299.567667314,2.2161901641740154,3.6900606778336993,-0.18380984461000965,1.1400606778336995
299.57601884400003,2.2189803727274953,3.6909964139792515,-0.18101963605652976,1.1409964139792517
299.60319975900006,2.221761355770122,3.6919272933250675,-0.1782386530139029,1.1419272933250677
299.63171187600005,2.224542881738201,3.6928565491180394,-0.1754571270458239,1.1428565491180396
299.734783441,2.2273249496838883,3.6937841810415124,-0.17267505910013675,1.1437841810415126
299.7863958610001,2.230110418610735,3.6947112041516665,-0.16988959017329025,1.1447112041516667
299.806162215,2.2329072909205316,3.6956423979837165,-0.1670927178634934,1.1456423979837167
299.836691278,2.235703741798119,3.696574856647353,-0.1642962669859061,1.1465748566473533
299.8731244940001,2.2384997706715053,3.6975085799518523,-0.16150023811251973,1.1475085799518525
300.00560382599997,2.241295376968779,3.6984435677062266,-0.15870463181524613,1.1484435677062268
300.048418792,2.2440905601181167,3.6993798197192316,-0.15590944866590833,1.1493798197192318
300.05838290300005,2.2468721876002626,3.700313002294618,-0.1531278211837624,1.150313002294618
300.101606856,2.249633501590428,3.701241517232964,-0.15036650719359695,1.1512415172329642
300.1213150230001,2.2523941166699237,3.7021721080806835,-0.1476058921141013,1.1521721080806837
300.25818309600004,2.2551625328126903,3.7031075883842592,-0.14483747597133473,1.1531075883842594
300.29789546200004,2.2579788054750876,3.70405948976321,-0.14202120330893747,1.1540594897632102
300.30816196700005,2.2607953024982956,3.705010727095604,-0.1392047062857294,1.155010727095604
300.3537193220001,2.263612023725732,3.705961300328551,-0.13638798505829325,1.1559613003285514
300.37788921599997,2.2664289690008075,3.7069112094092076,-0.13357103978321755,1.1569112094092078
300.4090071090001,2.2692461381669227,3.707860454284765,-0.13075387061710236,1.1578604542847653
300.431113397,2.2720635310674666,3.7088090349024547,-0.12793647771655842,1.158809034902455
300.54937227900007,2.274881147545812,3.709756951209542,-0.12511886123821286,1.159756951209542
300.59885337700007,2.277641911207736,3.710684252779742,-0.12235809757628907,1.1606842527797423
300.619889188,2.280400386639892,3.7116083704654295,-0.11959962214413317,1.1616083704654296
300.639781664,2.2831595887994127,3.7125303160439294,-0.11684041998461231,1.1625303160439295
300.68548929300005,2.2859195159759134,3.7134500889437443,-0.11408049280811167,1.1634500889437445
300.770291208,2.2886884809588595,3.714370480378401,-0.11131152782516557,1.164370480378401
300.84279790100004,2.2915043010460923,3.715305050579253,-0.10849570773793277,1.1653050505792533
300.84362674,2.2943203894299935,3.71623881202528,-0.10567961935403153,1.1662388120252802
300.89449421100005,2.2971367458782708,3.7171717646394575,-0.10286326290575426,1.1671717646394577
300.92348165500005,2.299953370158606,3.7181039083448284,-0.10004663862541913,1.1681039083448286
300.998244647,2.302770262038669,3.719035243064505,-0.09722974674535584,1.169035243064505
301.04402919100005,2.305588272529162,3.7199660614672783,-0.09441173625486293,1.1699660614672784
301.07560435900007,2.3084065875971573,3.7208961084516017,-0.0915934211868677,1.1708961084516019
301.1141868440001,2.311225162032092,3.721825369109483,-0.08877484675193298,1.171825369109483
301.15084634100003,2.3140439956145715,3.722753843368587,-0.0859560131694535,1.1727538433685871
301.223363253,2.316870149766502,3.7236842695952515,-0.08312985901752296,1.1736842695952516
301.27131899200003,2.319698533998133,3.7246159844864644,-0.08030147478589195,1.1746159844864645
301.28356994,2.322526739671358,3.725548241248409,-0.07747326911266722,1.1755482412484093
301.353618204,2.325354766682356,3.7264810398468606,-0.07464524210166884,1.1764810398468608
301.37362833300006,2.3281826149273175,3.727414380247582,-0.07181739385670755,1.177414380247582
301.4753539530001,2.3309878124299983,3.728341045831667,-0.06901219635402672,1.178341045831667
301.51980212800004,2.3337804926596712,3.729265086880261,-0.06621951612435378,1.1792650868802612
301.547081411,2.3365727047132836,3.730190541672429,-0.06342730407074143,1.1801905416724292
301.612413093,2.339364447875156,3.7311174099709654,-0.06063556090886917,1.1811174099709656
301.63304829599997,2.3421557214297257,3.7320456915383016,-0.0578442873542993,1.1820456915383017
301.743678077,2.3449465246615495,3.732975386136505,-0.05505348412247551,1.1829753861365053
301.788928724,2.347759140419558,3.733913558848762,-0.05224086836446689,1.1839135588487624
301.806671176,2.3505883325075305,3.7348569446905193,-0.0494116762764945,1.1848569446905195
301.88220628199997,2.353417669015298,3.7357998973101507,-0.04658233976872688,1.185799897310151
301.97607952400006,2.3562471498765274,3.736742416685548,-0.04375285890749763,1.186742416685548
302.01785144400003,2.3590729511205883,3.737683210720497,-0.040927057663436676,1.1876832107204973
302.02749555700007,2.361891857934692,3.738620982858493,-0.03810815084933288,1.188620982858493
302.07751371000006,2.364711001977924,3.7395580415935425,-0.03528900680610119,1.1895580415935427
302.12106652500006,2.36753038306973,3.7404943868656284,-0.03246962571429495,1.1904943868656286
302.20739280300006,2.370350001029558,3.741430018614788,-0.029650007754467075,1.1914300186147884
302.26385330200003,2.3731707334014187,3.742365230204803,-0.026829275382606318,1.1923652302048033
302.280795345,2.3759951908882146,3.7433009691441135,-0.02400481789581038,1.1933009691441137
302.326891722,2.3788198475892766,3.7442361065556145,-0.021180161194748467,1.1942361065556146
302.377739788,2.3816447033765,3.7451706423969005,-0.01835530540752522,1.1951706423969006
302.4689625660001,2.384469758121766,3.746104576625582,-0.015530250662259043,1.196104576625582
302.506192981,2.3872950116969474,3.747037909199303,-0.012704997087077669,1.1970379091993033
302.52917153,2.3901010856749427,3.747964008853942,-0.009898923109082297,1.1979640088539423
302.559411661,2.3929041154750426,3.7488877996355474,-0.007095893308982465,1.1988877996355476
302.61828571,2.3957075346640857,3.7498104080676202,-0.004292474119939322,1.1998104080676204
302.711576711,2.39851134274334,3.750731833986027,-0.0014886660406850335,1.2007318339860271
302.7512144340001,2.4013155392140164,3.7516520772268467,0.0013155304299913898,1.2016520772268469
302.7773930320001,2.404143231485893,3.752578917930636,0.004143222701868015,1.2025789179306363
302.81001733200003,2.40698846617285,3.7535112549769307,0.006988457388824759,1.203511254976931
302.85292125800004,2.4098337485592913,3.7544434464450154,0.009833739775266309,1.2044434464450156
302.958493741,2.4126790786377668,3.7553754923324396,0.012679069853741736,1.2053754923324398
303.008010217,2.4155244564008305,3.756307392636767,0.015524447616805442,1.2063073926367673
303.00975086799997,2.418366173569856,3.7572379713165747,0.018366164785831033,1.2072379713165748
303.03354000600007,2.4212009270034787,3.758166600831821,0.02120091821945364,1.208166600831821
303.103332874,2.424035543440907,3.759095648440231,0.024035534656881855,1.2090956484402313
303.186086057,2.4268700228204727,3.7600251141215963,0.02687001403644768,1.2100251141215965
303.226164969,2.4296869259428813,3.7609493988110545,0.029686917158856244,1.2109493988110547
303.243001114,2.432486035049593,3.7618691651241307,0.03248602626556791,1.211869165124131
303.27939294099997,2.435284716198074,3.762790232814955,0.03528470741404894,1.2127902328149553
303.32545477200006,2.438082968783281,3.763712601684403,0.03808295999925577,1.2137126016844033
303.42948017000003,2.440880792200264,3.7646362715330666,0.04088078341623897,1.2146362715330667
303.46709486500004,2.4436810363747483,3.7655621773260357,0.043681027590723294,1.2155621773260359
303.47587260700004,2.446523992571865,3.7665027097173835,0.046523983787840124,1.2165027097173837
303.51086785300004,2.4493669936374367,3.767443106473579,0.049366984853411684,1.2174431064735791
303.55845940100005,2.452210039564992,3.7683833675924707,0.05221003078096715,1.218383367592471
303.64834240000005,2.4550531303480625,3.7693234930719206,0.05505312156403747,1.2193234930719208
303.68759571,2.457850822077553,3.7702478450340497,0.057850813293527766,1.22024784503405
303.710068935,2.460646560539816,3.7711700455982364,0.060646551755790985,1.2211700455982366
303.733516289,2.463442746963675,3.7720908870139986,0.06344273817965002,1.2220908870139988
303.76908035300005,2.4662393806883816,3.773010369063739,0.06623937190435653,1.223010369063739
303.89583217000006,2.4690364610530797,3.773928491530177,0.0690364522690547,1.2239284915301774
303.963925003,2.4718345171088036,3.7748454341487805,0.07183450832477861,1.2248454341487807
303.965440479,2.474633107225563,3.775761062992027,0.07463309844153793,1.225761062992027
303.991001428,2.4774321368941465,3.7766753472665138,0.07743212811012151,1.226675347266514
304.02600333500004,2.4802316054685707,3.7775882867612323,0.08023159668454566,1.2275882867612324
304.148074112,2.4830315123027376,3.7784998812654833,0.08303150351871252,1.2284998812654835
304.19507035800007,2.4858650227989916,3.7794212932500395,0.08586501401496655,1.2294212932500397
304.215519877,2.488715966719432,3.780348361951473,0.08871595793540704,1.230348361951473
304.25939567500006,2.491566893677237,3.7812754828151864,0.0915668848932118,1.2312754828151866
304.298729298,2.494417803671452,3.7822026558408717,0.09441779488742691,1.2322026558408719
304.397759617,2.4972686967011195,3.7831298810282163,0.09726868791709448,1.2331298810282165
304.449794258,2.500107606447288,3.784053411065485,0.10010759766326277,1.234053411065485
304.4744019760001,2.502944278436982,3.7849766671950578,0.10294426965295717,1.234976667195058
304.497647119,2.5057808154709074,3.785900337868555,0.10578080668688233,1.2359003378685554
304.55431345,2.508617217488482,3.7868244230662573,0.10861720870445696,1.2368244230662575
304.65094095100005,2.511453484429129,3.7877489227684262,0.11145347564510416,1.2377489227684264
304.689015023,2.514297433892573,3.7886760372682917,0.11429742510854796,1.238676037268292
304.732885451,2.5171414536361865,3.789602936154073,0.11714144485216144,1.239602936154073
304.75979107700005,2.5199855436436143,3.790529619420444,0.11998553485958924,1.2405296194204443
304.81615626100006,2.522829703898512,3.7914560870620715,0.1228296951144871,1.2414560870620717
304.9153027,2.52567393438453,3.7923823390736358,0.125673925600505,1.242382339073636
304.95602075600004,2.528518235085323,3.79330837544981,0.12851822630129778,1.2433083754498102
304.973156474,2.531341534942735,3.7942274701913403,0.1313415261587098,1.2442274701913405
305.00327655600006,2.534125343864163,3.7951351753873848,0.13412533508013785,1.245135175387385
305.035855975,2.53690858628934,3.7960446161147803,0.1369085775053151,1.2460446161147805
305.140348204,2.53969126113627,3.7969557920199817,0.13969125235224483,1.2469557920199819
305.191517869,2.542501501599919,3.7978776783689407,0.14250149281589403,1.247877678368941
305.212990516,2.545347524298399,3.798811433677404,0.14534751551437392,1.248811433677404
305.235156149,2.5481935851347233,3.799745072736307,0.14819357635069824,1.249745072736307
305.2818254,2.551039684104138,3.800678595544078,0.15103967532011303,1.2506785955440782
305.4025406740001,2.553885008554543,3.8016117350235072,0.153884999770518,1.2516117350235074
305.44000009800004,2.556715002935226,3.802539463867897,0.15671499415120088,1.252539463867897
305.47374412600004,2.5595451727145657,3.8034666574957314,0.1595451639305407,1.2534666574957316
305.502574233,2.5623755177913483,3.8043933158738494,0.16237550900732328,1.2543933158738496
305.52658394499997,2.565206038064341,3.805319438969112,0.16520602928031586,1.2553194389691122
305.64217917100007,2.5680367334323098,3.806245026748391,0.16803672464828473,1.2562450267483913
305.69387434400005,2.5708114652437204,3.8071525616058235,0.17081145645969537,1.2571525616058237
305.713222945,2.573561461454599,3.8080546527233388,0.17356145267057416,1.258054652723339
305.74327873100003,2.576310629155042,3.808959265623408,0.17631062037101713,1.258959265623408
305.787954023,2.579058966032548,3.809866399545105,0.179058957248523,1.2598663995451052
305.901288111,2.581806469775301,3.8107760537253794,0.18180646099127612,1.2607760537253796
305.960788774,2.584617799560088,3.8117080574720683,0.18461779077606305,1.2617080574720685
305.96177272700004,2.5874382873284083,3.8126423213317944,0.18743827854438327,1.2626423213317945
305.98725323100007,2.5902590082408627,3.813575881048623,0.19025899945683772,1.2635758810486233
306.04268615,2.593079962121659,3.814508736564371,0.1930799533376341,1.264508736564371
306.1708711360001,2.5959000859903236,3.8154406674615777,0.1959000772062986,1.265440667461578
306.21035677400005,2.598718507410856,3.816372595158187,0.19871849862683083,1.2663725951581872
306.245331255,2.6015366743051307,3.8173052922641655,0.20153666552110566,1.2673052922641657
306.270149757,2.604354586463097,3.818238758709993,0.204354577679072,1.2682387587099933
306.31864319400006,2.6071722436747256,3.819172994426096,0.20717223489070052,1.2691729944260963
306.427836813,2.609989645730014,3.8201079993428473,0.209989636945989,1.2701079993428475
306.46270443900005,2.612806792418977,3.8210437733905573,0.21280678363495203,1.2710437733905575
306.493861447,2.61564577269297,3.821987251735581,0.2156457639089448,1.271987251735581
306.51957039900003,2.6184875562174,3.822931517906472,0.21848754743337512,1.2729315179064722
306.54783169300003,2.6213293842814305,3.823875650024174,0.22132937549740545,1.2738756500241744
306.666575349,2.6241623944849235,3.8248166792488374,0.22416238570089847,1.2748166792488376
306.7078225270001,2.6269602248731116,3.825745020447523,0.22696021608908662,1.2757450204475234
306.720803186,2.629758474755423,3.8266720964198115,0.22975846597139776,1.2766720964198117
306.76101415100004,2.6325571435596986,3.8275979069761443,0.23255713477567358,1.2775979069761445
306.882318909,2.6353562307136977,3.828522451927221,0.2353562219296727,1.2785224519272211
306.926737485,2.638162944566858,3.829448202409729,0.23816293578283293,1.2794482024097293
306.95148390500003,2.640987516329885,3.830380023323353,0.24098750754586,1.280380023323353
306.980806747,2.643811880523372,3.8313124731944486,0.24381187173934687,1.2813124731944487
307.022928426,2.6466360370072657,3.83224555197678,0.24663602822324066,1.2822455519767804
307.152987663,2.6494599856415224,3.833179259624076,0.24945997685749738,1.283179259624076
307.21666226499997,2.6522837262861163,3.8341135960900403,0.2522837175020913,1.2841135960900405
307.21739507300003,2.655107258801024,3.83504856132834,0.2551072500169988,1.28504856132834
307.230241189,2.657952071354363,3.835990980545996,0.25795206257033815,1.2859909805459964
307.256444452,2.660798192438182,3.836933882112391,0.260798183654157,1.286933882112391
307.40065138400007,2.6636442991740177,3.8378768269866548,0.26364429038999265,1.287876826986655
307.439644498,2.6664655908892105,3.8388118799944233,0.2664655821051855,1.2888118799944235
307.44011546700006,2.6692804312405944,3.8397457067201164,0.2692804224565694,1.2897457067201166
307.47915168,2.672094993847652,3.840680370236226,0.2720949850636271,1.2906803702362262
307.509005848,2.6749092784616266,3.8416158704601453,0.2749092696776016,1.2916158704601455
307.61772745400003,2.677723284833779,3.8425522073091893,0.27772327604975405,1.2925522073091895
307.674719557,2.6805310844430155,3.843487326768569,0.28053107565899044,1.2934873267685694
307.692625658,2.6833212935525093,3.844415700447927,0.2833212847684842,1.294415700447927
307.721200359,2.6861119801966313,3.845342637672104,0.2861119714126063,1.2953426376721042
307.772372205,2.688903143635863,3.846268138195463,0.288903134851838,1.296268138195463
307.888415526,2.6916947831305658,3.847192201772751,0.29169477434654073,1.2971922017727513
307.935892655,2.6945029687883437,3.8481203530433667,0.2945029600043187,1.298120353043367
307.960172263,2.6973329212072947,3.8490559034840306,0.2973329124232697,1.2990559034840308
307.994955794,2.7001627161651687,3.8499919300952583,0.30016270738114365,1.2999919300952585
308.027445384,2.7029923535818496,3.8509284328505498,0.3029923447978246,1.30092843285055
308.15282585,2.7058179211785434,3.851864127038923,0.30581791239451833,1.301864127038923
308.19792806,2.708627583224659,3.85279545741181,0.3086275744406341,1.3027954574118104
308.2185172310001,2.711436922209593,3.8537277618388104,0.31143691342556806,1.3037277618388106
308.245857546,2.7142459377956554,3.854661040207854,0.31424592901163034,1.3046610402078542
308.26837544700004,2.7170546296452,3.855595292406766,0.31705462086117503,1.3055952924067662
308.387875396,2.7198629974206163,3.856530518323243,0.3198629886365913,1.306530518323243
308.43021137100004,2.7226756092609636,3.85746809361149,0.3226756004769386,1.3074680936114902
308.44062122700007,2.725495136517721,3.858407544292912,0.3254951277336961,1.3084075442929124
308.48762568200004,2.7283148923251597,3.859346308757966,0.32831488354113464,1.309346308757966
308.511053037,2.731134876516266,3.860284386951048,0.33113486773224116,1.3102843869510483
308.53507959500007,2.7339550889240147,3.861221778816598,0.3339550801399897,1.311221778816598
308.579553941,2.736775529381371,3.862158484299095,0.3367755205973459,1.3121584842990952
308.69729980500006,2.7395961977212804,3.863094503343058,0.33959618893725535,1.3130945033430583
308.73635808100005,2.7424271705372134,3.8640332783111617,0.3424271617531884,1.314033278311162
308.76573673400003,2.7452625852293777,3.864973156813322,0.3452625764453527,1.314973156813322
308.787999945,2.748098104734618,3.8659127190575506,0.348098095950593,1.3159127190575508
308.824859337,2.7509337290176545,3.8668519650321564,0.3509337202336295,1.3168519650321566
308.938757904,2.7537694580432164,3.8677908947254562,0.35376944925919135,1.3177908947254564
308.9758441800001,2.756611166181531,3.868731497917099,0.3566111573975061,1.3187314979170992
309.00382793100005,2.7594587720466017,3.869674020439504,0.3594587632625767,1.3196740204395043
309.05852320200006,2.7623063741100884,3.8706165544474134,0.36230636532606336,1.3206165544474135
309.09738439,2.7651539723719405,3.8715590999408107,0.36515396358791546,1.3215590999408109
309.18149841900004,2.7680015668321123,3.8725016569196815,0.36800155804808726,1.3225016569196817
309.22320255700004,2.7708426749671977,3.8734420887519883,0.3708426661831727,1.3234420887519884
309.231144644,2.7736251367313898,3.874364207551265,0.37362512794736474,1.3243642075512652
309.29755744500005,2.77640704880507,3.8752879833701033,0.376407040021045,1.3252879833701035
309.326960997,2.7791884102014475,3.876213415880828,0.37918840141742244,1.326213415880828
309.40206621100003,2.781974224467623,3.8771421465188136,0.3819742156835981,1.3271421465188138
309.43615504700006,2.7847979723428273,3.878083791205413,0.3847979635588023,1.328083791205413
309.4675781220001,2.7876219109895524,3.8790248636246116,0.38762190220552734,1.3290248636246118
309.513880168,2.790446040291803,3.879965363737753,0.39044603150777796,1.3299653637377533
309.560029503,2.793270360133593,3.8809052915062088,0.39327035134956784,1.330905291506209
309.62495686600005,2.7961018974755865,3.8818470699184027,0.39610188869156143,1.3318470699184028
309.66839123400007,2.79893479971713,3.882788900541055,0.39893479093310485,1.3327889005410554
309.68768419,2.8017678214275272,3.8837303717409872,0.4017678126435022,1.3337303717409874
309.749240837,2.80460096256118,3.8846714835030483,0.4046009537771548,1.3346714835030484
309.77574731000004,2.8074342230724856,3.885612235812088,0.40743421428846055,1.3356122358120883
309.84958406300007,2.8102676029158355,3.8865526286529675,0.4102675941318105,1.3365526286529676
309.891222105,2.8130822750086146,3.887487078203635,0.4130822662245896,1.337487078203635
309.91126726000005,2.815896669467632,3.8884223636048,0.4158966606836069,1.3384223636048
309.956108288,2.818710786044674,3.8893584847739775,0.41871077726064904,1.3393584847739777
310.041713782,2.821524624491554,3.8902954416286075,0.42152461570752914,1.3402954416286077
310.06470771500005,2.8242997558489304,3.891219772879882,0.4242997470649054,1.341219772879882
310.106075661,2.8270498598542093,3.892133350113697,0.4270498510701843,1.3421333501136972
310.12868352400005,2.8298007713517976,3.8930444929863826,0.4298007625677726,1.3430444929863827
310.17374866500006,2.832552488186825,3.8939532007842104,0.4325524794027999,1.3439532007842105
310.27450307900006,2.8353050082037923,3.8948594727953605,0.43530499941976725,1.3448594727953607
310.314937579,2.8380866318169753,3.8957728090524926,0.43808662303295026,1.3457728090524927
310.33288439500006,2.8409157135377696,3.896700792592608,0.4409157047537446,1.3467007925926082
310.37221600600003,2.843744977038089,3.8976282217701814,0.4437449682540641,1.3476282217701816
310.42096244900006,2.8465744222093075,3.898555096549606,0.4465744134252824,1.3485550965496063
310.51387498400004,2.8494040489427856,3.899481416895294,0.4494040401587606,1.3494814168952942
310.59346818200004,2.852207398516563,3.900398914163682,0.45220738973253777,1.3503989141636823
310.59493594800006,2.854988694062754,3.9013108853655885,0.454988685278729,1.3513108853655886
310.61709369000005,2.857769412034847,3.902224616150921,0.4577694032508219,1.352224616150921
310.67830364300005,2.860549551319639,3.903140106153888,0.46054954253561403,1.3531401061538881
310.764939306,2.863329110804165,3.904057355007993,0.46332910202014016,1.3540573550079933
310.808595504,2.86610808937569,3.904976362346037,0.46610808059166503,1.3549763623460374
310.82192986000007,2.8689313189409384,3.9059112651568197,0.4689313101569134,1.35591126515682
310.86065491400007,2.8717698799333666,3.906851019165062,0.4717698711493416,1.3568510191650622
310.91589188700004,2.874608521725834,3.907790529078691,0.4746085129418089,1.3577905290786911
311.01953202800007,2.8774472442973487,3.908729794890765,0.47744723551332363,1.358729794890765
311.067099569,2.8802863595362274,3.9096689220159115,0.48028635075220233,1.3596689220159117
311.073316009,2.883128288587851,3.9106089778941455,0.48312827980382606,1.3606089778941457
311.13078839800005,2.8859701636216686,3.911549197060521,0.48597015483764355,1.3615491970605214
311.17407696600003,2.888811984628298,3.912489579511939,0.488811975844273,1.3624895795119394
311.27244252700007,2.891653751598359,3.9134301252452928,0.4916537428143339,1.363430125245293
311.322560609,2.8944933576263394,3.914370131928486,0.4944933488423144,1.364370131928486
311.3446898440001,2.897314105589166,3.9153035033835004,0.497314096805141,1.3653035033835006
311.37186177500007,2.9001350867438425,3.91623616981249,0.5001350779598175,1.36623616981249
311.43550852300007,2.9029563009141577,3.9171681311571955,0.5029562921301327,1.3671681311571957
311.526891911,2.9057777479238793,3.9180993873594026,0.5057777391398544,1.3680993873594027
311.58008778300007,2.9086017389242063,3.919030711988588,0.5086017301401813,1.369030711988588
311.591069017,2.9114302172794937,3.919962882211135,0.5114302084954687,1.3699628822111354
311.627697775,2.9142588723043055,3.9208945161954505,0.5142588635202805,1.3708945161954507
311.66703164,2.9170877038969856,3.9218256139080467,0.5170876951129606,1.371825613908047
311.788963565,2.919916711955855,3.922756175315463,0.5199167031718299,1.3727561753154633
311.831364935,2.9227334041427375,3.923682005812357,0.5227333953587125,1.3736820058123573
311.841609963,2.9255379369004446,3.924602628494415,0.5255379281164196,1.374602628494415
311.8888578340001,2.9283428542217385,3.9255220788369924,0.5283428454377135,1.3755220788369926
311.92879743599997,2.931148155616567,3.926440356679451,0.5311481468325421,1.376440356679451
312.04083575800007,2.933953840594802,3.927357461861354,0.533953831810777,1.377357461861354
312.085651892,2.936769407238139,3.928276575106365,0.5367693984541142,1.3782765751063653
312.103717019,2.9395915841307003,3.929196957338253,0.5395915753466753,1.379196957338253
312.131479627,2.942414012459424,3.9301165682314574,0.542414003675399,1.3801165682314576
312.191708337,2.9452366920134914,3.931035407717291,0.5452366832294664,1.3810354077172913
312.304164464,2.9480551716971486,3.9319520751348644,0.5480551629131236,1.3819520751348646
312.349891156,2.950855688224939,3.9328636305719926,0.5508556794409141,1.3828636305719928
312.383599002,2.953655771002838,3.9337765175170345,0.553655762218813,1.3837765175170347
312.410706979,2.9564554193977557,3.9346907357635894,0.5564554106137307,1.3846907357635896
312.475506654,2.959254632776728,3.9356062851049627,0.559254623992703,1.3856062851049629
312.58623938200003,2.9620534105068828,3.9365231653341612,0.5620534017228578,1.3865231653341614
312.631731855,2.964840940820096,3.9374379108216626,0.5648409320360712,1.3874379108216628
312.664295518,2.9676190644139733,3.9383515293569893,0.5676190556299483,1.3883515293569895
312.68796319800003,2.97039658956085,3.9392669656406447,0.570396580776825,1.389266965640645
312.74837285500007,2.9731735150713563,3.9401842192806273,0.5731735062873313,1.3901842192806275
312.86260804000005,2.975960595220447,3.941106719706047,0.5759605864364219,1.3911067197060474
312.903582489,2.978776360378523,3.9420385176593804,0.5787763515944979,1.3920385176593806
312.92496421600003,2.981592400494331,3.9429694843169405,0.5815923917103061,1.3929694843169407
312.959374379,2.984408715322446,3.943899619597586,0.5844087065384209,1.3938996195975863
312.9930929000001,2.987225304617414,3.9448289234202516,0.587225295833389,1.3948289234202518
313.098157692,2.9900421681337686,3.9457573957039473,0.5900421593497436,1.3957573957039475
313.156664546,2.992882885616978,3.946693111855928,0.5928828768329528,1.396693111855928
313.1645156530001,2.995726712187307,3.947629686683806,0.5957267034032818,1.397629686683806
313.18443031900006,2.9985705867970336,3.948566115631703,0.5985705780130086,1.398566115631703
313.24269034400004,3.001414509438688,3.9495023986971467,0.6014145006546632,1.3995023986971469
313.357735436,3.0042568182334692,3.950437992870983,0.6042568094494443,1.4004379928709834
313.40198804199997,3.007084087959738,3.951368949722515,0.607084079175713,1.401368949722515
313.42283440000006,3.009911168812514,3.952300479977737,0.609911160028489,1.402300479977737
313.46155187600004,3.0127380606754977,3.953232583598332,0.6127380518914727,1.4032325835983324
313.490917321,3.015564763432403,3.9541652605459556,0.615564754648378,1.4041652605459558
313.59105701300007,3.0183912769669545,3.9550985107822414,0.6183912681829296,1.4050985107822416
313.645476758,3.021181173908966,3.956020628351683,0.6211811651249408,1.4060206283516834
313.664879863,3.0239508837859788,3.9569381723182917,0.6239508750019538,1.4069381723182919
313.691277947,3.0267199387873993,3.957857690742575,0.6267199300033743,1.407857690742575
313.743851522,3.0294883375056876,3.9587791831571315,0.6294883287216626,1.4087791831571317
313.85168403700004,3.032255084815744,3.959702311024128,0.6322550760317189,1.409702311024128
313.91150647200004,3.035003069380821,3.960618661861309,0.6350030605967962,1.4106186618613092
313.932937282,3.0377518728842547,3.9615325531711565,0.6377518641002298,1.4115325531711567
313.95826348900005,3.0405014931246943,3.962443984221789,0.6405014843406693,1.412443984221789
313.983144121,3.0432519279001435,3.963352954283293,0.6432519191161186,1.413352954283293
314.121752098,3.046009308454398,3.964261500532249,0.6460092996703732,1.4142615005322492
314.161899167,3.0487957650598876,3.9651775287278563,0.6487957562758626,1.4151775287278565
314.185412146,3.0515827518066416,3.9660919427166075,0.6515827430226167,1.4160919427166077
314.21997427200006,3.0543702677595483,3.967004742191691,0.6543702589755234,1.4170047421916911
314.24613557500004,3.0571583119833092,3.9679159268468336,0.6571583031992843,1.4179159268468338
314.36866940900006,3.0599540174123545,3.9688278694025403,0.6599540086283295,1.4188278694025405
314.420728169,3.062785581601895,3.9697513293465376,0.66278557281787,1.4197513293465378
314.4302940470001,3.0656169724231472,3.970675320712926,0.6656169636391223,1.4206753207129261
314.47356979799997,3.0684481897763485,3.9715998434691575,0.6684481809923235,1.4215998434691577
314.504102975,3.071279233561765,3.972524897582662,0.6712792247777402,1.422524897582662
314.622678681,3.0741101036796703,3.973450483020852,0.6741100948956453,1.423450483020852
314.6685356830001,3.076942738019324,3.9743772311435723,0.6769427292352992,1.4243772311435725
314.680852156,3.0797930955746384,3.9753100319308006,0.6797930867906135,1.4253100319308007
314.707686372,3.082643445927737,3.976242854725549,0.682643437143712,1.4262428547255492
314.731855152,3.0854937890784475,3.97717569952776,0.6854937802944225,1.4271756995277602
314.863910528,3.088343846235161,3.978108476494358,0.6883438374511361,1.4281084764943581
314.909962717,3.0911933738689843,3.979041122563373,0.6911933650849593,1.429041122563373
314.92046344100004,3.0940428875371238,3.9799738113008796,0.6940428787530988,1.4299738113008797
314.9603032680001,3.0968923872389365,3.9809065427066668,0.6968923784549115,1.430906542706667
315.09255224900005,3.0997418729737864,3.981839316780526,0.6997418641897615,1.4318393167805263
315.135753002,3.102582592232018,3.9827693744983064,0.7025825834479931,1.4327693744983065
315.17079310300005,3.1054216725401984,3.983699233572082,0.7054216637561734,1.4336992335720824
315.205059998,3.1082606519062788,3.9846294007894913,0.7082606431222538,1.4346294007894915
315.248534327,3.1110995302968143,3.9855598761395776,0.7110995215127893,1.4355598761395778
315.377354193,3.1139383076783633,3.9864906596113783,0.7139382988943384,1.4364906596113785
315.4206191850001,3.1167769840174824,3.9874217511939323,0.7167769752334574,1.4374217511939325
315.44364165,3.119614552717384,3.9883524635252514,0.7196145439333592,1.4383524635252516
315.473220461,3.122452231858111,3.989282839075573,0.722452223074086,1.439282839075573
315.495340565,3.125290021399686,3.990212877831789,0.7252900126156612,1.4402128778317893
315.629042538,3.1281279213021387,3.991142579780801,0.7281279125181137,1.4411425797808013
315.66924462300005,3.13096710897402,3.992072370208445,0.7309671001899951,1.4420723702084453
315.695662834,3.1338084640966355,3.99300300920808,0.7338084553126105,1.4430030092080801
315.725531211,3.136649737592464,3.9939338973873926,0.7366497288084388,1.4439338973873928
315.75547294500007,3.1394909294396474,3.9948650347392207,0.7394909206556224,1.444865034739221
315.887412134,3.1423320396163357,3.9957964212564008,0.7423320308323107,1.445796421256401
315.9323132210001,3.1451723075001023,3.996727811301554,0.7451722987160774,1.446727811301554
315.944100336,3.1480110687267304,3.997659032122343,0.7480110599427054,1.4476590321223433
316.00494487900005,3.1508497298398397,3.9985905580767915,0.7508497210558147,1.4485905580767917
316.03122144300005,3.1536882908066275,3.9995223891541407,0.7536882820226025,1.4495223891541409
316.14473093900006,3.156526751594297,4.000454525343622,0.756526742810272,1.4504545253436225
316.198184309,3.1593093368949234,4.001369305181902,0.7593093281108985,1.4513693051819025
316.21914242,3.1620814777115753,4.002282796514769,0.7620814689275504,1.452282796514769
316.24301578200004,3.1648529747674163,4.003198239135604,0.7648529659833914,1.4531982391356042
316.295319587,3.167623826688948,4.004115632590735,0.7676238179049228,1.4541156325907352
316.406545349,3.170394032102995,4.005034976425523,0.7703940233189699,1.455034976425523
316.46672868300004,3.173166438700725,4.005957209816476,0.7731664299166998,1.455957209816476
316.511737444,3.1759995203461493,4.00690074274168,0.7759995115621243,1.4569007427416798
316.53098343700003,3.1788328555304313,4.0078447296577036,0.7788328467464063,1.4578447296577037
316.581379512,3.1816660798615315,4.008789049229554,0.7816660710775065,1.458789049229554
316.69790257700004,3.1844991933003923,4.009733701444212,0.7844991845163674,1.459733701444212
316.74371782900005,3.187286436289301,4.010662608591069,0.787286427505276,1.4606626085910692
316.77339128200003,3.1900661194455324,4.011587130332641,0.7900661106615074,1.4615871303326413
316.794823821,3.1928463677725225,4.012509951084434,0.7928463589884975,1.4625099510844342
316.839492264,3.1956271802293776,4.013431070500953,0.7956271714453527,1.4634310705009534
316.86737677200006,3.198408555774985,4.014350488237342,0.7984085469909599,1.4643504882373426
316.91609949300005,3.201190493368024,4.015268203949377,0.8011904845839992,1.4652682039493774
316.999956432,3.2039729919669657,4.016184217293476,0.8039729831829407,1.4661842172934758
317.041064956,3.2068068189904015,4.017115938414118,0.8068068102063766,1.4671159384141186
317.060925572,3.209646379364929,4.018049243068448,0.809646370580904,1.4680492430684478
317.085763531,3.21248602864789,4.018982277177239,0.812486019863865,1.468982277177239
317.11973760500007,3.215325766813506,4.019915040732021,0.815325758029481,1.4699150407320216
317.240739467,3.2181655938359994,4.020847533724332,0.8181655850519745,1.4708475337243323
317.26124926700004,3.2209846127387873,4.021773180583079,0.8209846039547624,1.471773180583079
317.294108338,3.2237894145400623,4.022695313425112,0.8237894057560373,1.4726953134251124
317.355858827,3.2265938364733584,4.0236186008900265,0.8265938276893334,1.4736186008900267
317.389806777,3.2293978780633616,4.024543042821339,0.8293978692793367,1.474543042821339
317.4649559850001,3.2322226330764723,4.025475416123212,0.8322226242924473,1.4754754161232118
317.514114426,3.2350627771056617,4.026413198606648,0.8350627683216367,1.4764131986066484
317.541026624,3.237902847670821,4.027351203552103,0.8379028388867962,1.4773512035521028
317.61668845300005,3.240742844754525,4.028289430953815,0.8407428359705,1.478289430953815
317.656626428,3.2435827683393486,4.0292278808060376,0.8435827595553236,1.4792278808060377
317.7208226,3.2464226184078675,4.0301665531030055,0.8464226096238425,1.4801665531030057
317.767579685,3.2492506149230986,4.031101611255485,0.8492506061390737,1.4811016112554851
317.790881077,3.2520564690184024,4.032030346006391,0.8520564602343774,1.4820303460063915
317.85589418899997,3.254861965248281,4.032960161227722,0.8548619564642559,1.4829601612277221
317.894501428,3.2576671031966655,4.033891056781586,0.8576670944126406,1.4838910567815864
317.977124546,3.2604994925108093,4.034831832189923,0.8604994837267843,1.484831832189923
317.99863223,3.2633423355226285,4.035775999100774,0.8633423267386036,1.485775999100774
318.030804074,3.266185215099007,4.036720055910289,0.8661852063149822,1.4867200559102889
318.07971301500004,3.2690281312356806,4.037664002617051,0.8690281224516556,1.4876640026170511
318.12150700899997,3.2718710839283895,4.0386078392196545,0.8718710751443646,1.4886078392196547
318.209292925,3.2746933293315688,4.03954454748238,0.8746933205475438,1.4895445474823799
318.239176466,3.277490540870067,4.04047171382794,0.8774905320860422,1.4904717138279402
318.26795373000004,3.2802881790524756,4.0413975920184875,0.8802881702684506,1.4913975920184877
318.333917639,3.2830862432855863,4.042322181857702,0.8830862345015613,1.492322181857702
318.42039083300006,3.2858847329761014,4.0432454831495335,0.8858847241920764,1.4932454831495336
318.44105927500004,3.2886836475306196,4.0441674956982006,0.8886836387465946,1.4941674956982007
318.47974832,3.291489960798316,4.045091144020447,0.8914899520142909,1.4950911440204475
318.516150006,3.294299037999315,4.046016729099185,0.8942990292152899,1.4960167290991855
318.55872684200006,3.2971077751941915,4.046943345432558,0.8971077664101665,1.496943345432558
318.662233732,3.2999161720043566,4.047870992895665,0.8999161632203316,1.497870992895665
318.684112046,3.302724228051267,4.048799671363473,0.9027242192672422,1.4987996713634733
318.7106741470001,3.3055320147213725,4.049729358890639,0.9055320059373475,1.4997293588906393
318.733882463,3.308340155205713,4.050658757365269,0.908340146421688,1.5006587573652688
318.788969651,3.3111486342530583,4.051587132259963,0.9111486254690333,1.5015871322599628
318.884014312,3.3139574514903014,4.052514483451386,0.9139574427062764,1.5025144834513862
318.91744075300005,3.316769400829469,4.053442053394757,0.916769392045444,1.5034420533947568
318.95579438900006,3.319583484538347,4.05437109997866,0.919583475754322,1.50437109997866
318.98566764200007,3.3223972740310557,4.055301037270286,0.9223972652470307,1.5053010372702857
319.04906960799997,3.3252107690256723,4.056231865176456,0.9252107602416473,1.5062318651764564
319.14788805800004,3.328023969240299,4.057163583603911,0.9280239604562741,1.5071635836039112
319.17759053500004,3.330863632343081,4.058104533674832,0.9308636235590559,1.5081045336748318
319.214246321,3.3337052489674477,4.0590459550014355,0.9337052401834227,1.5090459550014357
319.241962436,3.336546918597665,4.059987216318353,0.9365469098136399,1.5099872163183532
319.28482780800005,3.339388641224732,4.060928317622595,0.939388632440707,1.5109283176225956
319.397543897,3.3422304168396355,4.061869258911187,0.9422304080556105,1.5118692589111875
319.43210771500003,3.3450047473621383,4.062788683024394,0.9450047385781133,1.512788683024394
319.455232701,3.347770937126288,4.063707665688308,0.9477709283422628,1.5137076656883082
319.4916959220001,3.350536447937901,4.064628689520086,0.950536439153876,1.5146286895200864
319.544781316,3.3533012782908056,4.065551754018116,0.9533012695067806,1.5155517540181158
319.642622371,3.3560654266791947,4.066476858679668,0.9560654178951697,1.5164768586796677
319.691368347,3.358873342610174,4.067418318518447,0.958873333826149,1.5174183185184473
319.72021447200007,3.36168851965298,4.068363048042666,0.9616885108689552,1.5183630480426658
319.761788796,3.3645034466055197,4.069308522478143,0.9645034378214947,1.519308522478143
319.81436591,3.3673181232706826,4.070254741758673,0.9673181144866576,1.5202547417586736
319.90664230100003,3.370134763464225,4.071202446351752,0.9701347546801999,1.5212024463517526
319.930071352,3.3729744054149333,4.072158166167615,0.9729743966309083,1.522158166167615
320.0140158720001,3.375814079181446,4.07311379144694,0.975814070397421,1.5231137914469404
320.01433061700004,3.3786537847606097,4.074069322188656,0.9786537759765848,1.524069322188656
320.05622339900003,3.3814935221492752,4.075024758391718,0.9814935133652503,1.5250247583917185
320.15954229600004,3.3843203695572663,4.075975716628982,0.9843203607732414,1.5259757166289818
320.20465098,3.387095892082423,4.076908063284464,0.987095883298398,1.5269080632844645
320.212929133,3.3898719963860855,4.077838676237755,0.9898719876020605,1.5278386762377556
320.234141336,3.3926486813853143,4.078767555125825,0.9926486726012893,1.5287675551258255
320.28826385700006,3.3954259459969425,4.079694699586322,0.9954259372129175,1.5296946995863223
320.37543309700004,3.3982037891375794,4.080620109257577,0.9982037803535544,1.530620109257577
320.41321065700004,3.4009831581758423,4.081544100703978,1.0009831493918173,1.5315441007039778
320.439067712,3.4038154778209964,4.082484588656994,1.0038154690369714,1.5324845886569944
320.47005579200004,3.4066487394070735,4.083424987354588,1.0066487306230485,1.5334249873545884
320.505813127,3.4094821211796953,4.084365023873104,1.0094821123956703,1.5343650238731046
320.626700012,3.4123157348290456,4.085304750996063,1.0123157260450206,1.5353047509960636
320.6701562310001,3.415149774378075,4.086244752758172,1.01514976559405,1.5362447527581722
320.686007669,3.417983698743876,4.087185101718465,1.0179836899598511,1.5371851017184648
320.72480442799997,3.42081750788392,4.088125797862829,1.0208174990998948,1.538125797862829
320.76383649900004,3.4236512017556704,4.089066841177143,1.0236511929716454,1.539066841177143
320.868145948,3.4264847803165983,4.090008231647282,1.0264847715325733,1.540008231647282
320.91173815700006,3.4293182435241705,4.090949969259118,1.0293182347401455,1.5409499692591178
320.93031544200005,3.432133595321615,4.091886300431884,1.03213358653759,1.5418863004318846
320.955433019,3.4349466710507834,4.092822823296816,1.0349466622667585,1.5428228232968157
321.004994279,3.43775946153786,4.093760202521231,1.0377594527538352,1.5437602025212316
321.109720539,3.4405714783767265,4.094698119898904,1.0405714695927015,1.5446981198989045
321.14752741200004,3.4433828850716766,4.095635193821446,1.0433828762876516,1.5456351938214459
321.16913542300006,3.4461945883507825,4.096571377463145,1.0461945795667575,1.5465713774631453
321.201993078,3.44900658793212,4.097506670730132,1.0490065791480951,1.5475066707301322
321.23211839300006,3.451818883533738,4.098441073528632,1.051818874749713,1.5484410735286325
321.3372787750001,3.4546314748736524,4.09937458576495,1.0546314660896274,1.5493745857649506
321.387883322,3.457461476438883,4.100313068342685,1.057461467654858,1.5503130683426853
321.40957935200004,3.4602975855791556,4.101253225149348,1.0602975767951306,1.551253225149348
321.433590634,3.4631337934810404,4.102193083975952,1.0631337846970155,1.5521930839759523
321.480221263,3.465970100113227,4.103132644812132,1.065970091329202,1.5531326448121323
321.597652475,3.4688065054444044,4.104071907647504,1.0688064966603794,1.5540719076475042
321.63472110600003,3.47160505234568,4.104997822508498,1.071605043561655,1.554997822508498
321.6538490390001,3.4743998181078113,4.105920967491023,1.0743998093237863,1.5559209674910228
321.678158089,3.477195037304894,4.106842738592872,1.077195028520869,1.5568427385928718
321.71158755199997,3.4799907092615383,4.107763135591327,1.0799907004775133,1.557763135591327
321.81722316800006,3.4827868333022525,4.108682158264003,1.0827868245182275,1.558682158264003
321.860932831,3.485583408751427,4.10959980638884,1.085583399967402,1.5595998063888405
321.88090347800005,3.488383089724918,4.11051828398029,1.088383080940893,1.56051828398029
321.90285775100006,3.491182507390782,4.1114381050471875,1.091182498606757,1.5614381050471877
321.94664870400004,3.493981499549511,4.112359220109717,1.093981490765486,1.562359220109717
322.06018233400005,3.4967637283339337,4.113275851794329,1.0967637195499087,1.5632758517943293
322.09812888700003,3.4995263966368806,4.114184184184052,1.0995263878528556,1.564184184184052
322.127719468,3.5022897870356156,4.115090317389774,1.1022897782515906,1.5650903173897746
322.159462791,3.505053897779508,4.115994250837449,1.1050538889954828,1.5659942508374494
322.1831270690001,3.5078187271174746,4.1168959839544295,1.1078187183334496,1.5668959839544296
322.29430080400004,3.5105842732979684,4.117795516169462,1.1105842645139434,1.5677955161694621
322.340780206,3.5133798470205657,4.118703253711091,1.1133798382365407,1.5687032537110914
322.348512025,3.5161900733536124,4.119616794930768,1.1161900645695875,1.5696167949307682
322.379127993,3.518999943064071,4.12053143246184,1.1189999342800458,1.5705314324618405
322.41964494900003,3.5218094557242536,4.121447166165089,1.1218094469402287,1.5714471661650888
322.53648282200004,3.5246186109065314,4.122363995901135,1.1246186021225064,1.572363995901135
322.600438338,3.5274310161201985,4.12328309095641,1.1274310073361735,1.5732830909564104
322.601265956,3.5302575845789597,4.12420768497057,1.1302575757949347,1.5742076849705704
322.62491790700005,3.533083944202653,4.125132917168785,1.133083935418628,1.5751329171687853
322.66311344100006,3.5359100948471927,4.126058787503889,1.1359100860631677,1.5760587875038894
322.7854816700001,3.5387360363685,4.12698529592868,1.138736027584475,1.5769852959286803
322.86886612800004,3.5415575348441055,4.127910993875532,1.1415575260600805,1.5779109938755322
322.87056553,3.54436647277874,4.128831916834682,1.1443664639947149,1.578831916834682
322.88850154700003,3.547175761289261,4.129751769802264,1.1471757525052362,1.5797517698022645
322.916937371,3.5499853999680835,4.1306705526448235,1.1499853911840585,1.5806705526448237
323.038268968,3.552777997548586,4.1315824277048225,1.1527779887645608,1.5815824277048227
323.08255671200004,3.5555617604307805,4.13248953579934,1.1555617516467556,1.5824895357993398
323.093504832,3.558346090150184,4.133394902516797,1.158346081366159,1.5833949025167975
323.13712198200005,3.5611309856174813,4.134298527502988,1.1611309768334563,1.5842985275029884
323.26891958400006,3.5639164457431343,4.135200410404382,1.1639164369591093,1.585200410404382
323.3233227200001,3.5667110087199285,4.13610333985478,1.1667109999359035,1.5861033398547804
323.34107360300004,3.569554207062624,4.137021128758906,1.169554198278599,1.5870211287589058
323.366208315,3.5723975035421622,4.137938613591407,1.1723974947581373,1.5879386135914073
323.39080062000005,3.575240898126028,4.138855794341794,1.1752408893420032,1.5888557943417938
323.530521691,3.5780843907816977,4.139772670999575,1.1780843819976727,1.589772670999575
323.58601026100007,3.5809310226699425,4.140690245553792,1.1809310138859175,1.590690245553792
323.59688265,3.583780755693978,4.141608636127961,1.183780746909953,1.5916086361279609
323.61885015000007,3.5866305359607233,4.142526880096766,1.1866305271766984,1.5925268800967665
323.659519217,3.589480363462639,4.143444977457789,1.1894803546786141,1.5934449774577892
323.78458632700006,3.592330238192183,4.144362928208592,1.192330229408158,1.594362928208592
323.83138629000007,3.5951819577465427,4.145281329329874,1.1951819489625177,1.5952813293298744
323.84513800700006,3.5980344766438592,4.146199896432507,1.1980344678598343,1.5961998964325073
323.8884967160001,3.60088702125495,4.1471183836797545,1.200887012470925,1.5971183836797547
323.91492878200006,3.6037395915775705,4.148036791070909,1.2037395827935455,1.5980367910709088
324.032839827,3.60659218760949,4.148955118605229,1.2065921788254652,1.5989551186052289
324.10094200700007,3.609427532458243,4.1498680190198245,1.209427523674218,1.5998680190198247
324.1016312290001,3.6122552817437956,4.150779221244353,1.2122552729597706,1.6007792212443528
324.132995778,3.6150828014118845,4.151691135737334,1.2150827926278596,1.601691135737334
324.1755985770001,3.6179100912831026,4.152603762440903,1.2179100824990776,1.6026037624409035
324.286579353,3.6207371511780457,4.1535171012971555,1.2207371423940208,1.6035171012971556
324.344550443,3.623562212427729,4.1544304096090565,1.223562203643704,1.6044304096090567
324.35936304000006,3.6263852398179064,4.155342415197885,1.2263852310338814,1.6053424151978852
324.38293333800004,3.6292085303898114,4.156253605730287,1.2292085216057864,1.606253605730287
324.425877,3.6320320839081255,4.157163981130319,1.2320320751241005,1.607163981130319
324.540371318,3.634855900137503,4.1580735413221,1.2348558913534782,1.6080735413221001
324.586428413,3.6376980741825027,4.158988293764481,1.2376980653984777,1.6089882937644813
324.6088542460001,3.640548609922296,4.159905553230247,1.2405486011382711,1.6099055532302469
324.632456207,3.6433991895292857,4.160822676360243,1.2433991807452607,1.6108226763602431
324.673047709,3.646249812996956,4.161739663152364,1.246249804212931,1.6117396631523642
324.811051069,3.649100480318782,4.162656513604526,1.249100471534757,1.6126565136045263
324.86288708300003,3.651951191488248,4.163573227714629,1.251951182704223,1.613573227714629
324.8851120080001,3.6547808808812996,4.16448326432524,1.2547808720972746,1.6144832643252398
324.90969879700003,3.6575962696845,4.165389738233975,1.257596260900475,1.6153897382339748
324.94094502200005,3.6604113261445597,4.166297243708932,1.2604113173605347,1.6162972437089325
324.967669194,3.6632260498835123,4.167205780628264,1.2632260410994873,1.6172057806282645
325.00453920200005,3.6660404405234304,4.168115348869983,1.2660404317394054,1.618115348869983
325.10255761200006,3.6688544976864343,4.1690259483119645,1.2688544889024094,1.6190259483119647
325.1440259550001,3.6716906955910202,4.169944306105886,1.2716906868069953,1.6199443061058858
325.16964015400004,3.6745313907956474,4.170863750951205,1.2745313820116224,1.6208637509512052
325.196326894,3.6773721992298976,4.171782845891394,1.2773721904458726,1.6217828458913939
325.2508253660001,3.680213120850671,4.17270159091251,1.280213112066646,1.6227015909125102
325.344158612,3.683054155614862,4.173619986000611,1.2830541468308372,1.6236199860006115
325.392696408,3.685899355105802,4.174539540996896,1.2858993463217772,1.6245395409968966
325.4018305000001,3.6887455155709263,4.17545963410892,1.2887455067869014,1.6254596341089202
325.474102086,3.69159160575307,4.176379944601713,1.2915915969690452,1.6263799446017133
325.5049617650001,3.694437625635628,4.17730047246991,1.294437616851603,1.6273004724699103
325.593664528,3.697283575201999,4.1782212177081375,1.297283566417974,1.6282212177081377
325.641322715,3.700090464908834,4.179130027860907,1.300090456124809,1.6291300278609073
325.65748784000004,3.7028900552722153,4.180037985907743,1.3028900464881903,1.6300379859077427
325.734815563,3.705689197894364,4.180947323357987,1.305689189110339,1.6309473233579874
325.766816802,3.7084878920956292,4.1818580399908445,1.3084878833116043,1.6318580399908447
325.854472763,3.7112895466973317,4.182771239852985,1.3112895379133067,1.6327712398529854
325.9114282510001,3.714112038683276,4.183692322988574,1.3141120298992512,1.6336923229885745
325.92626345300005,3.7169342829606786,4.184614164836204,1.3169342741766537,1.6346141648362043
325.99253433399997,3.7197562793255905,4.185536765329257,1.3197562705415655,1.635536765329257
326.02025349200005,3.7225780275740865,4.186460124401064,1.3225780187900615,1.6364601244010641
326.099376568,3.725399527502248,4.187384241984896,1.325399518718223,1.637384241984896
326.173038886,3.72821940411775,4.188307804680258,1.3282193953337251,1.6383078046802586
326.174006973,3.731039542623219,4.18923056737396,1.3310395338391938,1.6392305673739598
326.21843645900003,3.733859942791692,4.190152529991739,1.3338599340076671,1.640152529991739
326.263858344,3.7366806043961915,4.191073692459403,1.3366805956121666,1.6410736924594032
326.34061220600006,3.739458876204975,4.191981169575373,1.3394588674209502,1.6419811695753728
326.391701657,3.742225887152626,4.192887253782386,1.342225878368601,1.6428872537823862
326.39839950500004,3.7449922030043075,4.193795457935382,1.3449921942202825,1.643795457935382
326.4607418510001,3.747757822135793,4.1947057815011135,1.3477578133517678,1.6447057815011137
326.53835409300007,3.7505227429233,4.195618223945103,1.350522734139275,1.6456182239451032
326.566282322,3.753326272018914,4.196545412921328,1.353326263234889,1.646545412921328
326.612943763,3.75616491851475,4.1974846568916115,1.3561649097307251,1.6474846568916117
326.637015785,3.7590034835894715,4.198424146902499,1.3590034748054465,1.6484241469024994
326.69798042900004,3.761841967221763,4.199363882946928,1.3618419584377381,1.6493638829469282
326.79528272000005,3.7646803693902977,4.200303865017837,1.3646803606062727,1.650303865017837
326.844136036,3.767517863810955,4.201243770892876,1.36751785502693,1.6512437708928758
326.847097511,3.770354164002139,4.202183057064245,1.3703541552181142,1.6521830570642448
326.86867546300005,3.7731905636160006,4.203122042962294,1.3731905548319756,1.653122042962294
326.94008800100005,3.776027062620747,4.2040607285765015,1.3760270538367219,1.6540607285765017
327.035645951,3.7788636609845887,4.204999113896343,1.3788636522005637,1.6549991138963431
327.078448544,3.781697600579113,4.2059362690866235,1.381697591795088,1.6559362690866237
327.09885316500004,3.784528306327551,4.206871872939702,1.3845282975435262,1.6568718729397025
327.121682352,3.787359163533178,4.207807018428642,1.387359154749153,1.6578070184286418
327.16913402800003,3.7901901721217723,4.208741705528927,1.3901901633377474,1.6587417055289269
327.2639692590001,3.793021332019113,4.209675934216043,1.393021323235088,1.6596759342160432
327.30776085900004,3.795854973858238,4.210610496454277,1.395854965074213,1.660610496454277
327.334940253,3.7986956196703496,4.211547398717753,1.3986956108863247,1.6615473987177536
327.38516021,3.801536193717101,4.212484518542581,1.401536184933076,1.6624845185425814
327.41838058300004,3.804376695981831,4.2134218559232695,1.4043766871978058,1.6634218559232696
327.51210327700005,3.8072171264478802,4.214359410854309,1.4072171176638553,1.664359410854309
327.5694944410001,3.8100574850985818,4.215297183330211,1.4100574763145568,1.6652971833302113
327.58099416000005,3.8128746822772093,4.216227760243937,1.4128746734931843,1.6662277602439373
327.60527273499997,3.8156791281144065,4.217155308880706,1.4156791193303815,1.667155308880706
327.669616422,3.8184832027840163,4.218083978991447,1.4184831939999913,1.6680839789914472
327.752555854,3.8212912046073364,4.219015186034382,1.4212911958233114,1.6690151860343825
327.797381418,3.824128184376572,4.219956646939353,1.4241281755925472,1.6699566469393528
327.81161803500004,3.8269650753112106,4.220898375494504,1.4269650665271856,1.6708983754945042
327.851167571,3.829801877386003,4.2218403716914565,1.4298018686019782,1.6718403716914567
327.88641541100003,3.832638590575701,4.2227826355218205,1.432638581791676,1.6727826355218207
327.97468407100007,3.8354752148550557,4.223725166977209,1.4354752060710307,1.673725166977209
328.024254476,3.8383156830281213,4.2246692506876595,1.4383156742440963,1.6746692506876597
328.059864897,3.8411620206450956,4.225615351011901,1.4411620118610706,1.675615351011901
328.08487415700006,3.8440083538115464,4.22656146472541,1.4440083450275214,1.6765614647254106
328.14860556100007,3.8468546825274137,4.227507591828168,1.4468546737433887,1.677507591828168
328.25254750600004,3.8497009243845213,4.228453704986269,1.4497009156004963,1.6784537049862696
328.303517026,3.852545588566929,4.229399334661198,1.452545579782904,1.6793993346611984
328.33232533,3.8553902340694215,4.230345020527613,1.4553902252853965,1.6803450205276134
328.3559990250001,3.858234860890889,4.231290762585145,1.4582348521068642,1.681290762585145
328.41427133700006,3.861079469030221,4.232236560833423,1.461079460246196,1.6822365608334229
328.50980007500004,3.8639240584863046,4.233182415272081,1.4639240497022796,1.6831824152720811
328.549946601,3.8667686292580337,4.23412832590075,1.4667686204740087,1.6841283259007502
328.580577867,3.8695852706473683,4.235064750390882,1.4695852618633434,1.6850647503908824
328.610087582,3.8723836326796404,4.235993826605485,1.4723836238956154,1.6859938266054852
328.644346014,3.8751824086191764,4.236921655208447,1.4751823998351514,1.6869216552084474
328.74898676400005,3.8779815979097454,4.237848236015369,1.4779815891257204,1.6878482360153688
328.798377533,3.8807771017957444,4.238773381859363,1.4807770930117194,1.688773381859363
328.812774806,3.883571745454897,4.239699729165353,1.4835717366708718,1.689699729165353
328.84450383,3.8863659405859434,4.240627428514591,1.4863659318019184,1.690627428514591
328.894826878,3.889159686534771,4.241556479689906,1.489159677750746,1.6915564796899059
328.985422611,3.891952982647369,4.242486882473809,1.4919529738633441,1.6924868824738093
329.0604070410001,3.8947665415009625,4.243425335948526,1.4947665327169375,1.6934253359485263
329.061148742,3.89758955399839,4.244367629880091,1.4975895452143648,1.694367629880091
329.06933212900003,3.90041237145554,4.24531050793038,1.500412362671515,1.6953105079303805
329.10752629399997,3.903234993751545,4.246253970059022,1.50323498496752,1.696253970059022
329.206418689,3.906057420765559,4.247198016225621,1.506057411981534,1.697198016225621
329.250564404,3.908861022530581,4.248135496430319,1.508861013746556,1.6981354964303188
329.27131102600003,3.911664980052153,4.249071912047583,1.5116649712681278,1.6990719120475832
329.29486601100007,3.914469292926025,4.25000726294241,1.5144692841420002,1.7000072629424103
329.341137976,3.917273960747903,4.250941548979955,1.5172739519638778,1.700941548979955
329.44420615600006,3.9200789831134375,4.251874770025516,1.5200789743294125,1.7018747700255163
329.485278546,3.922875070664523,4.252804598652377,1.522875061880498,1.702804598652377
329.517434533,3.925667707568774,4.25373471588789,1.525667698784749,1.7037347158878902
329.550430246,3.928459888343721,4.254666201513542,1.528459879559696,1.7046662015135423
329.574734306,3.9312516123188543,4.2555990553056455,1.5312516035348294,1.7055990553056457
329.69168699500005,3.934042878823772,4.256533277040188,1.5340428700397468,1.7065332770401884
329.737300193,3.936861934329341,4.257478076083489,1.536861925545316,1.707478076083489
329.7573683840001,3.939703409756669,4.258430590383667,1.5397034009726442,1.7084305903836672
329.778843585,3.942544859394414,4.259383181614111,1.5425448506103892,1.7093831816141112
329.825871422,3.94538628324049,4.260335849774112,1.5453862744564648,1.7103358497741121
329.9345623500001,3.9482276812928174,4.261288594862994,1.5482276725087925,1.7112885948629941
329.97846269900003,3.9510624886846073,4.262239171907764,1.5510624799005823,1.7122391719077639
330.003050529,3.953885222818987,4.263185225807266,1.553885214034962,1.7131852258072664
330.022540401,3.956708145041087,4.264130718325548,1.556708136257062,1.7141307183255483
330.06487916599997,3.9595312552392623,4.265075649425213,1.5595312464552373,1.7150756494252128
330.192992936,3.9623545533018585,4.266020019068891,1.5623545445178335,1.7160200190688908
330.2372962520001,3.965186536468296,4.2669667409366,1.5651865276842711,1.7169667409366003
330.23954740199997,3.9680242745228025,4.267915136063832,1.5680242657387775,1.7179151360638318
330.27880569399997,3.9708620781245827,4.268863335041414,1.5708620693405577,1.718863335041414
330.320986308,3.973699947260071,4.269811337864819,1.5736999384760462,1.7198113378648188
330.42407874800006,3.9765378819157164,4.270759144529517,1.5765378731316915,1.7207591445295174
330.466614841,3.979375882077955,4.271706755030979,1.5793758732939298,1.7217067550309793
330.4794795700001,3.9822007862448197,4.272650149366614,1.5822007774607947,1.722650149366614
330.50184065100007,3.985024820311071,4.273593863122272,1.5850248115270462,1.7235938631222725
330.526880786,3.9878486706537806,4.2745381264869975,1.5878486618697556,1.7245381264869977
330.63746899800003,3.9906723371659827,4.275482939425017,1.5906723283819577,1.7254829394250173
330.68830726400006,3.993487788009192,4.276425402616799,1.5934877792251672,1.7264254026167993
330.693491161,3.9962954024720228,4.277364382528919,1.5962953936879978,1.7273643825289193
330.718637188,3.999103338458734,4.278302400514771,1.5991033296747088,1.728302400514771
330.77284462800003,4.001911595639753,4.279239456464261,1.6019115868557283,1.7292394564642608
330.891583963,4.004720173685486,4.280175550267405,1.6047201649014613,1.730175550267405
330.92951126800006,4.007512379603617,4.2811055742357675,1.6075123708195922,1.7311055742357677
330.95989818300006,4.010290556592344,4.282032532565909,1.6102905478083192,1.732032532565909
330.983463497,4.013068160576124,4.282961206478423,1.6130681517920986,1.7329612064784232
331.01757046299997,4.015845190495548,4.283891595619109,1.615845181711523,1.7338915956191094
331.1442971160001,4.0186216452914305,4.284823699633107,1.6186216365074055,1.7348236996331075
331.196342759,4.021433504682199,4.285768815292342,1.6214334958981742,1.7357688152923423
331.205808906,4.024256781758155,4.286717229096706,1.6242567729741304,1.7367172290967066
331.237784928,4.027080236995664,4.287665112377329,1.6270802282116388,1.7376651123773295
331.351231311,4.029903870295037,4.28861246510075,1.629903861511012,1.7386124651007497
331.393702629,4.032727681556583,4.289559287233511,1.6327276727725581,1.7395592872335115
331.41259359900005,4.03555495361606,4.2905067023197185,1.6355549448320352,1.7405067023197187
331.442080636,4.038385643926904,4.2914548370876195,1.6383856351428787,1.7414548370876197
331.48817272200006,4.041216455349576,4.2924026101951105,1.6412164465655512,1.7424026101951107
331.607123088,4.044047387837869,4.2933500216267175,1.6440473790538443,1.7433500216267177
331.654173797,4.0468784413455765,4.294297071366974,1.6468784325615515,1.744297071366974
331.65470081500007,4.049710895743122,4.295244189146998,1.6497108869590966,1.745244189146998
331.6909643380001,4.052554929436667,4.296194995059062,1.652554920652642,1.7461949950590618
331.726731202,4.0553989733507985,4.2971457703989495,1.6553989645667735,1.7471457703989497
331.826767322,4.058243027485182,4.2980965151665504,1.6582430187011572,1.7480965151665506
331.89050946,4.06108022976464,4.2990449740680425,1.6610802209806148,1.7490449740680427
331.89810237300003,4.063904570634359,4.2999895961100565,1.6639045618503343,1.7499895961100567
331.922782469,4.066728732346261,4.300934753650189,1.6667287235622363,1.7509347536501894
331.972773374,4.06955271479881,4.301880446654459,1.6695527060147852,1.751880446654459
332.07873502100006,4.072376517890489,4.302826675088865,1.672376509106464,1.7528266750888655
332.118317477,4.07520270867515,4.30377429199421,1.6752026998911247,1.75377429199421
332.14683236999997,4.078043388620723,4.3047269161194555,1.6780433798366983,1.7547269161194556
332.17883258300003,4.08088410029487,4.305679445626379,1.6808840915108454,1.7556794456263791
332.201719774,4.083724843694439,4.306631880513893,1.683724834910414,1.7566318805138934
332.33155217500007,4.086565618816287,4.307584220780962,1.6865656100322624,1.757584220780962
332.37900399,4.08939927100285,4.308534021914059,1.6893992622188247,1.758534021914059
332.38661087700007,4.092224310121661,4.309480442840312,1.6922243013376357,1.759480442840312
332.421117764,4.095049518528735,4.310426358295868,1.69504950974471,1.7604263582958684
332.44493198200007,4.097874896133631,4.311371768250441,1.6978748873496063,1.7613717682504415
332.55478809400006,4.100700442845902,4.312316672673767,1.700700434061877,1.7623166726737676
332.61248874800003,4.103523090941946,4.313260039983073,1.7035230821579206,1.7632600399830736
332.63950422900007,4.1063286247239805,4.314196756687596,1.7063286159399556,1.7641967566875962
332.67718724400004,4.1091345010751725,4.315132446747653,1.7091344922911476,1.7651324467476535
332.702363835,4.111940719619833,4.31606711003796,1.7119407108358078,1.7660671100379606
332.82054277200007,4.114747279982237,4.317000746433374,1.714747271198212,1.7670007464333741
332.86900978000006,4.117554181786605,4.317933355808887,1.7175541730025796,1.7679333558088874
332.88263564199997,4.120359505823147,4.318865245318552,1.7203594970391216,1.768865245318552
332.90730180700007,4.1231642948796,4.319798136907203,1.723164286095575,1.7697981369072036
332.945690464,4.125968726883833,4.320732101307493,1.7259687180998085,1.7707321013074928
332.966388639,4.128772801425505,4.321667138382762,1.7287727926414802,1.771667138382762
333.004695932,4.131576518094323,4.322603247996202,1.731576509310298,1.7726032479962024
333.102405739,4.134379876480052,4.323540430010838,1.7343798676960271,1.7735404300108382
333.15731564099997,4.137163305705695,4.324470666597109,1.7371632969216697,1.774470666597109
333.170842345,4.13994726045137,4.325399329256369,1.739947251667345,1.775399329256369
333.1913306910001,4.14273173982707,4.326326417691726,1.7427317310430452,1.7763264176917266
333.236671387,4.145516742942628,4.327251931606804,1.745516734158603,1.7772519316068038
333.33348633800006,4.148302268907716,4.328175870705724,1.7483022601236908,1.7781758707057245
333.376233296,4.151092995073276,4.329099805791006,1.7510929862892506,1.779099805791006
333.38387368200006,4.1538928558645996,4.3300253090732514,1.7538928470805746,1.7800253090732516
333.445584885,4.1566931265741065,4.330949571335664,1.7566931177900815,1.7809495713356638
333.466044859,4.159493806651724,4.331872592396683,1.7594937978676994,1.7818725923966836
333.55419665400007,4.162302520263683,4.332796908032799,1.7623025114796582,1.7827969080327994
333.59823768900003,4.165151559451204,4.333734062386966,1.7651515506671793,1.7837340623869657
333.64264399399997,4.168000592251997,4.334671236157171,1.768000583467972,1.7846712361571715
333.712546387,4.170849618665933,4.335608429343373,1.7708496098819082,1.7856084293433732
333.74033165000003,4.173698638692876,4.336545641945523,1.7736986299088513,1.7865456419455228
333.838669774,4.176547652332696,4.337482873963587,1.7765476435486707,1.7874828739635875
333.874553127,4.179389210174076,4.3384177226250085,1.779389201390051,1.7884177226250086
333.901204034,4.182221554947778,4.339349963452556,1.7822215461637527,1.7893499634525565
333.954408251,4.185053752801624,4.340282650535309,1.7850537440175986,1.7902826505353095
333.994150989,4.187885803665303,4.341215783850111,1.7878857948812779,1.7912157838501113
334.07101217900004,4.190720799940215,4.342150321312811,1.7907207911561902,1.7921503213128114
334.128095184,4.193560448076538,4.343086255759572,1.7935604392925133,1.7930862557595724
334.13393446200007,4.196400178028689,4.344021941938598,1.7964001692446643,1.794021941938598
334.200379149,4.199239989774961,4.344957379842727,1.799239980990936,1.7949573798427272
334.233796899,4.202079883293653,4.345892569464819,1.8020798745096278,1.7958925694648196
334.34244859500006,4.2049198585630485,4.346827510797723,1.8049198497790235,1.7968275107977227
334.39131174199997,4.2077394463720195,4.347755292928918,1.8077394375879945,1.797755292928918
334.40864853200003,4.2105456992602965,4.348677521336496,1.8105456904762716,1.7986775213364963
334.45833634300004,4.213352320337725,4.349598628624738,1.8133523115536998,1.7995986286247385
334.549605628,4.216159309156408,4.350518614646652,1.8161593003723833,1.800518614646652
334.615134676,4.2189610590062,4.351436833316011,1.8189610502221751,1.8014368333160116
334.636602239,4.221762119926658,4.352356218786208,1.821762111142633,1.8023562187862083
334.680983966,4.224562766913843,4.3532768644162285,1.8245627581298183,1.8032768644162287
334.726836491,4.227362999400835,4.35419877001971,1.8273629906168103,1.8041987700197097
334.813958273,4.23016281682078,4.355121935410032,1.830162808036755,1.8051219354100319
334.892440148,4.23296221860692,4.356046360400322,1.8329622098228948,1.8060463604003223
334.893441712,4.235783107603643,4.356978429836254,1.835783098819618,1.8069784298362546
334.91709222500003,4.2386069090944245,4.357910759506534,1.8386069003103995,1.8079107595065338
334.99027839400003,4.241430922746857,4.358842446344647,1.841430913962832,1.8088424463446469
335.099476695,4.244255148414593,4.359773490302311,1.8442551396305684,1.8097734903023115
335.145073957,4.247066666784674,4.360700447115462,1.847066658000649,1.8107004471154617
335.16443966400004,4.249877194605164,4.361628164112272,1.8498771858211387,1.811628164112272
335.20691774500006,4.2526873980996225,4.362556863081619,1.8526873893155975,1.8125568630816193
335.25045574800004,4.255497276924955,4.363486543910121,1.85549726814093,1.8134865439101215
335.356248232,4.258307659319178,4.364417478956751,1.8583076505351532,1.8144174789567513
335.407136766,4.2611337277149035,4.3653537631751105,1.8611337189308785,1.8153537631751107
335.412365466,4.263959981649631,4.366289487178914,1.8639599728656058,1.8162894871789144
335.43332936600007,4.266786421012306,4.367224650931395,1.8667864122282807,1.8172246509313954
335.502183661,4.269613045691874,4.368159254395812,1.869613036907849,1.8181592543958125
335.59468553199997,4.272439855577267,4.369093297535438,1.8724398467932422,1.8190932975354386
335.642594328,4.275231945765788,4.370015965642466,1.8752319369817632,1.8200159656424661
335.65056602100003,4.278011924840677,4.3709364680815455,1.8780119160566522,1.8209364680815456
335.6767369180001,4.280791332289984,4.3718586950752565,1.8807913235059588,1.8218586950752567
335.739297268,4.283570167043883,4.372782646268623,1.8835701582598579,1.8227826462686227
335.83260344200005,4.2863484280327695,4.3737083213060055,1.8863484192487445,1.8237083213060057
335.88256207200004,4.289133464647455,4.374638123997757,1.8891334558634303,1.8246381239977572
335.89574343800007,4.29195601262633,4.375580623094128,1.8919560038423051,1.8255806230941278
335.93694139900003,4.294778758633543,4.376522528937924,1.8947787498495177,1.8265225289379243
335.988489331,4.297601702544386,4.377463841487537,1.8976016937603606,1.8274638414875373
336.1063654960001,4.300425670157051,4.378404848905869,1.9004256613730264,1.828404848905869
336.155525731,4.303254315503762,4.379347496955847,1.9032543067197367,1.8293474969558474
336.185944866,4.306082810330872,4.380290596556429,1.9060828015468467,1.830290596556429
336.223377356,4.308911154566297,4.381234147683579,1.9089111457822718,1.8312341476835794
336.256572966,4.311739348137957,4.382178150313254,1.911739339353932,1.8321781503132542
336.360587572,4.3145673909737745,4.38312260442139,1.9145673821897495,1.8331226044213897
336.43481558999997,4.31739528300168,4.384067509983924,1.9173952742176552,1.8340675099839245
336.43951597299997,4.320194405971909,4.385003560925962,1.9201943971878843,1.835003560925962
336.454699131,4.322977661581475,4.385935967866385,1.9229776527974498,1.8359359678663854
336.5199195050001,4.325760393795874,4.386869935699706,1.925760385011849,1.8368699356997062
336.629312722,4.328542601739729,4.387805464132128,1.9285425929557038,1.8378054641321278
336.682018622,4.331327704875066,4.388743508963761,1.9313276960910408,1.838743508963761
336.716858581,4.334119289325126,4.389682945111504,1.934119280541101,1.8396829451115044
336.74209956699997,4.33691131786163,4.390621060599532,1.9369113090776051,1.8406210605995321
336.80313669400005,4.339703789859785,4.391557855217913,1.9397037810757598,1.8415578552179133
336.92791659700003,4.342496704694711,4.392493328757015,1.9424966959106862,1.8424933287570155
336.97131424200006,4.3453060526805105,4.393432963383563,1.9453060438964855,1.843432963383563
337.00615481700004,4.3481433480869995,4.394381862877134,1.9481433393029746,1.8443818628771345
337.03968806299997,4.350980575760094,4.395330964875664,1.9509805669760687,1.8453309648756644
337.070744212,4.353817735685338,4.396280269374333,1.9538177269013128,1.8462802693743328
337.191410721,4.3566548278482795,4.397229776368294,1.9566548190642545,1.8472297763682946
337.24275986300006,4.35946033873769,4.39816847428077,1.9594603299536648,1.8481684742807705
337.253795189,4.362255710396203,4.399102409040348,1.9622557016121784,1.8491024090403485
337.289819815,4.365051508651781,4.400035065975386,1.9650514998677564,1.8500350659753861
337.33523127800004,4.367847732920304,4.400966444891027,1.9678477241362793,1.8509664448910268
337.438748721,4.37064438261756,4.401896545592678,1.9706443738335353,1.8518965455926786
337.48528822900005,4.373470617731934,4.402835622218795,1.9734706089479093,1.8528356222187954
337.506105168,4.376305269749696,4.403777810687342,1.9763052609656708,1.8537778106873422
337.537669705,4.3791398166930495,4.404720315222068,1.9791398079090246,1.8547203152220684
337.576870534,4.381974258526749,4.405663135811269,1.981974249742724,1.8556631358112687
337.6827333570001,4.384808595215562,4.406606272443215,1.9848085864315368,1.8566062724432149
337.731279115,4.38665085766286,4.40721948072642,1.9866508488788353,1.8572194807264202
337.755646672,4.38665085766286,4.40721948072642,1.9866508488788353,1.8572194807264202
337.776464766,4.38665085766286,4.40721948072642,1.9866508488788353,1.8572194807264202
337.826261813,4.386650857662862,4.407219480726421,1.986650848878837,1.857219480726421
337.92151976800005,4.386650857662864,4.407219480726422,1.9866508488788388,1.857219480726422
338.00099214500005,4.386650857662862,4.407219480726421,1.986650848878837,1.857219480726421
338.00171639000007,4.386650857662864,4.407219480726422,1.9866508488788388,1.857219480726422
338.02741097600006,4.386650857662864,4.407219480726422,1.9866508488788388,1.857219480726422
338.0670538190001,4.386650857662864,4.407219480726422,1.9866508488788388,1.857219480726422
338.17854131700005,4.386650857662864,4.407219480726422,1.9866508488788388,1.857219480726422
338.222955789,4.386650857662864,4.407219480726422,1.9866508488788388,1.857219480726422
338.25064809900005,4.386650857662864,4.407219480726422,1.9866508488788388,1.857219480726422
338.2703675050001,4.3866508576628656,4.407219480726423,1.9866508488788406,1.8572194807264228
338.321829631,4.386650857662864,4.407219480726422,1.9866508488788388,1.857219480726422
338.42338458300003,4.386650857662864,4.407219480726422,1.9866508488788388,1.857219480726422
338.47182908800005,4.386650857662864,4.407219480726422,1.9866508488788388,1.857219480726422
338.49142794,4.3866508576628656,4.407219480726423,1.9866508488788406,1.8572194807264228
338.51621888600005,4.386650857662862,4.407219480726421,1.986650848878837,1.857219480726421
338.5693116670001,4.386650857662862,4.407219480726421,1.986650848878837,1.857219480726421
338.686920699,4.386650857662862,4.407219480726421,1.986650848878837,1.857219480726421
338.74295036500007,4.386650857662862,4.407219480726421,1.986650848878837,1.857219480726421
338.75907115300004,4.386650857662862,4.407219480726421,1.986650848878837,1.857219480726421
338.80504268900006,4.386650857662862,4.407219480726421,1.986650848878837,1.857219480726421
338.850822106,4.386650857662864,4.407219480726422,1.9866508488788388,1.857219480726422
338.968511122,4.386650857662862,4.407219480726421,1.986650848878837,1.857219480726421
339.015175946,4.386650857662862,4.407219480726421,1.986650848878837,1.857219480726421
339.04113238499997,4.386650857662862,4.407219480726421,1.986650848878837,1.857219480726421
339.092018307,4.386650857662862,4.407219480726421,1.986650848878837,1.857219480726421
339.12484755900005,4.386650857662862,4.407219480726421,1.986650848878837,1.857219480726421
339.25419141400005,4.386650857662862,4.407219480726421,1.986650848878837,1.857219480726421
339.3087217550001,4.386650857662862,4.407219480726421,1.986650848878837,1.857219480726421
339.30963689099997,4.386650857662862,4.407219480726421,1.986650848878837,1.857219480726421
339.34512106600005,4.386650857662863,4.407219480726422,1.986650848878838,1.857219480726422
339.40228544900003,4.386650857662862,4.407219480726421,1.986650848878837,1.857219480726421
339.51668823299997,4.386650857662862,4.407219480726421,1.986650848878837,1.857219480726421
339.576277431,4.386650857662862,4.407219480726421,1.986650848878837,1.857219480726421
339.601197912,4.386650857662862,4.407219480726421,1.986650848878837,1.857219480726421
339.6450133210001,4.386650857662862,4.407219480726421,1.986650848878837,1.857219480726421
339.77408096500005,4.386650857662862,4.407219480726421,1.986650848878837,1.857219480726421
339.82336819400007,4.386650857662862,4.407219480726421,1.986650848878837,1.857219480726421
339.84679883600006,4.386650857662863,4.407219480726422,1.986650848878838,1.857219480726422
339.891706707,4.386650857662862,4.407219480726421,1.986650848878837,1.857219480726421
339.93578928,4.386650857662862,4.407219480726421,1.986650848878837,1.857219480726421
340.073636973,4.386650857662862,4.407219480726421,1.986650848878837,1.857219480726421
340.123673909,4.386650857662862,4.407219480726421,1.986650848878837,1.857219480726421
340.152176164,4.386650857662862,4.407219480726421,1.986650848878837,1.857219480726421
340.17901594299997,4.386650857662862,4.407219480726421,1.986650848878837,1.857219480726421
340.22494612800006,4.386650857662862,4.407219480726421,1.986650848878837,1.857219480726421
340.36109700400004,4.386650857662863,4.407219480726423,1.986650848878838,1.8572194807264228
340.418117895,4.386650857662862,4.407219480726421,1.986650848878837,1.857219480726421
340.4376558800001,4.386650857662862,4.407219480726421,1.986650848878837,1.857219480726421
340.46766096600004,4.386650857662862,4.407219480726421,1.986650848878837,1.857219480726421
340.509471718,4.386650857662862,4.407219480726421,1.986650848878837,1.857219480726421
340.634070116,4.386650857662862,4.407219480726421,1.986650848878837,1.857219480726421
340.67581194,4.386650857662862,4.407219480726421,1.986650848878837,1.857219480726421
340.69634121800004,4.386650857662862,4.407219480726421,1.986650848878837,1.857219480726421
340.72745747700003,4.386650857662862,4.407219480726421,1.986650848878837,1.857219480726421
340.760622235,4.386650857662863,4.407219480726423,1.986650848878838,1.8572194807264228
340.91384943,4.386650857662862,4.407219480726421,1.986650848878837,1.857219480726421
340.964884781,4.386650857662862,4.407219480726421,1.986650848878837,1.857219480726421
340.980517543,4.386650857662862,4.407219480726421,1.986650848878837,1.857219480726421
341.00783812,4.386650857662862,4.407219480726421,1.986650848878837,1.857219480726421
341.050955917,4.386650857662862,4.407219480726421,1.986650848878837,1.857219480726421
341.206037909,4.386650857662862,4.407219480726421,1.986650848878837,1.857219480726421
341.28557105900006,4.386650857662862,4.407219480726421,1.986650848878837,1.857219480726421
341.286035286,4.386650857662863,4.407219480726423,1.986650848878838,1.8572194807264228
341.29677377100006,4.386650857662862,4.407219480726421,1.986650848878837,1.857219480726421
341.367108422,4.386650857662862,4.407219480726421,1.986650848878837,1.857219480726421
341.503960731,4.386650857662862,4.407219480726421,1.986650848878837,1.857219480726421
341.565784934,4.386650857662862,4.407219480726421,1.986650848878837,1.857219480726421
341.575958002,4.386650857662862,4.407219480726421,1.986650848878837,1.857219480726421
341.610030156,4.386650857662862,4.407219480726421,1.986650848878837,1.857219480726421
341.6630325880001,4.386650857662862,4.407219480726421,1.986650848878837,1.857219480726421
341.691722614,4.386650857662863,4.407219480726423,1.986650848878838,1.8572194807264228
341.73616011800004,4.386650857662862,4.407219480726421,1.986650848878837,1.857219480726421
341.87872290200005,4.386650857662862,4.407219480726421,1.986650848878837,1.857219480726421
341.92321511700004,4.386650857662862,4.407219480726421,1.986650848878837,1.857219480726421
341.95085617200004,4.386650857662862,4.407219480726421,1.986650848878837,1.857219480726421
342.001185639,4.386650857662862,4.407219480726421,1.986650848878837,1.857219480726421
342.039949718,4.386650857662862,4.407219480726421,1.986650848878837,1.857219480726421
342.14762990400004,4.386650857662862,4.407219480726421,1.986650848878837,1.857219480726421
342.20542778800007,4.386650857662862,4.407219480726421,1.986650848878837,1.857219480726421
342.251368801,4.386650857662862,4.407219480726423,1.986650848878837,1.8572194807264228
342.3123269050001,4.386650857662862,4.407219480726421,1.986650848878837,1.857219480726421
342.34099375200003,4.386650857662862,4.407219480726421,1.986650848878837,1.857219480726421
342.430344378,4.386650857662862,4.407219480726421,1.986650848878837,1.857219480726421
342.48923613700003,4.386662730225553,4.407309702779525,1.9866627214415282,1.8573097027795251
342.51618163800003,4.3867201231749835,4.407776183337567,1.9867201143909585,1.8577761833375668
342.610160641,4.386817513877757,4.4086407110173,1.986817505093732,1.8586407110173004
342.653441582,4.386946478015693,4.40990414020736,1.9869464692316678,1.8599041402073606
342.7787886990001,4.387098616609507,4.411567169739265,1.9870986078254824,1.8615671697392653
342.81736206200003,4.387249743455777,4.413420644251959,1.9872497346717517,1.863420644251959
342.86747541400007,4.38738254499752,4.415275521833735,1.9873825362134947,1.865275521833735
342.949237467,4.387497008263152,4.41713162130674,1.9874969994791267,1.86713162130674
342.994353144,4.387593122072311,4.418988761373767,1.9875931132882863,1.8689887613737675
343.084920483,4.387670877036939,4.420846760635971,1.987670868252914,1.8708467606359713
343.134279987,4.387730952093434,4.422726517101336,1.9877309433094088,1.872726517101336
343.157410325,4.387774203498157,4.424646017950759,1.9877741947141323,1.8746460179507594
343.239775786,4.387799486660808,4.426565839545763,1.987799477876783,1.876565839545763
343.260818973,4.387806799366335,4.428485813691238,1.9878067905823102,1.8784858136912383
343.347157382,4.387796140974075,4.430405772178712,1.98779613219005,1.8804057721787117
343.402745319,4.387767056084577,4.432388510751767,1.9877670473005522,1.8823885107517668
343.4361141090001,4.387720455413768,4.434383906177089,1.987720446629743,1.8843839061770895
343.49960644600003,4.3876564931885005,4.436378820551105,1.9876564844044755,1.886378820551105
343.596571918,4.387575174252052,4.438373102817108,1.987575165468027,1.8883731028171082
343.64155338600006,4.387474137819037,4.440423596570934,1.9874741290350122,1.8904235965709342
343.67991837,4.387355871028904,4.4424842006614345,1.9873558622448786,1.8924842006614346
343.70487661699997,4.38722089270856,4.444543777585094,1.9872208839245347,1.8945437775850937
343.78898367,4.387069211740125,4.4466021918133904,1.9870692029561003,1.8966021918133906
343.87912295600006,4.3869008381048245,4.448659307894308,1.9869008293207995,1.8986593078943086
343.926487191,4.386715238349091,4.450720965719263,1.9867152295650663,1.9007209657192634
343.952772936,4.386507314790936,4.452847102096077,1.9865073060069114,1.9028471020960769
343.97610756100005,4.386283481930992,4.454971622500692,1.9862834731469667,1.9049716225006925
344.053002139,4.386043752311291,4.457094407889815,1.9860437435272664,1.907094407889815
344.146784047,4.385788139364607,4.459215339317352,1.9857881305805818,1.9092153393173525
344.22359385000004,4.385514083631084,4.461355650291924,1.985514074847059,1.9113556502919238
344.223988052,4.385223942678879,4.463498004406217,1.9852239338948539,1.9134980044062173
344.242169742,4.384918248764982,4.465638194620704,1.9849182399809568,1.915638194620704
344.323355947,4.384597018016762,4.467776108026241,1.9845970092327367,1.9177761080262412
344.40720948,4.38426026738126,4.469911631833801,1.9842602585972346,1.9199116318338012
344.447841659,4.383908014624293,4.4720446533804274,1.9839080058402678,1.9220446533804276
344.470735247,4.38353677445945,4.474195766150361,1.9835367656754248,1.924195766150361
344.50504846700005,4.383129910657594,4.47646809289394,1.983129901873569,1.9264680928939404
344.57855737600005,4.382709380500041,4.478738280850642,1.9827093717160165,1.9287382808506424
344.66929816100003,4.382275258879812,4.481005908992774,1.9822752500957868,1.9310059089927742
344.715583532,4.381827561374703,4.4832708959499215,1.9818275525906777,1.9332708959499216
344.732932204,4.3813787388535,4.485468992812817,1.981378730069475,1.935468992812817
344.76960239900006,4.380915513766598,4.4876640996423385,1.980915504982573,1.9376640996423387
344.82885753200003,4.380437906028261,4.489856122069785,1.980437897244236,1.9398561220697852
344.941285728,4.3799459361710795,4.492044965859044,1.9799459273870545,1.9420449658590444
344.992248056,4.379423702655822,4.494306915866279,1.9794236938717966,1.944306915866279
345.01201785700005,4.378817588004683,4.4969017229664265,1.978817579220658,1.9469017229664267
345.04316569499997,4.3781880734561645,4.499569929345052,1.9781880646721395,1.949569929345052
345.1153350000001,4.377552581955518,4.5022367185002645,1.9775525731714931,1.9522367185002647
345.21386335500006,4.37691111669326,4.504902077043336,1.9769111079092352,1.9549020770433359
345.254332084,4.376263680889894,4.5075659915927115,1.9762636721058686,1.9575659915927117
345.26097697299997,4.375601980843997,4.5102634810380495,1.9756019720599718,1.9602634810380497
345.29720389400006,4.3749072435533884,4.513082449077195,1.9749072347693635,1.963082449077195
345.371919523,4.3742101444037775,4.5159008339842845,1.9742101356197526,1.9659008339842847
345.47129340900005,4.373510683884629,4.518718633780408,1.9735106751006044,1.9687186337804086
345.51901450700007,4.372808862487056,4.521535846487109,1.972808853703031,1.9715358464871091
345.539026296,4.372115369924062,4.52430734811089,1.972115361140037,1.97430734811089
345.575946178,4.371418441841457,4.5270779878263925,1.971418433057432,1.9770779878263927
345.647585789,4.370718079310452,4.529847761375011,1.9707180705264267,1.9798477613750114
345.73742750100007,4.370014283407545,4.532616664499444,1.9700142746235199,1.982616664499444
345.783942091,4.369306026312679,4.535388832819417,1.969306017528654,1.9853888328194174
345.794115366,4.368593633494685,4.538163544702215,1.96859362471066,1.988163544702215
345.835916721,4.36787798764247,4.540937419352211,1.967877978858445,1.9909374193522114
345.902815822,4.36715908973998,4.543710452955593,1.967159080955955,1.9937104529555931
346.003282571,4.366438428815254,4.546476882497998,1.966438420031229,1.9964768824979986
346.046628175,4.3657200661125755,4.549219320665927,1.9657200573285505,1.9992193206659268
346.05268003900005,4.364997781572678,4.551960728537972,1.9649977727886534,2.0019607285379726
346.085511911,4.364271576673228,4.554701100505695,1.9642715678892029,2.004701100505695
346.1460710790001,4.3635414528999075,4.55744043096278,1.9635414441158825,2.00744043096278
346.24578954800006,4.3628074117464255,4.560178714305035,1.9628074029624005,2.0101787143050354
346.284455512,4.362070805768225,4.56291071982471,1.9620707969841997,2.01291071982471
346.31345002800003,4.361330393024167,4.565640709371728,1.9613303842401417,2.015640709371728
346.3354244970001,4.360585926113893,4.568369596137041,1.9605859173298676,2.018369596137041
346.389748519,4.359837406679891,4.571097374100021,1.9598373978958663,2.0210973741000213
346.50063957500004,4.359084839468806,4.573824026032153,1.9590848306847808,2.0238240260321536
346.543335329,4.358328279145679,4.57654934337872,1.9583282703616542,2.0265493433787203
346.571238248,4.357567666122492,4.57927353243071,1.9575676573384668,2.02927353243071
346.60699650000004,4.356803002081909,4.581996587161537,1.956802993297884,2.0319965871615375
346.64951171000007,4.356034288715561,4.5847185015471155,1.956034279931536,2.0347185015471156
346.76492313100005,4.355264081300283,4.587430148297237,1.955264072516258,2.0374301482972372
346.810316617,4.354494170082664,4.590123588573299,1.9544941612986393,2.040123588573299
346.82143801300003,4.353719622158529,4.5928156991425295,1.953719613374504,2.0428156991425297
346.857661732,4.352940439824382,4.595506472022923,1.9529404310403566,2.0455064720229235
346.8961111560001,4.352156625390464,4.598195899236459,1.9521566166064388,2.0481958992364593
346.98337137600004,4.35136818118075,4.600883972809092,1.9513681723967253,2.0508839728090917
347.033455978,4.3505751486321875,4.603570551138507,1.9505751398481626,2.053570551138507
347.07076411700007,4.349777600770982,4.606255356755077,1.9497775919869569,2.056255356755077
347.097029542,4.348975418159972,4.60893878121801,1.9489754093759468,2.0589387812180098
347.148660811,4.348168603190951,4.611620816526399,1.9481685944069258,2.061620816526399
347.235165489,4.347357158269518,4.614301454683472,1.947357149485493,2.0643014546834726
347.31256645300004,4.346541607522995,4.616978947902972,1.9465415987389698,2.066978947902972
347.3195844190001,4.3457221458518855,4.6196523972939145,1.9457221370678606,2.0696523972939147
347.341813065,4.344897963920032,4.622324395276611,1.9448979551360073,2.0723243952766115
347.40121259400007,4.344069064298104,4.624994933516946,1.944069055514079,2.0749949335169457
347.50808427000004,4.3432367415362565,4.627659793985826,1.9432367327522315,2.077659793985826
347.559896525,4.342401133881798,4.630317985154934,1.9424011250977729,2.0803179851549345
347.58088414200006,4.341560607635244,4.6329746251517285,1.9415605988512188,2.0829746251517287
347.625437594,4.340715165676074,4.635629704875086,1.940715156892049,2.0856297048750863
347.670626943,4.339864810900605,4.63828321522923,1.9398648021165799,2.0882832152292305
347.77174824100007,4.339009546221986,4.64093514712376,1.9390095374379608,2.0909351471237603
347.816735171,4.33814964270872,4.643584656854191,1.9381496339246946,2.0935846568541914
347.838488332,4.337285420619515,4.646230609357477,1.9372854118354899,2.0962306093574767
347.87659715000007,4.336416235672303,4.648874935736095,1.9364162268882779,2.098874935736095
347.92492202100004,4.335542090926781,4.651517626681509,1.935542082142756,2.1015176266815088
348.0324684330001,4.334662989460102,4.654158672890944,1.9346629806760771,2.104158672890944
348.082284041,4.333780458937309,4.65679349836089,1.9337804501532836,2.10679349836089
348.09989843100004,4.332901232991657,4.659400652774669,1.9329012242076318,2.109400652774669
348.126960588,4.332016392273056,4.662005906947194,1.9320163834890312,2.1120059069471946
348.152843168,4.331125940888386,4.664609248786503,1.931125932104361,2.114609248786503
348.2466662620001,4.330229882970572,4.667210666209502,1.9302298741865473,2.117210666209502
348.29260952800007,4.329329602197068,4.669806029489401,1.9293295934130428,2.119806029489401
348.306699578,4.328423782873226,4.672398953858851,1.9284237740892007,2.122398953858851
348.34429692800006,4.3275122711545455,4.674989882615076,1.9275122623705205,2.1249898826150764
348.37085447000004,4.3265950714375165,4.677578803261257,1.9265950626534916,2.1275788032612573
348.481199133,4.325672188146072,4.680165703310256,1.925672179362047,2.130165703310256
348.52541634600004,4.3247493196515565,4.682734550059283,1.9247493108675315,2.1327345500592836
348.55379484,4.323830697904075,4.685271362460238,1.92383068912005,2.135271362460238
348.58194967,4.322905439965779,4.687805761959165,1.922905431181754,2.1378057619591653
348.70082508100006,4.321973552174433,4.690337731196123,1.9219735433904082,2.140337731196123
348.745229657,4.321035040913218,4.6928672528278,1.921035032129193,2.1428672528278003
348.756457177,4.32008991261068,4.695394309527657,1.9200899038266548,2.1453943095276573
348.79427746700003,4.319123788035735,4.697958503506399,1.9191237792517097,2.1479585035063993
348.814670828,4.318151444140667,4.700521789149148,1.9181514353566418,2.150521789149148
348.91986989,4.317173360346818,4.703082890089919,1.9171733515627927,2.1530828900899195
348.986305057,4.316180957897257,4.705664491327512,1.9161809491132318,2.155664491327512
349.000893795,4.315170741950064,4.708278473955012,1.9151707331660393,2.1582784739550123
349.040990383,4.314156050944332,4.710890722717998,1.914156042160307,2.1608907227179985
349.06825345100003,4.313136887855932,4.713501229955313,1.913136879071907,2.1635012299553136
349.172738258,4.312113255673846,4.716109988010908,1.9121132468898208,2.1661099880109083
349.22092118,4.311081541722599,4.718726312909214,1.911081532938574,2.1687263129092145
349.253918783,4.310004177600245,4.721450827960609,1.91000416881622,2.1714508279606095
349.276466303,4.308924490276633,4.724176502187293,1.9089244814926078,2.1741765021872927
349.311449551,4.307843190369567,4.726901537089402,1.9078431815855423,2.1769015370894023
349.43293802100004,4.306760278257615,4.729625931712897,1.90676026947359,2.1796259317128968
349.47677399500003,4.305675263583007,4.732350935404052,1.905675254798982,2.1823509354040524
349.488444405,4.304587955597469,4.73507719400415,1.9045879468134443,2.1850771940041502
349.5106853440001,4.303499114003631,4.737802840458392,1.903499105219606,2.1878028404583922
349.538729711,4.302408739146118,4.740527873904081,1.9024087303620933,2.190527873904081
349.677262657,4.301316831370057,4.743252293478706,1.9013168225860322,2.1932522934787064
349.713241574,4.300223019435641,4.745977026719626,1.9002230106516156,2.1959770267196266
349.725624531,4.2991134712758745,4.748738006100538,1.8991134624918495,2.1987380061005384
349.7491387470001,4.298003329742185,4.751498775287684,1.8980033209581602,2.201498775287684
349.796718004,4.296892604685589,4.7542593097609664,1.8968925959015643,2.2042593097609666
349.92519435200006,4.295781296155713,4.757019609397049,1.8957812873716882,2.207019609397049
350.004875479,4.294669404202211,4.759779674072602,1.8946693954181861,2.2097796740726023
350.005673872,4.294004184653549,4.761446979709837,1.8940041758695236,2.2114469797098373
350.01667118,4.293467071153332,4.762847507253482,1.8934670623693068,2.212847507253482
350.05317643600006,4.292948209383803,4.7642548987330615,1.8929482005997778,2.2142548987330617
350.18360867700005,4.2924476870313715,4.765668916302751,1.8924476782473465,2.215668916302751
350.23740641200004,4.291918859625825,4.767217084908294,1.8919188508417997,2.2172170849082944
350.244014719,4.29127537453554,4.769142393318964,1.8912753657515151,2.219142393318964
350.28212135900003,4.2905200504616605,4.7714520177039725,1.8905200416776355,2.2214520177039727
350.30894081300005,4.289658163335579,4.774146523867639,1.889658154551554,2.2241465238676392
350.337621764,4.28876255562236,4.7770097135463985,1.8887625468383349,2.2270097135463987
350.376478198,4.287885577430641,4.779878664149639,1.8878855686466163,2.2298786641496395
350.4577037810001,4.2870272658126325,4.782753254464607,1.8870272570286075,2.2327532544646074
350.507111184,4.286187657031866,4.785633363040303,1.8861876482478412,2.2356333630403036
350.523497614,4.285366786561692,4.788518868192566,1.885366777777667,2.238518868192566
350.545690188,4.284564689083764,4.79140964800923,1.884564680299739,2.2414096480092303
350.584851942,4.283781398486581,4.794305580355281,1.883781389702556,2.244305580355281
350.67671751600005,4.283016947864053,4.797206542878003,1.883016939080028,2.2472065428780033
350.72357509000005,4.282308270613033,4.7999670227951485,1.882308261829008,2.2499670227951487
350.7647498040001,4.281950613739503,4.801423748532387,1.881950604955478,2.251423748532387
350.85186579800006,4.281611923988736,4.802885000586425,1.881611915204711,2.252885000586425
350.879222187,4.281292258598493,4.804350532009137,1.8812922498144684,2.254350532009137
350.965102891,4.280991671591461,4.805820095129212,1.880991662807436,2.255820095129212
350.99304186300003,4.280710213766134,4.807293441593977,1.8807102049821087,2.257293441593977
351.01557253,4.280447932688213,4.808770322411388,1.8804479239041885,2.2587703224113884
351.1353229690001,4.280204872682575,4.810250487992104,1.8802048638985505,2.2602504879921046
351.18439851200003,4.279981074825785,4.81173368819166,1.87998106604176,2.2617336881916605
351.24707877900005,4.279776576939143,4.813219672352759,1.8797765681551177,2.2632196723527596
351.278797424,4.279569867107631,4.814859691909891,1.8795698583236065,2.2648596919098916
351.31250271400006,4.2793346571903745,4.816854978040876,1.8793346484063496,2.266854978040876
351.404904588,4.279108849355025,4.818911741352574,1.8791088405710004,2.268911741352574
351.44271484600006,4.278899641756756,4.82097025943111,1.8788996329727312,2.2709702594311105
351.50652811300006,4.278707048011888,4.823030398297373,1.8787070392278626,2.273030398297373
351.540905844,4.278507846968517,4.825300802576825,1.878507838184492,2.275300802576825
351.579341915,4.278288968541452,4.827890793338737,1.8782889597574273,2.277890793338737
351.668310237,4.278076264162812,4.830508363469315,1.878076255378787,2.2805083634693153
351.707418599,4.27787204078241,4.833126608941401,1.8778720319983848,2.2831266089414015
351.78742965000004,4.277676300543579,4.835745502276399,1.877676291759554,2.2857455022763995
351.83657013000004,4.27748482994204,4.838417547521663,1.8774848211580148,2.2884175475216635
351.8603812150001,4.277297846466023,4.8411226876569495,1.8772978376819984,2.2911226876569497
351.9494258330001,4.277117625081701,4.843828286707893,1.8771176162976757,2.2938282867078934
352.041051811,4.276944166915004,4.846534327771189,1.876944158130979,2.296534327771189
352.06168658600006,4.276780211253926,4.849200130547658,1.876780202469901,2.299200130547658
352.092358894,4.276626428502018,4.851833138567417,1.8766264197179932,2.3018331385674173
352.141120937,4.276480918616186,4.854466616731369,1.876480909832161,2.3044666167313688
352.228254236,4.276343683032652,4.857100539046373,1.8763436742486275,2.307100539046373
352.32249799300007,4.276214723105968,4.859734879514909,1.8762147143219434,2.3097348795149095
352.35105510799997,4.276094040109005,4.862369612135328,1.8760940313249796,2.3123696121353285
352.37892374500007,4.275988235640637,4.864881514163564,1.8759882268566117,2.314881514163564
352.40872756500005,4.275893009354031,4.867393839448893,1.8758930005700063,2.3173938394488935
352.499361926,4.27580836293768,4.869906543444424,1.8758083541536554,2.319906543444424
352.587401311,4.2757342978924795,4.8724195815965485,1.8757342891084545,2.3224195815965487
352.621457352,4.275670963486555,4.874927804536414,1.8756709547025303,2.324927804536414
352.66101640700003,4.275618537519412,4.877430036028118,1.8756185287353868,2.327430036028118
352.69128121100005,4.275576894665867,4.8799324702016476,1.8755768858818418,2.3299324702016477
352.77297857100007,4.275546035699199,4.882435060588483,1.8755460269151745,2.332435060588483
352.86790494900004,4.275525961192443,4.884937760717197,1.875525952408418,2.334937760717197
352.88974228899997,4.2755166715183615,4.887440524114335,1.8755166627343365,2.337440524114335
352.920236852,4.275518583151128,4.889881444509019,1.8755185743671032,2.339881444509019
352.97009643900003,4.275532621314251,4.892301705210449,1.8755326125302259,2.342301705210449
353.0349764040001,4.275558818717128,4.894721864839276,1.875558809933103,2.3447218648392765
353.1505759610001,4.27559717469851,4.897141862308616,1.8755971659144852,2.347141862308616
353.17390546,4.275647688290258,4.899561636535678,1.875647679506233,2.349561636535678
353.207791587,4.275710006225894,4.901966005316629,1.8757099974418687,2.351966005316629
353.244038845,4.275784364251117,4.9043473331017875,1.875784355467092,2.3543473331017877
353.310701827,4.2758714654032195,4.906728228841965,1.8758714566191945,2.3567282288419653
353.39746330800006,4.275971307187532,4.9091086243457385,1.8759712984035066,2.3591086243457386
353.42462611999997,4.276085450333235,4.911526758451186,1.8760854415492099,2.361526758451186
353.47207358800006,4.276212590982649,4.913970617892541,1.8762125821986237,2.363970617892541
353.520842131,4.276351439199565,4.916413840126906,1.8763514304155398,2.3664138401269064
353.57378283700007,4.276501991796617,4.9188563690682585,1.876501983012592,2.3688563690682587
353.69567511,4.276664245317756,4.921298148646502,1.8766642365337307,2.3712981486465026
353.754878125,4.276835049978862,4.923689017003679,1.8768350411948371,2.373689017003679
353.763018911,4.277017858847382,4.926070112276605,1.8770178500633574,2.3760701122766053
353.79806799100004,4.277213292241558,4.928450204621366,1.8772132834575328,2.378450204621366
353.85541392900006,4.277421344665283,4.930829227103421,1.8774213358812584,2.380829227103421
353.962481259,4.277642010267569,4.933207112818317,1.8776420014835442,2.383207112818317
354.00705990100005,4.277875282842709,4.935583794893569,1.8778752740586842,2.385583794893569
354.03042087000006,4.278116512700244,4.9379104549424575,1.8781165039162189,2.3879104549424577
354.062882684,4.278370305359843,4.9402270848831735,1.878370296575818,2.3902270848831737
354.13393724,4.2786375356601365,4.942542203230665,1.8786375268761115,2.392542203230665
354.236807395,4.278918194604117,4.944855732040396,1.8789181858200918,2.394855732040396
354.28587887900005,4.279217565489239,4.9472118646463805,1.8792175567052136,2.3972118646463807
354.315612484,4.27953188397833,4.949585946582558,1.879531875194305,2.399585946582558
354.34732118600004,4.279858650273633,4.951958347252881,1.8798586414896081,2.401958347252881
354.41352740700006,4.280197855385636,4.954329001391356,1.8801978466016114,2.404329001391356
354.512561347,4.2805494899826275,4.9566978437800495,1.8805494811986025,2.4066978437800497
354.561297279,4.280913568391259,4.959064966631682,1.8809135596072344,2.409064966631682
354.588913542,4.281290107313655,4.961430515524497,1.8812900985296301,2.411430515524497
354.61505648,4.281679037560187,4.963794058709573,1.8816790287761624,2.4137940587095734
354.689989225,4.282080348449936,4.966155531278574,1.8820803396659112,2.416155531278574
354.7918467310001,4.282494028961978,4.968514868380038,1.8824940201779534,2.418514868380038
354.83712982400004,4.282919301564958,4.9708676375864655,1.8829192927809326,2.4208676375864657
354.86701529000004,4.283356499725925,4.973215213025196,1.8833564909419,2.4232152130251965
354.893543043,4.283806144401853,4.975560436327548,1.8838061356178284,2.4255604363275483
354.95570601200006,4.284268222940768,4.977903241504334,1.884268214156743,2.4279032415043345
355.058967542,4.284740761069652,4.980233696700592,1.884740752285627,2.4302336967005918
355.10742838400006,4.285223970058711,4.98255168854074,1.885223961274686,2.43255168854074
355.11304404500004,4.285719871678814,4.984866998170419,1.8857198628947889,2.4348669981704187
355.164863575,4.286228451044083,4.987179556089115,1.8862284422600584,2.4371795560891147
355.235521651,4.286749692888084,4.989489292878918,1.8867496841040592,2.4394892928789185
355.330191894,4.287283581564281,4.991796139206597,1.8872835727802557,2.4417961392065974
355.37590026,4.287827761773265,4.99409014394774,1.88782775298924,2.44409014394774
355.39725700400004,4.288377900730791,4.9963513851674755,1.888377891946766,2.4463513851674756
355.43234852,4.288941215323067,4.998609380162273,1.8889412065390423,2.4486093801622735
355.50159931200005,4.289517686397822,5.0008640521620045,1.8895176776137972,2.4508640521620046
355.61305625800003,4.290109391666517,5.003123389915061,1.8901093828824922,2.453123389915061
355.683718073,4.290718038572878,5.005394907067204,1.8907180297888533,2.4553949070672045
355.6844483990001,4.2913394395422415,5.007662968368044,1.8913394307582165,2.4576629683680444
355.715109492,4.291973574954812,5.009927502206964,1.8919735661707873,2.4599275022069644
355.78352844200003,4.292620424788722,5.012188437084724,1.8926204160046969,2.4621884370847242
355.886566464,4.293279968620655,5.014445701615712,1.8932799598366299,2.4644457016157117
355.939646519,4.293956011164878,5.016712262180707,1.8939560023808526,2.4667122621807076
355.96131654500005,4.294647690717118,5.018986213932103,1.8946476819330926,2.4689862139321033
355.98938489500006,4.2953516414197015,5.021256396871648,1.8953516326356765,2.471256396871648
356.049482355,4.296067842738928,5.023522744779848,1.8960678339549033,2.4735227447798485
356.14653966000003,4.296796273783753,5.0257851915490805,1.8967962649997276,2.4757851915490807
356.193577236,4.297544953464834,5.028068921328114,1.8975449446808086,2.4780689213281137
356.214465032,4.298307023138861,5.030353884146891,1.898307014354836,2.480353884146891
356.24854253600006,4.299080792348286,5.0326349116526,1.8990807835642607,2.4826349116526005
356.29925557600006,4.299866240772541,5.03491194394137,1.8998662319885162,2.48491194394137
356.41710180300004,4.3006594907159235,5.037173713623927,1.9006594819318985,2.4871737136239274
356.474743087,4.301462522112605,5.039425254227962,1.9014625133285796,2.489425254227962
356.498569331,4.302277436381708,5.041672521290346,1.9022774275976828,2.4916725212903463
356.53803563100007,4.303104210781846,5.043915452097779,1.9031042019978206,2.493915452097779
356.58581852300006,4.303942822240662,5.0461539840579706,1.9039428134566374,2.4961539840579707
356.70248983700003,4.30479324735547,5.048388054701387,1.9047932385714454,2.498388054701387
356.756430064,4.305641977234063,5.050581646206927,1.905641968450038,2.5005816462069275
356.76348536,4.3065030116773695,5.052770437148836,1.9065030028933445,2.502770437148836
356.800836873,4.307376323534196,5.054954358507463,1.9073763147501714,2.5049543585074634
356.8522108110001,4.308261885266194,5.057133341416702,1.9082618764821686,2.5071333414167025
356.950108052,4.309160052256636,5.059308240787303,1.9091600434726108,2.509308240787303
357.00708380599997,4.310083627818489,5.06151061479307,1.9100836190344643,2.51151061479307
357.029737521,4.311018868087866,5.063708060746513,1.9110188593038413,2.513708060746513
357.05639618,4.311965746770681,5.065900516866899,1.9119657379866557,2.515900516866899
357.114937282,4.312924237245635,5.068087921513779,1.9129242284616104,2.5180879215137795
357.246270806,4.313894312564974,5.070270213188737,1.9138943037809493,2.520270213188737
357.305352342,4.314864738453845,5.07242239988752,1.9148647296698198,2.52242239988752
357.3152725,4.31582133020469,5.074510817445187,1.915821321420665,2.5245108174451873
357.34883969500004,4.3167906267281895,5.076593368746453,1.9167906179441645,2.526593368746453
357.47577423200005,4.317772592051696,5.078669976503421,1.9177725832676713,2.528669976503421
357.522155397,4.318767189732386,5.080740563648758,1.9187671809483606,2.5307405636487585
357.5518956330001,4.31980773172211,5.082875362489673,1.9198077229380854,2.5328753624896736
357.575755746,4.320862760832386,5.085010797037187,1.9208627520483614,2.535010797037187
357.600732094,4.321929215022756,5.087140548804436,1.921929206238731,2.5371405488044365
357.753136703,4.323007063684747,5.089264556665086,1.9230070549007219,2.5392645566650858
357.797731013,4.324094520066803,5.0913792681540135,1.9240945112827776,2.5413792681540137
357.807387845,4.32519316928839,5.0934876967327885,1.925193160504365,2.5434876967327886
357.84389165900006,4.326303177405241,5.095590167461342,1.926303168621216,2.5455901674613424
357.875215947,4.3274245121096975,5.097686619145614,1.9274245033256725,2.5476866191456145
358.00422916700006,4.328557140764434,5.099776990766733,1.928557131980409,2.549776990766733
358.04771279400006,4.329701030403401,5.101861221482792,1.9297010216193757,2.551861221482792
358.083771404,4.330854411718469,5.103936109209466,1.9308544029344437,2.5539361092094666
358.10375456400004,4.332016465773441,5.1059999758925905,1.9320164569894156,2.5559999758925906
358.123519879,4.333189797394552,5.10805745206968,1.9331897886105271,2.55805745206968
358.261030185,4.334374371439453,5.110108476117454,1.934374362655428,2.5601084761174544
358.308462792,4.335570152429071,5.1121529866058735,1.9355701436450459,2.5621529866058737
358.320827946,4.3367724868340325,5.114183046938538,1.9367724780500075,2.5641830469385383
358.345310307,4.337982342247256,5.1161999287489985,1.9379823334632307,2.5661999287489987
358.3726028770001,4.3392035065415255,5.1182099835056345,1.9392034977575006,2.5682099835056347
358.521051369,4.340435941193819,5.120213147798975,1.9404359324097942,2.5702131477989756
358.5834625140001,4.341679607325575,5.122209358436908,1.9416795985415498,2.5722093584369086
358.583788258,4.342936316815762,5.124201523935239,1.942936308031737,2.5742015239352396
358.618981428,4.344205120379537,5.1261882457244905,1.9442051115955121,2.5761882457244907
358.64789952399997,4.345484970095925,5.128167869591492,1.9454849613119003,2.578167869591492
358.777147057,4.346775826258883,5.130140334120418,1.9467758174748577,2.5801403341204185
358.830356379,4.348073252539404,5.132098953964502,1.948073243755379,2.5820989539645023
358.83542783200005,4.349357056506795,5.1340125101550065,1.9493570477227702,2.5840125101550067
358.874833394,4.350652374422578,5.135918291206935,1.9506523656385526,2.5859182912069354
358.90342942000007,4.3519591591993345,5.137816227841304,1.9519591504153095,2.587816227841304
359.02023374400005,4.353277363332795,5.1397062510642755,1.9532773545487703,2.5897062510642757
359.07489915400004,4.3546069389035695,5.141588292169683,1.9546069301195446,2.591588292169683
359.101707378,4.355965609880488,5.143487465090858,1.9559656010964628,2.593487465090858
359.12894206400006,4.3573440742821035,5.145391548415431,1.9573440654980785,2.5953915484154315
359.170403674,4.358733231860924,5.147287844445763,1.9587332230768992,2.5972878444457628
359.19803445800005,4.360133038625562,5.149176293130562,1.9601330298415367,2.5991762931305624
359.25035151200007,4.361543450247389,5.151056834667051,1.961543441463364,2.601056834667051
359.35465348,4.3629604453621935,5.152924157429887,1.9629604365781685,2.6029241574298876
359.37522185700004,4.364378841134383,5.154771072382171,1.964378832350358,2.604771072382171
359.40465059400003,4.3658079576822475,5.15660970429208,1.9658079488982225,2.6066097042920804
359.445716263,4.367247746636188,5.158439990929637,1.9672477378521633,2.6084399909296367
359.481047926,4.368698159265389,5.160261870347319,1.9686981504813637,2.610261870347319
359.63301505100003,4.370159146479465,5.162075280882149,1.9701591376954402,2.6120752808821495
359.664630603,4.371637996788677,5.163889252884129,1.9716379880046522,2.613889252884129
359.70052218500007,4.37313204029674,5.165700839408543,1.9731320315127152,2.615700839408543
359.773911851,4.37463629350017,5.167503957274735,1.9746362847161447,2.617503957274735
359.80368156400004,4.376150708397174,5.1692985489439325,1.9761506996131488,2.6192985489439327
359.917015373,4.377676732633891,5.171086320515582,1.9776767238498656,2.621086320515582
359.984814595,4.379214608527706,5.172867642889838,1.9792145997436807,2.6228676428898385
359.990834019,4.3807624435120545,5.1746403184176835,1.9807624347280295,2.6246403184176836
360.07329387699997,4.38232018897015,5.1764042914201935,1.9823201801861248,2.6264042914201937
360.09870684200007,4.383887795973915,5.178159506491781,1.98388778718989,2.628159506491781
360.18783161400006,4.385465215285537,5.179905908501948,1.985465206501512,2.6299059085019483
360.224226595,4.387044087881256,5.18163427913435,1.9870440790972315,2.6316342791343503
360.23900327800004,4.388624561934117,5.183344379587593,1.9886245531500921,2.6333443795875935
360.31241928400004,4.390214959973284,5.185045254617973,1.9902149511892593,2.635045254617973
360.353033827,4.3918152281498015,5.186736846635913,1.9918152193657765,2.6367368466359133
360.41641793300005,4.393429265450357,5.188423253322073,1.993429256666332,2.638423253322073
360.468325959,4.395057800074011,5.190105434374489,1.995057791289986,2.6401054343744894
360.48748326500004,4.396695910652012,5.1917782917646464,1.9966959018679868,2.6417782917646466
360.565871186,4.3983435438055585,5.19344177098149,1.9983435350215335,2.6434417709814904
360.604469172,4.400000645845558,5.195095817819576,2.000000637061533,2.645095817819576
360.681005258,4.401667162774357,5.196740378380808,2.0016671539903323,2.646740378380808
360.743623606,4.4033499532384495,5.198382193432364,2.0033499444544245,2.648382193432364
360.758276991,4.405048814233488,5.200021364541304,2.0050488054494626,2.6500213645413044
360.828473474,4.40675673073745,5.201651098206766,2.006756721953425,2.6516510982067665
360.91258739500006,4.408473650324609,5.203271344402902,2.008473641540584,2.653271344402902
360.962661509,4.410199520292878,5.20488205339508,2.0101995115088527,2.65488205339508
360.98615164700004,4.411927390607635,5.206476796102987,2.0119273818236096,2.6564767961029876
361.008532272,4.413648212340153,5.208046796404726,2.013648203556128,2.658046796404726
361.08496021200006,4.415378129476989,5.209606769187259,2.0153781206929637,2.659606769187259
361.17772813199997,4.417117083586994,5.211156661759625,2.0171170748029694,2.661156661759625
361.250786081,4.418865015933777,5.212696421771333,2.0188650071497523,2.662696421771333
361.251484797,4.420628585412568,5.214231966816423,2.020628576628543,2.6642319668164234
361.26349567400007,4.422400930530067,5.215757374524724,2.022400921746042,2.6657573745247243
361.339457787,4.4241819930157416,5.217272594744419,2.0241819842317166,2.6672725947444196
361.430207419,4.425971714312461,5.218777577658646,2.0259717055284363,2.6687775776586458
361.471937895,4.4277700355784155,5.22027227378712,2.0277700267943906,2.67027227378712
361.50797754000007,4.429573187768532,5.221753522881999,2.029573178984507,2.671753522881999
361.530864778,4.431384865335959,5.223224332554758,2.031384856551934,2.673224332554758
361.601123693,4.433205007842082,5.224684653738335,2.0332049990580567,2.6746846537383355
361.67987942700006,4.435033554565895,5.226134437715569,2.0350335457818702,2.676134437715569
361.72834364100004,4.436862761243778,5.22756762039884,2.036862752459753,2.6775676203988406
361.745820989,4.438669767274872,5.2289657812665995,2.038669758490847,2.6789657812665997
361.772685896,4.4404854053446075,5.230352714216774,2.0404853965605825,2.680352714216774
361.85223174500004,4.442309605688852,5.231728365957803,2.042309596904827,2.6817283659578033
361.93994325799997,4.44414229821448,5.233092683631612,2.044142289430455,2.683092683631612
361.98164515200006,4.445995741479496,5.234454743402457,2.0459957326954714,2.6844547434024575
362.004189915,4.44787062737405,5.235815465109315,2.0478706185900246,2.6858154651093153
362.040149271,4.44975353926355,5.237165058936167,2.0497535304795247,2.6871650589361673
362.125213616,4.451644411102348,5.2385034775442065,2.0516444023183227,2.6885034775442067
362.226968921,4.453543176565588,5.239830673986609,2.0535431677815628,2.6898306739866094
362.27204562200006,4.455447527697171,5.241145055964443,2.055447518913146,2.6911450559644434
362.28893880500004,4.457350737876602,5.242441845168159,2.0573507290925774,2.692441845168159
362.325388178,4.459261746566589,5.2437271144056155,2.0592617377825637,2.6937271144056156
362.39778919900004,4.461180484038701,5.24500081678022,2.0611804752546763,2.6950008167802197
362.4900260730001,4.463106880282505,5.246262905817421,2.0631068714984804,2.696262905817421
362.54949274,4.46503194418566,5.2475075158604705,2.065031935401635,2.6975075158604707
362.551874744,4.4669573374354625,5.248735484949182,2.0669573286514376,2.6987354849491823
362.5882344820001,4.468890317197355,5.249951476926669,2.0688903084133297,2.6999514769266693
362.6499206980001,4.47083080896747,5.251155444924305,2.0708308001834452,2.7011554449243054
362.754174238,4.472778737952391,5.252347342536904,2.0727787291683657,2.7023473425369042
362.801401889,4.47425718547226,5.253234524714479,2.0742571766882354,2.703234524714479
362.8034234290001,4.475745351793079,5.254105306137576,2.075745343009054,2.704105306137576
362.84713780800007,4.477243054985055,5.25495958035231,2.0772430462010303,2.70495958035231
362.89382075900005,4.478750111952516,5.255797242922826,2.0787501031684914,2.7057972429228263
362.97781527100005,4.4802663384562775,5.256618191444058,2.0802663296722526,2.7066181914440586
363.027192461,4.481837279214327,5.25744661346118,2.081837270430302,2.7074466134611805
363.04710511999997,4.483463941463913,5.258283442672908,2.0834639326798876,2.708283442672908
363.07135021199997,4.485099010360394,5.259103724885074,2.0850990015763693,2.7091037248850744
363.13871060200006,4.486742317587124,5.259907375656494,2.086742308803099,2.7099073756564938
363.23584649500003,4.488393693979396,5.260694312258056,2.088393685195371,2.710694312258056
363.2850351640001,4.4901097177349945,5.261491075605667,2.0901097089509695,2.711491075605667
363.31071776600004,4.4919022583483335,5.26230392945419,2.0919022495643085,2.7123039294541904
363.33802046799997,4.49370199569239,5.263100722226455,2.0937019869083646,2.7131007222264554
363.38674893200005,4.495508785864157,5.263881390212683,2.095508777080132,2.7138813902126833
363.49051804300007,4.497322484396705,5.264645870992395,2.0973224756126796,2.7146458709923955
363.539682847,4.499190069880429,5.265413688161432,2.099190061096404,2.7154136881614326
363.56993714600003,4.501127807108254,5.266192400778823,2.1011277983242294,2.716192400778823
363.590199009,4.503071636316139,5.266955779397396,2.1030716275321137,2.716955779397396
363.64826717000005,4.505021436162898,5.267703776364166,2.105021427378873,2.717703776364166
363.75425687200004,4.506979894003509,5.268437398206367,2.106979885219484,2.718437398206367
363.79645257100003,4.509053792099892,5.269197172410525,2.109053783315867,2.7191971724105253
363.816978554,4.511139933876956,5.26994542415622,2.1111399250929312,2.7199454241562204
363.84162662200004,4.513231109813289,5.270679489134442,2.1132311010292644,2.720679489134442
363.872232196,4.515327223433301,5.271399333479388,2.1153272146492763,2.721399333479388
363.978868586,4.517428178033605,5.272104923981322,2.1174281692495804,2.7221049239813224
364.059557908,4.519559812029003,5.272804833591295,2.1195598032449783,2.7228048335912955
364.06107903300006,4.521789950710687,5.2735225412016495,2.121789941926662,2.7235225412016497
364.06964587900006,4.5240241411639825,5.274227534656955,2.1240241323799576,2.724227534656955
364.095430811,4.526262310905358,5.274919791085211,2.1262623021213334,2.7249197910852114
364.20920084400007,4.5285053444567795,5.275599577680575,2.1285053356727546,2.7255995776805753
364.25914105100003,4.530832863865906,5.276291594765455,2.130832855081881,2.7262915947654554
364.266112606,4.533168063230735,5.276973427679471,2.13316805444671,2.7269734276794715
364.31313019900006,4.535506586615899,5.27764377130268,2.135506577831874,2.72764377130268
364.344766509,4.537848377493919,5.278302609431337,2.137848368709894,2.7283026094313367
364.446110318,4.540193379258324,5.278949926139808,2.140193370474299,2.7289499261398085
364.496861028,4.542594792050314,5.279600667502515,2.1425947832662886,2.729600667502515
364.510580849,4.545013607778868,5.280244966391384,2.145013598994843,2.7302449663913846
364.5338620570001,4.547435175402356,5.280878844007161,2.147435166618331,2.7308788440071607
364.58702385000004,4.549859450021784,5.281502288596931,2.149859441237759,2.731502288596931
364.7133172900001,4.552315436584889,5.28212280088164,2.1523154278008643,2.7321228008816405
364.769717325,4.554802900799004,5.282741149265238,2.154802892014979,2.7327411492652383
364.790499651,4.557292688161528,5.283350076050177,2.157292679377503,2.7333500760501774
364.81605254400006,4.559784762987047,5.283949572508885,2.1597847542030224,2.7339495725088856
364.874848529,4.56227908955737,5.284539630048952,2.1622790807733447,2.7345396300489524
364.992433882,4.564775632122022,5.2851202402132476,2.1647756233379973,2.7351202402132477
365.04325496800004,4.5672969886826715,5.285696717840954,2.1672969798986466,2.7356967178409546
365.04531005700005,4.569837152580941,5.2862682647586565,2.1698371437969164,2.7362682647586567
365.09247668,4.572379264667033,5.286831083247121,2.172379255883008,2.7368310832471208
365.14758694400007,4.5749232949486895,5.287385166666125,2.1749232861646646,2.737385166666125
365.28042749400004,4.577469213411027,5.2879305084784995,2.1774692046270023,2.7379305084784997
365.33065759600004,4.580028978612281,5.2884696562109115,2.1800289698282564,2.7384696562109117
365.35725169,4.582639639509769,5.289011243416041,2.182639630725744,2.7390112434160407
365.3932128910001,4.585251856039777,5.289545276956915,2.1852518472557523,2.739545276956915
365.44326284400006,4.587865606346647,5.290071752365432,2.1878655975626224,2.7400717523654325
365.559246658,4.590471068707545,5.290588696214179,2.1904710599235204,2.7405886962141794
365.61944358000005,4.593055237036637,5.291093055166147,2.193055228252612,2.7410930551661474
365.62990809200005,4.595640996798859,5.291589190588757,2.195640988014834,2.7415891905887575
365.685152926,4.598228321824765,5.292077097460821,2.19822831304074,2.742077097460821
365.7160314160001,4.600817185929071,5.292556770844426,2.2008171771450464,2.742556770844426
365.82546464200004,4.603407562910906,5.293028205884987,2.203407554126881,2.743028205884987
365.887421509,4.606016256232342,5.293494463755829,2.2060162474483174,2.7434944637558294
365.90643545800003,4.608682269766662,5.293963570606115,2.2086822609826373,2.743963570606115
365.945633423,4.61134946603808,5.294425905389583,2.211349457254055,2.7444259053895834
366.067352002,4.614017827844555,5.2948814651244165,2.21401781906053,2.7448814651244167
366.12569715300003,4.616687337976553,5.295330246872493,2.216687329192528,2.745330246872493
366.136278509,4.619361384806361,5.295772836581756,2.2193613760223356,2.7457728365817564
366.167997743,4.6220383646187315,5.2962090504199475,2.2220383558347065,2.7462090504199477
366.201344995,4.62471642380807,5.2966385878535664,2.224716415024045,2.7466385878535666
366.33207035400005,4.627395545723404,5.2970614462119405,2.227395536939379,2.7470614462119407
366.3834267550001,4.630092281086876,5.297480258250653,2.230092272302851,2.7474802582506532
366.396167719,4.632844282273541,5.297901967055166,2.232844273489516,2.7479019670551663
366.42017281000005,4.635597067625932,5.298318526355849,2.235597058841907,2.748318526355849
366.474843555,4.638350627508363,5.2987299346946095,2.2383506187243376,2.7487299346946097
366.5962227140001,4.641104952282452,5.299136190631374,2.2411049434984274,2.749136190631374
366.646703902,4.643875160825667,5.2995396426985355,2.243875152041642,2.7495396426985357
366.663003451,4.64664984248296,5.299938909349522,2.246649833698935,2.749938909349522
366.69045950500004,4.649425200883559,5.300333444400101,2.2494251920995336,2.750333444400101
366.73384120800006,4.652201227958779,5.300723246703259,2.252201219174754,2.7507232467032594
366.86682831999997,4.654977915637994,5.301108315125738,2.2549779068539686,2.7511083151257383
366.94270260999997,4.657755255848658,5.301488648548047,2.2577552470646327,2.7514886485480474
366.94322785500003,4.660515666249054,5.3018617583229215,2.2605156574650294,2.7518617583229217
366.96772960600003,4.663262407405307,5.302227542499173,2.2632623986212823,2.752227542499173
366.988616684,4.666009869141288,5.302587874363401,2.2660098603572627,2.7525878743634014
367.15032959000007,4.668759032147538,5.302942882533451,2.2687590233635127,2.7529428825334508
367.206312766,4.671598292546106,5.303305124041814,2.271598283762081,2.7533051240418143
367.218755718,4.6744434430353055,5.303664807396349,2.2744434342512805,2.7536648073963494
367.24735151900006,4.677289003770326,5.30402123063494,2.2772889949863013,2.7540212306349403
367.28117351800006,4.680134971015573,5.304374393289683,2.2801349622315477,2.754374393289683
367.42402795,4.682981341034902,5.3047242948969515,2.2829813322508774,2.7547242948969517
367.470944188,4.6858252828309235,5.305070586816328,2.2858252740468985,2.755070586816328
367.504526691,4.688653629477496,5.305411388494819,2.2886536206934713,2.755411388494819
367.534792393,4.691482420266599,5.3057484837465205,2.291482411482574,2.7557484837465207
367.561548636,4.694311650341122,5.30608187199263,2.294311641557097,2.75608187199263
367.693163531,4.6971413148432015,5.306411552660713,2.2971413060591765,2.7564115526607136
367.74123917400004,4.700008274373559,5.306742160223383,2.300008265589534,2.756742160223383
367.780857719,4.702887090331478,5.307071525964576,2.302887081547453,2.7570715259645766
367.811704869,4.705766197467603,5.307398336628054,2.305766188683578,2.7573983366280546
367.858535459,4.708645593514182,5.307722591956399,2.3086455847301575,2.757722591956399
367.89176444200007,4.711525276203253,5.3080442916942125,2.311525267419228,2.7580442916942127
367.9315158300001,4.7144052432666115,5.308363435588104,2.3144052344825865,2.7583634355881044
368.06378677,4.717285492435837,5.3086800233866995,2.3172854836518124,2.7586800233866997
368.094486051,4.7201660214422825,5.308994054840636,2.3201660126582575,2.7589940548406364
368.12637537500007,4.723077987088414,5.309309125167048,2.3230779783043887,2.7593091251670483
368.17030962399997,4.726030927908797,5.309627624265725,2.3260309191247717,2.7596276242657254
368.224889468,4.728983951253142,5.3099453573176705,2.3289839424691174,2.7599453573176707
368.311105965,4.731938977534361,5.310262535264029,2.3319389687503365,2.7602625352640295
368.34499653600005,4.734901752615657,5.310579938315383,2.3349017438316317,2.7605799383153835
368.3660408630001,4.7378645834150825,5.310896820838304,2.3378645746310576,2.760896820838304
368.468732618,4.740827469841184,5.311213182823012,2.340827461057159,2.7612131828230124
368.5185404040001,4.743790411802514,5.311529024259745,2.3437904030184886,2.761529024259745
368.58861382200007,4.746753409207611,5.311844345138748,2.346753400423586,2.7618443451387478
368.61884543400004,4.749719075073841,5.312159445219581,2.349719066289816,2.762159445219581
368.64807510900005,4.7526861942199,5.312474271398772,2.3526861854358754,2.762474271398772
368.73754618099997,4.755653357607205,5.312788680341181,2.35565334882318,2.762788680341181
368.78229303500007,4.75862056517708,5.313102672040595,2.358620556393055,2.7631026720405956
368.84221768500004,4.761587816870854,5.313416246490802,2.361587808086829,2.7634162464908023
368.89371211900004,4.764544144083204,5.31372851606569,2.364544135299179,2.76372851606569
368.9269902550001,4.767494498888626,5.314040933981358,2.3674944901046007,2.7640409339813585
369.00280658200006,4.770444763814423,5.314354199522909,2.3704447550303978,2.7643541995229093
369.04679228300006,4.773394938617076,5.3146683126644865,2.3733949298330512,2.7646683126644866
369.114098949,4.776351737795692,5.314983955749217,2.376351729011667,2.7649839557492175
369.163236212,4.779318550627742,5.315301169620902,2.3793185418437166,2.765301169620902
369.18482469,4.7822853186818,5.315618802009392,2.382285309897775,2.765618802009392
369.27182333300004,4.7852520418988265,5.315936852908369,2.3852520331148015,2.7659368529083688
369.31041934000007,4.788218720219788,5.3162553223115,2.3882187114357634,2.7662553223115003
369.400899558,4.791185625172617,5.316574239067703,2.3911856163885923,2.766574239067703
369.447915694,4.794154933532774,5.3168937955675,2.3941549247487495,2.7668937955675004
369.478201408,4.797124204357434,5.317213700653584,2.3971241955734093,2.767213700653584
369.55303799600006,4.800093437605672,5.317533954321548,2.400093428821647,2.7675339543215483
369.645040699,4.803062633236563,5.317854556566976,2.4030626244525384,2.7678545565669763
369.665390978,4.805953053388344,5.318167688475368,2.405953044604319,2.7681676884753683
369.69063291300006,4.808809432888957,5.318480185271153,2.408809424104932,2.7684801852711534
369.7488397110001,4.811665467861369,5.318795815331984,2.411665459077344,2.768795815331984
369.814252065,4.814521154868582,5.319114578278026,2.414521146084557,2.7691145782780264
369.92414347,4.817376490474027,5.31943647372568,2.417376481690002,2.76943647372568
370.006598232,4.820231471241553,5.3197615012875685,2.420231462457528,2.7697615012875687
370.007219094,4.823164581878157,5.320097575718248,2.4231645730941325,2.770097575718248
370.023905722,4.826104747000026,5.320435502380186,2.4261047382160013,2.7704355023801863
370.10879768200004,4.829044793390667,5.3207744604802265,2.4290447846066416,2.7707744604802267
370.189269501,4.83198472068824,5.321114449976653,2.431984711904215,2.771114449976653
370.23361476900004,4.834899034709054,5.321452757755782,2.4348990259250294,2.7714527577557826
370.253126134,4.837804644246908,5.321791935241591,2.4378046354628826,2.771791935241591
370.28506799700006,4.840710033707736,5.322132992764978,2.440710024923711,2.772132992764978
370.34451586,4.843615201875083,5.3224759301831455,2.4436151930910577,2.7724759301831456
370.434366428,4.846520147532587,5.322820747352511,2.446520138748562,2.772820747352511
370.4891301370001,4.849443511967433,5.323169498676778,2.449443503183408,2.7731694986767783
370.509123768,4.852375228961575,5.323520496868873,2.4523752201775504,2.7735204968688736
370.54927254300003,4.855306801682469,5.323872698014089,2.4553067928984444,2.773872698014089
370.61338776,4.858238229636521,5.3242261020531245,2.4582382208524964,2.7742261020531247
370.70475787600003,4.861169512330149,5.324580708926474,2.4611695035461243,2.7745807089264742
370.769198966,4.864100649269805,5.324936518574435,2.4641006404857797,2.7749365185744352
370.80003616700003,4.867004424101853,5.325290386334721,2.467004415317828,2.7752903863347216
370.841575597,4.869880712700053,5.325643319809911,2.469880703916028,2.7756433198099115
370.900720021,4.872756687753184,5.325998799249244,2.472756678969159,2.775998799249244
371.000184966,4.87563234700768,5.326356824374167,2.475632338223655,2.776356824374167
371.060863304,4.878532989738843,5.326720239132495,2.4785329809548178,2.776720239132495
371.07643268900006,4.88143367629086,5.327085610059352,2.481433667506835,2.777085610059352
371.12064271500003,4.884334120305483,5.327452901367793,2.484334111521458,2.777452901367793
371.17030242600003,4.887234320511345,5.327822112896822,2.48723431172732,2.777822112896822
371.2528124500001,4.890121757643541,5.328191670616412,2.4901217488595164,2.778191670616412
371.30314981900005,4.892958759531156,5.3285577585206765,2.4929587507471314,2.7785577585206767
371.34139208,4.895795316824048,5.328927275486769,2.4957953080400226,2.778927275486769
371.382412777,4.898631425377515,5.329300220974759,2.4986314165934904,2.7793002209747595
371.46777013200006,4.901467081047541,5.329676594439717,2.5014670722635164,2.7796765944397173
371.602366145,4.904304724492003,5.330056720500754,2.504304715707978,2.7800567205007543
371.63811427100006,4.907168583227457,5.330443440458329,2.507168574443432,2.7804434404583294
371.691272871,4.910032071486224,5.330832894145117,2.5100320627021993,2.7808328941451173
371.749918437,4.912895186658791,5.331225081206203,2.5128951778747664,2.7812250812062036
371.794167979,4.915757926135981,5.331620001284186,2.5157579173519564,2.7816200012841863
371.92379495,4.918620287308968,5.332017654019176,2.5186202785249434,2.7820176540191763
371.983630487,4.921482575513539,5.332418082074904,2.521482566729514,2.782418082074904
371.9840896630001,4.924350342147692,5.332821981501158,2.524350333363667,2.782821981501158
372.03225387200007,4.927217743815186,5.333228463839948,2.527217735031161,2.783228463839948
372.077204834,4.93008477818967,5.3336375287614874,2.530084769405645,2.7836375287614876
372.17130516400005,4.932951442945086,5.3340491759339015,2.532951434161061,2.7840491759339017
372.2286049190001,4.935816357239593,5.334463206076145,2.5358163484555685,2.784463206076145
372.24470477,4.938654654940176,5.334876384501772,2.5386546461561514,2.7848763845017723
372.295819209,4.9414924788795105,5.335292804407417,2.5414924700954855,2.785292804407417
372.35035923099997,4.944329825355672,5.335712465249863,2.5443298165716466,2.785712465249863
372.452672475,4.947176171352018,5.336136747742317,2.5471761625679927,2.786136747742317
372.50415891,4.9500835607451705,5.336572265707775,2.5500835519611456,2.7865722657077754
372.5210186190001,4.952990722624771,5.337009299788201,2.5529907138407464,2.7870092997882008
372.547459397,4.955897656200211,5.337447849864743,2.555897647416186,2.7874478498647433
372.60959345800006,4.9588043606809435,5.3378879158181345,2.5588043518969186,2.7878879158181347
372.73566787699997,4.96171083527649,5.338329497528701,2.561710826492465,2.788329497528701
372.797044692,4.964613867982318,5.338772108650126,2.564613859198293,2.788772108650126
372.823851988,4.967487701535417,5.339212294945732,2.5674876927513917,2.789212294945732
372.84659259500006,4.970361180706972,5.339654788693028,2.5703611719229467,2.789654788693028
372.92214298199997,4.97323430364429,5.340099589606717,2.573234294860265,2.790099589606717
373.01790053800005,4.97610706849491,5.340546697400006,2.576107059710885,2.790546697400006
373.071918946,4.978979473406594,5.34099611178462,2.5789794646225688,2.7909961117846205
373.09426011000005,4.981803904904168,5.341440884151547,2.581803896120143,2.7914408841515472
373.13197556299997,4.984622491768095,5.341888390763511,2.5846224829840696,2.7918883907635115
373.20301086000006,4.987440509705558,5.3423394661246055,2.587440500921533,2.7923394661246057
373.3065203780001,4.9902715214619295,5.342796237931242,2.5902715126779046,2.792796237931242
373.35003927800005,4.993130910232902,5.3432604373607155,2.5931309014488773,2.7932604373607157
373.36862553599997,4.9959898827749365,5.343727193461689,2.5959898739909115,2.793727193461689
373.411831411,4.998848436802027,5.344196505860945,2.598848428018002,2.7941965058609455
373.45991282400007,5.001706570028509,5.344668374183232,2.6017065612444843,2.7946683741832326
373.568853438,5.0045642801690535,5.345142798051248,2.6045642713850286,2.7951427980512484
373.6463632780001,5.007421564938664,5.345619777085648,2.6074215561546388,2.7956197770856486
373.65513433399997,5.010152216341476,5.346079680749878,2.610152207557451,2.7960796807498784
373.67732922000005,5.012881941989762,5.346545047647022,2.612881933205737,2.7965450476470224
373.740908129,5.015610730953229,5.347015875913675,2.615610722169204,2.797015875913675
373.84615275,5.018338572305316,5.347492163664553,2.618338563521291,2.797492163664553
373.906812198,5.021109716659885,5.3479812360807335,2.6211097078758603,2.7979812360807337
373.916150132,5.023890898372615,5.348476441133258,2.62389088958859,2.798476441133258
373.944229498,5.026671325501295,5.348975865547325,2.6266713167172697,2.798975865547325
374.0108780620001,5.029450991644691,5.349479508173131,2.6294509828606656,2.799479508173131
374.1147953010001,5.032261395737709,5.349992912902333,2.6322613869536844,2.799992912902333
374.16072434299997,5.03512640065619,5.350518857595949,2.635126391872165,2.800518857595949
374.17444369400005,5.0379910076499765,5.351046965326315,2.6379909988659516,2.8010469653263153
374.201426913,5.040855215085998,5.351577235792363,2.6408552063019735,2.8015772357923634
374.259702319,5.043719021331422,5.352109668691793,2.6437190125473973,2.8021096686917932
374.369609794,5.046582424753644,5.352644263721079,2.6465824159696187,2.8026442637210796
374.42367299800003,5.049433892903932,5.353178876928215,2.6494338841199068,2.8031788769282153
374.445550334,5.0522194151035915,5.3537045563132395,2.6522194063195665,2.8037045563132397
374.47717802700004,5.055004181316334,5.354234225909306,2.655004172532309,2.8042342259093065
374.53007423200006,5.057788185826257,5.35476788462924,2.657788177042232,2.80476788462924
374.66273629,5.060569064544168,5.355305094668748,2.6605690557601434,2.805305094668748
374.722645071,5.063347886755982,5.35584612550491,2.663347877971957,2.8058461255049103
374.754348651,5.066125913564025,5.356391225774889,2.66612590478,2.806391225774889
374.78639268200004,5.068903139008841,5.356940394309329,2.6689031302248156,2.806940394309329
374.82898803,5.071679557132682,5.357493629930149,2.671679548348657,2.807493629930149
374.934717794,5.074455161979542,5.358050931450537,2.674455153195517,2.808050931450537
374.990082884,5.077264578506788,5.3586189558736095,2.677264569722763,2.8086189558736097
375.00752531700005,5.0800874839707975,5.359192781460961,2.6800874751867725,2.809192781460961
375.04098239000007,5.08290979431571,5.359769526968447,2.682909785531685,2.809769526968447
375.17466868200006,5.085731506521268,5.360349191778866,2.6857314977372426,2.810349191778866
375.21760263,5.088552617567834,5.3609317752718955,2.688552608783809,2.8109317752718956
375.257153085,5.091411098400743,5.361524764368798,2.6914110896167176,2.811524764368798
375.280345882,5.09428512419972,5.362122693232285,2.694285115415695,2.8121226932322854
375.31886637800005,5.097158815646571,5.362722226957169,2.697158806862546,2.8127222269571694
375.44498298100007,5.1000321718451405,5.363323365356485,2.7000321630611155,2.813323365356485
375.48705287200005,5.102855060102448,5.363916074034319,2.7028550513184233,2.813916074034319
375.50374364000004,5.105660601374128,5.364508459920185,2.7056605925901027,2.8145084599201855
375.537146129,5.108465460024425,5.365104069537923,2.7084654512403996,2.815104069537923
375.572838898,5.111269632349081,5.365702902100935,2.7112696235650557,2.815702902100935
375.70149769,5.114071618911477,5.3663046357135755,2.714071610127452,2.8163046357135757
375.7520084490001,5.116844413221141,5.366903857645265,2.7168444044371163,2.816903857645265
375.760897752,5.11961635723861,5.3675070007220755,2.719616348454585,2.8175070007220757
375.78953026,5.122387445418809,5.3681140637374645,2.722387436634784,2.8181140637374646
375.826443079,5.125157672218364,5.368725045477045,2.7251576634343393,2.818725045477045
375.962858869,5.127927032095635,5.369339944718586,2.72792702331161,2.8193399447185863
376.01796320100004,5.130695519510705,5.369958760232029,2.73069551072668,2.819958760232029
376.026924721,5.133491585664559,5.370587678471078,2.733491576880534,2.820587678471078
376.055619838,5.136315261512295,5.371225653727929,2.73631525272827,2.8212256537279288
376.08971680600007,5.139138354802481,5.3718662019277925,2.7391383460184557,2.8218662019277927
376.23859695500005,5.141960863190637,5.372509322538723,2.7419608544066123,2.822509322538723
376.287129357,5.144797677120772,5.373158332738774,2.7447976683367474,2.8231583327387746
376.289734737,5.147653939929306,5.373813740383972,2.747653931145281,2.8238137403839723
376.326486467,5.150509807413232,5.3744708684742655,2.750509798629207,2.8244708684742657
376.37258546400005,5.153365278536253,5.37512971677121,2.7533652697522277,2.82512971677121
376.51329711200003,5.156220352262219,5.375790285035732,2.756220343478194,2.8257902850357324
376.565720814,5.159073703769977,5.376452266386788,2.759073694985952,2.826452266386788
376.57769048700004,5.161901424422904,5.377110482322166,2.7619014156388793,2.8271104823221664
376.615536875,5.164728592554496,5.377771067414499,2.7647285837704714,2.827771067414499
376.648490928,5.167555206179814,5.378434021199994,2.767555197395789,2.8284340211999943
376.76324997100005,5.170381263314279,5.379099343213186,2.7703812545302537,2.829099343213186
376.83376487400005,5.173206761973725,5.379767032986955,2.7732067531897004,2.829767032986955
376.834462736,5.176004328621466,5.380430919481406,2.776004319837441,2.8304309194814063
376.857023637,5.178798126084525,5.381097180064232,2.7787981173004996,2.8310971800642326
376.892989631,5.181591183556057,5.381766536015533,2.7815911747720317,2.8317665360155333
376.92985515099997,5.18438349760657,5.3824389865134386,2.7843834888225447,2.8324389865134387
376.96143848200006,5.187175064807484,5.383114530732266,2.7871750560234587,2.8331145307322663
377.068866962,5.189949790754041,5.383789377088017,2.7899497819700163,2.833789377088017
377.130021264,5.192712912181208,5.384465292387851,2.792712903397183,2.8344652923878515
377.145580668,5.1954751207318886,5.385144928640824,2.7954751119478636,2.8351449286408243
377.1649192560001,5.198236411395269,5.385828284614041,2.7982364026112436,2.835828284614041
377.204581973,5.200996779162204,5.386515359067848,2.800996770378179,2.836515359067848
377.33962974400004,5.203756219025216,5.38720615075585,2.803756210241191,2.8372061507558506
377.40227921200005,5.206549155746582,5.3879090637176015,2.8065491469625568,2.8379090637176017
377.41936036900006,5.209389458088611,5.388626013517642,2.8093894493045863,2.8386260135176418
377.50617653300003,5.212229321168484,5.3893447012784055,2.8122293123844586,2.8393447012784057
377.52902557900006,5.2150687439227585,5.390065126730764,2.8150687351387336,2.8400651267307646
377.603536117,5.217913627695107,5.390788774627327,2.817913618911082,2.8407887746273275
377.65306341300004,5.220785174423838,5.391520463387382,2.8207851656398133,2.841520463387382
377.674100094,5.2236564882839085,5.392253065444298,2.8236564794998835,2.8422530654442983
377.74055576700005,5.226527568984856,5.392986580723961,2.8265275602008306,2.842986580723961
377.766059422,5.229398416236226,5.393721009152165,2.8293984074522007,2.8437210091521647
377.854740837,5.232269029747594,5.394456350654615,2.8322690209635693,2.8444563506546148
377.91159061400003,5.235084481245348,5.395179213289989,2.835084472461323,2.845179213289989
377.944560424,5.23789644790509,5.39590368015628,2.837896439121065,2.8459036801562805
377.998387868,5.2407078095263735,5.396630491390542,2.8407078007423485,2.846630491390542
378.02345383,5.24351856415467,5.397359646487477,2.8435185553706455,2.847359646487477
378.12707955300004,5.246335515513396,5.398092867437617,2.8463355067293707,2.848092867437617
378.180837518,5.249157485411752,5.39882960662432,2.849157476627727,2.84882960662432
378.183479498,5.251978921776423,5.3995683864132795,2.8519789129923976,2.8495683864132797
378.246185102,5.254799823131821,5.400309206418122,2.8547998143477957,2.850309206418122
378.26700624600005,5.257620188002636,5.401052066251405,2.857620179218611,2.8510520662514054
378.349464208,5.26044001491385,5.40179696552462,2.8604400061298247,2.8517969655246205
378.41238341300004,5.263231678589754,5.402536934895967,2.8632316698057294,2.8525369348959675
378.422051259,5.2660211646411055,5.40327926247956,2.8660211558570805,2.8532792624795604
378.468984581,5.268809919588748,5.4040243319488255,2.8688099108047234,2.8540243319488257
378.56729614200003,5.271597940737592,5.404772142583715,2.8715979319535667,2.854772142583715
378.61561405500004,5.2743852253932415,5.405522693661532,2.8743852166092165,2.8555226936615323
378.6392145770001,5.277210016714851,5.406285864026308,2.877210007930826,2.856285864026308
378.66646186,5.280043223823009,5.407053026774821,2.880043215038984,2.857053026774821
378.709835979,5.282875999875497,5.407821779684984,2.882875991091472,2.8578217796849845
378.797183141,5.2857083439798185,5.40859212251459,2.8857083351957935,2.8585921225145903
378.852137135,5.288520828804192,5.409358846874912,2.8885208200201666,2.859358846874912
378.85277190700003,5.291296552606788,5.410118400483409,2.891296543822763,2.860118400483409
378.87079139700006,5.29407147024237,5.41088089404289,2.894071461458345,2.8608808940428903
378.920155313,5.296845578597038,5.411646326697718,2.896845569813013,2.861646326697718
379.012525062,5.2996188745578054,5.41241469758896,2.8996188657737805,2.86241469758896
379.058673313,5.302391355012595,5.413186005854381,2.9023913462285704,2.8631860058543808
379.06502495100005,5.305181835692341,5.413965401891,2.9051818269083163,2.863965401891
379.099548241,5.308044779066643,5.41476637991058,2.908044770282618,2.86476637991058
379.155031797,5.310907534094282,5.4155680308347,2.910907525310257,2.8655680308347
379.24702497,5.313770100617087,5.416370354619064,2.913770091833062,2.8663703546190638
379.31779153499997,5.316543772221262,5.4171494710656125,2.9165437634372373,2.8671494710656127
379.318379909,5.319300934088546,5.417927412413562,2.9193009253045212,2.867927412413562
379.341091945,5.322057182589918,5.418708583650885,2.9220571738058934,2.8687085836508848
379.381905041,5.324812513941696,5.419492983705219,2.924812505157671,2.8694929837052188
379.465799272,5.327566924361472,5.420280611499773,2.927566915577447,2.8702806114997728
379.518061152,5.3303259598503665,5.421073046692619,2.9303259510663415,2.8710730466926195
379.532391491,5.3331320083885405,5.421881609634275,2.9331319996045155,2.8718816096342747
379.550972999,5.335937497191547,5.422692112567947,2.935937488407522,2.8726921125679468
379.6190794600001,5.3387424249181406,5.423504555106151,2.9387424161341156,2.873504555106151
379.6991703240001,5.341546790227353,5.4243189368604785,2.941546781443328,2.8743189368604787
379.749862622,5.34437246482135,5.425141322421568,2.9443724560373252,2.875141322421568
379.76396151200004,5.347197869480229,5.425965142038911,2.9471978606962037,2.875965142038911
379.783354144,5.35002286724233,5.426790355885409,2.9500228584583046,2.876790355885409
379.826434017,5.352847457419657,5.427616963760091,2.9528474486356324,2.877616963760091
379.942530724,5.355671639324308,5.428444965461641,2.9556716305402833,2.8784449654616413
379.996368211,5.358482953283949,5.429270820101673,2.958482944499924,2.879270820101673
380.01759562899997,5.3612884075689875,5.430096925656646,2.9612883987849625,2.8800969256566464
380.03569952300006,5.36409332110279,5.430924865389539,2.964093312318765,2.880924865389539
380.066115534,5.366897692686186,5.431754638946382,2.9668976839021615,2.881754638946382
380.16193571400004,5.369701521120243,5.432586245972429,2.969701512336218,2.882586245972429
380.224059885,5.372519346813668,5.433423904144195,2.972519338029643,2.8834239041441956
380.23814018200005,5.375381016072777,5.43427479672088,2.975381007288752,2.88427479672088
380.26274331700006,5.378242792288895,5.43512532950364,2.97824278350487,2.88512532950364
380.30862844600006,5.381104675416768,5.435975502479031,2.9811046666327434,2.885975502479031
380.408541601,5.383966665411158,5.436825315633609,2.9839666566271332,2.886825315633609
380.45418592500005,5.386828762226826,5.437674768953951,2.986828753442801,2.887674768953951
380.46506952900006,5.389633165048431,5.4385073236172765,2.989633156264406,2.8885073236172767
380.485283278,5.392398401145483,5.439330979789358,2.992398392361458,2.8893309797893583
380.521057908,5.395162817088334,5.440157384446335,2.995162808304309,2.8901573844463355
380.61444191600003,5.397938967569899,5.440990243463627,2.997938958785874,2.8909902434636274
380.67026073500006,5.400740643039847,5.441832949569336,3.000740634255822,2.891832949569336
380.672797438,5.403541775055807,5.442677460344099,3.003541766271782,2.892677460344099
380.6929269230001,5.406342362455314,5.443523775437445,3.006342353671289,2.893523775437445
380.737332507,5.409142404076139,5.444371894498155,3.009142395292114,2.894371894498155
380.840685528,5.4119418987562815,5.445221817174267,3.0119418899722565,2.895221817174267
380.885322705,5.41473212631036,5.446070954430407,3.0147321175263353,2.8960709544304075
380.92089558400005,5.417514578895193,5.446920077712971,3.017514570111168,2.896920077712971
380.936762361,5.420296361918735,5.447771391959158,3.0202963531347105,2.897771391959158
380.97411040400004,5.423077473655779,5.448624896641,3.0230774648717538,2.8986248966410004
381.068277081,5.425866914273301,5.449483328891084,3.0258669054892757,2.899483328891084
381.121420629,5.428687746035983,5.450353029148673,3.0286877372519583,2.9003530291486728
381.127352351,5.4315082146937295,5.45122390624798,3.0315082059097045,2.9012239062479805
381.15963477900004,5.434328319755563,5.45209596003741,3.034328310971538,2.9020959600374105
381.19334303900007,5.4371480607305696,5.4529691903651605,3.0371480519465446,2.9029691903651607
381.28906931000006,5.439967437127903,5.453843597079221,3.039967428343878,2.903843597079221
