elapsed_s,odom_x,odom_y,world_x,world_y
2.0614742000000206,3.025329747746908e-09,-3.418668317217345e-21,-2.8,-0.4
2.082559631000038,3.025329862493466e-09,-3.4186685779248125e-21,-2.8,-0.4
2.106514844000003,3.025329977221142e-09,-3.418668838598789e-21,-2.7999999999999994,-0.4
2.137621512999999,3.0253300919308953e-09,-3.418669099241452e-21,-2.7999999999999994,-0.4
2.146291012000006,3.02533020662369e-09,-3.418669359854989e-21,-2.7999999999999994,-0.4
2.166892861000008,3.0253303213005026e-09,-3.4186696204416165e-21,-2.7999999999999994,-0.4
2.1864105570000447,3.0253304359623307e-09,-3.418669881003599e-21,-2.799999999999999,-0.4
2.2084001400000375,3.025330550610202e-09,-3.418670141543271e-21,-2.799999999999999,-0.4
2.2476584160000357,3.0253306652451076e-09,-3.4186704020628796e-21,-2.799999999999999,-0.4
2.267704315000003,3.0253307798680813e-09,-3.418670662564777e-21,-2.799999999999999,-0.4
2.287686198000017,3.025330894480158e-09,-3.418670923051309e-21,-2.7999999999999985,-0.4
2.309907425000006,3.0253310090823904e-09,-3.418671183524869e-21,-2.7999999999999985,-0.4
2.332076422,3.0253311236758475e-09,-3.418671443987883e-21,-2.7999999999999985,-0.4
2.3519544090000295,3.025331238261545e-09,-3.418671704442656e-21,-2.7999999999999985,-0.4
2.3718425929999967,3.025331352840551e-09,-3.4186719648916205e-21,-2.799999999999998,-0.4
2.3919517330000417,3.0253314674139163e-09,-3.418672225337163e-21,-2.799999999999998,-0.4
2.4123876790000054,3.0253315819827254e-09,-3.418672485781746e-21,-2.799999999999998,-0.4
2.433077337000043,3.0253316965480484e-09,-3.418672746227805e-21,-2.799999999999998,-0.4
2.464330485000005,3.025331811110941e-09,-3.418673006677734e-21,-2.7999999999999976,-0.4
2.4845502919999944,3.0253319256724872e-09,-3.418673267133997e-21,-2.7999999999999976,-0.4
2.505658557000004,3.0253320402337566e-09,-3.4186735275990346e-21,-2.7999999999999976,-0.4
2.526800936000029,3.025332154795831e-09,-3.418673788075297e-21,-2.7999999999999976,-0.4
2.5493612440000106,3.0253322693597824e-09,-3.418674048565228e-21,-2.799999999999997,-0.4
2.5691016410000316,3.0253323839266803e-09,-3.418674309071255e-21,-2.799999999999997,-0.4
2.589211672000033,3.025332498497597e-09,-3.41867456959582e-21,-2.799999999999997,-0.4
2.608949236000001,3.0253326130736147e-09,-3.4186748301413836e-21,-2.799999999999997,-0.4
2.629118745000028,3.025332727655787e-09,-3.418675090710342e-21,-2.7999999999999967,-0.4
2.6490305930000204,3.0253328422451747e-09,-3.418675351305111e-21,-2.7999999999999967,-0.4
2.689007036000021,3.0253329568428484e-09,-3.418675611928121e-21,-2.7999999999999967,-0.4
2.710198528000035,3.02533307144986e-09,-3.4186758725817696e-21,-2.7999999999999967,-0.4
2.7301012199999946,3.0253331860672362e-09,-3.418676133268396e-21,-2.7999999999999963,-0.4
2.7519227070000056,3.025333300696022e-09,-3.4186763939903746e-21,-2.7999999999999963,-0.4
2.871839781999995,3.0253334153373002e-09,-3.418676654750168e-21,-2.7999999999999963,-0.4
2.882164665000005,3.0253335299920753e-09,-3.418676915550066e-21,-2.799999999999996,-0.4
2.8929096370000025,3.0253336446613576e-09,-3.418677176392369e-21,-2.799999999999996,-0.4
2.9040320950000478,3.0253337593461556e-09,-3.418677437279374e-21,-2.799999999999996,-0.4
2.9147644540000215,3.0253338740475027e-09,-3.418677698213435e-21,-2.799999999999996,-0.4
2.9258592170000384,3.0253339887664e-09,-3.418677959196829e-21,-2.7999999999999954,-0.4
3.0105631370000197,3.025334103503825e-09,-3.418678220231783e-21,-2.7999999999999954,-0.4
3.0230115310000087,3.0253342182607197e-09,-3.418678481320445e-21,-2.7999999999999954,-0.4
3.0341321570000446,3.0253343330381095e-09,-3.4186787424651516e-21,-2.7999999999999954,-0.4
3.0462375550000047,3.0253344478368968e-09,-3.418679003667959e-21,-2.799999999999995,-0.4
3.0573515300000054,3.025334562658035e-09,-3.418679264931035e-21,-2.799999999999995,-0.4
3.1058675720000224,3.0253346775024854e-09,-3.418679526256574e-21,-2.799999999999995,-0.4
3.11761870600003,3.0253347923710553e-09,-3.418679787646415e-21,-2.799999999999995,-0.4
3.1293214469999953,3.02533490726474e-09,-3.4186800491028266e-21,-2.7999999999999945,-0.4
3.139981829000021,3.0253346000583917e-09,-3.4186793499904524e-21,-2.799999999999995,-0.4
3.1502112670000315,3.0253340813363416e-09,-3.418678169530784e-21,-2.7999999999999954,-0.4
3.2318592500000136,3.025333562697797e-09,-3.418676989261151e-21,-2.799999999999996,-0.4
3.241836018000015,3.0253330440700883e-09,-3.418675809016177e-21,-2.7999999999999967,-0.4
3.253855858999998,3.0253325253803955e-09,-3.4186746286301486e-21,-2.799999999999997,-0.4
3.2654998430000433,3.0253309631833385e-09,-3.418671074335953e-21,-2.7999999999999985,-0.4
3.2758583070000213,3.025331078077991e-09,-3.4186713356330255e-21,-2.7999999999999985,-0.4
3.3236073930000316,3.025331192963323e-09,-3.418671596918318e-21,-2.7999999999999985,-0.4
3.3350986100000455,3.0253313078248146e-09,-3.4186718581588106e-21,-2.799999999999998,-0.4
3.3455481299999974,3.025331422663399e-09,-3.41867211935662e-21,-2.799999999999998,-0.4
3.3576620649999995,3.0253315374799014e-09,-3.4186723805136205e-21,-2.799999999999998,-0.4
3.3697994990000097,3.02533165227529e-09,-3.4186726416320126e-21,-2.799999999999998,-0.4
3.4459265430000414,3.0253317670505057e-09,-3.418672902713933e-21,-2.7999999999999976,-0.4
3.457651090000013,3.0253318818064835e-09,-3.418673163761507e-21,-2.7999999999999976,-0.4
3.4693223630000034,3.0253319965441773e-09,-3.418673424776903e-21,-2.7999999999999976,-0.4
3.4839748150000105,3.0253321112645652e-09,-3.41867368576234e-21,-2.7999999999999976,-0.4
3.4947301400000015,3.0253322259686746e-09,-3.418673946720148e-21,-2.799999999999997,-0.4
3.5393042450000394,3.025332340657458e-09,-3.418674207652502e-21,-2.799999999999997,-0.4
3.550024210999993,3.0253324553319834e-09,-3.418674468561823e-21,-2.799999999999997,-0.4
3.561413127000037,3.0253325699932746e-09,-3.4186747294504386e-21,-2.799999999999997,-0.4
3.572269031000019,3.0253326846423116e-09,-3.4186749903205806e-21,-2.7999999999999967,-0.4
3.5854547200000297,3.0253327992801142e-09,-3.4186752511745666e-21,-2.7999999999999967,-0.4
3.660665660999996,3.0253329139077396e-09,-3.418675512014797e-21,-2.7999999999999967,-0.4
3.674178462000043,3.025333028526269e-09,-3.418675772843736e-21,-2.7999999999999967,-0.4
3.685850720000019,3.025333143136717e-09,-3.4186760336636845e-21,-2.7999999999999963,-0.4
3.6964970939999944,3.0253332577401467e-09,-3.418676294477064e-21,-2.7999999999999963,-0.4
3.7074019940000085,3.0253333723376176e-09,-3.418676555286288e-21,-2.7999999999999963,-0.4
3.7519670750000387,3.025333486930211e-09,-3.418676816093808e-21,-2.7999999999999963,-0.4
3.762596290000033,3.025333601518986e-09,-3.4186770769020435e-21,-2.799999999999996,-0.4
3.774981182000033,3.0253337161050087e-09,-3.41867733771342e-21,-2.799999999999996,-0.4
3.7881668470000136,3.0253338306893506e-09,-3.4186775985303685e-21,-2.799999999999996,-0.4
3.799766522000027,3.0253339452730805e-09,-3.418677859355325e-21,-2.799999999999996,-0.4
3.869066574000044,3.0253340598572644e-09,-3.4186781201907136e-21,-2.7999999999999954,-0.4
3.8810609669999963,3.0253341744429803e-09,-3.4186783810389925e-21,-2.7999999999999954,-0.4
3.8923963220000246,3.0253342890313217e-09,-3.4186786419026496e-21,-2.7999999999999954,-0.4
3.9044651430000386,3.025334403623351e-09,-3.418678902784101e-21,-2.7999999999999954,-0.4
3.9159641680000163,3.025334518220125e-09,-3.418679163685761e-21,-2.799999999999995,-0.4
3.962948193000045,3.025334632822723e-09,-3.4186794246100815e-21,-2.799999999999995,-0.4
3.9749027930000125,3.025334747432203e-09,-3.4186796855594755e-21,-2.799999999999995,-0.4
3.9862690450000287,3.0253348620496192e-09,-3.4186799465363456e-21,-2.7999999999999945,-0.4
3.998208914000031,3.0253349766760303e-09,-3.418680207543095e-21,-2.7999999999999945,-0.4
4.010844835,3.0253350913124735e-09,-3.418680468582098e-21,-2.7999999999999945,-0.4
4.0826497890000155,3.025335205959992e-09,-3.4186807296557234e-21,-2.7999999999999945,-0.4
4.096152742000015,3.025335320619653e-09,-3.4186809907664065e-21,-2.799999999999994,-0.4
4.10733024000001,3.025335435292453e-09,-3.418681251916417e-21,-2.799999999999994,-0.4
4.118510522000008,3.0253355499794152e-09,-3.418681513108094e-21,-2.799999999999994,-0.4
4.1297131710000485,3.0253356646816006e-09,-3.418681774343849e-21,-2.799999999999994,-0.4
4.17858805100002,3.025335779400019e-09,-3.418682035625984e-21,-2.7999999999999936,-0.4
4.190047244000027,3.0253358941356114e-09,-3.418682296956646e-21,-2.7999999999999936,-0.4
4.202038403000017,3.0253360088893297e-09,-3.4186825583380064e-21,-2.7999999999999936,-0.4
4.213394614000038,3.0253361236622668e-09,-3.41868281977256e-21,-2.7999999999999936,-0.4
4.225831534000008,3.0253362384553143e-09,-3.4186830812623386e-21,-2.799999999999993,-0.4
4.302769542000021,3.0253363532694424e-09,-3.418683342809556e-21,-2.799999999999993,-0.4
4.314519527000016,3.025336468105571e-09,-3.4186836044163056e-21,-2.799999999999993,-0.4
4.3281098799999995,3.02533658296464e-09,-3.418683866084737e-21,-2.799999999999993,-0.4
4.340017111000009,3.0253366978475805e-09,-3.418684127816977e-21,-2.7999999999999927,-0.4
4.352184382000019,3.0253368127552355e-09,-3.418684389614946e-21,-2.7999999999999927,-0.4
4.399211802000025,3.0253364104797575e-09,-3.418683473073932e-21,-2.799999999999993,-0.4
4.4095538340000076,3.025335891770468e-09,-3.418682291251363e-21,-2.7999999999999936,-0.4
4.4216997130000095,3.02533537313017e-09,-3.4186811095859826e-21,-2.799999999999994,-0.4
4.436016426000037,3.0253348544861403e-09,-3.418679927912098e-21,-2.799999999999995,-0.4
4.451214246000006,3.0253343357655547e-09,-3.418678746063793e-21,-2.7999999999999954,-0.4
4.529935586000022,3.0253328026038223e-09,-3.418675253889322e-21,-2.7999999999999967,-0.4
4.542034532999992,3.025332917518072e-09,-3.418675515520831e-21,-2.7999999999999967,-0.4
4.553174368000043,3.0253330324082524e-09,-3.418675777106962e-21,-2.7999999999999967,-0.4
4.565696555000045,3.02533314727531e-09,-3.418676038649872e-21,-2.7999999999999963,-0.4
4.577264422000042,3.02533326212013e-09,-3.418676300151567e-21,-2.7999999999999963,-0.4
4.6242929759999924,3.025333376943611e-09,-3.418676561614094e-21,-2.7999999999999963,-0.4
4.635343849000037,3.025333491746744e-09,-3.418676823039702e-21,-2.7999999999999963,-0.4
4.646385663000046,3.0253336065303823e-09,-3.418677084430333e-21,-2.799999999999996,-0.4
4.65684773800001,3.0253337212955468e-09,-3.4186773457883144e-21,-2.799999999999996,-0.4
4.670132453999997,3.0253338360432168e-09,-3.41867760711587e-21,-2.799999999999996,-0.4
4.747392300000001,3.025333950774311e-09,-3.4186778684150874e-21,-2.799999999999996,-0.4
4.759393351000028,3.0253340654898433e-09,-3.4186781296882784e-21,-2.7999999999999954,-0.4
4.7706209620000095,3.0253341801908255e-09,-3.418678390937739e-21,-2.7999999999999954,-0.4
4.782828234000021,3.0253342948782553e-09,-3.418678652165744e-21,-2.7999999999999954,-0.4
4.795328432000019,3.025334409553203e-09,-3.4186789133747275e-21,-2.7999999999999954,-0.4
4.842767598000023,3.0253345242166688e-09,-3.418679174566964e-21,-2.799999999999995,-0.4
4.853926988000012,3.0253346388696837e-09,-3.4186794357448026e-21,-2.799999999999995,-0.4
4.864635817000021,3.0253347535133125e-09,-3.418679696910666e-21,-2.799999999999995,-0.4
4.874877113000025,3.0253348681485823e-09,-3.4186799580668934e-21,-2.7999999999999945,-0.4
4.888220251999996,3.0253349827765634e-09,-3.418680219215921e-21,-2.7999999999999945,-0.4
4.9614150240000185,3.0253350973983043e-09,-3.418680480360144e-21,-2.7999999999999945,-0.4
4.972119967000026,3.0253352120148674e-09,-3.418680741501971e-21,-2.7999999999999945,-0.4
4.985189689000038,3.025335326627332e-09,-3.4186810026438655e-21,-2.799999999999994,-0.4
5.330510462999996,3.025335441236743e-09,-3.418681263788206e-21,-2.799999999999994,-0.4
5.3310449930000345,3.0253355558441845e-09,-3.418681524937464e-21,-2.799999999999994,-0.4
5.3312745510000354,3.0253356704507218e-09,-3.418681786094066e-21,-2.799999999999994,-0.4
5.331497465000041,3.0253357850574352e-09,-3.418682047260475e-21,-2.7999999999999936,-0.4
5.333139136,3.025335899665379e-09,-3.41868230843909e-21,-2.7999999999999936,-0.4
5.334731601000044,3.0253360142756317e-09,-3.41868256963237e-21,-2.7999999999999936,-0.4
5.335750764000011,3.0253361288892538e-09,-3.418682830842737e-21,-2.7999999999999936,-0.4
5.337227425000037,3.0253362435073343e-09,-3.418683092072673e-21,-2.799999999999993,-0.4
5.338324862000036,3.0253363581309343e-09,-3.4186833533245906e-21,-2.799999999999993,-0.4
5.339916528999993,3.025336472761099e-09,-3.41868361460088e-21,-2.799999999999993,-0.4
5.340492220000044,3.0253365873988997e-09,-3.418683875903979e-21,-2.799999999999993,-0.4
5.341607299000032,3.0253367020453774e-09,-3.418684137236265e-21,-2.7999999999999927,-0.4
5.34274547900003,3.0253368167015604e-09,-3.418684398600083e-21,-2.7999999999999927,-0.4
5.344121540999993,3.025336931368548e-09,-3.4186846599979435e-21,-2.7999999999999927,-0.4
5.3459726980000255,3.025337046047335e-09,-3.4186849214321076e-21,-2.7999999999999927,-0.4
5.348408233000043,3.025337160738972e-09,-3.418685182904978e-21,-2.7999999999999923,-0.4
5.3498634550000475,3.0253372754444865e-09,-3.418685444418898e-21,-2.7999999999999923,-0.4
5.381616650000012,3.0253373901649208e-09,-3.418685705976247e-21,-2.7999999999999923,-0.4
5.395069190000015,3.0253375049011997e-09,-3.418685967579131e-21,-2.7999999999999923,-0.4
5.4069022940000195,3.025337619654402e-09,-3.4186862292300185e-21,-2.799999999999992,-0.4
5.417049985000006,3.0253377344254864e-09,-3.4186864909310985e-21,-2.799999999999992,-0.4
5.428469717000041,3.025337849215382e-09,-3.418686752684485e-21,-2.799999999999992,-0.4
5.473879686000032,3.025337964025103e-09,-3.4186870144925004e-21,-2.7999999999999914,-0.4
5.484482343000025,3.025338078855585e-09,-3.418687276357278e-21,-2.7999999999999914,-0.4
5.495688305000044,3.0253381937077993e-09,-3.4186875382810365e-21,-2.7999999999999914,-0.4
5.50604120600002,3.0253383085826644e-09,-3.418687800265876e-21,-2.7999999999999914,-0.4
5.517689375000032,3.025338423481058e-09,-3.418688062313797e-21,-2.799999999999991,-0.4
5.597521782000001,2.8003025299353967e-05,-1.1152665696478837e-09,-2.79997200000003,-0.40000000111526657
5.608991831000026,0.0003780030199737686,-5.966675857040288e-08,-2.799622000005356,-0.4000000596667586
5.619590261000042,0.001128002976825416,-3.111770560997663e-07,-2.798872000048504,-0.40000031117705614
5.631101947000047,0.002278002825969745,-8.972672871744676e-07,-2.79772200019936,-0.4000008972672872
5.641789230000029,0.0038280024599161976,-1.9595585591779747e-06,-2.7961720005654134,-0.4000019595585592
5.692486637000002,0.0057780017335682,-3.6396719484246616e-06,-2.7942220012917613,-0.40000363967194846
5.702880827000001,0.00812800046417558,-6.079228495543952e-06,-2.791872002561154,-0.40000607922849557
5.713923077999993,0.010877998431438876,-9.419849189353302e-06,-2.7891220045938905,-0.40000941984918936
5.725519538000015,0.013856590731094768,-1.3559157223812808e-05,-2.786143412294235,-0.4000135591572238
5.736942915000043,0.016836160943908964,-1.8227205760771384e-05,-2.7831638420814206,-0.4000182272057608
5.819388829000047,0.019803245136172033,-2.3455972967559465e-05,-2.7801967578891573,-0.40002345597296757
5.831407919000014,0.022747140349077172,-2.9884030366935007e-05,-2.7772528626762525,-0.40002988403036693
5.843000791999998,0.025691032088859866,-3.774335114645753e-05,-2.77430897093647,-0.4000377433511465
5.854842380000036,0.02863491965966897,-4.703393344832448e-05,-2.7713650833656605,-0.40004703393344837
5.865704358000016,0.031578802365653705,-5.7755775077612896e-05,-2.768421200659676,-0.40005775577507763
5.913046735000023,0.0345226795109644,-6.990887349923796e-05,-2.7654773235143653,-0.40006990887349925
5.923579554000014,0.037466550399752725,-8.34932258406379e-05,-2.762533452625577,-0.40008349322584064
5.935366213000009,0.0404104143361718,-9.850882889110824e-05,-2.759589588689158,-0.40009850882889114
5.946350597000048,0.043354270624376454,-0.00011495567910179754,-2.756645732400953,-0.4001149556791018
5.958669458000031,0.04629811856852325,-0.00013283377258436398,-2.7537018844568064,-0.4001328337725844
6.038800019000007,0.049253417085001285,-0.0001521650112280199,-2.750746585940328,-0.400152165011228
6.049910988000022,0.05223211570898095,-0.00017238616666501264,-2.7477678873163485,-0.40017238616666506
6.062606901000038,0.05521081056149118,-0.00019315545307861152,-2.7447891924638386,-0.40019315545307865
6.074403426999993,0.05818950154166599,-0.00021447286976664583,-2.7418105014836636,-0.4002144728697667
6.0852981860000455,0.06116818854864014,-0.00023633841600483258,-2.7388318144766894,-0.40023633841600487
6.136870604000023,0.06414687148154855,-0.0002587520910527331,-2.735853131543781,-0.40025875209105277
6.147762731,0.06712555023952622,-0.0002817138941537017,-2.7328744527858033,-0.40028171389415373
6.1580660660000035,0.07010422472170848,-0.0003052238245278547,-2.729895778303621,-0.4003052238245279
6.169277646000012,0.07308289482723043,-0.0003292818813790135,-2.726917108198099,-0.40032928188137906
6.1816266430000155,0.07606156045522765,-0.00035388806389483534,-2.723938442570102,-0.4003538880638949
6.2615700009999955,0.07903361552542496,-0.0003790158460978809,-2.720966387499905,-0.4003790158460979
6.273526177000008,0.08199339482173666,-0.00040496694802147267,-2.7180066082035927,-0.40040496694802147
6.2838795370000184,0.08495316491881656,-0.0004319468478922422,-2.715046838106513,-0.40043194684789224
6.2985013190000245,0.08791292545906214,-0.0004599555424481066,-2.7120870775662675,-0.4004599555424481
6.309428612000033,0.09087267608487179,-0.0004889930283064093,-2.709127326940458,-0.40048899302830643
6.3569471860000135,0.09383241643864512,-0.0005190593019587985,-2.7061675865866843,-0.4005190593019588
6.367437374000019,0.09679214616278295,-0.0005501543597721013,-2.7032078568625466,-0.40055015435977215
6.37857098500001,0.09975186489968746,-0.0005822781979893134,-2.7002481381256422,-0.40058227819798936
6.389262019,0.10271157229176209,-0.0006154308127305035,-2.6972884307335674,-0.40061543081273054
6.401205890000028,0.1056712679814117,-0.0006496121999881361,-2.694328735043918,-0.4006496121999882
6.4794556360000115,0.10863350328594941,-0.0006847381265722068,-2.69136649973938,-0.40068473812657224
6.489485962999993,0.11160048014661843,-0.0007194723297253936,-2.688399522878711,-0.40071947232972543
6.502106362999996,0.1145674667670085,-0.0007533626092012446,-2.685432536258321,-0.40075336260920125
6.514181008000037,0.11753446290707509,-0.0007864089622520536,-2.6824655401182547,-0.4007864089622521
6.525884596000026,0.12050146832677214,-0.0008186113862041131,-2.6794985346985576,-0.4008186113862041
6.5769975480000085,0.12346848278605341,-0.0008499698784515803,-2.6765315202392763,-0.4008499698784516
6.58775272400004,0.12643550604487191,-0.0008804844364581196,-2.6735644969804575,-0.40088048443645813
6.600163121000037,0.12940253786317996,-0.0009101550577533812,-2.6705974651621496,-0.4009101550577534
6.611435157000017,0.1323695780009286,-0.0009389817399388444,-2.667630425024401,-0.40093898173993886
6.623772096000039,0.13533662621806913,-0.0009669644806822808,-2.6646633768072605,-0.4009669644806823
6.701679130000002,0.13830126656436642,-0.0009941953988311476,-2.661698736460963,-0.4009941953988312
6.712426057000016,0.14126141670057132,-0.0010220109295267334,-2.658738586324758,-0.4010220109295268
6.725418735000005,0.14422155708626708,-0.0010508454392268332,-2.6557784459390623,-0.40105084543922687
6.737393639999993,0.14718168737088927,-0.0010806989245132697,-2.6528183156544403,-0.4010806989245133
6.748898283000017,0.1501418072036005,-0.0011115713818459546,-2.649858195821729,-0.401111571381846
6.799838342000044,0.15310191623361788,-0.0011434628075692955,-2.646898086791712,-0.4011434628075693
6.811351709999997,0.15606201411018092,-0.0011763731979062854,-2.6439379889151486,-0.40117637319790633
6.823699048000037,0.15902210048252932,-0.001210302548957046,-2.6409779025428004,-0.40121030254895707
6.837180928000009,0.16198217499990405,-0.0012452508567020336,-2.6380178280254256,-0.40124525085670204
6.850169956000002,0.16494223731154745,-0.0012812181170005215,-2.635057765713782,-0.40128121811700057
6.929696605999993,0.16790893705150536,-0.0013181925681486908,-2.632091065973824,-0.4013181925681487
6.940673394000044,0.17088798711376973,-0.0013551152253824385,-2.6291120159115597,-0.4013551152253825
6.9532059940000295,0.17386704375868378,-0.0013915028948804167,-2.626132959266646,-0.40139150289488046
6.964945605000025,0.1768461068901723,-0.0014273555754651978,-2.6231538961351575,-0.4014273555754652
6.975877427,0.17982517641216006,-0.0014626732659793879,-2.6201748266131695,-0.4014626732659794
7.0259361720000015,0.1828042522285717,-0.0014974559652866984,-2.617195750796758,-0.40149745596528674
7.036531650000029,0.18578333424333165,-0.0015317036722616193,-2.614216668781998,-0.40153170367226165
7.0477646330000425,0.1887624223603644,-0.001565416385802855,-2.611237580664965,-0.4015654163858029
7.058913196000049,0.1917415164835939,-0.001598594104819894,-2.6082584865417355,-0.4015985941048199
7.0725193760000025,0.1947206165169441,-0.0016312368282464297,-2.6052793865083856,-0.4016312368282465
7.149366052999994,0.19770546286390728,-0.0016634459079622954,-2.6022945401614224,-0.4016634459079623
7.162079754000047,0.200700971196042,-0.0016957449998496244,-2.5992990318292875,-0.40169574499984967
7.171088261000023,0.20369647831748958,-0.0017281561796939487,-2.59630352470784,-0.401728156179694
7.182833603000006,0.20669198422405663,-0.0017606794474260253,-2.593308018801273,-0.40176067944742605
7.195015959000045,0.20968748891154879,-0.0017933148030280757,-2.590312514113781,-0.4017933148030281
7.2469517570000335,0.2126829923757719,-0.0018260622464383361,-2.5873170106495578,-0.40182606224643835
7.258176832000004,0.2156784946125316,-0.0018589217776119112,-2.584321508412798,-0.40185892177761195
7.2694408039999985,0.21867399561763406,-0.0018918933965133998,-2.5813260074076956,-0.40189189339651343
7.280376552999996,0.22166949538688493,-0.0019249771030804299,-2.5783305076384444,-0.40192497710308045
7.293622024000001,0.22466499391608993,-0.00195817289727791,-2.5753350091092395,-0.4019581728972779
7.370453816999998,0.22764911561354437,-0.0019912894353580506,-2.572350887411785,-0.40199128943535806
7.3860563819999925,0.23061211780012364,-0.0020234487712465572,-2.569387885225206,-0.40202344877124657
7.396418953000023,0.2335751300989899,-0.0020546625074544,-2.5664248729263397,-0.4020546625074544
7.407341588999998,0.23653815220836807,-0.002084930640800105,-2.5634618508169615,-0.40208493064080014
7.418765045000043,0.23950118382648278,-0.0021142531682004496,-2.560498819198847,-0.4021142531682005
7.466636879000021,0.2424642246514407,-0.002142630086669803,-2.557535778373889,-0.40214263008666984
7.4768215409999925,0.24542727438169828,-0.002170061393319306,-2.554572728643631,-0.40217006139331934
7.487000000000023,0.2483903327153599,-0.002196547085352983,-2.5516096703099698,-0.402196547085353
7.497884415000044,0.25135339935064643,-0.002222087160074146,-2.5486466036746833,-0.4022220871600742
7.5108325970000465,0.2543164739857774,-0.002246681614883033,-2.545683529039552,-0.40224668161488303
7.589601979000008,0.2572680883450845,-0.0022704056406346127,-2.542731914680245,-0.40227040564063465
7.603332225000031,0.26019839761547,-0.0022951548528563942,-2.5398016054098598,-0.40229515485285644
7.614098311000021,0.2631286914272126,-0.0023216712718383326,-2.5368713115981167,-0.4023216712718384
7.626174942000034,0.2660589687145475,-0.0023499548879368525,-2.533941034310782,-0.4023499548879369
7.637207219000004,0.2689892284117161,-0.002380005690868534,-2.5310107746136135,-0.40238000569086857
7.6830066450000345,0.27191946945296674,-0.002411823669705739,-2.528080533572363,-0.40241182366970574
7.694522269999993,0.27484969077255444,-0.0024454088128747628,-2.525150312252775,-0.40244540881287477
7.706048360000011,0.27777989130474084,-0.002480761108161575,-2.5222201117205887,-0.4024807611081616
7.716833753000003,0.28071006998379544,-0.00251788054270796,-2.5192899330415344,-0.402517880542708
7.728180411000039,0.2836402257439959,-0.0025567671030132604,-2.5163597772813335,-0.4025567671030133
7.806772994000028,0.2865858205490324,-0.0025975596648104464,-2.513414182476297,-0.4025975596648105
7.819057345000033,0.2895657915516857,-0.0026396077089755354,-2.510434211473644,-0.40263960770897556
7.829323895000016,0.2925457553199704,-0.0026821653685212706,-2.5074542477053594,-0.4026821653685213
7.842277404000015,0.2955257117667349,-0.0027252326421971732,-2.5044742912585947,-0.4027252326421972
7.852951492000045,0.298505660804828,-0.0027688095287474583,-2.501494342220502,-0.4027688095287475
7.901178678000008,0.3014856023470541,-0.0028128960268953072,-2.4985144006782756,-0.40281289602689535
7.912440013000037,0.3044655363062898,-0.0028574921353490376,-2.4955344667190396,-0.40285749213534905
7.923642611000048,0.3074454625954667,-0.0029025978528102957,-2.492554540429863,-0.4029025978528103
7.935352640000019,0.310425381127371,-0.002948213177955853,-2.4895746218979586,-0.40294821317795587
7.948442346000036,0.313405291814853,-0.002994338109454479,-2.4865947112104765,-0.4029943381094545
8.02433226300002,0.3163907864615982,-0.0030410231063908565,-2.4836092165637313,-0.4030410231063909
8.037427621000006,0.3193866644855688,-0.0030879016232427596,-2.4806133385397606,-0.40308790162324276
8.048439273000042,0.32238254403362887,-0.003134682638276453,-2.4776174589917006,-0.40313468263827645
8.060223674000042,0.32537842510260545,-0.003181366151444821,-2.4746215779227243,-0.40318136615144484
8.070433580000042,0.3283743076893251,-0.0032279521626977525,-2.4716256953360043,-0.4032279521626978
8.11757256300001,0.33137019179061367,-0.003274440671998135,-2.468629811234716,-0.40327444067199814
8.12836605800004,0.33436607740319685,-0.003320831679274619,-2.4656339256221327,-0.4033208316792746
8.139993265000044,0.33736196452410594,-0.003367125184493555,-2.4626380385012236,-0.4033671251844936
8.150413849000017,0.34035785315004835,-0.0034133211875962085,-2.459642149875281,-0.4034133211875962
8.163330303999999,0.3433537432778559,-0.0034594196885378197,-2.456646259747474,-0.4034594196885378
8.240567664000025,0.3463449731996365,-0.0035053280611007883,-2.453655029825693,-0.4035053280611008
8.25363594700002,0.34932755070487287,-0.003550734766903562,-2.4506724523204566,-0.40355073476690356
8.264484272999994,0.3523101348976185,-0.0035957000519399184,-2.447689868127711,-0.40359570005193995
8.276303127000006,0.35529272571254317,-0.0036402239152262387,-2.4447072773127863,-0.40364022391522625
8.288114752000013,0.3582753230843165,-0.0036843063557871186,-2.441724679941013,-0.4036843063557871
8.334748251999997,0.361257926947608,-0.0037279473726557874,-2.4387420760777214,-0.4037279473726558
8.345948377000013,0.3642405372370871,-0.003771146964879009,-2.4357594657882427,-0.40377114696487904
8.35688934000001,0.3672231538874231,-0.0038139051315081206,-2.4327768491379063,-0.40381390513150817
8.368249601000002,0.370205776833285,-0.0038562218716053443,-2.4297942261920444,-0.40385622187160536
8.382107950000034,0.37318840600934183,-0.0038980971842488736,-2.4268115970159876,-0.4038980971842489
8.455979775999992,0.376166356941826,-0.0039394451164819705,-2.4238336460835037,-0.403939445116482
8.46737190600004,0.37913561751037,-0.003979960811766364,-2.4208643855149594,-0.4039799608117664
8.47916727400002,0.38210488867209375,-0.004019692582824456,-2.417895114353236,-0.4040196925828245
8.491635223000003,0.3850741702200306,-0.004058640426885407,-2.414925832805299,-0.40405864042688544
8.502552288000004,0.38804346194721356,-0.004096804341236994,-2.411956541078116,-0.404096804341237
8.549836174999996,0.3910127636466746,-0.004134184323216888,-2.408987239378655,-0.4041341843232169
8.560383870999999,0.3939820751114453,-0.004170780370220208,-2.4060179279138842,-0.40417078037022025
8.571586367999998,0.3969513961345566,-0.004206592479697013,-2.403048606890773,-0.40420659247969704
8.582809392000001,0.3999207265090384,-0.004241620649149772,-2.400079276516291,-0.4042416206491498
8.597130929000002,0.4028900660279202,-0.004275864876138522,-2.3971099369974094,-0.40427586487613854
8.671867743999996,0.40586788919716194,-0.004309477155017777,-2.3941321138281677,-0.4043094771550178
8.684819164000032,0.40886215565123507,-0.004343221923953663,-2.3911378473740945,-0.40434322192395367
8.693617592999999,0.41185642048065935,-0.004377110545878654,-2.38814358254467,-0.40437711054587866
8.705776944000036,0.41485068367852285,-0.004411143020714655,-2.385149319346807,-0.4044111430207147
8.717457808000006,0.4178449452379144,-0.004445319348386287,-2.3821550577874153,-0.4044453193483863
8.76761435200001,0.42083920515192297,-0.004479639528816692,-2.3791607978734066,-0.4044796395288167
8.778294879000043,0.4238334634136374,-0.004514103561922827,-2.376166539611692,-0.40451410356192286
8.789993698000046,0.42682772001614655,-0.004548711447629323,-2.373172283009183,-0.40454871144762933
8.801198262000014,0.4298219749525395,-0.004583463185845221,-2.37017802807279,-0.40458346318584526
8.815346302000023,0.432816228215905,-0.004618358776508993,-2.3671837748094244,-0.40461835877650904
8.892446844999995,0.43579350241059767,-0.00465310607169805,-2.364206500614732,-0.4046531060716981
8.905256791,0.43873925728229585,-0.004686426019613794,-2.3612607457430337,-0.4046864260196138
8.91567494000003,0.441685027440819,-0.0047183659040359125,-2.3583149755845105,-0.4047183659040359
8.927393910000035,0.44463081223961826,-0.004748925717950863,-2.3553691907857113,-0.4047489257179509
8.940087496000046,0.4475766110321411,-0.004778105454650173,-2.3524233919931885,-0.4047781054546502
8.985738222000009,0.4505224231718323,-0.004805905107728566,-2.3494775798534975,-0.40480590510772857
8.997433539000042,0.4534682480121333,-0.004832324671085782,-2.346531755013196,-0.4048323246710858
9.008437986000047,0.45641408490648333,-0.004857364138922501,-2.3435859181188463,-0.40485736413892254
9.019335084000033,0.4593599332083185,-0.004881023505742437,-2.340640069817011,-0.40488102350574245
9.031959953000012,0.4623057922710725,-0.004903302766353576,-2.337694210754257,-0.4049033027663536
9.108939662000012,0.4652676996371169,-0.004924396083520691,-2.3347323033882126,-0.4049243960835207
9.122008721000043,0.468265725920446,-0.0049454125975563834,-2.3317342771048835,-0.4049454125975564
9.133687812999995,0.4712637525494509,-0.004966379742697594,-2.328736250475879,-0.4049663797426976
9.146061809000003,0.47426177952331805,-0.004987297518942672,-2.3257382235020114,-0.4049872975189427
9.156614020000006,0.47725980684123437,-0.005008165926286102,-2.322740196184095,-0.40500816592628613
9.201633832000027,0.4802578345023871,-0.005028984964722228,-2.3197421685229425,-0.4050289849647222
9.212318741000047,0.48325586250596314,-0.0050497546342454,-2.3167441405193663,-0.4050497546342454
9.223165700000038,0.4862538908511495,-0.005070474934849993,-2.3137461121741802,-0.40507047493485
9.234157505000042,0.48925191953713326,-0.005091145866530383,-2.310748083488196,-0.4050911458665304
9.246017284000004,0.49224994856310145,-0.005111767429280968,-2.307750054462228,-0.405111767429281
9.324202173999993,0.49523939846369225,-0.005132242101672356,-2.304760604561637,-0.40513224210167237
9.336790054000005,0.4982129182751921,-0.005152060141764601,-2.3017870847501376,-0.40515206014176464
9.347368942999992,0.5011864425455741,-0.005171197475599362,-2.2988135604797555,-0.4051711974755994
9.359674378000022,0.5041599711190086,-0.005189654102171533,-2.2958400319063212,-0.40518965410217156
9.370584873000041,0.5071335038396666,-0.005207430020516273,-2.292866499185663,-0.4052074300205163
9.417292714000041,0.5101070405517185,-0.005224525229700482,-2.289892962473611,-0.4052245252297005
9.427908537000008,0.5130805810993343,-0.005240939728828702,-2.286919421925995,-0.40524093972882874
9.438861853000049,0.5160541253266838,-0.005256673517041378,-2.283945877698646,-0.4052566735170414
9.449615767000012,0.5190276730779374,-0.0052717265935121735,-2.2809723299473923,-0.4052717265935122
9.462578941999993,0.5220012241972646,-0.005286098957453648,-2.277998778828065,-0.40528609895745366
9.539159552000001,0.5249778003732867,-0.005299874258962778,-2.275022202652043,-0.4052998742589628
9.551261436000004,0.527959988117653,-0.005313893854230416,-2.2720400149076765,-0.40531389385423044
9.562470915000006,0.5309421736663767,-0.005328372966460048,-2.2690578293589527,-0.40532837296646007
9.574394089999998,0.5339243569486511,-0.005343311595309436,-2.266075646076678,-0.40534331159530945
9.585980538000001,0.5369065378936703,-0.0053587097404241,-2.2630934651316594,-0.4053587097404241
9.632494963,0.5398887164306287,-0.0053745674014387575,-2.260111286594701,-0.4053745674014388
9.643140532000018,0.542870892488721,-0.005390884577977452,-2.2571291105366087,-0.40539088457797745
9.654348188000029,0.5458530659971415,-0.005407661269653338,-2.254146937028188,-0.4054076612696534
9.664933836000046,0.548835236885085,-0.005424897476066675,-2.2511647661402447,-0.4054248974760667
9.677325277000023,0.5518174050817458,-0.005442593196809356,-2.248182597943584,-0.40544259319680936
9.753140332000044,0.5547928887857707,-0.005460737447420232,-2.245207114239559,-0.4054607374474202
9.765331378000042,0.5577559586299965,-0.005479649740792516,-2.242244044395333,-0.40547964974079254
9.776463385,0.5607190222797515,-0.005499508847084298,-2.239280980745578,-0.4054995088470843
9.788479526999993,0.5636820794324928,-0.00552031476426971,-2.2363179235928365,-0.40552031476426975
9.799367715000017,0.5666451297856943,-0.005542067490222974,-2.2333548732396356,-0.405542067490223
9.848123622999992,0.5696081730368012,-0.005564767022723046,-2.2303918299885286,-0.4055647670227231
9.858791431000043,0.5725712088832711,-0.0055884133594524795,-2.2274287941420585,-0.4055884133594525
9.870331727000007,0.5755342370225641,-0.0056130064979971915,-2.2244657660027656,-0.4056130064979972
9.881874510000046,0.5784972571521415,-0.005638546435845947,-2.221502745873188,-0.40563854643584596
9.895005846999993,0.5814602689694648,-0.005665033170391114,-2.218539734055865,-0.40566503317039115
9.973588000999996,0.5844330715937455,-0.005692511876921703,-2.2155669314315842,-0.40569251187692174
9.987086377000026,0.587425402054643,-0.0057205265616507885,-2.2125746009706866,-0.4057205265616508
10.000024797000037,0.590417730678887,-0.00574873674370547,-2.2095822723464424,-0.4057487367437055
10.01067417500002,0.5934100574536938,-0.005777142422973656,-2.206589945571636,-0.4057771424229737
10.021952223000028,0.596402382366292,-0.005805743599328214,-2.2035976206590377,-0.40580574359932825
10.066488502000027,0.5993947054039079,-0.005834540272647407,-2.2006052976214217,-0.4058345402726474
10.077108580000015,0.6023870265537699,-0.0058635324428136645,-2.19761297647156,-0.4058635324428137
10.087827650000008,0.6053793458031056,-0.005892720109700159,-2.1946206572222238,-0.4058927201097002
10.098945930000014,0.6083716631391424,-0.005922103273180075,-2.1916283398861873,-0.4059221032731801
10.111346905999994,0.6113639785491083,-0.0059516819331304266,-2.1886360244762213,-0.40595168193313047
10.189948210000011,0.6143501448800069,-0.005981422530498469,-2.1856498581453225,-0.4059814225304985
10.203769022000017,0.6173248900562615,-0.006011601167726918,-2.182675112969068,-0.40601160116772694
10.216875931999994,0.6202996285968033,-0.006042426955365818,-2.1797003744285264,-0.40604242695536585
10.228664255000012,0.6232743603608507,-0.006073899891957911,-2.1767256426644788,-0.4060738998919579
10.239575900000034,0.6262490852076169,-0.006106019976012338,-2.1737509178177126,-0.40610601997601237
10.284082671000021,0.6292238029963168,-0.006138787206010598,-2.170776200029013,-0.4061387872060106
10.294781392999994,0.6321985135861646,-0.0061722015803998935,-2.167801489439165,-0.4061722015803999
10.306433448000007,0.6351732168363754,-0.006206263097601204,-2.164826786188954,-0.4062062630976012
10.317523356000038,0.6381479126061642,-0.00624097175600069,-2.161852090419165,-0.4062409717560007
10.330135340000027,0.6411226007547473,-0.006276327553957071,-2.1588774022705826,-0.4062763275539571
10.40915624500002,0.6440900820357829,-0.006312131843381968,-2.1559099209895467,-0.406312131843382
10.421333496000045,0.6470442004038448,-0.0063469881849177665,-2.152955802621485,-0.40634698818491777
10.433876847000022,0.6499983323385989,-0.006380675110894429,-2.1500016706867306,-0.40638067511089443
10.446531461000006,0.6529524773771544,-0.0064131926160286715,-2.1470475256481754,-0.4064131926160287
10.457702337,0.6559066350565774,-0.006444540695222845,-2.144093367968752,-0.40644454069522284
10.503234018,0.6588608049139395,-0.006474719343565966,-2.1411391981113903,-0.406474719343566
10.514671188000023,0.6618149864863108,-0.006503728556327736,-2.138185016539019,-0.40650372855632777
10.526152556,0.6647691793107593,-0.006531568328961754,-2.1352308237145703,-0.40653156832896176
10.53756624700003,0.6677233829243513,-0.006558238657107316,-2.132276620100978,-0.40655823865710733
10.550673605000043,0.6706775968641514,-0.006583739536583508,-2.129322406161178,-0.40658373953658355
10.626844495,0.6736276734133784,-0.006608018829542543,-2.126372329611951,-0.40660801882954256
10.638835935000031,0.6765700588593591,-0.006630831036721995,-2.1234299441659705,-0.40663083103672204
10.649072524000019,0.6795124553128977,-0.006652176286970418,-2.1204875477124316,-0.4066521762869704
10.661812389000033,0.6824548620426294,-0.006672054574983783,-2.1175451409827,-0.4066720545749838
10.673991045000037,0.6853972783171851,-0.006690465895819471,-2.1146027247081447,-0.4066904658958195
10.719169512000008,0.6883397034051932,-0.006707410244901989,-2.1116602996201363,-0.40670741024490203
10.730216258000041,0.6912821365752798,-0.006722887618019982,-2.10871786645005,-0.40672288761802
10.741644191000034,0.6942245770960697,-0.006736898011325219,-2.10577542592926,-0.40673689801132523
10.752292676000025,0.6971670242361847,-0.006749441421336344,-2.102832978789145,-0.40674944142133634
10.76592125000002,0.7001094772642455,-0.006760517844935012,-2.099890525761084,-0.40676051784493505
10.841234724000003,0.703041719106928,-0.006770050428636383,-2.0969582839184016,-0.4067700504286364
10.855359842000041,0.7059549933747844,-0.0067774856446461895,-2.094045009650545,-0.4067774856446462
10.867288680000001,0.7088682724077633,-0.006782731416070355,-2.0911317306175663,-0.40678273141607035
10.878601054,0.7117815545604217,-0.0067857877399461934,-2.088218448464908,-0.4067857877399462
10.889329101000044,0.7146948381873005,-0.006786654614546635,-2.085305164838029,-0.40678665461454666
10.935343111999998,0.7176081216429407,-0.00678533203938235,-2.0823918813823887,-0.4067853320393824
10.946511931000032,0.7205214032818834,-0.006781820015200884,-2.079478599743446,-0.4067818200152009
10.957237233,0.7234346814586698,-0.006776118543984953,-2.07656532156666,-0.406776118543985
10.968691206000017,0.726347954527844,-0.006768227628955442,-2.0736520484974856,-0.4067682276289555
10.981298598000024,0.7292612208439515,-0.006758147274569238,-2.070738782181378,-0.40675814727456927
11.059608232000016,0.7321948138778713,-0.006745899852373405,-2.0678051891474585,-0.4067458998523734
11.072032789000048,0.7351797424317743,-0.0067326609420605525,-2.0648202605935553,-0.40673266094206056
11.082794116000002,0.7381646692344263,-0.0067190329024250095,-2.0618353337909032,-0.40671903290242506
11.09473355900002,0.7411495942351118,-0.0067050157337059275,-2.0588504087902177,-0.40670501573370593
11.106118583000011,0.744134517383093,-0.006690609436138636,-2.0558654856422365,-0.40669060943613866
11.153041975000008,0.7471194386276366,-0.00667581400997288,-2.052880564397693,-0.4066758140099729
11.163590402000011,0.7501043579180143,-0.006660629455457787,-2.0498956451073154,-0.40666062945545783
11.175046939000026,0.7530892752034971,-0.006645055772849945,-2.0469107278218326,-0.40664505577285
11.18562474600003,0.7560741904333568,-0.006629092962416352,-2.043925812591973,-0.4066290929624164
11.197963092000009,0.7590591035568643,-0.006612741024426472,-2.040940899468465,-0.4066127410244265
11.275737414000048,0.762026010748571,-0.0065962286528432395,-2.0379739922767586,-0.4065962286528433
11.289782430000002,0.7649594876972623,-0.00658115545700557,-2.0350405153280673,-0.40658115545700557
11.301050438000004,0.7678929728441236,-0.006567772524600481,-2.032107030181206,-0.4065677725246005
11.313300052000045,0.7708264652152235,-0.0065560798600713495,-2.029173537810106,-0.40655607986007136
11.32499677200002,0.7737599638366334,-0.0065460774673044625,-2.0262400391886963,-0.4065460774673045
11.371105439000019,0.7766934677344277,-0.006537765349620879,-2.023306535290902,-0.4065377653496209
11.38128363100003,0.7796269759346741,-0.006531143509780627,-2.0203730270906552,-0.40653114350978065
11.39330676000003,0.7825604874634383,-0.0065262119499813484,-2.0174395155618914,-0.4065262119499814
11.404787621000025,0.7854940013467856,-0.00652297067186107,-2.014506001678544,-0.4065229706718611
11.416801730000032,0.7884275166107799,-0.006521419676495998,-2.0115724864145497,-0.406521419676496
11.493930863999992,0.7913734697978664,-0.006521412370346311,-2.008626533227463,-0.40652141237034634
11.50590924200003,0.794345110466476,-0.006521189489895669,-2.0056548925588533,-0.4065211894898957
11.51699286600001,0.7973167509905442,-0.006520236237436036,-2.0026832520347853,-0.40652023623743605
11.529233169000008,0.8002883911905663,-0.006518552613026175,-1.9997116118347633,-0.4065185526130262
11.541031625000016,0.8032600308870411,-0.0065161386167649936,-1.9967399721382884,-0.406516138616765
11.588520506000009,0.8062316699004464,-0.006512994248796461,-1.9937683331248832,-0.4065129942487965
11.59966242300004,0.8092033080512712,-0.006509119509309826,-1.9907966949740583,-0.40650911950930985
11.610857613999997,0.8121749451600039,-0.006504514398540021,-1.9878250578653258,-0.40650451439854
11.621744342,0.8151465810471338,-0.006499178916763539,-1.9848534219781957,-0.40649917891676357
11.633618728000044,0.8181182155331492,-0.006493113064303911,-1.9818817874921804,-0.4064931130643039
11.710054732000003,0.8210968741981732,-0.006486358389545257,-1.9789031288271564,-0.4064863583895453
11.723453879000033,0.8240885926982593,-0.006479588281782771,-1.9759114103270703,-0.40647958828178277
11.735564649000025,0.8270803116761244,-0.006473032700014862,-1.972919691349205,-0.4064730327000149
11.746356265000031,0.8300720311163765,-0.006466691644275632,-1.969927971908953,-0.4064666916442757
11.757415758000036,0.8330637510036328,-0.006460565114592936,-1.9669362520216969,-0.40646056511459294
11.802269816000035,0.8360554713225105,-0.006454653111008524,-1.9639445317028192,-0.40645465311100853
11.813540727000031,0.8390471920576262,-0.006448955633540805,-1.9609528109677035,-0.40644895563354083
11.824076757,0.8420389131935975,-0.0064434726822315755,-1.9579610898317321,-0.4064434726822316
11.834924171000011,0.8450306347150411,-0.006438204257099311,-1.9549693683102884,-0.4064382042570993
11.848328589999994,0.848022356606574,-0.006433150358176387,-1.9519776464187557,-0.4064331503581764
11.926382378000028,0.8510050808614349,-0.0064283658083160574,-1.9489949221638947,-0.4064283658083161
11.939948642000047,0.8539710955224393,-0.00642434243164448,-1.9460289075028903,-0.4064243424316445
11.950793752000038,0.8569371112397476,-0.006421192593498349,-1.9430628917855821,-0.40642119259349835
11.962750044000018,0.8599031277560979,-0.0064189162941515185,-1.9400968752692318,-0.40641891629415156
11.973580727000012,0.8628691448142186,-0.006417513533801892,-1.9371308582111109,-0.4064175135338019
12.020954667000012,0.8658351621568392,-0.006416984312570216,-1.9341648408684904,-0.40641698431257023
12.03224061000003,0.8688011795266881,-0.0064173286305034515,-1.9311988234986415,-0.40641732863050345
12.042552107000006,0.8717671966664948,-0.006418546487571416,-1.9282328063588348,-0.4064185464875714
12.054238499999997,0.8747332133189875,-0.006420637883666761,-1.9252667897063422,-0.4064206378836668
12.066070616000047,0.8776992292268951,-0.006423602818610614,-1.9223007737984346,-0.4064236028186106
12.142350174,0.8806736290428764,-0.0064273841404346235,-1.9193263739824533,-0.40642738414043467
12.156287566999993,0.8836642601141407,-0.006431180235544371,-1.916335742911189,-0.4064311802355444
12.166858735000005,0.886654891483714,-0.006434733561693334,-1.9133451115416156,-0.40643473356169335
12.178797995000025,0.8896455231318819,-0.006438044118863006,-1.9103544798934475,-0.40643804411886303
12.189882819000047,0.8926361550389356,-0.006441111907021626,-1.9073638479863941,-0.40644111190702165
12.23614519900002,0.8956267871851681,-0.006443936926156873,-1.9043732158401614,-0.4064439369261569
12.247087838000027,0.8986174195508722,-0.006446519176248324,-1.9013825834744575,-0.40644651917624836
12.259103842000002,0.9016080521163408,-0.006448858657275525,-1.8983919509089888,-0.40644885865727554
12.270479335000005,0.9045986848618665,-0.006450955369230281,-1.8954013181634632,-0.4064509553692303
12.281021206000048,0.9075893177677428,-0.006452809312088087,-1.8924106852575868,-0.4064528093120881
12.359322295000027,0.9105600627284116,-0.006454527964199315,-1.889439940296918,-0.40645452796419934
12.371930512999995,0.9134938717472324,-0.006457503314020315,-1.886506131278097,-0.40645750331402036
12.383060735000015,0.9164276785765607,-0.006462161618582279,-1.8835723244487688,-0.4064621616185823
12.395454437000012,0.9193614822509767,-0.006468502876354137,-1.8806385207743528,-0.40646850287635417
12.406451844000003,0.9222952818050733,-0.00647652708525173,-1.8777047212202564,-0.4064765270852517
12.455769704000033,0.9252290762734438,-0.006486234242635464,-1.8747709267518857,-0.40648623424263547
12.467011236000019,0.9281628646906792,-0.006497624345311396,-1.8718371383346504,-0.4064976243453114
12.477780042999996,0.9310966460913732,-0.006510697389530884,-1.8689033569339564,-0.4065106973895309
12.48862413200004,0.9340304195101218,-0.006525453370991613,-1.865969583515208,-0.40652545337099166
12.502001046000032,0.936964183981523,-0.006541892284839409,-1.8630358190438066,-0.40654189228483945
12.578369375000023,0.9399138983377151,-0.006559988263327741,-1.8600861046876145,-0.4065599882633278
12.590312139000048,0.9428994895720878,-0.0065783715372063544,-1.8571005134532417,-0.4065783715372064
12.601079263000031,0.9458850830699762,-0.00659638344681407,-1.8541149199553533,-0.4065963834468141
12.612847314000021,0.9488706787851945,-0.006614023991871872,-1.851129324240135,-0.4066140239918719
12.623905847999993,0.9518562766715503,-0.006631293172103283,-1.8481437263537792,-0.4066312931721033
12.671603762000018,0.9548418766828449,-0.00664819098724006,-1.8451581263424846,-0.4066481909872401
12.682346438000025,0.9578274787728855,-0.00666471743702371,-1.842172524252444,-0.40666471743702376
12.693138027000032,0.9608130828954802,-0.006680872521193074,-1.8391869201298494,-0.4066808725211931
12.703819597000006,0.9637986890044361,-0.006696656239500226,-1.8362013140208935,-0.40669665623950024
12.716802321000046,0.966784297053561,-0.006712068591705594,-1.8332157059717686,-0.4067120685917056
12.794349559000011,0.9697687238985317,-0.006727098313617217,-1.8302312791267978,-0.40672709831361725
12.807210865000002,0.9727509556943439,-0.006741677059371963,-1.8272490473309857,-0.406741677059372
12.81679218100004,0.9757331896954329,-0.006755797488872461,-1.8242668133298967,-0.4067557974888725
12.828024163999999,0.9787154258313637,-0.006769459601778253,-1.8212845771939659,-0.4067694596017783
12.839112490000048,0.9816976640317013,-0.006782663397772758,-1.8183023389936284,-0.4067826633977728
12.888787776000015,0.9846799042260101,-0.0067954088765413674,-1.8153200987993194,-0.40679540887654136
12.899904746000004,0.987662146343855,-0.006807696037782459,-1.8123378566814745,-0.4068076960377825
12.91125596500001,0.9906443903148009,-0.006819524881207339,-1.8093556127105286,-0.4068195248812074
12.92243546100002,0.9936266360684124,-0.006830895406535932,-1.806373366956917,-0.40683089540653594
12.935078318000024,0.9966088835342543,-0.006841807613501041,-1.8033911194910752,-0.4068418076135011
13.010670312000002,0.9995927826893075,-0.006852315960947748,-1.8004072203360222,-0.4068523159609478
13.023489154999993,1.0025797459324943,-0.006863003959840513,-1.7974202570928353,-0.40686300395984054
13.035014772000011,1.0055667079508557,-0.00687402894632568,-1.794433295074474,-0.4068740289463257
13.047890125000038,1.0085536687063743,-0.006885390920267949,-1.7914463343189553,-0.406885390920268
13.058803838000017,1.011540628161031,-0.006897089881523159,-1.7884593748642985,-0.4068970898815232
13.103706416000023,1.0145275862768084,-0.006909125829941096,-1.7854724167485212,-0.4069091258299411
13.115191938999999,1.0175145430156862,-0.006921498765369508,-1.7824854600096434,-0.40692149876536954
13.126799412000025,1.020501498339646,-0.006934208687652312,-1.7794985046856835,-0.40693420868765234
13.137666686000046,1.02348845221067,-0.006947255596621965,-1.7765115508146596,-0.406947255596622
13.151734273000045,1.0264754045907387,-0.0069606394921194,-1.7735245984345909,-0.4069606394921194
13.227236946000005,1.0294384385869202,-0.006974355503190574,-1.7705615644384094,-0.4069743555031906
13.240010932000018,1.0323570481042632,-0.006989560963340125,-1.7676429549210664,-0.40698956096334016
13.25071662900001,1.0352756461757464,-0.00700682415711032,-1.7647243568495832,-0.4070068241571103
13.261854533000019,1.0381942313505774,-0.0070261450759224265,-1.7618057716747522,-0.40702614507592244
13.273787894000009,1.0411128021779916,-0.007047523710175059,-1.758887200847338,-0.4070475237101751
13.320378813000048,1.0440313572072228,-0.007070960049240759,-1.7559686458181067,-0.40707096004924076
13.33060755400004,1.0469498949875091,-0.0070964540814709215,-1.7530501080378205,-0.40709645408147094
13.341897821000032,1.0498684140680987,-0.007124005794191717,-1.7501315889572309,-0.4071240057941917
13.352524697000035,1.052786912998248,-0.007153615173708507,-1.7472130900270817,-0.4071536151737085
13.365421072999993,1.0557053903272247,-0.007185282205302727,-1.744294612698105,-0.40718528220530276
13.442242946000022,1.0586421677034863,-0.0072191256984373,-1.7413578353218433,-0.4072191256984373
13.45507395300001,1.061622225328057,-0.007254310731982136,-1.7383777776972726,-0.40725431073198215
13.468870148999997,1.0646022768912187,-0.007290005455540329,-1.735397726134111,-0.40729000545554034
13.478331170000047,1.067582322305804,-0.00732620986806587,-1.7324176807195255,-0.4073262098680659
13.490370321,1.0705623614846247,-0.007362923968497258,-1.729437641540705,-0.40736292396849727
13.536977395999997,1.0735423943405071,-0.007400147755762147,-1.7264576086848225,-0.40740014775576217
13.548449749000042,1.076522420786278,-0.007437881228767496,-1.7234775822390516,-0.4074378812287675
13.560047241999996,1.0795024407347629,-0.007476124386415085,-1.7204975622905667,-0.4074761243864151
13.570475969000029,1.0824824540987896,-0.007514877227580627,-1.71751754892654,-0.4075148772275807
13.58238258,1.0854624607911851,-0.007554139751134654,-1.7145375422341445,-0.4075541397511347
13.662104061000036,1.0884427944974513,-0.007593855467896332,-1.7115572085278783,-0.40759385546789634
13.674238515000013,1.0914237502048787,-0.007633304370884027,-1.708576252820451,-0.4076333043708841
13.683990246999997,1.094404712294637,-0.0076722680084083715,-1.7055952907306926,-0.4076722680084084
13.696096021000017,1.0973856806877245,-0.00771074637943514,-1.7026143223376051,-0.40771074637943516
13.707922599000028,1.100366655305146,-0.007748739482947079,-1.6996333477201835,-0.4077487394829471
13.756659218000038,1.1033476360679046,-0.007786247317934331,-1.696652366957425,-0.40778624731793434
13.767541898000047,1.1063286228970048,-0.007823269883404371,-1.6936713801283247,-0.4078232698834044
13.779040606000024,1.1093096157134497,-0.007859807178377193,-1.69069038731188,-0.4078598071783772
13.790117890000033,1.1122906144382438,-0.007895859201880935,-1.6877093885870857,-0.407895859201881
13.802894702000003,1.11527161899239,-0.007931425952965783,-1.6847283840329397,-0.40793142595296583
13.877022486000044,1.1182498947554644,-0.007966463060227275,-1.6817501082698652,-0.4079664630602273
13.889518018000047,1.1212230993116141,-0.008000797439921332,-1.6787769037137155,-0.40800079743992135
13.901880919999996,1.124196311703159,-0.008034446468148741,-1.6758036913221706,-0.40803444646814874
13.912626348999993,1.1271695317721193,-0.008067410143119354,-1.6728304712532103,-0.40806741014311937
13.923641263000036,1.130142759360515,-0.008099688463081513,-1.6698572436648147,-0.40809968846308153
13.969128730000023,1.1331159943103652,-0.008131281426321378,-1.6668840087149643,-0.4081312814263214
13.980299658000035,1.1360892364636888,-0.008162189031160318,-1.6639107665616408,-0.40816218903116036
13.992252629999996,1.1390624856625045,-0.008192411275956957,-1.6609375173628251,-0.40819241127595696
14.002427479000005,1.14203574174883,-0.008221948159101971,-1.6579642612764995,-0.408221948159102
14.015289394000035,1.1450090045646832,-0.008250799679029879,-1.6549909984606463,-0.4082507996790299
14.092676893000032,1.147978786661436,-0.008278917384096128,-1.6520212163638937,-0.40827891738409616
14.10606264300003,1.1509421003372104,-0.008306088555165023,-1.6490579026881191,-0.40830608855516504
14.117025528,1.1539054224739054,-0.008332320744235134,-1.6460945805514242,-0.40833232074423514
14.130976804,1.1568687527739865,-0.008357613948674594,-1.643131250251343,-0.4083576139486746
14.142064429000015,1.1598320909399182,-0.00838196816594346,-1.6401679120854114,-0.40838196816594347
14.184257063000018,1.1627954366741655,-0.008405383393596633,-1.637204566351164,-0.40840538339359667
14.194927225000015,1.1657587896791914,-0.008427859629281395,-1.6342412133461381,-0.4084278596292814
14.20587821800001,1.1687221496574585,-0.008449396870743472,-1.6312778533678711,-0.4084493968707435
14.216889597000034,1.1716855163114297,-0.008469995115819024,-1.6283144867139,-0.40846999511581905
14.229369415000008,1.1746488893435652,-0.008489654362439652,-1.6253511136817644,-0.40848965436243967
14.304303875000016,1.1776237594440913,-0.008508506699557066,-1.6223762435812383,-0.4085085066995571
14.31652508000002,1.1806221105078096,-0.00852734046866762,-1.61937789251752,-0.4085273404686676
14.329628089000039,1.1836204613117665,-0.008546215549487006,-1.6163795417135631,-0.408546215549487
14.341917926000008,1.186618811855375,-0.008565131942013452,-1.6133811911699545,-0.4085651319420135
14.352540642999998,1.1896171621380667,-0.008584089646243374,-1.610382840887263,-0.4085840896462434
14.396165225000004,1.1926155121592714,-0.008603088662173172,-1.6073844908660582,-0.4086030886621732
14.407837615000005,1.1956138619184207,-0.008622128989799234,-1.604386141106909,-0.40862212898979927
14.418786987000033,1.198612211414945,-0.008641210629117952,-1.6013877916103847,-0.40864121062911796
14.429612508000048,1.201610560648274,-0.008660333580125698,-1.5983894423770555,-0.4086603335801257
14.441655316000038,1.2046089096178407,-0.008679497842818844,-1.5953910934074889,-0.4086794978428189
14.519077756000002,1.2075978068544528,-0.008698685429396473,-1.5924021961708767,-0.40869868542939647
14.531323027000042,1.2105691480231282,-0.008718350063097563,-1.5894308550022014,-0.4087183500630976
14.543993429000011,1.213540484227413,-0.008738751031750787,-1.5864595187979167,-0.40873875103175084
14.555792478,1.2165118152848458,-0.008759888334104637,-1.5834881877404838,-0.40875988833410465
14.566985420000037,1.2194831410129543,-0.008781761968862607,-1.5805168620123753,-0.4087817619688626
14.612748128000021,1.2224544612292654,-0.008804371934680175,-1.5775455417960642,-0.4088043719346802
14.623724414000037,1.2254257757513087,-0.008827718230168882,-1.5745742272740209,-0.4088277182301689
14.635341694000033,1.2283970843966114,-0.008851800853895007,-1.5716029186287181,-0.40885180085389505
14.646258369999998,1.2313683869827028,-0.00887661980437956,-1.5686316160426268,-0.40887661980437956
14.658904489000008,1.2343396833271119,-0.008902175080098449,-1.5656603196982177,-0.40890217508009846
14.734166026000025,1.2373193008266195,-0.008928502201949119,-1.5626807021987101,-0.40892850220194915
14.74593821000002,1.2403150132081646,-0.008955213269943757,-1.559684989817165,-0.4089552132699438
14.756256640000004,1.2433107246227635,-0.008982032564981325,-1.556689278402566,-0.40898203256498133
14.768542184000012,1.2463064350664979,-0.009008960087029628,-1.5536935679588317,-0.40900896008702964
14.779500104000022,1.249302144535458,-0.009035995836052873,-1.5506978584898716,-0.4090359958360529
14.82967998800001,1.252297853025734,-0.009063139812002961,-1.5477021499995955,-0.409063139812003
14.840575805000014,1.2552935605334161,-0.009090392014862511,-1.5447064424919135,-0.4090903920148625
14.851190939000048,1.258289267054594,-0.009117752444585495,-1.5417107359707356,-0.40911775244458554
14.862341583000045,1.2612849725853585,-0.009145221101144288,-1.538715030439971,-0.4091452211011443
14.874891324000032,1.2642806771217991,-0.009172797984494984,-1.5357193259035304,-0.409172797984495
14.95845301700001,1.2672580244999045,-0.009200218256747094,-1.532741978525425,-0.40920021825674713
14.970723036000038,1.2702012902848903,-0.00922620698256427,-1.5297987127404393,-0.4092262069825643
14.984114968000029,1.2731445684682339,-0.009250751439231852,-1.5268554345570957,-0.4092507514392319
14.994560445000047,1.2760878583412196,-0.009273851620833893,-1.52391214468411,-0.4092738516208339
15.005635591000043,1.279031159195153,-0.009295507521807914,-1.5209688438301765,-0.40929550752180793
15.052910520000012,1.2819744703213207,-0.00931571913694017,-1.5180255327040089,-0.4093157191369402
15.063818877000017,1.2849177910110088,-0.009334486461363372,-1.5150822120143208,-0.4093344864613634
15.075776186000041,1.2878611205554988,-0.009351809490558265,-1.5121388824698307,-0.40935180949055827
15.086676819000047,1.2908044582460725,-0.009367688220354218,-1.509195544779257,-0.40936768822035424
15.098294720000013,1.2937478033740077,-0.009382122646927947,-1.5062521996513218,-0.40938212264692797
15.176586939000003,1.2966974305566001,-0.009395289282432814,-1.5033025724687294,-0.40939528928243285
15.18957066300004,1.299658710940308,-0.009408984542751136,-1.5003412920850216,-0.40940898454275115
15.200495332999992,1.3026199865656167,-0.009423672706043757,-1.4973800164597129,-0.4094236727060438
15.21333576500001,1.305581257099601,-0.009439353770661397,-1.4944187459257285,-0.40943935377066143
15.224355954000032,1.3085425222093305,-0.009456027734843563,-1.491457480815999,-0.4094560277348436
15.268917971999997,1.311503781561899,-0.00947369459671823,-1.4884962214634305,-0.40947369459671823
15.280110628000045,1.3144650348243934,-0.009492354354297163,-1.4855349682009362,-0.4094923543542972
15.290582889999996,1.3174262816638995,-0.009512007005484699,-1.48257372136143,-0.40951200700548473
15.301570093999999,1.3203875217475056,-0.009532652548070775,-1.479612481277824,-0.4095326525480708
15.314330014000006,1.3233487547423002,-0.009554290979734441,-1.4766512482830294,-0.40955429097973445
15.391260488,1.326302536950783,-0.009576710640926979,-1.4736974660745465,-0.409576710640927
15.404548032000037,1.3292425009256295,-0.00959802869634872,-1.4707575020997001,-0.40959802869634876
15.415848417999996,1.3321824755812837,-0.0096178190199313,-1.467817527444046,-0.40961781901993133
15.428303609000011,1.3351224601238736,-0.009636081606328771,-1.464877542901456,-0.4096360816063288
15.439901448,1.3380624537595422,-0.009652816450608042,-1.4619375492657873,-0.4096528164506081
15.486411421000014,1.3410024556943994,-0.009668023548247843,-1.4589975473309302,-0.4096680235482479
15.497808060000011,1.3439424651345633,-0.009681702895141418,-1.4560575378907663,-0.40968170289514144
15.509404872000005,1.3468824812861486,-0.00969385448759593,-1.453117521739181,-0.40969385448759593
15.520969357000013,1.34982250335527,-0.009704478322329296,-1.4501774996700596,-0.4097044783223293
15.531740267000032,1.3527625305480384,-0.009713574396473388,-1.4472374724772912,-0.40971357439647343
15.612668853999992,1.3557006206437552,-0.009721333475521591,-1.4442993823815744,-0.4097213334755216
15.62506565000001,1.3586351033289976,-0.009730074808507672,-1.441364899696332,-0.4097300748085077
15.638958236999997,1.3615695805789005,-0.009740482056230852,-1.438430422446429,-0.40974048205623087
15.652372261000039,1.3645040514477107,-0.009752555215337107,-1.435495951577619,-0.40975255521533716
15.663998028000037,1.3674385149896726,-0.009766294281936504,-1.432561488035657,-0.4097662942819365
15.709999251,1.3703729702590386,-0.009781699251603302,-1.429627032766291,-0.40978169925160335
15.721146688000033,1.3733074163100798,-0.009798770119374831,-1.4266925867152498,-0.4097987701193749
15.732513175000008,1.376241852197062,-0.009817506879749865,-1.4237581508282675,-0.4098175068797499
15.743910778000043,1.3791762769742535,-0.009837909526688306,-1.420823726051076,-0.4098379095266883
15.757724112999995,1.3821106896959265,-0.009859978053616339,-1.417889313329403,-0.40985997805361635
15.831858615000044,1.3850630589033668,-0.009883766224061036,-1.4149369441219628,-0.4098837662240611
15.844076427000005,1.3880573308924378,-0.009908364013446927,-1.4119426721328918,-0.40990836401344694
15.855944045000001,1.391051601678391,-0.009933107824895624,-1.4089484013469387,-0.40993310782489567
15.867539262000037,1.3940458712541082,-0.009957997658326423,-1.4059541317712214,-0.40995799765832647
15.87877929900003,1.3970401396124597,-0.009983033513690969,-1.40295986341287,-0.409983033513691
15.92688537600003,1.400034406746323,-0.010008215390927905,-1.3999655962790065,-0.4100082153909279
15.93801716500002,1.4030286726485781,-0.010033543289969069,-1.3969713303767515,-0.4100335432899691
15.94927280600001,1.4060229373121036,-0.010059017210767464,-1.393977065713226,-0.4100590172107675
15.960368876000018,1.4090172007297779,-0.010084637153252748,-1.3909828022955517,-0.4100846371532528
15.972200555000029,1.4120114628944807,-0.010110403117365737,-1.387988540130849,-0.41011040311736574
16.057218007000017,1.415001530152308,-0.01013624195590285,-1.3849984728730216,-0.41013624195590287
16.070717822000006,1.4179838114325833,-0.010161685173489284,-1.3820161915927462,-0.41016168517348933
16.081719351999993,1.4209660965613067,-0.010186673230234025,-1.379033906464023,-0.41018667323023406
16.094212857000002,1.423948385469014,-0.010211206125554798,-1.3760516175563156,-0.41021120612555484
16.106653375000008,1.4269306780862374,-0.010235283858881025,-1.3730693249390922,-0.41023528385888103
16.154669184,1.4299129743435086,-0.01025890642964885,-1.370087028681821,-0.41025890642964885
16.166157311000006,1.432895274171361,-0.010282073837311128,-1.3671047288539686,-0.41028207383731113
16.176620702000037,1.4358775775003263,-0.0103047860813257,-1.3641224255250033,-0.4103047860813257
16.187727418999998,1.4388598842609368,-0.010327043161165584,-1.3611401187643928,-0.4103270431611656
16.200232545999995,1.4418421943837245,-0.010348845076309697,-1.358157808641605,-0.4103488450763097
16.280830245000004,1.4448282977641758,-0.010370235972782228,-1.3551717052611538,-0.41037023597278227
16.291657832,1.4478214415519173,-0.010391442190749103,-1.3521785614734123,-0.41039144219074913
16.304869854999993,1.4508145865807685,-0.010412472503263475,-1.3491854164445611,-0.4104124725032635
16.31655252600001,1.4538077328403907,-0.010433326910245655,-1.346192270184939,-0.4104333269102457
16.328162566000003,1.456800880320446,-0.010454005411638122,-1.3431991227048836,-0.4104540054116381
16.378528852000045,1.459794029010596,-0.01047450800735655,-1.3402059740147336,-0.4104745080073566
16.389263670000048,1.4627871789005038,-0.010494834697338732,-1.3372128241248258,-0.4104948346973388
16.400571221999996,1.4657803299798307,-0.010514985481505514,-1.334219673045499,-0.41051498548150556
16.411541459000034,1.468773482238239,-0.010534960359795153,-1.3312265207870906,-0.4105349603597952
16.423205793000022,1.4717666356653911,-0.010554759332138864,-1.3282333673599385,-0.41055475933213886
16.502184373000034,1.4747591616292348,-0.01057437543697996,-1.3252408413960948,-0.41057437543698
16.51439497900003,1.4777505215037683,-0.01059377134680679,-1.3222494815215613,-0.4105937713468068
16.524569774000042,1.4807418828118535,-0.010612944890509695,-1.319258120213476,-0.4106129448905097
16.537102355000002,1.483733245536961,-0.010631896067975908,-1.3162667574883686,-0.41063189606797595
16.548483877000024,1.48672460966256,-0.01065062487910821,-1.3132753933627697,-0.41065062487910825
16.59967892100002,1.4897159751721218,-0.010669131323794549,-1.3102840278532077,-0.41066913132379457
16.61023355100002,1.492707342049116,-0.010687415401940768,-1.3072926609762137,-0.4106874154019408
16.62152288300001,1.4956987102770123,-0.010705477113440658,-1.3043012927483173,-0.4107054771134407
16.63249479900003,1.4986900798392813,-0.010723316458194907,-1.3013099231860483,-0.41072331645819493
16.64462115500004,1.5016814507193923,-0.010740933436109705,-1.2983185523059373,-0.41074093343610973
16.722538180000015,1.5046211354608447,-0.010757805796182284,-1.2953788675644848,-0.4107578057961823
16.735563873000046,1.5074648427543251,-0.01077103647627235,-1.2925351602710045,-0.4107710364762724
16.746321690000002,1.5103085653579564,-0.010780416003169304,-1.2896914376673732,-0.41078041600316934
16.757300818000033,1.5131522980562242,-0.010785944359670613,-1.2868477049691054,-0.41078594435967064
16.768508453000038,1.515996035633603,-0.010787621535636834,-1.2840039673917265,-0.41078762153563686
16.816502177000018,1.51883977287456,-0.010785447527989538,-1.2811602301507696,-0.41078544752798957
16.827958160000037,1.5216835045635537,-0.010779422340712882,-1.2783164984617759,-0.4107794223407129
16.839045048999992,1.5245272254850606,-0.010769545984857026,-1.275472777540269,-0.41076954598485704
16.85004740100004,1.5273709304235854,-0.010755818478535961,-1.2726290726017442,-0.410755818478536
16.862616846000037,1.5302146141636543,-0.01073823984692641,-1.2697853888616752,-0.4107382398469264
16.94262998900001,1.533085757739555,-0.010716791802192378,-1.2669142452857747,-0.4107167918021924
16.95424581000003,1.5360591130679735,-0.010693199030834691,-1.263940889957356,-0.41069319903083473
16.96601776800003,1.5390324628887575,-0.010668922063587414,-1.260967540136572,-0.41066892206358746
16.978370004,1.542005807044466,-0.010643960901736367,-1.2579941959808636,-0.4106439609017364
16.990574130000027,1.5449791453776622,-0.010618315546603007,-1.2550208576476674,-0.41061831554660305
17.042810537000037,1.5479524777309188,-0.01059198599955135,-1.2520475252944108,-0.4105919859995514
17.054373415000043,1.55092580394679,-0.010564972261975343,-1.2490741990785397,-0.41056497226197536
17.070163827000044,1.5538991238678315,-0.010537274335305514,-1.2461008791574981,-0.4105372743353055
17.082214045,1.556872437336606,-0.010508892221008048,-1.2431275656887235,-0.41050889222100806
17.096738429000027,1.5598457441956748,-0.010479825920587344,-1.2401542588296548,-0.41047982592058735
17.172319981000044,1.5628112476629799,-0.010450272129747269,-1.2371887553623497,-0.4104502721297473
17.184693643000003,1.565762277719041,-0.010421704273781958,-1.2342377253062886,-0.410421704273782
17.19776390000004,1.5687133196009722,-0.010394385318718028,-1.2312866834243574,-0.410394385318718
17.209963188000017,1.5716643727802107,-0.01036831526944919,-1.228335630245119,-0.4103683152694492
17.22123823100003,1.5746154367282155,-0.010343494130649193,-1.2253845662971141,-0.4103434941306492
17.26996611000004,1.5775665109164407,-0.010319921906762236,-1.2224334921088889,-0.41031992190676225
17.282196639999995,1.5805175948163344,-0.01029759860201147,-1.2194824082089952,-0.4102975986020115
17.293848186000048,1.5834686878993436,-0.010276524220394016,-1.216531315125986,-0.410276524220394
17.304660040000044,1.5864197896369139,-0.010256698765684975,-1.2135802133884157,-0.410256698765685
17.31763348200002,1.58937089950049,-0.01023812224143474,-1.2106291035248395,-0.41023812224143474
17.397940583000036,1.592317531735705,-0.010220840358784216,-1.2076824712896246,-0.41022084035878426
17.410825705000036,1.5952558424742442,-0.010205108924765456,-1.2047441605510854,-0.41020510892476547
17.422248819000004,1.5981941611983237,-0.010190947358864859,-1.201805841827006,-0.41019094735886485
17.43482519700001,1.6011324870692016,-0.010178355665125415,-1.198867515956128,-0.41017835566512545
17.44571582100002,1.6040708192481343,-0.010167333847141599,-1.1959291837771953,-0.4101673338471416
17.492927638000026,1.6070091568963756,-0.010157881908058592,-1.192990846128954,-0.41015788190805863
17.50355910600001,1.6099474991751772,-0.010149999850574595,-1.1900525038501524,-0.4101499998505746
17.51579166800002,1.6128858452457902,-0.010143687676940856,-1.1871141577795394,-0.41014368767694087
17.527210356000012,1.615824194269464,-0.01013894538895737,-1.1841758087558656,-0.4101389453889574
17.539286383000046,1.6187625454074486,-0.010135772987979661,-1.181237457617881,-0.4101357729879797
17.61987969200004,1.6217053174565395,-0.010134149051170514,-1.1782946855687901,-0.4101341490511705
17.63260075300002,1.6246562978548433,-0.010133841777338209,-1.1753437051704863,-0.41013384177733825
17.643311913000048,1.6276072781173843,-0.010134788186844367,-1.1723927249079453,-0.4101347881868444
17.65556989600003,1.6305582577115516,-0.01013698827951972,-1.169441745313778,-0.4101369882795197
17.667987019999998,1.6335092361047345,-0.010140442054965568,-1.166490766920595,-0.4101404420549656
17.717911281,1.6364602127643242,-0.010145149512559595,-1.1635397902610054,-0.4101451495125596
17.728628487000037,1.6394111871577104,-0.010151110651451155,-1.1605888158676192,-0.41015111065145116
17.739438036000024,1.6423621587522852,-0.010158325470566007,-1.1576378442730444,-0.410158325470566
17.75025789800003,1.6453131270154386,-0.010166793968600126,-1.154686876009891,-0.4101667939686002
17.763014334000047,1.6482640914145643,-0.010176516144025748,-1.1517359116107653,-0.4101765161440258
17.842202831999998,1.6512174945344602,-0.010187490459007211,-1.1487825084908694,-0.4101874904590072
17.85678702900003,1.6541754304460783,-0.010199596810666234,-1.1458245725792513,-0.41019959681066626
17.868076321000046,1.657133361750537,-0.010212780857577208,-1.1428666412747925,-0.41021278085757723
17.879730041000016,1.6600912880551888,-0.010227042597989752,-1.1399087149701408,-0.41022704259798976
17.890969025999993,1.663049208967386,-0.010242382030011876,-1.1369507940579435,-0.4102423820300119
17.93655018300001,1.666007124094483,-0.010258799151606468,-1.1339928789308467,-0.4102587991516065
17.946919983000043,1.6689650330438333,-0.010276293960595071,-1.1310349699814963,-0.4102762939605951
17.958421045000023,1.6719229354227925,-0.010294866454654767,-1.1280770676025371,-0.4102948664546548
17.96909886200001,1.674880830838717,-0.010314516631320422,-1.1251191721866125,-0.41031451663132046
17.982524833000014,1.6778387188989639,-0.010335244487983602,-1.1221612841263657,-0.41033524448798364
18.06250976000001,1.6808078757486031,-0.010357080121477303,-1.1191921272767265,-0.4103570801214773
18.075568618000034,1.683800007481589,-0.010379473284696543,-1.1161999955437405,-0.41037947328469654
18.084874221000007,1.6867921376970163,-0.010402068313306827,-1.1132078653283133,-0.41040206831330683
18.096490774000017,1.689784266381251,-0.010424865207210261,-1.1102157366440786,-0.4104248652072103
18.106661033000023,1.6927763935206739,-0.010447863966293573,-1.1072236095046557,-0.41044786396629357
18.158596816,1.6957685191016665,-0.010471064590459711,-1.104231483923663,-0.41047106459045973
18.16981245200003,1.6987606431106095,-0.010494467079594005,-1.10123935991472,-0.410494467079594
18.180902795999998,1.7017527655338844,-0.010518071433598442,-1.0982472374914451,-0.4105180714335985
18.19177242500001,1.7047448863578716,-0.010541877652360261,-1.095255116667458,-0.4105418776523603
18.202103747000024,1.7077370055689531,-0.010565885735775082,-1.0922629974563764,-0.4105658857357751
18.285641673000043,1.7107164923280285,-0.010590049839159532,-1.0892835106973011,-0.41059004983915953
18.29907840300001,1.7136725149989431,-0.010614953083176157,-1.0863274880263865,-0.4106149530831762
18.310381941000003,1.7166285279872608,-0.010640980286719164,-1.0833714750380687,-0.4106409802867192
18.322357875000023,1.7195845308656383,-0.010668131446030581,-1.0804154721596912,-0.4106681314460306
18.334472182000013,1.722540523206717,-0.010696406557183903,-1.0774594798186126,-0.4106964065571839
18.381157357999996,1.725496504583141,-0.010725805616090468,-1.0745034984421886,-0.4107258056160905
18.393247668000015,1.7284524745675538,-0.010756328618501492,-1.0715475284577758,-0.41075632861850153
18.40426655600004,1.7314084327326034,-0.01078797556000323,-1.0685915702927262,-0.41078797556000324
18.415506714000003,1.7343643786509368,-0.010820746436020608,-1.0656356243743927,-0.4108207464360206
18.427966920000017,1.737320311895205,-0.010854641241815014,-1.0626796911301246,-0.41085464124181503
18.505262112000025,1.7402581433660507,-0.010889228444311052,-1.059741859659279,-0.4108892284443111
18.518367063000028,1.7431623958202274,-0.010921755873390095,-1.0568376072051022,-0.41092175587339014
18.53001047600003,1.7460666742185673,-0.010951877894628417,-1.0539333288067623,-0.41095187789462845
18.543332469000006,1.7489709765688164,-0.01097959448736344,-1.0510290264565132,-0.4109795944873635
18.55568975700004,1.7518753008787002,-0.011004905632581236,-1.0481247021466293,-0.41100490563258124
18.601959530000045,1.7547796451559734,-0.01102781131291683,-1.0452203578693562,-0.4110278113129169
18.612939546999996,1.7576840074083335,-0.01104831151265493,-1.042315995616996,-0.411048311512655
18.624559878000014,1.7605883856434765,-0.011066406217733214,-1.039411617381853,-0.4110664062177332
18.63634405600004,1.7634927778690874,-0.011082095415739021,-1.0365072251562422,-0.41108209541573904
18.649911341999996,1.7663971820928421,-0.011095379095910508,-1.0336028209324875,-0.41109537909591054
18.726817398000037,1.769303414465301,-0.011106271592946977,-1.0306965885600285,-0.411106271592947
18.73892534700002,1.7722130311720377,-0.011114870712069706,-1.027786971853292,-0.4111148707120697
18.75099547900004,1.775122653721291,-0.011121190984676102,-1.0248773493040386,-0.41112119098467614
18.763527015000022,1.7780322803282418,-0.011125232406888752,-1.0219677226970878,-0.41112523240688875
18.775257666000016,1.780941909208068,-0.011126994976229643,-1.0190580938172615,-0.4111269949762297
18.823710661999996,1.7838515385759464,-0.011126478691616528,-1.0161484644493832,-0.41112647869161656
18.83542109000001,1.7867611666470529,-0.01112368355336657,-1.0132388363782767,-0.4111236835533666
18.845969437000008,1.789670791636565,-0.01111860956319474,-1.0103292113887645,-0.41111860956319474
18.857478903000015,1.7925804117596624,-0.01111125672421254,-1.0074195912656672,-0.41111125672421256
18.870605263000016,1.7954900252315265,-0.01110162504093133,-1.0045099777938031,-0.41110162504093134
18.94643716400003,1.7984178054797897,-0.01108973108849197,-1.00158219754554,-0.411089731088492
18.957790665999994,1.8013882806855974,-0.011076576960393934,-0.9986117223397322,-0.41107657696039396
18.97240255400004,1.804358752431776,-0.011062663492935347,-0.9956412505935537,-0.41106266349293535
18.984539724,1.8073292205242317,-0.011047990687030617,-0.9926707825010979,-0.41104799068703063
18.99580316700002,1.810299684768837,-0.011032558543640878,-0.9897003182564925,-0.4110325585436409
19.042542334000018,1.8132701449714843,-0.011016367063772427,-0.9867298580538453,-0.4110163670637724
19.053679165999995,1.8162406009380643,-0.010999416248483166,-0.9837594020872653,-0.4109994162484832
19.064379531000043,1.8192110524744693,-0.010981706098882594,-0.9807889505508602,-0.4109817060988826
19.07597778300004,1.8221814993865917,-0.01096323661612666,-0.9778185036387379,-0.41096323661612666
19.089040436999994,1.8251519414803234,-0.010944007801422814,-0.9748480615450061,-0.4109440078014228
19.167617175000032,1.828131785934355,-0.010924004846025527,-0.9718682170909745,-0.41092400484602554
19.179524904999994,1.8311302460205692,-0.010903745658218061,-0.9688697570047604,-0.4109037456582181
19.190855830000032,1.834128706364914,-0.010883524709087124,-0.9658712966604155,-0.4108835247090871
19.204017385000043,1.8371271669668894,-0.010863341998637123,-0.9628728360584402,-0.41086334199863717
19.21621877000001,1.8401256278260059,-0.010843197526871347,-0.9598743751993237,-0.4108431975268714
19.263264798000023,1.8431240889417764,-0.01082309129379307,-0.9568759140835532,-0.4108230912937931
19.27412982000004,1.8461225503137129,-0.010803023299405556,-0.9538774527116167,-0.4108030232994056
19.285796753,1.8491210119413284,-0.010782993543712076,-0.9508789910840012,-0.4107829935437121
19.29699298500003,1.8521194738241358,-0.010763002026715884,-0.9478805292011938,-0.4107630020267159
19.30959946300004,1.855117935961646,-0.010743048748420234,-0.9448820670636835,-0.41074304874842027
19.38921318900003,1.8581125520942106,-0.010723137143607587,-0.941887450931119,-0.4107231371436076
19.401092007000045,1.8611000237972752,-0.010703026574787786,-0.9388999792280543,-0.4107030265747878
19.412383274000035,1.8640874933111393,-0.010682593383241347,-0.9359125097141903,-0.41068259338324137
19.424372258999995,1.8670749606009633,-0.010661837569202633,-0.9329250424243662,-0.41066183756920266
19.435896126000046,1.8700624256319063,-0.01064075913291535,-0.9299375773934233,-0.41064075913291537
19.486622815000032,1.8730498883691278,-0.010619358074627471,-0.9269501146562018,-0.4106193580746275
19.497789108000006,1.876037348777788,-0.01059763439458526,-0.9239626542475416,-0.4105976343945853
19.508719651000035,1.8790248068230455,-0.01057558809304336,-0.9209751962022841,-0.4105755880930434
19.521419456000046,1.88201226247006,-0.010553219170262262,-0.9179877405552697,-0.4105532191702623
19.533811017999994,1.8849997156839904,-0.010530527626494974,-0.9150002873413392,-0.410530527626495
19.61206260800003,1.8879860909415205,-0.010507566137594815,-0.9120139120838091,-0.4105075661375948
19.622903913000016,1.8909704701280305,-0.010484868833945421,-0.909029532897299,-0.4104848688339454
19.63612248000004,1.8939548523432785,-0.01046257332447863,-0.906045150682051,-0.41046257332447866
19.646843517000036,1.8969392375331757,-0.010440679609600628,-0.9030607654921539,-0.4104406796096006
19.658239270000024,1.8999236256436278,-0.010419187689707654,-0.9000763773817018,-0.4104191876897077
19.708851690000017,1.90290801662054,-0.010398097565190799,-0.8970919864047895,-0.4103980975651908
19.719671084000026,1.9058924104098187,-0.01037740923643197,-0.8941075926155109,-0.410377409236432
19.731058725000025,1.908876806957368,-0.010357122703805035,-0.8911231960679615,-0.41035712270380503
19.742046363000043,1.9118612062090932,-0.01033723796767649,-0.8881387968162364,-0.4103372379676765
19.754670319000013,1.9148456081108995,-0.01031775502841118,-0.88515439491443,-0.4103177550284112
19.83421764100001,1.9178318025555354,-0.010298621331393393,-0.8821682004697942,-0.4102986213313934
19.844752185999994,1.9208213208504612,-0.010279338392839735,-0.8791786821748684,-0.41027933839283975
19.857119772000033,1.9238108373919074,-0.010259785493489805,-0.8761891656334222,-0.41025978549348985
19.868057019000048,1.926800352155489,-0.010239962633497498,-0.8731996508698405,-0.41023996263349755
19.87922749200004,1.929789865116828,-0.010219869813027594,-0.8702101379085017,-0.4102198698130276
19.92885166100001,1.9327793762515473,-0.01019950703224673,-0.8672206267737823,-0.4101995070322467
19.939834122000036,1.9357688855352684,-0.01017887429131201,-0.8642311174900612,-0.41017887429131206
19.951904420999995,1.9387583929436127,-0.010157971590400506,-0.8612416100817168,-0.4101579715904005
19.963477995000005,1.941747898452202,-0.01013679892968065,-0.8582521045731275,-0.4101367989296807
19.97537797800004,1.9447374020366592,-0.010115356309321828,-0.8552626009886704,-0.41011535630932183
20.054928098000005,1.9477233218689165,-0.010093653663724556,-0.8522766811564131,-0.4100936536637246
20.070265412000026,1.950702586486648,-0.010071521772534918,-0.8492974165386815,-0.4100715217725349
20.083777224000016,1.9536818470951733,-0.010048856610678796,-0.8463181559301562,-0.4100488566106788
20.09861744600005,1.9566611035990402,-0.010025658178883769,-0.8433388994262894,-0.4100256581788838
20.107786852999993,1.959640355902797,-0.010001926477890876,-0.8403596471225325,-0.4100019264778909
20.155471199000033,1.9626196039109913,-0.009977661508461282,-0.8373803991143383,-0.4099776615084613
20.167328748000045,1.9655988475281712,-0.009952863271373355,-0.8344011554971584,-0.40995286327137337
20.179576655999995,1.9685780866588851,-0.009927531767419687,-0.8314219163664445,-0.4099275317674197
20.194333654000047,1.9715573212076816,-0.009901666997415225,-0.828442681817648,-0.40990166699741526
20.206872188000034,1.974536551079109,-0.009875268962183947,-0.8254634519462205,-0.40987526896218396
20.286169410000014,1.977517338392237,-0.009848330519749713,-0.8224826646330925,-0.4098483305197497
20.298567761000015,1.9805010228081514,-0.009820922917142665,-0.8194989802171782,-0.40982092291714267
20.312573619000034,1.9834847033491139,-0.009793096671765473,-0.8165152996762157,-0.4097930966717655
20.325576201000047,1.9864683799563856,-0.009764851784166431,-0.813531623068944,-0.40976485178416644
20.338131531000045,1.989452052571225,-0.009736188254902458,-0.8105479504541047,-0.4097361882549025
20.389970495,1.9924357211348924,-0.009707106084535172,-0.8075642818904372,-0.4097071060845352
20.401554193000038,1.9954193855886486,-0.00967760527364093,-0.804580617436681,-0.40967760527364094
20.413944485000002,1.9984030458737534,-0.009647685822796409,-0.8015969571515762,-0.4096476858227964
20.426585515,2.001386701931468,-0.009617347732593635,-0.7986133010938614,-0.4096173477325937
20.439799929000003,2.004370353703053,-0.009586591003628695,-0.7956296493222768,-0.4095865910036287
20.519701122000015,2.0073575431668034,-0.009555394549799883,-0.7926424598585262,-0.4095553945497999
20.53341459500001,2.010351308160678,-0.009523916578893768,-0.7896486948646517,-0.4095239165788938
20.546361100000013,2.013345071494591,-0.009492281128420158,-0.7866549315307387,-0.4094922811284202
20.560135453000044,2.0163388331602574,-0.009460488198465835,-0.7836611698650722,-0.40946048819846587
20.572364864999997,2.019332593149395,-0.00942853778912262,-0.7806674098759347,-0.40942853778912264
20.622321561000035,2.022326351453717,-0.00939642990047269,-0.7776736515716127,-0.4093964299004727
20.635583713000017,2.0253201080649417,-0.009364164532607435,-0.7746798949603879,-0.40936416453260743
20.64963005200002,2.028313862974784,-0.009331741685615298,-0.7716861400505457,-0.4093317416856153
20.66266711200001,2.0313076161749604,-0.009299161359589886,-0.7686923868503692,-0.4092991613595899
20.676525231000028,2.0343013676571884,-0.009266423554614522,-0.7656986353681412,-0.40926642355461457
20.755420058000027,2.0372887322840736,-0.009233569720733532,-0.762711270741256,-0.40923356972073355
20.766239490000032,2.0402642335474392,-0.009200318476709622,-0.7597357694778903,-0.4092003184767096
20.78040097500002,2.0432397277383005,-0.0091664402590262,-0.756760275287029,-0.4091664402590262
20.792550901000027,2.046215214724553,-0.009131935069188184,-0.7537847883007767,-0.4091319350691882
20.803934355000024,2.0491906943740847,-0.009096802908729853,-0.7508093086512448,-0.40909680290872985
20.854745786000024,2.0521661665547883,-0.009061043779208732,-0.7478338364705412,-0.40906104377920877
20.866714471000023,2.055141631134552,-0.009024657682214008,-0.7448583718907775,-0.409024657682214
20.878936634000013,2.058117087981266,-0.008987644619360115,-0.7418829150440636,-0.40898764461936016
20.89103830800002,2.061092536962823,-0.008950004592291245,-0.7389074660625066,-0.40895000459229125
20.904662106000046,2.0640679779471123,-0.008911737602678152,-0.7359320250782173,-0.4089117376026782
20.980895161000035,2.0670430825291337,-0.008872846484549068,-0.7329569204961959,-0.4088728464845491
20.993076897000037,2.0700175689839435,-0.00883331747975766,-0.7299824340413861,-0.4088333174797577
21.00594421300002,2.0729920467169576,-0.00879313753610192,-0.727007956308372,-0.4087931375361019
21.01780336400003,2.075966515585723,-0.008752306655506506,-0.7240334874396064,-0.40875230665550655
21.030171988000006,2.0789409754477908,-0.008710824839925769,-0.7210590275775388,-0.40871082483992577
21.07963322200004,2.0819154261607054,-0.008668692091348327,-0.7180845768646242,-0.4086686920913484
21.09064044500002,2.08488986758202,-0.008625908411789765,-0.7151101354433096,-0.4086259084117898
21.101724912999998,2.0878642995692833,-0.008582473803300586,-0.7121357034560463,-0.4085824738033006
21.11282644700003,2.0908387219800444,-0.008538388267959452,-0.7091612810452852,-0.40853838826795946
21.12803111100004,2.093813134671856,-0.00849365180787954,-0.7061868683534738,-0.40849365180787955
21.211889205000034,2.0967951435583467,-0.008448193129250705,-0.7032048594669829,-0.40844819312925074
21.228226183999993,2.099791564271696,-0.00840244269993067,-0.7002084387536334,-0.4084024426999307
21.24136231700004,2.102787986264604,-0.008356776151473368,-0.6972120167607256,-0.40835677615147337
21.253591778000043,2.1057844095347127,-0.008311193483904508,-0.6942155934906169,-0.40831119348390454
21.265082336000035,2.1087808340796736,-0.008265694697262575,-0.6912191689456559,-0.4082656946972626
21.310416547000045,2.1117772598971394,-0.008220279791590599,-0.6882227431281902,-0.40822027979159065
21.321066368999993,2.114773686984761,-0.008174948766916868,-0.6852263160405685,-0.4081749487669169
21.332074605999992,2.11777011534019,-0.008129701623277044,-0.6822298876851396,-0.40812970162327705
21.344319696000014,2.120766544961079,-0.00808453836071125,-0.6792334580642505,-0.4080845383607113
21.357747558000028,2.12376297584508,-0.008039458979253606,-0.6762370271802496,-0.40803945897925364
21.434394045000033,2.126760555321808,-0.007995635625185096,-0.6732394477035215,-0.4079956356251851
21.446602274000043,2.129760415064611,-0.00796717800831301,-0.6702395879607188,-0.40796717800831306
21.457930421000015,2.1327603964088064,-0.007958219943622108,-0.6672396066165232,-0.40795821994362214
21.471380140000008,2.135760372605629,-0.007968761809589331,-0.6642396304197007,-0.40796876180958935
21.48339800900004,2.138760216906529,-0.007998803160822453,-0.6612397861188004,-0.4079988031608225
21.533530583000015,2.1417598025685334,-0.008048342728078915,-0.6582402004567962,-0.40804834272807894
21.54479268800003,2.144759002859592,-0.00811737841831936,-0.6552410001657374,-0.4081173784183194
21.556002471,2.147757691063942,-0.008205907314796255,-0.6522423119613876,-0.4082059073147963
21.567760763000024,2.1507557404874498,-0.008313925677176814,-0.6492442625378798,-0.40831392567717684
21.579329836,2.1537530244629775,-0.008441428941701324,-0.6462469785623521,-0.4084414289417013
21.661836667000046,2.1567494163557193,-0.008588411721375836,-0.6432505866696103,-0.40858841172137583
21.674465627000018,2.159744789568592,-0.008754867806201628,-0.6402552134567374,-0.4087548678062016
21.68715516000003,2.1627390175475023,-0.00894079016343375,-0.6372609854778273,-0.40894079016343376
21.69886198300003,2.165731973786758,-0.009146170937880026,-0.6342680292385716,-0.40914617093788
21.710755250000034,2.168723531834399,-0.009371001452232935,-0.6312764711909304,-0.40937100145223293
21.757969176000017,2.171713565297551,-0.009615272207436989,-0.6282864377277786,-0.409615272207437
21.769538318000002,2.1747019478477396,-0.009878972883088831,-0.62529805517759,-0.40987897288308883
21.780918275000033,2.1776885532262473,-0.010162092337874056,-0.6223114497990823,-0.4101620923378741
21.791731149000043,2.1806732552494426,-0.01046461861003793,-0.619326747775887,-0.41046461861003797
21.80332046000001,2.1836559278141072,-0.010786538917890344,-0.6163440752112224,-0.41078653891789035
21.880908629000032,2.1866364449027698,-0.011127839660346278,-0.6133635581225598,-0.4111278396603463
21.894330894000007,2.189614680589027,-0.011488506417500113,-0.6103853224363025,-0.4114885064175001
21.90552237000003,2.1925905090428652,-0.011868523951234982,-0.6074094939824644,-0.411868523951235
21.916030562999993,2.1955638045359698,-0.012267876205866538,-0.6044361984893598,-0.4122678762058666
21.92735043800002,2.198534441447045,-0.012686546308825163,-0.6014655615782845,-0.4126865463088252
21.974981117000027,2.2015022942671307,-0.013124516571363102,-0.5984977087581989,-0.4131245165713631
21.987217981000015,2.2044672376048853,-0.013581768489302095,-0.5955327654204443,-0.4135817684893021
21.998263011000006,2.207429146191894,-0.01405828274381644,-0.5925708568334356,-0.41405828274381645
22.009307646000025,2.2103878948879614,-0.014554039202249923,-0.5896121081373682,-0.4145540392022499
22.02018092000003,2.213343358686394,-0.015069016918965797,-0.5866566443389356,-0.4150690169189658
22.09914789200002,2.2162954127192847,-0.015603194136232254,-0.5837045903060449,-0.41560319413623226
22.110582060000013,2.2192439322627915,-0.01615654828514124,-0.5807560707625381,-0.41615654828514126
22.123011305000034,2.2221887927424016,-0.01672905598656224,-0.577811210282928,-0.4167290559865623
22.135426022000047,2.2251298697381983,-0.017320693052130194,-0.5748701332871313,-0.4173206930521302
22.145928801000025,2.228067038990116,-0.017931434485266927,-0.5719329640352138,-0.41793143448526693
22.194370341000024,2.2310001764031884,-0.018561254482237846,-0.5689998266221412,-0.41856125448223785
22.205160186,2.2339291580527973,-0.019210126433241628,-0.5660708449725322,-0.4192101264332416
22.216981866000026,2.236853860189907,-0.019878022923535032,-0.5631461428354227,-0.41987802292353504
22.228069828999992,2.2397741592462834,-0.0205649157345906,-0.5602258437790462,-0.42056491573459065
22.24135227100004,2.2426899318397275,-0.021270775845289268,-0.557310071185602,-0.42127077584528927
22.320451429000002,2.245601054779281,-0.021995573433146405,-0.5543989482460487,-0.4219955734331464
22.332509652,2.248507405070431,-0.022739277875571635,-0.5514925979548986,-0.42273927787557164
22.343994122000026,2.251408859920312,-0.023501857751163,-0.5485911431050177,-0.423501857751163
22.357098511999993,2.2543052967428876,-0.024283280841034077,-0.545694706282442,-0.4242832808410341
22.36796692500002,2.257196593164132,-0.02508351413017561,-0.5428034098611976,-0.42508351413017564
22.41586798200001,2.2600826270272028,-0.02590252380885015,-0.5399173759981268,-0.4259025238088502
22.428091393000045,2.262963276397599,-0.02674027527402077,-0.5370367266277305,-0.4267402752740208
22.43912988300002,2.2658384195683117,-0.027596733130812418,-0.5341615834570179,-0.4275967331308124
22.450209674000007,2.2687079350649704,-0.028471861194008186,-0.5312920679603592,-0.4284718611940082
22.46154506700003,2.2715717016509718,-0.02936562248957766,-0.5284283013743578,-0.42936562248957766
22.538816562000022,2.2739296205797404,-0.030117828709760087,-0.5260703824455892,-0.4301178287097601
22.54935678100003,2.2753529726784225,-0.03059115430157126,-0.5246470303469071,-0.4305911543015713
22.561476801000026,2.2767700514461637,-0.031082942954031877,-0.5232299515791659,-0.4310829429540319
22.573593406000043,2.278180617400031,-0.03159311155603117,-0.5218193856252986,-0.4315931115560312
22.585770583,2.279584432157735,-0.03212157389028992,-0.5204155708675944,-0.43212157389028993
22.63506482400004,2.2809812584779214,-0.032668240647931404,-0.5190187445474082,-0.4326682406479314
22.64639738300002,2.2823708603002726,-0.033233019443576255,-0.517629142725057,-0.4332330194435763
22.657313781000028,2.2837530027854234,-0.03381581483097101,-0.5162470002399062,-0.43381581483097104
22.668010734999996,2.2851274523545007,-0.034416528319044855,-0.5148725506708289,-0.43441652831904487
22.680356731000018,2.2864939767288397,-0.03503505838866491,-0.5135060262964899,-0.4350350583886649
22.765952025000047,2.2878773450110237,-0.03568303414989864,-0.5121226580143059,-0.4356830341498987
22.777170687000023,2.289347116899777,-0.036393131185642996,-0.5106528861255524,-0.43639313118564305
22.790108515000043,2.290808368852572,-0.03712059935373679,-0.5091916341727574,-0.4371205993537368
22.802397573000007,2.2922608955701453,-0.037865336448204404,-0.5077391074551842,-0.4378653364482044
22.814000984000018,2.2937044929790864,-0.03862723783686571,-0.5062955100462432,-0.43862723783686575
22.865072130000044,2.29513895826051,-0.039406196476033405,-0.5048610447648194,-0.4394061964760334
22.876503688000014,2.2965640898785544,-0.040202102925556246,-0.5034359131467752,-0.4402021029255563
22.887032712000007,2.297979687608706,-0.041014845364198554,-0.5020203154166234,-0.44101484536419855
22.898131088000014,2.2993855525659184,-0.041844309605341405,-0.5006144504594112,-0.44184430960534143
22.910164216,2.300781487232498,-0.04269037911299592,-0.4992185157928315,-0.4426903791129959
23.000197825000043,2.3021911985560846,-0.043567521803274625,-0.497808804469245,-0.44356752180327463
23.011797227000045,2.3038420229931074,-0.04461571489262593,-0.4961579800322222,-0.44461571489262597
23.025273398000024,2.305551449033851,-0.045721031658720226,-0.4944485539914787,-0.44572103165872023
23.03846365100003,2.307251577611376,-0.046840596467949205,-0.4927484254139536,-0.4468405964679492
23.04958079900001,2.3089422899713887,-0.047974331118504264,-0.49105771305394086,-0.44797433111850427
23.100857105000046,2.3106234680173237,-0.04912215641881446,-0.48937653500800593,-0.4491221564188145
23.112245915000017,2.3122949943185884,-0.050283992193073467,-0.48770500870674116,-0.45028399219307347
23.122894943999995,2.313956752118765,-0.0514597572868402,-0.4860432509065644,-0.45145975728684024
23.13439144700004,2.315608625343767,-0.052649369572707966,-0.4843913776815625,-0.45264936957270796
23.146837971000025,2.31725049860995,-0.053852745956038936,-0.4827495044153798,-0.45385274595603897
23.236295618000042,2.3189049359588987,-0.05508623082973324,-0.4810950670664309,-0.45508623082973326
23.247843396000007,2.3207931107131783,-0.05651019367456554,-0.4792068923121513,-0.4565101936745656
23.260547963000022,2.3227475374786315,-0.05799845744575548,-0.4772524655466981,-0.4579984574457555
23.273110289000044,2.32469493324677,-0.05949590953397645,-0.47530506977855946,-0.45949590953397645
23.28493382900001,2.3266352548210762,-0.061002516723218665,-0.47336474820425334,-0.4610025167232187
23.340893224000013,2.328568459161916,-0.06251824559437581,-0.4714315438634138,-0.4625182455943758
23.35316420600003,2.3304945033875746,-0.06404306252604128,-0.469505499637755,-0.46404306252604133
23.364231026000027,2.3324133447751505,-0.06557693369521073,-0.4675866582501791,-0.46557693369521075
23.374943579000046,2.334324940761513,-0.06711982507803994,-0.4656750622638164,-0.46711982507803995
23.386100353000018,2.3362292489442456,-0.06867170245060064,-0.46377075408108404,-0.46867170245060064
23.480394821999994,2.3381382904457215,-0.07024240297152545,-0.46186171257960806,-0.4702424029715255
23.49070550800002,2.340067220123327,-0.0718436072358241,-0.45993278290200257,-0.47184360723582414
23.503992630000027,2.341989289649217,-0.07345303991063148,-0.45801071337611265,-0.4734530399106315
23.516287347000002,2.3439044639230096,-0.07507067160486668,-0.45609553910232004,-0.4750706716048667
23.52802624200001,2.3458127079701945,-0.07669647277768132,-0.4541872950551351,-0.47669647277768135
23.58451360700002,2.3477139869428467,-0.07833041373906582,-0.45228601608248287,-0.4783304137390658
23.595027619999996,2.3496082661202333,-0.07997246465035375,-0.45039173690509626,-0.47997246465035376
23.60599330900004,2.351495510909455,-0.08162259552477924,-0.4485044921158745,-0.48162259552477926
23.617261482999993,2.353375686846054,-0.08328077622800031,-0.44662431617927556,-0.48328077622800036
23.628838798999993,2.355248759594691,-0.08494697647870754,-0.44475124343063843,-0.48494697647870755
23.719581745000028,2.3571285662437984,-0.08663353373264258,-0.4428714367815312,-0.4866335337326426
23.731752224000047,2.3590347822995046,-0.08835701849394674,-0.440965220725825,-0.48835701849394675
23.744018338000046,2.360934559849398,-0.09008759777107234,-0.43906544317593177,-0.49008759777107236
23.756950740000036,2.3628278724894227,-0.09182524751156532,-0.43717213053590687,-0.4918252475115653
23.769641147000016,2.3647146939053756,-0.09356994356469832,-0.435285309119954,-0.49356994356469835
23.824212396000007,2.3665949978732708,-0.09532166168181404,-0.4334050051520588,-0.4953216616818141
23.834809041000028,2.368468758259706,-0.09708037751665992,-0.43153124476562343,-0.49708037751665995
23.84685889000002,2.3703359490222264,-0.09884606662572654,-0.42966405400310315,-0.49884606662572656
23.858871976000046,2.3721965442096806,-0.10061870446858535,-0.42780345881564896,-0.5006187044685854
23.871866022999995,2.3740505179625906,-0.10239826640823176,-0.425949485062739,-0.5023982664082318
23.959913873000005,2.375889238748664,-0.10417644924514274,-0.4241107642766657,-0.5041764492451428
23.97258575500001,2.3777050107525493,-0.10594643282607896,-0.42229499227278033,-0.505946432826079
23.983446171000026,2.3795136460951873,-0.10772370828144237,-0.42048635693014225,-0.5077237082814424
23.995993064999993,2.381315115493711,-0.10950824683610057,-0.4186848875316187,-0.5095082468361006
24.006795659000034,2.383109389781272,-0.11130001959732726,-0.41689061324405774,-0.5113000195973273
24.059071267000036,2.384896439907517,-0.11309899755526992,-0.4151035631178126,-0.51309899755527
24.070692017,2.386676236939057,-0.1149051515834196,-0.41332376608627275,-0.5149051515834197
24.081263957000033,2.388448752059931,-0.11671845243908227,-0.41155125096539846,-0.5167184524390823
24.092007517000013,2.3902139565720812,-0.1185388707638531,-0.40978604645324834,-0.5185388707638531
24.10360344100002,2.3919718218958095,-0.12036637708409094,-0.4080281811295201,-0.520366377084091
24.192147945000045,2.393697170673873,-0.12217471046452363,-0.40630283235145637,-0.5221747104645237
24.204276051000022,2.3953675485219312,-0.12394217671736389,-0.40463245450339835,-0.5239421767173639
24.214550278000047,2.397029203896197,-0.1257178457539077,-0.4029707991291325,-0.5257178457539078
24.227286039000035,2.3986820965154934,-0.12750167452911115,-0.40131790650983623,-0.5275016745291112
24.238771669000016,2.400326186311061,-0.12929361980011617,-0.3996738167142686,-0.5292936198001161
24.29229043800001,2.4019614334275365,-0.1310936381273069,-0.39803856959779305,-0.5310936381273069
24.303102557000045,2.403587798223919,-0.1329016858753638,-0.3964122048014107,-0.5329016858753638
24.315900526999997,2.4052052412745275,-0.13471771921432132,-0.3947947617508021,-0.5347177192143213
24.327400747000013,2.4068137233699587,-0.13654169412063025,-0.3931862796553709,-0.5365416941206302
24.339345202999993,2.408413205518036,-0.13837356637822504,-0.39158679750729375,-0.5383735663782251
24.425634414,2.4099881433652732,-0.14019542751936337,-0.39001185966005636,-0.5401954275193634
24.438399712000034,2.4115246670874204,-0.14199238122270946,-0.38847533593790917,-0.5419923812227094
24.448976016000017,2.4130512675604274,-0.14379777280253137,-0.38694873546490216,-0.5437977728025314
24.461210111000014,2.414567898448223,-0.14561154746076838,-0.38543210457710675,-0.5456115474607683
24.472228083000005,2.416074513717336,-0.14743365014490897,-0.38392548930799375,-0.547433650144909
24.526757720000035,2.4175710676382955,-0.14926402554966478,-0.38242893538703404,-0.5492640255496648
24.537822781000045,2.419057514787019,-0.15110261811864997,-0.3809424882383108,-0.55110261811865
24.549529308000047,2.4205338100461917,-0.15294937204607456,-0.37946619297913786,-0.5529493720460745
24.56057221100002,2.4219999086066264,-0.15480423127841914,-0.3780000944187032,-0.5548042312784192
24.572773511000037,2.4234557659686318,-0.15666713951615288,-0.3765442370566978,-0.5566671395161529
24.65893669000002,2.424914636459579,-0.15855515526127925,-0.37508536656575053,-0.5585551552612793
24.67119541400001,2.4263985743176026,-0.16049541400427694,-0.37360142870772695,-0.5604954140042769
24.683134660000007,2.4278731232507615,-0.16244281766042665,-0.37212687977456804,-0.5624428176604267
24.695271212000023,2.42933824885804,-0.1643973207970727,-0.37066175416728964,-0.5643973207970727
24.70699068900001,2.4307939169582684,-0.16635887781593414,-0.3692060860670612,-0.5663588778159342
24.759839333000002,2.432240093590917,-0.16832744295416768,-0.3677599094344126,-0.5683274429541677
24.771595691000016,2.433676745016891,-0.17030297028542815,-0.36632325800843857,-0.5703029702854282
24.78305923700003,2.4351038377193137,-0.1722854137209394,-0.3648961653060159,-0.5722854137209394
24.795360094000046,2.4365213384043156,-0.1742747270105774,-0.36347866462101397,-0.5742747270105775
24.807769391000022,2.4379292140018056,-0.1762708637439452,-0.36207078902352396,-0.5762708637439452
24.892461500000024,2.4393228794287225,-0.17826728547576984,-0.3606771235966071,-0.5782672854757699
24.90413041100004,2.440698196726965,-0.1802585208631414,-0.3593018062983644,-0.5802585208631414
24.91476962600001,2.442063487874807,-0.18225664401259115,-0.3579365151505227,-0.5822566440125911
24.92802092300002,2.443418718378148,-0.18426160444151554,-0.35658128464718164,-0.5842616044415155
24.939352423000003,2.4447638539970713,-0.18627335149456165,-0.3552361490282583,-0.5862733514945617
24.991134347000013,2.4460988607467082,-0.1882918343449123,-0.35390114227862135,-0.5882918343449124
25.001580359000002,2.447423704898095,-0.1903170019955707,-0.35257629812723446,-0.5903170019955707
25.01234742700001,2.4487383529790256,-0.1923488032806484,-0.35126165004630394,-0.5923488032806484
25.023299629999997,2.450042771774898,-0.1943871868666576,-0.34995723125043154,-0.5943871868666576
25.03575866700004,2.4513369283295536,-0.1964321012538095,-0.34866307469577595,-0.5964321012538095
25.124102687000004,2.4526175748714976,-0.19847838052646852,-0.347382428153832,-0.5984783805264685
25.136339281000005,2.4538817664505665,-0.20052168568346365,-0.34611823657476304,-0.6005216856834636
25.14792437,2.4551353649551113,-0.20257150692020032,-0.3448646380702183,-0.6025715069202003
25.161244815000032,2.4563783367998284,-0.20462778931968062,-0.34362166622550117,-0.6046277893196806
25.17212056400001,2.457610648684115,-0.20669047779180164,-0.3423893543412144,-0.6066904777918016
25.225378605000003,2.4588322675929586,-0.2087595170748341,-0.341167735432371,-0.6087595170748341
25.235720170000036,2.4600431607978215,-0.21083485173690447,-0.3399568422275081,-0.6108348517369044
25.246840786999996,2.461243295857523,-0.21291642617747777,-0.3387567071678066,-0.6129164261774778
25.257810790999997,2.462432640619105,-0.21500418462884888,-0.33756736240622454,-0.6150041846288489
25.269001583000033,2.463611163218691,-0.21709807115763613,-0.3363888398066388,-0.6170980711576362
25.35559047000004,2.4647805526900712,-0.21920110968638012,-0.33521945033525835,-0.6192011096863801
25.367665981000016,2.465942346517532,-0.22131583264960508,-0.3340576565077975,-0.6213158326496051
25.377957485000024,2.4670933642448154,-0.22343644018052802,-0.3329066387805142,-0.623436440180528
25.390437202000044,2.46823357606701,-0.2255628773672928,-0.33176642695831937,-0.6255628773672928
25.401499746000013,2.4693629524590164,-0.22769508914709027,-0.3306370505663132,-0.6276950891470903
25.455298029000005,2.4704814641763133,-0.22983302030758043,-0.3295185388490163,-0.6298330203075805
25.466634854000006,2.4715890822557154,-0.23197661548832457,-0.3284109207696142,-0.6319766154883246
25.477328632000024,2.472685778016119,-0.23412581918221698,-0.3273142250092107,-0.634125819182217
25.487383831000045,2.473771523059248,-0.23628057573692282,-0.3262284799660815,-0.6362805757369229
25.500790609000035,2.4748462892703893,-0.23844082935631944,-0.3251537137549403,-0.6384408293563195
25.586136581000005,2.4759052325788784,-0.24059676711529884,-0.3240947704464512,-0.6405967671152989
25.59713868900002,2.4769439031899663,-0.2427401114418272,-0.3230560998353633,-0.6427401114418272
25.608540600000026,2.4779710747142207,-0.244888990265799,-0.32202892831110885,-0.644888990265799
25.61989799600002,2.478986717662516,-0.24704334189492874,-0.3210132853628136,-0.6470433418949287
25.631250101000035,2.4799908028766957,-0.2492031044798026,-0.3200092001486339,-0.6492031044798026
25.685467361999997,2.4809833015304155,-0.25136821601566406,-0.3190167014949141,-0.6513682160156641
25.69709913700001,2.48196418512997,-0.25353861434419256,-0.3180358178953595,-0.6535386143441926
25.70808062200001,2.4829334255151134,-0.25571423715528896,-0.31706657751021616,-0.655714237155289
25.719347556999992,2.483890994859861,-0.25789502198886444,-0.3161090081654687,-0.6578950219888644
25.730513187000042,2.4848368656732966,-0.2600809062366331,-0.31516313735203294,-0.6600809062366331
25.818170957999996,2.485775867248367,-0.26228315030554783,-0.3142241357769624,-0.6622831503055479
25.829226410000047,2.4867134939275113,-0.26451357524608626,-0.3132865090978183,-0.6645135752460862
25.842145619999997,2.487639887405145,-0.266748689187121,-0.3123601156201845,-0.666748689187121
25.854616385000043,2.488555024232934,-0.268988435554745,-0.3114449787923954,-0.6689884355547451
25.86611837800001,2.4894588812474585,-0.27123275765777644,-0.3105411217778711,-0.6712327576577765
25.918979180000008,2.490351435570808,-0.2734815986892257,-0.30964856745452174,-0.6734815986892257
25.930004541000017,2.491232664611162,-0.2757349017277222,-0.30876733841416737,-0.6757349017277222
25.940489715000012,2.4921025460633595,-0.2779926097389554,-0.30789745696197013,-0.6779926097389555
25.951512578999996,2.4929610579094583,-0.2802546655771183,-0.30703894511587126,-0.6802546655771183
25.962741972000003,2.493808178419302,-0.28252101198635543,-0.30619182460602756,-0.6825210119863554
26.051224896000008,2.4946370218125264,-0.2847730530437382,-0.30536298121280314,-0.6847730530437381
26.062274919000004,2.4954411289360765,-0.286995040227517,-0.3045588740892531,-0.686995040227517
26.072578573000044,2.496232957264675,-0.2892214326477832,-0.3037670457606545,-0.6892214326477832
26.084592765000025,2.4970124826661966,-0.29145216245198036,-0.302987520359133,-0.6914521624519804
26.095467063,2.4977796813834714,-0.29368716165537284,-0.3022203216418582,-0.6936871616553728
26.148937318000037,2.498534530034999,-0.2959263621431003,-0.3014654729903308,-0.6959263621431003
26.160979520000012,2.4992770056156655,-0.29816969567226304,-0.30072299740966413,-0.6981696956722631
26.171399253000004,2.500007085497445,-0.3004170938740002,-0.2999929175278844,-0.7004170938740002
26.183176360000004,2.500724747430089,-0.3026684882555747,-0.2992752555952407,-0.7026684882555747
26.195513293000033,2.501429969541802,-0.3049238102024597,-0.29857003348352773,-0.7049238102024598
26.278246371000023,2.502121253664402,-0.3071782055563952,-0.2978787493609274,-0.7071782055563952
26.290738608000026,2.5027971756316503,-0.3094275445345044,-0.2972028273936793,-0.7094275445345044
26.30205248300001,2.503460390359838,-0.311680662944299,-0.2965396126654918,-0.7116806629442991
26.31347875800003,2.5041108767182663,-0.3139374889991242,-0.2958891263070633,-0.7139374889991242
26.324901450000027,2.5047486139817767,-0.31619795079419416,-0.29525138904355286,-0.7161979507941942
26.376367944000037,2.5053735818314067,-0.31846197630888473,-0.2946264211939229,-0.7184619763088848
26.387485387000027,2.505985760355041,-0.32072949340902734,-0.29401424267028853,-0.7207294934090274
26.39908661200002,2.5065851300480473,-0.3230004298492094,-0.2934148729772823,-0.7230004298492094
26.410810235000042,2.5071716718138926,-0.3252747132750732,-0.29282833121143703,-0.7252747132750732
26.423622557000044,2.507745366964757,-0.3275522712256234,-0.29225463606057245,-0.7275522712256235
26.50617061700001,2.5083091334519483,-0.3298448708847397,-0.2916908695733813,-0.7298448708847397
26.516770924000014,2.5088664274813097,-0.3321649048603125,-0.29113357554401986,-0.7321649048603125
26.529330789000028,2.5094113686445567,-0.33448787137139135,-0.29058863438077287,-0.7344878713713914
26.540937014000008,2.509943941512448,-0.3368137046464574,-0.29005606151288177,-0.7368137046464573
26.55188133300004,2.5104641310059335,-0.3391423388328177,-0.2895358720193961,-0.7391423388328178
26.59720289400002,2.5109719223965836,-0.3414737079984802,-0.28902808062874596,-0.7414737079984802
26.608332356000005,2.5114673013069986,-0.34380774613401616,-0.288532701718331,-0.7438077461340162
26.619043867000016,2.5119502537112237,-0.34614438715442825,-0.2880497493141059,-0.7461443871544282
26.630905012000028,2.512420765935145,-0.3484835649010223,-0.2875792370901844,-0.7484835649010223
26.642594734,2.51287882465687,-0.3508252131432804,-0.2871211783684595,-0.7508252131432804
26.720285000000047,2.5133230163522193,-0.3531619717797429,-0.28667698667311026,-0.7531619717797429
26.73131825300004,2.5137519140887528,-0.35548756148659627,-0.2862480889365768,-0.7554875614865963
26.742529923000006,2.5141680031027347,-0.357815477010287,-0.2858319999225949,-0.757815477010287
26.75441489900004,2.5145712707847747,-0.36014564780437447,-0.28542873224055487,-0.7601456478043744
26.76647989500003,2.514961704914023,-0.36247800325406754,-0.28503829811130643,-0.7624780032540676
26.81034937000004,2.5153392936585504,-0.36481247267836986,-0.28466070936677923,-0.7648124726783698
26.821117076999997,2.5157040255756944,-0.36714898533222257,-0.2842959774496352,-0.7671489853322226
26.83274837900001,2.516055889612418,-0.3694874704086463,-0.2839441134129115,-0.7694874704086463
26.843646363999994,2.5163948751056355,-0.3718278570408898,-0.28360512791969406,-0.7718278570408899
26.855553079000003,2.516720971782544,-0.3741700743045749,-0.28327903124278553,-0.774170074304575
26.931572352000046,2.517033882391151,-0.3765119294511205,-0.2829661206341787,-0.7765119294511205
26.944126209000046,2.5173332899211323,-0.3788515404524176,-0.28266671310419733,-0.7788515404524177
26.956969522999998,2.5176196893761182,-0.38119277941044494,-0.28238031364921135,-0.781192779410445
26.96810277100002,2.517893071908917,-0.38353557400177407,-0.2821069311164126,-0.7835355740017741
26.97960230900003,2.518153429074446,-0.38587985185492185,-0.2818465739508835,-0.7858798518549219
27.019306657000016,2.5184007528299857,-0.3882255405525855,-0.28159925019534393,-0.7882255405525855
27.03109514600004,2.5186350355354357,-0.39057256763387954,-0.2813649674898939,-0.7905725676338795
27.041958980999993,2.5188562699535466,-0.3929208605965747,-0.281143733071783,-0.7929208605965747
27.053208051000013,2.5190644492501466,-0.39527034689933727,-0.280935553775183,-0.7952703468993373
27.066151176999995,2.51925956699435,-0.39762095396396907,-0.28074043603097953,-0.7976209539639691
27.139564193000012,2.519427411602939,-0.3997914229048597,-0.28057259142239044,-0.7997914229048597
27.151228649000018,2.5195521692548013,-0.40162661324163784,-0.2804478337705283,-0.8016266132416379
27.160171485000035,2.5196584621210327,-0.40346296556908506,-0.28034154090429686,-0.803462965569085
27.173029079999992,2.519746279448264,-0.4053002941082796,-0.28025372357706546,-0.8053002941082796
27.183745719,2.5198156123522506,-0.40713841298157916,-0.280184390673079,-0.8071384129815792
27.227677587000017,2.519866453818764,-0.4089771362313268,-0.28013354920656575,-0.8089771362313268
27.238233234000006,2.5198987987043098,-0.4108162778387945,-0.2801012043210198,-0.8108162778387945
27.249965954000004,2.519912643736641,-0.4126556517428667,-0.28008735928868855,-0.8126556517428667
27.261678355000015,2.5199079875150914,-0.4144950718589742,-0.2800920155102382,-0.8144950718589743
27.272146006000014,2.5198848305107187,-0.41633435209784664,-0.28011517251461093,-0.8163343520978467
27.345003948,2.5198426274399006,-0.41820130165911457,-0.28015737558542897,-0.8182013016591145
27.356673744000034,2.5197792087172357,-0.42022442598501797,-0.2802207943080939,-0.820224425985018
27.368116448000023,2.519698651818237,-0.42224857393760235,-0.28030135120709243,-0.8222485739376024
27.380866181000044,2.5196010072117043,-0.424271969568412,-0.28039899581362526,-0.824271969568412
27.392320782000013,2.519486281858853,-0.4262944686268489,-0.28051372116647677,-0.826294468626849
27.433702648000008,2.519354483938607,-0.4283159269262418,-0.28064551908672275,-0.8283159269262419
27.44527696700004,2.5192056228470157,-0.43033620035411413,-0.28079438017831393,-0.8303362003541142
27.456296529000042,2.5190397091965893,-0.4323551448824437,-0.2809602938287403,-0.8323551448824438
27.467448201000025,2.5188567548155336,-0.4343726165779882,-0.28114324820979597,-0.8343726165779882
27.481153205,2.51865677274691,-0.436388471612483,-0.28134323027841956,-0.836388471612483
27.554762799000002,2.518436920494974,-0.43843042108840213,-0.28156308253035567,-0.8384304210884022
27.56579854900002,2.5181829763713215,-0.44064325493842554,-0.2818170266540081,-0.8406432549384255
27.577137025000013,2.5179138450180405,-0.44285813382503364,-0.2820861580072891,-0.8428581338250336
27.589619733000006,2.5176299616639115,-0.44507117029308324,-0.2823700413614181,-0.8450711702930833
27.600805491000017,2.517331338912643,-0.4472822660893104,-0.28266866411268676,-0.8472822660893105
27.645432826000047,2.517017990022335,-0.44949132304660994,-0.28298201300299475,-0.8494913230466099
27.656402203000027,2.516689928904892,-0.45169824308840323,-0.2833100741204375,-0.8516982430884033
27.666901642000028,2.5163471701254014,-0.45390292823298267,-0.28365283289992815,-0.8539029282329826
27.678779813000006,2.515989728901495,-0.4561052805978723,-0.2840102741238346,-0.8561052805978724
27.692052112,2.5156176211026646,-0.4583052024041604,-0.28438238192266496,-0.8583052024041604
27.76445344000001,2.5152261467871995,-0.46053019665552436,-0.2847738562381301,-0.8605301966555243
27.776620878000017,2.5147973839175846,-0.46289122480404604,-0.285202619107745,-0.8628912248040461
27.788783547000037,2.514356270574985,-0.4652504303538604,-0.2856437324503447,-0.8652504303538604
27.800950494999995,2.5139028972753783,-0.46760731059233224,-0.2860971057499513,-0.8676073105923323
27.811313477,2.5134372762741655,-0.4699618018092431,-0.2865627267511641,-0.8699618018092431
27.85359418300004,2.5129594201578205,-0.4723138403589584,-0.2870405828675091,-0.8723138403589584
27.865377602000024,2.5124693418435515,-0.47466336266215164,-0.28753066118177806,-0.8746633626621516
27.876815979000014,2.5119670545789576,-0.4770103052075052,-0.28803294844637195,-0.8770103052075052
27.887211791000027,2.5114525719416614,-0.47935460455342593,-0.2885474310836682,-0.879354604553426
27.89980928,2.5109259078389474,-0.4816961973297803,-0.28907409518638216,-0.8816961973297803
27.97399874900003,2.5103810903545334,-0.4840623751774292,-0.2896189126707962,-0.8840623751774292
27.988892133000036,2.509776965798627,-0.4866468115448454,-0.29022303722670273,-0.8866468115448454
28.001105015999997,2.5091611938278158,-0.4892478859662437,-0.2908388091975138,-0.8892478859662437
28.01287978800002,2.508538052216525,-0.49184720468428583,-0.29146195080880455,-0.8918472046842858
28.02467570700003,2.507907545970469,-0.49444474681856854,-0.2920924570548604,-0.8944447468185686
28.066314879000004,2.5072696801545233,-0.49704049150295815,-0.29273032287080625,-0.8970404915029582
28.077538145000005,2.5066244598926826,-0.49963441788576046,-0.293375543132647,-0.8996344178857605
28.089507184000013,2.505971890368021,-0.5022265051298905,-0.29402811265730877,-0.9022265051298906
28.100989212,2.505311976822646,-0.5048167324130394,-0.2946880262026834,-0.9048167324130394
28.114981700000044,2.504644724557665,-0.5074050789278302,-0.29535527846766474,-0.9074050789278302
28.189455975000044,2.5039636706661543,-0.5100168646616213,-0.29603633235917526,-0.9100168646616213
28.20147841900001,2.5032555168728963,-0.5127098078148673,-0.2967444861524333,-0.9127098078148673
28.21269733500003,2.502542334741455,-0.5154014236620704,-0.29745766828387454,-0.9154014236620704
28.22440199700003,2.5018241267595895,-0.518091702814192,-0.29817587626574005,-0.9180917028141921
28.236545072000013,2.5011008954325935,-0.5207806358868564,-0.2988991075927361,-0.9207806358868564
28.28020665400004,2.500372643283287,-0.523468213500371,-0.29962735974204247,-0.923468213500371
28.29234485300003,2.499639372852001,-0.5261544262797758,-0.3003606301733286,-0.9261544262797758
28.303289912000025,2.498901086696571,-0.5288392648548729,-0.30109891632875874,-0.9288392648548729
28.314257052000016,2.4981577873923277,-0.531522719860261,-0.30184221563300184,-0.931522719860261
28.326868757,2.49740947753209,-0.5342047819353624,-0.3025905254932395,-0.9342047819353624
28.40163198700003,2.4966557539590304,-0.5368869059813894,-0.3033442490662992,-0.9368869059813895
28.41411167000001,2.495896334372436,-0.5395703555602849,-0.3041036686528935,-0.9395703555602849
28.425167673000033,2.4951320051768144,-0.5422524108601807,-0.30486799784851515,-0.9422524108601807
28.437639917000013,2.4943627689320067,-0.54493306289852,-0.3056372340933229,-0.94493306289852
28.44922437500003,2.4935886282142854,-0.5476123026974447,-0.3064113748110442,-0.9476123026974447
28.493105903000014,2.49280958561635,-0.5502901212838278,-0.3071904174089797,-0.9502901212838278
28.504180340999994,2.492025643747317,-0.5529665096893016,-0.3079743592780124,-0.9529665096893016
28.515640899000005,2.4912368052327123,-0.5556414589502878,-0.3087631977926173,-0.9556414589502878
28.526188278000006,2.490443072714458,-0.5583149601080291,-0.3095569303108716,-0.9583149601080291
28.539398758999994,2.489644448850869,-0.5609870042086166,-0.3103555541744605,-0.9609870042086166
28.61494917600004,2.48883955785333,-0.5636622252607707,-0.31116044517199937,-0.9636622252607707
28.626303260000043,2.4880274216194964,-0.5663446549151867,-0.31197258140583317,-0.9663446549151867
28.638682941000013,2.4872106992551934,-0.5690256917841698,-0.31278930377013614,-0.9690256917841699
28.65075459800005,2.486389393148979,-0.5717053280268521,-0.3136106098763505,-0.9717053280268522
28.662485007000043,2.4855635057028183,-0.5743835558064619,-0.31443649732251133,-0.974383555806462
28.706706978,2.4847330393320712,-0.5770603672903468,-0.31526696369325835,-0.9770603672903468
28.71724199900001,2.4838979964654913,-0.5797357546499966,-0.31610200655983833,-0.9797357546499966
28.72797986400002,2.483058379545216,-0.582409710061066,-0.3169416234801137,-0.982409710061066
28.73826421000001,2.4822141910267597,-0.5850822257033979,-0.3177858119985699,-0.9850822257033979
28.74917934800004,2.481365433379007,-0.5877532937610449,-0.3186345696463224,-0.9877532937610449
28.830816345000017,2.4805048206837013,-0.5904461399762109,-0.3194951823416283,-0.9904461399762109
28.843444005000038,2.4796195946954955,-0.5932059856911126,-0.32038040832983405,-0.9932059856911126
28.85472844200001,2.4787319374766463,-0.5959650504025849,-0.32126806554868326,-0.9959650504025849
28.867048563000026,2.4778418497162007,-0.5987233319688916,-0.3221581533091289,-0.9987233319688916
28.877889941000035,2.476949332105102,-0.6014808282488959,-0.32305067092022766,-1.001480828248896
28.92008374300002,2.476054385336174,-0.604237537102066,-0.32394561768915553,-1.004237537102066
28.93381517900002,2.4751570101041285,-0.6069934563884868,-0.3248429929212011,-1.0069934563884868
28.94511746200004,2.4742572071055573,-0.6097485839688571,-0.3257427959197723,-1.0097485839688571
28.956010117000005,2.4733549770389387,-0.6125029177044908,-0.3266450259863909,-1.0125029177044909
28.967423851000035,2.472450320604636,-0.6152564554573152,-0.3275496824206936,-1.0152564554573154
29.04129081900004,2.4715370056621118,-0.6180287473195732,-0.3284629973632178,-1.0180287473195733
29.054852252000046,2.4706074322848597,-0.6208505190828432,-0.3293925707404699,-1.0208505190828432
29.065477335000026,2.4696785695351533,-0.6236725248482381,-0.3303214334901763,-1.0236725248482381
29.076908516999993,2.4687504174718997,-0.6264947644367846,-0.33124958555342987,-1.0264947644367846
29.087778549999996,2.4678229761539594,-0.6293172376695176,-0.3321770268713702,-1.0293172376695177
29.13218223900003,2.466896245640153,-0.6321399443674364,-0.3331037573851767,-1.0321399443674364
29.14317370400005,2.4659702259892486,-0.6349628843515386,-0.33402977703608094,-1.0349628843515386
29.153969066000002,2.4650449172599753,-0.6377860574428001,-0.33495508576535427,-1.0377860574428002
29.165849732000027,2.4641203195110113,-0.6406094634621866,-0.3358796835143183,-1.0406094634621867
29.179650562000006,2.4631964328009897,-0.6434331022306463,-0.33680357022433993,-1.0434331022306464
29.25305279600002,2.4622773541144807,-0.6462446244982994,-0.3377226489108489,-1.0462446244982995
29.266458763999992,2.4613671956674206,-0.6490336411466139,-0.338632807357909,-1.049033641146614
29.277488059000007,2.4604586382632943,-0.6518231797655791,-0.33954136476203534,-1.051823179765579
29.288588224000023,2.45955168220145,-0.6546132394361119,-0.34044832082387977,-1.054613239436112
29.300911881000047,2.458646327780706,-0.6574038192389638,-0.34135367524462357,-1.0574038192389639
29.344260695999992,2.4577425752993523,-0.6601949182547099,-0.34225742772597734,-1.06019491825471
29.354792663000012,2.456840425055154,-0.6629865355637515,-0.3431595779701757,-1.0629865355637516
29.365894002999994,2.4559398773453465,-0.6657786702463218,-0.3440601256799831,-1.065778670246322
29.377615252,2.4550409324666376,-0.6685713213824802,-0.344959070558692,-1.0685713213824801
29.389138263000007,2.4541435907152067,-0.6713644880521211,-0.3458564123101229,-1.0713644880521211
29.46562688700004,2.4532488252592697,-0.6741551788504309,-0.3467511777660599,-1.0741551788504309
29.480167513000026,2.452357613397102,-0.6769408753460759,-0.34764238962822747,-1.076940875346076
29.492266467000036,2.451468217631776,-0.6797271522026952,-0.3485317853935537,-1.0797271522026952
29.50420512400001,2.4505806383412256,-0.6825140082363098,-0.34941936468410395,-1.0825140082363098
29.515425314000026,2.4496948759026114,-0.6853014422626951,-0.3503051271227182,-1.0853014422626952
29.55708696900001,2.4488109306923223,-0.6880894530973809,-0.35118907233300733,-1.088089453097381
29.56857155,2.447928803085976,-0.6908780395556485,-0.35207119993935354,-1.0908780395556485
29.579936231000033,2.4470484934584174,-0.6936672004525372,-0.35295150956691224,-1.0936672004525372
29.59127152100001,2.446170002183717,-0.6964569346028437,-0.3538300008416124,-1.0964569346028439
29.60442520600003,2.445293329635177,-0.6992472408211183,-0.3547066733901527,-1.0992472408211182
29.681157594000013,2.4444201497115,-0.70203285671557,-0.35557985331382946,-1.10203285671557
29.69334973900004,2.4435521468322863,-0.7048093494821558,-0.3564478561930433,-1.1048093494821558
29.704852453,2.4426863336997218,-0.7075865258720658,-0.3573136693256078,-1.1075865258720659
29.71551194700004,2.441822710852212,-0.7103643841583117,-0.35817729217311767,-1.1103643841583117
29.72732353500004,2.4409612788268045,-0.7131429226134717,-0.3590387241985251,-1.1131429226134717
29.77456810900003,2.440102038159183,-0.7159221395097038,-0.35989796486614667,-1.1159221395097039
29.785448051000003,2.4392449893836696,-0.7187020331187449,-0.36075501364165996,-1.118702033118745
29.795825992999994,2.4383901330332214,-0.7214826017119091,-0.3616098699921082,-1.121482601711909
29.806706966000036,2.437537469639435,-0.7242638435600927,-0.3624625333858944,-1.1242638435600927
29.819060386000046,2.4366869997325384,-0.7270457569337762,-0.36331300329279115,-1.1270457569337762
29.896911078000016,2.4358410484802824,-0.7298208258096862,-0.3641589545450472,-1.1298208258096862
29.909204158000023,2.4350019606307667,-0.7325827144045921,-0.3649980423945629,-1.1325827144045921
29.919735623999998,2.4341655890709375,-0.7353454267753793,-0.3658344139543921,-1.1353454267753793
29.932917374,2.433331934609531,-0.7381089602506197,-0.3666680684157986,-1.1381089602506198
29.943847661000007,2.4325009980526624,-0.7408733121580755,-0.3674990049726672,-1.1408733121580754
29.987762035000003,2.431672780203817,-0.7436384798247186,-0.36832722282151265,-1.1436384798247188
29.99823545800001,2.4308472818638522,-0.7464044605767308,-0.36915272116147735,-1.146404460576731
30.009322032,2.430024503830993,-0.7491712517395109,-0.3699754991943367,-1.149171251739511
30.020683808,2.4292044469008363,-0.7519388506376722,-0.37079555612449333,-1.1519388506376722
30.032048726000028,2.42838711186635,-0.754707254595044,-0.3716128911589798,-1.1547072545950439
30.109157170000003,2.4275779832199795,-0.7574580896093386,-0.37242201980535006,-1.1574580896093387
30.12171915900001,2.426782598115173,-0.7601758506703098,-0.3732174049101564,-1.16017585067031
30.134705413999995,2.4259911765701103,-0.7628947685777718,-0.37400882645521927,-1.1628947685777717
30.146325261000015,2.425203720267362,-0.7656148375512837,-0.3747962827579676,-1.1656148375512836
30.15799522200001,2.4244202308810565,-0.7683360518079975,-0.37557977214427307,-1.1683360518079975
30.19923590100001,2.42364071007689,-0.7710584055626135,-0.3763592929484396,-1.1710584055626136
30.211684901000012,2.422865159512124,-0.773781893027407,-0.3771348435132058,-1.173781893027407
30.22107445900002,2.422093580835578,-0.776506508412246,-0.37790642218975146,-1.176506508412246
30.231882847999998,2.42132597568763,-0.7792322459245979,-0.3786740273376994,-1.1792322459245979
30.24442670800005,2.420562345700208,-0.7819590997695464,-0.3794376573251217,-1.1819590997695464
30.322893066999995,2.419795546000899,-0.7847121390629256,-0.38020445702443073,-1.1847121390629256
30.335285666000004,2.4190080095004207,-0.7875472802607029,-0.38099199352490887,-1.187547280260703
30.346226905000037,2.4182218862216494,-0.7903828136393682,-0.38177811680368023,-1.1903828136393684
30.359802555000044,2.4174371763598854,-0.7932187384944717,-0.38256282666544417,-1.1932187384944717
30.371821752000017,2.416653880110073,-0.7960550541214713,-0.3833461229152566,-1.1960550541214712
30.415609253000014,2.4158719976668044,-0.7988917598157426,-0.3841280053585252,-1.1988917598157425
30.426083194,2.4150915292243287,-0.8017288548725406,-0.3849084738010009,-1.2017288548725407
30.437150735000046,2.414312474976541,-0.8045663385870354,-0.3856875280487886,-1.2045663385870355
30.448341122000045,2.413534835116985,-0.8074042102542958,-0.3864651679083444,-1.2074042102542957
30.46130239500002,2.412758609838853,-0.8102424691693004,-0.38724139318647666,-1.2102424691693003
30.53683933900004,2.41199520044241,-0.8130400115359444,-0.3880048025829197,-1.2130400115359445
30.550223127000038,2.411256280559588,-0.8157621217586306,-0.38874372246574174,-1.2157621217586305
30.561672756999997,2.410521593470469,-0.8184853774459965,-0.3894784095548607,-1.2184853774459965
30.573749582000005,2.4097911409507224,-0.8212097720161873,-0.39020886207460714,-1.2212097720161874
30.585002770000017,2.4090649247657887,-0.8239352988845997,-0.3909350782595409,-1.2239352988845997
30.63003827800003,2.4083429466708646,-0.8266619514638878,-0.391657056354465,-1.2266619514638877
30.641320027999996,2.407625208410909,-0.8293897231639736,-0.3923747946144207,-1.2293897231639737
30.652475019000008,2.4069117117206242,-0.8321186073921042,-0.39308829130470535,-1.2321186073921042
30.663674056000048,2.406202458324463,-0.8348485975528228,-0.3937975447008668,-1.2348485975528227
30.676488540000037,2.4054974499366253,-0.837579687048001,-0.3945025530887043,-1.237579687048001
30.754174136000017,2.404795645456227,-0.8403158719342556,-0.39520435756910244,-1.2403158719342557
30.770045425000035,2.4040959749879542,-0.8430605312430292,-0.39590402803737534,-1.2430605312430292
30.784613886000045,2.4034002911038193,-0.8458062037323814,-0.39659971192151033,-1.2458062037323814
30.796855171000004,2.4027085952709766,-0.8485528836118457,-0.397291407754353,-1.2485528836118456
30.809707247999995,2.402020888948173,-0.8513005650888386,-0.39797911407715647,-1.2513005650888385
30.853368631000023,2.401337173585742,-0.8540492423686595,-0.39866282943958753,-1.2540492423686596
30.866918032,2.4006574506255975,-0.8567989096545114,-0.39934255239973204,-1.2567989096545116
30.881068452000022,2.399981721501237,-0.8595495611475066,-0.4000182815240927,-1.2595495611475065
30.89418286900002,2.3993099876377326,-0.8623011910466847,-0.40069001538759697,-1.2623011910466846
30.912225110999998,2.3986422504517306,-0.8650537935490198,-0.40135775257359896,-1.2650537935490198
30.98771377500003,2.397975141352533,-0.867821083254938,-0.4020248616727966,-1.2678210832549381
31.00295898400003,2.3973041164083977,-0.8706186816684763,-0.4026958866169319,-1.2706186816684764
31.01605696300004,2.3966360753360743,-0.8734169941036423,-0.40336392768925533,-1.2734169941036422
31.031055217000016,2.395971018895332,-0.8762160173778862,-0.40402898412999777,-1.2762160173778863
31.047545325000044,2.395308947842544,-0.8790157483078506,-0.4046910551827856,-1.2790157483078506
31.093593033000047,2.394649862930691,-0.8818161837093738,-0.40535014009463843,-1.2818161837093738
31.106531836000045,2.3939937649093577,-0.8846173203974955,-0.4060062381159719,-1.2846173203974955
31.119176426000024,2.3933406545247293,-0.8874191551864562,-0.40665934850060026,-1.2874191551864562
31.131741480000017,2.3926905325195946,-0.8902216848897027,-0.40730947050573496,-1.2902216848897026
31.142598023999994,2.3920433996333443,-0.8930249063198906,-0.40795660339198525,-1.2930249063198906
31.22180663200004,2.391398838054893,-0.8958306051706714,-0.4086011649704364,-1.2958306051706714
31.233561726000005,2.390756407161963,-0.8986402927235785,-0.40924359586336667,-1.2986402927235785
31.244336265000015,2.3901168451683747,-0.9014506347051726,-0.40988315785695484,-1.3014506347051726
31.257886462000045,2.3894801527407763,-0.9042616281860955,-0.4105198502845533,-1.3042616281860955
31.26815855800004,2.3888463305428216,-0.9070732702363106,-0.411153672482508,-1.3070732702363106
31.309658958,2.3882153792351755,-0.9098855579251031,-0.4117846237901541,-1.309885557925103
31.321580385999994,2.3875872994755105,-0.9126984883210875,-0.41241270354981907,-1.3126984883210875
31.332272122000006,2.3869620919185053,-0.9155120584922071,-0.4130379111068243,-1.315512058492207
31.343094752000013,2.3863397572158433,-0.91832626550574,-0.41366024580948624,-1.31832626550574
31.358170825000002,2.3857202960162156,-0.921141106428298,-0.414279707009114,-1.321141106428298
31.427990505000025,2.3851075883586,-0.9239391940666761,-0.41489241466672944,-1.3239391940666763
31.440984668,2.384505749488852,-0.9267057962528211,-0.4154942535364774,-1.326705796252821
31.452949792000027,2.383907956050788,-0.9294732753741385,-0.4160920469745415,-1.3294732753741385
31.465498663999995,2.3833142093221715,-0.9322416255152339,-0.41668579370315806,-1.332241625515234
31.47679654800004,2.3827245105721135,-0.9350108407588771,-0.41727549245321605,-1.3350108407588772
31.519679913000004,2.3821388610610716,-0.9377809151859752,-0.41786114196425794,-1.3377809151859752
31.531204161999995,2.3815572620408507,-0.9405518428755988,-0.41844274098447887,-1.3405518428755987
31.541659442000025,2.3809797147545964,-0.9433236179049952,-0.41902028827073323,-1.3433236179049952
31.552657264999993,2.3804062204367935,-0.9460962343495997,-0.4195937825885361,-1.3460962343495997
31.565590021000048,2.3798367803132643,-0.9488696862830504,-0.4201632227120653,-1.3488696862830505
31.640999178000015,2.3792677483748217,-0.9516614532053952,-0.4207322546505079,-1.3516614532053952
31.652305669000043,2.378693393876159,-0.9544945733252554,-0.4213066091491706,-1.3544945733252556
31.664276626999992,2.378121722051655,-0.9573282359778607,-0.4218782809736745,-1.3573282359778607
31.677308170999993,2.3775527334137747,-0.9601624386230089,-0.4224472696115549,-1.360162438623009
31.68840299300001,2.376986428472585,-0.9629971787199821,-0.4230135745527446,-1.3629971787199822
31.733162802000038,2.3764228077357457,-0.9658324537275983,-0.42357719528958393,-1.3658324537275983
31.744050566,2.3758618717085143,-0.9686682611041941,-0.4241381313168153,-1.3686682611041943
31.755190690999996,2.3753036208937344,-0.9715045983076317,-0.4246963821315952,-1.3715045983076317
31.76621695700004,2.374748055791847,-0.9743414627952957,-0.4252519472334826,-1.3743414627952957
31.77916714500003,2.374195176900884,-0.9771788520241,-0.4258048261244456,-1.3771788520241
31.855609197000035,2.3736430108569233,-0.9800267131782752,-0.4263569921684063,-1.380026713178275
31.866470615000026,2.3730890892914704,-0.9828949467540462,-0.42691091373385914,-1.3828949467540461
31.878540248000036,2.372537125885071,-0.9857635578019144,-0.42746287714025843,-1.3857635578019143
31.890038568000023,2.3719871208949566,-0.9886325449850164,-0.42801288213037303,-1.3886325449850165
31.901597104000018,2.3714390745774416,-0.9915019069663312,-0.42856092844788796,-1.3915019069663312
31.946717757000044,2.370892987187932,-0.9943716424086625,-0.42910701583739774,-1.3943716424086625
31.958467705000032,2.3703488589809165,-0.9972417499746399,-0.42965114404441307,-1.39724174997464
31.969972409000036,2.3698066902099733,-1.0001122283267212,-0.43019331281535633,-1.400112228326721
31.981719215,2.369266481127767,-1.0029830761271907,-0.43073352189756253,-1.4029830761271906
31.994899142999998,2.3687282319860494,-1.005854292038159,-0.43127177103928016,-1.4058542920381591
32.068225143999996,2.3681914501229384,-1.0087284536888201,-0.4318085529023912,-1.4087284536888203
32.079752392000046,2.3676555903261027,-1.0116077474276062,-0.43234441269922685,-1.411607747427606
32.094739187000016,2.367121509013317,-1.0144873715883975,-0.4328784940120127,-1.4144873715883977
32.105904517,2.366589206388324,-1.017367325072658,-0.43341079663700555,-1.4173673250726582
32.11655411300001,2.3660586826541876,-1.0202476067817279,-0.43394132037114197,-1.4202476067817278
32.156650143000036,2.365529938013298,-1.0231282156168207,-0.43447006501203145,-1.4231282156168206
32.167481107000015,2.3650029726673636,-1.0260091504790247,-0.434997030357966,-1.4260091504790249
32.17844673600001,2.364477786817413,-1.0288904102693062,-0.43552221620791665,-1.428890410269306
32.189181233,2.363954380663797,-1.031771993888505,-0.43604562236153255,-1.4317719938885052
32.20152601900003,2.363432754406189,-1.0346539002373392,-0.43656724861914054,-1.4346539002373393
32.273558655000045,2.3629136139937095,-1.037532307727368,-0.4370863890316201,-1.437532307727368
32.28581428800004,2.362397746479502,-1.0404039732058137,-0.43760225654582774,-1.4404039732058136
32.29708437100004,2.3618839290275093,-1.0432760062032465,-0.43811607399782027,-1.4432760062032464
32.30854504000001,2.361372161899561,-1.046148405256141,-0.43862784112576847,-1.446148405256141
32.32046127699999,2.360862445356445,-1.049021168900786,-0.4391375576688845,-1.449021168900786
32.36706277600001,2.3603547796579014,-1.0518942956732826,-0.4396452233674282,-1.4518942956732825
32.37779985000003,2.359849165062624,-1.0547677841095495,-0.4401508379627055,-1.4547677841095497
32.38882602900003,2.359345601828264,-1.0576416327453175,-0.44065440119706567,-1.4576416327453177
32.40052103900001,2.358844090211425,-1.06051584011614,-0.44115591281390465,-1.4605158401161402
32.413314732,2.3583446304676667,-1.0633904047573823,-0.44165537255766285,-1.4633904047573822
32.48660730300003,2.3578488482829663,-1.0662561573197409,-0.44215115474236333,-1.4662561573197408
32.49856446200005,2.357358567910178,-1.0691053122107979,-0.4426414351151515,-1.469105312210798
32.509996661,2.3568709784968696,-1.0719549288518788,-0.44312902452846004,-1.4719549288518787
32.522794891000046,2.3563860804779146,-1.0748050047014523,-0.44361392254741494,-1.4748050047014525
32.53530806500004,2.3559038742857927,-1.0776555372175596,-0.44409612873953686,-1.4776555372175597
32.579359157,2.3554243603505762,-1.080506523857837,-0.44457564267475336,-1.4805065238578372
32.591218397000034,2.3549475390999386,-1.0833579620795155,-0.445052463925391,-1.4833579620795154
32.60241040300002,2.3544734109591547,-1.086209849339423,-0.44552659206617484,-1.486209849339423
32.61275275000003,2.3540019763510944,-1.089062183093987,-0.44599802667423516,-1.4890621830939872
32.623968112,2.353533235696226,-1.0919149607992376,-0.4464667673291034,-1.4919149607992375
32.69951507800005,2.353063751628415,-1.094788554941586,-0.4469362513969144,-1.4947885549415858
32.711492975,2.3525870698026523,-1.0977143217613579,-0.4474129332226773,-1.4977143217613578
32.72295111100004,2.3521112921086473,-1.1006402357437877,-0.44788871091668225,-1.5006402357437878
32.734058968,2.351636418591825,-1.1035662966094937,-0.44836358443350477,-1.5035662966094936
32.74456615400004,2.3511624492975294,-1.1064925040790674,-0.4488375537278002,-1.5064925040790675
32.787996061,2.3506893842710257,-1.1094188578730613,-0.4493106187543039,-1.5094188578730612
32.79862445400005,2.3502172235574834,-1.112345357712036,-0.44978277946784617,-1.5123453577120358
32.80960769500001,2.3497459672019927,-1.1152720033165353,-0.4502540358233369,-1.5152720033165354
32.820728709000036,2.349275615249553,-1.118198794407091,-0.4507243877757765,-1.5181987944070912
32.83290554800004,2.3488061677450776,-1.1211257307042235,-0.45119383528025203,-1.5211257307042234
32.90622947000003,2.348341683194921,-1.1240281361909945,-0.4516583198304085,-1.5240281361909944
32.918526461,2.347886819707817,-1.1268850478296828,-0.4521131833175125,-1.526885047829683
32.92997908900003,2.3474346083082547,-1.1297423804587703,-0.4525653947170749,-1.5297423804587704
32.943765996000025,2.346985049385875,-1.1326001316163108,-0.45301495363945454,-1.5326001316163107
32.954556199000024,2.3465381433280315,-1.1354582988399864,-0.45346185969729813,-1.5354582988399863
32.995896458000004,2.346093890519788,-1.138316879667145,-0.4539061125055417,-1.538316879667145
33.007612134,2.3456522913439217,-1.141175871634763,-0.45434771168140786,-1.541175871634763
33.018136018999996,2.345213346180926,-1.1440352722794627,-0.45478665684440367,-1.5440352722794626
33.029406376,2.344777055409007,-1.1468950791375163,-0.45522294761632276,-1.5468950791375162
33.04173680900004,2.3443434194040838,-1.1497552897448435,-0.45565658362124584,-1.5497552897448434
33.11683202800003,2.343910416555366,-1.1526289246000807,-0.45608958646996367,-1.5526289246000808
33.13019455900002,2.343475192648888,-1.155530071591484,-0.45652481037644144,-1.555530071591484
33.14331892300004,2.343041638049233,-1.1584314685177304,-0.45695836497609665,-1.5584314685177305
33.156853033999994,2.3426097528999272,-1.1613331144183123,-0.45739025012540235,-1.5613331144183125
33.167719232000024,2.3421795373439482,-1.164235008332631,-0.45782046568138135,-1.564235008332631
33.21147693099999,2.3417509915237193,-1.1671371493000067,-0.45824901150161024,-1.5671371493000068
33.223262777,2.341324115581112,-1.1700395363596852,-0.4586758874442176,-1.570039536359685
33.236028148,2.3408989096574424,-1.1729421685508246,-0.4591010933678872,-1.5729421685508247
33.24748913100001,2.340475373893478,-1.1758450449125029,-0.45952462913185155,-1.5758450449125028
33.26138677100005,2.3400535084294285,-1.1787481644837217,-0.4599464945959011,-1.5787481644837218
33.33327701400003,2.3396319319788894,-1.1816607781748225,-0.4603680710464402,-1.5816607781748226
33.347145673,2.3392088333123793,-1.1845918574946845,-0.4607911697129503,-1.5845918574946847
33.358284792999996,2.3387867137181466,-1.1875230779758394,-0.46121328930718297,-1.5875230779758396
33.37043231900003,2.3383655732432858,-1.1904544392912404,-0.46163442978204383,-1.5904544392912405
33.382400035000046,2.3379454119347836,-1.1933859411138275,-0.46205459109054603,-1.5933859411138274
33.42610430900004,2.33752622983952,-1.1963175831165322,-0.46247377318580973,-1.5963175831165324
33.437436745000014,2.3371080270042626,-1.1992493649722586,-0.462891976021067,-1.5992493649722586
33.44948450100003,2.336690803475673,-1.2021812863539136,-0.46330919954965655,-1.6021812863539138
33.460647753000046,2.336274559300299,-1.2051133469343702,-0.46372544372503066,-1.6051133469343704
33.474360950000005,2.3358592945245817,-1.208045546386495,-0.46414070850074785,-1.6080455463864949
33.54769714700001,2.3354451152455504,-1.210977156770391,-0.46455488777977916,-1.610977156770391
33.56102173800002,2.3350321479558023,-1.2139075590967792,-0.4649678550695273,-1.6139075590967793
33.57484837200002,2.3346202128688085,-1.216838106701069,-0.4653797901565211,-1.6168381067010689
33.588219046000006,2.3342093100356744,-1.2197687992196777,-0.46579069298965514,-1.6197687992196776
33.60060158700003,2.3337994395073793,-1.2226996362890041,-0.46620056351795025,-1.622699636289004
33.64127139300001,2.333390601334775,-1.2256306175454306,-0.46660940169055465,-1.6256306175454305
33.65273624400004,2.3329827955685833,-1.228561742625322,-0.46701720745674624,-1.628561742625322
33.665114956000025,2.3325760222593988,-1.2314930111650233,-0.46742398076593084,-1.6314930111650234
33.676645140999995,2.33217028145769,-1.2344244228008623,-0.46782972156763947,-1.6344244228008624
33.690011285000026,2.3317655732137967,-1.2373559771691502,-0.46823442981153285,-1.6373559771691504
33.762832215,2.3313602544827674,-1.2402992034332874,-0.4686397485425622,-1.6402992034332873
33.775207576000014,2.3309520077223773,-1.2432660918583494,-0.46904799530295227,-1.6432660918583495
33.786557758000015,2.3305438935312277,-1.246232998522114,-0.4694561094941019,-1.6462329985221142
33.798712153,2.3301359119101352,-1.2491999234186018,-0.46986409111519434,-1.6491999234186019
33.81072032100002,2.3297280628599157,-1.252166866541883,-0.47027194016541385,-1.652166866541883
33.858743945000015,2.3293203463813827,-1.255133827886026,-0.47067965664394684,-1.6551338278860261
33.87009297700001,2.328912762475349,-1.258100807445123,-0.47108724054998063,-1.658100807445123
33.88233776999999,2.328505311142641,-1.2610678052132263,-0.4714946918826888,-1.6610678052132264
33.89415275900001,2.328097992384051,-1.264034821184442,-0.47190201064127857,-1.6640348211844422
33.90699110400004,2.3276908062004082,-1.2670018553528273,-0.47230919682492134,-1.6670018553528272
33.977136365000035,2.3272839586919685,-1.2699674542658999,-0.4727160443333611,-1.6699674542658998
33.989485486000035,2.3268776990895716,-1.2729303820570306,-0.47312230393575794,-1.6729303820570305
34.00007991200005,2.326471679582094,-1.275893342758684,-0.4735283234432357,-1.675893342758684
34.012258384000006,2.3260659001722086,-1.2788563363513923,-0.473934102853121,-1.6788563363513922
34.02328968500001,2.325660360862567,-1.281819362815724,-0.4743396421627626,-1.681819362815724
34.06533004600004,2.3252550616558403,-1.2847824221322233,-0.4747449413694893,-1.6847824221322232
34.07747259000001,2.3248500025546908,-1.2877455142814098,-0.4751500004706388,-1.68774551428141
34.08906348400001,2.3244451835617768,-1.2907086392438252,-0.4755548194635528,-1.6907086392438253
34.099815449000005,2.324040604679751,-1.29367179700004,-0.47595939834557877,-1.69367179700004
34.11233927200004,2.323636265911279,-1.2966349875305787,-0.4763637371140508,-1.6966349875305786
34.184563497,2.323233383913775,-1.2995895777089976,-0.4767666191115545,-1.6995895777089975
34.19729614800002,2.322833428406208,-1.3025282258239483,-0.4771665746191216,-1.7025282258239485
34.20744795000002,2.322434345444768,-1.3054669925621174,-0.4775656575805618,-1.7054669925621173
34.219932298,2.322036135064631,-1.3084058776644347,-0.4779638679606988,-1.7084058776644349
34.23277929200003,2.321638797300904,-1.311344880871821,-0.47836120572442553,-1.7113448808718212
34.276710175999995,2.3212423321886173,-1.3142840019251647,-0.4787576708367123,-1.7142840019251646
34.287339513999996,2.3208467397627213,-1.31722324056537,-0.4791532632626083,-1.71722324056537
34.2989991,2.3204520200580934,-1.3201625965333084,-0.4795479829672362,-1.7201625965333083
34.310121014,2.3200581731095276,-1.323102069569857,-0.47994182991580203,-1.723102069569857
34.322762547000025,2.319665198951748,-1.326041659415868,-0.48033480407358153,-1.726041659415868
34.39846429400001,2.3192737030037907,-1.3289769740048083,-0.48072630002153893,-1.7289769740048082
34.409597856000005,2.3188844185973445,-1.3319042771702356,-0.4811155844279851,-1.7319042771702358
34.421262659000035,2.3184963247327985,-1.3348317384122859,-0.48150367829253105,-1.7348317384122858
34.434039369000004,2.318109421474342,-1.3377593572467665,-0.48189058155098774,-1.7377593572467664
34.445692080000015,2.317723708885968,-1.3406871331894508,-0.48227629413936146,-1.740687133189451
34.488448782000034,2.317339187031472,-1.3436150657560906,-0.48266081599385746,-1.7436150657560905
34.50081944200002,2.3169558559744545,-1.346543154462416,-0.48304414705087506,-1.7465431544624161
34.51213437400003,2.316573715778315,-1.3494713988241287,-0.48342628724701475,-1.7494713988241286
34.52374345300001,2.316192766506262,-1.3523997983568998,-0.48380723651906754,-1.7523997983568997
34.537481571,2.3158130082213026,-1.3553283525763766,-0.48418699480402694,-1.7553283525763765
34.60754078900004,2.3154326969636054,-1.3582698979175918,-0.48456730606172416,-1.7582698979175917
34.620183036000014,2.3150490476870225,-1.3612381295338232,-0.4849509553383071,-1.7612381295338233
34.631052271000044,2.314665216347401,-1.3642063376123943,-0.4853347866779285,-1.7642063376123942
34.64312301000001,2.3142812029461695,-1.3671745221421536,-0.48571880007916013,-1.7671745221421538
34.65473530600002,2.3138970074847784,-1.3701426831119203,-0.48610299554055114,-1.7701426831119202
34.697011204000034,2.313512629964672,-1.3731108205105367,-0.48648737306065737,-1.7731108205105368
34.70818566700001,2.313128070387292,-1.3760789343268427,-0.48687193263803774,-1.7760789343268426
34.719914827000025,2.3127433287540984,-1.3790470245496365,-0.4872566742712312,-1.7790470245496364
34.732199413000046,2.312358405066524,-1.3820150911677644,-0.4876415979588056,-1.7820150911677644
34.74428311400004,2.3119732993260227,-1.384983134170113,-0.4880267036993069,-1.7849831341701132
34.81769965700005,2.3115883207401713,-1.3879486844643483,-0.4884116822851583,-1.7879486844643484
34.83105065000001,2.3112036114887613,-1.390909609721629,-0.4887963915365683,-1.7909096097216288
34.843392022000046,2.310818538184063,-1.3938704876551713,-0.4891814648412667,-1.7938704876551714
34.854288526000005,2.3104331008318972,-1.3968313182202114,-0.48956690219343235,-1.7968313182202116
34.865777629000036,2.310047299438091,-1.3997921013719912,-0.4899527035872384,-1.7997921013719913
34.91031498699999,2.3096611340084787,-1.4027528370657498,-0.49033886901685086,-1.80275283706575
34.92397644800002,2.309274604548897,-1.4057135252567283,-0.4907253984764326,-1.8057135252567282
34.93687028200003,2.308887711065186,-1.408674165900168,-0.4911122919601434,-1.8086741659001682
34.94910445300002,2.3085004535631994,-1.4116347589513094,-0.49149954946213015,-1.8116347589513095
34.963186079000025,2.308112832048788,-1.4145953043653996,-0.49188717097654155,-1.8145953043653997
35.046979478000026,2.307725271205213,-1.4175530059226964,-0.4922747318201166,-1.8175530059226963
35.064665786000035,2.3073387653303454,-1.4205055494446295,-0.49266123769498416,-1.8205055494446296
35.080562765000025,2.306952829219641,-1.4234581674962268,-0.49304717380568874,-1.8234581674962267
35.09591291100003,2.3065674628874695,-1.4264108599675511,-0.4934325401378601,-1.826410859967551
35.11287820200005,2.306182666348183,-1.4293636267486425,-0.49381733667714656,-1.8293636267486426
35.14748252200002,2.3057984396161086,-1.4323164677295501,-0.49420156340922095,-1.8323164677295503
35.15992463600003,2.305414782705556,-1.4352693828003167,-0.49458522031977337,-1.8352693828003166
35.173228710000046,2.3050316956308117,-1.4382223718509797,-0.4949683073945179,-1.8382223718509798
35.185620691,2.304649178406142,-1.441175434771575,-0.4953508246191878,-1.841175434771575
35.20155496900003,2.304267231045786,-1.4441285714521397,-0.4957327719795437,-1.8441285714521398
35.282095588999994,2.3038905678236468,-1.4470464724777587,-0.4961094352016828,-1.8470464724777589
35.29720469,2.303524914807174,-1.4498990889655035,-0.49647508821815567,-1.8498990889655036
35.31013676700002,2.3031623286974523,-1.4527520968988374,-0.4968376743278773,-1.8527520968988376
35.324218081000026,2.3028028099135334,-1.4556054929804607,-0.4971971931117962,-1.8556054929804606
35.337272412000004,2.3024463588709274,-1.4584592739126307,-0.4975536441544022,-1.8584592739126307
35.385357132000024,2.302092975981597,-1.4613134363971507,-0.4979070270437327,-1.8613134363971509
35.40012717400003,2.301742661653952,-1.4641679771354068,-0.49825734137137756,-1.864167977135407
35.41311614700004,2.3013954162928614,-1.4670228928283329,-0.4986045867324682,-1.867022892828333
35.42700890400005,2.3010512402996426,-1.4698781801764307,-0.498948762725687,-1.8698781801764306
35.440174044,2.300710134072071,-1.4727338358797724,-0.4992898689532588,-1.8727338358797723
35.521147187,2.3003687965413664,-1.4756160390815787,-0.4996312064839632,-1.8756160390815788
35.53754459700002,2.3000176307295295,-1.4785851903809424,-0.4999823722958001,-1.8785851903809423
35.551882433,2.2996662036201774,-1.481554310764613,-0.5003337994051522,-1.881554310764613
35.56675342,2.2993145152160377,-1.4845234002095962,-0.5006854878092919,-1.8845234002095963
35.579707627000005,2.298962565519828,-1.4874924586928995,-0.5010374375055018,-1.8874924586928996
35.623409863000006,2.2986103545342753,-1.4904614861914858,-0.5013896484910543,-1.890461486191486
35.63797078900001,2.298257882262103,-1.4934304826823996,-0.5017421207632267,-1.8934304826823998
35.65128163600002,2.2979051487060422,-1.4963994481426461,-0.5020948543192874,-1.8963994481426463
35.66394537900004,2.297552153868827,-1.4993683825492237,-0.5024478491565025,-1.8993683825492238
35.67971822200002,2.297198897753184,-1.5023372858791495,-0.5028011052721455,-1.9023372858791494
35.752806909000014,2.2968468844418943,-1.5052942539601006,-0.5031531185834353,-1.9052942539601005
35.76642805900002,2.296498342433536,-1.5082291949100701,-0.5035016605917937,-1.9082291949100703
35.77863730800004,2.2961509307256835,-1.511164269869346,-0.503849072299646,-1.9111642698693458
35.79260837600003,2.295804649369865,-1.514099478402645,-0.5041953536554646,-1.9140994784026448
35.80602637200002,2.2954594984174364,-1.5170348200746475,-0.5045405046078932,-1.9170348200746474
35.85461780400004,2.2951154779195893,-1.5199702944500064,-0.5048845251057403,-1.9199702944500063
35.86731318400001,2.2947725879273446,-1.522905901093369,-0.505227415097985,-1.922905901093369
35.87927992200002,2.2944308284915533,-1.5258416395693621,-0.5055691745337763,-1.925841639569362
35.892099658999996,2.294090199662906,-1.5287775094425715,-0.5059098033624236,-1.9287775094425714
35.90618761400003,2.2937507014919194,-1.531713510277587,-0.5062493015334102,-1.931713510277587
35.98539094200004,2.293411221563679,-1.5346589205183065,-0.5065887814616508,-1.9346589205183067
35.99802389300004,2.293070203465707,-1.5376227479106055,-0.5069297995596225,-1.9376227479106056
36.009099999,2.2927296122381544,-1.5405866243874886,-0.5072703907871752,-1.9405866243874885
36.02220674200004,2.2923894478880844,-1.5435505498874762,-0.5076105551372452,-1.943550549887476
36.03414571400003,2.292049710422551,-1.5465145243490863,-0.5079502926027786,-1.9465145243490865
36.08374734200004,2.2917103998486046,-1.549478547710827,-0.508289603176725,-1.949478547710827
36.09520789000004,2.291371516173287,-1.5524426199112196,-0.5086284868520425,-1.9524426199112197
36.10769465000004,2.2910330594036226,-1.5554067408887728,-0.508966943621707,-1.955406740888773
36.119897998,2.2906950295466326,-1.5583709105820123,-0.509304973478697,-1.9583709105820124
36.134453027000006,2.2903574266093316,-1.5613351289294464,-0.509642576415998,-1.9613351289294463
36.206865015000005,2.290021379964678,-1.5642898446262128,-0.5099786230606518,-1.964289844626213
36.219177753,2.2896883271353086,-1.567226924080844,-0.510311675890021,-1.967226924080844
36.231010129000026,2.289356396816529,-1.5701641306063312,-0.5106436062088004,-1.970164130606331
36.24403017200001,2.2890255890568194,-1.573101463773682,-0.5109744139685102,-1.973101463773682
36.25749507900002,2.288695903904498,-1.5760389231538672,-0.5113040991208315,-1.976038923153867
36.298375737000015,2.288367341407718,-1.5789765083178433,-0.5116326616176115,-1.9789765083178432
36.310015108000016,2.288039901614472,-1.5819142188365471,-0.5119601014108577,-1.9819142188365473
36.321943300000044,2.2877135845725824,-1.5848520542808946,-0.5122864184527471,-1.9848520542808945
36.334166987,2.287388390329712,-1.5877900142217896,-0.5126116126956175,-1.9877900142217895
36.347363194000025,2.2870643189333584,-1.590728098230114,-0.5129356840919712,-1.990728098230114
36.42349185500001,2.2867414945788473,-1.5936652199296584,-0.5132585084464822,-1.9936652199296585
36.437673379000046,2.2864200765491027,-1.596600453858229,-0.5135799264762269,-1.9966004538582292
36.451075944000024,2.2860998597693047,-1.5995358190789828,-0.5139001432560248,-1.9995358190789827
36.463886872000046,2.2857808442930834,-1.602471315100307,-0.5142191587322462,-2.002471315100307
36.475800096,2.285463030173868,-1.605406941430565,-0.5145369728514617,-2.005406941430565
36.517684410000015,2.285146417464886,-1.6083426975781019,-0.5148535855604437,-2.008342697578102
36.52898715200001,2.284831006219161,-1.6112785830512342,-0.5151689968061688,-2.0112785830512343
36.54143487800002,2.2845167964895188,-1.614214597358263,-0.5154832065358108,-2.014214597358263
36.552539730000035,2.284203788328585,-1.6171507400074656,-0.5157962146967447,-2.0171507400074655
36.56543767200003,2.2838919817887806,-1.6200870105070981,-0.516108021236549,-2.020087010507098
36.64444205900003,2.2835809588283187,-1.6230272026568597,-0.5164190441970109,-2.0230272026568596
36.658200507000004,2.283270176079432,-1.6259745487290964,-0.5167298269458978,-2.0259745487290965
36.669479860000024,2.282960320937951,-1.6289219924652545,-0.5170396820873786,-2.0289219924652544
36.682284084,2.282651393434565,-1.6318695335733966,-0.5173486095907647,-2.0318695335733965
36.69484161400004,2.282343393599873,-1.6348171717615667,-0.5176566094254564,-2.0348171717615666
36.74175857200004,2.282036321464385,-1.6377649067378024,-0.5179636815609445,-2.0377649067378023
36.75254489299999,2.2817301770585123,-1.6407127382101343,-0.5182698259668173,-2.0407127382101344
36.764145208,2.2814249604125822,-1.6436606658865842,-0.5185750426127473,-2.043660665886584
36.77561974700001,2.281120671556823,-1.6466086894751566,-0.5188793314685065,-2.0466086894751565
36.786638385,2.280817310521376,-1.6495568086838561,-0.5191826925039535,-2.0495568086838563
36.86561437500001,2.2805137306919496,-1.6525157059513176,-0.51948627233338,-2.0525157059513175
36.876639975000046,2.2802082079412913,-1.6554962539027611,-0.5197917950840383,-2.0554962539027613
36.88880455100002,2.2799027842304187,-1.6584768120047009,-0.5200972187949109,-2.058476812004701
36.90185013300004,2.2795974595596618,-1.661457380253864,-0.5204025434656678,-2.061457380253864
36.913978247000045,2.2792922339293593,-1.6644379586468425,-0.5207077690959703,-2.0644379586468427
36.958554960000015,2.278987107339863,-1.6674185471804237,-0.5210128956854665,-2.0674185471804236
36.969534135,2.2786820797914924,-1.6703991458513179,-0.5213179232338372,-2.070399145851318
36.980534474000024,2.2783771512845883,-1.6733797546562128,-0.5216228517407413,-2.0733797546562127
36.99196617900003,2.2780723218195007,-1.6763603735918173,-0.5219276812058289,-2.0763603735918172
37.00533918000002,2.2777675913965405,-1.6793410026549012,-0.5222324116287891,-2.079341002654901
37.08134829800002,2.2774652910909987,-1.6822997927809245,-0.5225347119343309,-2.0822997927809244
37.094276191999995,2.2771684893384174,-1.6852181252153526,-0.5228315136869122,-2.0852181252153525
37.10750171400002,2.276873372440888,-1.6881366285124217,-0.5231266305844415,-2.0881366285124217
37.122264493000046,2.276579940496781,-1.6910553016993841,-0.5234200625285488,-2.091055301699384
37.133328841000036,2.276288193603892,-1.6939741438034712,-0.5237118094214375,-2.093974143803471
37.17820836000004,2.275998131859461,-1.6968931538518437,-0.5240018711658685,-2.096893153851844
37.19018350800002,2.2757097553601633,-1.6998123308716147,-0.5242902476651663,-2.0998123308716146
37.201879969000004,2.275423064202115,-1.7027316738898262,-0.5245769388232144,-2.102731673889826
37.21551007700003,2.275138058480868,-1.7056511819334819,-0.5248619445444618,-2.105651181933482
37.23065285200005,2.2748547382914146,-1.7085708540295128,-0.525145264733915,-2.1085708540295127
37.304526562000035,2.2745717032800616,-1.7115037083684388,-0.525428299745268,-2.111503708368439
37.31827680500004,2.274285876581147,-1.7144637004182375,-0.5257141264441825,-2.1144637004182374
37.33130932300003,2.2739993767537445,-1.7174236273912686,-0.5260006262715851,-2.1174236273912688
37.345027852000044,2.2737122038126656,-1.7203834891344476,-0.526287799212664,-2.1203834891344475
37.35746011400005,2.2734243577727633,-1.7233432854946906,-0.5265756452525663,-2.1233432854946908
37.40029775600004,2.273135838648921,-1.7263030163189357,-0.5268641643764087,-2.1263030163189356
37.413075211000034,2.2728466464560606,-1.7292626814541143,-0.527153356569269,-2.1292626814541142
37.426462168,2.272556781209137,-1.7322222807471697,-0.5274432218161924,-2.1322222807471696
37.43822627000003,2.2722662429231426,-1.735181814045034,-0.527733760102187,-2.135181814045034
37.45350048900002,2.2719750316130987,-1.7381412811946615,-0.5280249714122309,-2.1381412811946614
37.526959808000015,2.27168250197552,-1.7411077407302489,-0.5283175010498096,-2.141107740730249
37.54011436600001,2.271388654705989,-1.7440873395790266,-0.5286113483193406,-2.1440873395790265
37.551516830000025,2.271094960998077,-1.7470669535680285,-0.5289050420272527,-2.1470669535680287
37.563989354,2.270801420852571,-1.7500465826893086,-0.5291985821727585,-2.1500465826893085
37.57494944900003,2.2705080342702364,-1.7530262269350116,-0.5294919687550932,-2.1530262269350118
37.620592043000045,2.2702148012518566,-1.7560058862971437,-0.529785201773473,-2.1560058862971436
37.632598581000025,2.26992172179822,-1.7589855607678568,-0.5300782812271096,-2.158985560767857
37.64252504699999,2.2696287959100943,-1.761965250339197,-0.5303712071152353,-2.161965250339197
37.65465076800001,2.269336023588262,-1.7649449550032503,-0.5306639794370676,-2.1649449550032505
37.669129508000026,2.269043404833503,-1.7679246747521078,-0.5309565981918265,-2.1679246747521077
37.74337629900003,2.268751081267258,-1.77090269329503,-0.5312489217580714,-2.17090269329503
37.75603470200002,2.268458881515834,-1.7738775107845215,-0.5315411215094956,-2.1738775107845214
37.76652213599999,2.268166401611393,-1.776852300742819,-0.5318336014139367,-2.176852300742819
37.778496276,2.2678736415565246,-1.7798270631435449,-0.532126361468805,-2.179827063143545
37.79021684400004,2.267580601353832,-1.782801797960314,-0.5324194016714974,-2.182801797960314
37.834128031000034,2.267287281005908,-1.7857765051667438,-0.5327127220194217,-2.1857765051667437
37.84601135600002,2.2669936805153594,-1.7887511847364526,-0.5330063225099702,-2.1887511847364527
37.858570552,2.2666997998847846,-1.7917258366430575,-0.5333002031405449,-2.1917258366430574
37.87140389800004,2.266405639116794,-1.7947004608601758,-0.5335943639085357,-2.194700460860176
37.88716562900004,2.266111198213997,-1.7976750573614262,-0.5338888048113324,-2.197675057361426
37.961071168000046,2.2658171155139355,-1.8006438010390542,-0.5341828875113941,-2.200643801039054
37.97401079000002,2.2655246049820437,-1.8036017649626233,-0.5344753980432859,-2.2036017649626234
37.98490060400002,2.2652328022136405,-1.8065597987908202,-0.534767200811689,-2.20655979879082
37.998417208000035,2.264941707225432,-1.8095179023542958,-0.5350582957998977,-2.2095179023542957
38.00999212800002,2.264651320034086,-1.8124760754836966,-0.5353486829912435,-2.2124760754836967
38.05536644900002,2.2643616406562264,-1.8154343180096646,-0.5356383623691032,-2.2154343180096645
38.06803950600005,2.264072669108436,-1.8183926297628392,-0.5359273339168937,-2.2183926297628394
38.080816852,2.2637844054072587,-1.8213510105738557,-0.5362155976180709,-2.221351010573856
38.093489161000036,2.2634968495692003,-1.8243094602733447,-0.5365031534561293,-2.2243094602733446
38.107767029,2.2632100016107217,-1.8272679786919326,-0.5367900014146079,-2.2272679786919327
38.180194767000046,2.2629231940094923,-1.8302331607298656,-0.5370768090158373,-2.2302331607298655
38.192607474,2.262635527761471,-1.833210627594557,-0.5373644752638587,-2.233210627594557
38.204558779000024,2.2623480852168156,-1.836188116063741,-0.537651917808514,-2.236188116063741
38.216007527000045,2.2620608663771407,-1.8391656261206093,-0.5379391366481889,-2.2391656261206094
38.22689052000004,2.2617738712440767,-1.8421431577483505,-0.5382261317812529,-2.2421431577483504
38.269500960000016,2.261487099819236,-1.8451207109301606,-0.5385129032060938,-2.2451207109301605
38.28318410500003,2.261200552104247,-1.8480982856492298,-0.5387994509210827,-2.2480982856492298
38.293021001,2.260914228100714,-1.8510758818887507,-0.5390857749246156,-2.2510758818887506
38.30392110700001,2.2606281278102642,-1.8540534996319162,-0.5393718752150654,-2.254053499631916
38.316024067,2.260342251234509,-1.8570311388619172,-0.5396577517908208,-2.257031138861917
38.38829747700004,2.260058124295983,-1.8599936043337846,-0.5399418787293464,-2.2599936043337845
38.400389227000005,2.259777801715984,-1.8629279429554881,-0.5402222013093456,-2.2629279429554883
38.41039358900002,2.259498809251132,-1.865862408341237,-0.5405011937741975,-2.265862408341237
38.42301400400004,2.259221146958753,-1.868796999888106,-0.5407788560665767,-2.268796999888106
38.434702173000005,2.258944814895897,-1.871731716993144,-0.5410551881294325,-2.271731716993144
38.477341016000025,2.2586698131193406,-1.8746665590533673,-0.541330189905989,-2.2746665590533675
38.48879384500003,2.2583961416855853,-1.877601525465767,-0.5416038613397443,-2.277601525465767
38.500119555000026,2.2581238006508637,-1.8805366156273082,-0.5418762023744659,-2.2805366156273084
38.51133360700004,2.2578527900711323,-1.88347182893493,-0.5421472129541973,-2.28347182893493
38.52446879300004,2.257583110002073,-1.8864071647855467,-0.5424168930232565,-2.2864071647855466
38.59682701400004,2.257314248644106,-1.8893479654599081,-0.5426857543812238,-2.2893479654599083
38.609948202,2.2570455072687428,-1.8922987863303176,-0.5429544957565868,-2.2922987863303175
38.622971586999995,2.25677771128771,-1.895249693148338,-0.5432222917376195,-2.295249693148338
38.635350542000026,2.2565108607284943,-1.898200685611077,-0.5434891422968353,-2.298200685611077
38.646231403,2.256244955618487,-1.9011517634156372,-0.5437550474068424,-2.3011517634156373
38.686542728000006,2.255979995984981,-1.9041029262591125,-0.5440200070403485,-2.3041029262591124
38.697966495,2.2557159818551726,-1.9070541738385873,-0.544284021170157,-2.3070541738385875
38.708511963000035,2.2554529132561605,-1.910005505851138,-0.5445470897691691,-2.310005505851138
38.719813262,2.255190790214946,-1.9129569219938334,-0.5448092128103834,-2.3129569219938335
38.73416177800004,2.254929612758435,-1.9159084219637317,-0.5450703902668947,-2.315908421963732
38.807119442000044,2.2546690032258394,-1.9188640836994355,-0.5453309997994902,-2.3188640836994354
38.82044980500001,2.2544084375749693,-1.9218273849422947,-0.5455915654503602,-2.321827384942295
38.831810423000036,2.2541485207828043,-1.9247907431682785,-0.5458514822425253,-2.3247907431682786
38.844517050000036,2.253889252861806,-1.927754158235307,-0.5461107501635234,-2.327754158235307
38.85664421199999,2.253630633824406,-1.9307176300013018,-0.5463693692009235,-2.3307176300013017
38.90324383000001,2.2533726636830007,-1.933681158324179,-0.5466273393423289,-2.333681158324179
38.926738333,2.253115342449962,-1.9366447430618536,-0.5468846605753677,-2.3366447430618535
38.92711987200005,2.252858670137624,-1.9396083840722391,-0.5471413328877057,-2.339608384072239
38.93620388900001,2.252602646758295,-1.9425720812132417,-0.5473973562670347,-2.3425720812132416
38.948940762999996,2.25234727232425,-1.9455358343427698,-0.5476527307010794,-2.34553583434277
39.023639744000036,2.252092417368265,-1.948501075192149,-0.5479075856570645,-2.348501075192149
39.03567449500002,2.251837900204351,-1.9514690248803173,-0.5481621028209784,-2.351469024880317
39.04689532000003,2.251583927255368,-1.9544370211874922,-0.5484160757699614,-2.354437021187492
39.058947552999996,2.251330498529851,-1.957405064013886,-0.5486695044954786,-2.357405064013886
39.070872322000014,2.251077614036326,-1.9603731532597073,-0.5489223889890038,-2.360373153259707
39.114125333000004,2.2508252737832932,-1.963341288825163,-0.5491747292420364,-2.363341288825163
39.12502178700004,2.2505734777792368,-1.9663094706104598,-0.5494265252460928,-2.3663094706104597
39.136315628000034,2.2503222260326194,-1.9692776985158016,-0.5496777769927101,-2.3692776985158015
39.14725923100002,2.2500715185518962,-1.972245972441391,-0.5499284844734333,-2.372245972441391
39.16139048000002,2.2498213553454893,-1.9752142922874298,-0.5501786476798403,-2.37521429228743
39.235577379000006,2.249572329350635,-1.9781759623714235,-0.5504276736746947,-2.3781759623714236
39.24687606400005,2.2493252777828716,-1.9811252710781313,-0.550674725242458,-2.3811252710781314
39.258969433000004,2.24907925791311,-1.984074666024257,-0.5509207451122196,-2.384074666024257
39.271193193000045,2.248834269771453,-1.9870241468489105,-0.5511657332538764,-2.3870241468489106
39.28363318100003,2.24859031338788,-1.9899737131911814,-0.5514096896374494,-2.3899737131911816
39.328980720000004,2.248347388792241,-1.9929233646901483,-0.5516526142330886,-2.3929233646901484
39.342156853000006,2.248105496014261,-1.9958731009848856,-0.5518945070110686,-2.3958731009848857
39.351799621,2.247864635083538,-1.9988229217144513,-0.5521353679417915,-2.3988229217144514
39.36277038900005,2.2476248060295454,-2.0017728265178953,-0.5523751969957842,-2.4017728265178953
39.37455188000001,2.2473860088816293,-2.0047228150342584,-0.5526139941437003,-2.4047228150342583
39.451661916000035,2.2471471880263474,-2.0076852498279885,-0.5528528149989822,-2.4076852498279884
39.46376444200001,2.2469065761734046,-2.0106732414687114,-0.553093426851925,-2.4106732414687113
39.47638704600001,2.2466660248192345,-2.013661237980576,-0.5533339782060951,-2.413661237980576
39.489207862,2.246425533963922,-2.0166492393623416,-0.5535744690614077,-2.4166492393623416
39.50041531200003,2.2461851036075497,-2.019637245612779,-0.5538148994177798,-2.419637245612779
39.548830603,2.2459447337502323,-2.0226252567306657,-0.5540552692750973,-2.4226252567306656
39.55984673800003,2.2457044243920854,-2.0256132727147746,-0.5542955786332442,-2.4256132727147746
39.57121070300002,2.2454641755331743,-2.0286012935638844,-0.5545358274921552,-2.4286012935638843
39.58244874500002,2.2452239871736137,-2.0315893192767667,-0.5547760158517159,-2.4315893192767666
39.59368842600003,2.244983859313487,-2.0345773498521993,-0.5550161437118426,-2.434577349852199
39.669487124,2.2447447835515404,-2.037552209808628,-0.5552552194737892,-2.437552209808628
39.680261194000025,2.244506877116205,-2.0405025468732907,-0.5554931259091247,-2.4405025468732906
39.694943815000045,2.2442679457018126,-2.043452801107463,-0.5557320573235169,-2.4434528011074628
39.70704939500001,2.244027989337199,-2.0464029721550636,-0.5559720136881308,-2.4464029721550635
39.71892184500001,2.243787008051326,-2.0493530596600156,-0.5562129949740036,-2.4493530596600155
39.762191900000005,2.2435450018732794,-2.0523030632662516,-0.5564550011520502,-2.4523030632662515
39.773257924000006,2.243301970832269,-2.0552529826177124,-0.5566980321930606,-2.4552529826177123
39.784213765000004,2.2430579149576273,-2.0582028173583513,-0.5569420880677023,-2.4582028173583512
39.796154976000025,2.242812834278811,-2.061152567132127,-0.5571871687465184,-2.461152567132127
39.808531163,2.242566728825403,-2.0641022315830133,-0.5574332741999264,-2.4641022315830132
39.88385795600004,2.242319915756694,-2.0670478161280923,-0.5576800872686354,-2.467047816128092
39.897927967000044,2.2420724728418433,-2.0699858804279843,-0.5579275301834863,-2.469985880427984
39.908835992000036,2.241823717722235,-2.0729238339192557,-0.5581762853030945,-2.4729238339192556
39.92260581300002,2.241573650447496,-2.0758616760158466,-0.5584263525778335,-2.4758616760158465
39.93490418700003,2.241322271067507,-2.0787994061317225,-0.5586777319578227,-2.4787994061317224
39.978476329000046,2.2410695796324136,-2.081737023680866,-0.558930423392916,-2.481737023680866
39.99114777800003,2.2408155761926216,-2.0846745280772847,-0.559184426832708,-2.4846745280772846
40.00311641000002,2.240560260798799,-2.0876119187350084,-0.5594397422265307,-2.4876119187350083
40.015211100000045,2.2403036335018767,-2.090549195068089,-0.5596963695234529,-2.490549195068089
40.02913178800003,2.2400456943530465,-2.0934863564906028,-0.5599543086722831,-2.4934863564906027
40.101111332000016,2.2397864867702144,-2.0964246812705944,-0.5602135162551152,-2.4964246812705944
40.114154309000014,2.2395277575234345,-2.0993654160290793,-0.5604722455018951,-2.4993654160290792
40.125396128000034,2.2392702492364123,-2.102306257953567,-0.5607297537889173,-2.502306257953567
40.139397203000044,2.2390139619535314,-2.105247206537163,-0.5609860410717982,-2.5052472065371627
40.15120404500004,2.238758895718974,-2.1081882612729355,-0.5612411073063557,-2.5081882612729354
40.193317138,2.2385050505767063,-2.1111294216539007,-0.5614949524486232,-2.5111294216539006
40.204943474000004,2.2382524265704884,-2.1140706871730774,-0.5617475764548412,-2.5140706871730774
40.21578105400005,2.2380010237438657,-2.1170120573234636,-0.5619989792814639,-2.5170120573234636
40.227092439000046,2.2377508421401724,-2.1199535315980387,-0.5622491608851572,-2.5199535315980386
40.24108709400002,2.237501881802536,-2.122895109489766,-0.5624981212227937,-2.522895109489766
40.31654485400003,2.237253000895459,-2.1258492859577105,-0.5627470021298704,-2.5258492859577104
40.32984472200002,2.2370020106415627,-2.1288293201134354,-0.5629979923837669,-2.5288293201134353
40.34298644900002,2.236750777232141,-2.131809333779666,-0.5632492257931885,-2.531809333779666
40.35497025800004,2.236499300668863,-2.1347893269365517,-0.5635007023564667,-2.5347893269365516
40.36665130200004,2.2362475809534037,-2.137769299564244,-0.5637524220719259,-2.537769299564244
40.41024595800002,2.235995618087436,-2.140749251642908,-0.5640043849378937,-2.5407492516429078
40.42299365100001,2.235743412072646,-2.1437291831527,-0.5642565909526835,-2.5437291831527
40.43485327100001,2.235490962910704,-2.146709094073783,-0.5645090401146255,-2.546709094073783
40.44592481800004,2.2352382706032916,-2.1496889843863163,-0.564761732422038,-2.549688984386316
40.45859967000001,2.234985335152093,-2.1526688540704613,-0.5650146678732364,-2.552668854070461
40.531983861000015,2.2347339752820847,-2.1556287049878886,-0.5652660277432449,-2.5556287049878885
40.54596171600002,2.2344870559558627,-2.158551506487936,-0.5655129470694669,-2.558551506487936
40.557270809000045,2.234241828450979,-2.1614744504205476,-0.5657581745743507,-2.5614744504205476
40.56947800500001,2.2339982928495994,-2.164397535806418,-0.5660017101757302,-2.564397535806418
40.58097243100002,2.233756449233317,-2.1673207616662333,-0.5662435537920127,-2.5673207616662332
40.624903397000026,2.233516297683156,-2.1702441270206125,-0.5664837053421734,-2.5702441270206124
40.635387476999995,2.233277838279578,-2.1731676308901284,-0.5667221647457517,-2.5731676308901283
40.64626919300002,2.2330410711024733,-2.1760912722953085,-0.5669589319228563,-2.5760912722953084
40.65782305000005,2.2328059962311686,-2.17901505025663,-0.567194006794161,-2.57901505025663
40.67072951100005,2.2325726137444195,-2.181938963794529,-0.5674273892809101,-2.5819389637945287
40.743975834000025,2.2323424474852023,-2.1848447511940674,-0.5676575555401273,-2.5848447511940673
40.75592930800002,2.2321176628647073,-2.1877168266237326,-0.5678823401606223,-2.5877168266237325
40.76665702299999,2.2318958439508623,-2.190589132625659,-0.5681041590744673,-2.590589132625659
40.78039306100004,2.231676990980168,-2.193461666137459,-0.5683230120451617,-2.593461666137459
40.792473997,2.231461104185962,-2.1963344240965084,-0.5685388988393676,-2.5963344240965083
40.838200699000026,2.2312481837984177,-2.199207403439935,-0.5687518192269119,-2.599207403439935
40.85020523100002,2.2310382300445455,-2.202080601104633,-0.5689617729807841,-2.602080601104633
40.86234977800001,2.230831243148194,-2.2049540140272614,-0.5691687598771358,-2.6049540140272613
40.87368662200004,2.230627223330047,-2.2078276391442517,-0.5693727796952825,-2.6078276391442516
40.88762564000001,2.2304261708076276,-2.210701473391807,-0.569573832217702,-2.610701473391807
40.959790792000035,2.230226441623527,-2.213595672022189,-0.5697735614018025,-2.613595672022189
40.972823215999995,2.2300228808781144,-2.216540621706312,-0.5699771221472152,-2.616540621706312
40.985169324000026,2.2298180944536297,-2.219485486412787,-0.5701819085716999,-2.619485486412787
40.99754194000002,2.2296120823855445,-2.222430265631489,-0.570387920639785,-2.622430265631489
41.00851983200005,2.229404844709547,-2.2253749588523233,-0.5705951583157827,-2.625374958852323
41.055768407000016,2.2291963814615343,-2.228319565565192,-0.5708036215637953,-2.628319565565192
41.06681889500004,2.228986692677613,-2.231264085259999,-0.5710133103477166,-2.631264085259999
41.078454652999994,2.228775778394108,-2.234208517426685,-0.5712242246312216,-2.6342085174266847
41.09031923600003,2.228563638647554,-2.2371528615552023,-0.5714363643777758,-2.6371528615552022
41.10337927900002,2.2283502734746965,-2.2400971171355164,-0.5716497295506331,-2.6400971171355163
41.18314181200003,2.2281375496757785,-2.2430140879327487,-0.5718624533495511,-2.6430140879327486
41.19592474500001,2.2279257832450057,-2.245880368022937,-0.5720742197803239,-2.645880368022937
41.20808263600003,2.2277108892595705,-2.2487464153274375,-0.5722891137657591,-2.6487464153274374
41.21981298500003,2.2274928679753514,-2.251612226433586,-0.5725071350499782,-2.6516122264335857
41.231026638,2.2272717196519447,-2.254477797929031,-0.5727282833733849,-2.654477797929031
41.27875573900002,2.2270474445526736,-2.2573431264017016,-0.572952558472656,-2.6573431264017016
41.28973321700005,2.226820042944588,-2.2602082084398094,-0.5731799600807417,-2.6602082084398093
41.301605026999994,2.226589515098456,-2.2630730406318595,-0.5734104879268735,-2.6630730406318595
41.31313751800002,2.226355861288771,-2.2659376195666545,-0.5736441417365588,-2.6659376195666544
41.32379543600001,2.2261190817937484,-2.2688019418332983,-0.5738809212315812,-2.668801941833298
41.40314626900005,2.2258771301025035,-2.2716924957335216,-0.574122872922826,-2.6716924957335215
41.41454786100002,2.2256268558120262,-2.2746717951553586,-0.5743731472133033,-2.6746717951553585
41.42806247200002,2.225376317972091,-2.2776510724261376,-0.5746236850532385,-2.6776510724261375
41.44023253900002,2.22512551658466,-2.280630327522549,-0.5748744864406694,-2.680630327522549
41.45081971400003,2.224874451651696,-2.2836095604212874,-0.5751255513736337,-2.6836095604212873
41.498810900000024,2.224623123175169,-2.2865887710990282,-0.5753768798501606,-2.686588771099028
41.50974432300001,2.2243715311570416,-2.2895679595324605,-0.575628471868288,-2.6895679595324604
41.521000611000034,2.224119675599287,-2.2925471256982712,-0.5758803274260424,-2.692547125698271
41.53218079200002,2.2238675565038752,-2.2955262695731475,-0.5761324465214543,-2.6955262695731474
41.544949392000035,2.2236151738727794,-2.298505391133777,-0.5763848291525502,-2.698505391133777
41.622626732000015,2.2233633598010587,-2.301474130001981,-0.5766366432242709,-2.701474130001981
41.637160488000006,2.223112316897489,-2.304423562413124,-0.5768876861278405,-2.704423562413124
41.650997450000034,2.2228602540182183,-2.307372907830702,-0.5771397490071113,-2.707372907830702
41.66275180299999,2.222607171193388,-2.3103221659019932,-0.5773928318319417,-2.710322165901993
41.674742084,2.2223530684532684,-2.3132713362742776,-0.5776469345720612,-2.7132713362742775
41.71468436800001,2.2220979458282484,-2.3162204185948476,-0.5779020571970812,-2.7162204185948475
41.72589124699999,2.2218418033488363,-2.3191694125110063,-0.5781581996764933,-2.719169412511006
41.737273370000025,2.2215846410456708,-2.3221183176700655,-0.5784153619796588,-2.7221183176700654
41.74994290500001,2.221326458949505,-2.3250671337193483,-0.5786735440758246,-2.725067133719348
41.762930709000045,2.2210672570912156,-2.328015860306191,-0.578932745934114,-2.728015860306191
41.83743217900002,2.2208075382382617,-2.330960434606796,-0.5791924647870679,-2.730960434606796
41.84842903500004,2.2205493080609644,-2.3338975131138997,-0.5794506949643652,-2.7338975131138996
41.85904456900005,2.220292391152664,-2.33683470678873,-0.5797076118726654,-2.7368347067887298
41.87250533299999,2.22003678756472,-2.339772015044101,-0.5799632154606096,-2.739772015044101
41.88387962300004,2.219782497348239,-2.3427094372927932,-0.5802175056770906,-2.742709437292793
41.93043296600001,2.2195295205540586,-2.3456469729475415,-0.580470482471271,-2.7456469729475415
41.94200567400003,2.219277857232754,-2.348584621421069,-0.5807221457925755,-2.748584621421069
41.95310363500005,2.21902750743464,-2.3515223821260776,-0.5809724955906894,-2.7515223821260775
41.964674183,2.218778471209765,-2.3544602544752458,-0.5812215318155647,-2.7544602544752457
41.978802035,2.2185307486079187,-2.3573982378812315,-0.5814692544174109,-2.7573982378812314
42.05531087400004,2.218283118945327,-2.360350090709856,-0.5817168840800027,-2.760350090709856
42.069010558,2.2180334784558746,-2.363331316730333,-0.581966524569455,-2.763331316730333
42.08051520600003,2.2177840534526467,-2.366312560787273,-0.5822159495726829,-2.7663125607872727
42.09481542000003,2.21753484393695,-2.3692938228650826,-0.5824651590883794,-2.7692938228650825
42.106877052000016,2.2172858499100885,-2.3722751029481826,-0.5827141531152411,-2.7722751029481825
42.15251114700004,2.217037071373353,-2.375256401020996,-0.5829629316519767,-2.775256401020996
42.16312436000004,2.216788508328057,-2.3782377170679494,-0.5832114946972724,-2.7782377170679493
42.174463848000016,2.2165401607754895,-2.3812190510734643,-0.58345984224984,-2.7812190510734642
42.185625095000034,2.2162920287169543,-2.3842004030219646,-0.5837079743083753,-2.7842004030219645
42.19908939800001,2.216044112153737,-2.3871817728978755,-0.5839558908715925,-2.7871817728978754
42.278362156000014,2.215796951158734,-2.390156995637599,-0.5842030518665955,-2.790156995637599
42.29189357800004,2.215551314362528,-2.3931208122424774,-0.5844486886628015,-2.7931208122424773
42.30288412200002,2.2153063459791755,-2.3960846841685406,-0.5846936570461541,-2.7960846841685405
42.31447534100005,2.215062046021133,-2.399048611265055,-0.5849379570041964,-2.799048611265055
42.32704221100005,2.2148184145008307,-2.402012593381274,-0.5851815885244989,-2.802012593381274
42.374691239000015,2.2145754514306537,-2.404976630366448,-0.5854245515946759,-2.804976630366448
42.386585072,2.214333156822961,-2.4079407220698252,-0.5856668462023684,-2.807940722069825
42.39834344100001,2.214091530690078,-2.4109048683406527,-0.5859084723352517,-2.8109048683406526
42.40963650400005,2.213850573044291,-2.4138690690281708,-0.5861494299810386,-2.8138690690281707
42.42394877100003,2.213610283897856,-2.4168333239816207,-0.5863897191274736,-2.8168333239816206
42.49562500600001,2.2133711030343983,-2.419790792312565,-0.5866288999909313,-2.819790792312565
42.508860121,2.21313217054075,-2.422735510321007,-0.5868678324845797,-2.822735510321007
42.52010245700001,2.212892074199386,-2.425680133664098,-0.5871079288259438,-2.8256801336640978
42.53438919800004,2.2126508140478123,-2.4286246618818215,-0.5873491889775173,-2.8286246618818214
42.54580517100004,2.2124083901237146,-2.4315690945142197,-0.587591612901615,-2.8315690945142196
42.58868384200002,2.2121648024649616,-2.4345134311013314,-0.587835200560368,-2.8345134311013314
42.59981655800004,2.211920051109604,-2.437457671183212,-0.5880799519157254,-2.837457671183212
42.61156358400001,2.211674136095877,-2.4404018142999315,-0.5883258669294524,-2.8404018142999314
42.62332448400002,2.211427057462195,-2.443345859991573,-0.5885729455631346,-2.843345859991573
42.635606266000025,2.211178815247156,-2.446289807798239,-0.5888211877781737,-2.846289807798239
42.71254736200001,2.2109284637700966,-2.44924581464066,-0.589071539255233,-2.84924581464066
42.723490587000015,2.2106759134831337,-2.4522268440877557,-0.5893240895421958,-2.8522268440877556
42.73752098599999,2.2104235774192205,-2.455207891675902,-0.5895764256061091,-2.855207891675902
42.74814119900003,2.210171455579666,-2.4581889573897078,-0.5898285474456637,-2.8581889573897077
42.76039881400004,2.209919547965768,-2.4611700412137676,-0.5900804550595615,-2.8611700412137675
42.80999310999999,2.209667854578826,-2.4641511431326872,-0.5903321484465036,-2.864151143132687
42.82233439700002,2.209416375420149,-2.4671322631310697,-0.5905836276051808,-2.8671322631310696
42.832614963000026,2.2091651104910315,-2.4701134011935215,-0.5908348925342981,-2.8701134011935214
42.84358269300003,2.208914059792769,-2.4730945573046488,-0.5910859432325606,-2.8730945573046487
42.856221387000005,2.2086632233266608,-2.476075731449056,-0.5913367796986688,-2.8760757314490557
42.93376239500003,2.2084130994399414,-2.4790512983565893,-0.5915869035853882,-2.8790512983565892
42.945607222000035,2.208164394386975,-2.482016459779892,-0.5918356086383545,-2.882016459779892
42.95812596800005,2.2079163170583516,-2.4849816737871144,-0.592083685966978,-2.8849816737871143
42.97176910000002,2.2076688674651863,-2.4879469402453678,-0.5923311355601433,-2.8879469402453677
42.983654177999995,2.2074220456185687,-2.4909122590217607,-0.5925779574067609,-2.8909122590217606
43.02731693000004,2.207175851529559,-2.4938776299834005,-0.5928241514957704,-2.8938776299834004
43.03848017300004,2.206930285209196,-2.496843052997392,-0.5930697178161335,-2.896843052997392
43.04947118800004,2.2066853466684795,-2.499808527930835,-0.5933146563568501,-2.8998085279308348
43.060677199,2.2064410359183904,-2.502774054650828,-0.5935589671069392,-2.902774054650828
43.074264024,2.206197352969875,-2.5057396330244672,-0.5938026500554545,-2.905739633024467
43.149822768000035,2.205955427525445,-2.508692184100343,-0.5940445754998844,-2.908692184100343
43.162425901999995,2.2057168650864285,-2.5116205492574695,-0.5942831379389011,-2.9116205492574694
43.17332192399999,2.205479874502286,-2.5145490420427956,-0.5945201285230435,-2.9145490420427955
43.185765032000006,2.2052444558412985,-2.517477661612614,-0.5947555471840311,-2.917477661612614
43.19703849000001,2.2050106091712918,-2.5204064071231693,-0.5949893938540378,-2.9204064071231692
43.24352890100005,2.2047783345596383,-2.5233352777306632,-0.5952216684656912,-2.923335277730663
43.255251939000004,2.2045476320732584,-2.5262642725912667,-0.5954523709520712,-2.9262642725912666
43.266522259,2.2043185017786198,-2.5291933908611117,-0.5956815012467098,-2.9291933908611116
43.27774135100003,2.2040909437417358,-2.5321226316962964,-0.5959090592835938,-2.9321226316962963
43.29083892800003,2.2038649580281673,-2.535051994252883,-0.5961350449971623,-2.9350519942528828
43.36636138100005,2.2036408871196245,-2.5379772448196904,-0.5963591159057051,-2.9379772448196904
43.377247356,2.20341922728452,-2.5408947697547495,-0.5965807757408097,-2.9408947697547494
43.39642030700003,2.20319944028986,-2.543812436374869,-0.5968005627354698,-2.943812436374869
43.40826075000001,2.2029815262262074,-2.546730243477821,-0.5970184767991222,-2.946730243477821
43.42017607700001,2.202765485183352,-2.5496481898613212,-0.5972345178419776,-2.949648189861321
43.46609127900001,2.2025513172503164,-2.5525662743230253,-0.5974486857750132,-2.952566274323025
43.47937501000001,2.202339022515349,-2.5554844956605316,-0.5976609805099806,-2.9554844956605315
43.49097986800001,2.2021286010659233,-2.5584028526713847,-0.5978714019594062,-2.9584028526713846
43.50240329100001,2.201920052988746,-2.5613213441530718,-0.5980799500365834,-2.9613213441530717
43.51695378200003,2.20171337836975,-2.5642399689030264,-0.5982866246555796,-2.9642399689030263
43.596920297,2.201507252248954,-2.5671755719986273,-0.5984927507763755,-2.9671755719986272
43.61111359400002,2.2012984416553363,-2.5701497749491695,-0.5987015613699933,-2.9701497749491694
43.62304594100004,2.2010891548179194,-2.5731239444256278,-0.5989108482074101,-2.9731239444256277
43.636548833999996,2.200879391742066,-2.57609808035177,-0.5991206112832637,-2.97609808035177
43.648524707000036,2.2006691524331488,-2.5790721826513177,-0.5993308505921808,-2.9790721826513176
43.69304013100003,2.200458436896559,-2.5820462512480087,-0.5995415661287704,-2.9820462512480086
43.704084246000036,2.2002472451377044,-2.5850202860655873,-0.5997527578876252,-2.9850202860655872
43.714990317,2.2000355771619917,-2.5879942870278003,-0.5999644258633379,-2.9879942870278002
43.725978247,2.1998234329748545,-2.590968254058393,-0.6001765700504751,-2.990968254058393
43.73867230400003,2.1996108125817306,-2.593942187081111,-0.600389190443599,-2.9939421870811107
43.81921037400002,2.1993987113566686,-2.596901280325876,-0.6006012916686609,-2.996901280325876
43.83118240800002,2.1991872599647073,-2.599832791047736,-0.6008127430606223,-2.999832791047736
43.84188792600003,2.198974262034622,-2.6027641898068974,-0.6010257409907074,-3.0027641898068973
43.854799517000004,2.198759717625692,-2.6056954757874924,-0.6012402853996375,-3.0056954757874923
43.86612454500005,2.19854362679763,-2.608626648173664,-0.6014563762276994,-3.008626648173664
43.91353530700002,2.1983259896105807,-2.6115577061495903,-0.6016740134147489,-3.01155770614959
43.92648745700001,2.1981068061251183,-2.6144886488994796,-0.6018931969002113,-3.0144886488994795
43.937817494,2.197886076402248,-2.617419475607573,-0.6021139266230815,-3.0174194756075727
43.94939896200003,2.197663800503402,-2.620350185458142,-0.6023362025219274,-3.020350185458142
43.96339664300001,2.197439978490448,-2.623280777635492,-0.6025600245348817,-3.0232807776354917
44.038530886000046,2.1972142794043847,-2.6262158124208344,-0.6027857236209448,-3.0262158124208343
44.05233876800003,2.1969866399128684,-2.6291592155921593,-0.6030133631124612,-3.029159215592159
44.06422846100003,2.196757780902414,-2.6321025241931055,-0.6032422221229155,-3.0321025241931054
44.076943196,2.1965277024123115,-2.6350457377183973,-0.603472300613018,-3.0350457377183973
44.088871837,2.196296404482057,-2.6379888556627757,-0.6037035985432726,-3.0379888556627757
44.13460495000004,2.196063887151357,-2.640931877521001,-0.6039361158739727,-3.040931877521001
44.145584982,2.195830150460129,-2.643874802787847,-0.6041698525652004,-3.043874802787847
44.157248311000046,2.1955951944484973,-2.646817630958105,-0.6044048085768323,-3.0468176309581048
44.17003392700002,2.1953590191567987,-2.649760361526583,-0.6046409838685309,-3.049760361526583
44.182486100999995,2.1951216246255725,-2.6527029939881075,-0.6048783783997571,-3.0527029939881074
44.26202374600001,2.194882291852911,-2.6556549287694216,-0.6051177111724186,-3.0556549287694215
44.27740718000001,2.1946407913851456,-2.6586254149887627,-0.605359211640184,-3.0586254149887626
44.291307001999996,2.194398783426399,-2.661595859905476,-0.6056012195989307,-3.061595859905476
44.30443013500002,2.1941562679837423,-2.6645662634328433,-0.6058437350415873,-3.064566263432843
44.316421717000026,2.193913245064249,-2.667536625484164,-0.6060867579610805,-3.067536625484164
44.361186805000045,2.193669714675018,-2.6705069459727384,-0.6063302883503114,-3.0705069459727383
44.373158931000034,2.193425676823155,-2.6734772248118674,-0.6065743262021748,-3.0734772248118674
44.385801188000016,2.193181131515782,-2.6764474619148557,-0.6068188715095477,-3.0764474619148556
44.39764839700001,2.19293607876004,-2.6794176571950055,-0.6070639242652898,-3.0794176571950054
44.412061703999996,2.1926905185630767,-2.682387810565624,-0.6073094844622529,-3.0823878105656237
44.49221605400004,2.1924441173834897,-2.6853621798744483,-0.6075558856418399,-3.085362179874448
44.50506269300001,2.1921968008158617,-2.688344432248062,-0.6078032022094679,-3.088344432248062
44.51666329,2.1919492901365825,-2.6913266685177426,-0.6080507128887471,-3.0913266685177425
44.53048379200004,2.1917015853467077,-2.6943088886708533,-0.6082984176786219,-3.094308888670853
44.544058921000044,2.191453686447274,-2.697291092694761,-0.6085463165780558,-3.097291092694761
44.59020411800003,2.1912055934393355,-2.7002732805768312,-0.6087944095859941,-3.100273280576831
44.603592886,2.190957306323948,-2.703255452304429,-0.6090426967013816,-3.103255452304429
44.61426822100003,2.190708825102163,-2.706237607864921,-0.6092911779231667,-3.1062376078649208
44.62555039200004,2.1904601497750273,-2.7092197472456716,-0.6095398532503022,-3.1092197472456715
44.64017876600002,2.1902112803435965,-2.7122018704340487,-0.6097887226817331,-3.1122018704340486
44.72105263200001,2.1899629555494915,-2.715174627804806,-0.6100370474758381,-3.115174627804806
44.73310209800002,2.1897153464996766,-2.718129966697034,-0.610284656525653,-3.118129966697034
44.74458479200001,2.189466858772057,-2.7210852318388827,-0.6105331442532727,-3.1210852318388826
44.757120746,2.1892174923885954,-2.7240404229691153,-0.6107825106367342,-3.124040422969115
44.76900175200001,2.188967247371339,-2.7269955398264902,-0.6110327556539907,-3.12699553982649
44.816593845,2.188716123742406,-2.729950582149774,-0.6112838792829236,-3.1299505821497737
44.82786252,2.188464121523998,-2.7329055496777386,-0.6115358815013314,-3.1329055496777385
44.84020298300004,2.1882112407383905,-2.735860442149162,-0.6117887622869391,-3.135860442149162
44.85160339700002,2.1879574814079397,-2.73881525930283,-0.6120425216173899,-3.13881525930283
44.86594717500003,2.187702843555078,-2.741770000877536,-0.6122971594702515,-3.141770000877536
44.94127499900003,2.187449098270215,-2.744706381046403,-0.6125509047551145,-3.144706381046403
44.956853032000026,2.187199830293987,-2.747608904489447,-0.6128001727313426,-3.147608904489447
44.97118091500005,2.186952745673959,-2.7505116146113737,-0.6130472573513708,-3.1505116146113736
44.98406641700001,2.1867078445499346,-2.7534145097697893,-0.613292158475395,-3.153414509769789
44.99557213200001,2.1864651270604822,-2.7563175883222186,-0.6135348759648473,-3.1563175883222185
45.040822504999994,2.1862245933429376,-2.759220848626085,-0.613775409682392,-3.159220848626085
45.052289408000036,2.1859862435333963,-2.762124289038693,-0.6140137594919333,-3.162124289038693
45.06436541300002,2.185750077766719,-2.7650279079172537,-0.6142499252586107,-3.1650279079172536
45.075157991000026,2.185516096176531,-2.767931703618871,-0.6144839068487986,-3.167931703618871
45.09002419900003,2.1852842988952204,-2.7708356745005527,-0.6147157041301092,-3.1708356745005526
45.16764675000002,2.1850530785459203,-2.773758897365154,-0.6149469244794092,-3.173758897365154
45.18230404000002,2.184819080969895,-2.776728629043522,-0.6151809220554347,-3.176728629043522
45.194565547000025,2.184585625529926,-2.7796984033892684,-0.6154143774954037,-3.1796984033892683
45.20952421000004,2.1843527122337894,-2.782668220303446,-0.6156472907915402,-3.1826682203034458
45.220822526999996,2.1841203410892462,-2.78563807968706,-0.6158796619360833,-3.18563807968706
45.26436816300003,2.1838885121040432,-2.788607981441139,-0.6161114909212864,-3.1886079814411388
45.275310604000026,2.1836572252859057,-2.791577925466709,-0.6163427777394239,-3.1915779254667087
45.286624181000036,2.183426480642537,-2.7945479116647935,-0.6165735223827924,-3.1945479116647935
45.29885139500004,2.1831962781816325,-2.7975179399364176,-0.616803724843697,-3.1975179399364175
45.311382570000035,2.182966617910861,-2.8004880101826046,-0.6170333851144685,-3.2004880101826045
45.39618926900005,2.1827382307218075,-2.8034491641652397,-0.6172617723035221,-3.2034491641652396
45.40859073800004,2.1825121822898583,-2.806393757100513,-0.6174878207354713,-3.2063937571005128
45.41973889800005,2.182287326754486,-2.8093384413681695,-0.6177126762708438,-3.2093384413681694
45.43253679900005,2.1820636641525892,-2.812283216484963,-0.6179363388727404,-3.212283216484963
45.44373325500004,2.1818411945208753,-2.8152280819676183,-0.6181588085044543,-3.2152280819676182
45.50101399800002,2.181619917895854,-2.818173037332848,-0.6183800851294756,-3.218173037332848
45.51290840500002,2.181399834313838,-2.821118082097347,-0.6186001687114917,-3.221118082097347
45.52536400900004,2.1811809438109484,-2.8240632157777985,-0.6188190592143812,-3.2240632157777984
45.53668489900002,2.1809632464231066,-2.8270084378908655,-0.619036756602223,-3.2270084378908654
45.54920851100002,2.180746742186038,-2.8299537479532035,-0.6192532608392916,-3.2299537479532034
45.628661007999995,2.1805311870084765,-2.83290056270706,-0.6194688160168531,-3.23290056270706
45.642426948000036,2.1803148302825206,-2.835849983881879,-0.619685172742809,-3.235849983881879
45.65313796600003,2.180097383265764,-2.838799324875128,-0.6199026197595656,-3.238799324875128
45.66598804700004,2.179878845987924,-2.841748585283724,-0.6201211570374054,-3.241748585283724
45.677939079,2.1796592184788652,-2.8446977647046334,-0.6203407845464644,-3.2446977647046333
45.72543620700003,2.1794385007685966,-2.8476468627348503,-0.620561502256733,-3.2476468627348503
45.73755190000003,2.179216692887279,-2.850595878971367,-0.6207833101380507,-3.250595878971367
45.749807660000045,2.1789937948652254,-2.8535448130111876,-0.6210062081601042,-3.2535448130111875
45.761028888,2.1787698067328938,-2.856493664451329,-0.6212301962924358,-3.256493664451329
45.77628200500004,2.1785447285208943,-2.859442432888818,-0.6214552745044353,-3.259442432888818
45.855399610000006,2.1783183853348804,-2.862394925832971,-0.6216816176904492,-3.2623949258329707
45.86838528800001,2.1780919130386893,-2.865354505566329,-0.6219080899866403,-3.265354505566329
45.87894941600001,2.1778662555872166,-2.8683141475402114,-0.622133747438113,-3.2683141475402113
45.891792131000045,2.1776414129975676,-2.8712738515302827,-0.622358590027762,-3.2712738515302826
45.90423631700003,2.177417385286791,-2.874233617312194,-0.6225826177385385,-3.274233617312194
45.95050142000002,2.1771941724718653,-2.8771934446615877,-0.6228058305534643,-3.2771934446615876
45.96330883300004,2.1769717745697132,-2.880153333354104,-0.6230282284556163,-3.2801533333541038
45.97394860700001,2.176750191597192,-2.883113283165377,-0.6232498114281375,-3.283113283165377
45.986665491,2.176529423571098,-2.886073293871037,-0.6234705794542315,-3.286073293871037
46.00089079200001,2.176309470508166,-2.88903336524671,-0.6236905325171636,-3.28903336524671
46.08515301900002,2.1760895143814625,-2.8920038657681353,-0.6239104886438671,-3.292003865768135
46.09624956600004,2.175868176852257,-2.894995256503991,-0.6241318261730724,-3.294995256503991
46.11015948900001,2.1756468281260957,-2.8979866464113653,-0.6243531748992339,-3.297986646411365
46.121676976,2.1754254682029806,-2.9009780354901977,-0.624574534822349,-3.3009780354901976
46.133105086,2.1752040970829145,-2.903969423740445,-0.6247959059424151,-3.303969423740445
46.181409986000006,2.174982714765901,-2.9069608111620653,-0.6250172882594285,-3.306960811162065
46.19365051600005,2.1747613212519434,-2.9099521977550182,-0.6252386817733862,-3.309952197755018
46.20429068300001,2.174539916541045,-2.91294358351926,-0.6254600864842845,-3.3129435835192598
46.21763275300003,2.174318500633208,-2.9159349684547484,-0.6256815023921214,-3.3159349684547483
46.231377022000004,2.1740970735284364,-2.918926352561443,-0.6259029294968932,-3.318926352561443
46.30906602900001,2.17387636337116,-2.9219072588811446,-0.6261236396541694,-3.3219072588811445
46.32248196400002,2.1736564745255165,-2.924868668609004,-0.6263435284998131,-3.324868668609004
46.333612474999995,2.1734358044806155,-2.9278300202281073,-0.6265641985447141,-3.3278300202281073
46.34757260399999,2.1732143532518156,-2.9307913135323815,-0.626785649773514,-3.3307913135323814
46.35957505499999,2.1729921208545226,-2.933752548315757,-0.6270078821708069,-3.333752548315757
46.40794585000003,2.172769107304204,-2.936713724372166,-0.6272308957211257,-3.336713724372166
46.419330129,2.1725453126163785,-2.9396748414955463,-0.6274546904089511,-3.339674841495546
46.4314708,2.1723207368066197,-2.9426358994798396,-0.6276792662187098,-3.3426358994798395
46.443747805000044,2.1720953798905556,-2.9455968981189917,-0.627904623134774,-3.3455968981189916
46.45828563200001,2.1718692418838677,-2.9485578372069514,-0.6281307611414619,-3.3485578372069513
46.54209260900001,2.171641968366368,-2.9515236273165972,-0.6283580346589615,-3.351523627316597
46.557135023,2.1714134978624733,-2.9544984961173433,-0.6285865051628563,-3.354498496117343
46.56743836700002,2.1711846052855512,-2.957473332472682,-0.6288153977397783,-3.357473332472682
46.58079913700004,2.1709552906402063,-2.960448136322726,-0.6290447123851233,-3.360448136322726
46.595085177000044,2.1707255539310504,-2.9634229076075926,-0.6292744490942792,-3.3634229076075925
46.644382355000005,2.1704953951627157,-2.966397646267402,-0.6295046078626139,-3.366397646267402
46.657195047000016,2.1702648143398333,-2.9693723522422717,-0.6297351886854963,-3.3693723522422716
46.66922867400001,2.170033811467042,-2.972347025472321,-0.6299661915582875,-3.372347025472321
46.68066786600002,2.1698023865489926,-2.97532166589767,-0.630197616476337,-3.37532166589767
46.69469188100004,2.1695705395903464,-2.9782962734584393,-0.6304294634349832,-3.378296273458439
46.774554695999996,2.1693395483217466,-2.9812535008311363,-0.630660454703583,-3.381253500831136
46.78745881200001,2.169109662322672,-2.9841784124787067,-0.6308903407026576,-3.3841784124787067
46.79884599800005,2.168878101583731,-2.9871031920161757,-0.6311219014415985,-3.3871031920161756
46.812012751,2.1686448661808413,-2.990027838484632,-0.6313551368444883,-3.390027838484632
46.82422604100003,2.168409956190468,-2.9929523509252007,-0.6315900468348614,-3.3929523509252006
46.87182333300001,2.1681733716896336,-2.9958767283790495,-0.6318266313356959,-3.3958767283790494
46.88326864000004,2.1679351127559015,-2.998800969887391,-0.6320648902694281,-3.398800969887391
46.89599015800002,2.1676951794673873,-3.0017250744914845,-0.6323048235579423,-3.4017250744914844
46.90809254800001,2.1674535719027563,-3.0046490412326303,-0.6325464311225732,-3.4046490412326302
46.92101495100002,2.1672102901412207,-3.0075728691521766,-0.6327897128841089,-3.4075728691521765
47.003552399,2.166964708211645,-3.0105044449504765,-0.6330352948136846,-3.4105044449504764
47.01516950400003,2.1667166415523753,-3.013450994243846,-0.6332833614729543,-3.413450994243846
47.029259104000005,2.1664674761427056,-3.0163974508283493,-0.633532526882624,-3.4163974508283492
47.042377273,2.1662172120172842,-3.0193438142942606,-0.6337827910080454,-3.4193438142942605
47.05580823600002,2.16596584921091,-3.022290084231878,-0.6340341538144196,-3.4222900842318777
47.12604868100004,2.165713387758537,-3.02523626023151,-0.6342866152667925,-3.42523626023151
47.14048836300003,2.1654598276952717,-3.028182341883476,-0.6345401753300579,-3.428182341883476
47.155368399,2.16520516905637,-3.0311283287781117,-0.6347948339689595,-3.4311283287781116
47.17245358100001,2.1649494118772465,-3.0340742205057665,-0.635050591148083,-3.4340742205057664
47.186345613000015,2.164692556193462,-3.037020016656801,-0.6353074468318676,-3.437020016656801
47.264940529,2.1644339658910488,-3.0399733744682376,-0.6355660371342808,-3.4399733744682375
47.27545452700002,2.1641734485307063,-3.0429412151983266,-0.6358265544946233,-3.4429412151983265
47.29009238500004,2.163912397532805,-3.0459090090373158,-0.6360876054925244,-3.4459090090373157
47.303687672000024,2.163650812905789,-3.048876755889247,-0.6363491901195406,-3.448876755889247
47.316170717000034,2.1633886946581105,-3.0518444556581725,-0.6366113083672191,-3.4518444556581724
47.36573134900004,2.1631260427982473,-3.0548121082481416,-0.6368739602270823,-3.4548121082481416
47.37747443400002,2.1628628573346913,-3.057779713563209,-0.6371371456906383,-3.457779713563209
47.38927049800003,2.162599138275949,-3.0607472715074295,-0.6374008647493805,-3.4607472715074294
47.40153063500003,2.1623348856305524,-3.0637147819848587,-0.6376651173947772,-3.4637147819848586
47.41536851400002,2.162070099407037,-3.066682244899552,-0.6379299036182924,-3.466682244899552
47.492418293000014,2.1618082472876714,-3.0696133954818845,-0.6381917557376582,-3.4696133954818844
47.503377330000035,2.1615547531170223,-3.072477367636403,-0.6384452499083073,-3.4724773676364027
47.51636026900002,2.1613043575366078,-3.0753416123622803,-0.6386956454887218,-3.4753416123622802
47.52901055500001,2.1610570608395023,-3.07820612630709,-0.6389429421858273,-3.47820612630709
47.541691669000045,2.16081286331515,-3.08107090611809,-0.6391871397101796,-3.48107090611809
47.594715593000046,2.160571765249376,-3.0839359484422086,-0.6394282377759537,-3.4839359484422086
47.607531539000036,2.1603337669243716,-3.0868012499261015,-0.639666236100958,-3.4868012499261014
47.61912065199999,2.1600988686187,-3.0896668072161058,-0.6399011344066294,-3.4896668072161057
47.63111575600004,2.159867070607296,-3.0925326169582577,-0.6401329324180334,-3.4925326169582576
47.646274135,2.1596383731614655,-3.0953986757982994,-0.6403616298638641,-3.4953986757982993
47.72797912200002,2.1594106153153927,-3.098290450206491,-0.6405893877099369,-3.498290450206491
47.74251815900004,2.159177635305766,-3.101262108568001,-0.6408223677195637,-3.501262108568001
47.759010950000004,2.1589451503687704,-3.104233805702044,-0.6410548526565591,-3.504233805702044
47.77158344000003,2.158713160510859,-3.107205541526146,-0.6412868425144707,-3.507205541526146
47.78283194900001,2.158481665738459,-3.110177315957841,-0.6415183372868705,-3.510177315957841
47.82529999100001,2.1582506660579974,-3.113149128914642,-0.6417493369673322,-3.513149128914642
47.837119718,2.1580201614758887,-3.116120980314058,-0.6419798415494409,-3.516120980314058
47.84855589700004,2.1577901519985296,-3.1190928700736062,-0.6422098510268,-3.519092870073606
47.860941886000035,2.1575606376323,-3.1220647981108036,-0.6424393653930296,-3.5220647981108035
47.87590444599999,2.157331618383575,-3.1250367643431654,-0.6426683846417545,-3.5250367643431653
47.95694019300004,2.1571033464576503,-3.1280044410328354,-0.6428966565676792,-3.5280044410328353
47.968462853000005,2.1568751565914814,-3.130964050871005,-0.6431248464338482,-3.5309640508710047
47.98243293300004,2.1566461560334065,-3.1339235980920503,-0.6433538469919231,-3.5339235980920503
47.99692134400004,2.1564163448006033,-3.1368830824739073,-0.6435836582247263,-3.5368830824739073
48.01048280200001,2.1561857229103127,-3.1398425037945197,-0.6438142801150168,-3.5398425037945196
48.058907449,2.1559542903798437,-3.142801861831834,-0.6440457126454859,-3.5428018618318338
48.07082480700001,2.155722047226559,-3.145761156363801,-0.6442779557987706,-3.5457611563638007
48.08415871,2.1554889934678854,-3.148720387168375,-0.6445110095574442,-3.548720387168375
48.09751831300002,2.1552551291213073,-3.1516795540235174,-0.6447448739040222,-3.5516795540235173
48.11328507800005,2.155020454204376,-3.1546386567071933,-0.6449795488209538,-3.5546386567071933
48.19733842800002,2.1547847213143982,-3.1576009883167395,-0.6452152817109313,-3.5576009883167394
48.21116394200004,2.1545478805096283,-3.1605693844267093,-0.6454521225157013,-3.5605693844267092
48.223428317000014,2.1543104693510275,-3.1635377349744482,-0.645689533674302,-3.563537734974448
48.236577390000036,2.154072487847359,-3.166506039850367,-0.6459275151779704,-3.566506039850367
48.249154350000026,2.1538339360074077,-3.169474298944877,-0.6461660670179219,-3.569474298944877
48.301433065000026,2.153594813839984,-3.1724425121483955,-0.6464051891853457,-3.5724425121483954
48.31445103500005,2.1533551213539144,-3.1754106793513364,-0.6466448816714152,-3.5754106793513363
48.326693190000015,2.153114858558047,-3.1783788004441176,-0.6468851444672827,-3.5783788004441175
48.33956496600001,2.1528740254612546,-3.181346875317158,-0.647125977564075,-3.581346875317158
48.35557634700001,2.152632622072427,-3.184314903860881,-0.6473673809529026,-3.584314903860881
48.43894668900003,2.15239015604253,-3.18728927871737,-0.6476098469827996,-3.58728927871737
48.45094340200001,2.1521465230095567,-3.1902755052260137,-0.6478534800157729,-3.5902755052260136
48.466968981000036,2.151902790297394,-3.1932617236006045,-0.6480972127279356,-3.5932617236006044
48.48308120300004,2.1516589579063234,-3.196247933837808,-0.6483410451190061,-3.596247933837808
48.49620292899999,2.151415025836603,-3.199234135934298,-0.6485849771887264,-3.599234135934298
48.54765533400001,2.1511709940885235,-3.2022203298867487,-0.6488290089368061,-3.6022203298867486
48.56170084500002,2.1509268626623426,-3.2052065156918292,-0.649073140362987,-3.605206515691829
48.574154659000044,2.1506826315583285,-3.208192693346215,-0.6493173714670011,-3.608192693346215
48.586616796000044,2.1504383007767633,-3.2111788628465785,-0.6495617022485662,-3.6111788628465784
48.601286845999994,2.1501938703179135,-3.2141650241895934,-0.649806132707416,-3.6141650241895933
48.679297829999996,2.1500349370678373,-3.2161060246868094,-0.6499650659574923,-3.6161060246868093
48.691222864,2.150034937067835,-3.216106024686851,-0.6499650659574945,-3.616106024686851
48.703441704,2.150034937067835,-3.21610602468687,-0.6499650659574945,-3.6161060246868697
48.71670149700003,2.150034937067835,-3.216106024686889,-0.6499650659574945,-3.616106024686889
48.72940591700001,2.150034937067835,-3.2161060246869075,-0.6499650659574945,-3.6161060246869074
48.78181682000002,2.150034937067835,-3.2161060246869195,-0.6499650659574945,-3.6161060246869194
48.79495727700004,2.150034937067835,-3.2161060246869195,-0.6499650659574945,-3.6161060246869194
48.80724996500004,2.150034937067835,-3.2161060246869195,-0.6499650659574945,-3.6161060246869194
48.820979158,2.150034937067835,-3.21610602468692,-0.6499650659574945,-3.61610602468692
48.83653815900004,2.150034937067835,-3.21610602468692,-0.6499650659574945,-3.61610602468692
48.916332151999995,2.150034937067835,-3.21610602468692,-0.6499650659574945,-3.61610602468692
48.92843017400003,2.150034937067835,-3.21610602468692,-0.6499650659574945,-3.61610602468692
48.94167210400002,2.150034937067835,-3.21610602468692,-0.6499650659574945,-3.61610602468692
48.95546233700003,2.150034937067835,-3.2161060246869195,-0.6499650659574945,-3.6161060246869194
48.96945590600001,2.150034937067835,-3.2161060246869195,-0.6499650659574945,-3.6161060246869194
49.02115082,2.150034937067834,-3.2161060246869217,-0.6499650659574954,-3.6161060246869217
49.03517056300001,2.150034937067834,-3.2161060246869217,-0.6499650659574954,-3.6161060246869217
49.04430477400001,2.150034937067834,-3.2161060246869217,-0.6499650659574954,-3.6161060246869217
49.05653153500003,2.150034937067856,-3.2161060246870674,-0.6499650659574736,-3.6161060246870673
49.070803307000006,2.1500349370678586,-3.216106024687077,-0.6499650659574709,-3.616106024687077
49.153530578000016,2.1500349370678564,-3.2161060246870696,-0.6499650659574732,-3.6161060246870695
49.16892486800003,2.1500349370678564,-3.2161060246870754,-0.6499650659574732,-3.6161060246870753
49.18124079300003,2.1500349370678564,-3.2161060246870754,-0.6499650659574732,-3.6161060246870753
49.19469866900005,2.1500349370678564,-3.2161060246870754,-0.6499650659574732,-3.6161060246870753
49.207076427000004,2.1500349370678564,-3.2161060246870754,-0.6499650659574732,-3.6161060246870753
49.262414629000034,2.1500349370678564,-3.2161060246870754,-0.6499650659574732,-3.6161060246870753
49.275351672,2.1500349370678564,-3.2161060246870754,-0.6499650659574732,-3.6161060246870753
49.287963639,2.1500349370678564,-3.2161060246870754,-0.6499650659574732,-3.6161060246870753
49.301600269999994,2.1500349370678564,-3.2161060246870754,-0.6499650659574732,-3.6161060246870753
49.315592251,2.1500349370678564,-3.2161060246870754,-0.6499650659574732,-3.6161060246870753
49.400463027,2.1500349370678564,-3.2161060246870754,-0.6499650659574732,-3.6161060246870753
49.41475846900005,2.1500349370678564,-3.2161060246870754,-0.6499650659574732,-3.6161060246870753
49.42626070900002,2.1500349370678564,-3.2161060246870754,-0.6499650659574732,-3.6161060246870753
49.43850611600004,2.1500349370678564,-3.2161060246870754,-0.6499650659574732,-3.6161060246870753
49.45009286200002,2.1500349370678564,-3.2161060246870754,-0.6499650659574732,-3.6161060246870753
49.49860865100004,2.150034937067856,-3.2161060246870714,-0.6499650659574736,-3.6161060246870713
49.509934337999994,2.150034937067855,-3.2161060246870643,-0.6499650659574745,-3.616106024687064
49.52101034400005,2.150034937067855,-3.216106024687059,-0.6499650659574745,-3.616106024687059
49.532669811999995,2.150034937067855,-3.216106024687059,-0.6499650659574745,-3.616106024687059
49.54777496600002,2.150034937067855,-3.216106024687059,-0.6499650659574745,-3.616106024687059
49.626660329,2.150034937067855,-3.216106024687059,-0.6499650659574745,-3.616106024687059
49.639690512000016,2.150034937067855,-3.216106024687059,-0.6499650659574745,-3.616106024687059
49.65235983000002,2.150034937067855,-3.216106024687059,-0.6499650659574745,-3.616106024687059
49.663658887,2.150034937067855,-3.216106024687059,-0.6499650659574745,-3.616106024687059
49.676019086,2.150034937067855,-3.216106024687059,-0.6499650659574745,-3.616106024687059
49.726132936,2.150034937067855,-3.216106024687059,-0.6499650659574745,-3.616106024687059
49.73772884700003,2.1500349370679106,-3.2161060246871602,-0.649965065957419,-3.61610602468716
49.74850959500003,2.15003493706791,-3.21610602468716,-0.6499650659574194,-3.6161060246871597
49.75948967300002,2.15003493706791,-3.21610602468716,-0.6499650659574194,-3.6161060246871597
49.77209620900004,2.15003493706791,-3.21610602468716,-0.6499650659574194,-3.6161060246871597
49.85431607000004,2.1500349370679106,-3.2161060246871602,-0.649965065957419,-3.61610602468716
49.86519927500001,2.1500349370679106,-3.2161060246871602,-0.649965065957419,-3.61610602468716
49.87952566199999,2.1500349370679106,-3.2161060246871602,-0.649965065957419,-3.61610602468716
49.892290789000015,2.1500349370679106,-3.2161060246871602,-0.649965065957419,-3.61610602468716
49.90566982600001,2.1500349370679106,-3.2161060246871602,-0.649965065957419,-3.61610602468716
49.95891417400003,2.1500349370679106,-3.2161060246871602,-0.649965065957419,-3.61610602468716
49.973485224,2.1500349370679106,-3.2161060246871602,-0.649965065957419,-3.61610602468716
49.98204482400001,2.1500349370679106,-3.2161060246871602,-0.649965065957419,-3.61610602468716
49.993017691000034,2.1500349370679106,-3.2161060246871602,-0.649965065957419,-3.61610602468716
50.00388511400001,2.1500349370679106,-3.2161060246871602,-0.649965065957419,-3.61610602468716
50.09673218700004,2.1500349370679106,-3.2161060246871602,-0.649965065957419,-3.61610602468716
50.10783303400001,2.1500349370679106,-3.2161060246871602,-0.649965065957419,-3.61610602468716
50.122256813000035,2.1500349370679106,-3.2161060246871602,-0.649965065957419,-3.61610602468716
50.13386230500004,2.1500349370679106,-3.2161060246871602,-0.649965065957419,-3.61610602468716
50.145327733000045,2.1500349370679106,-3.2161060246871602,-0.649965065957419,-3.61610602468716
50.20184721600003,2.1500349370679106,-3.2161060246871602,-0.649965065957419,-3.61610602468716
50.21335652600004,2.1500349370679106,-3.2161060246871602,-0.649965065957419,-3.61610602468716
50.22443196099999,2.15003493706791,-3.21610602468716,-0.6499650659574194,-3.6161060246871597
50.23613386400001,2.15003493706791,-3.21610602468716,-0.6499650659574194,-3.6161060246871597
50.24702614700004,2.15003493706791,-3.21610602468716,-0.6499650659574194,-3.6161060246871597
50.33604958900003,2.15003493706791,-3.21610602468716,-0.6499650659574194,-3.6161060246871597
50.347320387000025,2.15003493706791,-3.21610602468716,-0.6499650659574194,-3.6161060246871597
50.359901965999995,2.15003493706791,-3.21610602468716,-0.6499650659574194,-3.6161060246871597
50.372493752000025,2.15003493706791,-3.21610602468716,-0.6499650659574194,-3.6161060246871597
50.385085884000034,2.15003493706791,-3.21610602468716,-0.6499650659574194,-3.6161060246871597
50.440171072,2.1500349370679106,-3.2161060246871602,-0.649965065957419,-3.61610602468716
50.454948846000036,2.1500349370679106,-3.2161060246871602,-0.649965065957419,-3.61610602468716
50.46327541800002,2.1500349370679106,-3.2161060246871602,-0.649965065957419,-3.61610602468716
50.475179490000016,2.1500349370679106,-3.2161060246871602,-0.649965065957419,-3.61610602468716
50.48686403400001,2.1500349370679106,-3.2161060246871602,-0.649965065957419,-3.61610602468716
50.581279626000025,2.1500349370679106,-3.2161060246871602,-0.649965065957419,-3.61610602468716
50.592288164000024,2.1500349370679106,-3.2161060246871602,-0.649965065957419,-3.61610602468716
50.60398382600005,2.1500349370679106,-3.2161060246871602,-0.649965065957419,-3.61610602468716
50.61524122200001,2.1500349370679106,-3.2161060246871602,-0.649965065957419,-3.61610602468716
50.626496067999994,2.1500349370679737,-3.2161060246871993,-0.6499650659573559,-3.616106024687199
50.687119032,2.1500349370679745,-3.2161060246871997,-0.649965065957355,-3.6161060246871997
50.698756572000036,2.150034937067973,-3.2161060246871984,-0.6499650659573564,-3.6161060246871983
50.70999067600002,2.1500349370679745,-3.2161060246871997,-0.649965065957355,-3.6161060246871997
50.72252814000001,2.150034937067975,-3.2161060246872,-0.6499650659573546,-3.6161060246872
50.734509919999994,2.1500349370679737,-3.2161060246871993,-0.6499650659573559,-3.616106024687199
50.82767585600004,2.1500349370679737,-3.216106024687199,-0.6499650659573559,-3.6161060246871988
50.839463101000035,2.1500349370679737,-3.2161060246871993,-0.6499650659573559,-3.616106024687199
50.85329079300004,2.1500349370679737,-3.2161060246871993,-0.6499650659573559,-3.616106024687199
50.86494793900005,2.1500349370679737,-3.2161060246871993,-0.6499650659573559,-3.616106024687199
50.87700788300003,2.1500349370679737,-3.2161060246871993,-0.6499650659573559,-3.616106024687199
50.933123361000014,2.1500349370679737,-3.2161060246871993,-0.6499650659573559,-3.616106024687199
50.944051274,2.1500349370679737,-3.2161060246871993,-0.6499650659573559,-3.616106024687199
50.955455486999995,2.1500349370679737,-3.2161060246871993,-0.6499650659573559,-3.616106024687199
50.96654102100001,2.1500349370679737,-3.2161060246871993,-0.6499650659573559,-3.616106024687199
50.97691575600004,2.1500349370679737,-3.2161060246871993,-0.6499650659573559,-3.616106024687199
51.074429450000025,2.150034937067974,-3.2161060246871993,-0.6499650659573555,-3.616106024687199
51.08579643300004,2.150034937067974,-3.2161060246871993,-0.6499650659573555,-3.616106024687199
51.096412748000034,2.150034937067974,-3.2161060246871993,-0.6499650659573555,-3.616106024687199
51.10875815500003,2.150034937067974,-3.2161060246871993,-0.6499650659573555,-3.616106024687199
51.120288224000035,2.150034937067974,-3.2161060246871993,-0.6499650659573555,-3.616106024687199
51.182701237,2.150034937067974,-3.2161060246871993,-0.6499650659573555,-3.616106024687199
51.194950026000015,2.150034937067974,-3.2161060246871993,-0.6499650659573555,-3.616106024687199
51.20589094100001,2.150034937067974,-3.2161060246871993,-0.6499650659573555,-3.616106024687199
51.217563987999995,2.150034937067974,-3.2161060246871993,-0.6499650659573555,-3.616106024687199
51.22834635500004,2.150034937067974,-3.2161060246871993,-0.6499650659573555,-3.616106024687199
51.325554388,2.150034937067974,-3.2161060246871993,-0.6499650659573555,-3.616106024687199
51.336237616999995,2.150034937067974,-3.2161060246871993,-0.6499650659573555,-3.616106024687199
51.34721985800002,2.150034937067974,-3.2161060246871993,-0.6499650659573555,-3.616106024687199
51.35977457500002,2.150034937067974,-3.2161060246871993,-0.6499650659573555,-3.616106024687199
51.372101756000006,2.150034937067974,-3.2161060246871993,-0.6499650659573555,-3.616106024687199
51.43571114600002,2.1500349370679737,-3.2161060246871993,-0.6499650659573559,-3.616106024687199
51.447333738,2.1500349370679737,-3.2161060246871993,-0.6499650659573559,-3.616106024687199
51.45893879000005,2.1500349370679737,-3.2161060246871993,-0.6499650659573559,-3.616106024687199
51.469854894000036,2.1500349370679737,-3.2161060246871993,-0.6499650659573559,-3.616106024687199
51.48385410899999,2.1500349370679737,-3.2161060246871993,-0.6499650659573559,-3.616106024687199
51.574574767,2.150062821404346,-3.2161085670256035,-0.6499371816209836,-3.6161085670256035
51.58506361100001,2.1504115316374186,-3.2161385790594412,-0.649588471387911,-3.616138579059441
51.59732339999999,2.1511591808412174,-3.216197895158511,-0.6488408221841122,-3.616197895158511
51.60921533300001,2.1523061791328995,-3.216280898239967,-0.6476938238924301,-3.616280898239967
51.620739861000004,2.153852877303266,-3.2163819670380844,-0.6461471257220635,-3.6163819670380843
51.67576745900004,2.1557995667791348,-3.2164954766612417,-0.6442004362461948,-3.6164954766612416
51.68605903600002,2.157982609697709,-3.2166076100328422,-0.6420173933276208,-3.616607610032842
51.69720003400005,2.1601681554213132,-3.2167044562887837,-0.6398318476040163,-3.6167044562887836
51.70995890099999,2.1623543287756477,-3.2167859140795447,-0.6376456742496819,-3.6167859140795446
51.72083461700004,2.164541021411823,-3.216851979367998,-0.6354589816135068,-3.616851979367998
51.807693752000034,2.1667561128199555,-3.2169035244368827,-0.6332438902053741,-3.6169035244368826
51.81928758800001,2.1691790867120377,-3.216946989912707,-0.6308209163132918,-3.616946989912707
51.83166485000004,2.171614133367571,-3.2169787752708756,-0.6283858696577584,-3.6169787752708755
51.843482472000005,2.1740493064277175,-3.216998642097846,-0.625950696597612,-3.6169986420978457
51.85374160399999,2.1764845475566306,-3.2170065899176934,-0.623515455468699,-3.6170065899176933
51.917264724999995,2.178919798416725,-3.2170026185400262,-0.6210802046086048,-3.617002618540026
51.928343138,2.1813550006703823,-3.21698672805998,-0.6186450023549472,-3.61698672805998
51.940423479,2.1837900959810463,-3.216958918858221,-0.6162099070442832,-3.616958918858221
51.95159050700005,2.186225026014695,-3.2169191916009305,-0.6137749770106344,-3.6169191916009304
51.96579453300001,2.188659732441218,-3.2168675472398003,-0.6113402705841118,-3.6168675472398
52.04879085499999,2.1911221578344393,-3.2168036323216027,-0.6088778451908903,-3.6168036323216026
52.06087168000005,2.193838741185884,-3.216725728853041,-0.6061612618394454,-3.6167257288530408
52.07246750300004,2.1965900982897573,-3.216640952536258,-0.6034099047355723,-3.6166409525362577
52.084236008000005,2.1993412673474335,-3.2165502786542577,-0.6006587356778961,-3.6165502786542576
52.09492248600003,2.2020922357175596,-3.2164537076236774,-0.59790776730777,-3.6164537076236773
52.14757961500004,2.204842990759376,-3.216351239888261,-0.5951570122659535,-3.616351239888261
52.15861967300003,2.2075935198333876,-3.2162428759188417,-0.592406483191942,-3.6162428759188416
52.16955955200001,2.2103438103011506,-3.216128616213341,-0.589656192724179,-3.616128616213341
52.180001753,2.2130938495250043,-3.2160084612967856,-0.5869061535003253,-3.6160084612967855
52.190344933000006,2.2158436248688975,-3.2158824117212723,-0.5841563781564321,-3.6158824117212722
52.27928889400005,2.2186211097274664,-3.21574950107563,-0.5813788932978632,-3.61574950107563
52.289399317000004,2.2215939620421166,-3.2156062170150643,-0.578406040983213,-3.6156062170150642
52.30246151,2.224575233561035,-3.215462922578442,-0.5754247694642944,-3.615462922578442
52.314095318,2.227556524038278,-3.2153200231173424,-0.5724434789870516,-3.6153200231173424
52.325986016,2.230537833421364,-3.215177518634288,-0.5694621696039657,-3.615177518634288
52.380952104000016,2.233519161658045,-3.2150354091317714,-0.5664808413672846,-3.6150354091317713
52.39292465200003,2.236500508695964,-3.214893694612288,-0.5634994943293656,-3.614893694612288
52.403834251000035,2.239481874482791,-3.2147523750783265,-0.5605181285425385,-3.6147523750783264
52.416079514000046,2.242463258966196,-3.214611450532367,-0.5575367440591337,-3.614611450532367
52.428127769000014,2.2454446620938397,-3.2144709209768876,-0.5545553409314898,-3.6144709209768875
52.510066526,2.2483591204225633,-3.2143342153343677,-0.5516408826027663,-3.6143342153343676
52.520082556000034,2.2511493794002555,-3.2142073825517734,-0.5488506236250741,-3.6142073825517733
52.53229938100003,2.2539398612774355,-3.2140855522975125,-0.5460601417478941,-3.6140855522975124
52.54458416900002,2.256730557085249,-3.2139687249631628,-0.5432694459400804,-3.6139687249631627
52.55735278899999,2.2595214578541296,-3.2138569009242173,-0.5404785451712,-3.613856900924217
52.61313604500003,2.2623125546140974,-3.213750080540081,-0.5376874484112322,-3.613750080540081
52.624114048000024,2.265103838394287,-3.213648264154085,-0.5348961646310424,-3.613648264154085
52.634593979000044,2.2678953002232136,-3.213551452093478,-0.532104702802116,-3.613551452093478
52.64578512600002,2.2706869311291626,-3.2134596446694115,-0.5293130718961669,-3.6134596446694114
52.65721990100002,2.273478722139399,-3.2133728421769714,-0.5265212808859308,-3.6133728421769713
52.74863976200004,2.2761778332096805,-3.213294066717926,-0.5238221698156491,-3.613294066717926
52.759492077999994,2.278704777666334,-3.213229510534198,-0.5212952253589958,-3.613229510534198
52.77175499100002,2.2812319651654556,-3.2131752967714413,-0.518768037859874,-3.6131752967714412
52.78422047000004,2.2837593533771376,-3.2131314263377257,-0.5162406496481919,-3.6131314263377257
52.79594343300005,2.2862868999682835,-3.2130978999678663,-0.5137131030570461,-3.6130978999678662
52.850305983,2.2888145626028864,-3.2130747182234263,-0.5111854404224432,-3.613074718223426
52.864042407,2.2913422989431815,-3.213061881492692,-0.508657704082148,-3.613061881492692
52.87261078800003,2.293870066650017,-3.2130593899906805,-0.5061299363753125,-3.6130593899906804
52.88376093300002,2.296397823383908,-3.2130672437591223,-0.5036021796414216,-3.6130672437591222
52.893732434000015,2.2989255268055278,-3.2130854426664714,-0.5010744762198018,-3.6130854426664714
52.981851860999996,2.3013767938544563,-3.2131132902011093,-0.4986232091708733,-3.613113290201109
52.992582526000035,2.3036861039471743,-3.213152533331552,-0.49631389907815526,-3.6131525333315517
53.00329516900001,2.3059951379142367,-3.213205592417438,-0.4940048651110929,-3.613205592417438
53.016303241,2.3083038130993905,-3.213272465559416,-0.4916961899259391,-3.6132724655594157
53.027361547,2.310612046859236,-3.2133531503636377,-0.48938795616609365,-3.6133531503636376
53.08558473700003,2.3129197565661372,-3.213447643941836,-0.48708024645919235,-3.6134476439418357
53.097332128999994,2.3152268596112586,-3.2135559429114315,-0.48477314341407096,-3.6135559429114315
53.10829603800005,2.3175332734074727,-3.2136780433956593,-0.48246672961785686,-3.6136780433956592
53.120311198000024,2.3198389153923245,-3.2138139410237017,-0.48016108763300513,-3.6138139410237016
53.13422263000001,2.3221437030309837,-3.2139636309308437,-0.47785629999434587,-3.6139636309308436
53.21709466500005,2.324397685043636,-3.2141236364122405,-0.4756023179816937,-3.6141236364122404
53.229679506000025,2.32655793431599,-3.2142922057654375,-0.47344206870933947,-3.6142922057654374
53.24053224900001,2.3287169100602307,-3.2144763695005283,-0.47128309296509885,-3.614476369500528
53.25453210300003,2.330874499705297,-3.2146761180150425,-0.4691255033200328,-3.6146761180150424
53.266297624,2.3330305907523976,-3.2148914408938993,-0.466969412272932,-3.6148914408938992
53.31714185300001,2.3351850707808803,-3.2151223269099583,-0.46481493224444925,-3.615122326909958
53.328835932000004,2.3373378274540957,-3.2153687640246003,-0.4626621755712339,-3.6153687640246
53.34049498500002,2.3394887485252487,-3.2156307393883585,-0.4605112545000809,-3.6156307393883584
53.35260987800001,2.3416377218432545,-3.215908239341587,-0.4583622811820751,-3.615908239341587
53.36496627700001,2.3437846353585883,-3.216201249415174,-0.4562153676667413,-3.616201249415174
53.45092731400001,2.3459046097447462,-3.2165062127381865,-0.45409539328058335,-3.6165062127381864
53.461525316999996,2.3479762222867198,-3.216820599026686,-0.4520237807386098,-3.6168205990266857
53.474103530000036,2.350045306264662,-3.2171512177718813,-0.4499546967606678,-3.617151217771881
53.486620585000026,2.352111734488524,-3.2174980486500866,-0.4478882685368055,-3.6174980486500865
53.49776178900004,2.3541753799315117,-3.2178610703410286,-0.4458246230938179,-3.6178610703410286
53.556589867000014,2.3562361157378877,-3.2182402605291567,-0.44376388728744187,-3.6182402605291566
53.56891201000002,2.358293815230779,-3.2186355959050146,-0.4417061877945505,-3.6186355959050145
53.58040714600003,2.36034835191996,-3.2190470521666783,-0.43965165110536963,-3.619047052166678
53.59212991000004,2.3623995995096267,-3.219474604021243,-0.43760040351570284,-3.619474604021243
53.60517346300003,2.36444743190616,-3.219918225186381,-0.4355525711191697,-3.619918225186381
53.68875072200001,2.366509037758398,-3.2203817619937105,-0.43349096526693165,-3.6203817619937104
53.700604105000025,2.368607305082685,-3.220869914778058,-0.4313926979426448,-3.620869914778058
53.713138239000045,2.3707019382442693,-3.221373433222067,-0.42929806478106025,-3.621373433222067
53.72716806200003,2.3727928247216656,-3.2218922902772573,-0.42720717830366395,-3.6218922902772572
53.73905176300002,2.374879852194651,-3.222426458071175,-0.4251201508306788,-3.6224264580711747
53.791857410000034,2.3769629085503143,-3.222975907908892,-0.42303709447501525,-3.622975907908892
53.80395728600001,2.37904188188907,-3.2235406102745467,-0.4209581211362594,-3.6235406102745467
53.81590051400002,2.381116660530668,-3.224120534832923,-0.41888334249466164,-3.624120534832923
53.828487032,2.383187133020188,-3.2247156504310865,-0.41681287000514144,-3.6247156504310865
53.840362449,2.385253188134036,-3.2253259251000546,-0.4147468148912936,-3.6253259251000545
53.92347898400004,2.387341170214907,-3.2259592651526625,-0.41265883281042237,-3.6259592651526624
53.935849390000044,2.38952514276482,-3.2266369956058814,-0.4104748602605097,-3.6266369956058813
53.948591221000015,2.391704884022886,-3.2273282138882466,-0.40829511900244375,-3.6273282138882466
53.96109912700001,2.3938803106915256,-3.2280328935852425,-0.40611969233380396,-3.6280328935852424
53.97488732100004,2.396051339638036,-3.2287510077679293,-0.40394866338729374,-3.6287510077679292
54.021929931000045,2.398217887897777,-3.229482528993978,-0.4017821151275527,-3.629482528993978
54.03413521499999,2.400379872677337,-3.2302274293087185,-0.3996201303479925,-3.6302274293087184
54.045791820000034,2.4025372113576893,-3.2309856802462082,-0.3974627916676403,-3.630985680246208
54.05674492900005,2.4046898214973567,-3.231757252830316,-0.3953101815279729,-3.6317572528303157
54.07043898400002,2.40683762083556,-3.232542117575833,-0.3931623821897694,-3.632542117575833
54.15007909100001,2.4090068558697832,-3.2333497788749557,-0.39099314715554634,-3.6333497788749556
54.16302220100005,2.411369823427727,-3.234241549960697,-0.3886301795976026,-3.634241549960697
54.178658547,2.4137413357824604,-3.2351473725338593,-0.38625866724286917,-3.6351473725338592
54.19152205099999,2.4161092071453467,-3.236062670622736,-0.38389079587998287,-3.636062670622736
54.20405337600005,2.4184733996565844,-3.2369874295926606,-0.3815266033687452,-3.6369874295926605
54.250889040000004,2.420833875515199,-3.2379216346577024,-0.37916612751013057,-3.6379216346577024
54.26441590300004,2.4231905969796355,-3.2388652708808934,-0.37680940604569413,-3.6388652708808933
54.27588503700002,2.425543526368368,-3.23981832317447,-0.3744564766569618,-3.63981832317447
54.28765903200002,2.427892626060502,-3.240780776300116,-0.37210737696482754,-3.640780776300116
54.302368157000046,2.4302378584963784,-3.2417526148692035,-0.3697621445289512,-3.6417526148692034
54.380439213000045,2.4326052903695032,-3.2427446246353404,-0.36739471265582635,-3.6427446246353403
54.39259203300003,2.4350274234158316,-3.243769069593854,-0.364972579609498,-3.643769069593854
54.40530264200004,2.43744625780796,-3.244801278947911,-0.3625537452173697,-3.6448012789479107
54.419813964000014,2.439861768656398,-3.2458412420762093,-0.36013823436893144,-3.645841242076209
54.431744099000014,2.442273931105857,-3.246888948277663,-0.3577260719194726,-3.6468889482776627
54.478603340999996,2.4446827203355013,-3.2479443867715108,-0.3553172826898283,-3.6479443867715107
54.491151547000015,2.447088111559204,-3.2490075466974297,-0.35291189146612556,-3.6490075466974297
54.50322466200004,2.449490080025804,-3.2500784171156414,-0.35050992299952544,-3.6500784171156413
54.51508429300003,2.4518886010193612,-3.2511569870070316,-0.34811140200596835,-3.6511569870070315
54.530189758000006,2.454283649859406,-3.252243245273256,-0.34571635316592353,-3.652243245273256
54.60822007500002,2.45669808649754,-3.2533475204557023,-0.3433019165277895,-3.653347520455702
54.62306510800005,2.4591787867460213,-3.254489630166389,-0.3408212162793083,-3.6544896301663887
54.63531962900004,2.461656817490796,-3.2556375203797847,-0.3383431855345336,-3.6556375203797846
54.64901283200004,2.4641321652622166,-3.25679118485639,-0.335867837763113,-3.65679118485639
54.66208973000005,2.466604816605223,-3.2579506173253137,-0.3333951864201068,-3.6579506173253136
54.71002897200003,2.469074758079415,-3.259115811484316,-0.3309252449459148,-3.659115811484316
54.72463674200003,2.4715419762591093,-3.2602867609998385,-0.32845802676622027,-3.6602867609998384
54.73404457700002,2.4740064577334295,-3.261463459507034,-0.32599354529190006,-3.661463459507034
54.746528977000025,2.4764681891063955,-3.26264590060982,-0.32353181391893404,-3.66264590060982
54.75923400700003,2.4789271569969435,-3.263834077880883,-0.32107284602838604,-3.663834077880883
54.83676159000004,2.4813977343348874,-3.2650349068491167,-0.31860226869044217,-3.6650349068491166
54.84996904000002,2.4838981900948705,-3.2662563619053535,-0.31610181293045914,-3.6662563619053534
54.86264274500002,2.4863963426515614,-3.2674825206493985,-0.3136036603737682,-3.6674825206493984
54.876302124000006,2.4888921831567097,-3.2687133787382923,-0.3111078198686199,-3.668713378738292
54.888490846000025,2.491385702770251,-3.269948931812434,-0.3086143002550785,-3.669948931812434
54.94175353200001,2.493876892660346,-3.271189175495598,-0.30612311036498374,-3.671189175495598
54.955616486,2.496365744003406,-3.272434105394945,-0.30363425902192365,-3.6724341053949447
54.966395250000005,2.498852247984126,-3.273683717101036,-0.3011477550412036,-3.673683717101036
54.979447531999995,2.5013363957955175,-3.274938006187849,-0.2986636072298121,-3.674938006187849
54.99366264500003,2.503818178638933,-3.2761969682128,-0.29618182438639673,-3.6761969682127997
55.07347176800005,2.5063123327954013,-3.27746803425146,-0.29368767022992825,-3.67746803425146
55.08688830300002,2.5088379881155247,-3.2787599586870435,-0.29116201490980487,-3.6787599586870434
55.09977974100002,2.5113618147412624,-3.2800554519161293,-0.2886381882840672,-3.6800554519161293
55.113270391000015,2.5138838076298504,-3.2813545113502367,-0.28611619539547917,-3.6813545113502366
55.126059204,2.5164039617421836,-3.2826571343937605,-0.28359604128314597,-3.6826571343937604
55.17305706500002,2.518922272042839,-3.283963318443979,-0.2810777309824908,-3.683963318443979
55.185848195999995,2.5214387335000743,-3.2852730608910545,-0.2785612695252553,-3.6852730608910544
55.197330962000024,2.523953341085847,-3.2865863591180413,-0.2760466619394828,-3.6865863591180412
55.209556324000005,2.526466089775812,-3.2879032105008874,-0.27353391324951737,-3.6879032105008873
55.224297776000014,2.5289769745493436,-3.2892236124084446,-0.271023028475986,-3.6892236124084445
55.30276916500003,2.5314983597892957,-3.2905540210737745,-0.26850164323603387,-3.6905540210737744
55.31439480900002,2.5340446596776607,-3.2919011975639556,-0.2659553433476689,-3.6919011975639555
55.329203199999995,2.5365895655092396,-3.2932510056709354,-0.26341043751608995,-3.6932510056709353
55.342449955000006,2.5391330745642318,-3.29460344395214,-0.2608669284610978,-3.69460344395214
55.35513728800004,2.541675184124336,-3.2959585109621874,-0.2583248189009937,-3.6959585109621873
55.404316548,2.544215891472748,-3.297316205252893,-0.25578411155258163,-3.6973162052528927
55.41654615499999,2.5467551938941653,-3.2986765253732595,-0.2532448091311643,-3.6986765253732594
55.428420027000016,2.549293088674784,-3.3000394698694886,-0.2507069143505456,-3.7000394698694885
55.440766370000006,2.5518295731023035,-3.301405037284973,-0.24817042992302607,-3.7014050372849727
55.45444912400001,2.554364644465936,-3.3027732261603027,-0.24563535855939378,-3.7027732261603026
55.531777230000046,2.5569070812041037,-3.304148737409554,-0.24309292182122588,-3.704148737409554
55.54426642200002,2.5594658798688705,-3.305535842616227,-0.24053412315645906,-3.705535842616227
55.55817997500003,2.562023602870168,-3.3069249302700086,-0.23797640015516164,-3.7069249302700085
55.570800383000005,2.5645802486720712,-3.3083159995367453,-0.23541975435325835,-3.708315999536745
55.58392430700002,2.5671358157393143,-3.3097090495810995,-0.23286418728601532,-3.7097090495810994
55.632444733,2.5696903025372766,-3.311104079566544,-0.230309700488053,-3.7111040795665438
55.64383538200002,2.5722437075319875,-3.3125010886553605,-0.2277562954933421,-3.7125010886553604
55.65557470700003,2.5747960291901255,-3.3139000760086463,-0.22520397383520407,-3.7139000760086462
55.66827958600004,2.577347265979021,-3.3153010407863075,-0.2226527370463085,-3.7153010407863074
55.682176542000036,2.579897416366653,-3.3167039821470627,-0.22010258665867655,-3.7167039821470627
55.760448236,2.582461359951841,-3.318117005932381,-0.21753864307348847,-3.7181170059323807
55.77335599400004,2.5850587553488205,-3.319549794604741,-0.21494124767650913,-3.719549794604741
55.78530651400001,2.5876557330250898,-3.320983340270886,-0.2123442700002398,-3.720983340270886
55.79926234300001,2.590252292760026,-3.3224176428090253,-0.2097477102653036,-3.722417642809025
55.811369555,2.5928484343330385,-3.3238527020973065,-0.20715156869229112,-3.7238527020973065
55.86213827400002,2.5954441575235774,-3.3252885180138168,-0.2045558455017522,-3.7252885180138167
55.87417582500001,2.598039462111128,-3.3267250904365806,-0.20196054091420157,-3.7267250904365805
55.88648592000004,2.6006343478752108,-3.3281624192435566,-0.19936565515011884,-3.7281624192435565
55.898320892000015,2.6032288145953832,-3.32960050431264,-0.19677118842994634,-3.72960050431264
55.91222757100002,2.60582286205124,-3.33103934552166,-0.19417714097408956,-3.7310393455216597
55.993575840999995,2.6084225874166473,-3.3324822918349732,-0.19157741560868224,-3.732482291834973
56.00642262500003,2.611033383503664,-3.3339319136495615,-0.1889666195216657,-3.7339319136495615
56.01701625600003,2.6136440067636086,-3.3353818466852476,-0.18635599626172095,-3.7353818466852475
56.03002335100001,2.61625445715938,-3.336832090921426,-0.18374554586594938,-3.736832090921426
56.041855037000005,2.6188647346538803,-3.338282646337483,-0.18113526837144933,-3.738282646337483
56.095688239000026,2.621474839210015,-3.339733512912808,-0.1785251638153147,-3.739733512912808
56.10825987200002,2.6240847707906907,-3.34118469062678,-0.1759152322346389,-3.74118469062678
56.12039448400003,2.626694529358821,-3.3426361794587804,-0.17330547366650872,-3.7426361794587804
56.13270163200002,2.629304114877315,-3.3440879793881786,-0.1706958881480145,-3.7440879793881785
56.146899846,2.631913527309093,-3.3455400903943433,-0.1680864757162368,-3.745540090394343
56.23055915500004,2.63452425674902,-3.3469933331752433,-0.16547574627630945,-3.746993333175243
56.24292844400003,2.6371376216007176,-3.3484483372185094,-0.16286238142461196,-3.7484483372185093
56.25439158200004,2.639750874285763,-3.3499035427085024,-0.16024912873956643,-3.7499035427085023
56.26700590500002,2.6423640147886283,-3.3513589496365825,-0.15763598823670133,-3.7513589496365825
56.279108742000005,2.644977043093782,-3.352814557994103,-0.1550229599315478,-3.752814557994103
56.332003962000044,2.647589959185699,-3.354270367772407,-0.15241004383963075,-3.7542703677724067
56.34375673100004,2.6502027630488536,-3.3557263789628484,-0.14979723997647598,-3.7557263789628483
56.355478715000004,2.6528154546677203,-3.3571825915567772,-0.1471845483576093,-3.757182591556777
56.367826097000034,2.655428034026775,-3.3586390055455326,-0.14457196899855473,-3.7586390055455325
56.38065419000003,2.658040501110492,-3.3600956209204718,-0.14195950191483764,-3.7600956209204717
56.46424194400004,2.6606239713176256,-3.3615361306762845,-0.13937603170770396,-3.7615361306762845
56.47745121000003,2.6631546169343547,-3.36294488700277,-0.13684538609097485,-3.76294488700277
56.489563049000026,2.665686527186406,-3.364351369174876,-0.1343134758389235,-3.764351369174876
56.50124087400002,2.6682197000301136,-3.3657555760573405,-0.13178030299521604,-3.7657555760573405
56.512888669000006,2.670754133420806,-3.367157506516744,-0.12924586960452356,-3.7671575065167437
56.559157884,2.6732898253127795,-3.368557159421494,-0.1267101777125501,-3.7685571594214937
56.57432072400002,2.67582677365933,-3.369954533641853,-0.1241732293659994,-3.7699545336418527
56.58281359,2.6783649764127353,-3.3713496280499116,-0.12163502661259429,-3.7713496280499115
56.59433427600004,2.6809044315242563,-3.3727424415196063,-0.1190955715010733,-3.7727424415196062
56.608230676000005,2.6834451369441426,-3.374132972926714,-0.11655486608118704,-3.774132972926714
56.69245376700002,2.686009127787731,-3.3755334372089645,-0.11399087523759865,-3.7755334372089644
56.70766458600002,2.6886407423889307,-3.3769702348179034,-0.1113592606363989,-3.7769702348179033
56.721690592000016,2.6912723357792667,-3.3784070712756264,-0.10872766724606286,-3.7784070712756264
56.736119289000044,2.6939039079581653,-3.379843946581822,-0.10609609506716433,-3.779843946581822
56.74931642400003,2.6965354589250587,-3.381280860736183,-0.10346454410027084,-3.781280860736183
56.80185180800004,2.6991669886793734,-3.3827178137384006,-0.10083301434595615,-3.7827178137384005
56.81333789900003,2.701798497220527,-3.3841548055881545,-0.09820150580480247,-3.7841548055881544
56.825201381,2.704429984547947,-3.3855918362851316,-0.09557001847738267,-3.7855918362851315
56.83713508100004,2.707061450661057,-3.3870289058290197,-0.09293855236427273,-3.7870289058290196
56.84752662600005,2.7096928955592854,-3.3884660142195058,-0.0903071074660442,-3.7884660142195057
56.932917159,2.7123242113135375,-3.3899030956792355,-0.08767579171179207,-3.7899030956792354
56.94549189400004,2.714955337084917,-3.3913400358363317,-0.08504466594041249,-3.7913400358363316
56.95679522099999,2.7175864885607335,-3.3927769289260246,-0.0824135144645961,-3.7927769289260245
56.969808726,2.720217665740145,-3.394213774947852,-0.07978233728518447,-3.7942137749478517
56.98096649600001,2.722848868622309,-3.395650573901355,-0.07715113440302046,-3.795650573901355
57.03397845300003,2.725480097206383,-3.397087325786074,-0.07451990581894652,-3.797087325786074
57.04488737700001,2.7281113514915267,-3.3985240306015485,-0.07188865153380286,-3.7985240306015484
57.055986451000024,2.730742631476898,-3.39996068834732,-0.06925737154843148,-3.79996068834732
57.069183511000006,2.7333739371616534,-3.4013972990229284,-0.06662606586367614,-3.8013972990229283
57.083046059000026,2.7360052685449516,-3.402833862627913,-0.06399473448037796,-3.802833862627913
57.16568430699999,2.7386343879347077,-3.4042691781635126,-0.06136561509062188,-3.8042691781635125
57.17842360700001,2.741259281825916,-3.405702391090798,-0.05874072119941376,-3.805702391090798
57.19062226400001,2.7438840599439587,-3.407135816033396,-0.05611594308137091,-3.807135816033396
57.203684683999995,2.7465087222717144,-3.4085694529819643,-0.0534912807536152,-3.8085694529819643
57.216540909,2.749133268792056,-3.4100033019271434,-0.05086673423327337,-3.8100033019271433
57.26581396900002,2.75175769948786,-3.411437362859581,-0.0482423035374695,-3.811437362859581
57.27742219100003,2.754382014342008,-3.4128716357699216,-0.04561798868332145,-3.8128716357699215
57.28912964400001,2.757006213337374,-3.4143061206488055,-0.04299378968795553,-3.8143061206488054
57.300498844,2.7596302964568413,-3.415740817486872,-0.04036970656848826,-3.815740817486872
57.314034214,2.762254263683285,-3.4171757262747655,-0.037745739342044615,-3.8171757262747654
57.39831413400003,2.764873874343894,-3.4186084688320175,-0.03512612868143572,-3.8186084688320174
57.41199671200002,2.767485765748993,-3.4200365090290066,-0.03251423727633673,-3.8200365090290065
57.42459079400004,2.7700979443628495,-3.4214640237944343,-0.02990205866248008,-3.821464023794434
57.43587759400003,2.77271041007977,-3.4228910130705428,-0.027289592945559438,-3.8228910130705427
57.44887146000002,2.7753231627940416,-3.4243174767995863,-0.024676840231288022,-3.8243174767995862
57.49673820000004,2.777936202399942,-3.4257434149238426,-0.022063800625387486,-3.8257434149238425
57.50813302500001,2.7805495287917337,-3.4271688273856133,-0.019450474233595916,-3.8271688273856133
57.52029398100001,2.7831631418636715,-3.4285937141272202,-0.016836861161658057,-3.82859371412722
57.53231673100004,2.7857770415099954,-3.4300180750910045,-0.014222961515334198,-3.8300180750910044
57.54710029400002,2.788391227624937,-3.431441910219333,-0.011608775400392624,-3.831441910219333
57.62793922200001,2.791003465953409,-3.4328639903060076,-0.008996537071920496,-3.8328639903060076
57.640888914000016,2.7936119014120737,-3.434283151432237,-0.00638810161325587,-3.834283151432237
57.652750713000046,2.7962207118622517,-3.435701623102474,-0.003779291163077847,-3.835701623102474
57.66700849700004,2.798829897121708,-3.437119405217632,-0.0011701059036215433,-3.837119405217632
57.679335270000024,2.801439457008179,-3.4385364976786725,0.0014394539828495034,-3.8385364976786724
57.73177843100001,2.8040493913393796,-3.4399529003866096,0.004049388314049995,-3.8399529003866095
57.74637326100003,2.806659699932993,-3.4413686132424988,0.006659696907663548,-3.8413686132424987
57.756714601,2.8092703826066807,-3.442783636147449,0.00927037958135113,-3.842783636147449
57.769299458000035,2.811881439178075,-3.4441979690026137,0.011881436152745284,-3.8441979690026136
57.783432059000006,2.8144928694647855,-3.445611611709196,0.01449286643945591,-3.845611611709196
57.868823022000015,2.8171107743537163,-3.447027899933203,0.017110771328386676,-3.847027899933203
57.87982941800004,2.8197402195972274,-3.4484499953014844,0.01974021657189784,-3.8484499953014843
57.89352138500004,2.8223697958331466,-3.4498718484389874,0.022369792807817035,-3.8498718484389873
57.90491367300001,2.8249995030391513,-3.4512934593336535,0.024999500013821674,-3.8512934593336534
57.918657696000025,2.827629341192928,-3.452714827973412,0.027629338167598494,-3.852714827973412
57.969899768999994,2.830259310272154,-3.4541359543462042,0.030259307246824463,-3.854135954346204
57.98474824700003,2.8328894102545177,-3.4555568384399704,0.032889407229188095,-3.8555568384399703
57.993563624000046,2.835519641117698,-3.4569774802426503,0.03551963809236858,-3.85697748024265
58.00510902900004,2.8381500028393725,-3.458397879742192,0.03814999981404288,-3.858397879742192
58.018736902,2.840780495397222,-3.459818036926537,0.04078049237189241,-3.859818036926537
58.099467996000044,2.8434133060960165,-3.4612391452067275,0.043413303070686915,-3.8612391452067274
58.11166137600003,2.8460502507088137,-3.4626623369382794,0.04605024768348409,-3.8626623369382793
58.12378487900003,2.84868723861537,-3.4640854484505526,0.04868723559004051,-3.8640854484505525
58.13620743400003,2.851324269813246,-3.4655084797422306,0.05132426678791635,-3.8655084797422306
58.147646452000004,2.853961344300007,-3.4669314308120067,0.053961341274677554,-3.8669314308120066
58.196142278000025,2.8565984620732063,-3.4683543016585636,0.05659845904787675,-3.8683543016585635
58.20874716200001,2.8592356231304077,-3.469777092280572,0.0592356201050781,-3.869777092280572
58.220538315,2.8618728274691687,-3.4711998026767246,0.061872824443839125,-3.8711998026767245
58.23200015200001,2.864510075087045,-3.4726224328457023,0.06451007206171555,-3.872622432845702
58.24558137500003,2.8671473659815994,-3.4740449827861903,0.06714736295626977,-3.8740449827861902
58.32857601500001,2.869776093856773,-3.4754627605851085,0.06977609083144332,-3.8754627605851084
58.342083418000016,2.8723891124097762,-3.476871317020175,0.07238910938444665,-3.876871317020175
58.353105502999995,2.8750025155965466,-3.4782791596862426,0.07500251257121704,-3.8782791596862425
58.36620278600003,2.877616303222124,-3.4796862884782875,0.07761630019679444,-3.8796862884782874
58.377100170000006,2.8802304750915075,-3.481092703291328,0.08023047206617795,-3.881092703291328
58.42738342800004,2.8828450310096687,-3.4824984040204443,0.08284502798433913,-3.882498404020444
58.440158741000005,2.8854599707815463,-3.483903390560758,0.08545996775621667,-3.883903390560758
58.453654166000035,2.8880752942120576,-3.4853076628074553,0.08807529118672797,-3.885307662807455
58.466309515000034,2.8906910011060845,-3.4867112206557693,0.09069099808075487,-3.8867112206557692
58.48005116600001,2.893307091268484,-3.4881140640009884,0.09330708824315437,-3.8881140640009884
58.560305913000036,2.895007755309445,-3.4890255289736154,0.09500775228411529,-3.8890255289736153
58.57350986,2.8950077553094924,-3.4890255289736363,0.0950077522841628,-3.889025528973636
58.58437123700003,2.8950077553095204,-3.4890255289736465,0.09500775228419078,-3.8890255289736464
58.59610571600001,2.895007755309549,-3.489025528973657,0.0950077522842192,-3.889025528973657
58.60759686700004,2.8950077553095768,-3.489025528973667,0.09500775228424718,-3.889025528973667
58.65598028100004,2.895007755309592,-3.4890255289736727,0.09500775228426228,-3.8890255289736726
58.66618306600003,2.895007755309592,-3.4890255289736727,0.09500775228426228,-3.8890255289736726
58.677491067999995,2.8950077553095923,-3.4890255289736727,0.09500775228426273,-3.8890255289736726
58.689299773000016,2.895007755309592,-3.4890255289736727,0.09500775228426228,-3.8890255289736726
58.701618154000016,2.895007755309592,-3.4890255289736727,0.09500775228426228,-3.8890255289736726
58.784116391,2.895007755309592,-3.4890255289736727,0.09500775228426228,-3.8890255289736726
58.79795486400002,2.895007755309592,-3.4890255289736727,0.09500775228426228,-3.8890255289736726
58.81001168200004,2.895007755309592,-3.4890255289736727,0.09500775228426228,-3.8890255289736726
58.82446438100004,2.895007755309592,-3.4890255289736727,0.09500775228426228,-3.8890255289736726
58.83663331400004,2.895007755309589,-3.4890255289736722,0.09500775228425962,-3.889025528973672
58.88406455200004,2.8950077553095914,-3.489025528973673,0.09500775228426184,-3.889025528973673
58.894455341000025,2.8950077553095914,-3.489025528973673,0.09500775228426184,-3.889025528973673
58.904913736000026,2.8950077553095914,-3.489025528973673,0.09500775228426184,-3.889025528973673
58.91530552300003,2.895007755309703,-3.4890255289737024,0.0950077522843733,-3.8890255289737024
58.92963397700004,2.895007755309725,-3.4890255289737078,0.09500775228439551,-3.8890255289737077
59.008135846000016,2.8950077553097393,-3.4890255289737087,0.09500775228440972,-3.8890255289737086
59.01929264099999,2.895007755309731,-3.4890255289737087,0.09500775228440128,-3.8890255289737086
59.03199884700001,2.895007755309731,-3.4890255289737087,0.09500775228440128,-3.8890255289737086
59.043447017999995,2.895007755309731,-3.4890255289737087,0.09500775228440128,-3.8890255289737086
59.05478236600004,2.895007755309731,-3.4890255289737087,0.09500775228440128,-3.8890255289737086
59.105131744999994,2.895007755309731,-3.4890255289737087,0.09500775228440128,-3.8890255289737086
59.11601989600001,2.895007755309731,-3.4890255289737087,0.09500775228440128,-3.8890255289737086
59.12711831500002,2.895007755309731,-3.4890255289737087,0.09500775228440128,-3.8890255289737086
59.13757701000003,2.895007755309731,-3.4890255289737087,0.09500775228440128,-3.8890255289737086
59.15155875700003,2.895007755309731,-3.4890255289737087,0.09500775228440128,-3.8890255289737086
59.23200281600003,2.895007755309731,-3.4890255289737087,0.09500775228440128,-3.8890255289737086
59.245588397999995,2.895007755309731,-3.4890255289737087,0.09500775228440128,-3.8890255289737086
59.25753593000002,2.895007755309731,-3.4890255289737087,0.09500775228440128,-3.8890255289737086
59.271641606,2.895007755309731,-3.4890255289737087,0.09500775228440128,-3.8890255289737086
59.282728254000006,2.895007755309731,-3.4890255289737087,0.09500775228440128,-3.8890255289737086
59.329072078000024,2.895007755309731,-3.4890255289737087,0.09500775228440128,-3.8890255289737086
59.34011664500002,2.8950077553097326,-3.4890255289737087,0.09500775228440306,-3.8890255289737086
59.351352125999995,2.8950077553097304,-3.4890255289737087,0.09500775228440084,-3.8890255289737086
59.36209592200004,2.8950077553097207,-3.4890255289737087,0.09500775228439107,-3.8890255289737086
59.37262183900003,2.8950077553097153,-3.4890255289737087,0.09500775228438574,-3.8890255289737086
59.45646325900003,2.8950077553097153,-3.4890255289737087,0.09500775228438574,-3.8890255289737086
59.468132955000044,2.8950077553097158,-3.4890255289737087,0.09500775228438618,-3.8890255289737086
59.48078592500002,2.8950077553097153,-3.4890255289737087,0.09500775228438574,-3.8890255289737086
59.493119362000016,2.8950077553097153,-3.4890255289737087,0.09500775228438574,-3.8890255289737086
59.503896526999995,2.8950077553097153,-3.4890255289737087,0.09500775228438574,-3.8890255289737086
59.55785043100002,2.8950077553097153,-3.4890255289737087,0.09500775228438574,-3.8890255289737086
59.569850712000004,2.8950077553098286,-3.489025528973697,0.09500775228449898,-3.889025528973697
59.58141427300001,2.895007755309829,-3.489025528973697,0.09500775228449942,-3.889025528973697
59.59331237500004,2.895007755309829,-3.489025528973697,0.09500775228449942,-3.889025528973697
59.60491341200003,2.895007755309829,-3.489025528973697,0.09500775228449942,-3.889025528973697
59.69112710500002,2.895007755309829,-3.489025528973697,0.09500775228449942,-3.889025528973697
59.702671162,2.895007755309829,-3.489025528973697,0.09500775228449942,-3.889025528973697
59.715876691999995,2.895007755309829,-3.489025528973697,0.09500775228449942,-3.889025528973697
59.72804352700001,2.895007755309829,-3.489025528973697,0.09500775228449942,-3.889025528973697
59.739721605,2.895007755309829,-3.489025528973697,0.09500775228449942,-3.889025528973697
59.797956208000016,2.895007755309829,-3.489025528973697,0.09500775228449942,-3.889025528973697
59.80881722000004,2.895007755309829,-3.489025528973697,0.09500775228449942,-3.889025528973697
59.819177206999996,2.895007755309829,-3.489025528973697,0.09500775228449942,-3.889025528973697
59.830473539000025,2.895007755309829,-3.489025528973697,0.09500775228449942,-3.889025528973697
59.842077699000015,2.895007755309829,-3.489025528973697,0.09500775228449942,-3.889025528973697
59.934852231000036,2.895007755309829,-3.489025528973697,0.09500775228449942,-3.889025528973697
59.945529358000044,2.895007755309829,-3.489025528973697,0.09500775228449942,-3.889025528973697
59.95524505899999,2.895007755309829,-3.489025528973697,0.09500775228449942,-3.889025528973697
59.966400582000006,2.895007755309829,-3.489025528973697,0.09500775228449942,-3.889025528973697
59.977367431000005,2.8950077553098295,-3.489025528973697,0.09500775228449987,-3.889025528973697
60.039020685000025,2.8950077553098295,-3.489025528973697,0.09500775228449987,-3.889025528973697
60.05405426200002,2.895007755309829,-3.489025528973697,0.09500775228449942,-3.889025528973697
60.061048879,2.895007755309829,-3.489025528973697,0.09500775228449942,-3.889025528973697
60.07195925000002,2.895007755309829,-3.489025528973697,0.09500775228449942,-3.889025528973697
60.08443465000005,2.895007755309829,-3.489025528973697,0.09500775228449942,-3.889025528973697
60.174994615,2.895007755309829,-3.489025528973697,0.09500775228449942,-3.889025528973697
60.18584937200001,2.895007755309829,-3.489025528973697,0.09500775228449942,-3.889025528973697
60.19732758800001,2.895007755309829,-3.489025528973697,0.09500775228449942,-3.889025528973697
60.209254740000006,2.895007755309829,-3.489025528973697,0.09500775228449942,-3.889025528973697
60.22130961300002,2.895007755309829,-3.489025528973697,0.09500775228449942,-3.889025528973697
60.276845358,2.895007755309829,-3.489025528973697,0.09500775228449942,-3.889025528973697
60.28773264900002,2.895007755309829,-3.489025528973697,0.09500775228449942,-3.889025528973697
60.29839282099999,2.895007755309829,-3.489025528973697,0.09500775228449942,-3.889025528973697
60.309802888000036,2.895007755309829,-3.489025528973697,0.09500775228449942,-3.889025528973697
60.32037382000004,2.895007755309829,-3.489025528973697,0.09500775228449942,-3.889025528973697
60.412157044000026,2.895007755309829,-3.489025528973697,0.09500775228449942,-3.889025528973697
60.42242665200001,2.895007755309829,-3.489025528973697,0.09500775228449942,-3.889025528973697
60.43490203499999,2.895007755309829,-3.489025528973697,0.09500775228449942,-3.889025528973697
60.446310625000024,2.895007755309829,-3.489025528973697,0.09500775228449942,-3.889025528973697
60.45751710300004,2.8950077553098894,-3.4890255289736567,0.09500775228455982,-3.8890255289736566
60.514515754,2.8950077553098907,-3.4890255289736554,0.09500775228456115,-3.8890255289736553
60.524928363000015,2.8950077553098885,-3.489025528973657,0.09500775228455893,-3.889025528973657
60.53531161700005,2.895007755309889,-3.489025528973657,0.09500775228455938,-3.889025528973657
60.54589564700001,2.8950077553098903,-3.489025528973656,0.09500775228456071,-3.8890255289736557
60.556220569000004,2.8950077553098894,-3.4890255289736563,0.09500775228455982,-3.889025528973656
60.649451258,2.8950077553098903,-3.4890255289736554,0.09500775228456071,-3.8890255289736553
60.661575381000034,2.89500775530989,-3.4890255289736554,0.09500775228456027,-3.8890255289736553
60.675241787000004,2.8950077553098894,-3.4890255289736563,0.09500775228455982,-3.889025528973656
60.687464610000006,2.8950077553098903,-3.4890255289736554,0.09500775228456071,-3.8890255289736553
60.698756806999995,2.8950077553098894,-3.4890255289736563,0.09500775228455982,-3.889025528973656
60.75359908300004,2.89500775530989,-3.489025528973656,0.09500775228456027,-3.8890255289736557
60.764222652,2.8950077553098903,-3.4890255289736554,0.09500775228456071,-3.8890255289736553
60.77458222900003,2.8950077553098903,-3.4890255289736554,0.09500775228456071,-3.8890255289736553
60.78650298400004,2.8950077553098894,-3.4890255289736563,0.09500775228455982,-3.889025528973656
60.796729395,2.8950077553098894,-3.4890255289736563,0.09500775228455982,-3.889025528973656
60.897477500000036,2.8950077553098894,-3.4890255289736563,0.09500775228455982,-3.889025528973656
60.909503151000024,2.8950077553098894,-3.4890255289736563,0.09500775228455982,-3.889025528973656
60.923793547,2.8950077553098894,-3.4890255289736563,0.09500775228455982,-3.889025528973656
60.93709235,2.895007755309889,-3.4890255289736567,0.09500775228455938,-3.8890255289736566
60.953042987,2.895007755309889,-3.4890255289736567,0.09500775228455938,-3.8890255289736566
61.00694516600004,2.895007755309889,-3.4890255289736567,0.09500775228455938,-3.8890255289736566
61.018456764999996,2.895007755309889,-3.4890255289736567,0.09500775228455938,-3.8890255289736566
61.029650283000024,2.895007755309889,-3.4890255289736567,0.09500775228455938,-3.8890255289736566
61.040982697000004,2.895007755309889,-3.4890255289736567,0.09500775228455938,-3.8890255289736566
61.05163093500005,2.895007755309889,-3.4890255289736567,0.09500775228455938,-3.8890255289736566
61.143859873,2.8950077553098894,-3.4890255289736563,0.09500775228455982,-3.889025528973656
61.155712953000034,2.8950077553098894,-3.4890255289736563,0.09500775228455982,-3.889025528973656
61.16733228300001,2.8950077553098894,-3.4890255289736563,0.09500775228455982,-3.889025528973656
61.179763827000045,2.8950077553098894,-3.4890255289736563,0.09500775228455982,-3.889025528973656
61.19118365500003,2.8950077553098894,-3.4890255289736563,0.09500775228455982,-3.889025528973656
61.24599359300004,2.8950077553098894,-3.4890255289736563,0.09500775228455982,-3.889025528973656
61.25630696800005,2.8950077553098894,-3.4890255289736563,0.09500775228455982,-3.889025528973656
61.267202654000016,2.8950077553098894,-3.4890255289736563,0.09500775228455982,-3.889025528973656
61.27814863000003,2.8950077553098894,-3.4890255289736563,0.09500775228455982,-3.889025528973656
61.28901064600001,2.895007755309889,-3.4890255289736563,0.09500775228455938,-3.889025528973656
61.378974416000005,2.895021203951974,-3.4890009701934717,0.09502120092664423,-3.8890009701934716
61.38892171700002,2.8951876485778634,-3.488693081134453,0.09518764555253378,-3.888693081134453
61.40086522300004,2.8955396007548027,-3.4880307918611586,0.09553959772947307,-3.8880307918611585
61.41267907299999,2.896071733965262,-3.4870113174438058,0.09607173093993238,-3.8870113174438057
61.423229537,2.896778690466217,-3.485631933064201,0.09677868744088736,-3.885631933064201
61.478096064,2.8976549277228023,-3.48389028340571,0.09765492469747272,-3.88389028340571
61.489555928000016,2.898599508058936,-3.4819777383883794,0.0985995050336066,-3.8819777383883793
61.499918732000026,2.8995296925335676,-3.480058150594706,0.09952968950823804,-3.880058150594706
61.51013938600005,2.9004454286397445,-3.478131628381373,0.10044542561441494,-3.878131628381373
61.520817808000004,2.901346664686051,-3.4761982804965834,0.10134666166072126,-3.8761982804965833
61.61199475800004,2.9022452756788724,-3.474232879888519,0.10224527265354277,-3.874232879888519
61.62394844100004,2.903241464960804,-3.472023506538499,0.10324146193547445,-3.8720235065384987
61.63516463000002,2.904244263274629,-3.469771829828674,0.10424426024929945,-3.869771829828674
61.646686676,2.905236608344291,-3.467515526718238,0.10523660531896128,-3.867515526718238
61.657612760000006,2.9062184788266494,-3.4652546457352673,0.10621847580131982,-3.8652546457352672
61.709290105000036,2.907189853603885,-3.462989235506209,0.10718985057855557,-3.862989235506209
61.72514466800004,2.9081507117837857,-3.4607193447552356,0.10815070875845612,-3.8607193447552355
61.73102068400004,2.909101032700481,-3.4584450223025267,0.10910102967515156,-3.8584450223025266
61.74175913600004,2.910040795914626,-3.456166317063829,0.11004079288929658,-3.856166317063829
61.75348254600004,2.9109699812139884,-3.4538832780490667,0.11096997818865884,-3.8538832780490666
61.835101579000025,2.911899233572995,-3.4515700633679103,0.1118992305476656,-3.85157006336791
61.84712990400004,2.9128892656134906,-3.4490830235457377,0.11288926258816101,-3.8490830235457376
61.85777415200005,2.913874528545031,-3.4465880246547584,0.11387452551970156,-3.8465880246547584
61.86951612600001,2.9148529221917725,-3.444090324035668,0.11485291916644291,-3.844090324035668
61.88051356700004,2.915824439145274,-3.4415899406011614,0.11582443611994453,-3.8415899406011613
61.93203547400003,2.916789072049209,-3.4390868932841467,0.11678906902387931,-3.8390868932841467
61.94329744500004,2.9177468135993574,-3.436581201037742,0.1177468105740278,-3.836581201037742
61.953338578,2.918697656543689,-3.4340728828350837,0.11869765351835948,-3.8340728828350836
61.96417189499999,2.9196415936824085,-3.431561957669191,0.11964159065707891,-3.831561957669191
61.976193918000035,2.9205786178680118,-3.4290484445528193,0.12057861484268217,-3.8290484445528192
62.05740586300004,2.921518853317312,-3.426506255463719,0.12151885029198262,-3.826506255463719
62.067614529000025,2.922544481768373,-3.423728672398222,0.12254447874304342,-3.823728672398222
62.08166874,2.923581452793237,-3.4209208819716483,0.12358144976790753,-3.8209208819716483
62.09266538700001,2.924618590306014,-3.4181131530377717,0.12461858728068442,-3.8181131530377717
62.103463035999994,2.925655894302998,-3.4153054856066087,0.12565589127766863,-3.8153054856066086
62.15185926600003,2.926693364780593,-3.4124978796879106,0.12669336175526347,-3.8124978796879105
62.164180791000035,2.9277310017351468,-3.4096903352915606,0.1277309987098172,-3.8096903352915605
62.17379602700004,2.928768805162945,-3.4068828524275934,0.12876880213761543,-3.8068828524275933
62.184660260000044,2.9298067750604213,-3.4040754311056594,0.12980677203509172,-3.8040754311056593
62.196715708,2.9308449114238537,-3.40126807133585,0.13084490839852414,-3.80126807133585
62.28031871600001,2.931854905587284,-3.3985383027407883,0.1318549025619542,-3.798538302740788
62.29281384700005,2.932816050107048,-3.3959538999233057,0.13281604708171857,-3.7959538999233056
62.30293959400001,2.933782627570822,-3.393371524133916,0.13378262454549228,-3.793371524133916
62.31346205800003,2.9347546337036556,-3.390791186793877,0.13475463067832605,-3.790791186793877
62.324116515000014,2.935732064206668,-3.3882128993152194,0.13573206118133863,-3.7882128993152193
62.374505347000024,2.9367149147569465,-3.3856366731010072,0.13671491173161687,-3.785636673101007
62.385172572000045,2.937703181007603,-3.3830625195452098,0.1377031779822735,-3.7830625195452097
62.39628702800002,2.938696858587801,-3.3804904500326143,0.13869685556247147,-3.780490450032614
62.40893962800004,2.939695943102774,-3.377920475938786,0.13969594007744446,-3.777920475938786
62.421219166000014,2.9407004301338433,-3.375352608630022,0.14070042710851371,-3.7753526086300218
62.50315487300003,2.941684193043464,-3.3728538520872515,0.14168419001813426,-3.7728538520872514
62.515672266000024,2.942627415378984,-3.370482666546538,0.1426274123536544,-3.770482666546538
62.527370313999995,2.9435798391413415,-3.368115161906707,0.14357983611601188,-3.768115161906707
62.539121530000045,2.944541449966308,-3.365751373873903,0.14454144694097826,-3.765751373873903
62.55045948100002,2.945512233351096,-3.3633913380982117,0.14551223032576655,-3.7633913380982116
62.59899477900001,2.946492174654586,-3.3610350901731274,0.14649217162925643,-3.7610350901731273
62.61424271200002,2.9474812590975334,-3.358682665635021,0.14748125607220386,-3.7586826656350207
62.62122689200004,2.948479471762802,-3.356334099962602,0.14847946873747242,-3.756334099962602
62.633222192000005,2.9494867975955867,-3.3539894285763796,0.14948679457025715,-3.7539894285763795
62.645060071000046,2.9505032214036384,-3.3516486868381272,0.15050321837830882,-3.751648686838127
62.72822264000001,2.9514969384896843,-3.3493847950021527,0.15149693546435472,-3.7493847950021526
62.73943426100004,2.95244296225137,-3.3472612791237415,0.15244295922604056,-3.7472612791237414
62.75145871500001,2.9534013975686535,-3.345143336162733,0.1534013945433239,-3.745143336162733
62.76355118700002,2.954372211613796,-3.3430310386616084,0.15437220858846645,-3.7430310386616084
62.775403718999996,2.9553553711350697,-3.3409244589694853,0.15535536810974016,-3.7409244589694852
62.825066984000046,2.9563508424578946,-3.33882366923965,0.156350839432565,-3.73882366923965
62.848750670000015,2.957358591485993,-3.336728741427071,0.1573585884606632,-3.736728741427071
62.849111022000045,2.9583785837025607,-3.3346397472859373,0.1583785806772311,-3.734639747285937
62.85924857200001,2.959410784171448,-3.3325567583671996,0.15941078114611829,-3.7325567583671995
62.871562556000015,2.960455157538354,-3.330479846016125,0.1604551545130244,-3.730479846016125
62.95440597300001,2.961501675664409,-3.328428740603316,0.16150167263907944,-3.728428740603316
62.966325181,2.9625422558411123,-3.3264206344450287,0.16254225281578272,-3.7264206344450286
62.979872321000016,2.963595663589105,-3.324419227548976,0.1635956605637756,-3.724419227548976
62.99487670100001,2.9646618557805517,-3.3224246018552677,0.16466185275522216,-3.7224246018552676
63.00903855800004,2.965740788764204,-3.320436839026387,0.1657407857388744,-3.720436839026387
63.06078481600002,2.966832418367192,-3.3184560204438363,0.16683241534186255,-3.718456020443836
63.076253820000034,2.967936699896831,-3.316482227204817,0.16793669687150148,-3.716482227204817
63.09021086600001,2.969053588142446,-3.314515540118901,0.16905358511711643,-3.7145155401189007
63.102378482000006,2.970183037377231,-3.3125560397047287,0.17018303435190152,-3.7125560397047286
63.114433270999996,2.9713250013601162,-3.3106038061867054,0.17132499833478665,-3.7106038061867053
63.20228923600001,2.972476386789243,-3.3086640675777876,0.1724763837639136,-3.7086640675777875
63.21657030100005,2.973634663801621,-3.3067413943301087,0.1736346607762913,-3.7067413943301086
63.22837675100004,2.9748055030118685,-3.3048263450883164,0.17480549998653894,-3.7048263450883163
63.24253688900001,2.9759888542392856,-3.3029190019290207,0.17598885121395602,-3.7029190019290206
63.25500968100005,2.977184666766922,-3.301019446598558,0.17718466374159236,-3.7010194465985577
63.30546768200003,2.978392889343755,-3.299127760509489,0.17839288631842543,-3.699127760509489
63.318871245000025,2.9796134701868797,-3.2972440247371093,0.17961346716155013,-3.6972440247371092
63.331301123,2.9808463569837333,-3.2953683200159736,0.18084635395840376,-3.6953683200159735
63.34353194700003,2.982091496894331,-3.293500726736434,0.18209149386900148,-3.693500726736434
63.35851375100003,2.983348836553539,-3.291641324941198,0.18334883352820963,-3.691641324941198
63.43452483100003,2.9846340333582266,-3.289767016696557,0.18463403033289705,-3.689767016696557
63.44701816000003,2.9860134508797143,-3.2877780358955992,0.18601344785438467,-3.687778035895599
63.45969792100004,2.987403304264661,-3.285795311888503,0.18740330123933147,-3.6857953118885027
63.473101247000045,2.988803083554905,-3.2838195829449095,0.1888030805295755,-3.6838195829449094
63.48606729300002,2.9902127535453027,-3.281850898755384,0.1902127505199731,-3.6818508987553837
63.533663003000015,2.9916322787819576,-3.279889308833301,0.191632275756628,-3.679889308833301
63.544588137000005,2.993061623563104,-3.2779348625136167,0.1930616205377742,-3.6779348625136166
63.55638684300004,2.994500751940014,-3.2759876089516244,0.1945007489146846,-3.6759876089516244
63.569220391000044,2.9959496277178954,-3.2740475971217147,0.19594962469256583,-3.6740475971217146
63.58527128000003,2.9974082144568053,-3.272114875816146,0.1974082114314757,-3.672114875816146
63.662817598000004,2.9988932039175866,-3.270167344507459,0.19889320089225704,-3.6701673445074587
63.675606421,3.0004515583218243,-3.2681407661749984,0.20045155529649472,-3.6681407661749983
63.687622934000046,3.0020176913584393,-3.266120193113109,0.20201768833310974,-3.666120193113109
63.701887822,3.0035915798857657,-3.2641056551784056,0.20359157686043616,-3.6641056551784055
63.71377876700001,3.0051732006475387,-3.262097182138322,0.2051731976222091,-3.662097182138322
63.762405993000016,3.006762530273238,-3.2600948036706776,0.20676252724790833,-3.6600948036706775
63.774031535999995,3.0083595452784353,-3.258098549363235,0.2083595422531057,-3.6580985493632348
63.784774669,3.0099642220651432,-3.256108448713265,0.20996421903981366,-3.656108448713265
63.79567372600002,3.0115765369221608,-3.254124531127111,0.21157653389683118,-3.654124531127111
63.808182896000005,3.0131964660254247,-3.2521468259197537,0.2131964630000951,-3.6521468259197536
63.892388227000026,3.014841087557376,-3.25015444004734,0.21484108453204653,-3.65015444004734
63.909295806000046,3.016551381112756,-3.2480951420932413,0.2165513780874262,-3.6480951420932413
63.92424682300003,3.018267434324333,-3.246040641306101,0.2182674312990036,-3.646040641306101
63.938601844000004,3.0199892337366974,-3.243990953795061,0.21998923071136778,-3.6439909537950608
63.952376557000036,3.0217167658493818,-3.2419460956315267,0.22171676282405217,-3.6419460956315266
64.00260114600002,3.0234500171169705,-3.2399060828490347,0.2234500140916409,-3.6399060828490346
64.016592118,3.025188973949205,-3.2378709314431298,0.22518897092387524,-3.6378709314431297
64.02991675700002,3.026933622711089,-3.235840657371241,0.22693361968575942,-3.635840657371241
64.042766239,3.0286839497229994,-3.2338152765525527,0.22868394669766978,-3.6338152765525527
64.05579822200002,3.030439941260787,-3.2317948048678846,0.2304399382354574,-3.6317948048678845
64.13835968500001,3.032219867566307,-3.229758051055297,0.2322198645409772,-3.6297580510552967
64.15281335899999,3.0340827305661664,-3.227634026114919,0.2340827275408368,-3.6276340261149187
64.16514183100003,3.0359488092256535,-3.225512825761297,0.23594880620032388,-3.6255128257612967
64.17507053700001,3.037818099261963,-3.223394454862763,0.2378180962366332,-3.623394454862763
64.186321007,3.039690596384916,-3.221278918281153,0.2396905933595863,-3.621278918281153
64.23498017500003,3.04156629629698,-3.2191662208717995,0.24156629327165025,-3.6191662208717994
64.246618679,3.043445194693264,-3.21705636748352,0.24344519166793432,-3.61705636748352
64.25836909400005,3.0453272872615385,-3.214949362958598,0.24532728423620886,-3.614949362958598
64.26913874400003,3.0472125696822463,-3.212845212132785,0.2472125666569167,-3.6128452121327848
64.28112504200004,3.049101037628507,-3.210743919835282,0.24910103460317723,-3.610743919835282
64.35975651000001,3.0509922729676155,-3.2086459534331584,0.25099226994228596,-3.6086459534331583
64.37242730100002,3.052885937043621,-3.206551732646208,0.2528859340182916,-3.6065517326462078
64.38473381700004,3.0547828037311016,-3.204460412224279,0.254782800705772,-3.6044604122242787
64.396174358,3.0566828685878185,-3.2023719970649966,0.25668286556248887,-3.6023719970649966
64.40741583600004,3.0585861271640447,-3.200286492059184,0.25858612413871507,-3.6002864920591837
64.456508375,3.060492575002581,-3.1982039020908357,0.2604925719772515,-3.5982039020908356
64.468342872,3.062402207638748,-3.196124232037139,0.26240220461341845,-3.596124232037139
64.47965995500005,3.064315020600407,-3.1940474867684387,0.26431501757507725,-3.5940474867684387
64.49107519,3.0662310094079746,-3.191973671148228,0.26623100638264496,-3.591973671148228
64.505650683,3.068150169574432,-3.1899027900331376,0.2681501665491024,-3.5899027900331375
64.58202411799999,3.070086902513734,-3.187819195774855,0.27008689948840425,-3.587819195774855
64.59323368600002,3.0720632754127672,-3.1856972360827815,0.27206327238743766,-3.5856972360827815
64.60646055400002,3.0740414905193045,-3.1835769936996803,0.27404148749397494,-3.58357699369968
64.61910865000004,3.0760215463411558,-3.1814584702248783,0.2760215433158262,-3.581458470224878
64.63051119700003,3.078003441384718,-3.179341667256417,0.27800343835938834,-3.579341667256417
64.67925646700002,3.0799871741550096,-3.1772265863910465,0.27998717112967997,-3.5772265863910464
64.69541037700003,3.0819727431556636,-3.175113229224209,0.281972740130334,-3.575113229224209
64.70199970600004,3.0839601468889306,-3.1730015973500474,0.283960143863601,-3.5730015973500473
64.71332674500002,3.0859493838556773,-3.1708916923614017,0.2859493808303477,-3.5708916923614016
64.72622243800004,3.0879404525553875,-3.1687835158498117,0.28794044953005793,-3.5687835158498116
64.80553563500001,3.0899332025537927,-3.166677228126602,0.2899331995284631,-3.566677228126602
64.81615648300004,3.0919275120799057,-3.1645729738335957,0.2919275090545761,-3.5645729738335956
64.82855653800004,3.093923659760811,-3.1624704631792593,0.2939236567354815,-3.562470463179259
64.840937919,3.095921644072032,-3.1603696977692954,0.29592164104670227,-3.5603696977692953
64.85201423000001,3.0979214634876904,-3.1582706792080777,0.2979214604623608,-3.5582706792080776
64.90053033500004,3.0999231164805097,-3.1561734090986437,0.2999231134551801,-3.5561734090986437
64.91614368300003,3.1019266015218094,-3.154077889042697,0.30192659849647985,-3.5540778890426967
64.924894306,3.103931917081512,-3.1519841206406043,0.30393191405618225,-3.551984120640604
64.93595327900005,3.1059390616281393,-3.149892105491393,0.3059390586028097,-3.549892105491393
64.94777470900004,3.10794803362882,-3.147801845192754,0.3079480306034905,-3.5478018451927538
65.02516517500004,3.109975694047551,-3.1456956181714726,0.30997569102222133,-3.5456956181714725
65.03752025800003,3.112053719290804,-3.143537995707353,0.3120537162654746,-3.5435379957073527
65.04926057200004,3.1141318271087317,-3.141380452774675,0.3141318240834021,-3.541380452774675
65.06149814600002,3.116210017498272,-3.1392229893765897,0.3162100144729423,-3.5392229893765896
65.07327601700001,3.1182882904564053,-3.137065605516258,0.31828828743107573,-3.5370656055162577
65.12086376600001,3.120366645980075,-3.1349083011968313,0.3203666429547454,-3.534908301196831
65.13389250300003,3.1224450840662277,-3.1327510764214828,0.3224450810408981,-3.5327510764214827
65.144091898,3.124523604711819,-3.1305939311933613,0.3245236016864892,-3.530593931193361
65.15630867300001,3.1266022079138187,-3.1284368655156354,0.3266022048884891,-3.5284368655156353
65.16930447100003,3.128680893669168,-3.1262798793914706,0.32868089064383854,-3.5262798793914705
65.24780998300002,3.1307459131712805,-3.124137365911977,0.3307459101459509,-3.524137365911977
65.25888738200001,3.1327861843991394,-3.1220223396738627,0.3327861813738098,-3.5220223396738626
65.272213567,3.1348275787164153,-3.1199083974058524,0.3348275756910857,-3.5199083974058523
65.28356005200004,3.1368700955472124,-3.1177955397043147,0.3368700925218828,-3.5177955397043146
65.29477170300004,3.138913734315321,-3.1156837671653053,0.33891373128999147,-3.515683767165305
65.34289923,3.1409584944442086,-3.113573080384576,0.340958491418879,-3.513573080384576
65.35390114300003,3.1430043753570245,-3.1114634799575733,0.3430043723316949,-3.5114634799575732
65.36435753,3.1450513764766064,-3.1093549664794407,0.3450513734512768,-3.5093549664794406
65.37501196100004,3.1470994972254718,-3.107247540545013,0.3470994942001422,-3.5072475405450128
65.38820755,3.149148737025823,-3.105141202748815,0.3491487340004933,-3.505141202748815
65.46175534900004,3.1512078571039304,-3.103026872823516,0.3512078540786008,-3.503026872823516
65.47374135500002,3.153285760790345,-3.100894390042234,0.35328575776501525,-3.500894390042234
65.48465688700003,3.1553640813254225,-3.0987623135201408,0.35536407830009287,-3.4987623135201407
65.4975748,3.157442818629717,-3.0966306433387287,0.3574428156043874,-3.4966306433387286
65.510186159,3.1595219726237844,-3.094499379579468,0.35952196959845484,-3.494499379579468
65.55651321000005,3.1616015432281634,-3.0923685223238113,0.36160154020283386,-3.4923685223238112
65.567538582,3.1636815303633776,-3.090238071653194,0.36368152733804804,-3.4902380716531938
65.57854852600002,3.1657619339499345,-3.088108027649041,0.36576193092460496,-3.488108027649041
65.58936320000004,3.1678427539083227,-3.0859783903927553,0.3678427508829931,-3.4859783903927553
65.601415385,3.1699239901590177,-3.083849159965728,0.3699239871336881,-3.483849159965728
65.678905074,3.172006716484434,-3.081719146614093,0.3720067134591045,-3.481719146614093
65.69193148,3.1740913480898834,-3.079586836534768,0.37409134506455377,-3.479586836534768
65.702655494,3.176175647374287,-3.077454201615734,0.3761756443489572,-3.4774542016157337
65.71452740000001,3.1782596142870223,-3.075321241908779,0.3782596112616927,-3.475321241908779
65.726821986,3.180343248777476,-3.073187957465711,0.3803432457521465,-3.473187957465711
65.77387799900004,3.182426550795049,-3.0710543483383312,0.3824265477697195,-3.471054348338331
65.78482633800002,3.184509520289148,-3.068920414578461,0.38450951726381843,-3.468920414578461
65.796187568,3.1865921572091813,-3.066786156237921,0.38659215418385173,-3.4667861562379207
65.80698326200002,3.188674461504579,-3.0646515733685438,0.3886744584792492,-3.4646515733685437
65.818611933,3.190756433124761,-3.062516666022168,0.3907564300994313,-3.462516666022168
65.894158216,3.1928372094382675,-3.060382408994973,0.39283720641293796,-3.460382408994973
65.90705229299999,3.1949165463170637,-3.058250120675355,0.3949165432917341,-3.458250120675355
65.91644154,3.196996284095536,-3.0561182233733586,0.39699628107020635,-3.4561182233733585
65.92847821600003,3.1990764227001596,-3.0539867171643533,0.39907641967483,-3.4539867171643532
65.93993431300004,3.20115696205739,-3.0518556021237035,0.4011569590320603,-3.4518556021237035
65.98858612000004,3.203237902093665,-3.0497248783267534,0.4032378990683356,-3.4497248783267533
66.00046188900001,3.205319242735417,-3.047594545848837,0.4053192397100873,-3.447594545848837
66.01215927200002,3.207400983909055,-3.0454646047652756,0.40740098088372534,-3.4454646047652755
66.023419182,3.2094831255409786,-3.0433350551513714,0.409483122515649,-3.4433350551513713
66.03496047300001,3.2115656675575712,-3.0412058970824183,0.41156566453224164,-3.441205897082418
66.11315687200005,3.213648705094372,-3.039076936564406,0.41364870206904225,-3.439076936564406
66.12549785499999,3.215731786584463,-3.036947485669565,0.4157317835591332,-3.436947485669565
66.136150273,3.2178144784619547,-3.034817653715784,0.4178144754366251,-3.434817653715784
66.14806936500003,3.2198967806571313,-3.032687440774345,0.41989677763180167,-3.432687440774345
66.15952263700001,3.221978693100305,-3.0305568469165496,0.42197869007497557,-3.4305568469165495
66.205066467,3.224060215721788,-3.028425872213705,0.42406021269645855,-3.428425872213705
66.21688096600002,3.226141348451917,-3.026294516737138,0.4261413454265872,-3.426294516737138
66.228675458,3.2282220912210358,-3.0241627805581808,0.4282220881957062,-3.4241627805581807
66.23943635400002,3.230302443959501,-3.0220306637481853,0.4303024409341716,-3.422030663748185
66.250680337,3.232382406597686,-3.0198981663785083,0.43238240357235647,-3.419898166378508
66.32657644600005,3.2344586065305143,-3.0177688748070333,0.4344586035051847,-3.417768874807033
66.34011160800003,3.2365288530923286,-3.0156465457717463,0.43652885006699904,-3.415646545771746
66.35220513600001,3.238599746506065,-3.013524847906905,0.4385997434807356,-3.413524847906905
66.36373977600005,3.240671286579295,-3.011403781409667,0.44067128355396523,-3.4114037814096667
66.37472428000001,3.242743473119529,-3.009283346477119,0.44274347009419923,-3.409283346477119
66.42227552500003,3.24481630593422,-3.007163543306294,0.4448163029088903,-3.407163543306294
66.43538782400003,3.246889784830758,-3.0050443720941677,0.4468897818054285,-3.4050443720941677
66.4466789,3.248963909616474,-3.0029258330376543,0.4489639065911444,-3.402925833037654
66.45776827899999,3.2510386800986386,-3.0008079263336076,0.451038677073309,-3.4008079263336075
66.47086678700003,3.2531140960844596,-2.9986906521788312,0.45311409305913,-3.398690652178831
66.54560628400003,3.25518483570056,-2.9965792309276793,0.4551848326752306,-3.396579230927679
66.55782911900002,3.2572452075526424,-2.9944770292251808,0.45724520452731277,-3.3944770292251807
66.568785752,3.259304550374407,-2.9923738194617036,0.45930454734907755,-3.3923738194617035
66.58196252600004,3.2613628636726575,-2.990269602140948,0.4613628606473279,-3.3902696021409477
66.59369973700001,3.263420146954441,-2.988164377766854,0.46342014392911146,-3.388164377766854
66.638586449,3.2654763997270386,-2.9860581468436247,0.46547639670170904,-3.3860581468436246
66.64933121800004,3.2675316214979837,-2.983950909875693,0.4675316184726541,-3.383950909875693
66.66009757500001,3.2695858117750585,-2.9818426673677365,0.4695858087497289,-3.3818426673677364
66.67141383,3.27163897006629,-2.9797334198246714,0.4716389670409602,-3.3797334198246713
66.68300382400002,3.2736910958799545,-2.9776231677516556,0.47369109285462496,-3.3776231677516555
66.759399487,3.2757475603442523,-2.975506586442256,0.4757475573189227,-3.3755065864422558
66.77136902000001,3.2778142818915947,-2.9733800152896723,0.47781427886626515,-3.3733800152896722
66.782522277,3.2798816408917593,-2.971254063835432,0.4798816378664297,-3.371254063835432
66.79487464200002,3.281949637158923,-2.969128732270627,0.4819496341335934,-3.3691287322706267
66.80654635600001,3.284018270507211,-2.9670040207862916,0.48401826748188137,-3.3670040207862915
66.85380981000003,3.2860875407507004,-2.9648799295733914,0.48608753772537083,-3.3648799295733913
66.86453945600005,3.2881574477034055,-2.9627564588228372,0.48815744467807587,-3.362756458822837
66.875452403,3.2902279911792816,-2.960633608725488,0.49022798815395197,-3.3606336087254878
66.88754190899999,3.2922991709922305,-2.9585113794721436,0.4922991679669009,-3.3585113794721435
66.901893852,3.294370986956092,-2.956389771253551,0.4943709839307626,-3.356389771253551
66.97736474600003,3.296449370766265,-2.9542626576710203,0.4964493677409356,-3.35426265767102
66.990247189,3.298539604867466,-2.9521239639530608,0.4985396018421362,-3.3521239639530607
67.00140983900002,3.3006300150499377,-2.9499854423407945,0.5006300120246081,-3.3499854423407944
67.01320087600004,3.302720601299501,-2.9478470928487237,0.5027205982741716,-3.3478470928487236
67.025219918,3.304811363601985,-2.9457089154913416,0.5048113605766553,-3.3457089154913415
67.07492913300001,3.3069023019432158,-2.9435709102831455,0.5069022989178862,-3.3435709102831455
67.08759704200003,3.30899341630902,-2.941433077238627,0.5089934132836906,-3.341433077238627
67.09968221900004,3.3110847066852216,-2.939295416372275,0.511084703659892,-3.339295416372275
67.11101544800005,3.3131761730576397,-2.937157927698586,0.5131761700323101,-3.337157927698586
67.12514656600001,3.315267815412105,-2.9350206112320505,0.5152678123867753,-3.3350206112320504
67.20537632700001,3.3173530919788368,-2.9328900477659507,0.5173530889535072,-3.3328900477659507
67.220060553,3.31942583045742,-2.9307713250294762,0.5194258274320904,-3.330771325029476
67.23385440800001,3.321497907591942,-2.928651955504541,0.5214979045666124,-3.328651955504541
67.24762307400005,3.3235693231805747,-2.926531939397574,0.5235693201552452,-3.326531939397574
67.25864832500002,3.3256400770215566,-2.9244112769150727,0.525640073996227,-3.3244112769150727
67.30702350400003,3.327710168913187,-2.9222899682635948,0.5277101658878576,-3.3222899682635947
67.31965702900004,3.3297795986538343,-2.920168013649765,0.5297795956285047,-3.320168013649765
67.33176906300002,3.3318483660419282,-2.918045413280268,0.5318483630165987,-3.318045413280268
67.34295495399999,3.3339164708759648,-2.9159221673618525,0.5339164678506352,-3.3159221673618524
67.356486501,3.3359839129545006,-2.9137982761013292,0.535983909929171,-3.313798276101329
67.43777963300005,3.3380547189266117,-2.9116697260468087,0.5380547159012821,-3.3116697260468086
67.45222715,3.3401330348677023,-2.9095337527604856,0.5401330318423727,-3.3095337527604856
67.46343271900002,3.3422117167304926,-2.907398135579366,0.542211713705163,-3.307398135579366
67.476311877,3.3442907644539557,-2.90526287456616,0.5442907614286261,-3.30526287456616
67.487884199,3.346370177977068,-2.9031279697835384,0.5463701749517385,-3.3031279697835383
67.537036451,3.3484499572387887,-2.9009934212941713,0.5484499542134591,-3.300993421294171
67.54991869400004,3.3505301021780745,-2.8988592291607094,0.5505300991527449,-3.2988592291607093
67.56190574200002,3.3526106127338626,-2.896725393445804,0.552610609708533,-3.296725393445804
67.57322992500002,3.3546914888450843,-2.8945919142120853,0.5546914858197547,-3.294591914212085
67.58786387700002,3.3567727304506594,-2.8924587915221838,0.5567727274253298,-3.2924587915221837
67.66427951500003,3.3588526627403135,-2.890327636813031,0.5588526597149839,-3.2903276368130308
67.67786550700004,3.3609292747829684,-2.8881992697636965,0.5609292717576388,-3.2881992697636964
67.689861973,3.3630053996983627,-2.8860704275412563,0.5630053966730331,-3.2860704275412562
67.70085876300004,3.365081037377767,-2.8839411102571946,0.5650810343524375,-3.2839411102571945
67.712519214,3.36715618771248,-2.881811318023031,0.5671561846871502,-3.281811318023031
67.76054322800002,3.369230850593819,-2.8796810509503015,0.5692308475684893,-3.2796810509503014
67.77487360700002,3.3713050259131356,-2.877550309150572,0.571305022887806,-3.277550309150572
67.784636256,3.3733787135617987,-2.8754190927354353,0.5733787105364692,-3.275419092735435
67.79579486300003,3.3754519134312067,-2.8732874018165027,0.5754519104058771,-3.2732874018165026
67.80864606400002,3.377524625412783,-2.8711552365054174,0.5775246223874535,-3.2711552365054173
67.88358410900003,3.379591365458803,-2.8690281912566613,0.5795913624334732,-3.269028191256661
67.89468093900001,3.381647158173269,-2.8669107945653343,0.5816471551479396,-3.266910794565334
67.90654332700001,3.3837020554074684,-2.864792528814744,0.5837020523821388,-3.264792528814744
67.91869413,3.3857560567940217,-2.8626733943835956,0.5857560537686921,-3.2626733943835955
67.92984490700002,3.3878091619657047,-2.860553391650757,0.5878091589403751,-3.260553391650757
67.97565002600004,3.389861370555458,-2.858432520995252,0.5898613675301285,-3.258432520995252
67.98653936100004,3.3919126821963763,-2.8563107827962577,0.5919126791710467,-3.2563107827962576
67.99745274700001,3.3939630965217185,-2.8541881774331075,0.5939630934963889,-3.2541881774331074
68.00822559400001,3.3960126131649027,-2.852064705285289,0.5960126101395731,-3.252064705285289
68.02170238400004,3.3980612317595065,-2.8499403667324494,0.5980612287341769,-3.2499403667324493
68.097967315,3.4000958738022122,-2.8478286200208993,0.6000958707768826,-3.2478286200208992
68.109667785,3.4021046851444803,-2.8457403813830724,0.6021046821191507,-3.2457403813830723
68.11989409300003,3.4041116423862605,-2.843650360749913,0.6041116393609309,-3.2436503607499128
68.13433125099999,3.4061167439467495,-2.8415585597676447,0.6061167409214199,-3.2415585597676446
68.14723077100001,3.408119988246629,-2.8394649800838763,0.6081199852212995,-3.239464980083876
68.19426688300001,3.4101213737080363,-2.837369623347623,0.6101213706827067,-3.237369623347623
68.20626025199999,3.412120898754569,-2.8352724912093037,0.6121208957292392,-3.2352724912093036
68.217428461,3.4141185618112937,-2.833173585320731,0.6141185587859641,-3.233173585320731
68.22828149400004,3.4161143613047433,-2.8310729073351193,0.6161143582794137,-3.231072907335119
68.24204747600004,3.4181082956629183,-2.8289704589070745,0.6181082926375887,-3.2289704589070745
68.32276711100002,3.4201161193785254,-2.826849783825254,0.6201161163531959,-3.226849783825254
68.33341198400001,3.422166215643489,-2.824683144435239,0.6221662126181595,-3.224683144435239
68.34730915400002,3.424215989305841,-2.8225161998408628,0.6242159862805114,-3.2225161998408627
68.362164619,3.426265440320152,-2.820348950090154,0.6262654372948222,-3.220348950090154
68.37426257600004,3.428314568641001,-2.8181813952311505,0.6283145656156712,-3.2181813952311504
68.42250786700004,3.4303633742229542,-2.816013535311909,0.6303633711976246,-3.216013535311909
68.43449220100001,3.4324118570205955,-2.813845370380486,0.6324118539952659,-3.213845370380486
68.44679833200001,3.43446001698852,-2.8116769004849402,0.6344600139631904,-3.21167690048494
68.45987726500005,3.4365078540813228,-2.8095081256733403,0.6365078510559932,-3.20950812567334
68.47334548200001,3.4385553682536147,-2.8073390459937597,0.6385553652282852,-3.2073390459937596
68.54709029700001,3.4405994285324413,-2.8051729498234628,0.6405994255071117,-3.2051729498234627
68.55947284200005,3.442637188210855,-2.8030125020295302,0.6426371851855253,-3.20301250202953
68.57151999400003,3.4446743832638127,-2.8008515218136427,0.6446743802384831,-3.2008515218136426
68.582451682,3.446711013552206,-2.79869000932336,0.6467110105268765,-3.19869000932336
68.594337085,3.448747078936964,-2.796527964706281,0.6487470759116345,-3.1965279647062808
68.64357957300001,3.4507825792790543,-2.7943653881100396,0.6507825762537247,-3.1943653881100396
68.65745049500003,3.452817514439482,-2.7922022796823107,0.6528175114141526,-3.1922022796823106
68.667102424,3.4548518842792904,-2.7900386395708,0.6548518812539608,-3.1900386395708
68.679527038,3.4568856886595625,-2.7878744679232548,0.6568856856342329,-3.1878744679232547
68.69207208200004,3.4589189274414216,-2.7857097648874545,0.658918924416092,-3.1857097648874544
68.77217001100001,3.4609435545070344,-2.7835530266240887,0.6609435514817048,-3.1835530266240886
68.78399544300004,3.462952258565822,-2.78141114675417,0.6629522555404925,-3.18141114675417
68.79488624500004,3.464959782020923,-2.7792681602982947,0.6649597789955934,-3.1792681602982946
68.80572211100002,3.4669661242627345,-2.7771240679071965,0.666966121237405,-3.1771240679071964
68.81702264200004,3.4689712846820013,-2.7749788702319593,0.6689712816566717,-3.1749788702319592
68.867171127,3.4709752626698305,-2.772832567924002,0.6709752596445009,-3.1728325679240017
68.87811530600004,3.472978057617683,-2.7706851616350794,0.6729780545923534,-3.1706851616350793
68.88942559100002,3.474979668917384,-2.768536652017283,0.6749796658920544,-3.168536652017283
68.90162871800004,3.476980095961113,-2.766387039723041,0.6769800929357834,-3.1663870397230407
68.914708872,3.4789793381414125,-2.764236325405111,0.6789793351160829,-3.164236325405111
68.99231650000002,3.4809825510857433,-2.7620790050193724,0.6809825480604137,-3.1620790050193723
69.00304378200002,3.482994600302983,-2.759910422745027,0.6829945972776534,-3.159910422745027
69.01646810200003,3.4850058642406996,-2.757741112138847,0.68500586121537,-3.157741112138847
69.030543954,3.4870163426352434,-2.755571073485201,0.6870163396099138,-3.1555710734852007
69.04117321300004,3.4890260352230746,-2.753400307068547,0.689026032197745,-3.153400307068547
69.08503751900002,3.4910349417407507,-2.7512288131734413,0.6910349387154211,-3.151228813173441
69.09605756799999,3.493043061924937,-2.749056592084529,0.6930430588996073,-3.149056592084529
69.10721015900003,3.495050395512399,-2.746883644086556,0.6950503924870692,-3.146883644086556
69.11953277100002,3.497056942240009,-2.744709969464362,0.6970569392146793,-3.144709969464362
69.13338752000004,3.4990627018447378,-2.742535568502882,0.6990626988194082,-3.1425355685028817
69.21655559000004,3.501063996838923,-2.740364661129208,0.7010639938135936,-3.1403646611292078
69.22933470500004,3.503058937608948,-2.7382020283090007,0.7030589345836185,-3.1382020283090006
69.23943710700001,3.505054960735298,-2.7360403944199847,0.7050549577099683,-3.1360403944199846
69.25153356800001,3.5070520657177613,-2.7338797600038753,0.7070520626924317,-3.1338797600038752
69.26417938000003,3.5090502520558595,-2.7317201256021324,0.7090502490305299,-3.1317201256021323
69.31267665800004,3.5110495192488678,-2.7295614917559425,0.7110495162235382,-3.1295614917559424
69.32458904200001,3.513049866795776,-2.727403859006253,0.7130498637704465,-3.127403859006253
69.33542249700002,3.515051294195305,-2.72524722789376,0.7150512911699756,-3.1252472278937597
69.34728720100003,3.5170538009459023,-2.7230915989589084,0.7170537979205727,-3.1230915989589083
69.35990698700004,3.519057386545745,-2.7209369727418915,0.7190573835204153,-3.1209369727418914
69.433689388,3.521071206006954,-2.7187733469597855,0.7210712029816242,-3.1187733469597854
69.446643999,3.523104563295284,-2.7165887266069717,0.7231045602699546,-3.1165887266069716
69.45778186800004,3.5251376266782724,-2.7144038327357074,0.7251376236529428,-3.1144038327357073
69.47101094100003,3.527170396119121,-2.712218665385532,0.7271703930937914,-3.112218665385532
69.48244410900003,3.5292028715810444,-2.7100332245959846,0.7292028685557148,-3.1100332245959845
69.525820227,3.5312350530272605,-2.7078475104066206,0.7312350500019309,-3.1078475104066206
69.53732575100003,3.533266940420993,-2.705661522856992,0.7332669373956633,-3.105661522856992
69.54972408600003,3.5352985337254665,-2.7034752619866604,0.735298530700137,-3.1034752619866603
69.56210958500003,3.53732983290392,-2.701288727835189,0.7373298298785902,-3.101288727835189
69.57490063900002,3.53936083791959,-2.699101920442148,0.7393608348942604,-3.099101920442148
69.649919017,3.5413830358310547,-2.696923927219839,0.7413830328057252,-3.096923927219839
69.661302476,3.543388682293907,-2.694762122139957,0.7433886792685773,-3.094762122139957
69.67371813700004,3.5453933711936947,-2.692599429061335,0.7453933681683651,-3.092599429061335
69.68694270600002,3.547397102137268,-2.6904358484081055,0.7473970991119385,-3.0904358484081054
69.69788880000004,3.5493998747316535,-2.688271380604595,0.7493998717063239,-3.0882713806045947
69.75091687700001,3.551401688584066,-2.686106026075299,0.7514016855587364,-3.086106026075299
69.76604117700003,3.553402543301907,-2.6839397852448874,0.7534025402765776,-3.0839397852448873
69.77478110100003,3.555402438492771,-2.681772658538205,0.7554024354674413,-3.081772658538205
69.787385562,3.557401373764434,-2.679604646380269,0.7574013707391045,-3.079604646380269
69.80099676700002,3.5593993487248663,-2.677435749196275,0.7593993456995367,-3.0774357491962747
69.881508225,3.561406990224075,-2.6752545357950908,0.7614069871987454,-3.0752545357950907
69.89305503100002,3.563438000282202,-2.6730475011901467,0.7634379972568723,-3.0730475011901466
69.90319806000002,3.56546899759862,-2.670840454859773,0.7654689945732902,-3.070840454859773
69.916771531,3.567499982173264,-2.668633396804045,0.7674999791479342,-3.068633396804045
69.92895622200001,3.569530954006057,-2.6664263270230464,0.7695309509807275,-3.0664263270230463
69.97895132000002,3.5715619130969327,-2.664219245516851,0.7715619100716031,-3.064219245516851
69.99519295000005,3.5735928594458217,-2.6620121522855325,0.7735928564204921,-3.0620121522855324
70.001334687,3.575623793052657,-2.6598050473291646,0.7756237900273275,-3.0598050473291645
70.011886818,3.5776547139173713,-2.657597930647821,0.7776547108920417,-3.057597930647821
70.02359529200004,3.5796856220398965,-2.6553908022415738,0.7796856190145669,-3.0553908022415737
70.102775856,3.5817065720183474,-2.653194373802402,0.7817065689930178,-3.053194373802402
70.11560068400001,3.5837085075261386,-2.651017337749927,0.783708504500809,-3.051017337749927
70.12909475700002,3.585709642381212,-2.6488395657134522,0.7857096393558822,-3.048839565713452
70.14125006800003,3.587709976312999,-2.6466610579874232,0.7877099732876696,-3.046661057987423
70.152549857,3.5897095090510382,-2.6444818148663947,0.7897095060257087,-3.0444818148663946
70.19726898600004,3.5917082403249676,-2.6423018366450255,0.791708237299638,-3.0423018366450254
70.20791653000003,3.5937061698645394,-2.640121123618069,0.7937061668392098,-3.0401211236180687
70.21888852300003,3.595703297399613,-2.6379396760803813,0.7957032943742832,-3.037939676080381
70.229680202,3.5976996226601554,-2.6357574943269166,0.7976996196348258,-3.0357574943269166
70.243343708,3.599695145376243,-2.633574578652732,0.7996951423509135,-3.0335745786527317
70.31983825000003,3.601695420139422,-2.631384990240472,0.8016954171140922,-3.031384990240472
70.33221919100004,3.603706353700974,-2.6291839553238834,0.8037063506756446,-3.0291839553238833
70.343261756,3.605717643122619,-2.6269832455848383,0.8057176400972894,-3.0269832455848382
70.354103496,3.6077292883517535,-2.6247828610809005,0.807729285326424,-3.0247828610809004
70.36568057400001,3.609741289335793,-2.6225828018695836,0.8097412863104636,-3.0225828018695835
70.41353061800004,3.61175364602214,-2.620383068008411,0.8117536429968104,-3.0203830680084107
70.42546289700005,3.61376635835818,-2.618183659554889,0.8137663553328505,-3.018183659554889
70.43593007800001,3.615779426291294,-2.6159845765665164,0.8157794232659645,-3.0159845765665163
70.44749607800003,3.6177928497688554,-2.6137858191007908,0.8177928467435258,-3.0137858191007907
70.45998131100004,3.619806628738221,-2.611587387215191,0.8198066257128915,-3.011587387215191
70.53941083300003,3.6218142134793965,-2.60939649272086,0.8218142104540669,-3.00939649272086
70.55254765000001,3.623810342163271,-2.6072196401469703,0.8238103391379412,-3.00721964014697
70.56477823100005,3.625807347781906,-2.6050435920293733,0.8258073447565764,-3.005043592029373
70.575863159,3.627805230011108,-2.6028683487213295,0.8278052269857783,-3.0028683487213295
70.58695774400002,3.6298039885265325,-2.6006939105759757,0.8298039855012029,-3.0006939105759756
70.63046539200002,3.631803623003692,-2.5985202779463177,0.8318036199783623,-2.9985202779463176
70.64510686900002,3.633804133117959,-2.596347451185236,0.8338041300926293,-2.996347451185236
70.65259160800002,3.63580551854456,-2.5941754306454747,0.8358055155192305,-2.9941754306454746
70.66321065900001,3.637807778958582,-2.5920042166796495,0.8378077759332525,-2.9920042166796494
70.67644593,3.639810914034969,-2.5898338096402447,0.8398109110096392,-2.9898338096402446
70.75201860000004,3.6418158202058297,-2.5876630338876394,0.8418158171805001,-2.9876630338876393
70.76515890500002,3.6438221383705387,-2.5854898402358186,0.8438221353452091,-2.9854898402358185
70.77922582300005,3.645827660007142,-2.583315911490129,0.8458276569818124,-2.983315911490129
70.78958079200004,3.6478323848463288,-2.5811412479424938,0.8478323818209992,-2.9811412479424937
70.801601242,3.6498363126188744,-2.5789658498849537,0.8498363095935448,-2.9789658498849536
70.84560290900004,3.6518394430556547,-2.57678971760966,0.8518394400303251,-2.97678971760966
70.85606876600002,3.6538417758876602,-2.574612851408857,0.8538417728623307,-2.974612851408857
70.86743784700002,3.6558433108459885,-2.5724352515748845,0.8558433078206589,-2.9724352515748844
70.87820884000001,3.6578440476618455,-2.5702569184001836,0.8578440446365159,-2.9702569184001835
70.88941588300003,3.659843986066542,-2.5680778521772907,0.8598439830412126,-2.9680778521772906
70.969293295,3.6618375054993906,-2.5659044336724954,0.861837502474061,-2.9659044336724953
70.98084262500004,3.6638211693741094,-2.5637433989302956,0.8638211663487798,-2.9637433989302955
70.99171671700003,3.6658060797628096,-2.561583509054907,0.86580607673748,-2.9615835090549067
71.005050369,3.667792236004721,-2.559424764765351,0.8677922329793915,-2.959424764765351
71.01657193,3.6697796374386678,-2.557267166780256,0.8697796344133382,-2.9572671667802557
71.06432028800003,3.67176828340307,-2.555110715817866,0.8717682803777405,-2.9551107158178658
71.07582601600001,3.673758173235929,-2.5529554125960408,0.8737581702105994,-2.9529554125960407
71.091630539,3.6757493062748297,-2.550801257832258,0.8757493032495001,-2.950801257832258
71.098171181,3.677741681856943,-2.5486482522436154,0.8777416788316135,-2.9486482522436153
71.10899546800005,3.679735299319027,-2.546496396546827,0.8797352962936973,-2.9464963965468267
71.18824063700004,3.6817353779093143,-2.5443398114568487,0.8817353748839847,-2.9443398114568486
71.20016570900003,3.68374527845817,-2.542171866007181,0.8837452754328403,-2.9421718660071807
71.21035901200003,3.6857543577200738,-2.5400031594322168,0.8857543546947442,-2.9400031594322167
71.22194183800002,3.6877626154068084,-2.53783369204307,0.8877626123814788,-2.93783369204307
71.233528084,3.6897700512302674,-2.535663464150974,0.8897700482049378,-2.935663464150974
71.28444338500003,3.6917766649024513,-2.533492476067276,0.8917766618771217,-2.933492476067276
71.29800223700005,3.693782456135485,-2.531320728103438,0.8937824531101555,-2.931320728103438
71.31037755800003,3.6957874246416096,-2.529148220571022,0.89578742161628,-2.929148220571022
71.32216527600002,3.697791570133188,-2.5269749537817074,0.8977915671078582,-2.9269749537817074
71.33374623600002,3.699794892322695,-2.5248009280472727,0.8997948892973655,-2.9248009280472727
71.41449249000004,3.7018028735958026,-2.5226203375646077,0.901802870570473,-2.9226203375646076
71.42641457799999,3.703821348795279,-2.5204286138342282,0.9038213457699493,-2.920428613834228
71.43785068100004,3.7058402118459015,-2.5182372473600476,0.9058402088205719,-2.9182372473600475
71.44978709500003,3.70785946268442,-2.5160462382107274,0.9078594596590905,-2.9160462382107273
71.46110054100001,3.7098791012476,-2.513855586454883,0.9098790982222704,-2.9138555864548827
71.51033539600002,3.711899127472184,-2.5116652921611284,0.9118991244468546,-2.9116652921611283
71.52462146000005,3.713919541294906,-2.5094753553980644,0.9139195382695764,-2.9094753553980643
71.532534618,3.7159403426524817,-2.507285776234278,0.9159403396271522,-2.907285776234278
71.54475242400002,3.7179615314816226,-2.5050965547383512,0.917961528456293,-2.905096554738351
71.55760466100003,3.71998310771902,-2.50290769097885,0.9199831046936904,-2.90290769097885
71.63627114100001,3.722009125307203,-2.50071474215753,0.9220091222818736,-2.90071474215753
71.650846618,3.7240427559656384,-2.498513620093628,0.9240427529403088,-2.898513620093628
71.66302578600005,3.726076324884196,-2.4963124409894615,0.9260763218588663,-2.8963124409894614
71.674202288,3.728109832061279,-2.4941112048467673,0.9281098290359493,-2.894111204846767
71.685472431,3.730143277495262,-2.491909911667267,0.9301432744699323,-2.891909911667267
71.73100521600003,3.732176661184579,-2.489708561452695,0.9321766581592494,-2.8897085614526947
71.74446645400002,3.7342099831276068,-2.4875071542047884,0.9342099801022772,-2.8875071542047883
71.75351946700005,3.736243243322756,-2.485305689925283,0.9362432402974266,-2.885305689925283
71.76399706400002,3.7382764417684102,-2.4831041686158883,0.9382764387430806,-2.8831041686158883
71.77768956800003,3.740309578462995,-2.480902590278366,0.9403095754376656,-2.880902590278366
71.855653158,3.742335267922389,-2.4787090404852434,0.9423352648970593,-2.8787090404852433
71.86856093800003,3.744347661362614,-2.476530894617589,0.9443476583372843,-2.8765308946175887
71.87957833400003,3.746360706434784,-2.474353350974778,0.9463607034094546,-2.874353350974778
71.891853997,3.74837440295869,-2.4721764097517442,0.9483743999333605,-2.872176409751744
71.90301747200004,3.7503887507540554,-2.4700000711433843,0.9503887477287258,-2.870000071143384
71.94922269100005,3.7524037496405414,-2.4678243353445355,0.9524037466152118,-2.8678243353445354
71.96626327800004,3.7544193994377526,-2.465649202549985,0.954419396412423,-2.865649202549985
71.97349511200002,3.7564356999652375,-2.4634746729544625,0.9564356969399079,-2.8634746729544625
71.98514714200002,3.7584526510424814,-2.4613007467526495,0.9584526480171518,-2.8613007467526494
71.99821450500002,3.760470252488915,-2.4591274241391647,0.9604702494635853,-2.8591274241391647
72.07358392700002,3.762490645609465,-2.4569522617113453,0.9624906425841355,-2.856952261711345
72.08673428100002,3.764514905155119,-2.454772458472596,0.9645149021297894,-2.854772458472596
72.09788507100001,3.7665386877382345,-2.452592212402982,0.9665386847129049,-2.852592212402982
72.10949264500005,3.7685619932619447,-2.4504115236068538,0.9685619902366152,-2.8504115236068537
72.12150951200005,3.7705848216293907,-2.4482303921886035,0.9705848186040611,-2.8482303921886034
72.16908242300002,3.7726071727437454,-2.446048818252634,0.9726071697184158,-2.846048818252634
72.18482362100002,3.7746290465082026,-2.4438668019033765,0.974629043482873,-2.8438668019033764
72.19323038499999,3.776650442825978,-2.441684343245277,0.9766504398006486,-2.841684343245277
72.20427195900004,3.778671361600314,-2.439501442382807,0.9786713585749842,-2.839501442382807
72.218009672,3.7806918027344705,-2.437318099420459,0.9806917997091409,-2.8373180994204588
72.29472172500004,3.7827075102124494,-2.435138874997912,0.9827075071871199,-2.835138874997912
72.30808974199999,3.784714611542854,-2.4329674707787556,0.9847146085175242,-2.8329674707787555
72.31988341700003,3.7867209022606194,-2.430795317563801,0.9867208992352898,-2.8307953175638008
72.331974457,3.788726382086245,-2.4286224156556506,0.9887263790609153,-2.8286224156556505
72.34390215000002,3.790731050740338,-2.4264487653570233,0.9907310477150082,-2.826448765357023
72.39077618000005,3.792734907943622,-2.4242743669707396,0.9927349049182923,-2.8242743669707395
72.40472436900001,3.7947379534169303,-2.4220992207997245,0.9947379503916007,-2.8220992207997244
72.41274422100003,3.7967401868812107,-2.419923327147004,0.9967401838558811,-2.819923327147004
72.42437890100001,3.798741608057523,-2.4177466863157138,0.9987416050321936,-2.8177466863157137
72.43626199800002,3.8007422166670404,-2.41556929860909,1.0007422136417108,-2.81556929860909
72.51607241200003,3.8027491676190786,-2.4133834969821333,1.002749164593749,-2.813383496982133
72.52829427400002,3.8047704128617057,-2.4111821255166284,1.004770409836376,-2.8111821255166283
72.53837826200004,3.8067918764239153,-2.4089809545267444,1.0067918733985857,-2.8089809545267443
72.54996538400002,3.8088135582858262,-2.40677998403415,1.0088135552604967,-2.80677998403415
72.562035353,3.810835458427546,-2.4045792140604934,1.0108354554022165,-2.8045792140604933
72.61204341500002,3.8128575768291895,-2.4023786446274253,1.0128575738038599,-2.8023786446274253
72.62416558900003,3.814879913470866,-2.4001782757565837,1.0148799104455364,-2.8001782757565836
72.63323388100002,3.816902468332685,-2.397978107469619,1.0169024653073553,-2.797978107469619
72.644576287,3.818925241394747,-2.39577813978817,1.0189252383694174,-2.79577813978817
72.65752544400004,3.82094823263716,-2.3935783727338777,1.0209482296118306,-2.7935783727338777
72.73636880700002,3.8229633792666933,-2.3913874401211777,1.0229633762413637,-2.7913874401211776
72.74767859500002,3.8249630479907637,-2.389212078156469,1.0249630449654341,-2.789212078156469
72.76103968500001,3.826961864500971,-2.387035933114891,1.0269618614756415,-2.787035933114891
72.77423708100002,3.828959828490667,-2.3848590053302945,1.0289598254653374,-2.7848590053302944
72.78550858,3.830956939653324,-2.38268129513666,1.0309569366279945,-2.7826812951366597
72.83249610600001,3.832953197682548,-2.3805028028680897,1.0329531946572184,-2.7805028028680896
72.845473094,3.834948602272078,-2.378323528858802,1.0349485992467482,-2.778323528858802
72.85552375200001,3.8369431531157803,-2.37614347344314,1.0369431500904507,-2.77614347344314
72.86665136900001,3.8389368499076535,-2.3739626369555644,1.038936846882324,-2.7739626369555643
72.87889787200004,3.840929692341829,-2.3717810197306575,1.0409296893164992,-2.7717810197306574
72.95825458900003,3.842917244270519,-2.369603439936383,1.0429172412451893,-2.769603439936383
72.970544625,3.844895469392864,-2.3674338142933604,1.0448954663675343,-2.7674338142933603
72.98281563200004,3.846872492567753,-2.365263093345961,1.0468724895424235,-2.7652630933459608
72.99432281000003,3.8488483131887365,-2.3630912777600477,1.048848310163407,-2.7630912777600476
73.004722964,3.8508229306497395,-2.3609183682018213,1.0508229276244099,-2.7609183682018212
73.05032083600003,3.8527963443450464,-2.3587443653378184,1.0527963413197168,-2.7587443653378183
73.06658295200003,3.8547685536693197,-2.356569269834911,1.05476855064399,-2.756569269834911
73.07430100200003,3.8567395580175883,-2.354393082360303,1.0567395549922587,-2.754393082360303
73.08590565100002,3.858709356785247,-2.3522158035815397,1.0587093537599173,-2.7522158035815396
73.09870516000001,3.8606779493680636,-2.350037434166496,1.060677946342734,-2.750037434166496
73.17363233000003,3.8626575166920065,-2.347844635054029,1.062657513666677,-2.747844635054029
73.18608689800004,3.8646651967227963,-2.345620284460421,1.0646651936974667,-2.7456202844604207
73.197290044,3.866672945825179,-2.343395996212195,1.0666729427998494,-2.743395996212195
73.20991365700002,3.86868076399722,-2.3411717703114623,1.0686807609718905,-2.741171770311462
73.22132267900002,3.870688651236978,-2.338947606760407,1.0706886482116484,-2.738947606760407
73.269497548,3.8726966075425135,-2.3367235055611615,1.072696604517184,-2.7367235055611614
73.28621571000002,3.8747046329119086,-2.334499466715868,1.074704629886579,-2.7344994667158677
73.29312763300004,3.8767127273431976,-2.33227549022668,1.076712724317868,-2.7322754902266797
73.30551401700001,3.878720890834462,-2.330051576095742,1.0787208878091326,-2.730051576095742
73.319837011,3.880729123383764,-2.327827724325192,1.0807291203584346,-2.727827724325192
73.39686499800001,3.882721831315455,-2.325621356417398,1.0827218282901252,-2.725621356417398
73.409346201,3.8846864969664647,-2.3234481717958193,1.0846864939411351,-2.723448171795819
73.42211649500001,3.8866524879057742,-2.3212761860347593,1.0866524848804446,-2.721276186034759
73.43643346700003,3.8886198034018236,-2.319105399942435,1.088619800376494,-2.719105399942435
73.44914616200003,3.89058844272257,-2.316935814326602,1.0905884396972403,-2.716935814326602
73.49681875200002,3.892558405135471,-2.3147674299945775,1.0925584021101415,-2.7147674299945774
73.50778512200003,3.8945296899074924,-2.3126002477532293,1.0945296868821628,-2.712600247753229
73.519079955,3.896502296305105,-2.3104342684089816,1.0965022932797752,-2.7104342684089815
73.529763167,3.898476223594291,-2.3082694927678076,1.0984762205689615,-2.7082694927678075
73.54241936900002,3.9004514710405385,-2.3061059216352353,1.1004514680152089,-2.7061059216352352
73.62086160300004,3.9024359034277607,-2.303934710351856,1.1024359004024311,-2.703934710351856
73.633078641,3.904436486769617,-2.3017453630896836,1.1044364837442875,-2.7017453630896835
73.64698609100003,3.9064364198389776,-2.2995554217982135,1.106436416813648,-2.6995554217982134
73.65819760700003,3.90843570245947,-2.2973648866705774,1.1084356994341404,-2.6973648866705773
73.66916106000002,3.9104343344547727,-2.295173757899957,1.1104343314294431,-2.695173757899957
73.71686142600004,3.9124323156486094,-2.2929820356796053,1.1124323126232798,-2.6929820356796053
73.72767600200001,3.9144296458647654,-2.290789720202822,1.1144296428394358,-2.690789720202822
73.739067557,3.9164263249270856,-2.2885968116629596,1.116426321901756,-2.6885968116629595
73.75083190000004,3.9184223526594755,-2.2864033102534207,1.1184223496341459,-2.6864033102534206
73.76280793400002,3.920417728885891,-2.284209216167661,1.1204177258605612,-2.6842092161676607
73.83936244900002,3.922415436059062,-2.2820112769807084,1.1224154330337326,-2.6820112769807083
73.852511338,3.924418191289624,-2.2798068509349996,1.1244181882642943,-2.6798068509349995
73.86379089400003,3.9264205327135935,-2.277602049010467,1.126420529688264,-2.677602049010467
73.87543066,3.92842246026042,-2.275396871284791,1.1284224572350903,-2.675396871284791
73.88681537900004,3.930423973859577,-2.2731913178356655,1.1304239708342476,-2.6731913178356654
73.93403349100004,3.9324250734405455,-2.270985388740793,1.132425070415216,-2.670985388740793
73.94577431800002,3.9344257589328255,-2.2687790840778916,1.134425755907496,-2.6687790840778916
73.957498386,3.93642603026593,-2.266572403924693,1.1364260272406006,-2.6665724039246927
73.96845497800001,3.938425887369386,-2.2643653483589414,1.1384258843440564,-2.6643653483589413
73.98157311100005,3.9404253301727357,-2.2621579174583943,1.140425327147406,-2.6621579174583943
74.05903451800003,3.942409026057613,-2.2599668975723213,1.1424090230322834,-2.659966897572321
74.070809242,3.9443630178072087,-2.257805939949079,1.144363014781879,-2.6578059399490788
74.08144040400003,3.94631538688645,-2.255643516173456,1.1463153838611202,-2.655643516173456
74.09325769200001,3.9482661321952164,-2.2534796274639266,1.1482661291698868,-2.6534796274639265
74.104803538,3.950215252634319,-2.251314275039781,1.1502152496089892,-2.651314275039781
74.153225996,3.9521627471054823,-2.249147460121133,1.1521627440801527,-2.649147460121133
74.16570056,3.9541086145113433,-2.246979183928929,1.1541086114860137,-2.646979183928929
74.17545920000003,3.9560528537554593,-2.2448094476849314,1.1560528507301298,-2.6448094476849313
74.18724619800003,3.9579954637423027,-2.242638252611729,1.1579954607169731,-2.642638252611729
74.201259946,3.959936443377264,-2.2404655999327345,1.1599364403519346,-2.6404655999327344
74.27901094700002,3.961889197660136,-2.2382766205653084,1.1618891946348064,-2.6382766205653083
74.28982833500004,3.9638746907765365,-2.236049730944233,1.163874687751207,-2.636049730944233
74.30459490200002,3.9658598652594192,-2.233822557270665,1.1658598622340897,-2.633822557270665
74.316509161,3.9678447210681544,-2.231595099590182,1.1678447180428249,-2.631595099590182
74.32754114900001,3.9698292581621053,-2.229367357948391,1.1698292551367757,-2.6293673579483907
74.37411168200003,3.971813476500651,-2.2271393323909026,1.1718134734753214,-2.6271393323909025
74.38473115300002,3.973797376043166,-2.2249110229633224,1.1737973730178366,-2.6249110229633223
74.39595173500004,3.975780956749045,-2.2226824297112646,1.1757809537237156,-2.6226824297112645
74.40783362900004,3.9777642185776774,-2.2204535526803544,1.1777642155523478,-2.6204535526803543
74.42207174700002,3.9797471614884663,-2.218224391916212,1.1797471584631367,-2.618224391916212
74.49820680300002,3.981723787903646,-2.2160018319103334,1.1817237848783164,-2.6160018319103333
74.51207101700004,3.9836897229456016,-2.2137924549232735,1.183689719920272,-2.6137924549232734
74.522793864,3.9856564734500317,-2.211583803816049,1.1856564704247021,-2.611583803816049
74.53389668900002,3.9876240391489186,-2.2093758788896434,1.187624036123589,-2.6093758788896433
74.545576804,3.9895924197741426,-2.2071686804449357,1.189592416748813,-2.6071686804449357
74.59484387500004,3.991561615057465,-2.204962208782707,1.1915616120321353,-2.604962208782707
74.60569273300001,3.993531624730539,-2.2027564642036404,1.1935316217052092,-2.6027564642036403
74.61714138400004,3.9955024485249004,-2.2005514470083214,1.1955024454995709,-2.6005514470083213
74.62797764600003,3.9974740861719824,-2.198347157497235,1.1974740831466528,-2.5983471574972348
74.64172200000002,3.9994465374031014,-2.1961435959707676,1.1994465343777718,-2.5961435959707675
74.71924000800004,4.001428807196946,-2.1939306114757797,1.2014288041716172,-2.5939306114757796
74.73370673600004,4.0034304103925855,-2.191696402070656,1.2034304073672564,-2.591696402070656
74.746049927,4.005432019697563,-2.189462198138817,1.2054320166722334,-2.589462198138817
74.75723545300002,4.007433635111851,-2.187227999680284,1.2074336320865218,-2.587227999680284
74.76815262900004,4.009435256635438,-2.184993806695075,1.209435253610109,-2.584993806695075
74.81371152500003,4.011436884268304,-2.182759619183211,1.2114368812429746,-2.5827596191832107
74.82562834700002,4.013438518010439,-2.180525437144703,1.2134385149851097,-2.580525437144703
74.83668466300003,4.015440157861823,-2.178291260579572,1.215440154836494,-2.578291260579572
74.84735367000002,4.017441803822444,-2.176057089487831,1.2174418007971148,-2.576057089487831
74.859807789,4.0194434558922865,-2.173822923869502,1.2194434528669573,-2.573822923869502
74.93824135900002,4.021443520726344,-2.17159052448508,1.2214435177010152,-2.57159052448508
74.95044369500005,4.02344053588543,-2.169361313913531,1.223440532860101,-2.569361313913531
74.96200179499999,4.0254374138664595,-2.1671319804600553,1.2254374108411303,-2.567131980460055
74.97380665500003,4.027434154661873,-2.164902524133088,1.227434151636544,-2.564902524133088
74.98475658400002,4.029430758264115,-2.1626729449410793,1.229430755238786,-2.5626729449410792
75.03413103900004,4.031427224665618,-2.1604432428924665,1.2314272216402893,-2.5604432428924664
75.04527685300002,4.0334235538588254,-2.1582134179956953,1.2334235508334963,-2.5582134179956952
75.056718289,4.03541974583618,-2.155983470259204,1.2354197428108504,-2.555983470259204
75.067565398,4.037415800590119,-2.1537533996914426,1.2374157975647897,-2.5537533996914425
75.08120678800003,4.039411718113091,-2.1515232063008525,1.239411715087762,-2.5515232063008524
75.16166521500003,4.041402653963151,-2.1492982551794104,1.2414026509378218,-2.5492982551794103
75.17571398200005,4.043384188749968,-2.1470829061333534,1.243384185724639,-2.5470829061333533
75.18851747300005,4.045365190628227,-2.144867080538792,1.2453651876028982,-2.544867080538792
75.199426835,4.047345659483325,-2.1426507785239126,1.2473456564579957,-2.5426507785239125
75.210400607,4.049325595200688,-2.140434000216934,1.2493255921753592,-2.540434000216934
75.253560805,4.051304997665771,-2.138216745746104,1.2513049946404422,-2.538216745746104
75.264878318,4.053283866764055,-2.1359990152397,1.2532838637387256,-2.5359990152397
75.27595060200002,4.055262202381059,-2.133780808826024,1.2552621993557302,-2.533780808826024
75.28749129300002,4.057240004402328,-2.1315621266334053,1.2572400013769984,-2.531562126633405
75.299063289,4.0592172727134415,-2.129342968790202,1.2592172696881123,-2.529342968790202
75.379680914,4.061194210998147,-2.127123236848585,1.2611942079728182,-2.5271232368485848
75.39278042500001,4.063171706902789,-2.1249034814363723,1.2631717038774601,-2.524903481436372
75.40348094700005,4.065149725167689,-2.122684191485349,1.2651497221423602,-2.522684191485349
75.41616919800003,4.067128265683287,-2.12046536711845,1.267128262657958,-2.52046536711845
75.42709938900003,4.069107328339987,-2.1182470084585754,1.2691073253146579,-2.5182470084585753
75.476106431,4.071086913028176,-2.1160291156285953,1.2710869100028468,-2.516029115628595
75.48710325000002,4.073067019638207,-2.113811688751357,1.2730670166128775,-2.513811688751357
75.49805092000003,4.075047648060404,-2.1115947279496803,1.275047645035075,-2.51159472794968
75.510016796,4.077028798185064,-2.1093782333463587,1.277028795159735,-2.5093782333463586
75.52373235800002,4.079010469902451,-2.1071622050641627,1.2790104668771223,-2.5071622050641627
75.60353537600002,4.080983340609445,-2.1049571553962267,1.2809833375841162,-2.5049571553962267
75.61480924400001,4.082939927784176,-2.102772550113744,1.282939924758847,-2.502772550113744
75.62685072800002,4.08489778881871,-2.1005890864016825,1.2848977857933805,-2.5005890864016824
75.63923161700001,4.086856923047015,-2.0984067650028275,1.2868569200216857,-2.4984067650028274
75.652459088,4.08881732980261,-2.0962255866595827,1.2888173267772807,-2.4962255866595826
75.70076120200002,4.09077900841858,-2.0940455521139705,1.2907790053932509,-2.4940455521139704
75.71567513300005,4.092741958227578,-2.0918666621076203,1.2927419552022492,-2.49186666210762
75.72281239900002,4.094706178561824,-2.089688917381773,1.2947061755364953,-2.489688917381773
75.73355091500002,4.096671668753104,-2.087512318677281,1.296671665727775,-2.4875123186772807
75.747860903,4.098638428132776,-2.085336866734606,1.2986384251074465,-2.485336866734606
75.824508923,4.100613889751546,-2.083154117006725,1.3006138867262171,-2.483154117006725
75.836698399,4.102604500782085,-2.0809541700939636,1.3026044977567555,-2.4809541700939635
75.849645001,4.10459448000659,-2.078753651659631,1.3045944769812605,-2.478753651659631
75.86123290200004,4.1065838272609785,-2.076552561885166,1.3065838242356493,-2.476552561885166
75.872856232,4.108572542381222,-2.074350900952058,1.3085725393558931,-2.474350900952058
75.92149356500005,4.110560625203323,-2.072148669041854,1.3105606221779942,-2.4721486690418537
75.934948475,4.112548075563354,-2.069945866336144,1.312548072538025,-2.4699458663361438
75.94361962800002,4.114534893297428,-2.0677424930165684,1.3145348902720988,-2.4677424930165683
75.954168047,4.116521078241724,-2.065538549264811,1.3165210752163947,-2.465538549264811
75.96764415000001,4.118506630232462,-2.063334035262601,1.3185066272071326,-2.463334035262601
76.047690192,4.120494558190337,-2.0611256379506346,1.3204945551650082,-2.4611256379506345
76.06170910400004,4.122487605038564,-2.0589106650087787,1.3224876020132346,-2.4589106650087786
76.073033673,4.12448026129466,-2.056695340671927,1.3244802582693307,-2.456695340671927
76.08519563500005,4.126472526896664,-2.0544796650089614,1.3264725238713346,-2.4544796650089613
76.096840902,4.128464401782638,-2.052263638088769,1.3284643987573093,-2.452263638088769
76.14426512400001,4.130455885890652,-2.050047259980251,1.3304558828653228,-2.4500472599802507
76.15516055700004,4.132446979158786,-2.0478305307523152,1.3324469761334568,-2.447830530752315
76.166026295,4.134437681525137,-2.0456134504738848,1.3344376784998078,-2.4456134504738847
76.177259864,4.136427992927807,-2.0433960192138922,1.3364279899024778,-2.443396019213892
76.189393586,4.138417913304916,-2.041178237041278,1.3384179102795866,-2.441178237041278
76.26991708000003,4.140409646700777,-2.03895772103678,1.3404096436754482,-2.43895772103678
76.28278072300003,4.142405490439813,-2.0367327947427465,1.3424054874144842,-2.4367327947427464
76.29333245600003,4.14440154767196,-2.034508059978672,1.3444015446466304,-2.434508059978672
76.30505901000004,4.146397818378849,-2.032283516765043,1.3463978153535194,-2.4322835167650427
76.31580098700005,4.1483943025420995,-2.0300591651223385,1.3483942995167704,-2.4300591651223384
76.36381837900001,4.150391000143319,-2.0278350050710445,1.35039099711799,-2.4278350050710444
76.37635228700003,4.1523879111641335,-2.025611036631638,1.3523879081388044,-2.425611036631638
76.38612041700003,4.154385035586144,-2.0233872598246005,1.354385032560815,-2.4233872598246005
76.39716670000001,4.156382373390961,-2.0211636746704085,1.3563823703656315,-2.4211636746704084
76.41014085400002,4.1583799245601965,-2.0189402811895403,1.3583799215348673,-2.41894028118954
76.48857042000003,4.160375937133858,-2.0167189591024166,1.3603759341085286,-2.4167189591024165
76.50141053500005,4.162368526538676,-2.0145009755511056,1.3623685235133465,-2.4145009755511055
76.51251756600004,4.164360761982014,-2.0122826740593327,1.3643607589566846,-2.4122826740593326
76.52488483600001,4.1663526434131395,-2.010064054683587,1.3663526403878103,-2.4100640546835868
76.536183048,4.168344170781325,-2.0078451174803624,1.3683441677559962,-2.4078451174803623
76.58252233500002,4.170335344035859,-2.0056258625061636,1.37033534101053,-2.4056258625061635
76.595995674,4.172326163126043,-2.0034062898175016,1.3723261601007142,-2.4034062898175015
76.60464596600002,4.174316628001177,-2.0011863994708956,1.3743166249758483,-2.4011863994708955
76.61645735400003,4.176306738610576,-1.9989661915228767,1.3763067355852465,-2.398966191522877
76.63022886000005,4.178296494903565,-1.9967456660299787,1.3782964918782357,-2.396745666029979
76.70386643800003,4.180277765816452,-1.9945340697415275,1.3802777627911231,-2.3945340697415274
76.71640263400002,4.182244508994529,-1.9923401592140715,1.3822445059692,-2.3923401592140716
76.72857667800002,4.184212270945838,-1.9901471623983034,1.3842122679205087,-2.3901471623983035
76.74148486900003,4.186181051245888,-1.9879550797673078,1.3861810482205588,-2.3879550797673077
76.75369137300004,4.18815084946997,-1.9857639117939678,1.388150846444641,-2.3857639117939677
76.80053408600003,4.190121665193151,-1.9835736589509727,1.3901216621678216,-2.3835736589509726
76.81520973200003,4.192093497990279,-1.981384321710812,1.39209349496495,-2.381384321710812
76.82243590500002,4.194066347435982,-1.9791959005457755,1.3940663444106525,-2.3791959005457755
76.83416094800003,4.19604021310467,-1.9770083959279603,1.3960402100793408,-2.37700839592796
76.84608666400004,4.1980150945705335,-1.9748218083292617,1.3980150915452043,-2.3748218083292616
76.92216899300001,4.200000410296574,-1.9726255745871981,1.4000004072712446,-2.372625574587198
76.93420694400004,4.202006231203847,-1.9704068191305584,1.402006228178518,-2.3704068191305585
76.94488301400003,4.204011879403094,-1.9681879075529347,1.4040118763777647,-2.368187907552935
76.95765532000001,4.206017354882156,-1.9659688398677622,1.4060173518568266,-2.365968839867762
76.97038291800004,4.2080226576288835,-1.9637496160884986,1.4080226546035544,-2.3637496160884988
77.017880778,4.210027787631123,-1.9615302362285794,1.410027784605794,-2.3615302362285795
77.028667181,4.212032744876725,-1.9593107003014534,1.4120327418513963,-2.3593107003014535
77.03933006100004,4.214037529353547,-1.957091008320572,1.4140375263282179,-2.357091008320572
77.05068039700001,4.21604214104944,-1.9548711602993778,1.4160421380241113,-2.354871160299378
77.06322424500001,4.218046579952257,-1.9526511562513262,1.418046576926928,-2.3526511562513264
77.14056803,4.220042737763808,-1.950439897757194,1.4200427347384785,-2.350439897757194
77.15244413200003,4.2220232240739675,-1.9482446173515153,1.4220232210486383,-2.3482446173515155
77.16306136500003,4.224002884843344,-1.9460485924604014,1.4240028818180148,-2.3460485924604013
77.17450582500004,4.225981719792088,-1.9438518233942899,1.425981716766759,-2.34385182339429
77.18565958100004,4.227959728640458,-1.941654310463729,1.4279597256151293,-2.341654310463729
77.233581018,4.229936911108824,-1.9394560539793797,1.4299369080834952,-2.33945605397938
77.24537231100004,4.231913266917678,-1.9372570542520016,1.4319132638923486,-2.3372570542520017
77.25650453700001,4.233888795787629,-1.9350573115924632,1.4338887927622999,-2.3350573115924633
77.26663986100004,4.235863497439399,-1.9328568263117358,1.43586349441407,-2.332856826311736
77.27974352800004,4.237837371593829,-1.930655598720897,1.4378373685685002,-2.330655598720897
77.35528060500002,4.239805938264114,-1.92845858522068,1.4398059352387849,-2.32845858522068
77.367398691,4.2417651166184855,-1.926269818682481,1.4417651135931564,-2.326269818682481
77.37842565400001,4.243723109661649,-1.9240799917427756,1.4437231066363196,-2.3240799917427757
77.39056990099999,4.245679916819665,-1.9218891050434534,1.4456799137943355,-2.3218891050434536
77.40110311200004,4.247635537518943,-1.9196971592267222,1.4476355344936138,-2.319697159226722
77.44631713900003,4.24958997118624,-1.917504154935099,1.449589968160911,-2.317504154935099
77.45731593,4.2515432172486545,-1.9153100928114148,1.4515432142233253,-2.3153100928114148
77.468522485,4.253495275133642,-1.913114973498805,1.453495272108313,-2.3131149734988052
77.479212228,4.255446144269001,-1.9109187976407194,1.455446141243672,-2.3109187976407193
77.491412492,4.257395824082879,-1.9087215658809156,1.45739582105755,-2.3087215658809157
77.56673281400003,4.259352516696285,-1.9065142296833715,1.4593525136709555,-2.3065142296833714
77.577931949,4.261326029260877,-1.9042881769810052,1.4613260262355476,-2.304288176981005
77.59117387100002,4.263300025914069,-1.9020625535426061,1.46330002288874,-2.3020625535426062
77.60463082300004,4.265274506562498,-1.8998373594734448,1.4652745035371693,-2.299837359473445
77.61548913500002,4.26724947111276,-1.8976125948787903,1.4672494680874308,-2.29761259487879
77.665283939,4.26922491947144,-1.8953882598638718,1.4692249164461106,-2.2953882598638717
77.676942833,4.271200851545101,-1.8931643545338999,1.4712008485197723,-2.2931643545339
77.68807672500003,4.273177267240286,-1.8909408789940636,1.4731772642149572,-2.2909408789940637
77.698960946,4.275154166463507,-1.888717833349537,1.4751541634381775,-2.288717833349537
77.71078101800003,4.277131549121252,-1.8864952177054681,1.4771315460959231,-2.2864952177054683
77.786184876,4.27911489470112,-1.884266814588942,1.479114891675791,-2.284266814588942
77.79811419100002,4.28110897081854,-1.8820265370293179,1.4811089677932108,-2.282026537029318
77.80810145800001,4.283103031346572,-1.8797862455936283,1.483103028321243,-2.279786245593628
77.820229036,4.285097076285115,-1.8775459402819916,1.4850970732597855,-2.2775459402819918
77.831202249,4.287091105634071,-1.8753056210945138,1.4870911026087414,-2.275305621094514
77.87864957100004,4.289085119393345,-1.8730652880313052,1.4890851163680159,-2.2730652880313054
77.88924861100003,4.291079117562841,-1.8708249410924753,1.491079114537512,-2.2708249410924752
77.90013453,4.29307310014246,-1.8685845802781302,1.493073097117131,-2.26858458027813
77.91099589100003,4.295067067132106,-1.8663442055883805,1.4950670641067765,-2.2663442055883807
77.924064741,4.297061018531687,-1.8641038170233322,1.4970610155063575,-2.264103817023332
78.00033936,4.299043460080434,-1.8618764504114698,1.4990434570551052,-2.26187645041147
78.01062191700004,4.301005200312127,-1.8596738676750093,1.5010051972867977,-2.2596738676750094
78.021724888,4.302967903559345,-1.8574721430303525,1.5029679005340162,-2.2574721430303524
78.03587244200003,4.304931569446758,-1.8552712768985535,1.504931566421429,-2.2552712768985534
78.04721260500003,4.3068961975988405,-1.853071269700491,1.5068961945735113,-2.253071269700491
78.09657875200003,4.308861787639886,-1.8508721218568887,1.508861784614557,-2.250872121856889
78.10816112700002,4.310828339194001,-1.848673833788303,1.5108283361686716,-2.248673833788303
78.11916726500004,4.3127958518851095,-1.8464764059151277,1.5127958488597804,-2.2464764059151276
78.12943468100002,4.3147643253369505,-1.8442798386575914,1.5147643223116214,-2.2442798386575915
78.14146704699999,4.316733759173079,-1.84208413243576,1.51673375614775,-2.24208413243576
78.21821590900004,4.318710589990485,-1.8398819498334236,1.518710586965156,-2.2398819498334235
78.23087824600003,4.320700289653464,-1.8376651943342532,1.5207002866281352,-2.2376651943342534
78.24210797800004,4.32268958089527,-1.8354480723152313,1.522689577869941,-2.2354480723152315
78.255372303,4.324678463648396,-1.8332305838515892,1.5246784606230666,-2.233230583851589
78.26593677100004,4.3266669378453235,-1.831012729018602,1.5266669348199944,-2.231012729018602
78.31227515300003,4.32865500341857,-1.8287945078915404,1.5286550003932406,-2.2287945078915405
78.32440718600003,4.330642660300656,-1.8265759205456926,1.530642657275327,-2.2265759205456925
78.334989431,4.3326299084241215,-1.8243569670563535,1.5326299053987924,-2.2243569670563534
78.34537765600004,4.33461674772152,-1.8221376474988393,1.5346167446961907,-2.2221376474988395
78.358574465,4.336603178125421,-1.8199179619484696,1.5366031751000921,-2.2199179619484695
78.433660132,4.33859117572634,-1.817695782572236,1.538591172701011,-2.217695782572236
78.44587114300003,4.340582879206657,-1.815469683469679,1.540582876181328,-2.215469683469679
78.45688435700004,4.3425748327356475,-1.8132438081123636,1.5425748297103183,-2.2132438081123635
78.46850228300002,4.3445670362881685,-1.8110181565283852,1.5445670332628394,-2.211018156528385
78.47989111600003,4.346559489839093,-1.8087927287458263,1.5465594868137638,-2.208792728745826
78.52835398900004,4.348552193363265,-1.8065675247927708,1.5485521903379356,-2.2065675247927707
78.53962569000004,4.350545146835554,-1.8043425446972952,1.5505451438102247,-2.2043425446972953
78.55088884500003,4.352538350230802,-1.802117788487474,1.5525383472054726,-2.202117788487474
78.56246745200002,4.354531803523858,-1.7998932561913827,1.5545318004985287,-2.1998932561913827
78.57640402600003,4.3565255066895725,-1.797668947837089,1.5565255036642434,-2.197668947837089
78.64948111300004,4.358514564579762,-1.7954503728053923,1.558514561554433,-2.1954503728053925
78.66234871,4.360495052134317,-1.7932424963140379,1.5604950491089875,-2.193242496314038
78.67346320600001,4.362476190533553,-1.791035203810111,1.5624761875082243,-2.191035203810111
78.68437569900004,4.364457979605271,-1.7888284954854698,1.5644579765799422,-2.18882849548547
78.696532144,4.366440419177213,-1.7866223715319205,1.5664404161518837,-2.1866223715319206
78.742027968,4.368423509077064,-1.7844168321412222,1.5684235060517349,-2.1844168321412223
78.75515001900004,4.370407249132448,-1.7822118775050864,1.570407246107119,-2.1822118775050865
78.76459637700003,4.372391639170937,-1.7800075078151663,1.5723916361456078,-2.180007507815166
78.77588477900002,4.374376679020059,-1.7778037232630586,1.5743766759947295,-2.1778037232630587
78.78941768700003,4.3763623685072695,-1.7756005240403208,1.5763623654819403,-2.1756005240403207
78.86323229800001,4.378350519315658,-1.773395883285305,1.578350516290329,-2.173395883285305
78.87537957200004,4.3803425851169795,-1.7711879742170762,1.5803425820916503,-2.171187974217076
78.88775010800003,4.382335153167392,-1.7689805184021525,1.5823351501420628,-2.1689805184021527
78.90017740800005,4.384328223363765,-1.7667735159547817,1.5843282203384357,-2.1667735159547816
78.91144299200005,4.386321795602941,-1.7645669669891941,1.5863217925776123,-2.1645669669891943
78.956519383,4.3883158697817475,-1.7623608716195893,1.5883158667564183,-2.1623608716195895
78.96783020700002,4.390310445796973,-1.760155229960151,1.590310442771644,-2.160155229960151
78.97845390200001,4.392305523545384,-1.7579500421250336,1.5923055205200551,-2.1579500421250337
78.98990198300004,4.394301102923728,-1.7557453082283692,1.5943010998983986,-2.155745308228369
79.00409721800003,4.3962971838287155,-1.7535410283842685,1.5962971808033863,-2.1535410283842684
79.07865271500003,4.398277854185598,-1.7513549200119352,1.5982778511602689,-2.151354920011935
79.09129162900001,4.400230323939253,-1.7492029395155881,1.6002303209139237,-2.1492029395155883
79.10229274300002,4.402184551570363,-1.7470525552333274,1.6021845485450337,-2.1470525552333273
79.115114968,4.40414053577396,-1.7449037686011162,1.604140532748631,-2.1449037686011163
79.126952324,4.406098275243922,-1.742756581053825,1.6060982722185928,-2.142756581053825
79.17411231100004,4.408057768672942,-1.7406109940252659,1.6080577656476125,-2.140610994025266
79.18499704500005,4.410019014752541,-1.738467008948185,1.6100190117272115,-2.138467008948185
79.19635165600005,4.411982012173069,-1.7363246272542574,1.6119820091477397,-2.1363246272542575
79.20706274700001,4.413946759623714,-1.7341838503740852,1.6139467565983852,-2.134183850374085
79.219896242,4.415913255792484,-1.7320446797372024,1.6159132527671547,-2.1320446797372026
79.29574422600001,4.4178961833217905,-1.7298909944767749,1.6178961802964613,-2.1298909944767748
79.30649754200005,4.41991847771834,-1.7276957662309804,1.6199184746930104,-2.1276957662309806
79.31935630000004,4.421941062331608,-1.7255008053749223,1.6219410593062786,-2.1255008053749225
79.33039860000002,4.423963937126245,-1.7233061119469635,1.6239639341009156,-2.1233061119469636
79.34181876900004,4.425987102066892,-1.721111685985466,1.6259870990415628,-2.121111685985466
79.39049610300003,4.428010557118178,-1.7189175275287916,1.6280105540928487,-2.1189175275287915
79.40559101000002,4.43003430224473,-1.7167236366152956,1.6300342992194006,-2.1167236366152955
79.41313851000001,4.432058337411175,-1.7145300132833265,1.632058334385846,-2.1145300132833267
79.423901382,4.434082662582134,-1.7123366575712295,1.634082659556805,-2.1123366575712295
79.43645388300001,4.436107277722219,-1.7101435695173426,1.63610727469689,-2.1101435695173425
79.51428292600002,4.438131429126164,-1.7079515726982537,1.638131426100835,-2.1079515726982536
79.52606773900004,4.440154511411327,-1.7057614105985461,1.640154508385998,-2.105761410598546
79.53780676299999,4.442177943777063,-1.7035715719248463,1.6421779407517336,-2.1035715719248462
79.54981662300003,4.444201726171664,-1.701382056733109,1.6442017231463346,-2.101382056733109
79.56132754000004,4.446225858543419,-1.6991928650792882,1.6462258555180895,-2.099192865079288
79.60793137900004,4.448250340840598,-1.6970039970193227,1.648250337815269,-2.0970039970193226
79.619298571,4.450275173011474,-1.6948154526091446,1.6502751699861449,-2.0948154526091445
79.63018882,4.452300355004307,-1.6926272319046787,1.6523003519789778,-2.092627231904679
79.64083218900004,4.454325886767343,-1.6904393349618443,1.6543258837420138,-2.0904393349618444
79.654814053,4.456351768248827,-1.6882517618365458,1.6563517652234978,-2.088251761836546
79.73224528400004,4.458365300318932,-1.686078013874351,1.658365297293603,-2.086078013874351
79.74303385900004,4.460354464373257,-1.6839286139850778,1.6603544613479277,-2.0839286139850777
79.75679872400002,4.462342297984916,-1.6817779836004294,1.6623422949595872,-2.0817779836004293
79.77023449300003,4.464328800392715,-1.6796261235439405,1.6643287973673857,-2.0796261235439406
79.78062608800002,4.466313970835991,-1.677473034639587,1.6663139678106615,-2.077473034639587
79.825075502,4.468297808554578,-1.6753187177118323,1.6682978055292486,-2.0753187177118324
79.83651760000004,4.470280312788823,-1.6731631735856087,1.670280309763494,-2.0731631735856086
79.84817009200003,4.472261482779585,-1.671006403086319,1.6722614797542557,-2.071006403086319
79.85914989500003,4.474241317768232,-1.668848407039838,1.6742413147429032,-2.068848407039838
79.87135815200003,4.476219816996645,-1.666689186272505,1.6762198139713158,-2.066689186272505
79.94938577900001,4.478201322647154,-1.664524036564458,1.6782013196218246,-2.064524036564458
79.96026930800002,4.480189783649868,-1.6623491334447382,1.6801897806245387,-2.062349133444738
79.97338883000003,4.4821772434277705,-1.6601733153524432,1.6821772404024413,-2.060173315352443
79.98572921100003,4.4841637015598375,-1.657996582748497,1.6841636985345083,-2.057996582748497
79.99721030300003,4.486149157625264,-1.6558189360940123,1.686149154599935,-2.0558189360940125
80.04340444600001,4.4881336112034615,-1.6536403758502936,1.6881336081781324,-2.0536403758502937
80.05477406100005,4.490117061874049,-1.6514609024788387,1.6901170588487195,-2.051460902478839
80.06549408400002,4.492099509216861,-1.6492805164413404,1.692099506191532,-2.0492805164413403
80.076009097,4.494080952811942,-1.647099218199684,1.6940809497866125,-2.047099218199684
80.08840077600001,4.496061392239548,-1.644917008215947,1.6960613892142185,-2.044917008215947
80.16630862400001,4.498049021896589,-1.642725009439765,1.6980490188712603,-2.042725009439765
80.180130545,4.500053378143051,-1.640514624776551,1.7000533751177223,-2.040514624776551
80.191457748,4.50205804412393,-1.6383045210171643,1.702058041098601,-2.038304521017164
80.20321424300005,4.504063019799854,-1.636094698205024,1.7040630167745245,-2.036094698205024
80.21422828000004,4.506068305131455,-1.6338851563835237,1.706068302106126,-2.0338851563835236
80.26272541900005,4.508073900079352,-1.6316758955960518,1.7080738970540228,-2.031675895596052
80.27601784500001,4.510079804604162,-1.6294669158859945,1.710079801578833,-2.0294669158859944
80.28561059700002,4.512086018666493,-1.6272582172967311,1.7120860156411641,-2.027258217296731
80.29696787099999,4.514092542226944,-1.6250497998716378,1.7140925392016149,-2.025049799871638
80.30740931900004,4.51609937524611,-1.6228416636540826,1.7160993722207811,-2.0228416636540825
80.38440324700002,4.518107354402562,-1.6206328208589293,1.718107351377233,-2.0206328208589293
80.39673124300003,4.520116826711475,-1.6184220883088474,1.720116823686146,-2.0184220883088475
80.409412347,4.5221260600292945,-1.6162111385484854,1.7221260570039654,-2.0162111385484853
80.42020630300004,4.524135054332548,-1.613999971603681,1.7241350513072184,-2.013999971603681
80.43164482400005,4.526143809597745,-1.6117885875002738,1.7261438065724155,-2.011788587500274
80.477519573,4.528152325801425,-1.6095769862641018,1.7281523227760962,-2.009576986264102
80.49154935900003,4.530160602920112,-1.6073651679210104,1.7301605998947824,-2.0073651679210105
80.502409983,4.532168640930341,-1.6051531324968462,1.732168637905012,-2.0051531324968463
80.51333132799999,4.534176439808648,-1.6029408800174603,1.7341764367833186,-2.0029408800174604
80.526142101,4.536183999531566,-1.6007284105086987,1.7361839965062371,-2.0007284105086987
80.60449011000003,4.538191084914962,-1.5985160447609936,1.7381910818896324,-1.9985160447609935
80.61687577700002,4.540197831842831,-1.5963043638864782,1.740197828817502,-1.9963043638864781
80.62774228900003,4.542204839502543,-1.5940929196124738,1.7422048364772138,-1.994092919612474
80.638559166,4.544212107866207,-1.5918817119697137,1.7442121048408783,-1.9918817119697136
80.64933519200002,4.546219636905929,-1.5896707409889352,1.7462196338805995,-1.9896707409889354
80.70031077500005,4.548227426593798,-1.587460006700864,1.7482274235684692,-1.9874600067008639
80.71496314000001,4.5502354769019115,-1.5852495091362337,1.7502354738765824,-1.9852495091362337
80.72267685400004,4.552243787802364,-1.5830392483257618,1.7522437847770345,-1.983039248325762
80.73306713800002,4.554252359267233,-1.5808292243001754,1.7542523562419037,-1.9808292243001753
80.746785451,4.556261191268605,-1.5786194370901876,1.7562611882432755,-1.9786194370901877
80.82037734,4.558266654848347,-1.5764139137328221,1.7582666518230177,-1.9764139137328223
80.83302164000003,4.560265837672306,-1.574216286284618,1.7602658346469768,-1.974216286284618
80.84289172000001,4.562265574508952,-1.5720191629496991,1.7622655714836233,-1.972019162949699
80.854162051,4.564265865231175,-1.569822543867726,1.7642658622058462,-1.9698225438677262
80.86624419000003,4.566266709711819,-1.5676264291783302,1.7662667066864897,-1.9676264291783303
80.91437018600004,4.568268107823697,-1.5654308190211137,1.7682681047983682,-1.9654308190211136
80.92559677000003,4.5702700594395855,-1.5632357135356432,1.7702700564142564,-1.963235713535643
80.93616074000005,4.572272564432227,-1.561041112861455,1.772272561406898,-1.961041112861455
80.94660293700002,4.574275622674329,-1.5588470171380533,1.774275619649,-1.9588470171380532
80.96004522800001,4.576279234038561,-1.5566534265049101,1.7762792310132323,-1.9566534265049103
81.03622129900003,4.578284948002204,-1.5544586302527907,1.7782849449768747,-1.9544586302527907
81.04907458100001,4.580294008721471,-1.5522610853170788,1.7802940056961418,-1.9522610853170788
81.059622015,4.582303497851866,-1.550063932124197,1.7823034948265368,-1.950063932124197
81.07120477900003,4.584313415317001,-1.5478671707576603,1.784313412291672,-1.9478671707576605
81.083496894,4.586323761040478,-1.5456708013009732,1.7863237580151488,-1.9456708013009734
81.12947252100003,4.5883345349458775,-1.5434748238376284,1.7883345319205484,-1.9434748238376285
81.14593945500002,4.590345736956765,-1.5412792384510938,1.790345733931436,-1.9412792384510937
81.15068671,4.592357366996691,-1.5390840452248316,1.7923573639713615,-1.9390840452248317
81.16202391500002,4.594369424989191,-1.5368892442422872,1.7943694219638617,-1.9368892442422871
81.17389813800003,4.5963819108577795,-1.534694835586888,1.7963819078324503,-1.934694835586888
81.25089002200002,4.598395786996386,-1.5324996750693594,1.7983957839710571,-1.9324996750693595
81.26297817700004,4.600411355295267,-1.5303023020829,1.800411352269938,-1.9303023020829002
81.27368058300004,4.602426576434795,-1.5281046107105833,1.8024265734094662,-1.9281046107105833
81.28513271900005,4.604441450364666,-1.525906601007264,1.8044414473393369,-1.9259066010072639
81.29640378600004,4.606455977034597,-1.5237082730278004,1.8064559740092676,-1.9237082730278003
81.34527041500002,4.60847015639431,-1.5215096268270507,1.8084701533689804,-1.9215096268270506
81.37190118900003,4.610483988393536,-1.5193106624598873,1.810483985368207,-1.9193106624598872
81.372138673,4.612497472982018,-1.5171113799811922,1.8124974699566891,-1.917111379981192
81.38031362100003,4.614510610109508,-1.5149117794458495,1.8145106070841788,-1.9149117794458497
81.39392376200004,4.616523399725763,-1.5127118609087538,1.8165233967004335,-1.912711860908754
81.46963973100003,4.618540159664402,-1.5105069460448663,1.8185401566390729,-1.9105069460448663
81.481381139,4.620564825065044,-1.5082932389820436,1.8205648220397146,-1.9082932389820435
81.49388353,4.6225894897268685,-1.5060795312434847,1.8225894867015393,-1.9060795312434848
81.50740413800003,4.62461415364987,-1.503865822829196,1.8246141506245408,-1.903865822829196
81.51938019800002,4.626638816834049,-1.5016521137391776,1.82663881380872,-1.9016521137391775
81.56362393400002,4.628663479279405,-1.499438403973432,1.8286634762540759,-1.899438403973432
81.57488731500001,4.630688140985936,-1.4972246935319555,1.8306881379606068,-1.8972246935319554
81.58540154900004,4.632712801953646,-1.4950109824147524,1.8327127989283172,-1.8950109824147523
81.59622723300004,4.634737462182666,-1.492797270621672,1.8347374591573367,-1.892797270621672
81.609432674,4.636762121672721,-1.4905835581530078,1.8367621186473917,-1.8905835581530077
81.68732447600001,4.638785257457301,-1.48837149507826,1.838785254431972,-1.88837149507826
81.70160654800003,4.640805481229588,-1.486162419921271,1.8408054782042589,-1.8861624199212712
81.712857756,4.642825581433197,-1.4839532317657,1.8428255784078678,-1.8839532317657
81.72562271600003,4.644845558061801,-1.4817439306184554,1.8448455550364722,-1.8817439306184554
81.73668235600002,4.646865411109085,-1.4795345164864486,1.8468654080837554,-1.8795345164864488
81.78271484300001,4.648885140568731,-1.4773249893765898,1.8488851375434017,-1.8773249893765898
81.79570614200003,4.65090474643441,-1.475115349295795,1.8509047434090808,-1.875115349295795
81.80605626600004,4.652924228699818,-1.472905596250986,1.8529242256744887,-1.8729055962509862
81.81747121900003,4.654943587358617,-1.4706957302490618,1.854943584333288,-1.8706957302490617
81.82902196600003,4.656962822404505,-1.4684857512969494,1.8569628193791763,-1.8684857512969493
81.90615706900002,4.658963056282081,-1.4662961407518829,1.858963053256752,-1.8662961407518828
81.91875627500002,4.660927108456546,-1.4641435415349227,1.8609271054312169,-1.8641435415349226
81.92985767100004,4.6628895550049085,-1.4619894784258913,1.8628895519795794,-1.8619894784258912
81.941674063,4.664850394836054,-1.4598339526224362,1.8648503918107249,-1.8598339526224361
81.952590063,4.666809626859785,-1.4576769653229955,1.866809623834456,-1.8576769653229954
82.00075128700001,4.668767249986788,-1.4555185177268326,1.8687672469614585,-1.8555185177268325
82.01534136600003,4.670723263128644,-1.4533586110340209,1.8707232601033148,-1.8533586110340208
82.02273000899999,4.672677665197827,-1.4511972464454492,1.8726776621724976,-1.8511972464454494
82.03410293100006,4.674630455107711,-1.4490344251628149,1.874630452082382,-1.8490344251628148
82.04615075500004,4.676581631772564,-1.4468701483886255,1.8765816287472346,-1.8468701483886254
82.12332962800002,4.67854391788788,-1.4446904277536907,1.8785439148625507,-1.8446904277536906
82.13728022700008,4.680536069225258,-1.4424761828201644,1.8805360661999284,-1.8424761828201643
82.14969678799997,4.682527808215412,-1.4402615669682055,1.8825278051900831,-1.8402615669682056
82.15984895800005,4.684519134789303,-1.4380465802745903,1.884519131763974,-1.8380465802745904
82.17261278200004,4.686510048877866,-1.435831222816136,1.8865100458525372,-1.835831222816136
82.21748518400005,4.688500550412074,-1.4336154946696562,1.8885005473867444,-1.8336154946696563
82.22972634000001,4.690490639322903,-1.4313993959119817,1.8904906362975735,-1.8313993959119816
82.24231808899998,4.692480315541351,-1.4291829266199503,1.892480312516022,-1.8291829266199504
82.253931174,4.694469578998426,-1.4269660868704184,1.8944695759730967,-1.8269660868704185
82.26830473900003,4.6964584296251575,-1.4247488767402494,1.8964584265998283,-1.8247488767402493
82.34763504200004,4.69844743776793,-1.4225307566346486,1.898447434742601,-1.8225307566346487
82.36502507000006,4.700437620944341,-1.4203117380504249,1.9004376179190121,-1.820311738050425
82.37686004100004,4.7024281742928355,-1.4180930515201482,1.9024281712675064,-1.8180930515201483
82.38801081900004,4.704419097758011,-1.4158746971055776,1.904419094732682,-1.8158746971055777
82.39919728500007,4.706410391284452,-1.4136566748684556,1.9064103882591228,-1.8136566748684557
82.44448489200005,4.708402054816743,-1.4114389848705136,1.9084020517914135,-1.8114389848705135
82.45846609000006,4.710394088299446,-1.4092216271734754,1.9103940852741168,-1.8092216271734753
82.46934660200003,4.7123864916771225,-1.4070046018390556,1.9123864886517934,-1.8070046018390555
82.481909013,4.714379264894315,-1.40478790892896,1.9143792618689854,-1.8047879089289602
82.49327278599998,4.716372407895558,-1.4025715485048817,1.9163724048702289,-1.8025715485048819
82.56972655300007,4.718367363226372,-1.4003538409016227,1.9183673602010431,-1.8003538409016229
82.58200425500007,4.720364949905655,-1.398132970847874,1.9203649468803254,-1.798132970847874
82.59389496700004,4.722362287795675,-1.39591187704299,1.9223622847703457,-1.79591187704299
82.60653436700005,4.7243593768713525,-1.393690559514855,1.9243593738460234,-1.7936905595148551
82.61962766799996,4.7263562171076305,-1.3914690182913394,1.9263562140823014,-1.7914690182913393
82.66617704800007,4.728352808479449,-1.3892472534003217,1.9283528054541197,-1.7892472534003216
82.67770001000002,4.730349150961761,-1.3870252648696761,1.9303491479364316,-1.7870252648696763
82.68941819900004,4.73234524452951,-1.3848030527272914,1.9323452415041809,-1.7848030527272916
82.70061392500003,4.734341089157654,-1.3825806170010462,1.9343410861323251,-1.782580617001046
82.71712982399998,4.736336684821149,-1.3803579577188285,1.9363366817958196,-1.7803579577188287
82.79231672500003,4.738334224802292,-1.3781326707269843,1.9383342217769632,-1.7781326707269844
82.80558166500003,4.740335804458405,-1.3759028886577203,1.9403358014330756,-1.7759028886577202
82.81769024500005,4.742337454210811,-1.373673169512871,1.942337451185482,-1.773673169512871
82.829700715,4.744339174057536,-1.3714435132946627,1.9443391710322064,-1.7714435132946629
82.84128225399996,4.746340963996589,-1.369213920005286,1.94634096097126,-1.7692139200052859
82.889688724,4.748342824026015,-1.3669843896469411,1.9483428210006855,-1.7669843896469413
82.906638397,4.750344754143824,-1.364754922221839,1.9503447511184948,-1.7647549222218388
82.91278527700007,4.752346754348035,-1.3625255177321718,1.9523467513227057,-1.762525517732172
82.92420362600006,4.754348824636671,-1.3602961761801515,1.954348821611342,-1.7602961761801517
82.93711406699998,4.756350965007751,-1.3580668975679882,1.9563509619824222,-1.7580668975679883
83.015324518,4.758326550599609,-1.3558670487945377,1.9583265475742797,-1.7558670487945376
83.02955690300001,4.760251245413777,-1.3537204425497065,1.9602512423884475,-1.7537204425497066
83.04316314099998,4.762173764776745,-1.3515718877337701,1.9621737617514157,-1.7515718877337703
83.05696085599999,4.764094106715769,-1.3494213865514153,1.9640941036904396,-1.7494213865514152
83.06913161200004,4.766012269260325,-1.3472689412093333,1.966012266234996,-1.7472689412093332
83.11323266000005,4.767928250442148,-1.3451145539161877,1.9679282474168192,-1.7451145539161876
83.12632537899998,4.769842048295206,-1.3429582268826432,1.9698420452698766,-1.7429582268826431
83.136158233,4.771753660855704,-1.3407999623213567,1.9717536578303747,-1.7407999623213568
83.14705895800006,4.773663086162096,-1.3386397624469748,1.973663083136767,-1.738639762446975
83.16216585600006,4.7755703222550725,-1.3364776294761307,1.9755703192297434,-1.7364776294761306
83.23765808800005,4.77748265473732,-1.3343053594895575,1.9774826517119912,-1.7343053594895577
83.24968110499998,4.779407987689903,-1.3321148592808192,1.979407984664574,-1.732114859280819
83.262967575,4.781331732426619,-1.3299229641348644,1.9813317294012895,-1.7299229641348646
83.27556064499998,4.783253887936799,-1.32772967520324,1.9832538849114698,-1.72772967520324
83.28674166399998,4.785174453210625,-1.3255349936382117,1.985174450185296,-1.7255349936382118
83.33128152299997,4.7870934272391095,-1.3233389205927728,1.9870934242137803,-1.7233389205927727
83.34512252999997,4.789010809014104,-1.321141457220649,1.9890108059887748,-1.7211414572206492
83.352345114,4.790926597528294,-1.3189426046762978,1.990926594502965,-1.7189426046762977
83.36393087200003,4.792840791775204,-1.3167423641149034,1.9928407887498745,-1.7167423641149036
83.37578627600004,4.794753390749196,-1.3145407366923847,1.9947533877238666,-1.7145407366923848
83.45654555100003,4.796670245337196,-1.3123313119430704,1.9966702423118665,-1.7123313119430703
83.46882255300005,4.798598726682818,-1.3101095808314753,1.998598723657489,-1.7101095808314755
83.47983161799999,4.800528325341601,-1.3078888200499712,2.0005283223162715,-1.7078888200499711
83.49206070100007,4.802459040825338,-1.3056690301604352,2.0024590378000084,-1.7056690301604354
83.50259225400004,4.8043908726455005,-1.3034502117245397,2.0043908696201713,-1.7034502117245398
83.550010472,4.80632382031329,-1.3012323653036972,2.006323817287961,-1.7012323653036971
83.56666625500003,4.808257883339636,-1.2990154914590717,2.008257880314307,-1.6990154914590718
83.57332697700002,4.810193061235179,-1.2967995907515784,2.0101930582098495,-1.6967995907515783
83.58405617199998,4.812129353510277,-1.2945846637418879,2.0121293504849476,-1.694584663741888
83.59809666000007,4.814066759675008,-1.2923707109904208,2.0140667566496786,-1.6923707109904207
83.67472758800005,4.816005765501212,-1.2901571731081143,2.016005762475883,-1.6901571731081142
83.68805464000008,4.817946760400094,-1.287943547109078,2.017946757374765,-1.6879435471090782
83.70028629400002,4.819888827900983,-1.2857308620697891,2.019888824875654,-1.6857308620697893
83.71178282199998,4.821831967547714,-1.2835191185099708,2.0218319645223852,-1.6835191185099707
83.72210301900003,4.823776178883877,-1.2813083169491268,2.023776175858548,-1.681308316949127
83.768159605,4.825721461452808,-1.279098457906538,2.025721458427479,-1.6790984579065382
83.781283202,4.827667814797591,-1.2768895419012658,2.027667811772262,-1.6768895419012657
83.79264141599998,4.829615238461059,-1.2746815694521494,2.02961523543573,-1.6746815694521495
83.80407626800007,4.831563731985793,-1.2724745410778056,2.0315637289604638,-1.6724745410778055
83.81741266099999,4.833513294914125,-1.2702684572966285,2.033513291888796,-1.6702684572966287
83.891255242,4.83547460768601,-1.268051121393982,2.0354746046606804,-1.6680511213939822
83.90492111600003,4.837460470039577,-1.2658065867300115,2.037460467014248,-1.6658065867300116
83.914260738,4.8394463921259065,-1.2635621049162875,2.0394463891005774,-1.6635621049162874
83.92579668499997,4.8414323739436105,-1.261317675954409,2.0414323709182813,-1.6613176759544088
83.93892543800001,4.843418415491276,-1.2590732998459688,2.0434184124659467,-1.6590732998459687
83.98502934100003,4.845404516767493,-1.256828976592566,2.045404513742164,-1.656828976592566
83.996153762,4.847390677770857,-1.2545847061957645,2.047390674745528,-1.6545847061957644
84.00784303300003,4.8493768984999495,-1.2523404886571776,2.0493768954746203,-1.6523404886571775
84.01867060299998,4.851363178953384,-1.2500963239784015,2.0513631759280546,-1.6500963239784014
84.03126533900007,4.853349519129725,-1.2478522121609925,2.0533495161043955,-1.6478522121609926
84.10821843399998,4.855328228662682,-1.245616748151716,2.0553282256373526,-1.645616748151716
84.12066388400007,4.857292207735584,-1.2433968494531458,2.0572922047102544,-1.6433968494531457
84.131663038,4.859255493676311,-1.241176337722588,2.0592554906509815,-1.6411763377225879
84.14315194099999,4.861218086293521,-1.2389552131764474,2.0612180832681917,-1.6389552131764473
84.15446251999998,4.863179985395932,-1.236733476031205,2.0631799823706025,-1.6367334760312051
84.20263710800003,4.865141190792333,-1.234511126503401,2.0651411877670043,-1.634511126503401
84.21622237399998,4.867101702291574,-1.2322881648096362,2.067101699266245,-1.6322881648096361
84.22504864900003,4.869061519702575,-1.2300645911665695,2.0690615166772455,-1.6300645911665694
84.23602226899999,4.871020642834322,-1.2278404057909207,2.071020639808993,-1.6278404057909208
84.24909774500003,4.872979071495873,-1.225615608899468,2.072979068470544,-1.625615608899468
84.325406827,4.874933657274258,-1.223393747973845,2.0749336542489285,-1.6233937479738452
84.33751772099998,4.8768815279685365,-1.2211777112271314,2.0768815249432073,-1.6211777112271313
84.34886537900007,4.878828446400497,-1.2189608378153913,2.0788284433751683,-1.6189608378153912
84.36043323799998,4.880774412210771,-1.216743128147821,2.080774409185442,-1.6167431281478208
84.37187444199998,4.882719425040165,-1.2145245826337772,2.0827194220148355,-1.614524582633777
84.41749087199997,4.884663484529658,-1.2123052016827673,2.084663481504329,-1.6123052016827675
84.42864079400005,4.886606590320406,-1.2100849857044569,2.086606587295077,-1.6100849857044568
84.43996086199996,4.888548742053744,-1.2078639351086613,2.0885487390284148,-1.6078639351086612
84.45054715300006,4.89048993937118,-1.2056420503053533,2.0904899363458505,-1.6056420503053532
84.46264515600006,4.892430181914399,-1.2034193317046582,2.09243017888907,-1.6034193317046581
84.53832116200005,4.894375068175712,-1.2011895374401498,2.094375065150383,-1.60118953744015
84.55133392300007,4.896330802466428,-1.1989476682472324,2.096330799441099,-1.5989476682472326
84.56149408300001,4.8982870216362135,-1.196706222139476,2.0982870186108844,-1.5967062221394759
84.57324784600002,4.900243725593532,-1.1944651992217694,2.1002437225682025,-1.5944651992217693
84.58432005000003,4.902200914246827,-1.1922245995989733,2.102200911221498,-1.5922245995989734
84.63057839599998,4.904158587504527,-1.1899844233759185,2.1041585844791975,-1.5899844233759186
84.64543123200002,4.906116745275039,-1.187744670657416,2.10611674224971,-1.587744670657416
84.65308473700003,4.908075387466746,-1.1855053415482582,2.108075384441417,-1.585505341548258
84.66381102600002,4.91003451398801,-1.183266436153217,2.110034510962681,-1.5832664361532172
84.67815981100006,4.9119941247471655,-1.1810279545770481,2.1119941217218363,-1.5810279545770483
84.75340602700004,4.913944252682616,-1.1788013783010058,2.113944249657287,-1.578801378301006
84.76546498199997,4.915876910009057,-1.1765970355354343,2.115876906983728,-1.5765970355354342
84.77788588100003,4.9178108736876975,-1.1743938387990331,2.1178108706623684,-1.574393838799033
84.79075651400007,4.919746143038963,-1.1721917888659872,2.1197461400136337,-1.5721917888659873
84.80387402399998,4.921682717382824,-1.1699908865100705,2.121682714357495,-1.5699908865100705
84.85372188000002,4.923620596038789,-1.1677911325046546,2.1236205930134595,-1.5677911325046545
84.86771788300001,4.925559778325907,-1.1655925276227095,2.1255597753005775,-1.5655925276227096
84.87711634800002,4.927500263562771,-1.163395072636801,2.127500260537442,-1.5633950726368009
84.88777716999999,4.929442051067517,-1.1611987683190912,2.129442048042188,-1.561198768319091
84.89867588700002,4.931385140157823,-1.1590036154413366,2.1313851371324937,-1.5590036154413367
84.98000985300001,4.933338367262617,-1.1567994216175292,2.1333383642372876,-1.5567994216175292
84.99152477299998,4.935310351041341,-1.1545738102649858,2.135310348016012,-1.5545738102649858
85.00262759000003,4.937281824799199,-1.1523477471171442,2.13728182177387,-1.5523477471171443
85.01441720600002,4.9392527884326825,-1.1501212322908767,2.1392527854073533,-1.5501212322908766
85.02497275700006,4.941223241838309,-1.1478942659030829,2.14122323881298,-1.547894265903083
85.07188547900006,4.94319318491262,-1.1456668480706842,2.143193181887291,-1.545666848070684
85.08643132399999,4.945162617552185,-1.1434389789106305,2.145162614526856,-1.5434389789106304
85.09479142000004,4.947131539653602,-1.141210658539889,2.1471315366282733,-1.5412106585398888
85.10632691100005,4.949099951113496,-1.1389818870754573,2.1490999480881667,-1.5389818870754572
85.11957798500003,4.951067851828517,-1.1367526646343526,2.151067848803188,-1.5367526646343528
85.196235307,4.953038768348249,-1.1345190846672046,2.15303876532292,-1.5345190846672048
85.20828292499999,4.955016217802593,-1.1322782348563336,2.1550162147772642,-1.5322782348563337
85.21952174200004,4.956993888694355,-1.1300375804735272,2.156993885669026,-1.5300375804735271
85.23141282800003,4.958971781004225,-1.12779712154066,2.1589717779788957,-1.5277971215406598
85.24343162200006,4.960949894712895,-1.1255568580796118,2.160949891687566,-1.5255568580796117
85.28844625300002,4.962928229801038,-1.123316790112265,2.1629282267757093,-1.5233167901122648
85.29925586100006,4.964906786249334,-1.1210769176604936,2.164906783224005,-1.5210769176604937
85.31012993799999,4.966885564038467,-1.1188372407461717,2.166885561013138,-1.5188372407461719
85.321700367,4.968864563149111,-1.1165977593911727,2.168864560123782,-1.5165977593911726
85.33406186899998,4.970843783561933,-1.1143584736173664,2.170843780536604,-1.5143584736173663
85.41055059299998,4.972825629882082,-1.1121166385177328,2.1728256268567527,-1.5121166385177327
85.422436818,4.974812026680534,-1.1098697806138156,2.174812023655205,-1.5098697806138155
85.43318527499997,4.976798442491712,-1.1076229395187658,2.176798439466383,-1.507622939518766
85.44493581800003,4.978784877315474,-1.1053761152327433,2.1787848742901446,-1.5053761152327434
85.45613634,4.980771331151675,-1.1031293077559106,2.1807713281263457,-1.5031293077559105
85.50344722400001,4.982757804000174,-1.1008825170884278,2.182757800974845,-1.500882517088428
85.51610380100004,4.984744295860828,-1.0986357432304552,2.184744292835499,-1.4986357432304551
85.52497440600001,4.986730806733493,-1.0963889861821545,2.186730803708164,-1.4963889861821547
85.53640520800008,4.988717336618029,-1.0941422459436874,2.1887173335926997,-1.4941422459436873
85.547983074,4.990703885514294,-1.0918955225152134,2.1907038824889646,-1.4918955225152133
85.62580668000004,4.9926743095315045,-1.0896672379807242,2.1926743065061753,-1.4896672379807243
85.63773932999999,4.994615668827095,-1.0874739770928834,2.1946156658017655,-1.4874739770928835
85.64909221400006,4.996558376600539,-1.0852819105465132,2.1965583735752094,-1.4852819105465134
85.66142650800003,4.998502432117051,-1.083091039170709,2.1985024290917217,-1.4830910391707088
85.67222504299997,5.00044783464137,-1.0809013637940912,2.2004478316160405,-1.480901363794091
85.721573482,5.002394583437705,-1.0787128852448349,2.202394580412376,-1.478712885244835
85.73536005,5.0043426777697615,-1.0765256043506661,2.2043426747444324,-1.476525604350666
85.74345334399999,5.00629211690073,-1.0743395219388558,2.206292113875401,-1.4743395219388558
85.75557889099997,5.008242900093297,-1.072154638836222,2.2082428970679677,-1.4721546388362219
85.76958973799998,5.010195026609643,-1.069970955869128,2.2101950235843137,-1.4699709558691278
85.84527281900006,5.012159909109761,-1.0677755929164616,2.212159906084432,-1.4677755929164618
85.85662171200005,5.014151722703062,-1.0655511498979593,2.2141517196777327,-1.4655511498979594
85.86854640000007,5.016143808530214,-1.0633269506734488,2.2161438055048848,-1.4633269506734488
85.879849105,5.018136166561376,-1.0611029952762392,2.2181361635360473,-1.461102995276239
85.89133117800003,5.0201287967666985,-1.0588792837396461,2.2201287937413694,-1.458879283739646
85.93978889300007,5.02212169911633,-1.0566558160969852,2.2221216960910013,-1.4566558160969851
85.95745489400002,5.024114873580422,-1.0544325923815614,2.224114870555093,-1.4544325923815613
85.96427379100004,5.026108320129116,-1.0522096126266773,2.2261083171037868,-1.4522096126266772
85.97524029599998,5.028102038732549,-1.0499868768656277,2.22810203570722,-1.4499868768656277
85.98959942599998,5.0300960293608625,-1.0477643851317096,2.2300960263355334,-1.4477643851317095
86.06603856500004,5.032082111579679,-1.0455511047388693,2.2320821085543496,-1.4455511047388692
86.07770922200001,5.034052462838735,-1.0433539946133505,2.234052459813406,-1.4433539946133505
86.088239794,5.036021884676531,-1.04115605134465,2.236021881651202,-1.4411560513446502
86.09986576099999,5.0379903767407885,-1.0389572753259149,2.2379903737154594,-1.4389572753259148
86.11028560400001,5.039957938679386,-1.0367576669504552,2.239957935654057,-1.4367576669504554
86.15779600800005,5.041924570140373,-1.034557226611734,2.241924567115044,-1.4345572266117341
86.16793937699998,5.043890270771959,-1.032355954703361,2.2438902677466297,-1.432355954703361
86.17951781900007,5.045855040222527,-1.0301538516190947,2.245855037197198,-1.4301538516190946
86.19142160000007,5.047818878140619,-1.027950917752845,2.24781887511529,-1.4279509177528449
86.20320422000003,5.04978178417495,-1.0257471534986655,2.249781781149621,-1.4257471534986657
86.28098221800002,5.051751014813554,-1.0235344810106812,2.251751011788225,-1.4235344810106811
86.29243631900005,5.05373443309509,-1.0213049786694413,2.253734430069761,-1.4213049786694412
86.30431050400006,5.055717543406984,-1.0190752023891863,2.2557175403816547,-1.4190752023891862
86.31496413200006,5.057700345711395,-1.0168451522124544,2.257700342686066,-1.4168451522124546
86.32598378799997,5.0596828399705,-1.014614828181793,2.2596828369451707,-1.4146148281817932
86.37224777099999,5.061665026146473,-1.0123842303397548,2.261665023121144,-1.4123842303397547
86.38490207600006,5.063646904201498,-1.0101533587288958,2.263646901176169,-1.4101533587288957
86.39409251700005,5.06562847409776,-1.0079222133917762,2.2656284710724313,-1.4079222133917764
86.40479391600007,5.06760973579746,-1.0056907943709652,2.267609732772131,-1.4056907943709653
86.41796595700004,5.0695906892627915,-1.0034591017090353,2.2695906862374624,-1.4034591017090352
86.49561998000007,5.071567927942683,-1.0012310856389852,2.2715679249173535,-1.4012310856389854
86.50747747300005,5.073539140657822,-0.99901067232155,2.2735391376324925,-1.39901067232155
86.51860829000003,5.075510946762239,-0.9967907859381827,2.2755109437369097,-1.3967907859381827
86.530159706,5.07748334611509,-0.9945714266474571,2.277483343089761,-1.3945714266474571
86.54104445700005,5.079456338575478,-0.9923525946079115,2.279456335550149,-1.3923525946079116
86.58949307100005,5.081429924002459,-0.9901342899780512,2.2814299209771303,-1.390134289978051
86.60628869500005,5.083404102255054,-0.9879165129163413,2.283404099229725,-1.3879165129163413
86.61205934700007,5.08537887319223,-0.9856992635812092,2.285378870166901,-1.385699263581209
86.62291277700007,5.0873542366729225,-0.9834825421310459,2.2873542336475934,-1.383482542131046
86.63733818600002,5.089330192556016,-0.9812663487242044,2.289330189530687,-1.3812663487242043
86.71034515700006,5.09130101928514,-0.9790571539092261,2.291301016259811,-1.3790571539092262
86.72234582100003,5.093262126396413,-0.976860784043958,2.2932621233710835,-1.376860784043958
86.73248729200003,5.095224290052593,-0.9746653580093937,2.2952242870272634,-1.3746653580093937
86.74424632200004,5.097187509799446,-0.9724708763137657,2.297187506774117,-1.3724708763137659
86.75597287700003,5.099151785182487,-0.9702773394650985,2.299151782157158,-1.3702773394650984
86.80246583600007,5.101117115746983,-0.9680847479711968,2.301117112721654,-1.3680847479711968
86.81592996800003,5.103083501037961,-0.9658931023396451,2.303083498012632,-1.365893102339645
86.82452761400003,5.105050940600203,-0.9637024030778096,2.3050509375748742,-1.3637024030778098
86.83567040100007,5.1070194339782455,-0.96151265069284,2.3070194309529164,-1.3615126506928399
86.847762628,5.108988980716383,-0.9593238456916642,2.3089889776910537,-1.359323845691664
86.92294189900002,5.110969958450259,-0.9571243262908452,2.3109699554249294,-1.3571243262908452
86.93509072600006,5.112974395394343,-0.9548990570848966,2.3129743923690143,-1.3548990570848967
86.94616971900001,5.114978734509218,-0.9526736997620563,2.3149787314838886,-1.3526736997620563
86.95798880199999,5.11698297579101,-0.9504482543266098,2.3169829727656808,-1.3504482543266099
86.96902792100008,5.118987119235843,-0.9482227207828756,2.318987116210514,-1.3482227207828756
87.016201996,5.120991164839846,-0.9459970991351521,2.3209911618145167,-1.3459970991351522
87.02790063000003,5.122995112599146,-0.9437713893877299,2.3229951095738173,-1.3437713893877299
87.03966894800004,5.124998962509865,-0.941545591544923,2.324998959484536,-1.341545591544923
87.05078170600001,5.12700271456814,-0.9393197056110222,2.3270027115428107,-1.3393197056110222
87.06358940900003,5.129006368770087,-0.9370937315903337,2.3290063657447577,-1.3370937315903337
87.13880921000003,5.131009895512004,-0.9348677269076427,2.3310098924866747,-1.3348677269076428
87.15263846199997,5.133013403853934,-0.9326418617811819,2.333013400828605,-1.332641861781182
87.16520098000007,5.1350170134910185,-0.9304160878349887,2.3350170104656893,-1.3304160878349887
87.17549564899997,5.137020724419112,-0.9281904050736703,2.337020721393783,-1.3281904050736704
87.18599831900002,5.139024536634054,-0.9259648135018365,2.3390245336087245,-1.3259648135018365
87.23130171100007,5.141028450131709,-0.9237393131240955,2.34102844710638,-1.3237393131240955
87.24566582599999,5.143032464907916,-0.9215139039450682,2.3430324618825873,-1.321513903945068
87.25497057600006,5.1450365809585294,-0.919288585969348,2.3450365779332003,-1.319288585969348
87.26566996499997,5.147040798279396,-0.9170633592015525,2.347040795254067,-1.3170633592015526
87.279638917,5.149045116866368,-0.9148382236462812,2.349045113841039,-1.3148382236462812
87.35617409100001,5.151039317928766,-0.9126246251266013,2.3510393149034368,-1.3126246251266012
87.368730008,5.15301520363846,-0.9104328801237738,2.3530152006131306,-1.310432880123774
87.38126033099996,5.154992021637328,-0.9082419759509582,2.3549920186119992,-1.3082419759509583
87.393447492,5.156969771567568,-0.9060519130047123,2.356969768542239,-1.3060519130047124
87.40410206799999,5.158948453071202,-0.9038626916814427,2.3589484500458733,-1.3038626916814429
87.450573013,5.160928065790081,-0.901674312377408,2.360928062764752,-1.3016743123774082
87.46625517700005,5.162908609365889,-0.8994867754887115,2.36290860634056,-1.2994867754887114
87.47171391800003,5.164890083440141,-0.8973000814113059,2.3648900804148116,-1.297300081411306
87.48257748999998,5.166872487654177,-0.8951142305409928,2.366872484628848,-1.2951142305409928
87.497542356,5.168855821649179,-0.8929292232734194,2.3688558186238495,-1.2929292232734193
87.573555,5.170847929407102,-0.8907362810874705,2.3708479263817726,-1.2907362810874705
87.58405828500003,5.172856265042193,-0.8885254726529382,2.372856262016864,-1.2885254726529383
87.59624577699998,5.174864348106061,-0.8863144348047834,2.3748643450807316,-1.2863144348047835
87.60907018400002,5.176872178572485,-0.8841031675718725,2.376872175547156,-1.2841031675718724
87.621027664,5.178879756415277,-0.8818916709830477,2.378879753389948,-1.2818916709830477
87.66779219799997,5.180887081608236,-0.8796799450671666,2.380887078582907,-1.2796799450671665
87.67963678000007,5.182894154125162,-0.8774679898530965,2.3828941510998325,-1.2774679898530965
87.69015820099997,5.184900973939869,-0.8752558053697046,2.38490097091454,-1.2752558053697047
87.70188554200007,5.186907541026163,-0.8730433916458598,2.386907538000834,-1.2730433916458597
87.71395162200002,5.188913855357859,-0.8708307487104316,2.3889138523325295,-1.2708307487104316
87.79020192900003,5.190922226666054,-0.8686153678886753,2.3909222236407253,-1.2686153678886753
87.80236348700004,5.192934850023154,-0.8663952940510554,2.392934846997825,-1.2663952940510554
87.81210207400005,5.194947539538936,-0.8641752801918556,2.394947536513607,-1.2641752801918558
87.82379310200002,5.1969602952116265,-0.8619553263130383,2.3969602921862974,-1.2619553263130383
87.83523182699997,5.198973117039428,-0.8597354324165788,2.3989731140140993,-1.2597354324165788
87.88463606900001,5.200986005020557,-0.8575155985044538,2.4009860019952276,-1.2575155985044537
87.89633267100004,5.202998959153226,-0.8552958245786387,2.402998956127897,-1.2552958245786388
87.90772538699997,5.205011979435649,-0.8530761106410873,2.4050119764103197,-1.2530761106410875
87.91922305400004,5.2070250658660395,-0.8508564566937867,2.4070250628407104,-1.2508564566937868
87.93095540400003,5.209038218442616,-0.8486368627387021,2.4090382154172865,-1.2486368627387021
88.00608638700004,5.211049164505173,-0.8464198572128864,2.411049161479844,-1.2464198572128864
88.017656843,5.213056081616192,-0.8442077212542003,2.413056078590863,-1.2442077212542002
88.03096888199997,5.215063250859632,-0.8419958140639241,2.4150632478343033,-1.241995814063924
88.04315100600007,5.217070672209414,-0.8397841356707934,2.417070669184085,-1.2397841356707935
88.05612277000006,5.219078345639462,-0.8375726861035437,2.4190783426141325,-1.2375726861035439
88.10421119000006,5.221086271123686,-0.8353614653909052,2.4210862680983567,-1.235361465390905
88.11554719200007,5.2230944486360045,-0.8331504735616078,2.4230944456106753,-1.233150473561608
88.12672058900006,5.225102878150322,-0.8309397106443734,2.425102875124993,-1.2309397106443734
88.13742015899999,5.227111559640551,-0.8287291766679269,2.4271115566152215,-1.228729176667927
88.14907728500003,5.229120493080588,-0.8265188716609864,2.4291204900552588,-1.2265188716609865
88.22964466800005,5.231128343383364,-0.8243101892422312,2.4311283403580353,-1.2243101892422312
88.243562597,5.233133555281452,-0.8221039504002899,2.4331335522561233,-1.22210395040029
88.25439293400001,5.235138410284718,-0.8198973872355803,2.435138407259389,-1.2198973872355803
88.26753965100005,5.237142908340695,-0.8176904998058364,2.4371429053153655,-1.2176904998058364
88.27768459300006,5.23914704939694,-0.8154832881688048,2.4391470463716107,-1.2154832881688047
88.323529157,5.241150833401013,-0.8132757523822319,2.441150830375684,-1.213275752382232
88.33547248500003,5.243154260300489,-0.8110678925038811,2.44315425727516,-1.2110678925038811
88.34723574800006,5.245157330042948,-0.8088597085915162,2.4451573270176192,-1.2088597085915163
88.35833167200002,5.247160042575978,-0.8066512007029152,2.447160039550649,-1.206651200702915
88.37174869300003,5.249162397847184,-0.804442368895862,2.4491623948218546,-1.204442368895862
88.44604119900004,5.25115736915291,-0.8022408983625966,2.451157366127581,-1.2022408983625965
88.45943674300003,5.253138555220655,-0.8000530337687777,2.453138552195326,-1.2000530337687776
88.46909805399997,5.255118823079918,-0.7978643380564145,2.4551188200545893,-1.1978643380564145
88.48198088999999,5.257098172382061,-0.7956748116108423,2.4570981693567315,-1.1956748116108424
88.49263960600007,5.259076602778585,-0.7934844548175612,2.4590765997532555,-1.1934844548175612
88.53973486000001,5.26105411392115,-0.7912932680622216,2.4610541108958213,-1.1912932680622217
88.55643515000003,5.263030705461587,-0.7891012517306187,2.4630307024362574,-1.1891012517306188
88.56195564199999,5.265006377051883,-0.7869084062086906,2.4650063740265535,-1.1869084062086905
88.57293248399998,5.266981128344189,-0.7847147318825254,2.46698112531886,-1.1847147318825253
88.58709485000003,5.268954958990819,-0.782520229138356,2.46895495596549,-1.182520229138356
88.66200416700002,5.27092542023553,-0.7803278754071796,2.470925417210201,-1.1803278754071798
88.67319608600002,5.272891795138118,-0.7781414648253386,2.4728917921127884,-1.1781414648253388
88.68510509000004,5.274859295687834,-0.7759560671322437,2.4748592926625053,-1.1759560671322438
88.69795848300004,5.276827921362912,-0.7737716829074468,2.476827918337583,-1.173771682907447
88.70959993100001,5.278797671641305,-0.7715883127302179,2.478797668615976,-1.171588312730218
88.75660720900004,5.280768546000676,-0.7694059571795379,2.4807685429753468,-1.1694059571795379
88.76842786200001,5.282740543918393,-0.7672246168341229,2.4827405408930643,-1.167224616834123
88.77927256800007,5.284713664871516,-0.7650442922724254,2.484713661846187,-1.1650442922724253
88.79050173700006,5.286687908336819,-0.7628649840726227,2.4866879053114896,-1.1628649840726228
88.80126017800006,5.288663273790765,-0.7606866928126278,2.4886632707654357,-1.1606866928126278
88.87832489400006,5.290650790471659,-0.758497120108478,2.49065078744633,-1.158497120108478
88.88999058200005,5.292663710838924,-0.756279880668913,2.4926637078135947,-1.156279880668913
88.90084465199999,5.294676528624292,-0.7540625481047109,2.4946765255989627,-1.1540625481047109
88.91316983000007,5.296689243823427,-0.7518451224206223,2.496689240798098,-1.1518451224206223
88.92494754600006,5.298701856432043,-0.7496276036213864,2.498701853406714,-1.1496276036213864
88.97184139100005,5.300714366445827,-0.7474099917117534,2.5007143634204976,-1.1474099917117533
88.98602752599999,5.302726773860457,-0.7451922866964591,2.502726770835128,-1.1451922866964592
88.99354592100002,5.304739078671641,-0.7429744885802687,2.504739075646312,-1.1429744885802688
89.00427544799999,5.306751280875072,-0.740756597367917,2.5067512778497427,-1.140756597367917
89.01688778900001,5.308763380466439,-0.738538613064147,2.5087633774411096,-1.138538613064147
89.09443235300006,5.310770986106313,-0.7363254462978801,2.5107709830809837,-1.1363254462978802
89.10798301300002,5.312770714548264,-0.7341216516227793,2.5127707115229345,-1.1341216516227792
89.12056451799998,5.314770904387943,-0.7319182757091431,2.5147709013626143,-1.1319182757091433
89.13215945600001,5.3167715555376605,-0.7297153186535709,2.5167715525123313,-1.1297153186535709
89.14427483900005,5.318772667909699,-0.7275127805526466,2.51877266488437,-1.1275127805526466
89.18974976099997,5.3207742414163315,-0.7253106615029343,2.5207742383910023,-1.1253106615029345
89.20632028400001,5.322776275969801,-0.7231089616009787,2.522776272944472,-1.1231089616009786
89.21149070400003,5.324778771482333,-0.7209076809433076,2.524778768457004,-1.1209076809433076
89.22240689300003,5.326781727866138,-0.7187068196264286,2.5267817248408084,-1.1187068196264285
89.23464279600006,5.328785145033394,-0.7165063777468321,2.528785142008065,-1.1165063777468323
89.31272193000001,5.3307761555406215,-0.7143202444496575,2.5307761525152923,-1.1143202444496576
89.32456795000002,5.332742430099049,-0.7121591411502524,2.53274242707372,-1.1121591411502525
89.33568366599997,5.334707238554274,-0.7099967048288562,2.534707235528945,-1.1099967048288564
89.34994863100002,5.336670580002571,-0.7078329364800974,2.536670576977242,-1.1078329364800974
89.36110294999997,5.3386324535409155,-0.7056678370991791,2.5386324505155864,-1.1056678370991793
89.40630828399998,5.34059285826694,-0.7035014076819381,2.540592855241611,-1.103501407681938
89.41811008999997,5.3425517932789575,-0.7013336492248228,2.5425517902536283,-1.1013336492248227
89.429589486,5.344509257675956,-0.6991645627248918,2.5445092546506265,-1.0991645627248918
89.44110138600007,5.346465250557603,-0.6969941491798173,2.546465247532274,-1.0969941491798174
89.45513828200006,5.34841977102424,-0.6948224095878779,2.5484197679989107,-1.094822409587878
89.52970293000004,5.350385913084497,-0.6926349276769227,2.550385910059168,-1.0926349276769227
89.54195924300001,5.3523835970409905,-0.6904113846882779,2.5523835940156614,-1.090411384688278
89.55210853299997,5.354381071472409,-0.6881876534751403,2.5543810684470802,-1.0881876534751402
89.56327208600004,5.356378336361021,-0.6859637340572573,2.556378333335692,-1.0859637340572572
89.574476371,5.358375391689087,-0.6837396264543789,2.558375388663758,-1.083739626454379
89.62032129699998,5.360372237438873,-0.6815153306862595,2.560372234413544,-1.0815153306862595
89.63558175200006,5.362368873592651,-0.6792908467726413,2.5623688705673215,-1.0792908467726412
89.642325244,5.364365300132696,-0.6770661747332757,2.5643652971073667,-1.0770661747332757
89.65326040899998,5.366361517041277,-0.6748413145879176,2.5663615140159477,-1.0748413145879177
89.66580686399999,5.368357524300676,-0.6726162663563204,2.568357521275347,-1.0726162663563206
89.742604158,5.370339084953863,-0.6704067635132661,2.570339081928534,-1.0704067635132661
89.75445638900004,5.372293225295475,-0.6682256013384358,2.5722932222701456,-1.068225601338436
89.76536649300004,5.374246013736097,-0.6660432287273074,2.574246010710768,-1.0660432287273074
89.77817088,5.376197449525954,-0.6638596465177974,2.5761974465006245,-1.0638596465177974
89.79011802999997,5.378147531915797,-0.661674855548286,2.578147528890468,-1.061674855548286
89.83598157800003,5.380096260156893,-0.6594888566576232,2.580096257131564,-1.0594888566576233
89.84674225300006,5.382043633501032,-0.6573016506851181,2.5820436304757033,-1.057301650685118
89.85797330500003,5.383989651200524,-0.6551132384705454,2.583989648175195,-1.0551132384705455
89.86911645000004,5.385934312508197,-0.6529236208541415,2.5859343094828677,-1.0529236208541415
89.88225846200004,5.387877616677405,-0.650732798676607,2.5878776136520756,-1.050732798676607
89.95892273600003,5.389823322877305,-0.6485365649604414,2.589823319851976,-1.0485365649604415
89.97106775000003,5.391774856111989,-0.6463314933935073,2.59177485308666,-1.0463314933935073
89.981490156,5.393725330892025,-0.6441254855254614,2.5937253278666956,-1.0441254855254614
89.99523028900006,5.395674746768187,-0.6419185418643777,2.5956747437428582,-1.0419185418643777
90.00600836699999,5.397623103291506,-0.6397106629185393,2.597623100266177,-1.0397106629185393
90.05143907200005,5.399570400013253,-0.6375018491964451,2.5995703969879242,-1.0375018491964452
90.06542563199997,5.401516636484943,-0.63529210120681,2.601516633459614,-1.0352921012068101
90.07375132700002,5.403461812258336,-0.6330814194585627,2.603461809233007,-1.0330814194585627
90.08432762399997,5.4054059268854395,-0.6308698044608484,2.6054059238601104,-1.0308698044608484
90.09732016800007,5.4073489799185035,-0.6286572567230247,2.6073489768931744,-1.0286572567230248
90.17470997000004,5.4093009084590316,-0.6264325616438162,2.6093009054337024,-1.0264325616438161
90.18563285099998,5.411274228905297,-0.6241827971474188,2.611274225879968,-1.0241827971474189
90.196140749,5.413247404342999,-0.6219329054689079,2.61324740131767,-1.021932905468908
90.20780887699999,5.415220434763937,-0.6196828866176348,2.6152204317386083,-1.0196828866176348
90.21926184800003,5.417193320159906,-0.6174327406029525,2.6171933171345767,-1.0174327406029526
90.26758297700002,5.419166060522715,-0.6151824674342093,2.6191660574973863,-1.0151824674342094
90.27857307699998,5.421138655844169,-0.6129320671207548,2.62113865281884,-1.012932067120755
90.28926708,5.4231111061160755,-0.610681539671934,2.6231111030907464,-1.010681539671934
90.299713478,5.4250834113302355,-0.6084308850970965,2.6250834083049064,-1.0084308850970967
90.31193174900005,5.427055571478458,-0.6061801034055961,2.6270555684531285,-1.0061801034055962
90.39223402900001,5.429025004682181,-0.6039321149961532,2.629025001656852,-1.0039321149961533
90.40453818099996,5.430989352142209,-0.6016892954051936,2.63098934911688,-1.0016892954051935
90.41714767499997,5.432953338538632,-0.599446159632223,2.632953335513303,-0.999446159632223
90.42860359600007,5.4349169638205534,-0.5972027077353685,2.6349169607952243,-0.9972027077353686
90.43931179300006,5.436880227937095,-0.5949589397727644,2.636880224911766,-0.9949589397727644
90.48341302600005,5.438843130837378,-0.5927148558025533,2.6388431278120486,-0.9927148558025534
90.49770886699997,5.440805672470541,-0.5904704558828847,2.6408056694452116,-0.9904704558828847
90.50617003200006,5.44276785278573,-0.5882257400719192,2.642767849760401,-0.9882257400719192
90.51717142299998,5.4447296717320945,-0.5859807084278232,2.6447296687067654,-0.9859807084278233
90.53055085400007,5.446691129258799,-0.5837353610087744,2.6466911262334696,-0.9837353610087745
90.60754397700003,5.448653241929062,-0.581488612902376,2.6486532389037327,-0.981488612902376
90.61967088500006,5.450617313606625,-0.5792399118791696,2.6506173105812962,-0.9792399118791696
90.63121527200002,5.452581664514953,-0.5769914547736503,2.6525816614896236,-0.9769914547736503
90.64346621300007,5.454546294623748,-0.5747432416204973,2.654546291598419,-0.9747432416204973
90.653813964,5.456511203902716,-0.5724952724543764,2.656511200877387,-0.9724952724543764
90.70183541199998,5.458476392321556,-0.5702475473099543,2.6584763892962266,-0.9702475473099543
90.71585190499997,5.4604418598499604,-0.5680000662218967,2.6604418568246313,-0.9680000662218967
90.72438667900002,5.462407606457623,-0.5657528292248565,2.6624076034322934,-0.9657528292248565
90.73574485400007,5.464373632114228,-0.5635058363534893,2.6643736290888986,-0.9635058363534893
90.74821299299998,5.466339936789461,-0.5612590876424502,2.6663399337641316,-0.9612590876424503
90.82392131700004,5.468302847614313,-0.5590166722382166,2.6683028445889843,-0.9590166722382166
90.83611321000006,5.470258635476854,-0.5567815866401038,2.6702586324515245,-0.9567815866401038
90.84741696999998,5.472213841543828,-0.5545459920816503,2.6722138385184993,-0.9545459920816504
90.86044582799997,5.474168465682796,-0.5523098887142929,2.674168462657467,-0.9523098887142929
90.87189811900004,5.476122507761344,-0.5500732766895096,2.676122504736015,-0.9500732766895096
90.91750707299997,5.478075967647097,-0.5478361561588102,2.678075964621768,-0.9478361561588102
90.94043562799999,5.480028845207734,-0.5455985272737419,2.680028842182405,-0.9455985272737419
90.94083906899999,5.481981140310962,-0.5433603901858826,2.681981137285633,-0.9433603901858826
90.95062044100001,5.483932852824528,-0.5411217450468483,2.6839328497991986,-0.9411217450468483
90.96310197200006,5.485883982616222,-0.538882592008286,2.6858839795908924,-0.938882592008286
91.04053458100003,5.487832676315391,-0.536645223449746,2.687832673290062,-0.936645223449746
91.05187776200006,5.489778241083323,-0.5344123844413313,2.689778238057994,-0.9344123844413313
91.06253176199999,5.491724549753942,-0.5321801938440747,2.6917245467286133,-0.9321801938440747
91.07530399700005,5.493671602111129,-0.5299486519058466,2.6936715990858,-0.9299486519058466
91.08682709400006,5.495619397938715,-0.5277177588744023,2.695619394913386,-0.9277177588744023
91.13240852100006,5.497567937020433,-0.5254875149974423,2.6975679339951038,-0.9254875149974423
91.14661495600006,5.4995172191399355,-0.5232579205225907,2.6995172161146064,-0.9232579205225907
91.15467197599997,5.501467244080793,-0.5210289756974019,2.7014672410554637,-0.9210289756974019
91.16582023799998,5.503418011626491,-0.518800680769357,2.7034180086011617,-0.9188006807693571
91.17776347600005,5.505369521560437,-0.5165730359858651,2.7053695185351074,-0.9165730359858651
91.25188409399999,5.50732654690339,-0.5143405475556111,2.707326543878061,-0.9143405475556111
91.265330044,5.509292995075752,-0.5120981693949992,2.7092929920504227,-0.9120981693949992
91.27775415000002,5.511259783736501,-0.5098560898705914,2.7112597807111722,-0.9098560898705914
91.28816692800007,5.513226912840284,-0.507614309034094,2.7132269098149546,-0.907614309034094
91.29931521200007,5.515194382341734,-0.5053728269372011,2.7151943793164053,-0.9053728269372011
91.34451843300002,5.517162192195485,-0.503131643631597,2.717162189170156,-0.903131643631597
91.35675759999998,5.519130342356163,-0.5008907591689675,2.7191303393308335,-0.9008907591689675
91.36626997600007,5.521098832778378,-0.4986501736009813,2.721098829753049,-0.8986501736009813
91.37798175300003,5.523067663416746,-0.49640988697930427,2.7230676603914166,-0.8964098869793042
91.39063418200004,5.525036834225862,-0.4941698993555996,2.7250368312005326,-0.8941698993555995
91.46167222800005,5.526996918255167,-0.4919410267256371,2.7269969152298374,-0.8919410267256371
91.47380668700004,5.528940361624031,-0.48973300319421725,2.7289403585987015,-0.8897330031942172
91.48426182300005,5.530884924477675,-0.4875259655072924,2.730884921452346,-0.8875259655072925
91.49709818499997,5.5328306063160175,-0.48531991423244775,2.7328306032906884,-0.8853199142324477
91.50896798900004,5.534777406638685,-0.4831148499370208,2.7347774036133554,-0.8831148499370208
91.55185860500006,5.53672532494501,-0.4809107731880901,2.736725321919681,-0.8809107731880901
91.56691954299998,5.53867436073405,-0.4787076845524806,2.738674357708721,-0.8787076845524806
91.57470205400006,5.540624513504565,-0.47650558459676606,2.740624510479236,-0.8765055845967661
91.58596214200003,5.54257578275503,-0.47430447388726404,2.742575779729701,-0.8743044738872641
91.59839685800006,5.544528167983639,-0.4721043529900347,2.74452816495831,-0.8721043529900347
91.67479516600002,5.546484612720948,-0.46990187931257754,2.746484609695619,-0.8699018793125776
91.68550660800003,5.54844747881679,-0.46769404457523295,2.748447475791461,-0.867694044575233
91.699025716,5.55041122086215,-0.4654869889083033,2.750411217836821,-0.8654869889083033
91.71028079800004,5.55237583854781,-0.4632807126593202,2.752375835522481,-0.8632807126593203
91.721462024,5.554341331564418,-0.46107521617569025,2.7543413285390885,-0.8610752161756903
91.76624301700002,5.556307699602482,-0.4588704998046962,2.756307696577153,-0.8588704998046962
91.77750448600005,5.55827494235237,-0.4566665638935009,2.758274939327041,-0.8566665638935009
91.788376873,5.560243059504314,-0.4544634087891409,2.760243056478985,-0.854463408789141
91.79970199600001,5.56221205074841,-0.4522610348385321,2.7622120477230805,-0.8522610348385321
91.81431318799997,5.564181915774612,-0.45005944238846757,2.764181912749283,-0.8500594423884675
91.88532496900001,5.5661490581463875,-0.4478623977673213,2.7661490551210584,-0.8478623977673213
91.89862896100004,5.568109028648802,-0.44567190568164766,2.768109025623473,-0.8456719056816477
91.91107390300004,5.570067847361178,-0.4434803835622844,2.7700678443358493,-0.8434803835622844
91.92292500100001,5.572025513742201,-0.4412878320148574,2.7720255107168716,-0.8412878320148574
91.93448700000005,5.5739820272508895,-0.4390942516452477,2.7739820242255604,-0.8390942516452478
91.97542069499997,5.575937387346551,-0.43689964305966306,2.775937384321222,-0.8368996430596631
91.986737355,5.577891593488818,-0.434704006864582,2.777891590463489,-0.834704006864582
91.99746914899998,5.579844645137647,-0.43250734366676946,2.7798446421123177,-0.8325073436667695
92.00760365900004,5.581796541753313,-0.43030965407327104,2.781796538727984,-0.8303096540732711
92.02051308000006,5.583747282796408,-0.42811093869142014,2.783747279771079,-0.8281109386914202
92.09556074599999,5.5857044873229365,-0.42590280455095364,2.7857044842976073,-0.8259028045509537
92.10748683399999,5.587677177054204,-0.42367750653658165,2.7876771740288753,-0.8236775065365817
92.11936319,5.589650372124083,-0.4214526565989765,2.789650369098754,-0.8214526565989766
92.130548165,5.591624072430798,-0.41922825485290377,2.7916240694054686,-0.8192282548529037
92.14169454699999,5.59359827787254,-0.417004301413102,2.793598274847211,-0.8170043014131021
92.18747007899998,5.595572988347489,-0.4147807963942761,2.79557298532216,-0.8147807963942761
92.19967321200005,5.597548203753789,-0.41255773991111566,2.7975482007284596,-0.8125577399111157
92.210623451,5.59952392398956,-0.4103351320782819,2.799523920964231,-0.8103351320782819
92.22196911999998,5.601500148952897,-0.4081129730104161,2.8015001459275677,-0.8081129730104162
92.23376608100006,5.6034768785418665,-0.4058912628221356,2.8034768755165373,-0.8058912628221356
92.30932579400002,5.605454543110524,-0.403669513701556,2.8054545400851945,-0.803669513701556
92.32150013500001,5.607433487566152,-0.4014472862068212,2.807433484540823,-0.8014472862068212
92.33161344600006,5.609412900866374,-0.39922547631762556,2.809412897841045,-0.7992254763176256
92.343893863,5.611392782923066,-0.39700408413288835,2.811392779897737,-0.7970040841328884
92.35564074000007,5.613373133648082,-0.3947831097515083,2.813373130622753,-0.7947831097515083
92.399662708,5.615353952953255,-0.39256255327236206,2.8153539499279256,-0.7925625532723621
92.41740500999998,5.617335240750397,-0.3903424147943133,2.817335237725068,-0.7903424147943133
92.421366879,5.6193169969513015,-0.38812269441620356,2.8193169939259723,-0.7881226944162036
92.43182049299998,5.621299221467738,-0.3859033922368547,2.821299218442409,-0.7859033922368548
92.44416258300004,5.623281914211456,-0.38368450835507495,2.823281911186127,-0.783684508355075
92.51833311800004,5.625255904703772,-0.3814760951092663,2.8252559016784424,-0.7814760951092663
92.52956895900007,5.627212206640125,-0.3792857626604151,2.8272122036147955,-0.779285762660415
92.54204164700008,5.629167308175281,-0.3770943586607254,2.8291673051499515,-0.7770943586607254
92.55447407600008,5.631121208722299,-0.37490188376807365,2.83112120569697,-0.7749018837680737
92.56659367800006,5.633073907694613,-0.3727083386406453,2.833073904669284,-0.7727083386406453
92.61096908899998,5.635025404506011,-0.37051372393695564,2.8350254014806815,-0.7705137239369557
92.62763164000006,5.636975698570637,-0.36831804031584153,2.8369756955453083,-0.7683180403158416
92.63300489900001,5.638924789303003,-0.3661212884364628,2.8389247862776736,-0.7661212884364628
92.64397145499998,5.640872676117976,-0.3639234689582999,2.8408726730926466,-0.7639234689582999
92.65611827700008,5.64281935843079,-0.3617245825411504,2.842819355405461,-0.7617245825411505
92.73016343800003,5.644776138818004,-0.3595119772288168,2.8447761357926753,-0.7595119772288168
92.74195904900006,5.646758317345267,-0.35726990645971624,2.8467583143199375,-0.7572699064597163
92.75285180500003,5.64874035291557,-0.35502770931280486,2.8487403498902406,-0.7550277093128048
92.76521444500003,5.650722245520878,-0.3527853857971792,2.850722242495549,-0.7527853857971792
92.778316749,5.652703995153125,-0.3505429359219714,2.852703992127796,-0.7505429359219714
92.82356018700006,5.654685601804243,-0.34830035969630024,2.8546855987789135,-0.7483003596963003
92.83654720700002,5.6566670654661815,-0.34605765712928555,2.8566670624408523,-0.7460576571292856
92.84515273699998,5.65864838613089,-0.34381482823003595,2.858648383105561,-0.743814828230036
92.85584537799997,5.660629563790307,-0.34157187300767594,2.860629560764978,-0.7415718730076759
92.86810225100004,5.6626105984363875,-0.33932879147131945,2.8626105954110583,-0.7393287914713195
92.94312257200005,5.664591449287704,-0.33708562938450226,2.8645914462623745,-0.7370856293845023
92.95493346300003,5.666572079095423,-0.3348424239506133,2.866572076070094,-0.7348424239506133
92.96776201000006,5.668552562469512,-0.33259908923220716,2.8685525594441827,-0.7325990892322072
92.97816543599998,5.670532899401535,-0.3303556252388413,2.870532896376206,-0.7303556252388413
92.98950268300001,5.672513089883055,-0.3281120319800744,2.872513086857726,-0.7281120319800745
93.03327604600003,5.674493133905621,-0.3258683094654744,2.8744931308802917,-0.7258683094654744
93.04568980300002,5.676473031460811,-0.3236244577045898,2.8764730284354822,-0.7236244577045898
93.05631768000006,5.678452782540179,-0.321380476706989,2.8784527795148502,-0.721380476706989
93.06838443600003,5.6804323871352995,-0.3191363664822348,2.8804323841099704,-0.7191363664822348
93.08023741799997,5.682411845237723,-0.3168921270398859,2.8824118422123934,-0.7168921270398859
93.151481402,5.684385137440508,-0.3146545225654911,2.8843851344151785,-0.7146545225654911
93.16381091600005,5.686346768314668,-0.31242905479741073,2.886346765289339,-0.7124290547974108
93.17410559900003,5.688307754865558,-0.3102030192585244,2.8883077518402285,-0.7102030192585245
93.18704582100003,5.690268096928847,-0.3079764161353672,2.8902680939035177,-0.7079764161353672
93.19876407700002,5.692227794340257,-0.3057492456145341,2.8922277913149275,-0.7057492456145341
93.24369182499998,5.694186846935557,-0.30352150788266524,2.8941868439102283,-0.7035215078826653
93.25694327499997,5.696145254550583,-0.30129320312645075,2.8961452515252537,-0.7012932031264507
93.26643714599999,5.69810301702121,-0.29906433153262635,2.8981030139958808,-0.6990643315326264
93.27685119000006,5.700060134183376,-0.29683489328797674,2.900060131158047,-0.6968348932879768
93.28923140299997,5.702016605873071,-0.2946048885793315,2.902016602847742,-0.6946048885793314
93.36238175,5.703977087888508,-0.2923690548902999,2.903977084863179,-0.6923690548902999
93.375636101,5.705945840258658,-0.29012310074017433,2.905945837233329,-0.6901231007401744
93.386208351,5.707914333468305,-0.2878769194422733,2.907914330442976,-0.6878769194422734
93.39850540399999,5.709882567491238,-0.28563051102650044,2.909882564465909,-0.6856305110265004
93.40954737300007,5.71185054230125,-0.28338387552277056,2.911850539275921,-0.6833838755227706
93.45164436500005,5.713818257872146,-0.2811370129609881,2.9138182548468166,-0.6811370129609882
93.466360286,5.715785714177724,-0.27888992337106816,2.9157857111523953,-0.6788899233710681
93.47364544500005,5.71775291119179,-0.27664260678293184,2.9177529081664613,-0.6766426067829319
93.48502836300003,5.719719848888153,-0.2743950632264943,2.919719845862824,-0.6743950632264943
93.49967124400001,5.721686527240632,-0.27214729273167726,2.9216865242153025,-0.6721472927316773
93.56904325,5.7236473221956645,-0.26990566716742975,2.9236473191703354,-0.6699056671674297
93.58221238800007,5.7255970977490875,-0.2676753724102389,2.9255970947237584,-0.6676753724102389
93.59329664,5.727546146504248,-0.26544444247797433,2.927546143478919,-0.6654444424779744
93.60672915200001,5.729494468254229,-0.2632128776074797,2.9294944652289,-0.6632128776074797
93.61781680899998,5.731442062792187,-0.260980678035668,2.931442059766858,-0.660980678035668
93.65945277300006,5.733388929911355,-0.2587478439995201,2.9333889268860256,-0.6587478439995201
93.67695666900005,5.735335069405043,-0.2565143757360852,2.9353350663797135,-0.6565143757360852
93.68146481900004,5.7372804810666445,-0.25428027348247767,2.9372804780413153,-0.6542802734824777
93.69233850799998,5.739225164689623,-0.25204553747587916,2.939225161664294,-0.6520455374758791
93.70466038700005,5.741169120067524,-0.24981016795353952,2.941169117042195,-0.6498101679535395
93.77950264200007,5.743118427041757,-0.2475672834680672,2.9431184240164274,-0.6475672834680672
93.79278470399998,5.745079606696765,-0.24531074685341406,2.945079603671436,-0.645310746853414
93.80444534700001,5.747040988179581,-0.24305438566524493,2.947040985154252,-0.643054385665245
93.81493039700007,5.749002571474488,-0.24079819992162327,2.949002568449159,-0.6407981999216232
93.82622603199997,5.750964356565805,-0.2385421896406027,2.950964353540476,-0.6385421896406027
93.869028926,5.752926343437832,-0.23628635484022803,2.9529263404125032,-0.636286354840228
93.88726963799996,5.754888532074875,-0.23403069553855413,2.954888529049546,-0.6340306955385542
93.89106546400006,5.7568509224612345,-0.23177521175361712,2.9568509194359054,-0.6317752117536172
93.90272621000003,5.758813514581211,-0.2295199035034681,2.9588135115558822,-0.6295199035034681
93.91402343800002,5.760776308419102,-0.227264770806148,2.9607763053937726,-0.6272647708061481
93.99140688900007,5.762738701934577,-0.22501044932147712,2.9627386989092477,-0.6250104493214772
94.00326546299999,5.764699873977099,-0.22275721829371964,2.96469987095177,-0.6227572182937197
94.01444807900003,5.766660795663437,-0.22050376938485594,2.966660792638108,-0.620503769384856
94.02565646600004,5.768621466969388,-0.2182501026226988,2.968621463944059,-0.6182501026226989
94.03644110900001,5.770581887870741,-0.21599621803507035,2.970581884845412,-0.6159962180350704
94.08169578999997,5.772542058343303,-0.21374211564979223,2.972542055317974,-0.6137421156497922
94.09913571700002,5.774501978362874,-0.2114877954946925,2.974501975337545,-0.6114877954946925
94.10488258900006,5.776461647905261,-0.209233257597594,2.976461644879932,-0.6092332575975941
94.11551839200007,5.778421066946278,-0.20697850198632942,2.9784210639209485,-0.6069785019863294
94.12917874600004,5.780380235461729,-0.20472352868873195,2.9803802324364,-0.604723528688732
94.20175238200005,5.782338965423239,-0.20246861848263892,2.98233896239791,-0.6024686184826389
94.21412492500002,5.784297446500653,-0.20021431678057722,2.9842974434753238,-0.6002143167805772
94.22560359900007,5.7862561967406805,-0.19796024894848352,2.9862561937153513,-0.5979602489484835
94.23728780200003,5.788215216115393,-0.19570641501849573,2.988215213090064,-0.5957064150184957
94.24795080999996,5.790174504596867,-0.1934528150227442,2.9901745015715377,-0.5934528150227443
94.29151405600004,5.792134062157158,-0.19119944899336,2.9921340591318293,-0.5911994489933601
94.30689646499997,5.794093888768335,-0.1889463169624754,2.9940938857430055,-0.5889463169624755
94.31505636100002,5.79605398440245,-0.18669341896221137,2.9960539813771208,-0.5866934189622114
94.32574255000003,5.79801434903156,-0.18444075502468818,2.998014346006231,-0.5844407550246882
94.33797394200002,5.799974982627713,-0.1821883251820273,2.999974979602384,-0.5821883251820273
94.40952273800002,5.80193403150025,-0.17993827784193792,3.0019340284749205,-0.579938277841938
94.41990261899997,5.803890012781269,-0.17769254683967553,3.0038900097559402,-0.5776925468396755
94.43127591700005,5.80584641996974,-0.17544718686428173,3.0058464169444106,-0.5754471868642818
94.443235399,5.807803252995287,-0.17320219799652592,3.0078032499699576,-0.5732021979965259
94.45488389000008,5.80976051178751,-0.1709575803171718,3.009760508762181,-0.5709575803171718
94.49824003400005,5.811718196276004,-0.16871333390696724,3.011718193250675,-0.5687133339069672
94.50922531200007,5.8136763063903425,-0.16646945884664455,3.0136763033650134,-0.5664694588466446
94.52028776100002,5.815634842060083,-0.164225955216926,3.015634839034754,-0.564225955216926
94.53105721100002,5.81759380321477,-0.16198282309851622,3.0175938001894407,-0.5619828230985162
94.54459163400003,5.819553189783934,-0.15974006257211285,3.019553186758605,-0.5597400625721128
94.61757951099997,5.821508966330473,-0.15750214472878338,3.021508963305144,-0.5575021447287833
94.62999251399998,5.823456876949925,-0.15527220550200424,3.023456873924596,-0.5552722055020043
94.64195256300007,5.825404031988321,-0.15304160648092022,3.025404028962992,-0.5530416064809203
94.65494565900002,5.827350431222181,-0.15081034792153256,3.0273504281968515,-0.5508103479215326
94.66588093700005,5.829296074428106,-0.14857843007993424,3.0292960714027766,-0.5485784300799342
94.70731575999997,5.831240961382785,-0.14634585321229143,3.031240958357456,-0.5463458532122915
94.718206576,5.833185091862996,-0.14411261757485097,3.0331850888376666,-0.544112617574851
94.72918803800002,5.835128465645595,-0.14187872342393207,3.035128462620266,-0.5418787234239321
94.73990528799999,5.837071082507536,-0.1396441710159297,3.0370710794822067,-0.5396441710159298
94.75076059899999,5.839012942225854,-0.1374089606073138,3.039012939200525,-0.5374089606073138
94.82775459200008,5.840960841019383,-0.1351653373561758,3.040960837994054,-0.5351653373561758
94.841160366,5.842922042941523,-0.13290581479436406,3.042922039916194,-0.532905814794364
94.85291051400003,5.84488308718807,-0.1306461553842253,3.0448830841627412,-0.5306461553842253
94.86473455700008,5.846843973749484,-0.12838635913677152,3.0468439707241552,-0.5283863591367716
94.87523587200002,5.848804702616213,-0.12612642606299543,3.0488046995908835,-0.5261264260629954
94.91552105500006,5.850765273778701,-0.12386635617391363,3.050765270753372,-0.5238663561739136
94.92670358200002,5.852725687227415,-0.12160614948052438,3.052725684202086,-0.5216061494805244
94.93856366900008,5.854685942952808,-0.11934580599382998,3.054685939927479,-0.51934580599383
94.94966889599999,5.856646040945326,-0.1170853257248456,3.0566460379199967,-0.5170853257248457
94.96331153600005,5.858605981195429,-0.1148247086845735,3.0586059781700996,-0.5148247086845735
95.03435720600004,5.860568521117107,-0.11256261689024055,3.0605685180917774,-0.5125626168902406
95.04619668200002,5.862546044697059,-0.1103066539465857,3.0625460416717303,-0.5103066539465857
95.05782804200004,5.8645381901578455,-0.10806359247273327,3.0645381871325164,-0.5080635924727332
95.070034282,5.866544873331616,-0.10583352723769736,3.066544870306287,-0.5058335272376974
95.08123513599998,5.868566009436306,-0.10361655246140111,3.068566006410977,-0.5036165524614011
95.12905887000005,5.870601513079217,-0.10141276181070019,3.070601510053888,-0.5014127618107003
95.141355842,5.87265129826062,-0.09922224839542054,3.072651295235291,-0.49922224839542056
95.15356879899997,5.874715278377396,-0.0970451047644286,3.074715275352067,-0.49704510476442865
95.165553063,5.8767933662266945,-0.09488142290171886,3.0767933632013653,-0.4948814229017189
95.17771068600001,5.87888547400961,-0.0927312942225288,3.0788854709842806,-0.4927312942225288
95.25470402900004,5.8809915133349016,-0.09059480956947392,3.0809915103095724,-0.49059480956947393
95.26819748400004,5.883111395222735,-0.0884720592087005,3.083111392197406,-0.4884720592087005
95.280920793,5.885245030108416,-0.08636313282609633,3.0852450270830865,-0.48636313282609633
95.29691319099999,5.887392327846176,-0.0842681195235007,3.087392324820847,-0.48426811952350074
95.31013606900007,5.889553197713004,-0.08218710781491391,3.0895531946876744,-0.4821871078149139
95.35218927,5.891727548412467,-0.08012018562277173,3.091727545387138,-0.48012018562277176
95.36650681300006,5.893915288078577,-0.07806744027422806,3.0939152850532476,-0.4780674402742281
95.37467623499998,5.8961163242796575,-0.07602895849746896,3.0961163212543283,-0.47602895849746896
95.38623183600004,5.898330564022253,-0.07400482641804638,3.0983305609969243,-0.4740048264180464
95.40035023800004,5.900557913755068,-0.07199512955523941,3.100557910729739,-0.4719951295552394
95.47709772700006,5.902798279372906,-0.06999995281844157,3.1027982763475768,-0.4699999528184416
95.48988026,5.905051566220639,-0.06801938050358297,3.1050515631953095,-0.468019380503583
95.50218902199998,5.9073176790972415,-0.06605349628954177,3.1073176760719123,-0.4660534962895418
95.51408538100003,5.909596522259786,-0.06410238323462997,3.109596519234457,-0.46410238323463
95.52549467600005,5.911887999427492,-0.062166123773086654,3.111887996402163,-0.4621661237730867
95.57037001300006,5.91419201378579,-0.06024479971158813,3.114192010760461,-0.46024479971158816
95.58719554400005,5.916508467990415,-0.05833849222579022,3.1165084649650856,-0.45833849222579026
95.59223871199998,5.918837264171519,-0.05644728185690056,3.11883726114619,-0.4564472818569006
95.60445420700006,5.921178303937815,-0.054571248508276014,3.1211783009124856,-0.454571248508276
95.616662383,5.923531488380717,-0.052710471442046936,3.1235314853553877,-0.45271047144204696
95.69312454800007,5.925896718078537,-0.05086502927576601,3.1258967150532078,-0.45086502927576605
95.70603929999999,5.928273893100669,-0.04903499997909242,3.1282738900753397,-0.44903499997909246
95.71619706200005,5.930662913011818,-0.047220460870490574,3.130662909986489,-0.4472204608704906
95.72995878700004,5.933063676876257,-0.04542148861396691,3.133063673850928,-0.4454214886139669
95.74180452499996,5.935476083262063,-0.04363815921583369,3.1354760802367343,-0.4436381592158337
95.78893252899996,5.937900030245428,-0.04187054802149119,3.137900027220099,-0.4418705480214912
95.79995021500002,5.940335415414952,-0.04011872971225,3.140335412389623,-0.44011872971225
95.81175837200004,5.9427821358759765,-0.03838277830217298,3.1427821328506473,-0.438382778302173
95.82254949999998,5.945240088254918,-0.03666276713494959,3.145240085229589,-0.4366627671349496
95.83698492299999,5.947709168703663,-0.03495876888079419,3.147709165678334,-0.4349587688807942
95.90931346899998,5.950189272903924,-0.03327085553338165,3.150189269878595,-0.4332708555333817
95.92264195700005,5.952680296071672,-0.03159909840679819,3.152680293046343,-0.4315990984067982
95.93448193500006,5.9551821329615455,-0.029943568132534296,3.1551821299362164,-0.4299435681325343
95.94690684200003,5.957694677871308,-0.028304334656498294,3.1576946748459784,-0.4283043346564983
95.958255103,5.96021782464631,-0.02668146723605922,3.1602178216209804,-0.42668146723605926
96.00116877099998,5.9627514666839785,-0.02507503443712615,3.1627514636586493,-0.4250750344371262
96.01717274499998,5.965295496938313,-0.023485104131244317,3.165295493912984,-0.42348510413124435
96.02430032600006,5.967849807924413,-0.021911743492733293,3.1678498048990837,-0.4219117434927333
96.03484318099999,5.97041429172302,-0.020355018995846304,3.1704142886976907,-0.4203550189958463
96.04877262600002,5.972988839985077,-0.018814996411960983,3.172988836959748,-0.418814996411961
96.12840867699998,5.975120794476272,-0.017557870356317822,3.1751207914509427,-0.41755787035631786
96.142875737,5.976422104503833,-0.016811840514489397,3.1764221014785035,-0.41681184051448944
96.15552478500007,5.977733002687017,-0.0160827902651576,3.1777329996616874,-0.4160827902651576
96.17098130799997,5.979053267487152,-0.015370842816078936,3.179053264461823,-0.41537084281607894
96.18278421600002,5.980382675782631,-0.014676118484678608,3.180382672757302,-0.4146761184846786
96.22838401300004,5.981721002906616,-0.013998734677714262,3.1817209998812865,-0.4139987346777143
96.24290074499999,5.983068022685,-0.013338805871441503,3.183068019659671,-0.4133388058714415
96.25591490900007,5.984423507474694,-0.012696443592238068,3.1844235044493647,-0.4126964435922381
96.26968356800006,5.985787228201906,-0.012071756397838761,3.1857872251765764,-0.4120717563978388
96.28413357300002,5.987158954401127,-0.011464849858869622,3.187158951375798,-0.41146484985886966
96.36405178299998,5.988538454253894,-0.010875826541090523,3.188538451228565,-0.41087582654109056
96.37789936000007,5.989925494628015,-0.010304785988040563,3.1899254916026862,-0.4103047859880406
96.38948224400002,5.9913198411169715,-0.00975182470421469,3.1913198380916423,-0.40975182470421473
96.40224392199997,5.992721258079523,-0.009217036138752443,3.1927212550541935,-0.4092170361387525
96.41393835499997,5.994129508679536,-0.00870051066964948,3.1941295056542067,-0.4087005106696495
96.46513100099997,5.995544354926016,-0.008202335588480067,3.195544351900687,-0.40820233558848007
96.47835919599999,5.99696555771331,-0.007722595085647787,3.1969655546879805,-0.4077225950856478
96.48955188500003,5.998392876861536,-0.007261370236157205,3.198392873836207,-0.4072613702361572
96.50267032900007,5.999826071157197,-0.006818738985896664,3.199826068131868,-0.4068187389858967
96.51414542900005,6.001264898393776,-0.006394776138521542,3.201264895368447,-0.40639477613852154
96.60407249100007,6.002736024060729,-0.005981805724401813,3.2027360210354,-0.40598180572440185
96.61611199800001,6.004489034164516,-0.0055093302363258346,3.204489031139187,-0.40550933023632585
96.63067718799999,6.006312651626178,-0.005036480455312113,3.206312648600849,-0.40503648045531215
96.644535867,6.008140757395802,-0.004581291640683496,3.208140754370473,-0.4045812916406835
96.65903821900002,6.009973180438628,-0.004143806379203307,3.209973177413299,-0.40414380637920333
96.71453521899997,6.011809749315983,-0.0037240656013177195,3.211809746290654,-0.40372406560131774
96.72806162400008,6.013650292201317,-0.003322108577326384,3.2136502891759875,-0.4033221085773264
96.73857325900002,6.015494636896275,-0.0029379729137084224,3.2154946338709456,-0.4029379729137084
96.75086283399997,6.017342610846815,-0.002571694549603267,3.217342607821486,-0.4025716945496033
96.764248914,6.019194041159344,-0.002223307753445702,3.219194038134015,-0.4022233077534457
96.85346569000006,6.02107624413482,-0.0018874962702063601,3.2210762411094906,-0.40188749627020637
96.86859400100008,6.023276564741313,-0.0015089220859315258,3.223276561715984,-0.40150892208593153
96.87887133999999,6.0256449980828535,-0.0011138835074687033,3.2256449950575243,-0.40111388350746874
96.89144990300002,6.028015449763811,-0.0007311423413407284,3.228015446738482,-0.4007311423413408
96.90231014600005,6.030387855933759,-0.00036070889705454724,3.2303878529084296,-0.40036070889705455
96.95390526900002,6.032762152689714,-2.5931525840510972e-06,3.232762149664385,-0.4000025931525841
96.96931683999998,6.035138276077776,0.00034319524588574755,3.2351382730524465,-0.39965680475411425
96.979556619,6.037516162094805,0.0006766469842163948,3.237516159069476,-0.39932335301578364
96.99247417400005,6.039895746690203,0.0009977530805719199,3.2398957436648734,-0.3990022469194281
97.00429561599998,6.042276965767616,0.0013065048856566268,3.242276962742287,-0.3986934951143434
97.09131655200002,6.04468129722554,0.0016056371852242865,3.244681294200211,-0.39839436281477575
97.103021222,6.047143450235558,0.0019003757844012804,3.247143447210229,-0.39809962421559875
97.11219871700001,6.049606907181397,0.0021840096374418504,3.2496069041560682,-0.39781599036255816
97.12393769800002,6.052071617978927,0.0024565329778344614,3.252071614953598,-0.3975434670221656
97.13531484100002,6.0545375325185695,0.0027179402649577895,3.2545375294932404,-0.3972820597350422
97.19113515700002,6.057004600666247,0.0029682261841853025,3.2570045976409174,-0.3970317738158147
97.20704875200005,6.059472772264405,0.0032073856469923517,3.2594727692390757,-0.39679261435300767
97.21340439300008,6.061941997133088,0.0034354137910686433,3.261941994107759,-0.39656458620893137
97.22455905999999,6.064412225070906,0.003652305980418118,3.2644122220455767,-0.3963476940195819
97.23500819500003,6.0668834058560925,0.0038580578054416494,3.2668834028307634,-0.3961419421945584
97.32039847200002,6.06936957519878,0.004053812082669714,3.269369572173451,-0.39594618791733033
97.33152409000007,6.071886857575723,0.004241391107974231,3.2718868545503943,-0.3957586088920258
97.34547393899999,6.074404891952044,0.004418589684860751,3.274404888926715,-0.39558141031513927
97.35753122800003,6.076923635522356,0.0045854048010376845,3.2769236324970272,-0.3954145951989623
97.36942203500001,6.079443045469231,0.004741833620729161,3.2794430424439023,-0.39525816637927086
97.424864947,6.081963078963888,0.004887873484722873,3.2819630759385587,-0.39511212651527716
97.44004494000006,6.084483693166949,0.005023521910410826,3.28448369014162,-0.3949764780895892
97.45064517200007,6.087004845229172,0.005148776591834053,3.287004842203843,-0.394851223408166
97.46209562799999,6.08952649229217,0.005263635399722478,3.2895264892668408,-0.39473636460027756
97.47694622500006,6.092048591489137,0.005368096381530959,3.2920485884638078,-0.39463190361846906
97.55994553500005,6.0945788197034645,0.005462465516026231,3.2945788166781353,-0.3945375344839738
97.57310072199999,6.097124087813173,0.0055472891025310144,3.2971240847878436,-0.394452710897469
97.58389815699996,6.099669669529463,0.005622112339768267,3.2996696665041343,-0.39437788766023174
97.59603446199998,6.102215525561149,0.005686934072837551,3.3022155225358203,-0.3943130659271625
97.607543357,6.10476161661281,0.005741753301212015,3.3047616135874804,-0.394258246698788
97.65372530500002,6.107307903385401,0.005786569178754146,3.3073079003600716,-0.3942134308212459
97.66662463900008,6.109854346576853,0.005821381013728462,3.3098543435515237,-0.39417861898627155
97.67562525700004,6.112400906882686,0.005846188268812542,3.312400903857357,-0.39415381173118746
97.686508801,6.11494754499661,0.005860990561105176,3.3149475419712813,-0.39413900943889485
97.69932490000002,6.117494221611137,0.005865787662132123,3.317494218585808,-0.3941342123378679
97.78252745399999,6.120030216452413,0.005860574218903568,3.320030213427084,-0.39413942578109645
97.79441065099996,6.122546332241489,0.005844977530968315,3.32254632921616,-0.3941550224690317
97.80594338999998,6.125062360509677,0.005818830363276454,3.325062357484348,-0.39418116963672356
97.81791510600004,6.127578257017293,0.005782133175577489,3.3275782539919643,-0.39421786682442256
97.82865198500002,6.1300939775269985,0.005734886613123389,3.3300939745016693,-0.39426511338687664
97.880638992,6.132609477804537,0.0056770915066568246,3.3326094747792077,-0.39432290849334317
97.896416311,6.1351247136195175,0.005608748872397085,3.3351247105941884,-0.3943912511276029
97.90266666500003,6.137639640746206,0.005529859912022188,3.3376396377208772,-0.3944701400879778
97.91376827100004,6.140154214964291,0.005440426012647449,3.3401542119389616,-0.3945595739873526
97.92595630900001,6.142668392059671,0.005340448746801491,3.3426683890343423,-0.3946595512531985
98.00945350600006,6.145142309816879,0.005231589532065509,3.3451423067915496,-0.39476841046793454
98.02011699500002,6.1475417296573935,0.0051139966147376575,3.3475417266320644,-0.39488600338526236
98.03254293700007,6.149940508172259,0.004983976224761509,3.3499405051469298,-0.39501602377523853
98.04568184199996,6.152338580995496,0.0048415318509459435,3.3523385779701664,-0.3951584681490541
98.05674795300007,6.154735883780051,0.0046866673154726006,3.3547358807547223,-0.3953133326845274
98.10531660700002,6.157132352199532,0.004519386773793834,3.3571323491742024,-0.3954806132262062
98.116584306,6.159527921949929,0.004339694714518191,3.3595279189245995,-0.39566030528548185
98.12701153699999,6.161922528751353,0.00414759595929042,3.3619225257260235,-0.3958524040407096
98.13765206,6.164316108349749,0.003943095662661729,3.36431610532442,-0.3960569043373383
98.14962338499998,6.166708596518626,0.003726199311951895,3.366708593493297,-0.39627380068804813
98.23129874199998,6.169115921408948,0.0034954189503882903,3.369115918383619,-0.3965045810496117
98.24571059099998,6.17155811159442,0.0032494321381637105,3.371558108569091,-0.3967505678618363
98.25734541100002,6.173999111658772,0.0029919033056642844,3.373999108633443,-0.39700809669433573
98.26910879300004,6.1764388670536565,0.0027228382078172144,3.3764388640283274,-0.3972771617921828
98.28007714100005,6.178877323258522,0.0024422428573473063,3.378877320233193,-0.39755775714265273
98.32788714600002,6.18131442578185,0.0021501235246422744,3.381314422756521,-0.39784987647535774
98.33875935099996,6.1837501201623795,0.0018464867376126201,3.3837501171370503,-0.3981535132623874
98.34934744499998,6.186184351970318,0.0015313392815467463,3.3861843489449885,-0.39846866071845327
98.36013843799998,6.188617066808534,0.0012046881989608205,3.3886170637832045,-0.3987953118010392
98.37287859999998,6.191048210313813,0.0008665407894375446,3.3910482072884838,-0.3991334592105625
98.45331892600001,6.1934680793147265,0.0005182720810781759,3.3934680762893974,-0.39948172791892184
98.46521280300004,6.195868303305577,0.00016075901713516726,3.395868300280248,-0.39983924098286483
98.47704421899999,6.19826672135703,-0.00020867520912977935,3.3982667183317012,-0.4002086752091298
98.48826319699998,6.2006632742607914,-0.0005900214777167736,3.4006632712354623,-0.4005900214777168
98.49882366499997,6.203057902854584,-0.0009832703745583124,3.403057899829255,-0.40098327037455833
98.549084983,6.205450548023647,-0.0013884121917541194,3.4054505449983177,-0.40138841219175414
98.56734775900003,6.207841150702178,-0.0018054369278097868,3.407841147676849,-0.4018054369278098
98.57092610399997,6.210229651874799,-0.0022343342878853025,3.4102296488494694,-0.4022343342878853
98.58228123500004,6.212615992578005,-0.0026750936840474163,3.412615989552676,-0.4026750936840474
98.59369568300002,6.215000113901632,-0.0031277042355324952,3.415000110876303,-0.4031277042355325
98.67863619500002,6.217384816311089,-0.003592706159856193,3.41738481328576,-0.4035927061598562
98.68947234199999,6.219772509835353,-0.00407047180039522,3.419772506810024,-0.40407047180039524
98.70080442099999,6.222157835395475,-0.004559922865702388,3.4221578323701456,-0.4045599228657024
98.71171973400004,6.2245407358030835,-0.005061047621149169,3.4245407327777544,-0.4050610476211492
98.72236711099998,6.226921153927952,-0.005573834052229985,3.426921150902623,-0.40557383405223
98.77525027000007,6.229299032699365,-0.006098269864849368,3.429299029674036,-0.40609826986484937
98.78647421600004,6.231674315107495,-0.0066343424856173325,3.4316743120821656,-0.40663434248561736
98.79742002000006,6.234046944204753,-0.007182039062149605,3.4340469411794237,-0.4071820390621496
98.808815036,6.236416863107168,-0.0077413464633778765,3.436416860081839,-0.4077413464633779
98.81965346700002,6.2387840149957485,-0.008312251279862562,3.4387840119704194,-0.4083122512798626
98.906186902,6.241140178590942,-0.0088927462444675,3.4411401755656126,-0.40889274624446753
98.91705107700005,6.24347823517648,-0.009481359940420554,3.4434782321511506,-0.40948135994042056
98.92974719800003,6.245813256707876,-0.010081900636879814,3.445813253682547,-0.4100819006368798
98.941690521,6.248145182343003,-0.01069435268594999,3.448145179317674,-0.41069435268595
98.95375995400008,6.250473951320397,-0.0113187001293675,3.450473948295068,-0.4113187001293675
99.00345052000006,6.252799502960844,-0.011954926698917899,3.452799499935515,-0.4119549266989179
99.01838753999999,6.255121776668957,-0.01260301581685946,3.4551217736436275,-0.4126030158168595
99.026978144,6.257440711934761,-0.013262950596356463,3.4574407089094317,-0.4132629505963565
99.03798496000007,6.259756248335272,-0.013934713841918364,3.4597562453099426,-0.4139347138419184
99.04907882800006,6.262068325536063,-0.014618288049847479,3.462068322510734,-0.4146182880498475
99.13548579800005,6.264378169706259,-0.01531404008348859,3.4643781666809295,-0.4153140400834886
99.14943474299997,6.266686835443751,-0.016022242399592653,3.4666868324184215,-0.4160222423995927
99.16027831399998,6.268991880003044,-0.01674214349535159,3.4689918769777153,-0.4167421434953516
99.17205859400002,6.271293244102936,-0.01747372485632838,3.471293241077607,-0.4174737248563284
99.18300222300007,6.27359086855688,-0.018216967667692867,3.473590865531551,-0.4182169676676929
99.23255891900004,6.275884694274502,-0.018971852814704607,3.475884691249173,-0.4189718528147046
99.24796582699997,6.278174662263129,-0.019738360883205665,3.4781746592377996,-0.4197383608832057
99.25635994600003,6.280460713629292,-0.020516472160119065,3.480460710603963,-0.4205164721601191
99.26899381200002,6.282742789580259,-0.021306166633956812,3.4827427865549296,-0.4213061666339568
99.28352688299998,6.285020831425538,-0.0221074239953339,3.4850208284002084,-0.4221074239953339
99.36626360200006,6.287286950114797,-0.02291744217719388,3.4872869470894683,-0.4229174421771939
99.37740436999997,6.289534289123151,-0.02373405171654931,3.489534286097822,-0.4237340517165493
99.38987217599998,6.2917772875588245,-0.02456250918422927,3.4917772845334953,-0.4245625091842293
99.40188073600001,6.294015882960268,-0.02540279150989359,3.4940158799349392,-0.42540279150989363
99.41400637500004,6.296250012988538,-0.02625487529390773,3.496250009963209,-0.42625487529390776
99.46440351300004,6.298479615429032,-0.027118736807997833,3.4984796124037025,-0.42711873680799783
99.477157191,6.30070462819324,-0.02799435199591165,3.500704625167911,-0.4279943519959117
99.48751445199997,6.302924989320451,-0.02888169647408759,3.502924986295122,-0.42888169647408764
99.49851801100004,6.305140636979499,-0.0297807455323351,3.50514063395417,-0.42978074553233514
99.50958595800006,6.307351509470472,-0.030691474134522008,3.5073515064451426,-0.430691474134522
99.59438851199997,6.309535293624752,-0.03160460033165134,3.5095352905994233,-0.4316046003316514
99.605422982,6.311672583700649,-0.03251279873992565,3.51167258067532,-0.43251279873992565
99.61799608000007,6.313804502337227,-0.03343353547988709,3.513804499311898,-0.4334335354798871
99.63025845500005,6.315930975979574,-0.03436677878451625,3.515930972954245,-0.4343667787845163
99.64178290299998,6.318051931260666,-0.03531249645530322,3.5180519282353373,-0.43531249645530323
99.69305499199999,6.320167295003858,-0.03627065586334403,3.520167291978529,-0.43627065586334407
99.70815732299997,6.3222769942254216,-0.03724122395047291,3.5222769912000924,-0.43724122395047293
99.71550153599998,6.32438095613707,-0.0382241672304042,3.5243809531117405,-0.43822416723040425
99.72740594800001,6.326479108148458,-0.03921945178988541,3.526479105123129,-0.4392194517898854
99.74017869300002,6.328571377869692,-0.04022704328986886,3.528571374844363,-0.4402270432898689
99.82464000400006,6.330671442795828,-0.04125359366375274,3.530671439770499,-0.4412535936637528
99.835502083,6.332796148764653,-0.04230677255473754,3.532796145739324,-0.44230677255473755
99.84803737300007,6.334915085726272,-0.043371510730602456,3.534915082700943,-0.4433715107306025
99.85944817500007,6.337028190793932,-0.04444777659157237,3.5370281877686027,-0.4444477765915724
99.87038793200003,6.339135401253977,-0.04553553819575769,3.539135398228648,-0.4455355381957577
99.918251817,6.341236654567693,-0.046634763260093984,3.5412366515423637,-0.446634763260094
99.92948280700006,6.343331888373163,-0.047745419161297493,3.5433318853478335,-0.4477454191612975
99.94105934600003,6.34542104048712,-0.04886747293683768,3.545421037461791,-0.4488674729368377
99.95190438700007,6.3475040489067975,-0.05000089128591149,3.5475040458814684,-0.45000089128591153
99.96263127700007,6.349580851811756,-0.05114564057043242,3.5495808487864267,-0.45114564057043244
100.04553299700007,6.351654616692829,-0.05230348194618747,3.5516546136675,-0.45230348194618747
100.056474186,6.353728103462963,-0.05347582567674257,3.5537281004376338,-0.4534758256767426
100.06942149800005,6.355795281076445,-0.05465925878546849,3.555795278051116,-0.45465925878546853
100.08283405200001,6.357856090225855,-0.05585374731961567,3.557856087200526,-0.4558537473196157
100.094362053,6.359910471786493,-0.05705925700925673,3.5599104687611636,-0.45705925700925676
100.13940799200003,6.361958366818062,-0.05827575326826701,3.5619583637927326,-0.458275753268267
100.15657725900002,6.363999716566363,-0.059503201195315415,3.563999713541034,-0.45950320119531546
100.16170498700006,6.366034462464987,-0.06074156557486867,3.566034459439658,-0.4607415655748687
100.17287733200004,6.368062546136981,-0.06199081087819828,3.568062543111652,-0.4619908108781983
100.18506525000004,6.3700839093965405,-0.0632509012644025,3.5700839063712113,-0.4632509012644025
100.26141846000002,6.372095430188087,-0.06451987556133486,3.5720954271627576,-0.4645198755613349
100.27417538499998,6.374094367068116,-0.06579613653575575,3.5740943640427867,-0.4657961365357558
100.28460560399998,6.376086323928211,-0.06708326457627788,3.576086320902882,-0.4670832645762779
100.29599148699998,6.378071241691024,-0.06838122150932678,3.5780712386656948,-0.4683812215093268
100.307305063,6.38004906148797,-0.06968996884016682,3.5800490584626408,-0.46968996884016684
100.35712575899998,6.382019724660982,-0.0710094677540427,3.5820197216356533,-0.47100946775404273
100.36858562800006,6.383983172764236,-0.07233967911732637,3.5839831697389073,-0.4723396791173264
100.37948847600006,6.385939347565897,-0.07368056347868303,3.5859393445405683,-0.47368056347868304
100.39018002400002,6.387888191049837,-0.07503208107023616,3.5878881880245075,-0.4750320810702362
100.402105694,6.3898296454173655,-0.07639419180875248,3.5898296423920364,-0.47639419180875253
100.47937913000004,6.391592857691814,-0.07764586927051724,3.5915928546664846,-0.4776458692705173
100.49398172299999,6.393029012507277,-0.07868660671619802,3.593029009481948,-0.47868660671619806
100.50448079300003,6.394454024742587,-0.07974254952434368,3.594454021717258,-0.4797425495243437
100.51627747700007,6.395867733417159,-0.08081357840735404,3.59586773039183,-0.48081357840735406
100.52755168800007,6.397269978827395,-0.08189957237341788,3.5972699758020656,-0.4818995723734179
100.57320813300004,6.398660602564628,-0.08300040874012342,3.598660599539299,-0.48300040874012345
100.58612618600006,6.400039447533099,-0.08411596314836131,3.60003944450777,-0.48411596314836136
100.59453398199997,6.40140635796767,-0.08524610957636213,3.601406354942341,-0.48524610957636216
100.60579764799996,6.402761179451394,-0.08639072035389996,3.602761176426065,-0.48639072035389996
100.61941153800007,6.404103758933025,-0.0875496661767775,3.604103755907696,-0.48754966617677753
100.69415253599999,6.405454244384715,-0.08874070132239964,3.6054542413593857,-0.48874070132239966
100.70624325700004,6.4068629765734935,-0.09000772209347334,3.6068629735481643,-0.4900077220934734
100.71640427699998,6.408259507205855,-0.09128817912394009,3.608259504180526,-0.4912881791239401
100.72734795600007,6.409643708134296,-0.09258195491736307,3.609643705108967,-0.4925819549173631
100.738112618,6.4110154523427285,-0.09388893075519016,3.6110154493173994,-0.4938889307551902
100.78704697899997,6.412374613958064,-0.09520898670756239,3.6123746109327346,-0.4952089867075624
100.81361218900003,6.41372106826185,-0.09654200164441706,3.613721065236521,-0.4965420016444171
100.81397225500001,6.415054691701637,-0.09788785324651984,3.6150546886763077,-0.49788785324651985
100.82262370000007,6.416375361902386,-0.09924641801675663,3.6163753588770566,-0.4992464180167566
100.83691226600007,6.417682957677637,-0.10061757129141588,3.6176829546523077,-0.5006175712914159
100.91154260000002,6.418996630817581,-0.10202150183471562,3.618996627792252,-0.5020215018347156
100.92365687099999,6.420455476220791,-0.10360469551343018,3.620455473195462,-0.5036046955134302
100.93492936399997,6.421916860040648,-0.10521353276128054,3.621916857015319,-0.5052135327612806
100.946696842,6.423366682102227,-0.10683279677581635,3.6233666790768977,-0.5068327967758164
100.95802729899998,6.424804868014153,-0.1084624044714773,3.624804864988824,-0.5084624044714773
101.00238775300005,6.426231343982107,-0.11010227223195976,3.626231340956778,-0.5101022722319598
101.01654777800007,6.427646036812611,-0.11175231591451024,3.627646033787282,-0.5117523159145103
101.02396212900004,6.429048873916801,-0.11341245085424306,3.629048870891472,-0.513412450854243
101.03495433500001,6.43043978331413,-0.11508259186848176,3.6304397802888007,-0.5150825918684818
101.04755144000006,6.4318186936360675,-0.1167626532611298,3.6318186906107384,-0.5167626532611298
101.12508808600006,6.4332033563763575,-0.11847414709109162,3.6332033533510284,-0.5184741470910916
101.13707108900002,6.434727289469543,-0.12037784481305579,3.634727286444214,-0.5203778448130558
101.14862753000006,6.436257449220909,-0.12230759874470419,3.6362574461955797,-0.5223075987447042
101.16136311400004,6.437778607886171,-0.12424445584230352,3.6377786048608423,-0.5242444558423035
101.17316282400003,6.439290732492128,-0.1261883741218288,3.639290729466799,-0.5261883741218288
101.21776420200007,6.440793790261417,-0.1281393114461921,3.6407937872360883,-0.5281393114461921
101.22840187100002,6.442287748613206,-0.130097225526161,3.6422877455878773,-0.530097225526161
101.23928692099997,6.443772575163904,-0.1320620739212695,3.643772572138575,-0.5320620739212696
101.25090109600006,6.445248237727865,-0.13403381404074308,3.645248234702536,-0.5340338140407431
101.26277031500007,6.446714704318084,-0.13601240314441945,3.6467147012927548,-0.5360124031444194
101.33827026900002,6.448188237396892,-0.13802057063076786,3.6481882343715633,-0.5380205706307679
101.35110267400006,6.449838169853524,-0.14029844567278119,3.6498381668281947,-0.5402984456727812
101.363672237,6.451582359480652,-0.14273930020696182,3.6515823564553225,-0.5427393002069618
101.37297297900005,6.453310646819161,-0.14519144033101128,3.653310643793832,-0.5451914403310113
101.38608583299998,6.455022958849163,-0.14765476244237405,3.655022955823834,-0.5476547624423741
101.43099796100006,6.45671922322573,-0.15012916246605804,3.656719220200401,-0.550129162466058
101.447021162,6.458399368281945,-0.1526145358590452,3.6583993652566162,-0.5526145358590452
101.45309869199997,6.460063323031928,-0.1551107776146736,3.660063320006599,-0.5551107776146736
101.46456507500005,6.461711017173832,-0.1576177822670952,3.661711014148503,-0.5576177822670952
101.47684533400007,6.4633423810928265,-0.16013544389573556,3.6633423780674974,-0.5601354438957356
101.55251308099997,6.464957345864029,-0.16266365612976763,3.6649573428387,-0.5626636561297677
101.56683176300004,6.466555843255416,-0.16520231215259762,3.666555840230087,-0.5652023121525976
101.57822668600005,6.468137805730714,-0.1677513047063877,3.6681378027053846,-0.5677513047063877
101.58909118399998,6.469703166452241,-0.17031052609658318,3.669703163426912,-0.5703105260965832
101.59970993200005,6.4712518592837425,-0.17287986819645793,3.6712518562584133,-0.572879868196458
101.646464633,6.472783818793173,-0.1754592224516928,3.6727838157678443,-0.5754592224516928
101.657691897,6.4742989802554725,-0.17804847988495334,3.6742989772301433,-0.5780484798849533
101.669122114,6.475797279655293,-0.18064753110049817,3.6757972766299636,-0.5806475311004982
101.68008722500002,6.477278653689709,-0.1832562662888001,3.6772786506643795,-0.5832562662888001
101.69181695900005,6.478743039770883,-0.1858745752311745,3.678743036745554,-0.5858745752311745
101.77110536800006,6.480190376028732,-0.18850234730447898,3.680190373003403,-0.588502347304479
101.78181026500005,6.4816206013135105,-0.19113947148572602,3.6816205982881813,-0.5911394714857261
101.79344075800003,6.483033655198408,-0.19378583635680796,3.683033652173079,-0.593785836356808
101.80550264000004,6.484429477982111,-0.19644133010920511,3.684429474956782,-0.5964413301092051
101.81566788100002,6.485808010691315,-0.19910584054870054,3.685808007665986,-0.5991058405487005
101.86527433600003,6.4871691950832195,-0.20177925510012384,3.6871691920578904,-0.6017792551001239
101.87639368900005,6.4885129736479845,-0.2044614608121094,3.6885129706226554,-0.6044614608121094
101.88755990800001,6.489839289611166,-0.20715234436186425,3.689839286585837,-0.6071523443618643
101.89847914800004,6.491148086936111,-0.20985179205995858,3.6911480839107815,-0.6098517920599587
101.91016758200004,6.492439310326327,-0.21255968985512777,3.6924393073009982,-0.6125596898551278
101.99064440900003,6.4937129052278175,-0.2152759233390954,3.6937129022024884,-0.6152759233390954
102.002296833,6.49496881783139,-0.21800037775139752,3.694968814806061,-0.6180003777513976
102.01448262100001,6.496206995074922,-0.2207329379842429,3.696206992049593,-0.6207329379842429
102.02692745100006,6.497427384645609,-0.22347348858736737,3.6974273816202796,-0.6234734885873674
102.03792559499999,6.498629934982175,-0.2262219137729148,3.6986299319568454,-0.6262219137729148
102.08322596700003,6.499814595277044,-0.22897809742033245,3.699814592251715,-0.6289780974203325
102.09740115200003,6.500981315478497,-0.2317419230812679,3.700981312453168,-0.631741923081268
102.10539193300002,6.50213004629278,-0.23451327398450048,3.7021300432674504,-0.6345132739845005
102.11723648800006,6.5032607391861825,-0.23729203304086607,3.7032607361608534,-0.6372920330408661
102.13162037600006,6.504373346387102,-0.2400780828482079,3.704373343361773,-0.6400780828482079
102.21476563000004,6.50546782088805,-0.2428713056963351,3.705467817862721,-0.6428713056963351
102.225583932,6.506544116447641,-0.24567158357199967,3.7065441134223116,-0.6456715835719997
102.23884678799999,6.507602187592546,-0.24847879816387697,3.707602184567217,-0.648478798163877
102.25046272399999,6.508641989619418,-0.25129283086756804,3.708641986594089,-0.6512928308675681
102.26163288100003,6.509663478596776,-0.25411356279060987,3.709663475571447,-0.6541135627906098
102.31543388200004,6.5106666113668625,-0.25694087475749733,3.7106666083415334,-0.6569408747574974
102.32772014599999,6.5116513455474685,-0.25977464731472305,3.7116513425221394,-0.659774647314723
102.33773475800007,6.512617639533715,-0.26261476073581447,3.7126176365083863,-0.6626147607358145
102.34775057500002,6.513565452499832,-0.2654610950264046,3.713565449474503,-0.6654610950264046
102.36263881999997,6.514494744400861,-0.2683135299292924,3.714494741375532,-0.6683135299292924
102.44920113300003,6.515405475974355,-0.27117194492952645,3.7154054729490262,-0.6711719449295265
102.45976730199999,6.516297608742044,-0.27403621925950006,3.716297605716715,-0.6740362192595001
102.47234805400007,6.51717110501145,-0.27690623190404806,3.7171711019861204,-0.6769062319040481
102.48357976900007,6.518025927877484,-0.27978186160556295,3.7180259248521548,-0.679781861605563
102.49554908800002,6.518862041224009,-0.282662986869117,3.7188620381986794,-0.682662986869117
102.54962466600006,6.5196794097253585,-0.2855494859675986,3.7196794067000294,-0.6855494859675986
102.56745066100001,6.520477998847833,-0.2884412369468472,3.7204779958225043,-0.6884412369468472
102.57369862600007,6.5212577748511675,-0.29133811763081635,3.7212577718258384,-0.6913381176308164
102.58513261299998,6.522018704789935,-0.29424000562672736,3.722018701764606,-0.6942400056267274
102.59765960500005,6.522760756514964,-0.2971467783302432,3.722760753489635,-0.6971467783302432
102.686384584,6.52348389867468,-0.30005831293065227,3.723483895649351,-0.7000583129306523
102.69820109000005,6.524188100716428,-0.3029744864160469,3.7241880976910986,-0.702974486416047
102.71204079600005,6.524873332887782,-0.3058951755785342,3.7248733298624526,-0.7058951755785342
102.72529781500003,6.525539566237783,-0.3088202570194305,3.725539563212454,-0.7088202570194305
102.73699711,6.526186772618173,-0.3117496071544798,3.726186769592844,-0.7117496071544798
102.79053940500006,6.526814924684575,-0.3146831022190742,3.726814921659246,-0.7146831022190743
102.80877381900001,6.527423995897657,-0.3176206182734849,3.7274239928723283,-0.717620618273485
102.81429352100002,6.528013960524257,-0.32056203120809496,3.728013957498928,-0.7205620312080949
102.825351044,6.528584793638452,-0.32350721674864547,3.728584790613123,-0.7235072167486455
102.83650775000007,6.529136471122632,-0.3264560504614853,3.7291364680973027,-0.7264560504614853
102.92857478900004,6.529668969668502,-0.3294084077588279,3.729668966643173,-0.7294084077588279
102.94085947499997,6.530182266778077,-0.3323641639040191,3.7301822637527478,-0.7323641639040191
102.95208183599999,6.53067634076463,-0.3353231940167983,3.7306763377393013,-0.7353231940167984
102.96342458800001,6.531151170753613,-0.3382853730785858,3.7311511677282843,-0.7382853730785859
102.974507781,6.531606736683527,-0.34125057593775604,3.7316067336581975,-0.7412505759377561
103.03031406200006,6.532043019306778,-0.34421867731492833,3.732043016281449,-0.7442186773149284
103.04779822400002,6.532460000190493,-0.34718955180826305,3.732459997165164,-0.7471895518082631
103.05480449400005,6.532857661717288,-0.35016307389875373,3.732857658691959,-0.7501630738987537
103.067011982,6.533235987086025,-0.3531391179555343,3.7332359840606957,-0.7531391179555343
103.08227555700006,6.533594960312515,-0.3561175582411853,3.7335949572871856,-0.7561175582411853
103.16703112300007,6.533934566230189,-0.3590982689170502,3.73393456320486,-0.7590982689170502
103.179140926,6.534254790490749,-0.3620811240485429,3.73425478746542,-0.762081124048543
103.19074768399997,6.534555619564769,-0.36506599761048053,3.7345556165394402,-0.7650659976104806
103.20283937799996,6.534837040742265,-0.368052763492398,3.734837037716936,-0.768052763492398
103.21452638400007,6.535099042133232,-0.3710412955038804,3.7350990391079026,-0.7710412955038803
103.27061706800004,6.53534161266815,-0.37403146737989734,3.7353416096428207,-0.7740314673798974
103.28938915500004,6.535564742098452,-0.3770231527861285,3.735564739073123,-0.7770231527861285
103.29546108100004,6.535768420996952,-0.38001622532431306,3.735768417971623,-0.780016225324313
103.30732872000004,6.535952640758249,-0.3830105585375806,3.73595263773292,-0.7830105585375806
103.32089781799999,6.536117393599085,-0.38600602591579825,3.7361173905737557,-0.7860060259157983
103.40823876200005,6.536262672558673,-0.38900250090091404,3.7362626695333443,-0.7890025009009141
103.42309489000007,6.536388471499002,-0.39199985689230726,3.736388468473673,-0.7919998568923072
103.43711127099999,6.536494785105085,-0.39499796725213254,3.736494782079756,-0.7949979672521326
103.45215466500002,6.536581608885185,-0.3979967053106729,3.7365816058598558,-0.7979967053106729
103.467196752,6.536648939171015,-0.4009959443716914,3.736648936145686,-0.8009959443716914
103.53167557,6.536696773117879,-0.40399555771778306,3.73669677009255,-0.8039955577177831
103.54713202099998,6.5367251087048,-0.406995418615733,3.7367251056794712,-0.8069954186157331
103.55506554800007,6.536733944734601,-0.4099954003218608,3.7367339417092715,-0.8099954003218608
103.56650288700001,6.5367232808339635,-0.41299537608738834,3.7367232778086343,-0.8129953760873884
103.57995520000003,6.536693117453435,-0.415995219163785,3.736693114428106,-0.815995219163785
103.66482834900006,6.536643455867414,-0.41899480280812595,3.7366434528420847,-0.818994802808126
103.67887284299997,6.536574298174092,-0.42199400028845035,3.7365742951487633,-0.8219940002884504
103.69069204800002,6.536485647295375,-0.42499268488910985,3.7364856442700463,-0.8249926848891098
103.703224122,6.53637750697675,-0.42799072991612613,3.736377503951421,-0.8279907299161262
103.71610020100007,6.536249881787128,-0.43098800870254184,3.7362498787617993,-0.8309880087025419
103.76908267499999,6.536102777118655,-0.4339843946137769,3.736102774093326,-0.8339843946137769
103.78723855499999,6.535936199186478,-0.4369797610529687,3.7359361961611492,-0.8369797610529688
103.79256548400002,6.535750155028494,-0.4399739814663333,3.735750152003165,-0.8399739814663334
103.80508844000002,6.53554465250504,-0.4429669293485029,3.735544649479711,-0.8429669293485029
103.81818850200005,6.535319700298565,-0.4459584782478737,3.735319697273236,-0.8459584782478737
103.90364603400002,6.535163055939793,-0.4479021749550024,3.735163052914464,-0.8479021749550024
103.91395693800001,6.535163055939793,-0.4479021749550406,3.735163052914464,-0.8479021749550406
103.92796250600003,6.535163055939793,-0.447902174955077,3.735163052914464,-0.847902174955077
103.94133723300007,6.535163055939793,-0.4479021749551143,3.735163052914464,-0.8479021749551143
103.95258948899999,6.535163055939793,-0.4479021749551525,3.735163052914464,-0.8479021749551525
104.004628341,6.535163055939793,-0.4479021749551729,3.735163052914464,-0.847902174955173
104.01881926800007,6.535163055939793,-0.4479021749551729,3.735163052914464,-0.847902174955173
104.02629005700004,6.535163055939793,-0.4479021749551729,3.735163052914464,-0.847902174955173
104.03773944300002,6.535163055939793,-0.4479021749551729,3.735163052914464,-0.847902174955173
104.04830441300004,6.535163055939793,-0.4479021749551729,3.735163052914464,-0.847902174955173
104.13646711899997,6.535163055939793,-0.4479021749551729,3.735163052914464,-0.847902174955173
104.14695530900002,6.535163055939793,-0.4479021749551729,3.735163052914464,-0.847902174955173
104.15984279900005,6.535163055939793,-0.4479021749551738,3.735163052914464,-0.8479021749551738
104.17239175100002,6.535163055939793,-0.4479021749551729,3.735163052914464,-0.847902174955173
104.18345739299997,6.535163055939793,-0.4479021749551729,3.735163052914464,-0.847902174955173
104.23759348000004,6.535163055939793,-0.4479021749551729,3.735163052914464,-0.847902174955173
104.24804085500006,6.535163055939793,-0.4479021749551729,3.735163052914464,-0.847902174955173
104.258638265,6.535163055939793,-0.4479021749551729,3.735163052914464,-0.847902174955173
104.26928399499997,6.535163055939793,-0.4479021749551729,3.735163052914464,-0.847902174955173
104.280096205,6.53516305593982,-0.44790217495534307,3.7351630529144906,-0.847902174955343
104.37181197299998,6.535163055939812,-0.4479021749553029,3.7351630529144826,-0.8479021749553028
104.38195690399999,6.535163055939812,-0.44790217495530626,3.7351630529144826,-0.8479021749553063
104.39388229299999,6.535163055939814,-0.44790217495531504,3.7351630529144852,-0.8479021749553151
104.40578695200003,6.535163055939818,-0.4479021749553306,3.735163052914489,-0.8479021749553306
104.41697022400007,6.5351630559398,-0.4479021749552553,3.735163052914471,-0.8479021749552553
104.47131734600003,6.535163055939817,-0.4479021749553253,3.735163052914488,-0.8479021749553253
104.48718199900003,6.535163055939812,-0.4479021749553003,3.7351630529144826,-0.8479021749553004
104.49251669300003,6.535163055939824,-0.44790217495532875,3.735163052914495,-0.8479021749553288
104.50302520700001,6.5351630559398295,-0.44790217495534157,3.7351630529145003,-0.8479021749553416
104.51454777500004,6.5351630559398295,-0.44790217495534157,3.7351630529145003,-0.8479021749553416
104.60428344300004,6.5351630559398295,-0.44790217495534157,3.7351630529145003,-0.8479021749553416
104.61605256900003,6.5351630559398295,-0.4479021749553424,3.7351630529145003,-0.8479021749553424
104.62725312499998,6.5351630559398295,-0.44790217495534157,3.7351630529145003,-0.8479021749553416
104.639909208,6.5351630559398295,-0.44790217495534157,3.7351630529145003,-0.8479021749553416
104.65156784900006,6.5351630559398295,-0.4479021749553424,3.7351630529145003,-0.8479021749553424
104.70561031300002,6.5351630559398295,-0.44790217495534157,3.7351630529145003,-0.8479021749553416
104.71803101300003,6.5351630559398295,-0.44790217495534157,3.7351630529145003,-0.8479021749553416
104.72762012699997,6.5351630559398295,-0.4479021749553424,3.7351630529145003,-0.8479021749553424
104.73872343400006,6.5351630559398295,-0.44790217495534157,3.7351630529145003,-0.8479021749553416
104.75011286800003,6.5351630559398295,-0.44790217495534157,3.7351630529145003,-0.8479021749553416
104.83792002900003,6.5351630559398295,-0.44790217495534157,3.7351630529145003,-0.8479021749553416
104.84961393400005,6.5351630559398295,-0.44790217495534157,3.7351630529145003,-0.8479021749553416
104.86079338500002,6.53516305593983,-0.44790217495534396,3.7351630529145012,-0.8479021749553439
104.873803367,6.53516305593983,-0.44790217495534396,3.7351630529145012,-0.8479021749553439
104.88521181100003,6.53516305593983,-0.44790217495534396,3.7351630529145012,-0.8479021749553439
104.93586661199998,6.53516305593983,-0.44790217495534396,3.7351630529145012,-0.8479021749553439
104.94687185900005,6.53516305593983,-0.44790217495534396,3.7351630529145012,-0.8479021749553439
104.955958759,6.53516305593985,-0.4479021749553776,3.7351630529145208,-0.8479021749553777
104.96636819200006,6.535163055939897,-0.44790217495545537,3.735163052914568,-0.8479021749554554
104.97809179100005,6.535163055939897,-0.44790217495545537,3.735163052914568,-0.8479021749554554
105.07107042299998,6.5351630559398854,-0.4479021749554358,3.7351630529145563,-0.8479021749554359
105.08209973599998,6.535163055939898,-0.4479021749554559,3.7351630529145687,-0.847902174955456
105.09343479299997,6.5351630559398854,-0.4479021749554367,3.7351630529145563,-0.8479021749554367
105.10409619500007,6.535163055939898,-0.44790217495545503,3.7351630529145687,-0.8479021749554551
105.11490598699999,6.5351630559398854,-0.44790217495543694,3.7351630529145563,-0.847902174955437
105.17067255700005,6.5351630559398854,-0.4479021749554378,3.7351630529145563,-0.8479021749554378
105.18721126700001,6.535163055939898,-0.44790217495545487,3.7351630529145687,-0.847902174955455
105.19135436300002,6.535163055939897,-0.44790217495545465,3.735163052914568,-0.8479021749554547
105.20169910300007,6.535163055939899,-0.4479021749554575,3.7351630529145696,-0.8479021749554575
105.21248232700003,6.5351630559399,-0.44790217495545814,3.7351630529145705,-0.8479021749554582
105.30315351100006,6.535163055939899,-0.4479021749554575,3.7351630529145696,-0.8479021749554575
105.31399535600002,6.5351630559399,-0.44790217495545814,3.7351630529145705,-0.8479021749554582
105.32716829999998,6.5351630559399,-0.44790217495545814,3.7351630529145705,-0.8479021749554582
105.338551129,6.5351630559399,-0.44790217495545814,3.7351630529145705,-0.8479021749554582
105.349978196,6.5351630559399,-0.44790217495545814,3.7351630529145705,-0.8479021749554582
105.40228521600005,6.5351630559399,-0.44790217495545814,3.7351630529145705,-0.8479021749554582
105.41750169699998,6.5351630559399,-0.44790217495545814,3.7351630529145705,-0.8479021749554582
105.42596217600004,6.535163055939899,-0.44790217495545753,3.7351630529145696,-0.8479021749554576
105.43708256200006,6.535163055939899,-0.44790217495545753,3.7351630529145696,-0.8479021749554576
105.45145329100006,6.535163055939899,-0.44790217495545753,3.7351630529145696,-0.8479021749554576
105.53712785400006,6.535163055939899,-0.44790217495545753,3.7351630529145696,-0.8479021749554576
105.54851490000004,6.535163055939899,-0.44790217495545753,3.7351630529145696,-0.8479021749554576
105.56036416900002,6.535163055939899,-0.4479021749554576,3.7351630529145696,-0.8479021749554576
105.57136878299997,6.535163055939899,-0.4479021749554576,3.7351630529145696,-0.8479021749554576
105.58250455299998,6.535163055939899,-0.4479021749554576,3.7351630529145696,-0.8479021749554576
105.63888694899998,6.5351630559399,-0.44790217495545814,3.7351630529145705,-0.8479021749554582
105.657403063,6.5351630559399,-0.44790217495545814,3.7351630529145705,-0.8479021749554582
105.65969701400007,6.5351630559399,-0.44790217495545814,3.7351630529145705,-0.8479021749554582
105.67015402800001,6.5351630559399,-0.44790217495545814,3.7351630529145705,-0.8479021749554582
105.68067146499999,6.5351630559399,-0.44790217495545814,3.7351630529145705,-0.8479021749554582
105.77112667400007,6.535185982753905,-0.44791824856051693,3.735185979728576,-0.847918248560517
105.78182494499998,6.535473766582206,-0.44811744654522184,3.735473763556877,-0.8481174465452219
105.79392056700004,6.536093800712411,-0.44853941159642774,3.736093797687082,-0.8485394115964278
105.80567612300007,6.53704979169531,-0.44917860927880554,3.7370497886699807,-0.8491786092788056
105.81659363800003,6.538345376825825,-0.45002945906987973,3.738345373800496,-0.8500294590698798
105.87134227300004,6.539971313655996,-0.4510781324444016,3.7399713106306667,-0.8510781324444017
105.88633999400002,6.541694091577325,-0.45216934314947377,3.741694088551996,-0.8521693431494738
105.892452913,6.543425895209083,-0.45324617217495805,3.7434258921837538,-0.853246172174958
105.90323083699997,6.5451666044964965,-0.45430854487124606,3.7451666014711673,-0.8543085448712461
105.91479652100003,6.546916098767418,-0.45535638759089103,3.7469160957420886,-0.855356387590891
105.99648062500006,6.5486982709581385,-0.45640402999795276,3.7486982679328094,-0.8564040299979527
106.00834182700004,6.550696100853575,-0.45756160327790596,3.7506960978282455,-0.857561603277906
106.01983818700006,6.5527237500394575,-0.4587209810359339,3.7527237470141284,-0.858720981035934
106.03177579000004,6.554758040348973,-0.4598686660726206,3.7547580373236435,-0.8598686660726207
106.04213444300007,6.556798904355153,-0.46100462034771145,3.756798901329824,-0.8610046203477115
106.090557767,6.558846274413146,-0.46212880620977115,3.7588462713878172,-0.8621288062097712
106.106877892,6.560900082662453,-0.4632411863974299,3.760900079637124,-0.8632411863974299
106.11192107000005,6.562960261029183,-0.46434172404062,3.7629602580038535,-0.86434172404062
106.12264905600006,6.565026741228306,-0.4654303826617976,3.7650267382029767,-0.8654303826617976
106.13581084700007,6.567099454765909,-0.4665071261771504,3.76709945174058,-0.8665071261771504
106.21485163400001,6.569203183858041,-0.4675848214844783,3.7692031808327116,-0.8675848214844784
106.227205782,6.571435003515164,-0.4687152119803351,3.771435000489835,-0.8687152119803352
106.23869937700005,6.573671964904104,-0.46983610431099004,3.773671961878775,-0.8698361043109901
106.25119120100004,6.575913742441584,-0.47094733306556164,3.7759137394162545,-0.8709473330655617
106.26357199199998,6.578160294381614,-0.4720488775509435,3.7781602913562846,-0.8720488775509435
106.31853329300003,6.580411578889302,-0.4731407172543685,3.7804115758639725,-0.8731407172543686
106.32981399199997,6.582667554041623,-0.4742228318437898,3.782667551016294,-0.8742228318437899
106.34231661799998,6.584928177828205,-0.4752952011682602,3.784928174802876,-0.8752952011682602
106.35365092600006,6.587193408152125,-0.4763578052583147,3.7871934051267955,-0.8763578052583147
106.36599845699999,6.5894632028306495,-0.4774106243263254,3.7894631998053203,-0.8774106243263254
106.44850083299997,6.5917628813191484,-0.4784655067337487,3.7917628782938193,-0.8784655067337488
106.45978676700003,6.5942101442990735,-0.47957917598799743,3.7942101412737443,-0.8795791759879974
106.47323188800004,6.596662071383264,-0.4806870435678101,3.796662068357935,-0.8806870435678101
106.48493191000006,6.59911696037134,-0.4817883323840617,3.799116957346011,-0.8817883323840617
106.49695705200003,6.601574793611868,-0.48288303451813414,3.801574790586539,-0.8828830345181342
106.54694409400003,6.604035553432227,-0.48397114209876485,3.8040355504068977,-0.8839711420987648
106.559709381,6.606499222138773,-0.48505264730211806,3.8064992191134435,-0.8850526473021181
106.57411652100001,6.608965782016943,-0.4861275423518287,3.808965778991614,-0.8861275423518287
106.585760774,6.611435215331382,-0.4871958195190574,3.811435212306053,-0.8871958195190575
106.59737783100007,6.613907504326076,-0.48825747112254986,3.813907501300747,-0.8882574711225499
106.67612568300007,6.616404909508208,-0.48932211222732197,3.8164049064828784,-0.889322112227322
106.68817449,6.618969693254768,-0.49040934841197487,3.818969690229439,-0.8904093484119748
106.69979852900002,6.621536491736318,-0.49149181953999493,3.821536488710989,-0.891491819539995
106.71174737000007,6.624105296099972,-0.49256952187794495,3.824105293074643,-0.892569521877945
106.72265738599998,6.626676097485912,-0.4936424517088262,3.8266760944605824,-0.8936424517088262
106.76927526800006,6.629248887027446,-0.4947106053321038,3.8292488840021166,-0.8947106053321039
106.78827165299998,6.631823655850987,-0.49577397906370096,3.8318236528256575,-0.8957739790637009
106.79173205199999,6.634400395076231,-0.49683256923607244,3.8344003920509016,-0.8968325692360725
106.802233048,6.636979095815963,-0.4978863721981241,3.836979092790634,-0.8978863721981241
106.81382667100007,6.6395597491762555,-0.4989353843152924,3.8395597461509263,-0.8989353843152924
106.89512261300007,6.642131951043986,-0.499975355614982,3.8421319480186567,-0.8999753556149821
106.90638356599999,6.644686959811598,-0.5010022004480572,3.844686956786269,-0.9010022004480572
106.918535319,6.6472441552714585,-0.5020235874921638,3.8472441522461294,-0.9020235874921638
106.93014254300004,6.649803525765122,-0.503039512090723,3.8498035227397924,-0.903039512090723
106.94061142499999,6.652365059624234,-0.5040499696120601,3.852365056598905,-0.9040499696120601
106.98628141800003,6.6549287451705705,-0.5050549554494251,3.8549287421452414,-0.9050549554494252
106.99736828199997,6.657494570716101,-0.5060544650210135,3.8574945676907717,-0.9060544650210135
107.00772517000001,6.660062524563043,-0.5070484937699886,3.8600625215377136,-0.9070484937699886
107.01753911200007,6.662632595003899,-0.5080370371644988,3.86263259197857,-0.9080370371644988
107.03012065800004,6.665204770321533,-0.5090200906977038,3.8652047672962038,-0.9090200906977038
107.10632093700002,6.6678019858199935,-0.5100065002775607,3.8678019827946644,-0.9100065002775607
107.11804801099998,6.670468644748556,-0.5110148183662631,3.8704686417232272,-0.9110148183662631
107.128971735,6.673136604176744,-0.5120196903475804,3.8731366011514146,-0.9120196903475805
107.13971268400002,6.675805859651168,-0.5130211145441693,3.8758058566258384,-0.9130211145441693
107.15072885800004,6.678476406716295,-0.5140190892844431,3.878476403690966,-0.9140190892844431
107.19803549199997,6.68114824091442,-0.5150136129025722,3.881148237889091,-0.9150136129025722
107.20896608699996,6.683821357785692,-0.5160046837384918,3.8838213547603626,-0.9160046837384919
107.21989674399998,6.686495752868119,-0.5169923001378994,3.8864957498427897,-0.9169923001378995
107.23154158300002,6.6891714216975755,-0.5179764604522566,3.8891714186722464,-0.9179764604522567
107.24452222600002,6.691848359807814,-0.5189571630387938,3.891848356782485,-0.9189571630387938
107.31760066400005,6.694547406678263,-0.5199421358537096,3.8945474036529335,-0.9199421358537097
107.32852017700003,6.697302901620289,-0.5209454239710859,3.89730289859496,-0.9209454239710859
107.33987671900007,6.700058983334915,-0.5219470990702654,3.900058980309586,-0.9219470990702654
107.35063627300002,6.70281565087792,-0.5229471608080821,3.9028156478525906,-0.9229471608080821
107.36149853399996,6.705572903304856,-0.5239456088419129,3.9055729002795267,-0.9239456088419129
107.40940012100003,6.708330739671091,-0.5249424428296889,3.9083307366457616,-0.924942442829689
107.43009684400005,6.711089159031787,-0.5259376624298958,3.911089156006458,-0.9259376624298958
107.43087660400005,6.713848160441915,-0.5269312673015712,3.913848157416586,-0.9269312673015713
107.44218693099998,6.7166077429561994,-0.5279232571042907,3.9166077399308703,-0.9279232571042907
107.45384506099998,6.719367905629291,-0.5289136314982298,3.9193679026039616,-0.9289136314982298
107.53076250099997,6.722144164566686,-0.5299080803017927,3.9221441615413566,-0.9299080803017927
107.54168515300006,6.724955834657846,-0.5309151141711126,3.9249558316325173,-0.9309151141711126
107.55380433700003,6.7277673875260655,-0.5319224752705793,3.9277673845007364,-0.9319224752705794
107.565794573,6.730578823133245,-0.5329301635865459,3.9305788201079155,-0.9329301635865459
107.57643356600005,6.733390141441316,-0.5339381791053698,3.9333901384159873,-0.9339381791053698
107.62297371900007,6.736201342412196,-0.5349465218133909,3.9362013393868667,-0.9349465218133909
107.63813732,6.739012426007792,-0.5359551916969527,3.9390124229824632,-0.9359551916969527
107.64424592699999,6.7418233921900494,-0.5369641887423935,3.9418233891647203,-0.9369641887423935
107.65502620500007,6.744634240920874,-0.5379735129360425,3.944634237895545,-0.9379735129360425
107.66765931399999,6.747444972162207,-0.538983164264232,3.9474449691368783,-0.938983164264232
107.74281093899998,6.750227299439143,-0.5399827921891759,3.9502272964138134,-0.9399827921891759
107.75352901299999,6.752957626677234,-0.5409617151206213,3.952957623651905,-0.9409617151206213
107.76693482600007,6.755688796945294,-0.5419382835512152,3.9556887939199648,-0.9419382835512152
107.78002286500003,6.758420808212908,-0.5429124967549603,3.958420805187579,-0.9429124967549604
107.791246672,6.7611536584490635,-0.54388435400761,3.9611536554237343,-0.9438843540076101
107.83511949200005,6.763887345622098,-0.5448538545866611,3.9638873425967684,-0.9448538545866612
107.84727297500007,6.76662186769973,-0.5458209977713689,3.9666218646744005,-0.945820997771369
107.85654424400008,6.769357222649064,-0.5467857828427385,3.969357219623735,-0.9467857828427385
107.866952884,6.772093408436582,-0.5477482090835308,3.972093405411253,-0.9477482090835309
107.88008405600004,6.774830423028113,-0.5487082757782434,3.9748304200027835,-0.9487082757782435
107.95356856000006,6.777584882130233,-0.5496718869280385,3.9775848791049038,-0.9496718869280385
107.96413079400003,6.780378402655442,-0.5506477191180659,3.980378399630113,-0.9506477191180659
107.97622120900002,6.783172269286772,-0.5516225599431493,3.983172266261443,-0.9516225599431494
107.98839467700003,6.785966481672394,-0.5525964092805258,3.9859664786470645,-0.9525964092805258
107.99879455299998,6.788761039460456,-0.5535692670075697,3.988761036435127,-0.9535692670075697
108.04469143500006,6.791555942299058,-0.554541133001773,3.991555939273729,-0.954541133001773
108.06032601800001,6.794351189836242,-0.5555120071407508,3.9943511868109125,-0.9555120071407508
108.06615049400006,6.79714678172003,-0.5564818893022473,3.9971467786947006,-0.9564818893022473
108.07757835700005,6.799942717598386,-0.5574507793641282,3.9999427145730566,-0.9574507793641283
108.08978937700005,6.8027389971191905,-0.5584186772043774,4.002738994093861,-0.9584186772043775
108.16927100800007,6.805532938646375,-0.5593846425645623,4.005532935621046,-0.9593846425645624
108.18017847300001,6.808322288676462,-0.5603477388588219,4.008322285651133,-0.960347738858822
108.192234154,6.811112047976506,-0.5613096489950544,4.011112044951177,-0.9613096489950544
108.204106438,6.813902216042076,-0.5622703727993292,4.013902213016747,-0.9622703727993293
108.21593338600002,6.8166927923687055,-0.5632299100979464,4.016692789343376,-0.9632299100979465
108.26045916800007,6.819483776451859,-0.564188260717422,4.01948377342653,-0.964188260717422
108.27799750399998,6.822275167786898,-0.5651454244844755,4.022275164761568,-0.9651454244844755
108.28259617099997,6.825066965869111,-0.5661014012260447,4.025066962843782,-0.9661014012260447
108.29342145699997,6.827859170193729,-0.5670561907692822,4.027859167168399,-0.9670561907692822
108.30605215300005,6.830651780255896,-0.568009792941556,4.030651777230567,-0.968009792941556
108.38077345300002,6.83343858529373,-0.5689600599657813,4.033438582268401,-0.9689600599657813
108.39426518700003,6.836214363731245,-0.5699048510941835,4.036214360705916,-0.9699048510941836
108.40521838600006,6.838990697155972,-0.5708480101079348,4.038990694130643,-0.9708480101079349
108.41678903200005,6.841767584608257,-0.5717895366810253,4.041767581582928,-0.9717895366810253
108.42780733000001,6.844545025128247,-0.5727294304880096,4.044545022102918,-0.9727294304880096
108.47236276000007,6.847323017755902,-0.5736676912040083,4.047323014730573,-0.9736676912040083
108.48792282599999,6.850101561530989,-0.5746043185047041,4.05010155850566,-0.9746043185047041
108.49491870399999,6.852880655493088,-0.575539312066346,4.052880652467759,-0.975539312066346
108.50651492900005,6.855660298681586,-0.5764726715657477,4.055660295656257,-0.9764726715657477
108.52039007900004,6.8584404901356795,-0.5774043966802875,4.05844048711035,-0.9774043966802876
108.59229802099998,6.861239222027047,-0.5783406196087044,4.061239219001718,-0.9783406196087044
108.60405977600004,6.8640817118061515,-0.5792911505347821,4.064081708780822,-0.9792911505347821
108.61631593500005,6.866924178586024,-0.5802417502355273,4.066924175560695,-0.9802417502355273
108.62791559700003,6.869766622365004,-0.5811924187104001,4.069766619339675,-0.9811924187104001
108.63996109400006,6.872609043141412,-0.5821431559588237,4.072609040116083,-0.9821431559588237
108.68484115300004,6.875451440913607,-0.5830939619802575,4.075451437888278,-0.9830939619802576
108.69699436900004,6.878293815679904,-0.5840448367741475,4.078293812654575,-0.9840448367741476
108.70666764800006,6.881136167438646,-0.5849957803399379,4.081136164413317,-0.984995780339938
108.71759886000001,6.883978496188171,-0.5859467926770641,4.083978493162842,-0.9859467926770641
108.72836004900006,6.886820801926822,-0.5868978737849649,4.086820798901493,-0.986897873784965
108.80485702800007,6.889647257988661,-0.5878438058559602,4.089647254963332,-0.9878438058559602
108.81721856899998,6.892444037981204,-0.5887808947730258,4.092444034955875,-0.9887808947730258
108.82836657900003,6.8952404083505705,-0.5897192053411924,4.095240405325241,-0.9897192053411924
108.84039242199998,6.898036368563154,-0.5906587373814117,4.0980363655378245,-0.9906587373814117
108.85148657500002,6.900831918085418,-0.5915994907143991,4.1008319150600885,-0.9915994907143991
108.89722234499999,6.903627056383893,-0.5925414651606326,4.103627053358564,-0.9925414651606326
108.90890503500003,6.906421782925188,-0.5934846605403574,4.106421779899859,-0.9934846605403574
108.91983882699998,6.909216097175992,-0.5944290766735852,4.109216094150663,-0.9944290766735853
108.93130012,6.912009998603076,-0.5953747133800966,4.112009995577747,-0.9953747133800966
108.94367108600005,6.914803486673281,-0.5963215704794372,4.114803483647952,-0.9963215704794373
109.02134991200006,6.917584625843007,-0.5972656534326247,4.117584622817678,-0.9972656534326247
109.03243235100007,6.9203429915487975,-0.5982041085226333,4.120342988523468,-0.9982041085226333
109.04426808700003,6.923100654066565,-0.5991446279327759,4.123100651041236,-0.9991446279327759
109.05649830300007,6.925857611851419,-0.6000872111361577,4.12585760882609,-1.0000872111361576
109.06748776399996,6.928613863358844,-0.6010318576047224,4.128613860333515,-1.0010318576047226
109.11352800800006,6.931369407044727,-0.6019785668092567,4.131369404019398,-1.0019785668092567
109.12890531900001,6.934124241365349,-0.6029273382193916,4.13412423834002,-1.0029273382193917
109.13681330399999,6.936878364777385,-0.6038781713036045,4.136878361752056,-1.0038781713036045
109.148135405,6.9396317757379125,-0.604831065529217,4.139631772712583,-1.004831065529217
109.16168288199998,6.942384472704407,-0.6057860203623959,4.142384469679078,-1.0057860203623958
109.23334916000005,6.945154504200352,-0.6067492082073916,4.145154501175023,-1.0067492082073917
109.24517857699999,6.947967977767563,-0.6077284489256549,4.147967974742234,-1.007728448925655
109.25674412400002,6.950781273215898,-0.6087082012505185,4.150781270190569,-1.0087082012505184
109.26841491600004,6.953594390452342,-0.6096884651495872,4.153594387427013,-1.0096884651495872
109.27983421599998,6.956407329383857,-0.6106692405904384,4.1564073263585275,-1.0106692405904383
109.32344671100003,6.959220089917422,-0.61165052754064,4.159220086892093,-1.01165052754064
109.33884477099997,6.962032671960019,-0.6126323259677406,4.16203266893469,-1.0126323259677408
109.34599800200004,6.964845075418646,-0.6136146358392749,4.164845072393317,-1.013614635839275
109.35756182200004,6.9676573002003,-0.6145974571227588,4.167657297174971,-1.014597457122759
109.37057310799997,6.970469346211982,-0.615580789785691,4.170469343186653,-1.015580789785691
109.44422049100007,6.973277397309217,-0.6165632088927949,4.173277394283888,-1.016563208892795
109.45696091400004,6.976078490235743,-0.6175426134546871,4.176078487210414,-1.0175426134546872
109.46811096000005,6.978879859918978,-0.618521226134288,4.178879856893649,-1.018521226134288
109.482099215,6.981681506135066,-0.6194990468533932,4.181681503109737,-1.0194990468533933
109.493326061,6.984483428660113,-0.6204760755338603,4.184483425634784,-1.0204760755338604
109.53557545799998,6.987285627270209,-0.6214523120976118,4.18728562424488,-1.0214523120976118
109.54779602399998,6.990088101741418,-0.6224277564666307,4.190088098716089,-1.0224277564666306
109.55778426900002,6.992890851849784,-0.6234024085629672,4.1928908488244545,-1.0234024085629674
109.56842353000008,6.995693877371323,-0.6243762683087307,4.195693874345994,-1.0243762683087307
109.58103582300004,6.998497178082039,-0.6253493356260995,4.19849717505671,-1.0253493356260996
109.65668873999999,7.001296216061887,-0.6263201680698312,4.201296213036557,-1.026320168069831
109.66720085200001,7.004086654404221,-0.6272888187417385,4.2040866513788915,-1.0272888187417384
109.68006501300005,7.0068767045271345,-0.6282585870533983,4.206876701501805,-1.0282585870533985
109.692674727,7.009666365982951,-0.6292294728492106,4.209666362957622,-1.0292294728492106
109.70411724600007,7.012455638324104,-0.6302014759734104,4.212455635298775,-1.0302014759734104
109.74871115399998,7.015244521103072,-0.6311745962700474,4.215244518077743,-1.0311745962700474
109.77085925500006,7.018033013872407,-0.6321488335829943,4.218033010847078,-1.0321488335829945
109.77111462300007,7.0208211161847105,-0.6331241877559391,4.220821113159381,-1.0331241877559392
109.78179747300004,7.023608827592657,-0.6341006586323962,4.223608824567328,-1.0341006586323962
109.79490974900006,7.026396147648977,-0.6350782460556968,4.2263961446236475,-1.0350782460556969
109.87034419600008,7.0291745348091865,-0.6360539917308039,4.229174531783857,-1.036053991730804
109.88296068300002,7.031936523167173,-0.6370257706305607,4.2319365201418435,-1.0370257706305606
109.89377082300001,7.034697904237525,-0.6379992738426268,4.234697901212196,-1.037999273842627
109.90604951799997,7.037458676943766,-0.6389745009874994,4.237458673918437,-1.0389745009874995
109.91722276299998,7.040218840209636,-0.6399514516849968,4.240218837184307,-1.0399514516849968
109.96344914800005,7.042978392959127,-0.6409301255542684,4.242978389933798,-1.0409301255542684
109.97880196199998,7.045737334116461,-0.6419105222137897,4.2457373310911315,-1.0419105222137897
109.98632596199997,7.048495662606092,-0.6428926412813655,4.248495659580763,-1.0428926412813655
109.99784502900008,7.051253377352727,-0.6438764823741286,4.251253374327398,-1.0438764823741287
110.010358263,7.0540104772813,-0.6448620451085415,4.254010474255971,-1.0448620451085415
110.08459396100005,7.056781270973481,-0.6458542975772815,4.256781267948152,-1.0458542975772815
110.09547176699999,7.059583576696711,-0.6468577432417524,4.259583573671382,-1.0468577432417523
110.10914290099998,7.062386086338454,-0.647860619244015,4.262386083313125,-1.047860619244015
110.12105992000005,7.065188799782909,-0.6488629255426317,4.26518879675758,-1.0488629255426316
110.13366221100006,7.067991716914288,-0.6498646620961879,4.267991713888959,-1.049864662096188
110.17586107799997,7.070794837616749,-0.6508658288632839,4.2707948345914195,-1.050865828863284
110.18753052000005,7.073598161774461,-0.6518664258025493,4.273598158749132,-1.0518664258025492
110.19981319100003,7.076401689271596,-0.652866452872639,4.276401686246267,-1.052866452872639
110.21204673900007,7.079205419992301,-0.6538659100322296,4.279205416966972,-1.0538659100322296
110.22545793,7.082009353820728,-0.6548647972400248,4.2820093507953985,-1.054864797240025
110.29773218400004,7.084811324379905,-0.6558624327475824,4.284811321354576,-1.0558624327475825
110.31027020599998,7.087609163309722,-0.6568591070076775,4.287609160284393,-1.0568591070076776
110.32168170300002,7.090406743536907,-0.657856507193356,4.290406740511578,-1.0578565071933559
110.333474277,7.093204064873114,-0.6588546332374726,4.293204061847785,-1.0588546332374726
110.34466890599998,7.096001127130007,-0.6598534850728266,4.296001124104678,-1.0598534850728267
110.39098015799999,7.098797930119278,-0.660853062632169,4.298797927093949,-1.060853062632169
110.40791141300002,7.1015944736526295,-0.6618533658482062,4.3015944706273,-1.061853365848206
110.41345856499998,7.104390757541782,-0.6628543946535885,4.304390754516453,-1.0628543946535887
110.42489545100005,7.1071867815984735,-0.6638561489809235,4.307186778573144,-1.0638561489809235
110.43719371700007,7.109982545634464,-0.6648586287627672,4.309982542609135,-1.0648586287627673
110.51253484700004,7.112780449576093,-0.6658626832596557,4.3127804465507635,-1.0658626832596556
110.52569301700004,7.115582592875531,-0.6668689223615965,4.315582589850202,-1.0668689223615964
110.53686358300007,7.118384538466133,-0.6678757118669815,4.318384535440804,-1.0678757118669815
110.54945995400004,7.121186286239792,-0.6688830517369618,4.3211862832144625,-1.0688830517369619
110.56188111,7.123987836088403,-0.669890941932669,4.323987833063073,-1.069890941932669
110.60595241699997,7.126789187903868,-0.6708993824152175,4.326789184878539,-1.0708993824152175
110.61944847800004,7.1295903415780995,-0.6719083731456961,4.32959033855277,-1.0719083731456962
110.62896019600004,7.132391297003017,-0.6729179140851717,4.332391293977688,-1.0729179140851717
110.640523428,7.135192054070546,-0.6739280051946939,4.335192051045217,-1.073928005194694
110.65236133299999,7.1379926126726225,-0.6749386464352873,4.337992609647293,-1.0749386464352875
110.73226437,7.14079879557687,-0.6759519109387063,4.340798792551541,-1.0759519109387063
110.74314768000005,7.14361569804872,-0.6769692868712237,4.343615695023391,-1.0769692868712237
110.75621845100005,7.146432556385012,-0.6779867849976553,4.346432553359683,-1.0779867849976554
110.76866058299998,7.14924937058044,-0.6790044053160907,4.349249367555111,-1.0790044053160908
110.78049093300007,7.152066140629696,-0.6800221478245996,4.352066137604367,-1.0800221478245997
110.82449561000004,7.154882866527489,-0.6810400125212811,4.3548828635021595,-1.0810400125212811
110.83997798399997,7.1576995482685115,-0.6820579994042105,4.357699545243182,-1.0820579994042105
110.84836469700002,7.160516185847465,-0.6830761084714797,4.360516182822136,-1.0830761084714797
110.85970496700003,7.163332779259049,-0.6840943397211724,4.36333277623372,-1.0840943397211724
110.87303959299999,7.166149328497963,-0.6851126931513567,4.366149325472634,-1.0851126931513568
110.94769346599998,7.168962235707662,-0.6861298323525491,4.368962232682333,-1.0861298323525492
110.962086597,7.171768541622245,-0.6871442671762509,4.371768538596916,-1.0871442671762508
110.97576406399997,7.174574987920565,-0.688158313561961,4.3745749848952356,-1.088158313561961
110.990008671,7.177381574548862,-0.6891719714902567,4.377381571523533,-1.0891719714902566
111.00156092700007,7.180188301453365,-0.6901852409417135,4.380188298428036,-1.0901852409417137
111.04705767600007,7.182995168580305,-0.6911981218969229,4.382995165554976,-1.091198121896923
111.060110286,7.185802175875906,-0.6922106143364808,4.3858021728505765,-1.092210614336481
111.071026689,7.188609323286395,-0.6932227182409846,4.388609320261065,-1.0932227182409846
111.08317607200007,7.191416610757985,-0.6942344335910495,4.391416607732656,-1.0942344335910494
111.09822363200004,7.194224038236902,-0.6952457603672929,4.394224035211573,-1.095245760367293
111.17478996000006,7.197024569581593,-0.6962542543426127,4.397024566556264,-1.0962542543426128
111.18713365700006,7.199811860552786,-0.6972586901984725,4.399811857527457,-1.0972586901984727
111.19889848400004,7.202598827105798,-0.6982640258533545,4.402598824080469,-1.0982640258533545
111.21236335200007,7.205385468950152,-0.6992702612024781,4.405385465924823,-1.099270261202478
111.22374076199998,7.208171785795416,-0.7002773961409716,4.408171782770087,-1.1002773961409718
111.27081506400003,7.210957777351183,-0.7012854305638647,4.410957774325854,-1.1012854305638649
111.28810698399997,7.213743443327078,-0.7022943643660947,4.413743440301749,-1.1022943643660947
111.29441954800001,7.21652878343276,-0.7033041974425024,4.416528780407431,-1.1033041974425024
111.30649574199998,7.219313797377927,-0.704314929687839,4.419313794352598,-1.1043149296878392
111.31880830699998,7.222098484872305,-0.7053265609967583,4.422098481846976,-1.1053265609967582
111.39170682000002,7.2248931669306495,-0.7063427759634444,4.42489316390532,-1.1063427759634443
111.40721573399998,7.227708706912459,-0.707366703705078,4.42770870388713,-1.107366703705078
111.41970926200003,7.230524282866446,-0.7083905325269889,4.430524279841117,-1.108390532526989
111.43148183299996,7.233339894789134,-0.7094142624279176,4.433339891763805,-1.1094142624279177
111.442181501,7.236155542677055,-0.7104378934066125,4.436155539651726,-1.1104378934066124
111.48425058900006,7.238971226526725,-0.7114614254617859,4.438971223501396,-1.111461425461786
111.49849686500005,7.241786946334675,-0.7124848585921899,4.441786943309346,-1.11248485859219
111.50822970500002,7.24460270209742,-0.7135081927965622,4.444602699072091,-1.1135081927965622
111.51979558900001,7.247418493811493,-0.714531428073626,4.447418490786164,-1.114531428073626
111.53370549499999,7.250234321473407,-0.7155545644221336,4.450234318448078,-1.1155545644221336
111.61196961399997,7.2530495957857015,-0.7165774044629303,4.453049592760372,-1.1165774044629302
111.61974197800004,7.255863752509955,-0.7175999417529838,4.455863749484626,-1.1175999417529838
111.63017604800001,7.258677857574974,-0.7186226212048431,4.458677854549645,-1.1186226212048431
111.64272028700003,7.261491910973571,-0.7196454428159019,4.461491907948242,-1.119645442815902
111.65421430400005,7.264305912698572,-0.720668406583546,4.464305909673243,-1.1206684065835462
111.69973433299998,7.267119862742791,-0.7216915125051776,4.467119859717462,-1.1216915125051776
111.71868923799997,7.269933761099044,-0.7227147605781687,4.469933758073715,-1.1227147605781687
111.721952854,7.272747607760158,-0.723738150799917,4.4727476047348285,-1.123738150799917
111.73232799099998,7.275561402718942,-0.7247616831678163,4.475561399693613,-1.1247616831678164
111.74538413300007,7.27837514596822,-0.7257853576792457,4.478375142942891,-1.1257853576792458
111.82108877900004,7.281184363111447,-0.7268075035520043,4.481184360086118,-1.1268075035520044
111.83178756700005,7.2839853699451425,-0.7278262736409925,4.483985366919813,-1.1278262736409925
111.84379278900002,7.286786548686612,-0.728844570962473,4.486786545661283,-1.128844570962473
111.85643697100005,7.289587899256066,-0.7298623954874345,4.489587896230737,-1.1298623954874345
111.86859991400007,7.292389421573704,-0.7308797471868868,4.492389418548375,-1.1308797471868868
111.91181052500002,7.295191115559716,-0.7318966260318476,4.495191112534387,-1.1318966260318475
111.92797013600006,7.297992981134296,-0.7329130319933509,4.497992978108967,-1.132913031993351
111.93333684300006,7.300795018217628,-0.73392896504244,4.500795015192299,-1.13392896504244
111.94397178700007,7.30359722672989,-0.7349444251501747,4.503597223704561,-1.1349444251501746
111.95627461300006,7.306399606591257,-0.735959412287632,4.506399603565928,-1.135959412287632
112.03238529700008,7.3091949436839085,-0.7369714169197767,4.509194940658579,-1.1369714169197769
112.043232628,7.311976695513497,-0.7379792793535841,4.511976692488168,-1.1379792793535841
112.05386982400006,7.314758086453286,-0.7389881373053951,4.514758083427957,-1.1389881373053952
112.06538423700005,7.317539116146995,-0.739997990645985,4.517539113121666,-1.139997990645985
112.07606061500002,7.320319784238416,-0.7410088392460057,4.520319781213087,-1.1410088392460058
112.12342174300005,7.323100090371364,-0.7420206829759761,4.523100087346035,-1.1420206829759763
112.13741914999997,7.325880034189714,-0.7430335217062892,4.525880031164385,-1.1430335217062892
112.14545140199999,7.328659615337377,-0.7440473553072108,4.5286596123120475,-1.1440473553072108
112.15640805900006,7.331438833458315,-0.7450621836488758,4.531438830432986,-1.145062183648876
112.168590758,7.334217688196534,-0.7460780066012959,4.534217685171205,-1.1460780066012959
112.24372225500002,7.336999890696592,-0.7470961638580157,4.5369998876712625,-1.1470961638580157
112.25753023600004,7.339788688343788,-0.748117622346401,4.539788685318459,-1.1481176223464011
112.26894378200001,7.342577220123354,-0.7491398064173286,4.5425772170980245,-1.1491398064173286
112.28259608100001,7.345365485846509,-0.7501627160015969,4.54536548282118,-1.150162716001597
112.29630233899996,7.348153485324487,-0.751186351029957,4.548153482299158,-1.1511863510299571
112.33921794600002,7.350941218368549,-0.7522107114331094,4.55094121534322,-1.1522107114331095
112.3592643,7.35372868478997,-0.7532357971417071,4.553728681764641,-1.153235797141707
112.36225584699997,7.356515884400036,-0.7542616080863512,4.556515881374707,-1.1542616080863513
112.37659891200002,7.359302817010057,-0.7552881441975975,4.559302813984728,-1.1552881441975975
112.39129632300006,7.362089482431365,-0.7563154054059481,4.562089479406036,-1.1563154054059481
112.46648842400003,7.363900671586103,-0.7569835139918331,4.563900668560774,-1.156983513991833
112.47868824699998,7.363900671586142,-0.7569835139918475,4.563900668560813,-1.1569835139918476
112.49576610800005,7.363900671586162,-0.7569835139918546,4.563900668560833,-1.1569835139918547
112.51128969500002,7.36390067158618,-0.7569835139918599,4.5639006685608505,-1.15698351399186
112.52856433300002,7.363900671586199,-0.756983513991865,4.56390066856087,-1.156983513991865
112.57704421299997,7.363900671586212,-0.7569835139918683,4.5639006685608825,-1.1569835139918683
112.59008705600007,7.3639006715862125,-0.7569835139918685,4.563900668560883,-1.1569835139918685
112.602359896,7.363900671586212,-0.7569835139918683,4.5639006685608825,-1.1569835139918683
112.61369950299996,7.3639006715862125,-0.7569835139918685,4.563900668560883,-1.1569835139918685
112.62629617600004,7.363900671586212,-0.7569835139918683,4.5639006685608825,-1.1569835139918683
112.705122829,7.363900671586212,-0.7569835139918683,4.5639006685608825,-1.1569835139918683
112.71933622500006,7.363900671586212,-0.7569835139918683,4.5639006685608825,-1.1569835139918683
112.73181862400003,7.363900671586212,-0.7569835139918683,4.5639006685608825,-1.1569835139918683
112.74556130100001,7.3639006715862125,-0.7569835139918685,4.563900668560883,-1.1569835139918685
112.75814089800002,7.363900671586212,-0.7569835139918684,4.5639006685608825,-1.1569835139918685
112.80628833400004,7.363900671586211,-0.756983513991868,4.563900668560882,-1.156983513991868
112.81960379100002,7.363900671586211,-0.756983513991868,4.563900668560882,-1.156983513991868
112.82883023799997,7.363900671586211,-0.756983513991868,4.563900668560882,-1.156983513991868
112.84087076100008,7.3639006715863395,-0.7569835139918838,4.56390066856101,-1.1569835139918838
112.85355674600004,7.363900671586352,-0.7569835139918853,4.563900668561023,-1.1569835139918854
112.93153427800002,7.363900671586367,-0.7569835139918871,4.563900668561038,-1.1569835139918871
112.94364110300006,7.363900671586367,-0.7569835139918871,4.563900668561038,-1.1569835139918871
112.95653610400001,7.363900671586367,-0.7569835139918871,4.563900668561038,-1.1569835139918871
112.96863482600003,7.363900671586367,-0.7569835139918871,4.563900668561038,-1.1569835139918871
112.98056167700003,7.363900671586367,-0.7569835139918871,4.563900668561038,-1.1569835139918871
113.02695970400003,7.363900671586367,-0.7569835139918871,4.563900668561038,-1.1569835139918871
113.03760681400007,7.363900671586367,-0.7569835139918871,4.563900668561038,-1.1569835139918871
113.04951840200005,7.363900671586367,-0.7569835139918871,4.563900668561038,-1.1569835139918871
113.06149352300002,7.363900671586366,-0.7569835139918871,4.563900668561037,-1.1569835139918871
113.07459061000003,7.363900671586367,-0.7569835139918871,4.563900668561038,-1.1569835139918871
113.151678935,7.363900671586366,-0.7569835139918871,4.563900668561037,-1.1569835139918871
113.16347047599999,7.363900671586367,-0.7569835139918871,4.563900668561038,-1.1569835139918871
113.17374706000004,7.363900671586366,-0.7569835139918871,4.563900668561037,-1.1569835139918871
113.18487854900008,7.363900671586367,-0.756983513991887,4.563900668561038,-1.1569835139918871
113.19607487800005,7.363900671586366,-0.7569835139918871,4.563900668561037,-1.1569835139918871
113.24317775599997,7.363900671586367,-0.756983513991887,4.563900668561038,-1.1569835139918871
113.26131541500007,7.363900671586366,-0.7569835139918871,4.563900668561037,-1.1569835139918871
113.26449029200006,7.363900671586369,-0.7569835139918868,4.56390066856104,-1.1569835139918867
113.27648591899998,7.363900671586368,-0.7569835139918869,4.563900668561039,-1.156983513991887
113.286847604,7.363900671586369,-0.7569835139918868,4.56390066856104,-1.1569835139918867
113.36806956900006,7.363900671586368,-0.7569835139918869,4.563900668561039,-1.156983513991887
113.37914955700006,7.363900671586368,-0.7569835139918869,4.563900668561039,-1.156983513991887
113.39232160099999,7.363900671586369,-0.7569835139918868,4.56390066856104,-1.1569835139918867
113.40372867900004,7.363900671586369,-0.7569835139918868,4.56390066856104,-1.1569835139918867
113.41510089499997,7.363900671586369,-0.7569835139918868,4.56390066856104,-1.1569835139918867
113.46612205399998,7.363900671586369,-0.7569835139918868,4.56390066856104,-1.1569835139918867
113.48029053500005,7.363900671586482,-0.7569835139918596,4.5639006685611525,-1.1569835139918596
113.49016405599997,7.363900671586482,-0.7569835139918596,4.5639006685611525,-1.1569835139918596
113.50177163400002,7.363900671586482,-0.7569835139918596,4.5639006685611525,-1.1569835139918596
113.51547009899997,7.3639006715864825,-0.7569835139918594,4.563900668561153,-1.1569835139918594
113.59850891700006,7.3639006715864825,-0.7569835139918594,4.563900668561153,-1.1569835139918594
113.60969194900002,7.3639006715864825,-0.7569835139918594,4.563900668561153,-1.1569835139918594
113.62506110300006,7.3639006715864825,-0.7569835139918594,4.563900668561153,-1.1569835139918594
113.63756119199996,7.3639006715864825,-0.7569835139918594,4.563900668561153,-1.1569835139918594
113.64994893800002,7.3639006715864825,-0.7569835139918594,4.563900668561153,-1.1569835139918594
113.702514968,7.3639006715864825,-0.7569835139918594,4.563900668561153,-1.1569835139918594
113.72058352900007,7.363900671586482,-0.7569835139918597,4.5639006685611525,-1.1569835139918596
113.72743406700005,7.363900671586482,-0.7569835139918597,4.5639006685611525,-1.1569835139918596
113.73869933099996,7.363900671586482,-0.7569835139918597,4.5639006685611525,-1.1569835139918596
113.75169369500003,7.363900671586482,-0.7569835139918597,4.5639006685611525,-1.1569835139918596
113.84690719100007,7.363900671586482,-0.7569835139918597,4.5639006685611525,-1.1569835139918596
113.86144172300004,7.3639006715864825,-0.7569835139918594,4.563900668561153,-1.1569835139918594
113.87277454600002,7.3639006715864825,-0.7569835139918593,4.563900668561153,-1.1569835139918592
113.88459638900002,7.3639006715864825,-0.7569835139918593,4.563900668561153,-1.1569835139918592
113.89733776400004,7.3639006715864825,-0.7569835139918593,4.563900668561153,-1.1569835139918592
113.95159197200002,7.3639006715864825,-0.7569835139918593,4.563900668561153,-1.1569835139918592
113.96914276399997,7.3639006715864825,-0.7569835139918593,4.563900668561153,-1.1569835139918592
113.97410831899998,7.3639006715864825,-0.7569835139918593,4.563900668561153,-1.1569835139918592
113.98509759400002,7.363900671586482,-0.7569835139918597,4.5639006685611525,-1.1569835139918596
113.99634927100004,7.363900671586482,-0.7569835139918597,4.5639006685611525,-1.1569835139918596
114.08510479500006,7.363900671586482,-0.7569835139918597,4.5639006685611525,-1.1569835139918596
114.096238057,7.363900671586482,-0.7569835139918597,4.5639006685611525,-1.1569835139918596
114.10855355500001,7.363900671586482,-0.7569835139918597,4.5639006685611525,-1.1569835139918596
114.12010906200004,7.363900671586482,-0.7569835139918597,4.5639006685611525,-1.1569835139918596
114.13210334600006,7.3639006715864825,-0.7569835139918591,4.563900668561153,-1.1569835139918592
114.18709375300006,7.3639006715864825,-0.7569835139918591,4.563900668561153,-1.1569835139918592
114.19846095700001,7.3639006715864825,-0.7569835139918591,4.563900668561153,-1.1569835139918592
114.20979490100007,7.3639006715864825,-0.7569835139918591,4.563900668561153,-1.1569835139918592
114.22058120399998,7.3639006715864825,-0.7569835139918591,4.563900668561153,-1.1569835139918592
114.23488325,7.3639006715864825,-0.7569835139918591,4.563900668561153,-1.1569835139918592
114.319438692,7.3639006715864825,-0.7569835139918591,4.563900668561153,-1.1569835139918592
114.32999227199997,7.363900671586482,-0.7569835139918597,4.5639006685611525,-1.1569835139918596
114.34479968800002,7.363900671586482,-0.7569835139918597,4.5639006685611525,-1.1569835139918596
114.35680330300005,7.363900671586482,-0.7569835139918597,4.5639006685611525,-1.1569835139918596
114.36898078500002,7.363900671586482,-0.7569835139918597,4.5639006685611525,-1.1569835139918596
114.42037144900002,7.36390067158654,-0.7569835139918054,4.563900668561211,-1.1569835139918054
114.43931762900007,7.363900671586542,-0.7569835139918042,4.563900668561213,-1.156983513991804
114.44245516000007,7.363900671586542,-0.7569835139918042,4.563900668561213,-1.156983513991804
114.453945799,7.363900671586542,-0.7569835139918042,4.563900668561213,-1.156983513991804
114.46458638000007,7.363900671586543,-0.7569835139918035,4.563900668561214,-1.1569835139918037
114.55654124799997,7.363900671586541,-0.7569835139918049,4.563900668561212,-1.156983513991805
114.56741445900008,7.363900671586541,-0.7569835139918042,4.563900668561212,-1.156983513991804
114.58079958399998,7.36390067158654,-0.7569835139918049,4.563900668561211,-1.156983513991805
114.59390291400001,7.363900671586541,-0.7569835139918042,4.563900668561212,-1.156983513991804
114.60515316200002,7.36390067158654,-0.7569835139918049,4.563900668561211,-1.156983513991805
114.65578758099997,7.363900671586541,-0.7569835139918042,4.563900668561212,-1.156983513991804
114.67025347300006,7.363900671586543,-0.7569835139918035,4.563900668561214,-1.1569835139918037
114.67819094099997,7.363900671586543,-0.7569835139918043,4.563900668561214,-1.1569835139918043
114.68985053900002,7.363900671586547,-0.7569835139917994,4.563900668561218,-1.1569835139917994
114.70245125100001,7.3639006715865465,-0.7569835139918001,4.563900668561217,-1.1569835139918
114.79124744400002,7.3639006715865465,-0.7569835139918002,4.563900668561217,-1.1569835139918
114.80274597400006,7.363900671586547,-0.7569835139917994,4.563900668561218,-1.1569835139917994
114.81602672000002,7.363900671586547,-0.7569835139917994,4.563900668561218,-1.1569835139917994
114.82742896000008,7.363900671586547,-0.7569835139917994,4.563900668561218,-1.1569835139917994
114.83974809299997,7.363900671586547,-0.7569835139917994,4.563900668561218,-1.1569835139917994
114.90094222700003,7.363900671586547,-0.7569835139917994,4.563900668561218,-1.1569835139917994
114.920631807,7.363900671586547,-0.7569835139917994,4.563900668561218,-1.1569835139917994
114.92246096000002,7.363900671586547,-0.7569835139917994,4.563900668561218,-1.1569835139917994
114.93364111700004,7.3639006715865465,-0.7569835139917994,4.563900668561217,-1.1569835139917994
114.944568877,7.3639006715865465,-0.7569835139917994,4.563900668561217,-1.1569835139917994
115.03499312499997,7.3639006715865465,-0.7569835139917994,4.563900668561217,-1.1569835139917994
115.04624480900003,7.3639006715865465,-0.7569835139918002,4.563900668561217,-1.1569835139918
115.05916242200004,7.3639006715865465,-0.7569835139918002,4.563900668561217,-1.1569835139918
115.07069752700005,7.3639006715865465,-0.7569835139918002,4.563900668561217,-1.1569835139918
115.08203564600007,7.3639006715865465,-0.7569835139917994,4.563900668561217,-1.1569835139917994
115.13137874700004,7.3639006715865465,-0.7569835139917994,4.563900668561217,-1.1569835139917994
115.14765327499998,7.3639006715865465,-0.7569835139917994,4.563900668561217,-1.1569835139917994
115.15421121700007,7.3639006715865465,-0.7569835139917994,4.563900668561217,-1.1569835139917994
115.16485100300002,7.3639006715865465,-0.7569835139917994,4.563900668561217,-1.1569835139917994
115.17561197599997,7.3639006715865465,-0.7569835139917994,4.563900668561217,-1.1569835139917994
115.25758491799996,7.363910608101238,-0.7569573364172612,4.563910605075909,-1.1569573364172612
115.26819550900001,7.3640332496903405,-0.7566295275707854,4.564033246665011,-1.1566295275707854
115.27991831900005,7.364291623107818,-0.7559254386829279,4.564291620082489,-1.155925438682928
115.29075858699997,7.364680734292391,-0.7548432706356364,4.564680731267062,-1.1548432706356364
115.30166171700006,7.365195571393339,-0.7533812740577925,4.56519556836801,-1.1533812740577924
115.34977057400005,7.365831105211081,-0.7515377494812807,4.565831102185752,-1.1515377494812808
115.36925682700002,7.36654267178153,-0.7494290596337995,4.566542668756201,-1.1494290596337995
115.37167340299999,7.367243038091572,-0.7473072714012848,4.567243035066243,-1.1473072714012849
115.38334904200002,7.367929310488211,-0.7451808828031968,4.567929307462882,-1.1451808828031969
115.39557583300001,7.36860145875729,-0.7430499874569451,4.568601455731961,-1.143049987456945
115.47627311700006,7.369267946291302,-0.740887996356612,4.569267943265973,-1.140887996356612
115.48750493200004,7.369987896593749,-0.7385120310927477,4.5699878935684195,-1.1385120310927477
115.49781893799997,7.370702238653138,-0.7361172595539579,4.570702235627809,-1.136117259553958
115.50914294800003,7.371406176845267,-0.733719409199538,4.571406173819938,-1.133719409199538
115.52086702800005,7.3720996979012146,-0.7313185252279075,4.572099694875885,-1.1313185252279077
115.57365265300001,7.372782788748443,-0.7289146528945758,4.572782785723114,-1.1289146528945757
115.58974640800005,7.37345543651099,-0.7265078375114731,4.573455433485661,-1.1265078375114732
115.59598779000004,7.374117628509701,-0.7240981244461632,4.574117625484372,-1.1240981244461632
115.60679781900006,7.374769352262587,-0.7216855591205285,4.574769349237258,-1.1216855591205284
115.61922246600005,7.375410595484942,-0.7192701870103605,4.575410592459613,-1.1192701870103605
115.69770197700001,7.376048661377824,-0.7168250245017702,4.576048658352494,-1.1168250245017703
115.70946206700006,7.37672595567767,-0.714199086121929,4.576725952652341,-1.1141990861219289
115.72079601500008,7.37739826215189,-0.7115658858933964,4.577398259126561,-1.1115658858933966
115.73255237100005,7.378064123601781,-0.7089310485231377,4.578064120576452,-1.1089310485231376
115.74379419799999,7.378723536040875,-0.706294589785742,4.578723533015546,-1.1062945897857421
115.79242794300006,7.379376495521198,-0.7036565254659768,4.579376492495869,-1.103656525465977
115.808588756,7.380022998133521,-0.7010168713577624,4.580022995108192,-1.1010168713577624
115.81417447899997,7.3806630400071835,-0.6983756432649123,4.580663036981854,-1.0983756432649123
115.82514550299999,7.381296617310249,-0.6957328570004839,4.58129661428492,-1.0957328570004838
115.83768595099997,7.381923726249473,-0.6930885283869019,4.581923723224143,-1.093088528386902
115.91850597399997,7.382551185537459,-0.6904155133071452,4.5825511825121295,-1.0904155133071454
115.93402057200007,7.38322627008681,-0.6875355087073063,4.583226267061481,-1.0875355087073064
115.94753916999997,7.383905140042828,-0.6846425613621443,4.583905137017499,-1.0846425613621444
115.95884371000005,7.384584723706957,-0.6817497815913018,4.584584720681628,-1.0817497815913018
115.97062292599998,7.38526502103783,-0.6788571695708684,4.5852650180125005,-1.0788571695708684
116.01314176400007,7.3859460319940355,-0.67596472547691,4.585946028968706,-1.07596472547691
116.02787476400005,7.386627756534122,-0.6730724494854807,4.586627753508793,-1.0730724494854806
116.03419412099998,7.387310194616604,-0.6701803417726314,4.587310191591275,-1.0701803417726314
116.04478309000007,7.3879933461999405,-0.6672884025143946,4.587993343174611,-1.0672884025143947
116.05611963100006,7.388677211242522,-0.6643966318869252,4.5886772082171925,-1.0643966318869253
116.13652506099999,7.389347487758325,-0.6615665793153351,4.589347484732996,-1.0615665793153353
116.14653471700007,7.389994755238434,-0.6588516770842431,4.589994752213105,-1.058851677084243
116.15800304800001,7.390646939371479,-0.6561379517532487,4.5906469363461495,-1.0561379517532488
116.16937212400006,7.391304038017586,-0.6534254122263242,4.591304034992257,-1.0534254122263242
116.18047851,7.3919660490207075,-0.6507140674037454,4.591966045995378,-1.0507140674037454
116.23050895099999,7.392632970208764,-0.6480039261815155,4.592632967183435,-1.0480039261815155
116.24834814900004,7.393304799393526,-0.6452949974518647,4.593304796368197,-1.0452949974518648
116.25135572000005,7.393981534370618,-0.642587290103209,4.593981531345289,-1.0425872901032092
116.26183442899998,7.394663172919664,-0.6398808130195667,4.594663169894335,-1.0398808130195667
116.27222423200004,7.395349712804087,-0.6371755750813646,4.595349709778758,-1.0371755750813647
116.35624453899999,7.396017348897905,-0.6345659361396889,4.596017345872576,-1.034565936139689
116.37013824600007,7.3966493031955896,-0.6321337198347339,4.59664930017026,-1.032133719834734
116.380294752,7.397291517899404,-0.6297041925838925,4.597291514874075,-1.0297041925838926
116.39432404400003,7.397943981567845,-0.6272773976708852,4.597943978542516,-1.0272773976708853
116.40538241500002,7.398606682576795,-0.6248533783308601,4.598606679551466,-1.0248533783308602
116.45292588800004,7.3992796091197865,-0.6224321777493458,4.599279606094457,-1.0224321777493457
116.47001875200004,7.399962749208172,-0.6200138390616988,4.599962746182843,-1.0200138390616988
116.47375796099999,7.400656090671291,-0.617598405352472,4.6006560876459615,-1.017598405352472
116.48454724200002,7.40135962115681,-0.6151859196542017,4.601359618131481,-1.0151859196542017
116.49668661499999,7.402073328130811,-0.6127764249470824,4.602073325105482,-1.0127764249470825
116.57906819099998,7.4027770253100815,-0.6104375523808866,4.602777022284752,-1.0104375523808866
116.59037842200001,7.403455463293671,-0.6082279121956523,4.603455460268342,-1.0082279121956523
116.60311578700004,7.404147074989103,-0.6060223598592934,4.604147071963774,-1.0060223598592934
116.61473235400007,7.404851835768022,-0.6038209739117253,4.604851832742693,-1.0038209739117252
116.62533727700003,7.405569720533828,-0.6016238327445163,4.605569717508499,-1.0016238327445164
116.67418261699999,7.406300703722576,-0.5994310145980691,4.606300700697247,-0.9994310145980692
116.69112332100002,7.407044759303887,-0.5972425975588497,4.607044756278558,-0.9972425975588497
116.69728331499999,7.407801860781871,-0.5950586595566032,4.607801857756542,-0.9950586595566032
116.70859418900005,7.408571981196066,-0.5928792783615695,4.608571978170737,-0.9928792783615695
116.72042053199999,7.409355093122412,-0.5907045315817264,4.6093550900970826,-0.9907045315817264
116.80375736900004,7.4101348621415575,-0.5885791346021432,4.610134859116228,-0.9885791346021432
116.82097601599997,7.410898387648143,-0.5865418439084936,4.610898384622814,-0.9865418439084936
116.83414265300001,7.411676448325371,-0.5845100599258339,4.611676445300042,-0.984510059925834
116.84562621100002,7.412469004461686,-0.5824838863546844,4.612469001436357,-0.9824838863546844
116.85792359999999,7.413276015605702,-0.5804634266092121,4.613276012580373,-0.9804634266092122
116.89850707199997,7.414097440568258,-0.5784487838119587,4.614097437542929,-0.9784487838119588
116.91045190300002,7.414933237424526,-0.5764400607885702,4.614933234399197,-0.9764400607885703
116.92208900999998,7.41578336351615,-0.5744373600625557,4.615783360490821,-0.9744373600625558
116.93380787000007,7.4166477754534155,-0.5724407838500488,4.616647772428086,-0.9724407838500488
116.94671308799997,7.41752642911748,-0.5704504340545942,4.617526426092151,-0.9704504340545942
117.02987066200006,7.4184178523783055,-0.5684695920372147,4.618417849352976,-0.9684695920372147
117.04106610399998,7.419320847158812,-0.5665011174853165,4.619320844133483,-0.9665011174853165
117.05346888100001,7.420238051244316,-0.5645392234258426,4.620238048218987,-0.9645392234258426
117.06595021599998,7.421169416683626,-0.5625840124260988,4.621169413658297,-0.9625840124260988
117.07777338400007,7.422114894785197,-0.5606355867040067,4.622114891759868,-0.9606355867040067
117.12587591800008,7.423074436119681,-0.5586940481227582,4.623074433094352,-0.9586940481227583
117.137663358,7.424047990522507,-0.5567594981854856,4.624047987497178,-0.9567594981854857
117.147853956,7.425035507096504,-0.5548320380299595,4.625035504071175,-0.9548320380299595
117.159924913,7.426036934214561,-0.5529117684232943,4.6260369311892315,-0.9529117684232943
117.172183814,7.427052219522327,-0.5509987897566868,4.627052216496998,-0.9509987897566868
117.25615693599997,7.42809184240512,-0.5490736155871017,4.628091839379791,-0.9490736155871017
117.26717130800006,7.429172788155844,-0.5471033594302495,4.629172785130515,-0.9471033594302495
117.27990574500001,7.430266563533108,-0.5451401965578271,4.630266560507779,-0.9451401965578271
117.29333393300004,7.431373121992118,-0.5431842105107586,4.631373118966789,-0.9431842105107586
117.30461219,7.432492416444109,-0.5412354845245617,4.63249241341878,-0.9412354845245617
117.35389651200006,7.433624399258344,-0.5392941015258169,4.633624396233015,-0.9392941015258169
117.38288739199999,7.4347690222641365,-0.5373601441286255,4.634769019238807,-0.9373601441286256
117.38321957800002,7.435926236752908,-0.5354336946311021,4.635926233727579,-0.9354336946311022
117.38739198700006,7.437095993480266,-0.5335148350118643,4.637095990454937,-0.9335148350118643
117.39979808499999,7.4382782426680825,-0.5316036469265512,4.638278239642753,-0.9316036469265512
117.484518391,7.439487675802319,-0.5296764055266325,4.63948767277699,-0.9296764055266326
117.49645771900003,7.440793237695268,-0.5276197867533898,4.640793234669939,-0.9276197867533899
117.50791577299998,7.442109918491312,-0.5255677975272062,4.642109915465983,-0.9255677975272062
117.520540283,7.443436576455269,-0.5235222446069159,4.643436573429939,-0.9235222446069159
117.53192208299998,7.444773180125302,-0.5214831765030273,4.644773177099973,-0.9214831765030274
117.58193661700005,7.446119697803709,-0.519450641572263,4.64611969477838,-0.919450641572263
117.59782440800001,7.4474760975576855,-0.517424688016393,4.647476094532356,-0.917424688016393
117.60587458399999,7.448842347220054,-0.5154053638811391,4.648842344194724,-0.9154053638811391
117.61752570499999,7.45021841439005,-0.5133927170549951,4.650218411364721,-0.9133927170549951
117.63103085400002,7.451604266434095,-0.5113867952680972,4.651604263408766,-0.9113867952680972
117.71078594500005,7.453014915642146,-0.5093659090043202,4.6530149126168165,-0.9093659090043202
117.722219715,7.454484395789999,-0.5072788936649797,4.65448439276467,-0.9072788936649797
117.73296270400004,7.4559619598663165,-0.5051975937509949,4.655961956840987,-0.905197593750995
117.744585503,7.457447585641662,-0.5031220405748016,4.657447582616333,-0.9031220405748016
117.75582248100005,7.458941250765307,-0.5010522653623743,4.658941247739977,-0.9010522653623744
117.80390900800006,7.46044293276558,-0.49898829925276084,4.660442929740251,-0.8989882992527609
117.82043749100006,7.461952609050194,-0.4969301732976142,4.661952606024865,-0.8969301732976143
117.82665659100002,7.463470256906596,-0.494877918460725,4.6634702538812665,-0.894877918460725
117.83805384199997,7.4649958535023,-0.49283156561755426,4.664995850476971,-0.8928315656175543
117.85073861200004,7.466529375885233,-0.4907911455547704,4.6665293728599035,-0.8907911455547703
117.93038590700002,7.468085091632762,-0.48873766979211014,4.668085088607433,-0.8887376697921101
117.94335130500002,7.469688772948836,-0.48663506304367504,4.669688769923507,-0.886635063043675
117.95581628400004,7.471298926925672,-0.48453740886031427,4.671298923900343,-0.8845374088603143
117.968348402,7.4729155382686185,-0.48244472716737796,4.672915535243289,-0.882444727167378
117.978951322,7.474538591621685,-0.48035703784298434,4.674538588596356,-0.8803570378429844
118.02437504900007,7.476168071567696,-0.4782743607178287,4.676168068542367,-0.8782743607178287
118.03779287800006,7.477803962628424,-0.4761967155749993,4.677803959603095,-0.8761967155749993
118.04629044100005,7.479446249264745,-0.4741241221497843,4.679446246239416,-0.8741241221497843
118.05735098300005,7.481094915876793,-0.4720566001294851,4.681094912851464,-0.8720566001294852
118.07052894200007,7.482749946804085,-0.46999416915323483,4.682749943778756,-0.8699941691532349
118.14576948899997,7.484427012476851,-0.46791723582663647,4.684427009451522,-0.8679172358266365
118.15682082799998,7.48615692119877,-0.4657852668986556,4.686156918173441,-0.8657852668986556
118.16900077999998,7.487891527757261,-0.46365711845850727,4.687891524731932,-0.8636571184585073
118.182264481,7.4896308237148315,-0.4615328008579508,4.689630820689502,-0.8615328008579508
118.19296347100004,7.491374800611181,-0.4594123244301071,4.691374797585852,-0.8594123244301071
118.24411042499997,7.493123449963247,-0.45729569948941223,4.693123446937918,-0.8572956994894123
118.267170325,7.494876763265234,-0.45518293633157075,4.694876760239905,-0.8551829363315708
118.27242258400003,7.496634731988658,-0.45307404523350264,4.696634728963329,-0.8530740452335026
118.28651802300004,7.498397347582396,-0.45096903645329406,4.698397344557067,-0.850969036453294
118.30125010500007,7.500164601472719,-0.4488679202301429,4.700164598447389,-0.8488679202301429
118.38468182800005,7.5019540562147045,-0.44674964346408547,4.701954053189375,-0.8467496434640855
118.39768643899998,7.503811688237713,-0.4445565409987481,4.703811685212384,-0.8445565409987481
118.40678487300005,7.505671711972426,-0.442365466636093,4.705671708947097,-0.842365466636093
118.418405834,7.507534125204628,-0.4401764229844272,4.707534122179299,-0.8401764229844273
118.43048481299996,7.509398925717259,-0.43798941264963664,4.70939892269193,-0.8379894126496367
118.47901936299996,7.5112661112904195,-0.43580443823518433,4.71126610826509,-0.8358044382351844
118.49056256500006,7.51313567970137,-0.43362150234211144,4.713135676676041,-0.8336215023421114
118.50227915800002,7.515007628724523,-0.4314406075690413,4.715007625699194,-0.8314406075690413
118.513718804,7.516881956131469,-0.4292617565121624,4.71688195310614,-0.8292617565121625
118.52687095300001,7.5187586596909615,-0.4270849517652299,4.718758656665632,-0.8270849517652299
118.60414735,7.52063536303517,-0.4249129658867845,4.720635360009841,-0.8249129658867845
118.61756293299999,7.522510155112295,-0.42274828505503936,4.722510152086966,-0.8227482850550394
118.62929328900003,7.524387503235042,-0.4205858206132987,4.724387500209713,-0.8205858206132988
118.639966442,7.526267404783184,-0.41842557557972676,4.7262674017578545,-0.8184255755797267
118.651732364,7.52814985713293,-0.4162675529693932,4.728149854107601,-0.8162675529693932
118.69820691399997,7.53003485765693,-0.41411175579426235,4.730034854631601,-0.8141117557942623
118.70903164700002,7.531922403724274,-0.4119581870631958,4.731922400698945,-0.8119581870631958
118.71983372200003,7.5338124927005055,-0.4098068497819424,4.733812489675176,-0.8098068497819424
118.73071757100007,7.535705121947611,-0.407657746953138,4.735705118922282,-0.8076577469531381
118.74361479400005,7.537600288824038,-0.4055108815762984,4.737600285798709,-0.8055108815762984
118.81879548199998,7.539516134080661,-0.4033454574291919,4.739516131055332,-0.803345457429192
118.83026091300002,7.541501775770813,-0.4011023951510732,4.741501772745484,-0.8011023951510732
118.84046245500002,7.543487501431248,-0.39885940720936447,4.743487498405919,-0.7988594072093644
118.85299862100004,7.545473311059186,-0.3966164936072021,4.745473308033857,-0.7966164936072021
118.86443923400003,7.547459204651836,-0.39437365434773236,4.747459201626507,-0.7943736543477324
118.911073531,7.5494451822064335,-0.39213088943408597,4.749445179181104,-0.7921308894340859
118.93029257899997,7.551431243720191,-0.38988819886940973,4.751431240694862,-0.7898881988694098
118.93324319499999,7.5534173891903045,-0.38764558265685634,4.753417386164975,-0.7876455826568564
118.94358513700007,7.55540361861401,-0.38540304079956594,4.755403615588681,-0.785403040799566
118.955307269,7.557389931988508,-0.3831605733006799,4.757389928963179,-0.7831605733006799
119.03744857099997,7.559376035552132,-0.38091851482190786,4.759376032526803,-0.7809185148219079
119.04918483199998,7.56136169416641,-0.3786771669742155,4.761361691141081,-0.7786771669742155
119.05981406300003,7.5633474613996725,-0.37643591535912185,4.763347458374343,-0.7764359153591218
119.071479033,7.565333337247248,-0.3741947599819041,4.765333334221919,-0.7741947599819041
119.08237756800003,7.567319321704483,-0.3719537008478263,4.767319318679154,-0.7719537008478263
119.13121989500002,7.569305414766703,-0.3697127379621453,4.769305411741374,-0.7697127379621453
119.14758380300003,7.571291616429259,-0.3674718713301227,4.77129161340393,-0.7674718713301227
119.15274603000006,7.573277926687471,-0.36523110095702677,4.773277923662142,-0.7652311009570267
119.16406127300007,7.575264345536684,-0.3629904268481196,4.775264342511355,-0.7629904268481196
119.17620257599998,7.577250872972224,-0.3607498490086636,4.7772508699468945,-0.7607498490086636
119.25579994900005,7.579224503056993,-0.3585241670945379,4.779224500031664,-0.758524167094538
119.26887303300003,7.581174810187275,-0.356326707465551,4.781174807161946,-0.7563267074655511
119.27932008600004,7.583126295591896,-0.3541302941531541,4.783126292566567,-0.7541302941531541
119.29178372100006,7.585078958709527,-0.3519349277891319,4.785078955684198,-0.7519349277891318
119.30249467599998,7.587032798978504,-0.34974060900496223,4.787032795953174,-0.7497406090049623
119.34987685900006,7.588987815836811,-0.3475473384318305,4.788987812811482,-0.7475473384318305
119.37055471100001,7.590944008722097,-0.3453551167006221,4.790944005696768,-0.745355116700622
119.371876687,7.592901377071672,-0.3431639444419193,4.792901374046343,-0.7431639444419194
119.38384321500001,7.594859920322509,-0.3409738222860037,4.79485991729718,-0.7409738222860037
119.39691099300006,7.5968196379112385,-0.33878475086285453,4.796819634885909,-0.7387847508628546
119.47324396000005,7.598790868516723,-0.3365850787297039,4.7987908654913936,-0.7365850787297039
119.48556555199997,7.600785705921675,-0.3343599226559776,4.800785702896346,-0.7343599226559776
119.49665296300003,7.602780766498609,-0.33213496667459824,4.8027807634732795,-0.7321349666745982
119.507986399,7.604776050227439,-0.32991021080794203,4.80477604720211,-0.729910210807942
119.51905567900002,7.606771557088092,-0.327685655078403,4.806771554062763,-0.727685655078403
119.56594753500002,7.6087672870604965,-0.325461299508355,4.808767284035167,-0.725461299508355
119.57818065700002,7.610763240124575,-0.32323714412017845,4.810763237099246,-0.7232371441201785
119.588307036,7.612759416260244,-0.3210131889362435,4.8127594132349145,-0.7210131889362434
119.599421748,7.614755815447422,-0.31878943397892806,4.814755812422093,-0.718789433978928
119.61035211200004,7.616752437666029,-0.31656587927059926,4.8167524346407,-0.7165658792705993
119.68854781300007,7.6187482435918765,-0.3143436925410757,4.818748240566547,-0.7143436925410758
119.70201841800002,7.620742400145044,-0.31212392660715776,4.820742397119715,-0.7121239266071577
119.71477900400004,7.622736865243456,-0.3099044378977617,4.822736862218127,-0.7099044378977617
119.72803696099999,7.6247316388485755,-0.3076852264557768,4.824731635823246,-0.7076852264557768
119.73901394399996,7.626726720921853,-0.30546629232408273,4.826726717896524,-0.7054662923240828
119.78134937800002,7.628722111424744,-0.3032476355455569,4.828722108399415,-0.7032476355455569
119.79904329499999,7.630717810318688,-0.30102925616307347,4.830717807293359,-0.7010292561630735
119.80284625799999,7.6327138175651195,-0.2988111542194946,4.83271381453979,-0.6988111542194946
119.81393294599997,7.6347101331254725,-0.29659332975768266,4.834710130100143,-0.6965933297576827
119.825937022,7.636706756961171,-0.2943757828204911,4.836706753935842,-0.6943757828204911
119.90341725600007,7.63869874555935,-0.29216405172215043,4.838698742534021,-0.6921640517221505
119.91770076799997,7.640682133231712,-0.289963128357589,4.840682130206383,-0.689963128357589
119.93077249200002,7.6426662313230205,-0.287762845403156,4.842666228297691,-0.687762845403156
119.94213321299998,7.6446510396265035,-0.285563203088158,4.844651036601174,-0.685563203088158
119.95408088200003,7.646636557935303,-0.2833642016418369,4.846636554909974,-0.6833642016418369
119.99829235700003,7.648622786042495,-0.28116584129337124,4.8486227830171655,-0.6811658412933712
120.00914176600003,7.650609723741074,-0.2789681222718706,4.850609720715745,-0.6789681222718706
120.02137639699998,7.652597370823968,-0.2767710448063774,4.852597367798639,-0.6767710448063774
120.03248501399997,7.654585727084022,-0.274574609125871,4.854585724058693,-0.6745746091258711
120.04430701000007,7.656574792314017,-0.27237881545925896,4.856574789288688,-0.6723788154592589
120.11939513300007,7.6585539816531965,-0.27019506441036223,4.858553978627867,-0.6701950644103623
120.13045767800003,7.660512710419699,-0.2680317579600892,4.86051270739437,-0.6680317579600892
120.14139917400001,7.6624699070543505,-0.26586706525399056,4.862469904029021,-0.6658670652539906
120.15336153599998,7.664425570576031,-0.2637009873771982,4.864425567550702,-0.6637009873771982
120.16487716099999,7.666379700004435,-0.26153352541549185,4.866379696979106,-0.6615335254154919
120.21041084400002,7.6683322943599945,-0.2593646804553703,4.868332291334665,-0.6593646804553703
120.23021545,7.670283352663917,-0.25719445358402704,4.870283349638588,-0.6571944535840271
120.23179663499997,7.672232873938183,-0.2550228458893467,4.872232870912854,-0.6550228458893468
120.24268214400007,7.674180857205543,-0.2528498584599091,4.874180854180214,-0.6528498584599092
120.25507008699998,7.676127301489515,-0.2506754923849806,4.876127298464186,-0.6506754923849807
120.33187497800003,7.6780748367128435,-0.2484968304348397,4.878074833687514,-0.6484968304348397
120.34476131100001,7.6800258564997925,-0.24631149680494058,4.880025853474463,-0.6463114968049406
120.35632518000006,7.68197554130252,-0.24412497206164285,4.8819755382771906,-0.6441249720616429
120.36877317500006,7.683923890393843,-0.24193725702046778,4.883923887368514,-0.6419372570204678
120.37986039900005,7.685870903047075,-0.23974835249737825,4.885870900021746,-0.6397483524973783
120.42278196700005,7.687816578536025,-0.23755825930878172,4.887816575510696,-0.6375582593087817
120.43813807300006,7.68976091613501,-0.23536697827152947,4.889760913109681,-0.6353669782715294
120.44487432800003,7.691703915118836,-0.23317451020291413,4.891703912093507,-0.6331745102029142
120.45573661899999,7.6936455747628125,-0.23098085592067297,4.893645571737483,-0.630980855920673
120.46993971800003,7.6955858943427495,-0.22878601624298317,4.89558589131742,-0.6287860162429832
120.542612958,7.6975327969439595,-0.22658126374172394,4.89753279391863,-0.626581263741724
120.55653958800002,7.699495936777574,-0.22435860405403718,4.899495933752245,-0.6243586040540372
120.57044062200004,7.7014597412807975,-0.22213653160545976,4.901459738255468,-0.6221365316054598
120.58160978200004,7.703424210277984,-0.21991504659473238,4.903424207252655,-0.6199150465947324
120.59187849599999,7.705389343593388,-0.21769414922060723,4.905389340568059,-0.6176941492206073
120.63418134600005,7.707355141051236,-0.21547383968173028,4.907355138025907,-0.6154738396817303
120.64959064099997,7.709321602475688,-0.21325411817671108,4.909321599450359,-0.613254118176711
120.65776829999999,7.711288727690844,-0.21103498490410155,4.911288724665515,-0.6110349849041016
120.66912881499997,7.713256516520744,-0.20881644006240496,4.913256513495415,-0.608816440062405
120.68331890899998,7.715224968789372,-0.20659848385006954,4.915224965764043,-0.6065984838500695
120.75425642400006,7.717192666964891,-0.2043825353743152,4.917192663939562,-0.6043825353743152
120.76633856200004,7.719157427529255,-0.20216895097353765,4.919157424503926,-0.6021689509735377
120.77867038699998,7.721121416191088,-0.19995468167855035,4.921121413165759,-0.5999546816785504
120.79085782400006,7.723084632711652,-0.19773972775850698,4.923084629686323,-0.597739727758507
120.80227821600005,7.725047076852296,-0.19552408948266115,4.925047073826967,-0.5955240894826612
120.84747753000005,7.727008748374458,-0.19330776712035108,4.927008745349129,-0.593307767120351
120.85917807300001,7.728969647039676,-0.1910907609409963,4.928969644014347,-0.5910907609409963
120.87015181200007,7.730929772609575,-0.18887307121410385,4.930929769584246,-0.5888730712141039
120.88105264400002,7.7328891248458795,-0.18665469820925812,4.93288912182055,-0.5866546982092582
120.89333732400002,7.734847703510406,-0.18443564219613007,4.934847700485077,-0.5844356421961301
120.96629140500005,7.7368079591215615,-0.18221329158021402,4.936807956096232,-0.5822132915802141
120.97862929600007,7.738772905502587,-0.17998621335268405,4.9387729024772575,-0.5799862133526841
120.98949402900001,7.740738430884302,-0.17775964611008832,4.940738427858973,-0.5777596461100883
121.000680359,7.742704535133827,-0.1755335900029664,4.942704532108498,-0.5755335900029664
121.01207756700006,7.74467121811823,-0.17330804518182344,4.9446712150929,-0.5733080451818234
121.05714462700001,7.746638479704546,-0.1710830117971198,4.946638476679217,-0.5710830117971198
121.06762001500005,7.748606319759787,-0.16885848999928246,4.948606316734458,-0.5688584899992825
121.08002574699998,7.750574738150908,-0.16663447993870303,4.950574735125579,-0.5666344799387031
121.09147094200006,7.752543734744831,-0.1644109817657389,4.952543731719502,-0.5644109817657389
121.10428127300003,7.754513309408441,-0.16218799563071068,4.954513306383112,-0.5621879956307108
121.18019825000005,7.756478081272173,-0.15997139534297303,4.956478078246844,-0.559971395342973
121.19225514199996,7.758432367343302,-0.1577652665254503,4.958432364317973,-0.5577652665254503
121.20330915799997,7.760385644498884,-0.15555824437769922,4.960385641473555,-0.5555582443776992
121.21524464500004,7.762337912330575,-0.153350329361098,4.962337909305246,-0.553350329361098
121.22643670899998,7.764289170430235,-0.15114152193723257,4.964289167404906,-0.5511415219372326
121.27138245700002,7.766239418389929,-0.14893182256787954,4.9662394153645995,-0.5489318225678795
121.28856729900002,7.768188655801939,-0.14672123171499965,4.96818865277661,-0.5467212317149996
121.29444160300005,7.770136882258755,-0.14450974984074133,4.970136879233426,-0.5445097498407414
121.30500207699998,7.772084097353079,-0.14229737740743686,4.97208409432775,-0.5422973774074369
121.31721246600006,7.774030300677826,-0.14008411487760594,4.974030297652497,-0.540084114877606
121.39068924500003,7.775982876720287,-0.13786163508839727,4.975982873694958,-0.5378616350883973
121.40385248500007,7.777949887699412,-0.13562170445477678,4.977949884674083,-0.5356217044547769
121.41506352300001,7.779916530006839,-0.13338145012320438,4.97991652698151,-0.5333814501232044
121.42607894999998,7.781882803589298,-0.13114087215437215,4.981882800563969,-0.5311408721543722
121.43780772899999,7.783848708393529,-0.1288999706089671,4.9838487053681995,-0.5288999706089671
121.48330072599998,7.785814244366281,-0.126658745547689,4.985814241340952,-0.526658745547689
121.500615353,7.787779411454317,-0.12441719703123832,4.987779408428988,-0.5244171970312383
121.506841038,7.789744209604409,-0.12217532512033687,4.98974420657908,-0.5221753251203369
121.518246411,7.791708638763336,-0.11993312987570359,4.991708635738007,-0.5199331298757036
121.53185854700001,7.793672698877893,-0.11769061135807538,4.993672695852564,-0.5176906113580754
121.60469548099996,7.7956356544956815,-0.11544860204378316,4.995635651470352,-0.5154486020437832
121.61754785199997,7.797596833884513,-0.11320777931735014,4.997596830859184,-0.5132077793173502
121.62884867600002,7.799557582814633,-0.11096657992427779,4.999557579789304,-0.5109665799242779
121.64088636499997,7.8015179012137,-0.10872500394725694,5.001517898188371,-0.508725003947257
121.65214467599998,7.803477789009384,-0.10648305146899135,5.003477785984055,-0.5064830514689914
121.70032671000007,7.805437246129377,-0.10424072257219946,5.005437243104048,-0.5042407225721994
121.71850664800007,7.8073962725013795,-0.10199801733961598,5.00739626947605,-0.501998017339616
121.72294643499998,7.8093548680531155,-0.09975493585398171,5.009354865027786,-0.49975493585398173
121.73435775399997,7.811313032712322,-0.0975114781980605,5.011313029686993,-0.4975114781980605
121.74781867100006,7.813270766406751,-0.09526764445462321,5.0132707633814215,-0.49526764445462323
121.81927636200004,7.815222731879755,-0.09302949991554468,5.015222728854426,-0.4930294999155447
121.83081211799998,7.817164055792245,-0.09080198323287318,5.0171640527669155,-0.4908019832328732
121.84162317700003,7.819104506068434,-0.08857370546062061,5.0191045030431045,-0.4885737054606206
121.85358218000005,7.82104408240995,-0.08634466694141643,5.0210440793846205,-0.4863446669414164
121.86538401600006,7.822982784518544,-0.08411486801801918,5.022982781493215,-0.4841148680180192
121.90832968399997,7.824920612096105,-0.08188430903330177,5.024920609070776,-0.4818843090333018
121.92023824500001,7.826857564844654,-0.07965299033025894,5.026857561819325,-0.479652990330259
121.93231111200004,7.828793642466347,-0.0774209122520002,5.028793639441018,-0.47742091225200023
121.94294105,7.83072884466347,-0.07518807514174948,5.030728841638141,-0.4751880751417495
121.95594372800002,7.83266317113845,-0.07295447934285257,5.032663168113121,-0.4729544793428526
122.02794765499999,7.834603911519344,-0.07071177997344184,5.034603908494015,-0.4707117799734419
122.03985684599996,7.836559023087546,-0.06845173323210615,5.036559020062217,-0.4684517332321062
122.05139008200007,7.838513906577026,-0.06619148920550505,5.038513903551697,-0.46619148920550507
122.06395332300002,7.840468561967867,-0.06393104791666752,5.040468558942538,-0.46393104791666756
122.07467173900005,7.842422989240171,-0.061670409388610445,5.0424229862148415,-0.4616704093886105
122.11940607600008,7.8443771883740245,-0.059409573644359524,5.044377185348695,-0.4594095736443595
122.13836522900004,7.846331159349534,-0.05714854070693864,5.046331156324205,-0.45714854070693867
122.14273004,7.848284902146796,-0.054887310599368376,5.048284899121467,-0.4548873105993684
122.15456834600008,7.850238416745918,-0.052625883344677625,5.050238413720589,-0.4526258833446776
122.16668452699997,7.852191703127007,-0.05036425896589662,5.052191700101678,-0.45036425896589666
122.23969063800001,7.854145288927835,-0.04810187760273556,5.054145285902506,-0.44810187760273557
122.25109727299997,7.85609990558191,-0.045838500430489676,5.056099902556581,-0.44583850043048967
122.26317263499999,7.858054707556767,-0.043575283311570935,5.058054704531438,-0.443575283311571
122.27520691199999,7.860009694839296,-0.04131222626115584,5.060009691813967,-0.44131222626115585
122.28580576200005,7.861964867416386,-0.039049329294421856,5.061964864391057,-0.43904932929442186
122.331055413,7.863920225274934,-0.036786592426534266,5.063920222249605,-0.4367865924265343
122.34834599000004,7.865875768401829,-0.03452401567266982,5.0658757653765,-0.43452401567266985
122.35372958900001,7.867831496783954,-0.03226159904799326,5.067831493758625,-0.4322615990479933
122.36470082600005,7.869787410408204,-0.029999342567673087,5.069787407382875,-0.42999934256767314
122.37691498999999,7.871743509261463,-0.027737246246880745,5.071743506236134,-0.42773724624688075
122.447900178,7.87369697110156,-0.02547849803696797,5.073696968076231,-0.42547849803696797
122.46301349700008,7.875644967017514,-0.023225476041059873,5.075644963992185,-0.42322547604105987
122.47471202399998,7.877592540903036,-0.02097208922050757,5.077592537877707,-0.4209720892205076
122.48590325800006,7.879539692689805,-0.018718337654365185,5.079539689664476,-0.4187183376543652
122.49737676500007,7.881486422309509,-0.016464221421696523,5.08148641928418,-0.41646422142169653
122.53793188399999,7.883432729693851,-0.014209740601582092,5.083432726668522,-0.4142097406015821
122.54897522900006,7.885378614774554,-0.011954895273114411,5.085378611749225,-0.4119548952731144
122.56037273300007,7.887324077483349,-0.00969968551539848,5.08732407445802,-0.4096996855153985
122.57224112900002,7.889269117751986,-0.007444111407549887,5.089269114726656,-0.40744411140754994
122.58505918899999,7.891213735512227,-0.005188173028702994,5.091213732486898,-0.405188173028703
122.66084200000006,7.893153136972981,-0.002937384207541449,5.093153133947652,-0.4029373842075415
122.67409646200002,7.895082941476764,-0.0006962371545265883,5.0950829384514345,-0.4006962371545266
122.68540549400001,7.897011920621242,0.001545620333396148,5.097011917595913,-0.39845437966660385
122.69611442399997,7.898940074144892,0.0037881879522722655,5.0989400711195625,-0.39621181204772776
122.70711231500007,7.900867401786284,0.006031465398048036,5.100867398760955,-0.39396853460195197
122.75174651800006,7.902793903284105,0.008275452366569522,5.102793900258776,-0.3917245476334305
122.76875818299999,7.904719578377151,0.010520148553590474,5.1047195753518215,-0.38947985144640956
122.77335857100007,7.906644426804333,0.01276555365476487,5.106644423779004,-0.38723444634523513
122.78414069000002,7.9085684483046705,0.015011667365651191,5.108568445279341,-0.38498833263434884
122.79554820000004,7.910491642617299,0.017258489381716167,5.11049163959197,-0.3827415106182839
122.86979283500006,7.912422595421675,0.01951596088265129,5.112422592396346,-0.38048403911734874
122.88073886199999,7.914371156494068,0.021794436585870634,5.114371153468739,-0.37820556341412936
122.89202968199999,7.916319679185036,0.024072945112493062,5.116319676159707,-0.37592705488750694
122.90478979100004,7.918268163494017,0.026351486461858364,5.118268160468688,-0.37364851353814166
122.91538224300001,7.920216609420455,0.028630060633317956,5.120216606395126,-0.37136993936668206
122.95980838200006,7.922165016963801,0.030908667626227293,5.122165013938472,-0.36909133237377273
122.97798508,7.9241133861235005,0.03318730743993847,5.124113383098171,-0.36681269256006155
122.98364662199998,7.926061716899001,0.035465980073806226,5.126061713873672,-0.3645340199261938
122.99465685299998,7.928010009289752,0.037744685527184005,5.1280100062644225,-0.362255314472816
123.00586857299999,7.929958263295195,0.04002342379942315,5.1299582602698655,-0.3599765762005769
123.08190300899997,7.931893157455142,0.04228675292337376,5.131893154429813,-0.3577132470766263
123.09404260299999,7.933802512015069,0.04452208743947867,5.133802508989739,-0.35547791256052136
123.10538710600002,7.9357106998404845,0.04675841801818752,5.135710696815155,-0.3532415819818125
123.11760895000003,7.937617720411755,0.04899574405051985,5.1376177173864255,-0.35100425594948015
123.12820389799998,7.9395235732095895,0.051234064927242084,5.13952357018426,-0.34876593507275794
123.17180867999997,7.941428257715008,0.05347338003883578,5.141428254689679,-0.34652661996116424
123.18905781400002,7.94333177340934,0.05571368877550942,5.143331770384011,-0.3442863112244906
123.19383892299999,7.945234119774239,0.05795499052720334,5.1452341167489095,-0.3420450094727967
123.20518325100005,7.947135296291675,0.06019728468358557,5.147135293266346,-0.3398027153164145
123.217163115,7.949035302443932,0.06244057063405314,5.149035299418603,-0.3375594293659469
123.28869619799997,7.95094505313404,0.06469759299156048,5.150945050108711,-0.33530240700843955
123.30053475000005,7.952879398321712,0.06698402917187919,5.152879395296383,-0.33301597082812084
123.31305223099997,7.954813844383699,0.0692703800078318,5.1548138413583695,-0.3307296199921682
123.32447603899999,7.956748391316241,0.07155664549495892,5.156748388290912,-0.3284433545050411
123.33628622600003,7.958683039115565,0.07384282562880773,5.158683036090236,-0.3261571743711923
123.37811302699998,7.960617787777911,0.07612892040492551,5.160617784752582,-0.3238710795950745
123.389005704,7.962552637299517,0.07841492981886303,5.162552634274188,-0.321585070181137
123.39964771500007,7.9644875876766035,0.08070085386617346,5.164487584651274,-0.3192991461338266
123.41129055100004,7.96642263890541,0.08298669254240629,5.166422635880081,-0.3170133074575937
123.42294978700005,7.968357790982175,0.08527244584310398,5.168357787956846,-0.314727554156896
123.49580648299997,7.970283591801966,0.08754707593439001,5.170283588776637,-0.31245292406561
123.50830308600001,7.972191256791454,0.08980169967783334,5.172191253766125,-0.31019830032216666
123.52002479900005,7.974098010867724,0.09205709384056068,5.174098007842395,-0.3079429061594393
123.53238160000006,7.976003853719631,0.09431325805454338,5.176003850694302,-0.30568674194545664
123.54469075200001,7.977908785036187,0.09657019195162986,5.177908782010858,-0.30342980804837016
123.58771261500004,7.979812804506556,0.09882789516354291,5.179812801481227,-0.3011721048364571
123.59887204700004,7.981715911820043,0.10108636732187717,5.181715908794714,-0.2989136326781229
123.610338614,7.983618106666105,0.10334560805810472,5.183618103640776,-0.2966543919418953
123.62136274900007,7.985519388734353,0.1056056170035684,5.185519385709024,-0.2943943829964316
123.63345991199998,7.987419757714541,0.10786639378949034,5.187419754689212,-0.29213360621050966
123.70875640399998,7.989328222595874,0.11013854518167286,5.189328219570545,-0.28986145481832715
123.72082053499997,7.9912556727595305,0.11243360188660033,5.191255669734201,-0.2875663981133997
123.73145635100008,7.9931831814644205,0.11472860942576751,5.193183178439091,-0.2852713905742325
123.74218625700001,7.995110748709274,0.11702356779768497,5.1951107456839445,-0.28297643220231505
123.753840078,7.99703837449288,0.11931847700082943,5.197038371467551,-0.2806815229991706
123.79949364999999,7.998966058813938,0.12161333703373634,5.198966055788609,-0.2783866629662637
123.81932741500003,8.000893801671221,0.12390814789489563,5.200893798645892,-0.2760918521051044
123.82133355000002,8.002821603063458,0.12620290958282887,5.202821600038129,-0.27379709041717115
123.83275320900003,8.004749462989418,0.12849762209602403,5.204749459964089,-0.271502377903976
123.84504697100004,8.006677381447817,0.1307922854329974,5.206677378422488,-0.26920771456700265
123.92006050599997,8.008603582645678,0.13308476658018206,5.208603579620349,-0.26691523341981793
123.93165015400001,8.010526650527634,0.13537314811928677,5.210526647502305,-0.2646268518807132
123.94252089100002,8.012449934041575,0.13766134843222821,5.212449931016246,-0.2623386515677718
123.95355420599998,8.014373433170421,0.13994936749868306,5.214373430145092,-0.260050632501317
123.96516987199999,8.016297147897093,0.14223720529833886,5.216297144871764,-0.2577627947016612
124.00932473699999,8.018221078204505,0.14452486181087604,5.2182210751791755,-0.255475138189124
124.02906562699997,8.020145224075572,0.14681233701597943,5.220145221050243,-0.2531876629840206
124.03131391100004,8.022069585493217,0.14909963089334136,5.2220695824678875,-0.2509003691066587
124.04220060699998,8.023994162440339,0.15138674342265018,5.223994159415009,-0.24861325657734984
124.05517430599997,8.025918954899863,0.1536736745835948,5.225918951874534,-0.24632632541640523
124.12672943299998,8.027839278797838,0.15595496393125147,5.227839275772509,-0.24404503606874856
124.13957261399997,8.02975055619335,0.15822640495204468,5.229750553168022,-0.24177359504795534
124.15035946300003,8.031661214851608,0.16049836645811752,5.231661211826279,-0.2395016335418825
124.16208246700006,8.033571254630878,0.16277084828093885,5.233571251605549,-0.23722915171906117
124.17425767399999,8.035480675389465,0.16504385025192705,5.235480672364136,-0.23495614974807297
124.21611566100006,8.037389476985723,0.16731737220246315,5.237389473960394,-0.23268262779753687
124.22808869099998,8.039297659278043,0.1695914139638868,5.239297656252714,-0.23040858603611322
124.23818818399997,8.041205222124876,0.1718659753675014,5.241205219099547,-0.22813402463249863
124.24942719500001,8.043112165384711,0.17414105624457177,5.243112162359382,-0.22585894375542825
124.26182375499997,8.045018488916083,0.17641665642632043,5.245018485890754,-0.2235833435736796
124.33388652700006,8.046929679358009,0.17869926830416197,5.246929676332679,-0.22130073169583805
124.34440674500007,8.048851230402567,0.1809947265461423,5.248851227377238,-0.21900527345385773
124.35688435700007,8.050772653611027,0.1832902917949573,5.250772650585698,-0.21670970820504273
124.36853748499999,8.052693948977428,0.18558596404348343,5.252693945952099,-0.2144140359565166
124.38020220300001,8.054615116495805,0.18788174328459226,5.254615113470476,-0.21211825671540777
124.42447601099997,8.056536156160202,0.19017762951117131,5.256536153134873,-0.2098223704888287
124.43956506299997,8.058457067964671,0.19247362271609372,5.258457064939342,-0.2075263772839063
124.44633741500007,8.060377851903239,0.194769722892242,5.260377848877909,-0.205230277107758
124.45759578899998,8.062298507969956,0.19706593003249515,5.262298504944627,-0.20293406996750488
124.47032591199996,8.06421903615887,0.19936224412973833,5.26421903313354,-0.2006377558702617
124.54394563199997,8.06612939404079,0.201646514729018,5.26612939101546,-0.198353485270982
124.55638083499997,8.06802174096352,0.2039076853455389,5.268021737938191,-0.19609231465446111
124.567044995,8.069915096211586,0.2061680117240832,5.269915093186257,-0.19383198827591683
124.57877815700004,8.071809459408362,0.20842749341500985,5.271809456383033,-0.19157250658499017
124.59041414699999,8.073704830177007,0.21068612996884156,5.273704827151678,-0.18931387003115846
124.63460699299998,8.075601208140478,0.212943920936273,5.275601205115149,-0.187056079063727
124.64868839700006,8.077498592921525,0.21520086586816403,5.277498589896196,-0.184799134131836
124.65695405499997,8.079396984142708,0.2174569643155439,5.279396981117379,-0.18254303568445612
124.66808789999999,8.081296381426386,0.21971221582961153,5.2812963784010565,-0.1802877841703885
124.68026560000004,8.083196784394714,0.22196661996173234,5.2831967813693845,-0.17803338003826769
124.757027994,8.085107603546657,0.22423146498137855,5.285107600521328,-0.17576853501862147
124.76914114499999,8.087039257203685,0.22652071748934427,5.287039254178356,-0.17347928251065575
124.78061324800007,8.088970818076579,0.22881004828463913,5.2889708150512496,-0.1711899517153609
124.79257756300007,8.090902286162185,0.23109945736349174,5.290902283136856,-0.16890054263650828
124.80489887499999,8.092833661457318,0.233388944722151,5.292833658431989,-0.16661105527784903
124.84727955099999,8.094764943958777,0.23567851035685045,5.294764940933448,-0.16432148964314958
124.85825994400005,8.096696133663423,0.23796815426383344,5.296696130638094,-0.16203184573616658
124.87056890600007,8.098627230568065,0.2402578764393234,5.2986272275427355,-0.15974212356067663
124.88239874300001,8.100558234669537,0.24254767687957582,5.3005582316442075,-0.1574523231204242
124.89488888500006,8.102489145964658,0.24483755558082074,5.302489142939328,-0.15516244441917929
124.96854601600006,8.104401006716238,0.24710480298437107,5.304401003690908,-0.15289519701562895
124.98324279000002,8.106278790844105,0.24932892135892923,5.306278787818775,-0.1506710786410708
124.99221183000003,8.108158293737752,0.2515515874714368,5.308158290712423,-0.14844841252856322
125.005434417,8.110039514274016,0.25377279999365765,5.310039511248687,-0.14622720000634237
125.01723588700003,8.111922451328702,0.25599255759822254,5.311922448303373,-0.14400744240177749
125.05848762400007,8.113807103776592,0.25821085895863144,5.313807100751263,-0.14178914104136858
125.06990642099998,8.11569347049144,0.2604277027492555,5.315693467466111,-0.13957229725074455
125.081129869,8.117581550345982,0.26264308764533933,5.3175815473206525,-0.1373569123546607
125.09296255600003,8.119471342211925,0.2648570123229962,5.319471339186596,-0.13514298767700383
125.10575579599998,8.121362844959958,0.2670694754592148,5.321362841934628,-0.13293052454078524
125.17807098500003,8.123262216377988,0.26928802275039215,5.323262213352659,-0.13071197724960787
125.18954098500006,8.125173644637734,0.27152177246434495,5.3251736416124045,-0.12847822753565508
125.200905224,8.127083909758431,0.2737565169565172,5.327083906733102,-0.12624348304348282
125.21290209,8.128993011222368,0.27599225562125906,5.328993008197039,-0.12400774437874096
125.22592638300006,8.130900948512146,0.2782289878526455,5.330900945486817,-0.12177101214735453
125.26973511800003,8.132807721110671,0.28046671304448184,5.332807718085342,-0.11953328695551818
125.29042186500004,8.134713328501178,0.2827054305903071,5.334713325475849,-0.1172945694096929
125.29156230300003,8.1366177701672,0.2849451398833759,5.336617767141871,-0.11505486011662414
125.30257265100005,8.1385210455926,0.2871858403166839,5.338521042567272,-0.1128141596833161
125.31475602100005,8.140423154261548,0.2894275312829565,5.340423151236219,-0.11057246871704351
125.38934750800007,8.14233373400377,0.2916814713934172,5.342333730978441,-0.10831852860658281
125.40186463900005,8.144264856383966,0.29396055489322837,5.344264853358637,-0.10603944510677166
125.41337005899999,8.146195726228205,0.2962398523488109,5.346195723202876,-0.10376014765118913
125.42577069700002,8.14812634351279,0.2985193637321899,5.34812634048746,-0.10148063626781012
125.43733824600002,8.150056708214015,0.30079908901536545,5.350056705188686,-0.09920091098463457
125.479437378,8.151986820308183,0.3030790281703518,5.351986817282854,-0.0969209718296482
125.49985346199998,8.153916679771596,0.3053591811691565,5.353916676746267,-0.09464081883084352
125.50213727099998,8.155846286580557,0.3076395479837898,5.355846283555228,-0.09236045201621024
125.51306645599999,8.157775640711387,0.309920128586254,5.357775637686058,-0.09007987141374602
125.52489417500004,8.159704742140397,0.31220092294855323,5.359704739115068,-0.0877990770514468
125.598115447,8.161635346282658,0.3144839881077409,5.361635343257329,-0.0855160118922591
125.61026577700005,8.1635690607112,0.31677100020984306,5.363569057685871,-0.08322899979015697
125.62194611000001,8.165502674878686,0.3190580970809085,5.365502671853357,-0.08094190291909154
125.63468201100005,8.167436188781382,0.32134527871654633,5.367436185756053,-0.07865472128345369
125.646231881,8.169369602415589,0.32363254511235334,5.36936959939026,-0.07636745488764668
125.688973019,8.171302915777582,0.3259198962639378,5.371302912752253,-0.07408010373606222
125.69958125800002,8.173236128863651,0.32820733216690423,5.373236125838322,-0.07179266783309579
125.71090501500004,8.175169241670078,0.33049485281686164,5.375169238644749,-0.06950514718313838
125.72233831800003,8.177102254193146,0.3327824582094067,5.377102251167817,-0.0672175417905933
125.73449617700004,8.179035166429141,0.33507014834013626,5.379035163403812,-0.06492985165986376
125.808151957,8.180966053060063,0.3373556650661433,5.380966050034734,-0.06264433493385674
125.82197703900005,8.182893150844885,0.3396371682569295,5.382893147819556,-0.0603628317430705
125.833049797,8.184819980953739,0.3419188975163808,5.38481997792841,-0.058081102483619196
125.84493092700001,8.186746543360107,0.34420085281309276,5.386746540334777,-0.05579914718690726
125.85534193799998,8.188672838037474,0.3464830341156536,5.388672835012145,-0.0535169658843464
125.89765475300004,8.190598864959329,0.34876544139265386,5.3905988619339995,-0.05123455860734616
125.909253955,8.192524624099157,0.35104807461268017,5.392524621073828,-0.04895192538731985
125.91968037400005,8.194450115430461,0.35333093374431546,5.394450112405132,-0.046669066255684566
125.93087651499997,8.19637533892673,0.3556140187561365,5.396375335901401,-0.044385981243863504
125.94511893400005,8.198300294561479,0.35789732961672394,5.39830029153615,-0.042102670383276086
126.02014508600001,8.200225424133452,0.36018138574062547,5.400225421108122,-0.03981861425937455
126.03249958500004,8.202151132253178,0.36246661048717216,5.402151129227849,-0.037533389512827864
126.044137035,8.204076610851738,0.36475202862639505,5.404076607826409,-0.03524797137360497
126.056813159,8.206001859909717,0.3670376401352394,5.406001856884388,-0.03296235986476065
126.06773770500007,8.20792687940769,0.3693234449906464,5.407926876382361,-0.030676555009353623
126.113606135,8.209851669326245,0.37160944316956757,5.4098516663009155,-0.028390556830432456
126.13152728900008,8.211776229645967,0.3738956346489412,5.4117762266206375,-0.02610436535105881
126.13662827600007,8.213700560347439,0.3761820194057055,5.41370055732211,-0.02381798059429452
126.14807799600004,8.215624661411256,0.37846859741680094,5.415624658385927,-0.021531402583199077
126.16116967700003,8.217548532818004,0.38075536865916465,5.417548529792675,-0.019244631340835372
126.23544332900002,8.219472121395263,0.3830422119067941,5.419472118369934,-0.016957788093205917
126.24758635000006,8.22139569647774,0.3853287583710847,5.4213956934524115,-0.01467124162891531
126.25978379300005,8.22331950838298,0.3876151055854207,5.423319505357651,-0.012384894414579295
126.27203577300003,8.225243557090346,0.3899012535252782,5.425243554065017,-0.01009874647472181
126.28444611900005,8.227167842579197,0.3921872021661329,5.427167839553868,-0.007812797833867124
126.32940451400003,8.229092364828892,0.3944729514834607,5.429092361803563,-0.005527048516539346
126.36595224399997,8.231017123818788,0.39675850145274266,5.4310171207934586,-0.00324149854725736
126.36619894699999,8.232942119528227,0.39904385204945103,5.432942116502898,-0.0009561479505489912
126.36641297800003,8.234867351936563,0.4013290032490774,5.434867348911234,0.0013290032490773651
126.37882243500002,8.236792821023137,0.40361395502710035,5.436792817997808,0.003613955027100324
126.45060656200002,8.238706308977823,0.40588440023957745,5.438706305952494,0.005884400239577425
126.463595279,8.240596321044757,0.40812893686781426,5.440596318019428,0.00812893686781424
126.47384774900007,8.242485054680103,0.41037454937743423,5.442485051654773,0.010374549377434206
126.487366205,8.244372509271395,0.41262123704026593,5.444372506246066,0.012621237040265909
126.49820892500003,8.246258684206635,0.41486899912781305,5.446258681181306,0.014868999127813032
126.53998179299998,8.248143578874199,0.41711783491121635,5.44814357584887,0.017117834911216323
126.55868123400006,8.2500271926629,0.4193677436612685,5.450027189637571,0.019367743661268477
126.56244317,8.251909524961953,0.42161872464841277,5.451909521936623,0.021618724648412746
126.57373125200007,8.253790575160991,0.4238707771427482,5.453790572135662,0.023870777142748156
126.58615502599997,8.255670342650067,0.4261239004140223,5.455670339624738,0.026123900414022294
126.66092506299998,8.257556431544472,0.4283871342051367,5.457556428519143,0.028387134205136666
126.67330183799999,8.25945729753868,0.4306695959367229,5.45945729451335,0.03066959593672286
126.68406401199996,8.261357576767079,0.4329525462073633,5.46135757374175,0.032952546207363265
126.69599207800007,8.263257269104109,0.4352359848662137,5.46325726607878,0.035235984866213654
126.70678777000006,8.265156374424246,0.4375199117623964,5.465156371398916,0.037519911762396385
126.75093729200006,8.26705489260201,0.4398043267450066,5.467054889576681,0.03980432674500656
126.769988705,8.268952823511965,0.4420892296631027,5.468952820486636,0.04208922966310269
126.77387368700005,8.270850167028708,0.4443746203657134,5.470850164003379,0.04437462036571338
126.785673519,8.272746923026865,0.4466604987018329,5.472746920001536,0.046660498701832864
126.79765026600006,8.274643091381115,0.44894686452042376,5.474643088355786,0.04894686452042374
126.87242423599997,8.276543165227018,0.4512390412718447,5.476543162201689,0.0512390412718447
126.88485736900003,8.278451524047668,0.4535411541516135,5.478451521022339,0.05354115415161348
126.896252296,8.280360077516665,0.455843105661871,5.480360074491336,0.05584310566187095
126.90758133399999,8.282268825620356,0.45814489578614875,5.482268822595027,0.05814489578614873
126.91826916200006,8.284177768345103,0.4604465245079869,5.484177765319774,0.060446524507986876
126.96205155500007,8.286086905677266,0.46274799181093224,5.4860869026519365,0.06274799181093221
126.98007626400005,8.287996237603185,0.46504929767853304,5.487996234577856,0.06504929767853301
126.983096816,8.289905764109207,0.46735044209433435,5.489905761083878,0.06735044209433433
126.99429894100007,8.291815485181688,0.4696514250418846,5.491815482156359,0.0696514250418846
127.00616188400005,8.293725400806968,0.47195224650473044,5.493725397781639,0.07195224650473042
127.08127362099998,8.295636982438255,0.4742546951770285,5.495636979412926,0.07425469517702848
127.09322009099998,8.297551402352983,0.4765603780979764,5.497551399327654,0.07656037809797639
127.10511261300002,8.299465884987384,0.4788660089410458,5.499465881962055,0.07886600894104578
127.117024276,8.30138043034003,0.4811715877045211,5.501380427314701,0.0811715877045211
127.12951394700002,8.303295038409495,0.483477114386704,5.503295035384165,0.08347711438670397
127.17122500500005,8.305209709194381,0.48578258898587134,5.505209706169052,0.08578258898587132
127.188883804,8.307124442693256,0.48808801150033204,5.507124439667927,0.08808801150033202
127.19280031800002,8.309039238904717,0.4903933819283872,5.509039235879388,0.0903933819283872
127.20340297199999,8.310954097827334,0.4926987002683023,5.510954094802005,0.09269870026830229
127.21733555400004,8.312869019459697,0.49500396651839806,5.512869016434368,0.09500396651839804
127.29126248000006,8.314783924856092,0.4973090847638667,5.514783921830763,0.09730908476386668
127.30713610800007,8.316698751129163,0.499613968820165,5.516698748103834,0.09961396882016499
127.31930710700004,8.31861364718977,0.5019187948973421,5.51861364416444,0.10191879489734212
127.33042826100001,8.320528613036181,0.5042235629932875,5.520528610010852,0.1042235629932875
127.34269629300007,8.322443648666615,0.5065282731058943,5.522443645641286,0.1065282731058943
127.39066577500006,8.324358754079322,0.508832925233038,5.524358751053993,0.108832925233038
127.41058884800003,8.326273929272569,0.5111375193726222,5.52627392624724,0.11113751937262217
127.41168170899999,8.328189174244567,0.5134420555225151,5.528189171219238,0.11344205552251507
127.42270410500004,8.330104488993591,0.5157465336806177,5.530104485968262,0.11574653368061771
127.43575581500005,8.33201987351787,0.5180509538448104,5.532019870492541,0.11805095384481035
127.51081234500003,8.333933275890114,0.5203528246444019,5.533933272864785,0.12035282464440189
127.52295930999998,8.335843061090777,0.5226499077149206,5.535843058065448,0.12264990771492057
127.535902024,8.337753099415794,0.5249467803153227,5.537753096390465,0.12494678031532269
127.54782165500006,8.33966339084197,0.5272434424177239,5.539663387816641,0.1272434424177239
