elapsed_s,odom_x,odom_y,world_x,world_y
1.372949779999999,8.784025113322638e-09,2.6808658131538004e-20,-2.4,-2.55
1.3923674890002076,8.784025113322714e-09,2.6808658131538515e-20,-2.4,-2.55
1.4184009000000515,8.784025113322724e-09,2.6808658131538548e-20,-2.4,-2.55
1.4528130250000686,8.784025113322757e-09,2.6808658131538753e-20,-2.4,-2.55
1.478343496999969,8.78402511332279e-09,2.6808658131538966e-20,-2.4,-2.55
1.5451169660000232,8.784025113322942e-09,2.6808658131539893e-20,-2.4,-2.55
1.7508769510000093,8.784025113322995e-09,2.6808658131540206e-20,-2.4,-2.55
1.7546442890002254,8.784025113323052e-09,2.6808658131540537e-20,-2.4,-2.55
1.7554158779998943,8.784025113323045e-09,2.6808658131540516e-20,-2.4,-2.55
1.7560123270000076,8.784025113323078e-09,2.6808658131540742e-20,-2.4,-2.55
1.756596126000204,8.78402511332317e-09,2.6808658131541314e-20,-2.4,-2.55
1.7571433680000155,8.784025113323257e-09,2.6808658131541867e-20,-2.4,-2.55
1.7733639650000441,8.784025113323348e-09,2.6808658131542415e-20,-2.4,-2.55
1.8121870159998252,8.784025113323351e-09,2.6808658131542457e-20,-2.4,-2.55
1.880138886000168,8.784025113323435e-09,2.680865813154295e-20,-2.4,-2.55
1.909413769999901,8.784025113323528e-09,2.6808658131543526e-20,-2.4,-2.55
1.9292944929998157,8.784025113323574e-09,2.68086581315438e-20,-2.4,-2.55
1.9504667289997997,8.78402511332365e-09,2.6808658131544272e-20,-2.4,-2.55
1.988338716999806,8.784025113323685e-09,2.6808658131544482e-20,-2.4,-2.55
2.062371473999974,8.784025113323786e-09,2.6808658131545096e-20,-2.4,-2.55
2.090712824000093,8.784025113323813e-09,2.680865813154526e-20,-2.4,-2.55
2.110624854999969,8.784025113323847e-09,2.6808658131545457e-20,-2.4,-2.55
2.1323581920000834,8.784025113323892e-09,2.6808658131545683e-20,-2.4,-2.55
2.1715559250001206,8.784025113323889e-09,2.6808658131545686e-20,-2.4,-2.55
2.246169830999861,8.784025113323923e-09,2.6808658131545873e-20,-2.4,-2.55
2.2721031900000526,8.784025113324059e-09,2.680865813154671e-20,-2.4,-2.55
2.2920879590001277,8.784025113324143e-09,2.680865813154723e-20,-2.4,-2.55
2.3145295710000937,8.784025113324193e-09,2.6808658131547528e-20,-2.4,-2.55
2.350835454999924,8.784025113324315e-09,2.6808658131548277e-20,-2.4,-2.55
2.4226633990001574,8.784025113324349e-09,2.6808658131548494e-20,-2.4,-2.55
2.44933342000013,8.784025113324354e-09,2.6808658131548536e-20,-2.4,-2.55
2.4692445280002175,8.784025113324415e-09,2.680865813154888e-20,-2.4,-2.55
2.4923797860001287,8.784025113324529e-09,2.680865813154958e-20,-2.4,-2.55
2.527463336999972,8.78402511332454e-09,2.680865813154966e-20,-2.4,-2.55
2.5993607020000127,8.784025113324666e-09,2.6808658131550447e-20,-2.4,-2.55
2.62174197000013,8.784025113324694e-09,2.6808658131550606e-20,-2.4,-2.55
2.644988741999896,8.784025113324759e-09,2.6808658131551004e-20,-2.4,-2.55
2.665345978000005,8.784025113324861e-09,2.6808658131551648e-20,-2.4,-2.55
2.7018031749998954,8.784025113324861e-09,2.6808658131551636e-20,-2.4,-2.55
2.7830816499999855,8.784025113324957e-09,2.6808658131552252e-20,-2.4,-2.55
2.8142403339998054,8.784025113325088e-09,2.6808658131553035e-20,-2.4,-2.55
2.8344741619998786,8.784025113325076e-09,2.6808658131552993e-20,-2.4,-2.55
2.858123061000242,8.784025113325156e-09,2.680865813155349e-20,-2.4,-2.55
2.89753619000021,8.784025113325252e-09,2.6808658131554055e-20,-2.4,-2.55
2.973582449999867,8.784025113325222e-09,2.680865813155388e-20,-2.4,-2.55
3.0013837800001966,8.784025113325224e-09,2.6808658131553914e-20,-2.4,-2.55
3.025256890000037,8.78402511332534e-09,2.680865813155464e-20,-2.4,-2.55
3.046990800000003,8.784025113325331e-09,2.6808658131554567e-20,-2.4,-2.55
3.083084923000115,8.78402511332537e-09,2.6808658131554825e-20,-2.4,-2.55
3.168700044000161,8.784025113325402e-09,2.6808658131555018e-20,-2.4,-2.55
3.195597502000055,8.784025113325474e-09,2.6808658131555448e-20,-2.4,-2.55
3.217032234999806,8.7840251133255e-09,2.680865813155562e-20,-2.4,-2.55
3.2375725860001694,8.784025113325543e-09,2.6808658131555854e-20,-2.4,-2.55
3.269492458000059,8.784025113325619e-09,2.6808658131556327e-20,-2.4,-2.55
3.347439298000154,8.784025113325601e-09,2.6808658131556195e-20,-2.4,-2.55
3.37040759599995,8.784025113325632e-09,2.680865813155638e-20,-2.4,-2.55
3.39959036800019,8.784025113325656e-09,2.6808658131556526e-20,-2.4,-2.55
3.4199559869998666,8.784025113325675e-09,2.680865813155665e-20,-2.4,-2.55
3.4427156729998387,8.784025113325778e-09,2.680865813155728e-20,-2.4,-2.55
3.528487192999819,8.784025113325834e-09,2.680865813155763e-20,-2.4,-2.55
3.5514970260001064,8.78402511332585e-09,2.6808658131557768e-20,-2.4,-2.55
3.5798013660000834,8.784025113325924e-09,2.6808658131558217e-20,-2.4,-2.55
3.599019829000099,8.784025113325963e-09,2.680865813155845e-20,-2.4,-2.55
3.627191304000007,8.784025113326155e-09,2.680865813155961e-20,-2.4,-2.55
3.718102118999923,8.784025113326233e-09,2.680865813156007e-20,-2.4,-2.55
3.7413087840000117,8.784025113326192e-09,2.6808658131559833e-20,-2.4,-2.55
3.77011529299989,8.784025113326165e-09,2.6808658131559658e-20,-2.4,-2.55
3.7891302689999975,8.78402511332626e-09,2.6808658131560254e-20,-2.4,-2.55
3.814449644999968,8.784025113326319e-09,2.68086581315606e-20,-2.4,-2.55
3.90954628999998,8.784025113326397e-09,2.680865813156106e-20,-2.4,-2.55
3.9305911249998644,8.78402511332648e-09,2.680865813156156e-20,-2.4,-2.55
3.9566735859998516,8.784025113326559e-09,2.6808658131562048e-20,-2.4,-2.55
3.975950541000202,8.784025113326552e-09,2.6808658131562008e-20,-2.4,-2.55
3.999427409999953,8.784025113326612e-09,2.6808658131562364e-20,-2.4,-2.55
4.099171378999927,8.784025113326638e-09,2.6808658131562493e-20,-2.4,-2.55
4.119175109000025,8.784025113326685e-09,2.680865813156276e-20,-2.4,-2.55
4.150202648000231,8.784025113326648e-09,2.6808658131562538e-20,-2.4,-2.55
4.1690816400000585,8.784025113326703e-09,2.6808658131562866e-20,-2.4,-2.55
4.191221307999967,8.784025113326728e-09,2.680865813156302e-20,-2.4,-2.55
4.2906027069998345,8.784025113326795e-09,2.680865813156343e-20,-2.4,-2.55
4.312990330000048,8.784025113326873e-09,2.6808658131563886e-20,-2.4,-2.55
4.336438145000102,8.784025113326848e-09,2.6808658131563718e-20,-2.4,-2.55
4.35784635400023,8.78402511332687e-09,2.680865813156385e-20,-2.4,-2.55
4.38511468500019,8.784025113326903e-09,2.6808658131564073e-20,-2.4,-2.55
4.478669775000071,8.78402511332692e-09,2.6808658131564178e-20,-2.4,-2.55
4.499885605000145,8.78402511332695e-09,2.680865813156438e-20,-2.4,-2.55
4.529752306999853,8.784025113326997e-09,2.680865813156469e-20,-2.4,-2.55
4.54950590899989,8.784025113327022e-09,2.6808658131564828e-20,-2.4,-2.55
4.572979868999937,8.784025113327045e-09,2.680865813156496e-20,-2.4,-2.55
4.665929913000127,8.784025113327111e-09,2.6808658131565358e-20,-2.4,-2.55
4.684887282000091,8.784025113327148e-09,2.6808658131565602e-20,-2.4,-2.55
4.7088908730002,8.784025113327182e-09,2.680865813156579e-20,-2.4,-2.55
4.733181024999794,8.784025113327237e-09,2.680865813156612e-20,-2.4,-2.55
4.756301151000116,8.784025113327239e-09,2.6808658131566134e-20,-2.4,-2.55
4.844640880000043,8.784025113327214e-09,2.6808658131565993e-20,-2.4,-2.55
4.86496771100019,8.784025113327257e-09,2.680865813156623e-20,-2.4,-2.55
4.891302163000091,8.784025113327316e-09,2.6808658131566577e-20,-2.4,-2.55
4.91225995800005,8.784025113327376e-09,2.6808658131566935e-20,-2.4,-2.55
4.935009720999915,8.78402511332749e-09,2.6808658131567645e-20,-2.4,-2.55
5.030662677000237,8.784025113327566e-09,2.6808658131568114e-20,-2.4,-2.55
5.050121799999943,8.784025113327611e-09,2.680865813156839e-20,-2.4,-2.55
5.073245343000053,8.784025113327611e-09,2.68086581315684e-20,-2.4,-2.55
5.095023255999877,8.784025113327629e-09,2.6808658131568514e-20,-2.4,-2.55
5.116064741000173,8.784025113327652e-09,2.6808658131568674e-20,-2.4,-2.55
5.220942836000177,8.784025113327674e-09,2.680865813156878e-20,-2.4,-2.55
5.242945770999995,8.784025113327659e-09,2.6808658131568686e-20,-2.4,-2.55
5.272032404000129,8.7840251133276e-09,2.6808658131568334e-20,-2.4,-2.55
5.294402584000181,8.784025113327598e-09,2.6808658131568304e-20,-2.4,-2.55
5.3873348400002214,8.784025113327675e-09,2.680865813156879e-20,-2.4,-2.55
5.40871213499986,8.784025113327712e-09,2.6808658131569014e-20,-2.4,-2.55
5.431195836999905,8.784025113327763e-09,2.6808658131569303e-20,-2.4,-2.55
5.4602703979999205,8.78402511332784e-09,2.680865813156976e-20,-2.4,-2.55
5.485341357999914,8.784025113327833e-09,2.6808658131569706e-20,-2.4,-2.55
5.578296562000105,8.784025113327955e-09,2.6808658131570437e-20,-2.4,-2.55
5.6021875770002225,8.784025113328028e-09,2.6808658131570886e-20,-2.4,-2.55
5.624513621999995,8.784025113328162e-09,2.6808658131571686e-20,-2.4,-2.55
5.647210213000108,8.784025113328207e-09,2.680865813157195e-20,-2.4,-2.55
5.672229926,8.784025113328197e-09,2.6808658131571876e-20,-2.4,-2.55
5.765074426999945,8.784025113328225e-09,2.6808658131572062e-20,-2.4,-2.55
5.788654550000047,8.7840251133282e-09,2.6808658131571915e-20,-2.4,-2.55
5.811977392000244,8.784025113328236e-09,2.6808658131572123e-20,-2.4,-2.55
5.835329946999991,8.784025113328251e-09,2.6808658131572213e-20,-2.4,-2.55
5.860790328999883,8.784025113328271e-09,2.6808658131572336e-20,-2.4,-2.55
5.887072852000074,8.784025113328336e-09,2.6808658131572715e-20,-2.4,-2.55
5.908507246000227,8.784025113328405e-09,2.6808658131573155e-20,-2.4,-2.55
5.976008959999945,8.784025113328471e-09,2.6808658131573573e-20,-2.4,-2.55
6.003122312999949,8.784025113328496e-09,2.6808658131573745e-20,-2.4,-2.55
6.026815939000244,8.784025113328589e-09,2.6808658131574298e-20,-2.4,-2.55
6.0506695120002405,8.784025113328623e-09,2.6808658131574527e-20,-2.4,-2.55
6.076969801999894,8.784025113328618e-09,2.6808658131574524e-20,-2.4,-2.55
6.146736827000041,8.784025113328685e-09,2.6808658131574906e-20,-2.4,-2.55
6.176809644000059,8.784025113328718e-09,2.6808658131575126e-20,-2.4,-2.55
6.199951770000098,8.784025113328723e-09,2.6808658131575168e-20,-2.4,-2.55
6.244201425000028,8.7840251133287e-09,2.680865813157501e-20,-2.4,-2.55
6.2632598220002365,8.784025113328782e-09,2.6808658131575496e-20,-2.4,-2.55
6.328527179000048,8.784025113328792e-09,2.6808658131575553e-20,-2.4,-2.55
6.350715460000174,8.784025113328809e-09,2.680865813157564e-20,-2.4,-2.55
6.370518761999847,8.784025113328809e-09,2.6808658131575613e-20,-2.4,-2.55
6.421052543999849,8.784025113328875e-09,2.680865813157603e-20,-2.4,-2.55
6.4399789170001895,8.784025113328906e-09,2.6808658131576212e-20,-2.4,-2.55
6.508485621000091,8.784025113328933e-09,2.6808658131576366e-20,-2.4,-2.55
6.532495035000011,8.784025113329017e-09,2.6808658131576874e-20,-2.4,-2.55
6.554622121000193,8.784025113329047e-09,2.680865813157706e-20,-2.4,-2.55
6.596651844999997,8.784025113329113e-09,2.680865813157746e-20,-2.4,-2.55
6.618285428000036,8.784025113329118e-09,2.6808658131577473e-20,-2.4,-2.55
6.690602508000211,8.78402511332906e-09,2.6808658131577124e-20,-2.4,-2.55
6.709905660999993,8.784025113329077e-09,2.6808658131577226e-20,-2.4,-2.55
6.736534440000014,8.784025113329133e-09,2.6808658131577605e-20,-2.4,-2.55
6.780012992000138,8.78402511332918e-09,2.6808658131577855e-20,-2.4,-2.55
6.800500367000041,8.784025113329156e-09,2.6808658131577723e-20,-2.4,-2.55
6.8757168940001065,8.78402511332916e-09,2.6808658131577765e-20,-2.4,-2.55
6.895458584000153,8.784025113329193e-09,2.6808658131577982e-20,-2.4,-2.55
6.9219677279997995,8.784025113329239e-09,2.6808658131578292e-20,-2.4,-2.55
6.958392487999845,8.784025113329292e-09,2.6808658131578617e-20,-2.4,-2.55
6.984777167000175,8.784025113329318e-09,2.6808658131578806e-20,-2.4,-2.55
7.054871265000202,8.784025113329375e-09,2.680865813157916e-20,-2.4,-2.55
7.076781514000231,8.784025113329398e-09,2.68086581315793e-20,-2.4,-2.55
7.107317468000019,8.784025113329424e-09,2.6808658131579468e-20,-2.4,-2.55
7.141720745999919,8.784025113329384e-09,2.6808658131579255e-20,-2.4,-2.55
7.163279559999864,8.784025113329381e-09,2.680865813157922e-20,-2.4,-2.55
7.238939264000237,8.784025113329376e-09,2.68086581315792e-20,-2.4,-2.55
7.259332460000223,8.784025113329418e-09,2.6808658131579474e-20,-2.4,-2.55
7.289148889999979,8.784025113329404e-09,2.680865813157939e-20,-2.4,-2.55
7.325190309999925,8.784025113329457e-09,2.6808658131579706e-20,-2.4,-2.55
7.353736094999931,8.784025113329447e-09,2.6808658131579637e-20,-2.4,-2.55
7.425125189000028,6.600875804272055e-05,-5.4777056594928234e-08,-2.3999340000259823,-2.5500000547770565
7.445072241000162,0.0004960072029831174,-1.17753168850834e-06,-2.399504001581042,-2.5500011775316884
7.470648733999951,0.0013259972957382579,-5.195465006235827e-06,-2.3986740114882865,-2.550005195465006
7.506030383000052,0.0025559657859193464,-1.3961456499659455e-05,-2.3974440429981057,-2.5500139614564996
7.530604258000039,0.004185892985842449,-2.9328334841650413e-05,-2.3958141157981827,-2.5500293283348414
7.5980031909998615,0.00621575277069348,-5.314885800731121e-05,-2.3937842560133316,-2.550053148858007
7.619333351000023,0.008645512280913214,-8.729581790387861e-05,-2.3913544965031117,-2.5500872958179035
7.646454590999838,0.011359273797849083,-0.00013179434750249137,-2.388640734986176,-2.5501317943475024
7.679853034000189,0.01408429563053424,-0.00018295090265817791,-2.3859157131534907,-2.550182950902658
7.74906073000011,0.01680918805187501,-0.0002405900722028585,-2.38319082073215,-2.5502405900722027
7.771253755000089,0.019574614610898575,-0.00030538328834320684,-2.3804253941731264,-2.550305383288343
7.791289008000149,0.02240196526027207,-0.00037613064110297964,-2.377598043523753,-2.550376130641103
7.814567996999813,0.025229207460918186,-0.00045108677063354733,-2.374770801323107,-2.5504510867706336
7.851833313000043,0.02805633494767538,-0.0005302515108311292,-2.3719436738363497,-2.550530251510831
7.918541552000079,0.030883341455642126,-0.00061362468626739,-2.3691166673283828,-2.5506136246862674
7.942140188999929,0.03371022072018501,-0.0007012061121870258,-2.36628978806384,-2.550701206112187
7.965307547000066,0.036544170188237635,-0.0007932056756318997,-2.3634558385957876,-2.5507932056756317
7.9874218539998765,0.0393956054420768,-0.0008895548743956982,-2.360604403341948,-2.5508895548743955
8.017517286999919,0.042246915687428666,-0.0009895351709111363,-2.3577530930965964,-2.550989535170911
8.095156317000146,0.045098096300353135,-0.0010931464030407433,-2.3549019124836716,-2.5510931464030406
8.116538184000092,0.047931789182309184,-0.001199791047376959,-2.352068219601716,-2.551199791047377
8.138121675000093,0.05072481761930331,-0.0013095352436376722,-2.349275191164722,-2.5513095352436377
8.166589829999793,0.05351764685231534,-0.001424237090556431,-2.3464823619317094,-2.5514242370905564
8.196477307999885,0.05631026808148074,-0.0015438962267223055,-2.343689740702544,-2.5515438962267223
8.27386827700002,0.05910267250758723,-0.001668512275103551,-2.340897336276438,-2.5516685122751035
8.294771425999897,0.061894851332105656,-0.0017980848430502049,-2.338105157451919,-2.55179808484305
8.316410798000106,0.0647056508333243,-0.0019334360570705082,-2.335294357950701,-2.5519334360570705
8.340348327999891,0.0675617031868782,-0.0020747781229726,-2.332438305597147,-2.5520747781229725
8.370702573000017,0.0704175813756013,-0.002219596619819918,-2.3295824274084236,-2.55221959661982
8.442475452000053,0.07327328116792654,-0.0023678913330342365,-2.3267267276160983,-2.552367891333034
8.471951477999937,0.07611154866367127,-0.002518834571248731,-2.3238884601203535,-2.5525188345712486
8.492527676999998,0.07892851086062344,-0.0026728876517891575,-2.3210714979234015,-2.552672887651789
8.517498664999948,0.08174523091608317,-0.0028313064002114773,-2.3182547778679417,-2.5528313064002113
8.546178558000065,0.0845617020642358,-0.0029940904359913815,-2.315438306719789,-2.552994090435991
8.619393875000242,0.08737791753986435,-0.0031612393681183086,-2.312622091244161,-2.553161239368118
8.646405330000107,0.09019387057836604,-0.0033327527950973313,-2.309806138205659,-2.553332752795097
8.667791205999947,0.09304904911969818,-0.0035107988206717587,-2.3069509596643267,-2.5535107988206716
8.691407920000074,0.09598808099263548,-0.003695949306894873,-2.3040119277913895,-2.5536959493068947
8.724090316000002,0.0989270240472018,-0.0038825043249213443,-2.301072984736823,-2.553882504324921
8.798069046999899,0.10186587761217963,-0.004070463832141351,-2.2981341311718455,-2.554070463832141
8.82389834300011,0.10477758248714902,-0.0042582863778724426,-2.295222426296876,-2.5542582863778724
8.848455763999937,0.10767109938007662,-0.0044473746611337905,-2.2923289094039485,-2.554447374661134
8.867170713000178,0.11056445079301622,-0.004638978392216819,-2.2894355579910086,-2.5546389783922168
8.901389088000087,0.11345763453919053,-0.0048330974263088465,-2.2865423742448345,-2.5548330974263087
8.977666388000216,0.1163506484319493,-0.005029731616695269,-2.2836493603520758,-2.555029731616695
9.000654279000173,0.11924349028477046,-0.005228880814761831,-2.2807565184992544,-2.5552288808147616
9.02555266599984,0.12213378686123975,-0.0054303986327053294,-2.2778662219227854,-2.555430398632705
9.046265346999917,0.12502262513406923,-0.00563442528180272,-2.2749773836499556,-2.5556344252818026
9.078667964000033,0.1279112783986756,-0.00584105479805092,-2.272088730385349,-2.5558410547980506
9.15882310500001,0.1307997443098546,-0.006050287013693848,-2.2692002644741702,-2.5560502870136936
9.184821402000125,0.1336750074547442,-0.006261330638516249,-2.266325001329281,-2.5562613306385162
9.209988933000204,0.1365500551198176,-0.006475289717512215,-2.263449953664207,-2.556475289717512
9.229551880000145,0.13942488434887032,-0.0066921640306839255,-2.260575124435155,-2.5566921640306837
9.259804778000216,0.14229949218592056,-0.00691195335503429,-2.2577005165981046,-2.556911953355034
9.33636137900021,0.14517387567521423,-0.007134657464569907,-2.2548261331088106,-2.55713465746457
9.362292294999861,0.14804803186122814,-0.007360276130300217,-2.251951976922797,-2.5573602761303
9.38503026799981,0.15094380453941084,-0.007590268677683878,-2.249056204244614,-2.557590268677684
9.40683477499988,0.15383948620920118,-0.00782265348080353,-2.246160522574824,-2.5578226534808035
9.434588152999822,0.15673497555006677,-0.008057422529902268,-2.2432650332339583,-2.558057422529902
9.514178489000187,0.1596403936901001,-0.008295369880921319,-2.240359615093925,-2.558295369880921
9.53625431599994,0.1625830996506154,-0.008537927407309227,-2.2374169091334095,-2.558537927407309
9.569780667000032,0.1655257059011859,-0.008781691592084478,-2.234474302882839,-2.5587816915920842
9.58806013000003,0.16846821194701786,-0.009026662394260079,-2.231531796837007,-2.5590266623942597
9.615396002000125,0.17141061729333704,-0.009272839772643543,-2.228589391490688,-2.5592728397726434
9.69624947200009,0.17435292144538644,-0.009520223685841656,-2.2256470873386385,-2.5595202236858414
9.7155925510001,0.17730120254577356,-0.009769206304682108,-2.2226988062382516,-2.559769206304682
9.745993823999925,0.1802607831216079,-0.010018791504195943,-2.219739225662417,-2.560018791504196
9.767851573999906,0.18322042830441715,-0.010267609406623584,-2.2167795804796078,-2.5602676094066235
9.789842162000241,0.18618013789526933,-0.010515659995240545,-2.2138198708887558,-2.5605156599952403
9.876717234999887,0.1891399116952315,-0.010762943253372398,-2.2108600970887933,-2.5607629432533723
9.896285159999934,0.19209974950536654,-0.011009459164399405,-2.2079002592786585,-2.5610094591643993
9.929580395999892,0.1950694789645407,-0.011256225893273082,-2.2049305298194843,-2.5612562258932727
9.949869399999898,0.198045749984152,-0.011503795487200987,-2.201954258799873,-2.5615037954872006
9.977605190999839,0.20102199212481892,-0.011751712017785729,-2.198978016659206,-2.5617517120177857
10.069579329000135,0.20398946649152372,-0.011999078779603297,-2.1960105422925014,-2.561999078779603
10.090814133000094,0.20694983306205125,-0.012245204968327397,-2.193050175721974,-2.562245204968327
10.123444149000079,0.20991026229094617,-0.012490576346807697,-2.190089746493079,-2.5624905763468075
10.142830119999871,0.21287075398575306,-0.012735192899095164,-2.187129254798272,-2.562735192899095
10.171844650999901,0.2158313079540123,-0.012979054609285001,-2.184168700830013,-2.562979054609285
10.25312003199997,0.21879192400326036,-0.013222161461527044,-2.1812080847807644,-2.563222161461527
10.272861125999952,0.22177114730224123,-0.0134662774762982,-2.1782288614817835,-2.563466277476298
10.300824678000026,0.22475689657038495,-0.013711011294294221,-2.17524311221364,-2.563711011294294
10.321143222000046,0.22774263684880136,-0.013955854762134026,-2.1722573719352236,-2.563955854762134
10.344437386000209,0.2307283681334616,-0.014200807879490289,-2.1692716406505634,-2.56420080787949
10.437464165000165,0.2337140904203388,-0.014445870646028558,-2.1662859183636862,-2.5644458706460282
10.460867719999897,0.23669696999148074,-0.014690812137167324,-2.1633030387925443,-2.564690812137167
10.486673311000231,0.23962593768434629,-0.014932232419254787,-2.1603740710996786,-2.5649322324192547
10.506589280999833,0.24255477712736878,-0.015175203642691159,-2.157445231656656,-2.565175203642691
10.532450259000143,0.2454834874993019,-0.015419725739349936,-2.154516521284723,-2.56541972573935
10.622160558999894,0.2484088920415727,-0.01566532622714644,-2.1515911167424524,-2.5656653262271463
10.648417331000019,0.25132845655267144,-0.015909353477287846,-2.1486715522313533,-2.565909353477288
10.671154778000073,0.25424816910481074,-0.016151603030768024,-2.1457518396792143,-2.566151603030768
10.694602261,0.25716802861556803,-0.016392074797774447,-2.1428319801684568,-2.566392074797774
10.720781265999904,0.2600880340024644,-0.016630768689156986,-2.1399119747815605,-2.5666307686891567
10.813927669999885,0.2630111734642307,-0.016867938266145674,-2.1369888353197943,-2.5668679382661455
10.834741619999932,0.26597887936190684,-0.017108335564225762,-2.134021129422118,-2.5671083355642255
10.85671290900018,0.2689465381724056,-0.017349313448096156,-2.1310534706116195,-2.567349313448096
10.887153857000158,0.271914149782141,-0.017590871908532438,-2.128085859001884,-2.567590871908532
10.907284382999933,0.27488171407753215,-0.017833010936292363,-2.1251182947064926,-2.567833010936292
11.001709973999823,0.27784923094499997,-0.01807573052210493,-2.122150777839025,-2.568075730522105
11.02538850100018,0.2808158052239834,-0.018318965959439007,-2.1191842035600414,-2.5683189659594388
11.048461352000231,0.2837820313013633,-0.01856278707906279,-2.1162179774826617,-2.568562787079063
11.073195320000195,0.2867482070873462,-0.018807219251973886,-2.113251801696679,-2.5688072192519735
11.094768355999804,0.2897143324560523,-0.019052262467796625,-2.1102856763279725,-2.5690522624677965
11.184626735000165,0.29268040728160505,-0.019297916716133567,-2.10731960150242,-2.5692979167161334
11.204484039999898,0.29564643143812913,-0.019544181986559554,-2.1043535773458957,-2.569544181986559
11.22458584900005,0.2985996769203998,-0.01979012999494945,-2.1014003318636254,-2.5697901299949493
11.249845064000056,0.3015496590536947,-0.020036821024139874,-2.09845034973033,-2.5700368210241398
11.350940883000021,0.3044995560889114,-0.020284527568789335,-2.0955004526951138,-2.570284527568789
11.376799193999886,0.30745829327572227,-0.0205337021231645,-2.0925417155083026,-2.5705337021231642
11.3989604960002,0.31042300668323125,-0.020782870979488072,-2.0895770021007936,-2.570782870979488
11.429088874000172,0.3133877736509071,-0.021031401732134324,-2.086612235133118,-2.5710314017321343
11.454713072000231,0.3163525940414074,-0.02127929436958967,-2.0836474147426176,-2.5712792943695897
11.558879780000098,0.3193174677173895,-0.02152654888037015,-2.0806825410666354,-2.57152654888037
11.582839354000043,0.3222573917706832,-0.02177076339754914,-2.077742617013342,-2.571770763397549
11.609512472999995,0.3251974212692091,-0.02201370519575079,-2.074802587514816,-2.572013705195751
11.636517980000008,0.32813755566199937,-0.02225537422944794,-2.0718624531220255,-2.5722553742294476
11.662318240999866,0.3310777943980629,-0.022495770453351348,-2.068922214385962,-2.5724957704533513
11.754451445000086,0.3340181369263897,-0.022734893822409247,-2.0659818718576353,-2.572734893822409
11.786157458000162,0.3369396796788222,-0.022971022889516985,-2.0630603291052028,-2.572971022889517
11.80768430399985,0.33985664185498626,-0.02320491806607975,-2.0601433669290388,-2.5732049180660796
11.83121870900004,0.3427737527833137,-0.02343695065565296,-2.0572262560007113,-2.573436950655653
11.855731850000211,0.34569101127447444,-0.023667120563635218,-2.0543089975095503,-2.573667120563635
11.878314660999877,0.34860841613907884,-0.023895427696184014,-2.051391592644946,-2.5738954276961836
11.903174247000152,0.35152596618767745,-0.024121871960217846,-2.0484740425963475,-2.5741218719602177
11.976901558000009,0.35444366023076107,-0.024346453263412345,-2.045556348553264,-2.5743464532634124
12.004234576999806,0.3573614970787624,-0.024569171514204298,-2.0426385117052623,-2.574569171514204
12.029106411000157,0.3603151545854674,-0.024793111968448092,-2.0396848541985575,-2.574793111968448
12.05282809900018,0.36327989578157877,-0.02501717716069955,-2.0367201130024464,-2.5750171771606993
12.078305158000148,0.36624468894796186,-0.02524055363857239,-2.033755319836063,-2.5752405536385723
12.155113031999917,0.3692095339246272,-0.025463241390012496,-2.0307904748593977,-2.5754632413900125
12.184362956999848,0.3721634596353106,-0.025684305930897898,-2.0278365491487143,-2.575684305930898
12.207064658000036,0.3751147174753686,-0.025904134159744425,-2.0248852913086566,-2.575904134159744
12.254674159999922,0.3780660524191952,-0.02612292478580516,-2.0219339563648298,-2.576122924785805
12.273976886000128,0.38101746410198956,-0.0263406777820362,-2.0189825446820353,-2.576340677782036
12.341669105000165,0.38396895215894217,-0.026557393121523575,-2.0160310566250828,-2.5765573931215235
12.366813739999998,0.3869303154727733,-0.02677386791255066,-2.0130696933112517,-2.5767738679125505
12.39456563900012,0.3899112324925524,-0.026991778102018294,-2.0100887762914725,-2.576991778102018
12.442585288999908,0.392892128481141,-0.02720997579835466,-2.007107880302884,-2.5772099757983544
12.4637036109998,0.3958730034108118,-0.02742846099952598,-2.0041270053732134,-2.577428460999526
12.528777178999917,0.3988538572538345,-0.02764723370350537,-2.0011461515301905,-2.5776472337035052
12.556385139000213,0.40183468998248023,-0.027866293908256082,-1.9981653188015447,-2.5778662939082557
12.581501092000053,0.4047824362027546,-0.02808259378600711,-1.9952175725812704,-2.578082593786007
12.623411768000096,0.4077265925862959,-0.02829740545434024,-1.9922734161977291,-2.57829740545434
12.644250338999882,0.4106708381090338,-0.02851099188985819,-1.9893291706749912,-2.578510991889858
12.715881368999817,0.41361122711104564,-0.028723059090982793,-1.9863887816729793,-2.5787230590909824
12.741265385000133,0.4165359447967816,-0.028932429221846183,-1.9834640639872434,-2.578932429221846
12.762707858999875,0.4194607849995572,-0.02914008080788033,-1.9805392237844677,-2.57914008080788
12.808711641000173,0.42238574670956697,-0.029346013777392932,-1.9776142620744581,-2.5793460137773927
12.828195209000114,0.4253108289169631,-0.02955022805928546,-1.9746891798670618,-2.5795502280592855
12.895605854000223,0.42823603061185694,-0.02975272358305273,-1.971763978172168,-2.5797527235830526
12.916545054999915,0.4311785749650342,-0.02995486142076559,-1.9688214338189907,-2.5799548614207652
12.943476874000226,0.43415135308198893,-0.03015919063822032,-1.965848655702036,-2.58015919063822
12.98063487499985,0.43712409536789537,-0.03036404049377829,-1.9628759134161295,-2.580364040493778
13.008432013999936,0.44009680173157345,-0.03056941098115986,-1.9599032070524516,-2.58056941098116
13.073125350999817,0.4430639969845161,-0.0307746923312494,-1.956936011799509,-2.580774692331249
13.093012374999944,0.4460275766515131,-0.030979067583388684,-1.9539724321325118,-2.5809790675833884
13.120831184000053,0.44899120826463457,-0.031182688181643825,-1.9510088005193904,-2.5811826881816438
13.15680220000013,0.45195489163171293,-0.031385554112811916,-1.948045117152312,-2.5813855541128117
13.17996737600015,0.454918626560578,-0.031587665363736236,-1.945081382223447,-2.581587665363736
13.250303255999825,0.4578824128590562,-0.031789021921314886,-1.9421175959249688,-2.5817890219213147
13.269436514000063,0.4607615712806085,-0.03198332607573879,-1.9392384375034164,-2.5819833260757385
13.29898883099986,0.46357168924372333,-0.032168839392373985,-1.9364283195403016,-2.5821688393923736
13.333456281000053,0.4663820990968162,-0.03234987699857539,-1.9336179096872088,-2.5823498769985753
13.358592173000034,0.4691927937113812,-0.03252643843514413,-1.9308072150726439,-2.582526438435144
13.425422400000116,0.47204815609966827,-0.03270165650061719,-1.9279518526843566,-2.582701656500617
13.446498066000004,0.47502881637753536,-0.03288355140477508,-1.9249711924064896,-2.582883551404775
13.469643527000244,0.4780094983805595,-0.03306508995482382,-1.9219905104034654,-2.5830650899548235
13.512635964999845,0.4809902020661185,-0.0332462721481754,-1.9190098067179064,-2.583246272148175
13.532595592000234,0.48397092739161013,-0.0334270979822412,-1.9160290813924148,-2.583427097982241
13.608864884000013,0.48695167431443,-0.03360756745443456,-1.913048334469595,-2.5836075674544343
13.628277420999893,0.4899000561674956,-0.03378532839027912,-1.9100999526165294,-2.5837853283902787
13.650907952000125,0.49284680576149054,-0.03396176209822471,-1.9071532030225344,-2.5839617620982245
13.690538215999823,0.49579362845625485,-0.034136970627213714,-1.90420638032777,-2.5841369706272137
13.76120888100013,0.4987405237423923,-0.034310953946958704,-1.9012594850416327,-2.5843109539469586
13.790095543999996,0.5016874911104942,-0.03448371202738461,-1.898312517673531,-2.5844837120273843
13.8111632680002,0.5046353652751642,-0.03465529437130658,-1.8953646435088607,-2.5846552943713066
13.835480824000115,0.5075908208246047,-0.034826213171339805,-1.8924091879594203,-2.5848262131713398
13.875814226999864,0.5105463348686055,-0.03499611748747381,-1.8894536739154195,-2.584996117487474
13.941608773000098,0.513501907058936,-0.03516500729968726,-1.886498101725089,-2.585165007299687
13.968975978999879,0.5164669951723484,-0.03533345827394414,-1.8835330136116766,-2.585333458273944
13.992293560000235,0.5194564911633206,-0.03550293259634136,-1.8805435176207044,-2.585502932596341
14.014142382000045,0.5224459955287186,-0.035672259130733235,-1.8775540132553064,-2.585672259130733
14.052462958999968,0.5254355082612373,-0.03584143787670949,-1.8745645005227876,-2.5858414378767094
14.121509984000113,0.5284250293535712,-0.03601046883384238,-1.871574979430454,-2.5860104688338423
14.15089977300022,0.5314145587984139,-0.03617935200173254,-1.868585449985611,-2.586179352001732
14.172067474999949,0.5343910279799526,-0.03634723999675469,-1.8656089808040723,-2.5863472399967544
14.193883898999957,0.5373604925665817,-0.03651409698423655,-1.8626395162174432,-2.5865140969842364
14.231944870000007,0.5403299944619125,-0.03668028867820097,-1.8596700143221123,-2.5866802886782008
14.309252830999867,0.5432986940732285,-0.036845767828554594,-1.8567013147107965,-2.5868457678285544
14.333129855000152,0.5462514936767309,-0.03700946013072611,-1.853748515107294,-2.587009460130726
14.354886430000079,0.5492043536080534,-0.037172060543455406,-1.8507956551759714,-2.5871720605434554
14.378632530000232,0.5521572734634368,-0.03733356904450909,-1.8478427353205882,-2.587333569044509
14.41427518699993,0.5551102528391127,-0.0374939856118032,-1.8448897559449122,-2.587493985611803
14.49177283600011,0.5580632913313048,-0.037653310223402556,-1.8419367174527201,-2.5876533102234025
14.5135368440001,0.5609926680478493,-0.0378102013913644,-1.8390073407361758,-2.587810201391364
14.53851387199984,0.5638510179879019,-0.03796052673111207,-1.836148990796123,-2.587960526731112
14.55908323299991,0.5667095452903387,-0.03810744081746463,-1.8332904634936864,-2.5881074408174642
14.591310003000217,0.5695682458840581,-0.03825094344118637,-1.830431762899967,-2.588250943441186
14.665921785000137,0.5724271156977068,-0.038391034397901314,-1.8275728930863182,-2.588391034397901
14.687619778000226,0.5752861506596914,-0.03852771348809238,-1.8247138581243336,-2.588527713488092
14.714806429999953,0.5781553327309574,-0.03866151375310116,-1.8218446760530675,-2.588661513753101
14.740491851000115,0.5811440781751928,-0.03879985348594649,-1.8188559306088323,-2.588799853485946
14.771201647999987,0.5841349970249972,-0.03893844629936919,-1.8158650117590278,-2.588938446299369
14.848858858999847,0.587125908818055,-0.039077191317892813,-1.81287409996597,-2.5890771913178927
14.871014341999853,0.5901091867036288,-0.039215620306498986,-1.8098908220803962,-2.589215620306499
14.891638353999952,0.5930873964077081,-0.039353383392152955,-1.8069126123763168,-2.5893533833921527
14.912523209000028,0.5960656282873321,-0.03949066624043549,-1.8039343804966927,-2.5894906662404353
14.938973007000186,0.5990438822650622,-0.039627468847776605,-1.8009561265189626,-2.5896274688477763
15.017454132000239,0.6020221582634596,-0.039763791210620625,-1.7979778505205655,-2.5897637912106206
15.039878545000192,0.6050004562050847,-0.03989963332542318,-1.7949995525789402,-2.589899633325423
15.071374222000031,0.6079762901432461,-0.04003487271935279,-1.7920237186407788,-2.5900348727193525
15.094929184000193,0.6109463517436959,-0.040169208158093724,-1.789053657040329,-2.5901692081580934
15.118154244999914,0.6139164445837707,-0.04030285112239892,-1.7860835642002542,-2.5903028511223987
15.197169455000221,0.6168865685020181,-0.04043580160500468,-1.783113440282007,-2.5904358016050044
15.21864967700003,0.6198669098922847,-0.040568578963349665,-1.7801330988917403,-2.5905685789633495
15.250716040000043,0.6228574954379545,-0.04070157899127991,-1.7771425133460705,-2.59070157899128
15.272537852999903,0.6258480884233998,-0.04083441162584151,-1.7741519203606253,-2.5908344116258415
15.294655313000021,0.6288386888392506,-0.04096707686662794,-1.7711613199447744,-2.5909670768666277
15.386563726000077,0.6318292966761375,-0.041099574713206695,-1.7681707121078873,-2.5910995747132066
15.410635371999888,0.634819017345694,-0.04123186502727256,-1.765180991438331,-2.5912318650272725
15.439487950000057,0.6377917590824133,-0.04136298360752857,-1.7622082497016116,-2.5913629836075285
15.460081491999972,0.6407645284437316,-0.04149347437243403,-1.7592354803402934,-2.591493474372434
15.482231813999988,0.6437373252970606,-0.04162333731616523,-1.7562626834869643,-2.591623337316165
15.565904091999982,0.6467147139364902,-0.041752782850864395,-1.7532852948475348,-2.591752782850864
15.585997011000018,0.6497113194521104,-0.04188285114223296,-1.7502886893319145,-2.5918828511422327
15.612604695999835,0.6527079256136029,-0.042012904552666215,-1.747292083170422,-2.592012904552666
15.631839454999863,0.6557045324208945,-0.042142943082160975,-1.7442954763631304,-2.5921429430821608
15.654108347000147,0.6587011398739118,-0.04227296673071407,-1.7412988689101132,-2.592272966730714
15.73686318099999,0.6616977479725801,-0.04240297549832227,-1.738302260811445,-2.592402975498322
15.759102134999921,0.6646943567168263,-0.04253296938498237,-1.7353056520671988,-2.5925329693849823
15.78675115399983,0.6676530362242313,-0.04266081523107019,-1.7323469725597938,-2.59266081523107
15.80895165999982,0.6706117582903858,-0.04278767232830228,-1.7293882504936393,-2.5927876723283023
15.832665523999822,0.6735705225848695,-0.04291354066251093,-1.7264294861991556,-2.5929135406625106
15.912659408999843,0.676526815111641,-0.04303830966521805,-1.723473193672384,-2.593038309665218
15.93137766000018,0.6794689152297452,-0.04316122069125648,-1.7205310935542797,-2.593161220691256
15.954065983999953,0.682411073952458,-0.043282720796756664,-1.717588934831567,-2.5932827207967564
15.981268695999916,0.685353290603155,-0.043402809953777544,-1.71464671818087,-2.593402809953777
16.00337614299997,0.6882955645051985,-0.043521488134700505,-1.7117044442788265,-2.5935214881347
16.08201929500001,0.6912378949819371,-0.04363875531223286,-1.7087621138020879,-2.5936387553122326
16.104698217000077,0.6941802813567075,-0.043754611459405866,-1.7058197274273175,-2.593754611459406
16.129171901000063,0.6971386821508604,-0.04386984084208027,-1.7028613266331645,-2.59386984084208
16.154621898000187,0.7001011099204766,-0.04398430809812259,-1.6998988988635484,-2.5939843080981224
16.17661189899991,0.7030635726313883,-0.044097867463025,-1.6969364361526367,-2.5940978674630246
16.257242212000165,0.7060260700053552,-0.044210518926119886,-1.6939739387786696,-2.5942105189261198
16.281052362000082,0.7089551559323859,-0.04432061889112645,-1.691044852851639,-2.594320618891126
16.301165928000046,0.7118805924827978,-0.04442874302845284,-1.6881194163012272,-2.5944287430284527
16.326843910000207,0.7148060964544676,-0.04453502732315788,-1.6851939123295574,-2.5945350273231575
16.351673094000034,0.7177316666902963,-0.04463947173320403,-1.6822683420937286,-2.594639471733204
16.432544879000034,0.7206573020331586,-0.04474207621728127,-1.6793427067508664,-2.594742076217281
16.45537556799991,0.7235830013259029,-0.044842840734807245,-1.676417007458122,-2.594842840734807
16.47656303199983,0.7265241093276726,-0.044942450133171434,-1.6734758994563523,-2.5949424501331713
16.501024930999847,0.7294679733287153,-0.045040756320102814,-1.6705320354553097,-2.5950407563201026
16.529412624000088,0.7324118834304852,-0.045137672137809476,-1.6675881253535398,-2.595137672137809
16.613485137000225,0.7353500573113735,-0.04523299642396087,-1.6646499514726516,-2.595232996423961
16.63606911299985,0.7382651629775228,-0.045325695455028917,-1.6617348458065022,-2.5953256954550286
16.657545619999837,0.7411803349013331,-0.045416286899462824,-1.658819673882692,-2.5954162868994626
16.677620958999796,0.7440955715590444,-0.04550477070991055,-1.6559044372249807,-2.59550477070991
16.702722089999952,0.7470108714268637,-0.04559114684012217,-1.6529891373571612,-2.595591146840122
16.822897597000065,0.7499386864809616,-0.04567583212087328,-1.6500613223030633,-2.595675832120873
16.847256503000153,0.7528922706462472,-0.04575990007617119,-1.6471077381377777,-2.595759900076171
16.869295758000135,0.7558458875312459,-0.045842810504839834,-1.644154121252779,-2.5958428105048394
16.894344287999957,0.7587995366823166,-0.04592456339414465,-1.6412004721017084,-2.5959245633941443
16.91738536699995,0.761753217645813,-0.046005158731529563,-1.638246791138212,-2.5960051587315296
17.005859853999937,0.7647069299680844,-0.04608459650461622,-1.6352930788159405,-2.596084596504616
17.02944493799987,0.7676840396437682,-0.046164078616152016,-1.6323159691402567,-2.5961640786161517
17.049355186999946,0.7706657337827538,-0.04624411042695192,-1.6293342750012711,-2.5962441104269516
17.078983120999965,0.7736474159362301,-0.04632458753453638,-1.6263525928477949,-2.596324587534536
17.09883558499996,0.7766290860376941,-0.04640550993711417,-1.6233709227463309,-2.596405509937114
17.186271681000107,0.7796107440206441,-0.04648687763287323,-1.6203892647633809,-2.596486877632873
17.20699926899988,0.7825923898185786,-0.046568690620006625,-1.6174076189654465,-2.5965686906200065
17.228575164000176,0.785577826397615,-0.04665100952234558,-1.61442218238641,-2.596651009522345
17.257761857999867,0.788563676086483,-0.04673367716219439,-1.6114363326975418,-2.5967336771621943
17.344009252999967,0.7915495164380951,-0.046816681366164764,-1.6084504923459297,-2.5968166813661644
17.370083607000197,0.794515578613868,-0.04689926031507954,-1.605484430170157,-2.5968992603150793
17.389536700000008,0.7974618974358305,-0.04698015480280618,-1.6025381113481945,-2.596980154802806
17.41497384200011,0.8004082528086444,-0.047059706898305374,-1.5995917559753807,-2.597059706898305
17.43942263400004,0.8033546441206908,-0.04713791658506302,-1.5966453646633343,-2.597137916585063
17.52901506399985,0.8063010707603464,-0.04721478384684388,-1.5936989380236786,-2.5972147838468436
17.5511811880001,0.8092475321159797,-0.047290308667691974,-1.5907524766680452,-2.597290308667692
17.571208693000244,0.812196085965907,-0.047365010932822325,-1.587803922818118,-2.597365010932822
17.6022244830001,0.8151459931869648,-0.0474407959343629,-1.58485401559706,-2.5974407959343626
17.624104050999904,0.8180958678789152,-0.04751783670971442,-1.5819041409051098,-2.5975178367097143
17.718452608000007,0.8210457095071814,-0.0475961332449166,-1.5789542992768437,-2.5975961332449162
17.740229376000116,0.8239955175371874,-0.047675685525780796,-1.5760044912468376,-2.5976756855257808
17.763666891999947,0.8269552226259789,-0.04775672973412729,-1.573044786158046,-2.5977567297341273
17.786952346999897,0.8299511951079573,-0.04783917881300069,-1.5700488136760677,-2.5978391788130004
17.81149658000004,0.832947165521611,-0.047921703014967586,-1.567052843262414,-2.5979217030149675
17.832895507000103,0.835943133865053,-0.04800430233995075,-1.5640568749189718,-2.5980043023399504
17.85433102700017,0.8389391001364003,-0.04808697678792492,-1.5610609086476246,-2.5980869767879247
17.92490534799981,0.841935064333769,-0.04816972635881993,-1.5580649444502561,-2.5981697263588197
17.955728764000014,0.844931026455275,-0.04825255105258649,-1.55506898232875,-2.5982525510525862
17.977878258000146,0.8478604211686369,-0.048332839549620255,-1.552139587615388,-2.59833283954962
18.002362879999964,0.8507781202735706,-0.04841077218150217,-1.5492218885104543,-2.598410772181502
18.02504150599998,0.8536958735394101,-0.04848664998939103,-1.5463041352446147,-2.598486649989391
18.100493175999873,0.8566136795190209,-0.04856047293565326,-1.543386329265004,-2.5985604729356533
18.1198496359998,0.8595596020919026,-0.04863314371976604,-1.5404404066921225,-2.598633143719766
18.141031050000038,0.8625331880326638,-0.04870569602776018,-1.5374668207513613,-2.59870569602776
18.188620678999996,0.8655067899529904,-0.04877759042192545,-1.5344932188310345,-2.5987775904219252
18.207773548000205,0.8684804077073182,-0.04884882689873825,-1.531519601076707,-2.598848826898738
18.266518133999853,0.8714454929378892,-0.04891917602856027,-1.5285545158461358,-2.59891917602856
18.285733812000217,0.8743849616581498,-0.048987639068553766,-1.5256150471258751,-2.598987639068554
18.312808529999984,0.8773244654275002,-0.04905458035037423,-1.5226755433565247,-2.599054580350374
18.350982226999804,0.8802640034581285,-0.04911999985608117,-1.5197360053258966,-2.599119999856081
18.37376449200019,0.8832035749622136,-0.04918389756814265,-1.5167964338218114,-2.5991838975681425
18.43587085099989,0.886143179151926,-0.049246273469432174,-1.513856829632099,-2.599246273469432
18.455359362999843,0.8890828152394271,-0.049307127543233804,-1.5109171935445977,-2.599307127543234
18.483364693000112,0.8920112685016688,-0.04936611289769846,-1.5079887402823562,-2.599366112897698
18.52294500700009,0.8949377790157926,-0.04942321185141391,-1.5050622297682323,-2.5994232118514136
18.547431268999844,0.8978643250364875,-0.04947846100113699,-1.5021356837475375,-2.5994784610011368
18.607562602000144,0.9007909053945203,-0.049531860324793786,-1.4992091033895045,-2.5995318603247934
18.628315390999887,0.9037427241604881,-0.049585070513997215,-1.496257284623537,-2.599585070513997
18.653590299999905,0.9066977979705404,-0.049639462065506124,-1.4933022108134846,-2.599639462065506
18.694629795999845,0.9096528506195982,-0.049694991382126685,-1.4903471581644268,-2.5996949913821266
18.722459728000103,0.9126078816696023,-0.04975165845562624,-1.4873921271144228,-2.599751658455626
18.79090624799983,0.9155628906824926,-0.049809463277604986,-1.4844371181015323,-2.5998094632776048
18.809522693999952,0.918517249654634,-0.04986839360706919,-1.481482759129391,-2.599868393607069
18.835617098000057,0.9214596585832127,-0.04992839478277313,-1.4785403502008123,-2.599928394782773
18.87387995600011,0.9244020375231894,-0.04998984897419905,-1.4755979712608356,-2.599989848974199
18.899825887000134,0.9273443857570386,-0.05005275616636292,-1.4726556230269865,-2.6000527561663627
18.969058618999952,0.9302848867658234,-0.05011693880195024,-1.4697151220182016,-2.6001169388019503
18.990536750000047,0.9332211623732678,-0.05018017291350444,-1.4667788464107572,-2.6001801729135043
19.01188855600003,0.9361574720921191,-0.05024180270106497,-1.463842536691906,-2.6002418027010648
19.05286534800007,0.9390938150458075,-0.0503018281462301,-1.4609061937382175,-2.60030182814623
19.074393018000137,0.9420301903577504,-0.050360249231080276,-1.4579698184262746,-2.60036024923108
19.154689265999878,0.9449665971513567,-0.05041706593817582,-1.4550334116326682,-2.6004170659381756
19.16448512299985,0.9479064555177303,-0.05047243170561085,-1.4520935532662946,-2.6004724317056107
19.185582608999994,0.9508565731835114,-0.05052844480117664,-1.4491434356005137,-2.6005284448011765
19.225428025999918,0.953806666622362,-0.05058571967241873,-1.446193342161663,-2.6005857196724187
19.247466020000047,0.9567567352946159,-0.05064425630886232,-1.4432432734894092,-2.600644256308862
19.318553624999822,0.959712763972533,-0.05070415987823458,-1.440287244811492,-2.6007041598782346
19.338383483000143,0.9626960281958463,-0.0507653062866778,-1.4373039805881787,-2.600765306286678
19.360205438999856,0.9656792838532506,-0.05082686919711537,-1.4343207249307743,-2.6008268691971153
19.403248286000235,0.9686625308865954,-0.05088884860834723,-1.4313374778974297,-2.600888848608347
19.421975420999843,0.9716457692377315,-0.05095124451916339,-1.4283542395462936,-2.6009512445191634
19.49857337000003,0.9746289988485103,-0.05101405692835097,-1.4253710099355148,-2.6010140569283506
19.517891529999815,0.9776044852655087,-0.051077166366946314,-1.4223955235185164,-2.601077166366946
19.539239158999862,0.9805705028342198,-0.051140864893936176,-1.4194295059498052,-2.601140864893936
19.576893049999853,0.9835365018968549,-0.05120541937241094,-1.41646350688717,-2.601205419372411
19.64375780799992,0.9865024822063984,-0.0512708297969963,-1.4134975265776266,-2.601270829796996
19.675035150999975,0.9894787770122387,-0.05133727155778661,-1.4105212317717863,-2.6013372715577865
19.69436978800013,0.9924758448515151,-0.05140431450831069,-1.4075241639325098,-2.6014043145083106
19.715974348000145,0.9954729139583125,-0.051471300772002695,-1.4045270948257125,-2.6014713007720025
19.75458298700005,0.9984699843315581,-0.05153823034883864,-1.4015300244524669,-2.6015382303488384
19.82143339000004,1.00146705597018,-0.05160510323879456,-1.398532952813845,-2.6016051032387946
19.848054329000206,1.0044641288731055,-0.05167191944184657,-1.3955358799109194,-2.6016719194418463
19.86751430000004,1.0074383575616788,-0.05173803882800773,-1.3925616512223462,-2.6017380388280076
19.889717620999818,1.0103846859037482,-0.05180237964124591,-1.3896153228802768,-2.6018023796412457
19.92751069399992,1.0133310434720613,-0.051865367887648436,-1.3866689653119637,-2.6018653678876484
20.01437147600018,1.0162774296456947,-0.051927003553941746,-1.3837225791383303,-2.6019270035539415
20.03899172399997,1.0192238438037218,-0.05198728662713639,-1.3807761649803032,-2.601987286627136
20.059648601999925,1.0221706573436333,-0.05204622469218885,-1.3778293514403916,-2.6020462246921885
20.082943174999855,1.0251245640628155,-0.05210405272296099,-1.3748754447212095,-2.602104052722961
20.113206959999843,1.0280784933692455,-0.05216071522720037,-1.3719215154147795,-2.6021607152272
20.18102842899998,1.03103244480304,-0.05221621219608341,-1.368967563980985,-2.6022162121960832
20.202996820999942,1.0339864179043123,-0.05227054362097128,-1.3660135908797126,-2.602270543620971
20.224616868999874,1.0369277425959698,-0.052324255046603096,-1.3630722661880552,-2.602324255046603
20.248679467999864,1.0398648209293182,-0.052379392552111076,-1.3601351878547068,-2.602379392552111
20.28417285200021,1.042801869012775,-0.05243611852658611,-1.35719813977125,-2.602436118526586
20.359674391000226,1.045739885798717,-0.05249445238244165,-1.354260122985308,-2.6024944523824414
20.388685797000107,1.0486980659043978,-0.052554488576011645,-1.3513019428796271,-2.6025544885760117
20.40982771500012,1.0516562243788998,-0.05261558130819571,-1.3483437844051251,-2.6026155813081955
20.43205822300024,1.054614360844868,-0.05267773057120175,-1.345385647939157,-2.6026777305712017
20.468932658000085,1.0575724749249558,-0.05274093635710103,-1.3424275338590692,-2.602740936357101
20.541125731000193,1.0605305662418159,-0.05280519865783212,-1.3394694425422091,-2.602805198657832
20.566818873000102,1.0634890385270088,-0.052870503422613124,-1.3365109702570162,-2.602870503422613
20.589145331000054,1.0664498033675072,-0.05293560929304798,-1.3335502054165178,-2.602935609293048
20.60953041499988,1.0694105897776351,-0.05299972675333017,-1.3305894190063898,-2.60299972675333
20.64702274499996,1.0723713974274232,-0.05306285579631199,-1.3276286113566018,-2.603062855796312
20.725455724999847,1.075332225986902,-0.05312499641495933,-1.324667782797123,-2.603124996414959
20.752042487999915,1.0782930751261,-0.05318614860234562,-1.321706933657925,-2.6031861486023455
20.77872693900008,1.0812738714564827,-0.05324691347223027,-1.3187261373275423,-2.6032469134722303
20.80085660099985,1.0842617878011402,-0.05330750487024849,-1.3157382209828847,-2.6033075048702483
20.83323710700006,1.0872497101538876,-0.053367799265827055,-1.3127502986301374,-2.603367799265827
20.91035560599994,1.09023802620621,-0.05342780491839014,-1.309761982577815,-2.60342780491839
20.938800965000155,1.0932337107737788,-0.05348787704670999,-1.3067662980102461,-2.60348787704671
20.961297454000032,1.0962293934066198,-0.05354804557887537,-1.3037706153774051,-2.6035480455788753
20.981336189000103,1.0992250741016312,-0.05360831051484173,-1.3007749346823938,-2.6036083105148418
21.013364837000154,1.1022207528557106,-0.05366867185452787,-1.2977792559283143,-2.603668671854528
21.089494879000085,1.105216429665755,-0.05372912959788206,-1.29478357911827,-2.6037291295978817
21.109835932999886,1.10821221136809,-0.05378968583668037,-1.291787797415935,-2.6037896858366802
21.138309584000126,1.1112100216587597,-0.05385034910851238,-1.2887899871252653,-2.6038503491085123
21.157891045999804,1.1142078311205779,-0.05391105332605001,-1.2857921776634471,-2.60391105332605
21.188291743999798,1.1172056397529855,-0.05397179848928191,-1.2827943690310395,-2.603971798489282
21.269632411000202,1.1201909615922305,-0.054032395607939016,-1.2798090471917944,-2.604032395607939
21.28807370200002,1.1231575421686246,-0.05409331172884213,-1.2768424666154004,-2.604093311728842
21.316377637000187,1.12612410531192,-0.05415507099427009,-1.273875903472105,-2.60415507099427
21.335948344999906,1.129090650782482,-0.05421767339923491,-1.270909358001543,-2.604217673399235
21.3622439830001,1.1320571783406796,-0.05428111893867888,-1.2679428304433453,-2.6042811189386788
21.45152175000021,1.1350236877468816,-0.05434540760747842,-1.2649763210371434,-2.6043454076074783
21.47365892200014,1.1379926392985107,-0.05441056815096308,-1.2620073694855143,-2.604410568150963
21.497458772999835,1.1409621889273,-0.05447650854648669,-1.259037819856725,-2.6044765085464867
21.51954271600016,1.1439317214740596,-0.05454321377370395,-1.2560682873099653,-2.6045432137737037
21.541558259999874,1.1469012367418006,-0.05461068382819041,-1.2530987720422244,-2.60461068382819
21.627890791000027,1.1498707345335368,-0.054678918705470536,-1.2501292742504881,-2.60467891870547
21.653557126000123,1.1528402146522805,-0.054747918401018086,-1.2471597941317445,-2.604747918401018
21.68559726500007,1.1557955411314116,-0.0548167868467882,-1.2442044676526134,-2.604816786846788
21.705181488000107,1.1587461785342703,-0.05488436500359367,-1.2412538302497547,-2.6048843650035933
21.732794152000224,1.1616968441328794,-0.054950700632153134,-1.2383031646511455,-2.604950700632153
21.819528871999864,1.1646579682200378,-0.05501607815851042,-1.2353420405639872,-2.6050160781585103
21.839289565999934,1.1676356245795971,-0.05508113792624053,-1.2323643842044278,-2.6050811379262404
21.869708000000173,1.1706132930845994,-0.05514563942485472,-1.2293867156994256,-2.6051456394248547
21.88923916700014,1.1735909736303753,-0.05520958265208335,-1.2264090351536496,-2.6052095826520834
21.91479216400012,1.176568666112258,-0.05527296760567802,-1.223431342671767,-2.605272967605678
22.007879223000145,1.1795463704255786,-0.05533579428341272,-1.2204536383584463,-2.6053357942834126
22.027856346000135,1.1824759651133787,-0.05539653886279062,-1.2175240436706463,-2.6053965388627907
22.059163288000036,1.1853971060044228,-0.055455139730062025,-1.2146029027796021,-2.605455139730062
22.08073516200011,1.1883182859753485,-0.05551175902393712,-1.2116817228086765,-2.605511759023937
22.104385688000093,1.1912395036819432,-0.055566396718361236,-1.2087605051020818,-2.605566396718361
22.192837775000044,1.1941607577799782,-0.055619052788192666,-1.2058392510040468,-2.6056190527881924
22.214340402999824,1.197097113611788,-0.05567005503148751,-1.202902895172237,-2.6056700550314873
22.2477394980001,1.200078874290952,-0.05572100558977526,-1.199921134493073,-2.6057210055897753
22.26781003999986,1.2030606427963788,-0.05577149605669155,-1.1969393659876462,-2.6057714960566916
22.291150720000132,1.2060424190570742,-0.05582152643103833,-1.1939575897269508,-2.605821526431038
22.37876199199991,1.2090242030020448,-0.0558710967116223,-1.1909758057819801,-2.6058710967116223
22.397691525000027,1.212005994560298,-0.05592020689726334,-1.187994014223727,-2.605920206897263
22.42691040999989,1.2149855148362898,-0.05596880666868494,-1.1850144939477352,-2.6059688066686846
22.44701437599997,1.2179622588682295,-0.056016790670512386,-1.1820377499157955,-2.606016790670512
22.470907376000014,1.2209390123521362,-0.05606418468033413,-1.1790609964318888,-2.606064184680334
22.5600021690002,1.223916622893347,-0.056111002878979285,-1.176083385890678,-2.606111002878979
22.581326064000223,1.226910343295206,-0.056157890836951975,-1.173089665488819,-2.606157890836952
22.60282671999994,1.2299040612905445,-0.05620493219648852,-1.1700959474934804,-2.6062049321964884
22.628966535000018,1.2328977768715004,-0.05625212695746504,-1.1671022319125246,-2.606252126957465
22.64943523000011,1.2358914900302131,-0.0562994751197518,-1.1641085187538118,-2.6062994751197515
22.753160565000144,1.2388852007588216,-0.05634697668322555,-1.1611148080252034,-2.6063469766832252
22.774424823000118,1.2418332095043922,-0.05639342412447559,-1.1581667992796327,-2.6063934241244753
22.802897666999797,1.2447616560459538,-0.056437840724050475,-1.1552383527380712,-2.6064378407240505
22.823531101999833,1.2476901294441116,-0.05648044984744261,-1.1523098793399134,-2.6064804498474423
22.847604876999867,1.250618628583265,-0.05652125147841872,-1.14938138020076,-2.6065212514784184
22.938123325000106,1.2535471523478061,-0.05656024560143599,-1.1464528564362189,-2.6065602456014356
22.95652055299979,1.2564756996221178,-0.056597432201640104,-1.1435243091619072,-2.60659743220164
22.983691002999876,1.2594438288864556,-0.05663376479707205,-1.1405561798975694,-2.606633764797072
23.0100173740002,1.2624181077861947,-0.05666950986394178,-1.1375819009978303,-2.6066695098639414
23.030315167000026,1.265392394514879,-0.056704597451686,-1.134607614269146,-2.606704597451686
23.12729787599983,1.2683521789756331,-0.056738739472618815,-1.1316478298083918,-2.6067387394726187
23.14945829899989,1.271304163118243,-0.056771601718269976,-1.128695845665782,-2.6067716017182696
23.171411054000146,1.2742561606303084,-0.056803240210115805,-1.1257438481537165,-2.6068032402101156
23.199186113999986,1.2772081710045196,-0.056833654942719955,-1.1227918377795054,-2.6068336549427196
23.303850650000186,1.2801601937335632,-0.05686284591085473,-1.1198398150504618,-2.6068628459108547
23.326742173000184,1.2831459078091896,-0.05689148447093064,-1.1168541009748354,-2.6068914844709306
23.34694308799999,1.2861451438226639,-0.05692023006238102,-1.113854864961361,-2.606920230062381
23.37202676600009,1.2891443796800806,-0.05694899193183178,-1.1108556291039444,-2.606948991931832
23.39453427499984,1.292143615381351,-0.05697777007928207,-1.107856393402674,-2.6069777700792818
23.483205074000125,1.295142850926388,-0.05700656450473103,-1.104857157857637,-2.6070065645047307
23.509237758999916,1.2981414307404961,-0.05703536933323624,-1.1018585780435288,-2.607035369333236
23.529985016999944,1.3011275527611381,-0.057064256929578845,-1.0988724560228869,-2.6070642569295788
23.557206188000237,1.3041136713211152,-0.057093500067892995,-1.0958863374629098,-2.6070935000678928
23.582965965999847,1.3070997863780967,-0.05712309874776795,-1.0929002224059283,-2.607123098747768
23.678791407000062,1.310085897889749,-0.05715305296878305,-1.089914110894276,-2.607153052968783
23.70603792100019,1.3130720058137402,-0.05718336273051227,-1.0869280029702848,-2.607183362730512
23.72457575699991,1.3160492098683698,-0.057213617967070494,-1.0839507989156552,-2.60721361796707
23.751109580000048,1.3190241942961036,-0.057243229178162165,-1.0809758144879213,-2.607243229178162
23.771456595000018,1.321999185036682,-0.057272199206733154,-1.078000823747343,-2.607272199206733
23.79491509899981,1.3249741819519136,-0.057300528051437705,-1.0750258268321113,-2.6073005280514376
23.817215214000043,1.3279491849036082,-0.05732821571095929,-1.0720508238804167,-2.607328215710959
23.89868926700001,1.3309241937535738,-0.05735526218401226,-1.0690758150304511,-2.607355262184012
23.928765815000133,1.3338912259604911,-0.057381981617637655,-1.0661087828235338,-2.6073819816176376
23.951359743000012,1.3368548307316777,-0.05740953128970333,-1.0631451780523473,-2.607409531289703
23.971135369999956,1.3398184266971833,-0.057438012467189666,-1.0601815820868417,-2.6074380124671896
23.998085503999846,1.3427820135642208,-0.05746742514728437,-1.0572179952198042,-2.6074674251472842
24.077292192000186,1.3457455910400062,-0.057497769327081664,-1.0542544177440187,-2.6074977693270815
24.096902456999942,1.3487091588317555,-0.05752904500358219,-1.0512908499522695,-2.607529045003582
24.12591247799992,1.3516625287893862,-0.05756122549358069,-1.0483374799946388,-2.6075612254935807
24.163078606,1.3546103989848715,-0.057594649390451946,-1.0453896097991535,-2.607594649390452
24.188715393000166,1.3575582538359448,-0.057629400265505636,-1.0424417549480802,-2.6076294002655054
24.25005555300004,1.360506092745269,-0.057665478111700745,-1.039493916038756,-2.6076654781117004
24.27183067399983,1.3634800338787147,-0.05770287795978168,-1.0365199749053102,-2.6077028779597815
24.298564090000127,1.366469889328368,-0.05774031885394632,-1.033530119455657,-2.607740318853946
24.33776733700006,1.3694597479827093,-0.05777750295590914,-1.0305402608013157,-2.607777502955909
24.362769126999865,1.372449609819684,-0.0578144302653957,-1.027550398964341,-2.6078144302653956
24.433260419999897,1.3754394748172356,-0.057851100782131265,-1.0245605339667894,-2.6078511007821312
24.453854673000023,1.378429342953309,-0.0578875145058498,-1.021570665830716,-2.6078875145058498
24.480429143000038,1.3813865632763929,-0.05792381493341971,-1.018613445507632,-2.6079238149334194
24.52484008500005,1.3843380076131315,-0.05796126466850123,-1.0156620011708934,-2.607961264668501
24.546343091999915,1.3872894360087722,-0.057999950336787606,-1.0127105727752528,-2.6079999503367874
24.62339167500022,1.3902526108805469,-0.058039896310055954,-1.0097473979034781,-2.6080398963100557
24.647817945000043,1.3932347729292016,-0.05807994999788512,-1.0067652358548234,-2.608079949997885
24.675280980000025,1.3962169410420426,-0.0581195496079057,-1.0037830677419823,-2.6081195496079057
24.714739476999966,1.3991991151499275,-0.05815869513919765,-1.0008008936340975,-2.6081586951391973
24.73959289200002,1.402181295183716,-0.05819738659085258,-0.9978187136003089,-2.6081973865908523
24.818170777999967,1.4051566526901795,-0.05823551493422669,-0.9948433560938454,-2.6082355149342265
24.843885434000185,1.408111536270003,-0.05827242748894432,-0.991888472514022,-2.608272427488944
24.864140589999806,1.4110664339856267,-0.05830819055947044,-0.9889335747983983,-2.60830819055947
24.89961170300012,1.4140213453898867,-0.05834280414039448,-0.9859786633941383,-2.608342804140394
24.927533236999807,1.416976270035618,-0.0583762682264767,-0.9830237387484069,-2.6083762682264764
25.00658733199998,1.419931207475655,-0.05840858281265414,-0.98006880130837,-2.608408582812654
25.03007476399989,1.4229167360474972,-0.05844064653238416,-0.9770832727365277,-2.608440646532384
25.06357727400018,1.425906482802398,-0.05847300950927947,-0.974093525981627,-2.608473009509279
25.09869653900023,1.4288962267192005,-0.05850563362084069,-0.9711037820648245,-2.6085056336208403
25.12499752399981,1.4318859677750964,-0.05853851886682138,-0.9681140410089286,-2.6085385188668213
25.191538774000037,1.4348757059472772,-0.05857166524697419,-0.9651243028367478,-2.608571665246974
25.211914588000127,1.437866369807944,-0.05860508136310034,-0.9621336389760811,-2.6086050813631
25.23943506600017,1.4408622938146423,-0.058638715240810206,-0.9591377149693827,-2.60863871524081
25.27860538499999,1.4438582166865457,-0.058672450048468786,-0.9561417920974793,-2.6086724500484686
25.30191932200023,1.4468541384202538,-0.0587062857860184,-0.9531458703637712,-2.608706285786018
25.380656911000187,1.4498500590123664,-0.058740222453446095,-0.9501499497716586,-2.608740222453446
25.39987135299998,1.4528459784594838,-0.05877426005068504,-0.9471540303245412,-2.608774260050685
25.433605285999874,1.4558292300580542,-0.05880812007045651,-0.9441707787259708,-2.6088081200704565
25.46913896900014,1.4588040427523516,-0.05884129892391589,-0.9411959660316733,-2.608841298923916
25.49829820700006,1.4617788625662178,-0.05887383317508006,-0.9382211462178072,-2.60887383317508
25.573501508999925,1.4647636116416514,-0.05890589304585367,-0.9352363971423736,-2.6089058930458533
25.5928887770001,1.4677582857990066,-0.05893786164074298,-0.9322417229850184,-2.608937861640743
25.622426039999937,1.4707529613816812,-0.058969696438023696,-0.9292470474023438,-2.6089696964380233
25.658367389999967,1.4737476383836983,-0.059001397437629374,-0.9262523704003267,-2.609001397437629
25.738848686999972,1.4767423167990803,-0.05903296463951537,-0.9232576919849447,-2.6090329646395154
25.75622925100015,1.4797369966218483,-0.059064398043592904,-0.9202630121621767,-2.609064398043593
25.77468586499981,1.4827075330821717,-0.05909519720213091,-0.9172924757018532,-2.6090951972021306
25.799261863000083,1.4856720418265443,-0.05912504067342671,-0.9143279669574806,-2.6091250406734265
25.842071982000107,1.4886365595725874,-0.05915397614708713,-0.9113634492114375,-2.6091539761470868
25.919295608000084,1.4916010860421915,-0.059182003620395496,-0.9083989227418334,-2.609182003620395
25.949480797999968,1.4945656209572444,-0.059209123090723445,-0.9054343878267805,-2.6092091230907233
25.967937553999946,1.497524720709512,-0.05923525554208505,-0.902475288074513,-2.609235255542085
25.993475880999995,1.5004771772476146,-0.05926016167820908,-0.8995228315364103,-2.609260161678209
26.0322616819999,1.5034296437759185,-0.05928385396073857,-0.8965703650081065,-2.6092838539607386
26.104946630000086,1.5063821197953666,-0.05930633238566789,-0.8936178889886583,-2.6093063323856676
26.138219177999872,1.509324932148189,-0.05932742907023978,-0.890675076635836,-2.6093274290702397
26.157572740999967,1.51226533660697,-0.05934699706196293,-0.8877346721770549,-2.6093469970619627
26.182024858000204,1.515205750770123,-0.059365048007932006,-0.8847942580139019,-2.609365048007932
26.222375518999797,1.5181461738549569,-0.059381581903341224,-0.8818538349290681,-2.609381581903341
26.297432644999844,1.5210866050787784,-0.059396598743789705,-0.8789134037052466,-2.6093965987437895
26.327324395000232,1.5240414561361055,-0.059410293319735664,-0.8759585526479194,-2.6094102933197356
26.346631121999962,1.5270025341827658,-0.059422995612532524,-0.8729974746012592,-2.6094229956125323
26.369563737000135,1.529963616342978,-0.05943469976266447,-0.870036392441047,-2.609434699762664
26.40919130100019,1.5329247022802794,-0.05944540576880316,-0.8670753065037455,-2.609445405768803
26.486245772000075,1.5358857916582096,-0.05945511362973149,-0.8641142171258154,-2.6094551136297315
26.517499939000118,1.5388369225075507,-0.05946396053945761,-0.8611630862764743,-2.6094639605394576
26.53767681499994,1.5417695504077993,-0.0594738933809027,-0.8582304583762257,-2.6094738933809025
26.564970752000136,1.5447021720101326,-0.059485538128561805,-0.8552978367738924,-2.6094855381285615
26.595359428999927,1.5476347863152407,-0.059498894778468696,-0.8523652224687843,-2.6094988947784685
26.665137677000075,1.5505673923238095,-0.05951396332607265,-0.8494326164602155,-2.6095139633260724
26.695192570000017,1.5534999890365282,-0.05953074376623889,-0.8465000197474968,-2.6095307437662387
26.717920324999795,1.5564351055376233,-0.059549242890720014,-0.8435649032464017,-2.60954924289072
26.7414990379998,1.5593761152299104,-0.059569333231676666,-0.8406238935541146,-2.6095693332316765
26.772581002000152,1.5623171142795174,-0.0595909254093719,-0.8376828945045076,-2.6095909254093717
26.851109280999935,1.5652581019195253,-0.059614019418174284,-0.8347419068644997,-2.6096140194181743
26.87531793800008,1.5682291070876804,-0.05963849327270477,-0.8317709016963446,-2.609638493272705
26.897968269000103,1.5712192263149185,-0.059662979556062264,-0.8287807824691065,-2.609662979556062
26.923832524999852,1.574209347606983,-0.059687212383511254,-0.825790661177042,-2.609687212383511
26.954700702000082,1.5771994709423875,-0.05971119175488177,-0.8228005378416374,-2.6097111917548816
27.034218942999814,1.5801895962996486,-0.05973491767000541,-0.8198104124843764,-2.6097349176700053
27.057240571999955,1.5831797236572818,-0.059758390128702675,-0.8168202851267432,-2.6097583901287025
27.08080487799998,1.5861617098053316,-0.05978145124019066,-0.8138382989786934,-2.6097814512401905
27.10309211499998,1.5891427947872445,-0.05980401997733762,-0.8108572139967805,-2.6098040199773376
27.128079969999817,1.5921238834124491,-0.05982610223168566,-0.8078761253715758,-2.6098261022316853
27.200940661000004,1.5951049756015567,-0.05984769800264652,-0.8048950331824682,-2.609847698002646
27.235540742000012,1.5980627418957138,-0.05986841886785102,-0.8019372668883111,-2.6098684188678507
27.258334917999946,1.6010127397147695,-0.059887832289826665,-0.7989872690692554,-2.6098878322898265
27.28092505199993,1.603962745659635,-0.05990596895559711,-0.7960372631243899,-2.609905968955597
27.310245575999943,1.606912759177731,-0.05992282886176668,-0.793087249606294,-2.6099228288617664
27.38645302399982,1.6098627797164775,-0.05993841200517667,-0.7901372290675475,-2.6099384120051763
27.41041246299983,1.6128140957087098,-0.0599527260379242,-0.7871859130753152,-2.609952726037924
27.43394659400019,1.615777017702565,-0.05996601117908836,-0.78422299108146,-2.6099660111790883
27.458085541999935,1.6187399438093422,-0.05997834497130542,-0.7812600649746828,-2.609978344971305
27.486178405999908,1.621702873723576,-0.059989727413304286,-0.7782971350604491,-2.609989727413304
27.562826182000208,1.62466716266435,-0.06000016570973638,-0.7753328461196749,-2.610000165709736
27.58181946800005,1.6276391356894337,-0.060009825658414236,-0.7723608730945912,-2.610009825658414
27.604577358999904,1.6306111109720323,-0.06001876411778149,-0.7693888978119927,-2.610018764117781
27.625177218999852,1.6335830883369944,-0.06002698108731217,-0.7664169204470306,-2.610026981087312
27.651562309999917,1.6365550676091676,-0.060034476566521076,-0.7634449411748574,-2.610034476566521
27.735074352000083,1.6395270486133993,-0.06004125055496649,-0.7604729601706257,-2.6100412505549664
27.76279946600016,1.6424991928423383,-0.06004731037435944,-0.7575008159416867,-2.6100473103743593
27.78585993600018,1.6454727919723877,-0.0600534855406958,-0.7545272168116373,-2.610053485540696
27.805270531000133,1.648446389612054,-0.060060340923356006,-0.7515536191719709,-2.610060340923356
27.83546292400024,1.6514199856057385,-0.06006787652198273,-0.7485800231782864,-2.6100678765219825
27.92263818299989,1.6544042729729989,-0.06007605881748543,-0.7455957358110261,-2.6100760588174854
27.949375969999892,1.6574020994322773,-0.060084429231325086,-0.7425979093517476,-2.6100844292313248
27.971687489000033,1.6603999257342006,-0.060092855812667836,-0.7396000830498244,-2.6100928558126677
27.991562496999904,1.663397751877717,-0.06010133856151068,-0.736602256906308,-2.6101013385615106
28.01917814599983,1.6663955778617734,-0.06010987747785069,-0.7336044309222516,-2.6101098774778504
28.1047118460001,1.669393403685318,-0.060118472561684844,-0.730606605098707,-2.610118472561685
28.130086884999855,1.6723685862303264,-0.060126808741164904,-0.7276314225536986,-2.610126808741165
28.153965583000172,1.675336222977077,-0.06013431881054822,-0.724663785806948,-2.610134318810548
28.17416067000022,1.6783038617129806,-0.060140996757013114,-0.7216961470710443,-2.610140996757013
28.200952190999942,1.681271502204711,-0.060146842580032084,-0.7187285065793139,-2.610146842580032
28.292503829999987,1.684239144218942,-0.060151856279148035,-0.715760864565083,-2.6101518562791477
28.31406574699986,1.6872053432732206,-0.060156033214161846,-0.7127946655108044,-2.6101560332141616
28.34275133400024,1.6901633594495502,-0.060159211355171646,-0.7098366493344748,-2.6101592113551715
28.362041566000244,1.6931213765864346,-0.06016131323699304,-0.7068786321975904,-2.610161313236993
28.394842105999942,1.6960793942922823,-0.06016233885934714,-0.7039206144917427,-2.610162338859347
28.48258742400003,1.6990374121755012,-0.06016228822209765,-0.7009625966085238,-2.6101622882220976
28.50743995499988,1.7019954298445008,-0.060161161325252684,-0.6980045789395242,-2.6101611613252524
28.53134384499981,1.7049585330278816,-0.06015976894292823,-0.6950414757561434,-2.610159768942928
28.550421069000095,1.7079222015689959,-0.06015929935163159,-0.6920778072150291,-2.6101592993516314
28.580577919999996,1.7108858701110559,-0.060159762937221486,-0.6891141386729691,-2.6101597629372213
28.66992951100019,1.713859468901585,-0.06016111811985571,-0.6861405398824401,-2.6101611181198554
28.69516959900011,1.7168529053988872,-0.06016281501993361,-0.6831471033851377,-2.6101628150199336
28.717869097999937,1.7198463417948284,-0.0601646821852371,-0.6801536669891965,-2.610164682185237
28.741492405999907,1.7228397780797233,-0.060166719615759146,-0.6771602307043016,-2.610166719615759
28.76743394999994,1.7258332142438886,-0.06016892731148216,-0.6741667945401364,-2.610168927311482
28.85117154799991,1.728826650277639,-0.06017130527241796,-0.6711733585063859,-2.610171305272418
28.87656065400006,1.7318093556009904,-0.06017392725771432,-0.6681906531830346,-2.6101739272577142
28.899926909999976,1.73478490667704,-0.060177136826265853,-0.665215102106985,-2.6101771368262656
28.92917182400015,1.7377604570062724,-0.06018097684148152,-0.6622395517777526,-2.610180976841481
28.950673956000173,1.7407360064551103,-0.0601854473031882,-0.6592640023289147,-2.610185447303188
29.041547415999958,1.7437115548899793,-0.06019054821118634,-0.6562884538940457,-2.610190548211186
29.067621889999828,1.7466920543652158,-0.060196190093990146,-0.6533079544188092,-2.61019619009399
29.08924259100013,1.749678606649964,-0.06020164373601013,-0.6503214021340609,-2.61020164373601
29.110402927999985,1.7526651595498133,-0.060206749433613635,-0.6473348492342117,-2.6102067494336136
29.134932890000073,1.7556517130242264,-0.06021150718672818,-0.6443482957597986,-2.610211507186728
29.226331563999793,1.7586421680407263,-0.060215970508772296,-0.6413578407432987,-2.610215970508772
29.245560318000116,1.7616373909625804,-0.06022049339167297,-0.6383626178214445,-2.610220493391673
29.267007109000133,1.7646326136947503,-0.060225140192180456,-0.6353673950892746,-2.6102251401921803
29.28755608199981,1.767627836232111,-0.06022991091027868,-0.632372172551914,-2.6102299109102787
29.3790281900001,1.7706230585695353,-0.060234805545959585,-0.6293769502144897,-2.6102348055459594
29.408389231,1.773618280701897,-0.06023982409921514,-0.626381728082128,-2.610239824099215
29.430393019999883,1.7765984039741927,-0.06024513562569356,-0.6234016048098323,-2.6102451356256933
29.454686089000006,1.7795785262875177,-0.060250960400597346,-0.6204214824965073,-2.610250960400597
29.484339008999996,1.7825586475534798,-0.06025729842375673,-0.6174413612305452,-2.6102572984237566
29.57156298400014,1.7855387676836858,-0.060264149694981554,-0.6144612411003392,-2.610264149694981
29.601542706000146,1.7885188865897428,-0.06027151421407009,-0.6114811221942822,-2.61027151421407
29.620685184000195,1.79150308422624,-0.06027924939744843,-0.6084969245577849,-2.6102792493974483
29.649631937999857,1.7944900023091208,-0.06028672145104756,-0.6055100064749042,-2.6102867214510472
29.672254436999992,1.7974769212193826,-0.06029385509991584,-0.6025230875646423,-2.6102938550999157
29.76036642100007,1.800463840918685,-0.060300650343962585,-0.5995361678653399,-2.6103006503439623
29.78959418600016,1.803450761368689,-0.060307107183097,-0.596549247415336,-2.6103071071830968
29.80935472500005,1.8064371226237141,-0.06031322570429382,-0.5935628861603108,-2.6103132257042936
29.837391931000184,1.8094128452840703,-0.060319513751054744,-0.5905871634999547,-2.6103195137510546
29.860733764000088,1.8123885665559285,-0.060326427728982904,-0.5876114422280965,-2.6103264277289826
29.879862048000177,1.815364286307628,-0.060333967637773225,-0.584635722476397,-2.6103339676377733
29.907647131999965,1.8183400044075073,-0.06034213347709129,-0.5816600043765177,-2.6103421334770913
29.984710472000188,1.8213157207239041,-0.060350925246577286,-0.5786842880601208,-2.610350925246577
30.007121928999823,1.8242914351251567,-0.06036034294584177,-0.5757085736588683,-2.6103603429458415
30.036216222999883,1.827283074739018,-0.06037025456431161,-0.5727169340450069,-2.6103702545643115
30.055671342000096,1.8302764834017533,-0.060380344840649226,-0.5697235253822717,-2.610380344840649
30.08261524799991,1.833269891484711,-0.06039060567401228,-0.566730117299314,-2.610390605674012
30.16317023600004,1.8362623763978343,-0.060401035018752214,-0.5637376323861907,-2.610401035018752
30.189632381000138,1.8392465570192151,-0.06041174745441505,-0.5607534517648098,-2.610411747454415
30.211635814000147,1.8422307361457149,-0.06042286852762642,-0.5577692726383101,-2.610422868527626
30.258426859999872,1.845214913721376,-0.06043439823818018,-0.554785095062649,-2.61043439823818
30.279379483999946,1.8481990896902416,-0.06044633658585611,-0.5518009190937834,-2.610446336585856
30.346538121999856,1.8511832639963568,-0.06045868357043406,-0.5488167447876682,-2.610458683570434
30.367505205999805,1.8541683771173811,-0.060471420731979544,-0.5458316316666438,-2.6104714207319795
30.392798354000206,1.857156312011818,-0.060484060916399726,-0.542843696772207,-2.6104840609163995
30.438161494999804,1.8601442482087762,-0.06049638936197284,-0.5398557605752488,-2.610496389361973
30.458611467000082,1.8631321856757295,-0.06050840606856408,-0.5368678231082955,-2.610508406068564
30.530156125999838,1.8661201243801533,-0.06052011103604614,-0.5338798844038717,-2.610520111036046
30.55040604099986,1.8691080642895237,-0.06053150426428544,-0.5308919444945013,-2.6105315042642854
30.57543660300007,1.8720701630257568,-0.06054225897685715,-0.5279298457582682,-2.610542258976857
30.617090554000242,1.8750211902529172,-0.060551762584719025,-0.5249788185311077,-2.610551762584719
30.639143527000215,1.8779722212468035,-0.06056001407716318,-0.5220277875372215,-2.610560014077163
30.711448579999796,1.8809242554722716,-0.060567016322105656,-0.5190757533117534,-2.6105670163221055
30.73347050600023,1.883897012587689,-0.06057311366875268,-0.5161029961963359,-2.6105731136687527
30.759539797999878,1.88686977105957,-0.06057850929369837,-0.5131302377244549,-2.610578509293698
30.800893620999886,1.8898425307222713,-0.06058320319664386,-0.5101574780617537,-2.6105832031966436
30.822702817999925,1.8928152914101506,-0.06058719537732636,-0.5071847173738744,-2.610587195377326
30.891911041000185,1.8957880529575664,-0.06059048583552352,-0.5042119558264586,-2.6105904858355236
30.91635564499984,1.8987528250561045,-0.06059304805836078,-0.5012471837279204,-2.6105930480583606
30.940197937999983,1.9016856373626227,-0.06059419889120966,-0.4983143714214023,-2.6105941988912096
30.980846093999844,1.9046184498420566,-0.060593641973668504,-0.4953815589419684,-2.610593641973668
31.001866212000095,1.9075512614999983,-0.060591377305926,-0.4924487472840267,-2.610591377305926
31.07932899100024,1.9104840713420408,-0.06058740488874994,-0.48951593744198424,-2.61058740488875
31.1061957779998,1.9134168783737775,-0.06058172472348737,-0.48658313041024753,-2.6105817247234873
31.133971845999895,1.9164060281151745,-0.0605749002768254,-0.48359398066885056,-2.6105749002768253
31.169507713999792,1.919405959465367,-0.060568044216454474,-0.48059404931865807,-2.6105680442164543
31.194562586999837,1.9224058908191732,-0.06056118973724722,-0.4775941179648518,-2.610561189737247
31.270035735999954,1.9253746048587137,-0.060554566251958604,-0.47462540392531133,-2.6105545662519583
31.291299694999907,1.9282964955228166,-0.06054967186276114,-0.47170351326120846,-2.6105496718627608
31.32388719299979,1.9312183888305656,-0.06054675533612334,-0.4687816199534594,-2.6105467553361232
31.35785600400004,1.9341402834431258,-0.060545816673382526,-0.4658597253408992,-2.6105458166733824
31.383408777000113,1.9370621780216577,-0.060546855874967616,-0.46293783076236733,-2.6105468558749676
31.45417506800004,1.9399840712273233,-0.06054987294040369,-0.4600159375567017,-2.6105498729404033
31.476893306999955,1.9429600356028942,-0.06055414471654414,-0.4570399731811308,-2.610554144716544
31.504282041999886,1.9459506028222808,-0.06055821856903753,-0.4540494059617442,-2.6105582185690372
31.542532332000064,1.9489411703646236,-0.060562048012295554,-0.4510588384194015,-2.6105620480122953
31.56634743299992,1.951931738209947,-0.0605656330462932,-0.448068270574078,-2.610565633046293
31.64122823400021,1.9549223063382761,-0.06056897367101013,-0.4450777024457489,-2.61056897367101
31.66289830000005,1.957914598782744,-0.060572076096363815,-0.44208541000128104,-2.6105720760963638
31.693912117999844,1.960913787552792,-0.06057509296965687,-0.43908622123123303,-2.6105750929696567
31.72962891399993,1.9639129763439374,-0.06057808879611474,-0.4360870324400877,-2.6105780887961147
31.80502360699984,1.9669121651560322,-0.06058106357573725,-0.43308784362799285,-2.610581063575737
31.839910364999923,1.9698525211504863,-0.060584649215528016,-0.43014748763353877,-2.610584649215528
31.859242128999995,1.9727863377293824,-0.06058990256745622,-0.42721367105464264,-2.610589902567456
31.88108052000007,1.9757201508126756,-0.06059683860463911,-0.42427985797134943,-2.6105968386046388
31.923687437999888,1.9786539594352643,-0.06060545732479485,-0.4213460493487607,-2.6106054573247945
32.004268239999874,1.9815877626320488,-0.06061575872508849,-0.4184122461519762,-2.610615758725088
32.03738284100018,1.984545646319086,-0.06062760455436375,-0.415454362464939,-2.6106276045543635
32.05974249400015,1.9875124203304007,-0.060640364954610684,-0.4124875884536244,-2.6106403649546106
32.09022200700019,1.9904791905474848,-0.060653978956467854,-0.40952081823654024,-2.6106539789564676
32.126914021000175,1.9934459567247405,-0.06066844655880875,-0.4065540520592846,-2.6106684465588086
32.202414298999884,1.9964127186165688,-0.06068376776043601,-0.40358729016745626,-2.610683767760436
32.234603434999826,1.9993943850710945,-0.06069973896546304,-0.40060562371293057,-2.610699738965463
32.26258272599989,2.0023825415748804,-0.06071549169927422,-0.39761746720914465,-2.610715491699274
32.29004418600016,2.0053706996742835,-0.06073093879309864,-0.39462930910974153,-2.6107309387930986
32.33063340599983,2.008358859338043,-0.06074608024677116,-0.3916411494459822,-2.610746080246771
32.411965234000036,2.011346503461764,-0.060760913184440386,-0.3886535053222611,-2.61076091318444
32.43830716799994,2.014324325369189,-0.06077524627910864,-0.3856756834148359,-2.6107752462791085
32.46130192999999,2.017302149972458,-0.060789007896306035,-0.3826978588115671,-2.610789007896306
32.48475439200001,2.0202799771618976,-0.06080219803552643,-0.3797200316221275,-2.6108021980355263
32.52187400399998,2.0232578068278357,-0.060814816696284135,-0.3767422019561893,-2.610814816696284
32.59757999700014,2.0262356388606,-0.060826863878112064,-0.3737643699234248,-2.610826863878112
32.621988504,2.029190287464639,-0.06083858387666904,-0.370809721319386,-2.610838583876669
32.64662000299995,2.0321259610655016,-0.06085164298268326,-0.36787404771852344,-2.610851642982683
32.669455196999934,2.035061626933469,-0.060866337971316256,-0.3649383818505561,-2.610866337971316
32.70432022800014,2.0379972841569582,-0.06088266883800615,-0.3620027246270668,-2.610882668838006
32.7901922179999,2.040932931824391,-0.0609006355776813,-0.35906707695963386,-2.610900635577681
32.81842129000006,2.043885900456635,-0.060920244090007625,-0.35611410832739004,-2.6109202440900074
32.84357734200012,2.046878860049852,-0.06094032589814732,-0.35312114873417283,-2.610940325898147
32.867210872000214,2.0498718208512123,-0.060960226832794395,-0.3501281879328127,-2.6109602268327943
32.90519355100014,2.05286478284978,-0.060979946893871165,-0.3471352259342449,-2.610979946893871
32.98586268200006,2.0558577460346243,-0.060999486081311186,-0.3441422627494007,-2.610999486081311
33.01509983100004,2.05884852042085,-0.061018838576456194,-0.3411514883631748,-2.611018838576456
33.03836367900021,2.0618268833611526,-0.06103840141579124,-0.3381731254228724,-2.611038401415791
33.062744059000124,2.0648052425918455,-0.061058521102443794,-0.3351947661921795,-2.6110585211024437
33.09856631399998,2.0677835980088197,-0.06107919763571274,-0.3322164107752053,-2.6110791976357124
33.177073157999985,2.0707619495079643,-0.061100431014874,-0.3292380592760607,-2.611100431014874
33.205141597999955,2.073740296985169,-0.061122221239187244,-0.3262597117988562,-2.611122221239187
33.224727177000204,2.0767180348331102,-0.06114457000359023,-0.3232819739509148,-2.61114457000359
33.24958154900014,2.0796956169393597,-0.06116749348591857,-0.32030439184466536,-2.6111674934859184
33.285524213999906,2.082673194553617,-0.06119099320031998,-0.31732681423040804,-2.61119099320032
33.372121549999974,2.0856507675643674,-0.061215069145917934,-0.3143492412196576,-2.611215069145918
33.392078974000015,2.088628335860095,-0.06123972132181084,-0.3113716729239298,-2.6112397213218106
33.42266979299984,2.091600882287425,-0.061264789320053026,-0.3083991264966,-2.6112647893200527
33.44147774300018,2.0945659068997626,-0.06128916224815723,-0.3054341018842624,-2.611289162248157
33.46765579200019,2.0975309387434273,-0.061312638991242,-0.3024690700405977,-2.611312638991242
33.551020423999944,2.1004959775475407,-0.06133521954716195,-0.29950403123648434,-2.6113352195471617
33.57065232700006,2.1034811553372688,-0.06135721348233956,-0.29651885344675627,-2.6113572134823393
33.591304259000026,2.1064809883507314,-0.06137924539906427,-0.29351902043329364,-2.611379245399064
33.62254906999988,2.109480821347754,-0.06140127955380249,-0.2905191874362712,-2.611401279553802
33.64629332699997,2.112480654328338,-0.06142331594655423,-0.28751935445568716,-2.611423315946554
33.73095042900013,2.1154804872924813,-0.06144535457731946,-0.28451952149154375,-2.6114453545773193
33.75655332899987,2.1184803202401823,-0.061467395446098166,-0.28151968854384274,-2.611467395446098
33.78077050000002,2.1214728892882544,-0.06148929860048488,-0.27852711949577064,-2.6114892986004845
33.810115549999864,2.124464652700646,-0.06151098536752284,-0.2755353560833789,-2.6115109853675227
33.83232794700007,2.1274564176388706,-0.06153246060920933,-0.2725435911451544,-2.611532460609209
33.9125778319999,2.130448184834411,-0.061553724331205234,-0.26955182394961424,-2.611553724331205
33.944564489000186,2.133439967706801,-0.06157477683982836,-0.26656004107722403,-2.611574776839828
33.968189532,2.1364317520574825,-0.06159561820882565,-0.26356825672654255,-2.6115956182088254
33.990591012000095,2.1394235378715547,-0.06161624843809313,-0.2605764709124703,-2.611616248438093
34.024070933000075,2.1424153251341167,-0.06163666752753284,-0.25758468364990833,-2.6116366675275327
34.120097028000146,2.1454095584701425,-0.06165691308563591,-0.25459045031388255,-2.6116569130856355
34.146636898,2.148407458944053,-0.06167718865229463,-0.25159254983997187,-2.6116771886522945
34.17386595900007,2.151405359060614,-0.06169751698701788,-0.2485946497234109,-2.6116975169870176
34.193290502999844,2.1544032588188986,-0.061717898089799356,-0.24559674996512643,-2.611717898089799
34.228496991000156,2.157401158217977,-0.06173833196063274,-0.24259885056604796,-2.6117383319606327
34.32992555999999,2.1603990572569205,-0.06175881859951171,-0.23960095152710453,-2.6117588185995118
34.359678137000174,2.163396955934801,-0.06177935800642991,-0.23660305284922384,-2.6117793580064297
34.38314182000022,2.1663968737406827,-0.061799937800832296,-0.23360313504334235,-2.611799937800832
34.408314576000066,2.1693967915444943,-0.061820517896957104,-0.23060321723953076,-2.611820517896957
34.43985510199991,2.1723967093462364,-0.06184109829480433,-0.22760329943778862,-2.6118410982948044
34.53394028799994,2.17539662714594,-0.06186167899437432,-0.22460338163808485,-2.6118616789943743
34.558441439000035,2.1783965449435083,-0.061882259995667224,-0.2216034638405167,-2.6118822599956673
34.58069419200001,2.181329770300445,-0.06190323143639534,-0.21867023848357997,-2.6119032314363952
34.60695266999983,2.184262983044472,-0.06192589846403138,-0.21573702573955306,-2.611925898464031
34.63344107000012,2.1871961821954415,-0.06195026107100266,-0.2128038265885835,-2.6119502610710024
34.72094313600019,2.1901331319008155,-0.06197634148782829,-0.20986687688320954,-2.611976341487828
34.741010350000124,2.1930813636797875,-0.06200394911144065,-0.20691864510423758,-2.6120039491114406
34.76475931899995,2.196029582808063,-0.06203287617642799,-0.2039704259759621,-2.612032876176428
34.788097494999874,2.1989777886951454,-0.06206312267699753,-0.20102222008887966,-2.6120631226769975
34.81051732300011,2.2019259807505374,-0.06209468860709099,-0.19807402803348767,-2.612094688607091
34.9005071900001,2.2048741583837477,-0.06212757396038604,-0.19512585040027736,-2.612127573960386
34.9201287599999,2.207810485056929,-0.06216116134249123,-0.1921895237270959,-2.612161161342491
34.94291847100021,2.210737140347979,-0.06219310212379541,-0.18926286843604606,-2.612193102123795
34.96688767100022,2.213663815305608,-0.06222318698027653,-0.18633619347841718,-2.6122231869802763
34.99373369000023,2.2165905087528786,-0.06225141589983518,-0.18340950003114648,-2.612251415899835
35.07987767900022,2.2195172195128605,-0.06227778887111834,-0.1804827892711645,-2.612277788871118
35.1047535419998,2.2224439464086103,-0.062302305883521536,-0.1775560623754147,-2.6123023058835213
35.130223957,2.225388775755649,-0.06232529219383953,-0.17461123302837583,-2.612325292193839
35.15209684799993,2.228338311297018,-0.06234701644128941,-0.17166169748700716,-2.6123470164412894
35.17555288499989,2.231287856043402,-0.06236745272750952,-0.16871215274062307,-2.612367452727509
35.273499568999796,2.23423801331468,-0.06238668350438702,-0.16576199546934506,-2.6123866835043867
35.29480045199989,2.237189980295883,-0.062406445642741844,-0.16281002848814202,-2.612406445642742
35.31867474899991,2.2401419388066386,-0.062427434949486264,-0.15985806997738644,-2.612427434949486
35.34997575299985,2.2430938883367997,-0.06244965142099295,-0.15690612044722535,-2.612449651420993
35.36999525600004,2.246045828376219,-0.062473095053424216,-0.15395418040780623,-2.612473095053424
35.4648170370001,2.2489934539162446,-0.06249774288301475,-0.15100655486778042,-2.6124977428830145
35.48572141600016,2.2519281530383513,-0.06252381821711678,-0.14807185574567377,-2.6125238182171167
35.510771513000236,2.2548628369612373,-0.06255155146608718,-0.14513717182278768,-2.612551551466087
35.54631287600023,2.257797504748288,-0.06258094262107393,-0.14220250403573692,-2.6125809426210735
35.63140254400014,2.2607321554628936,-0.06261199167269779,-0.1392678533211314,-2.6126119916726975
35.65805170600015,2.2636667881684507,-0.06264469861104859,-0.13633322061557435,-2.6126446986110485
35.67982575899987,2.266607808599047,-0.06267771606903315,-0.13339220018497816,-2.612677716069033
35.71029137200003,2.269549181674111,-0.06270925111753675,-0.13045082710991412,-2.6127092511175367
35.73411712799998,2.272490570348433,-0.06273929596035265,-0.1275094384355922,-2.6127392959603526
35.832629544000156,2.2754319738670183,-0.06276785058976879,-0.12456803491700669,-2.6127678505897687
35.85582746199998,2.2783733914748723,-0.06279491499845412,-0.12162661730915275,-2.612794914998454
35.875482594000005,2.2813584686971073,-0.0628214546832786,-0.11864154008691769,-2.6128214546832784
35.905808637000064,2.2843540956980886,-0.06284818040420964,-0.11564591308593647,-2.6128481804042094
35.928619669,2.2873497217117604,-0.06287501656228182,-0.1126502870722646,-2.6128750165622816
36.024965261000034,2.2903453467340507,-0.06290196315744671,-0.10965466204997437,-2.6129019631574466
36.04833950600005,2.2933409707608896,-0.06292902018966935,-0.10665903802313542,-2.6129290201896693
36.067849733,2.2963248021701186,-0.06295599013991517,-0.10367520661390645,-2.612955990139915
36.09743156200011,2.299294226386412,-0.06298218072440798,-0.10070578239761302,-2.6129821807244076
36.1195546240001,2.3022636574132638,-0.06300758741250231,-0.09773635137076125,-2.6130075874125023
36.13871692500015,2.3052330950437327,-0.06303221020242641,-0.09476691374029228,-2.613032210202426
36.16699209299986,2.3082025390708782,-0.06305604909246523,-0.09179746971314678,-2.613056049092465
36.24432325499993,2.311171989287759,-0.06307910408095545,-0.0888280194962659,-2.6130791040809553
36.26997036900002,2.314144774708087,-0.06310153970558482,-0.08585523407593781,-2.6131015397055846
36.30011432599986,2.317121627507941,-0.06312439217780721,-0.0828783812760841,-2.613124392177807
36.32012548500006,2.3200984756813043,-0.06314783957011977,-0.07990153310272069,-2.6131478395701198
36.349554846000046,2.3230753191092863,-0.06317188188158705,-0.0769246896747387,-2.6131718818815868
36.42997965099994,2.3260521576729944,-0.06319651911124634,-0.07394785111103058,-2.6131965191112463
36.45294729399984,2.329028991253535,-0.063221751258117,-0.07097101753049012,-2.613221751258117
36.480641879999894,2.332021053408579,-0.06324757151732806,-0.06797895537544602,-2.613247571517328
36.52193704599995,2.335019778781313,-0.06327350494827677,-0.06498023000271186,-2.6132735049482765
36.54990305299998,2.3380185038926173,-0.06329946859115446,-0.061981504891407684,-2.6132994685911544
36.610143446000166,2.3410172287421878,-0.06332546244595857,-0.05898278004183726,-2.6133254624459585
36.63330742300013,2.3440022307930857,-0.06335117165792854,-0.05599777799093935,-2.6133511716579285
36.664401545000146,2.346986513961461,-0.06337647142408195,-0.05301349482256384,-2.6133764714240817
36.70191358200009,2.3499708005251607,-0.06340136746689133,-0.050029208258864304,-2.6134013674668912
36.726056509000045,2.3529550904295653,-0.06342585978590408,-0.047044918354459724,-2.6134258597859037
36.79434649899986,2.3559393836200595,-0.06344994838067156,-0.04406062516396552,-2.6134499483806715
36.818865365999955,2.358930155660248,-0.06347372648450289,-0.041069853123776805,-2.6134737264845027
36.840974466999796,2.361927404529776,-0.0634974451213355,-0.038072604254249014,-2.6134974451213355
36.883307118000175,2.364924653944744,-0.06352109473215399,-0.035075354839281085,-2.6135210947321537
36.90744407300008,2.3679219039035626,-0.06354467531694394,-0.032078104880462414,-2.613544675316944
36.98175875400011,2.3709029790798657,-0.06356822440288183,-0.029097029704159335,-2.6135682244028815
37.0007134829998,2.373875339860094,-0.06359236693200274,-0.026124668923931223,-2.6135923669320027
37.02894692300015,2.3768476947930655,-0.06361721893357355,-0.02315231399095957,-2.6136172189335736
37.07284127899993,2.379820043709439,-0.06364278040617746,-0.020179965074586245,-2.6136427804061775
37.10198108099985,2.3827923864398692,-0.06366905134835964,-0.01720762234415579,-2.6136690513483596
37.176707540999814,2.3857677957731753,-0.06369604599568722,-0.014232213010849698,-2.613696045995687
37.19616674400004,2.388748906921245,-0.0637236248476647,-0.011251101862780161,-2.6137236248476645
37.22769131399991,2.391730013545646,-0.06375168842133791,-0.008269995238379175,-2.613751688421338
37.26573446800012,2.3947111155675658,-0.06378023671596764,-0.005288893216459251,-2.6137802367159675
37.28811958799997,2.3976922129081895,-0.06380926973079716,-0.002307795875835567,-2.613809269730797
37.370702775000154,2.4006723442233153,-0.06383874452754461,0.0006723354392902998,-2.6138387445275444
37.39043292899987,2.4036495935291518,-0.06386790768983024,0.003649584745126727,-2.61386790768983
37.41558173300018,2.4066268484919204,-0.06389648750482002,0.00662683970789541,-2.61389648750482
37.453406362999885,2.409604108997321,-0.06392448397141305,0.00960410021329578,-2.613924483971413
37.47471676299983,2.4125813749310536,-0.06395189708853831,0.0125813661470286,-2.6139518970885383
37.55091347300004,2.4155586461788205,-0.06397872685513988,0.015558637394795521,-2.6139787268551395
37.58018955499983,2.418545443708513,-0.06400515570002656,0.01854543492448796,-2.6140051557000263
37.604998313000124,2.421534624219063,-0.0640313222245439,0.021534615435037933,-2.6140313222245437
37.650583648000065,2.4245238071443818,-0.06405721142370016,0.024523798360356733,-2.6140572114237
37.67226671200024,2.4275129924587415,-0.06408282329727631,0.0275129836747165,-2.614082823297276
37.76993980999987,2.430498609276325,-0.06410812083773532,0.03049860049229997,-2.6141081208377352
37.7941316790002,2.433463996457503,-0.06413258080632,0.033463987673477864,-2.61413258080632
37.82283730800009,2.4364293908220938,-0.0641561538164397,0.03642938203806873,-2.6141561538164395
37.86456377000013,2.439394792104806,-0.06417883986598669,0.03939478332078079,-2.6141788398659864
37.88756259899992,2.442360200040347,-0.0642006389529321,0.042360191256321796,-2.6142006389529318
37.96885710100014,2.4453307017115224,-0.06422164697893389,0.045330692927497425,-2.6142216469789337
37.98859223499994,2.448313073958786,-0.06424286323276605,0.04831306517476092,-2.6142428632327657
38.01891284000021,2.451295442944129,-0.06426453316425074,0.05129543416010391,-2.6142645331642504
38.05486258400015,2.4542778085985386,-0.06428665677289096,0.05427779981451359,-2.6142866567728906
38.140734737,2.457260170853004,-0.06430923405816845,0.057260162068978944,-2.6143092340581684
38.167164156000126,2.4602296342178,-0.06433221402817868,0.06022962543377503,-2.6143322140281784
38.1866438699999,2.463168998987844,-0.06435623620372238,0.063168990203819,-2.6143562362037223
38.2282856339998,2.4661083507500012,-0.0643818005262998,0.0661083419659762,-2.6143818005262998
38.265216260000216,2.4690476886951798,-0.06440890698887403,0.06904767991115474,-2.614408906988874
38.352019089999885,2.4719870120142913,-0.06443755558398391,0.07198700323026624,-2.614437555583984
38.38798249799993,2.474931963193264,-0.06446709731930625,0.074931954409239,-2.6144670973193063
38.40751305399999,2.4778793417300125,-0.06449545266470663,0.07787933294598742,-2.6144954526647064
38.43877871699988,2.480826732859857,-0.06452246733201604,0.08082672407583219,-2.6145224673320158
38.48355480300006,2.483774135972956,-0.06454814131564326,0.0837741271889309,-2.6145481413156433
38.57240264800021,2.4867215504594693,-0.06457247461027604,0.08672154167544427,-2.614572474610276
38.613818207999884,2.4896689757095563,-0.06459546721087986,0.08966896692553122,-2.6145954672108798
38.646885070999815,2.4925982824805533,-0.0646167557811723,0.09259827369652823,-2.614616755781172
38.68028751100019,2.4955276017316494,-0.06463625160060062,0.09552759294762442,-2.6146362516006003
38.725330875000054,2.4984569323656753,-0.06465395466186301,0.09845692358165031,-2.614653954661863
38.808823819999816,2.5013862732854535,-0.0646698649583279,0.10138626450142846,-2.6146698649583278
38.83581922199983,2.504370356754542,-0.06468518368613412,0.10437034797051709,-2.614685183686134
38.86030193900024,2.507360623510665,-0.06470078256811201,0.1073606147266401,-2.6147007825681117
38.885063486000035,2.510350888945899,-0.06471663263891239,0.11035088016187394,-2.6147166326389124
38.92795114599994,2.5133411530391423,-0.06473273389840985,0.11334114425511727,-2.6147327338984097
39.01495368299993,2.516331415769294,-0.06474908634650198,0.11633140698526917,-2.6147490863465017
39.04228203399998,2.5193216771152556,-0.06476568998306655,0.11932166833123053,-2.6147656899830665
39.074199190999934,2.5222767002183977,-0.06478206119811737,0.12227669143437264,-2.614782061198117
39.10053300300024,2.525196494001429,-0.06479649007341039,0.12519648521740384,-2.6147964900734104
39.13240596200012,2.52811629710502,-0.06480889024038124,0.12811628832099492,-2.614808890240381
39.22866043100021,2.5310361081195962,-0.0648192616930422,0.1310360993355712,-2.614819261693042
39.2585757060001,2.5339559256355857,-0.06482760442638634,0.13395591685156066,-2.6148276044263863
39.29167863600014,2.5369408577624872,-0.0648350685752147,0.1369408489784622,-2.6148350685752146
39.33156926299989,2.5399345674490887,-0.06484271467824775,0.1399345586650637,-2.6148427146782476
39.36397392500021,2.542928276715067,-0.06485052373314029,0.14292826793104213,-2.61485052373314
39.464430583000194,2.5459172465360473,-0.06485849213506986,0.1459172377520223,-2.6148584921350695
39.496204573999876,2.5488793601720383,-0.06486706842906466,0.14887935138801328,-2.6148670684290645
39.53501641799994,2.5518414708333643,-0.06487661700904314,0.1518414620493393,-2.614876617009043
39.57591725500015,2.554803578200885,-0.06488713787397883,0.15480356941686008,-2.614887137873979
39.61358353100013,2.5577656819554586,-0.06489863102273576,0.15776567317143358,-2.6148986310227356
39.71236238500023,2.5607305811076513,-0.06491110398543098,0.16073057232362625,-2.6149111039854307
39.74533923199988,2.563728665534228,-0.06492414391803436,0.16372865675020293,-2.614924143918034
39.77461249599992,2.566726749747127,-0.06493723288690685,0.16672674096310208,-2.6149372328869065
39.80429525399995,2.5697248337455436,-0.06495037089204465,0.16972482496151858,-2.6149503708920445
39.84070368199991,2.5727229175286754,-0.06496355793344422,0.1727229087446504,-2.614963557933444
39.94674457400015,2.5757210010957228,-0.06497679401110204,0.17572099231169774,-2.6149767940111017
39.982960596999874,2.578696166094137,-0.06499018365842174,0.17869615731011196,-2.6149901836584215
40.01083375300004,2.5816615053782805,-0.06500438187064278,0.1816614965942555,-2.6150043818706425
40.04550755699984,2.584626840268039,-0.06501946997515821,0.18462683148401376,-2.615019469975158
40.09043835700004,2.5875921704963565,-0.06503544797060666,0.18759216171233145,-2.6150354479706066
40.185078646999955,2.5905574957961814,-0.06505231585555195,0.1905574870121564,-2.615052315855552
40.221744843000124,2.593512984686199,-0.06506977862217835,0.1935129759021738,-2.6150697786221784
40.24846957799991,2.596456462128008,-0.06508608100469719,0.19645645334398315,-2.615086081004697
40.27051566,2.5993999471967553,-0.06510094263947298,0.19939993841273024,-2.6151009426394727
40.3126761110002,2.602343439187233,-0.06511436352294311,0.20234343040320807,-2.615114363522943
40.40961708700024,2.605286937394237,-0.06512634365189336,0.20528692861021186,-2.6151263436518932
40.44485213200005,2.6082527205765023,-0.06513725067045979,0.20825271179247723,-2.6151372506704598
40.485934525000175,2.6112186268831814,-0.06514728222202928,0.21121861809915637,-2.615147282222029
40.50691142100004,2.6141845360231506,-0.06515643784745463,0.21418452723912557,-2.6151564378474546
40.54847442800019,2.6171504477377208,-0.06516471754593751,0.21715043895369573,-2.6151647175459374
40.662078931999986,2.620115741750927,-0.06517211945922335,0.22011573296690207,-2.6151721194592232
40.69298761300024,2.623069257839944,-0.06517844543098973,0.22306924905591913,-2.6151784454309897
40.75004187200011,2.626022776237469,-0.06518358172104569,0.2260227674534438,-2.6151835817210456
40.77452596300009,2.6289762964642973,-0.06518752832855872,0.22897628768027228,-2.6151875283285584
40.83640302999993,2.6319298180412223,-0.0651902852528865,0.23192980925719725,-2.6151902852528863
40.95133267199981,2.6348833404890377,-0.06519185249358378,0.2348833317050127,-2.6151918524935835
41.010449448000145,2.637850085641932,-0.06519277658770768,0.237850076857907,-2.6151927765877074
41.052667122,2.6408212379726836,-0.06519438411421284,0.24082122918865861,-2.6151943841142127
41.08422906299984,2.6437923898086826,-0.06519673445636857,0.24379238102465756,-2.6151967344563682
41.12627450899981,2.646763540964217,-0.06519982761402579,0.24676353218019192,-2.615199827614026
41.270262400999854,2.6497343733944585,-0.0652036633430499,0.24973436461043347,-2.6152036633430495
41.3260286740001,2.652699165312947,-0.06520832217496568,0.252699156528922,-2.6152083221749653
41.3568926490002,2.655663955672008,-0.06521388557914336,0.25566394688798283,-2.615213885579143
41.389850058999855,2.6586287441956524,-0.06522035355506466,0.2586287354116274,-2.6152203535550647
41.43412692899983,2.661593530607893,-0.06522772610212643,0.261593521823868,-2.6152277261021264
41.54312992799987,2.664558314632738,-0.06523600321964375,0.26455830584871304,-2.6152360032196436
41.568424783999944,2.6675312192593528,-0.06524510720408577,0.26753121047532774,-2.6152451072040854
41.60457822799981,2.6705163526821973,-0.06525409715672997,0.2705163438981723,-2.61525409715673
41.632806953,2.6735014872375533,-0.06526270284402634,0.2735014784535283,-2.615262702844026
41.66385818800018,2.6764866228759554,-0.06527092426583456,0.27648661409193037,-2.6152709242658343
41.7855404689999,2.679471412358873,-0.06527885880980869,0.2794714035748482,-2.6152788588098086
41.833969368,2.682455854086045,-0.0652870962675464,0.28245584530202,-2.6152870962675463
41.85761753499992,2.6854402946762126,-0.06529573584835287,0.28544028589218756,-2.6152957358483526
41.89255035499991,2.6884247340751926,-0.06530477755206573,0.2884247252911675,-2.6153047775520655
41.927083452999796,2.691409172228805,-0.06531422137852501,0.29140916344478013,-2.615314221378525
42.051463799999965,2.6943936090828666,-0.06532406732755631,0.2943936002988416,-2.615324067327556
42.07753998999988,2.6973473442269813,-0.06533450314848507,0.2973473354429563,-2.615334503148485
42.113100089,2.700290840946112,-0.06534631252835506,0.30029083216208713,-2.615346312528355
42.138497846000064,2.7032343315320433,-0.06535956271759553,0.30323432274801826,-2.6153595627175954
42.16379340399999,2.7061778152795166,-0.06537425371303206,0.3061778064954916,-2.615374253713032
42.28213648100018,2.709151742430528,-0.06539028179074223,0.309151733646503,-2.615390281790742
42.30401936599992,2.7121451269701633,-0.06540666335629235,0.31214511818613827,-2.6154066633562922
42.33460197500017,2.715138510572089,-0.06542321538161693,0.3151385017880641,-2.615423215381617
42.36830732999988,2.7181318932265985,-0.06543993786666794,0.3181318844425735,-2.6154399378666677
42.393941239000014,2.7211252749239834,-0.06545683081138212,0.32112526613995834,-2.615456830811382
42.512335256999904,2.724114280828542,-0.0654738747574577,0.32411427204451687,-2.6154738747574573
42.541454436000095,2.727063908688817,-0.06549152777027456,0.32706389990479184,-2.615491527770274
42.576431946999946,2.7300135285701157,-0.06551046711563976,0.33001351978609067,-2.6155104671156395
42.60383647500021,2.7329631399114716,-0.06553069278995134,0.3329631311274465,-2.6155306927899513
42.63297623100016,2.7359127421519154,-0.06555220478936245,0.33591273336789035,-2.6155522047893625
42.75852441300003,2.738862334730483,-0.06557500310978193,0.338862325946458,-2.6155750031097815
42.7808769090002,2.741836150440528,-0.06559852014535839,0.34183614165650317,-2.615598520145358
42.81888403399989,2.7448130696677673,-0.06562147814177578,0.34481306088374225,-2.6156214781417755
42.84561629100017,2.7477899934106547,-0.06564384293863672,0.34778998462662963,-2.6156438429386366
42.9635917290002,2.750766921550986,-0.0656656145350504,0.35076691276696076,-2.6156656145350503
42.989906969,2.7537438539705565,-0.06568679293015436,0.3537438451865315,-2.615686792930154
43.012391048000154,2.7567189309885975,-0.06570738229734609,0.3567189222045725,-2.615707382297346
43.04491162300019,2.759683468574726,-0.06572826601696449,0.359683459790701,-2.6157282660169643
43.074265663000006,2.7626479996163127,-0.06575005896912499,0.36264799083228766,-2.615750058969125
43.192921449000096,2.7656125238344957,-0.0657727611517775,0.3656125150504707,-2.6157727611517774
43.23479307300022,2.7685399009132907,-0.0657951269682103,0.3685398921292657,-2.61579512696821
43.258142185,2.7714580057789258,-0.06581540988566018,0.37145799699490073,-2.61581540988566
43.3024044939998,2.7743761242943807,-0.06583362343464776,0.3743761155103557,-2.6158336234346478
43.3333082969998,2.777294254992164,-0.0658497676060134,0.3772942462081392,-2.6158497676060133
43.4443102260002,2.7802123964047807,-0.06586384239163766,0.38021238762075565,-2.6158638423916374
43.474224608999975,2.7831522285552937,-0.06587605600861766,0.3831522197712686,-2.6158760560086174
43.505086078000204,2.786148790910573,-0.06588798987339067,0.38614878212654785,-2.6158879898733907
43.54870451099987,2.7891453536176316,-0.06589983507896416,0.3891453448336066,-2.615899835078964
43.57442174800008,2.7921419166738426,-0.06591159162530415,0.39214190788981756,-2.615911591625304
43.60232002000021,2.7951384800765813,-0.0659232595124213,0.39513847129255625,-2.6159232595124213
43.65141203700023,2.798135043823225,-0.06593483874030551,0.39813503503919984,-2.6159348387403054
43.73704578600018,2.801131607911153,-0.06594632930893315,0.40113159912712776,-2.615946329308933
43.767611018000025,2.80412240048487,-0.06595773341185297,0.40412239170084513,-2.615957733411853
43.79849960999991,2.807095875956427,-0.06596953768350544,0.4070958671724018,-2.6159695376835055
43.82464595900001,2.8100693486383967,-0.0659820248911652,0.4100693398543717,-2.615982024891165
43.85218445400005,2.8130428183739267,-0.06599519503417224,0.41304280958990164,-2.615995195034172
43.94865952100008,2.816016285006161,-0.06600904811183364,0.41601627622213616,-2.6160090481118337
43.98118238899997,2.8189855907910877,-0.0660236064841289,0.41898558200706265,-2.616023606484129
44.01159624699994,2.8219538531351205,-0.06603897262371258,0.42195384435109545,-2.6160389726237123
44.06532527699983,2.8249221111458414,-0.0660551541885997,0.4249221023618163,-2.6160551541885995
44.09027709300017,2.8278903645992397,-0.06607215117756801,0.4278903558152147,-2.6160721511775678
44.17831501699993,2.83087348587088,-0.06608991377040185,0.4308734770868549,-2.6160899137704017
44.201894681999875,2.833869478999971,-0.06610774372368151,0.4338694702159462,-2.6161077437236813
44.23369176999995,2.83686547273827,-0.06612547101503821,0.4368654639542448,-2.616125471015038
44.28084892200013,2.839861467082261,-0.06614309564445409,0.4398614582982358,-2.616143095644454
44.307474619000004,2.842857462028426,-0.06616061761191136,0.4428574532444011,-2.616160617611911
44.383960775000105,2.8458534575732464,-0.06617803691738745,0.44585344878922134,-2.6161780369173875
44.40702164300001,2.848849453713205,-0.06619535356084667,0.44884944492918016,-2.6161953535608466
44.42990844499991,2.8518352887227074,-0.06621271029790964,0.4518352799386824,-2.6162127102979094
44.48370560100011,2.8548199924778705,-0.06623045235870577,0.4548199836938455,-2.6162304523587054
44.50698874099999,2.8578046938630766,-0.0662485887298351,0.45780468507905153,-2.616248588729835
44.595433691999915,2.860789392826231,-0.06626711941097867,0.4607893840422061,-2.6162671194109786
44.61769382200009,2.863758651879245,-0.06628577819708802,0.46375864309522,-2.6162857781970876
44.64348138300011,2.866709047847935,-0.06630330144737145,0.4667090390639101,-2.6163033014473713
44.70035812700007,2.8696594510699285,-0.06631955764729731,0.46965944228590345,-2.616319557647297
44.72045250600013,2.8726098610010857,-0.06633454679386652,0.4726098522170607,-2.6163345467938663
44.80453826299981,2.8755602770972697,-0.06634826888431482,0.47556026831324466,-2.6163482688843147
44.830373895999855,2.878494998463693,-0.06636050899069751,0.4784949896796679,-2.6163605089906974
44.85696954000014,2.8814244930354183,-0.06637095318728797,0.4814244842513932,-2.6163709531872876
44.905605940999976,2.8843539934407345,-0.06637960779688003,0.4843539846567095,-2.6163796077968797
44.92539278300001,2.8872834985864073,-0.06638647281624357,0.4872834898023823,-2.6163864728162434
45.01068372300006,2.8902140073750826,-0.06639155181243436,0.4902139985910576,-2.616391551812434
45.03596266600016,2.8932084350404694,-0.0663958606865922,0.4932084262564444,-2.616395860686592
45.06280121300006,2.89620452035196,-0.06640007039969975,0.49620451156793516,-2.6164000703996995
45.107860085000084,2.899200605804446,-0.06640417854050601,0.49920059702042113,-2.6164041785405057
45.130364982000174,2.9021966913944826,-0.066408185109021,0.5021966826104576,-2.616408185109021
45.20341646399993,2.9051927771186277,-0.06641209010523502,0.5051927683346027,-2.616412090105235
45.22767071499993,2.9081794497149827,-0.06641579034238829,0.5081794409309577,-2.616415790342388
45.259986862000005,2.911162985006384,-0.0664190710119229,0.5111629762223591,-2.6164190710119226
45.296629894000034,2.914146520735498,-0.06642192599512475,0.514146511951473,-2.6164219259951245
45.32231180300005,2.91713005684159,-0.06642435529193348,0.5171300480575649,-2.6164243552919335
45.39869715399982,2.9201135932639217,-0.06642635890230035,0.5201135844798968,-2.6164263589023
45.41876224899988,2.9230712657578244,-0.066427759773505,0.5230712569737994,-2.616427759773505
45.454093464999914,2.9260030742993433,-0.06642757766338539,0.5260030655153183,-2.6164275776633854
45.496026106000045,2.9289348822212378,-0.06642566287735598,0.5289348734372128,-2.6164256628773557
45.523252072000105,2.931866688499511,-0.06642201541608554,0.5318666797154861,-2.6164220154160853
45.60503051500018,2.9347984921101653,-0.06641663528084746,0.5347984833261403,-2.616416635280847
45.62408718200004,2.937768135432976,-0.06641002971582792,0.5377681266489511,-2.6164100297158277
45.65232901699983,2.9407535405120635,-0.06640369976033321,0.5407535317280385,-2.616403699760333
45.688654987000064,2.943738946367591,-0.06639774725304855,0.5437389375835662,-2.6163977472530484
45.76708715199993,2.9467243529518417,-0.06639217219407208,0.5467243441678167,-2.6163921721940717
45.80201998199982,2.9497097602170923,-0.06638697458349037,0.5497097514330673,-2.6163869745834902
45.836412713999835,2.9526927601139694,-0.06638185938941174,0.5526927513299444,-2.6163818593894117
45.869477835,2.9556753343679496,-0.06637630390835537,0.5556753255839246,-2.616376303908355
45.91739001299993,2.9586579077491812,-0.06637029812347323,0.5586578989651563,-2.616370298123473
46.00705608199996,2.9616404801896765,-0.06636384203490131,0.5616404714056515,-2.616363842034901
46.03598681199992,2.96460753100935,-0.066357513845437,0.5646075222253248,-2.6163575138454367
46.063688920999994,2.9675728589362893,-0.06635207376568547,0.5675728501522643,-2.616352073765685
46.093056540999896,2.970538188363852,-0.06634752461287964,0.570538179579827,-2.6163475246128796
46.138056859000244,2.9735035190243586,-0.06634386638743153,0.5735035102403336,-2.616343866387431
46.22710809799992,2.976468850650133,-0.06634109908966991,0.5764688418661081,-2.6163410990896696
46.25836515899982,2.9794341829734985,-0.06633922271984564,0.5794341741894735,-2.6163392227198456
46.28160946300022,2.9824187197927072,-0.06633765766578378,0.5824187110086823,-2.6163376576657837
46.30714441800001,2.9854042790938053,-0.06633572007968595,0.5854042703097804,-2.616335720079686
46.35395798299987,2.98838983812904,-0.06633340885904203,0.5883898293450152,-2.6163334088590418
46.43648876599991,2.991375396851652,-0.06633072400388909,0.5913753880676271,-2.616330724003889
46.464156043,2.994360862267562,-0.06632768926379248,0.5943608534835372,-2.6163276892637923
46.490427640000235,2.997346048933998,-0.06632482516513921,0.5973460401499731,-2.616324825165139
46.51053273100024,3.0003312359435013,-0.06632234427581181,0.6003312271594763,-2.6163223442758117
46.54866750400015,3.003316423246881,-0.06632024659585285,0.603316414462856,-2.6163202465958526
46.6593925090001,3.0063016107949436,-0.06631853212529591,0.6063016020109186,-2.6163185321252955
46.685866798000006,3.0092735483047393,-0.0663166546266456,0.6092735395207143,-2.6163166546266456
46.71369020200018,3.0122454852700304,-0.0663140543438069,0.6122454764860055,-2.616314054343807
46.73940269500008,3.0152174215150325,-0.06631073127693228,0.6152174127310075,-2.6163107312769323
46.77721216500004,3.018189356863963,-0.0663066854262172,0.6181893480799379,-2.616306685426217
46.86038683800007,3.021161727222313,-0.06630191632343381,0.6211617184382878,-2.6163019163234336
46.8826187589998,3.024142382095805,-0.06629653270539741,0.6241423733117801,-2.6162965327053973
46.910508675000074,3.0271230360250483,-0.0662906494831934,0.6271230272410233,-2.6162906494831932
46.945052656999906,3.0301036889263013,-0.0662842666569904,0.6301036801422764,-2.61628426665699
46.979288218999955,3.033084340715823,-0.06627738422696403,0.6330843319317978,-2.6162773842269638
47.07222458900014,3.03606499130987,-0.06627000219330971,0.6360649825258449,-2.6162700021933096
47.10145389299987,3.0390456406247033,-0.06626212055623679,0.6390456318406783,-2.6162621205562364
47.12523662300009,3.0420266567261627,-0.06625394630745525,0.6420266479421377,-2.616253946307455
47.1664786780002,3.0450078718822216,-0.06624619628210496,0.6450078630981966,-2.6162461962821046
47.19695558800004,3.0479890882598584,-0.0662389313442325,0.6479890794758334,-2.6162389313442325
47.29054156700022,3.0509703057801394,-0.066232151494029,0.6509702969961144,-2.616232151494029
47.32194340800015,3.053941585565607,-0.06622594108382322,0.6539415767815822,-2.616225941083823
47.34597381999993,3.05690292821341,-0.06622068031221175,0.6569029194293852,-2.6162206803122117
47.38279165899985,3.0598642724573595,-0.0662164115603628,0.6598642636733345,-2.6162164115603628
47.41816571800018,3.0628256179651387,-0.06621313482875622,0.6628256091811138,-2.616213134828756
47.536486290000084,3.065786964404432,-0.06621085011775818,0.665786955620407,-2.616210850117758
47.57892281700015,3.068764679550566,-0.06620943101325719,0.6687646707665409,-2.616209431013257
47.60428478899985,3.071756762975912,-0.06620829033644389,0.671756754191887,-2.6162082903364436
47.62960475,3.0747488464724753,-0.06620735494176216,0.6747488376884503,-2.616207354941762
47.66341159100011,3.0777409300261716,-0.06620662482921673,0.6777409212421466,-2.6162066248292164
47.74835715300014,3.0807330136229187,-0.06620609999881248,0.6807330048388938,-2.6162060999988124
47.773148022999976,3.0837183569107536,-0.06620561985835068,0.6837183481267286,-2.6162056198583503
47.80056368299984,3.0867008113924324,-0.06620471619988912,0.6867008026084074,-2.616204716199889
47.821186446999945,3.0896832657022193,-0.06620335902956584,0.6896832569181943,-2.6162033590295657
47.857899739000004,3.092665719771155,-0.06620154834741562,0.6926657109871299,-2.6162015483474153
47.9544443929999,3.0956481735302765,-0.06619928415347988,0.6956481647462516,-2.61619928415348
47.97746840599984,3.0986361491532914,-0.06619661855887721,0.6986361403692665,-2.616196618558877
48.01225172800014,3.1016255050616954,-0.0661936724867035,0.7016254962776705,-2.616193672486703
48.03303225799982,3.1046148606856487,-0.06619045068770563,0.7046148519016238,-2.6161904506877054
48.07484126600002,3.107604215999719,-0.06618695316190905,0.7076042072156938,-2.616186953161909
48.17789647900008,3.110593570978474,-0.06618317990934233,0.710593562194449,-2.616183179909342
48.21178445099986,3.1135835220086423,-0.06617913087159008,0.7135835132246173,-2.61617913087159
48.26312828800019,3.1165788404846433,-0.06617489043232007,0.7165788317006183,-2.61617489043232
48.28358603800007,3.1195741587862447,-0.06617052854129266,0.7195741500022197,-2.6161705285412924
48.31689450700014,3.122569476908521,-0.06616604519852405,0.7225694681244961,-2.616166045198524
48.436234456999955,3.1255647948465484,-0.06616144040402286,0.7255647860625234,-2.6161614404040225
48.467012935000184,3.1285473708135165,-0.06615679413167234,0.7285473620294916,-2.616156794131672
48.5073994129998,3.131500216961899,-0.0661530762920273,0.7315002081778741,-2.616153076292027
48.55448937099982,3.134453064383011,-0.0661505651221689,0.7344530555989861,-2.616150565122169
48.58221494700001,3.1374059125837515,-0.06614926062251698,0.7374059037997265,-2.616149260622517
48.68642240000008,3.1403587610710217,-0.06614916279328895,0.7403587522869968,-2.6161491627932887
48.711345299000186,3.1433146093544675,-0.066150267490891,0.7433146005704425,-2.616150267490891
48.735571762999825,3.1463125017585254,-0.06615191612632768,0.7463124929745004,-2.6161519161263276
48.76472554500015,3.149310394131982,-0.06615361950898288,0.749310385347957,-2.6161536195089825
48.78940383500003,3.1523082864738305,-0.0661553776388555,0.7523082776898056,-2.6161553776388553
48.9035947870002,3.155306178783073,-0.06615719051594497,0.7553061699990482,-2.6161571905159446
48.934137311000086,3.1582538192553624,-0.06615957071102804,0.7582538104713374,-2.616159570711028
48.96455873400009,3.161192590181546,-0.06616348790865163,0.7611925813975211,-2.6161634879086515
48.993974738999896,3.16413135861542,-0.06616896450287073,0.7641313498313949,-2.6161689645028705
49.030982585999936,3.167070123729524,-0.06617600049214263,0.7670701149454988,-2.6161760004921426
49.1456234809998,3.1700088846963985,-0.06618459587448623,0.7700088759123735,-2.6161845958744863
49.17024760000004,3.1729713881293944,-0.06619468057180203,0.7729713793453694,-2.6161946805718017
49.19424641600017,3.1759694206163025,-0.06620516782938436,0.7759694118322775,-2.616205167829384
49.223890841999946,3.1789674529256264,-0.06621570573216551,0.7789674441416015,-2.6162157057321656
49.26367361099983,3.1819654850565073,-0.06622629428014229,0.7819654762724824,-2.616226294280142
49.3762995269999,3.1849627900651467,-0.06623693324773086,0.7849627812811217,-2.616236933247731
49.41102083199985,3.187957913895911,-0.06624766932729231,0.7879579051118859,-2.6162476693272922
49.44488095199995,3.190953037272104,-0.06625853148170527,0.790953028488079,-2.616258531481705
49.465685897000185,3.1939481601884183,-0.06626951971093915,0.7939481514043933,-2.616269519710939
49.49858867900002,3.196943282639548,-0.06628063401497791,0.7969432738555229,-2.6162806340149776
49.60622887999989,3.1999384046201858,-0.06629187439380568,0.7999383958361608,-2.6162918743938057
49.637208678000206,3.2029047601347043,-0.06630272774452249,0.8029047513506793,-2.616302727744522
49.6607885049998,3.205866042457919,-0.0663125812505787,0.8058660336738939,-2.6163125812505785
49.68024879299992,3.208827327919534,-0.06632144150942804,0.8088273191355091,-2.616321441509428
49.71209965700018,3.2117886161864044,-0.06632930852007465,0.8117886074023795,-2.6163293085200743
49.80540447900012,3.2147499069253835,-0.06633618228163256,0.8147498981413586,-2.6163361822816324
49.83192682400022,3.2177008136788725,-0.06634278155239738,0.8177008048948475,-2.6163427815523974
49.86052962099984,3.2206491211607013,-0.06635064970890973,0.8206491123766764,-2.6163506497089095
49.88434210500009,3.2235974248225445,-0.0663598384428209,0.8235974160385195,-2.6163598384428206
49.91493590500022,3.226545724072906,-0.06637034775228878,0.8265457152888809,-2.6163703477522886
50.02073704800023,3.2294987167162583,-0.0663821821740224,0.8294987079322333,-2.6163821821740223
50.04473746399981,3.23246580028663,-0.0663950540010958,0.8324657915026052,-2.616395054001096
50.07033157700016,3.23543288006757,-0.0664087715463289,0.8354328712835448,-2.616408771546329
50.09059062699998,3.2383999558180174,-0.06642333480860636,0.8383999470339925,-2.6164233348086063
50.19247026599987,3.241367027296918,-0.06643874378674486,0.841367018512893,-2.6164387437867447
50.22457773299993,3.244344237811014,-0.06645497264049505,0.8443442290269889,-2.616454972640495
50.2445579109999,3.2473374283611913,-0.0664712978217017,0.8473374195771664,-2.6164712978217017
50.267369660999975,3.2503306198633615,-0.06648744751393543,0.8503306110793365,-2.6164874475139355
50.295184125000105,3.253323812307233,-0.06650342171714052,0.853323803523208,-2.61650342171714
50.39558528799989,3.2563170056825177,-0.06651922043125554,0.8563169968984927,-2.6165192204312553
50.42247737600019,3.2592651359597817,-0.06653432562946128,0.8592651271757568,-2.6165343256294613
50.44241427799989,3.2621682109669137,-0.06654704048454824,0.8621682021828887,-2.616547040484548
50.469909588000064,3.2650712956280046,-0.06655731740692986,0.8650712868439796,-2.61655731740693
50.502844276999895,3.2679743878957335,-0.06656515638935871,0.8679743791117085,-2.6165651563893584
50.60443049700007,3.270877485722779,-0.06657055742630569,0.870877476938754,-2.6165705574263054
50.63281155799996,3.2738208253759686,-0.06657396994351188,0.8738208165919437,-2.6165739699435115
50.65177669200011,3.2767812176813353,-0.06657634279680526,0.8767812088973104,-2.616576342796805
50.67997370100011,3.279741610626797,-0.06657769947069246,0.8797416018427722,-2.6165776994706924
50.70481960999996,3.282702003863543,-0.06657803996501259,0.8827019950795179,-2.6165780399650123
50.72472150400017,3.2856623970427603,-0.06657736427972555,0.8856623882587353,-2.6165773642797254
50.75582680200023,3.2886227898156384,-0.0665756724149117,0.8886227810316134,-2.6165756724149114
50.853187254000204,3.2915831818333623,-0.0665729643707703,0.8915831730493373,-2.61657296437077
50.87547980299996,3.294565087849891,-0.06656942567052583,0.8945650790658659,-2.6165694256705256
50.90900100099998,3.297554785581341,-0.06656558754433149,0.8975547767973162,-2.6165655875443314
50.92929144400023,3.30054448295827,-0.06656148254288378,0.9005444741742452,-2.616561482542884
50.957298981999884,3.3035341799568556,-0.06655711066621592,0.9035341711728306,-2.6165571106662155
51.04431809100015,3.306523876553275,-0.06655247191436141,0.9065238677692502,-2.6165524719143614
51.074165240000184,3.3095099863628126,-0.06654769594273018,0.9095099775787876,-2.61654769594273
51.10261111,3.3124937056923467,-0.06654328976579756,0.9124936969083217,-2.616543289765797
51.15330596500007,3.3154774256137753,-0.06653930450495829,0.9154774168297504,-2.616539304504958
51.17549611200002,3.3184611460677194,-0.06653574016029232,0.9184611372836944,-2.616535740160292
51.26794471199992,3.32144484157117,-0.06653259677338091,0.9214448327871452,-2.616532596773381
51.29943792899985,3.3244280544455154,-0.06652988195570145,0.9244280456614904,-2.6165298819557012
51.32745660499995,3.3274112676832375,-0.06652760112897681,0.9274112588992125,-2.6165276011289764
51.381920228000126,3.3303944812212025,-0.06652575429325709,0.9303944724371775,-2.616525754293257
51.403103544999794,3.333377694996272,-0.06652434144858095,0.9333776862122471,-2.6165243414485806
51.477615589999914,3.336360908945311,-0.06652336259497574,0.936360900161286,-2.6165233625949758
51.5090304270002,3.339344123005182,-0.06652281773246878,0.9393441142211572,-2.6165228177324686
51.53555575700011,3.3422557389044574,-0.06652361287458126,0.9422557301204324,-2.6165236128745812
51.585622762000185,3.345167353340462,-0.06652663829649684,0.9451673445564368,-2.6165266382964965
51.61037914999997,3.3480789646048215,-0.06653189399644222,0.9480789558207965,-2.616531893996442
51.693342736999966,3.350990570989157,-0.06653937997133338,0.9509905622051322,-2.616539379971333
51.72361349899984,3.3539243106054686,-0.06654885743578556,0.9539243018214436,-2.6165488574357854
51.751062464999904,3.35689059491504,-0.06655804669790424,0.9568905861310149,-2.616558046697904
51.798730177999914,3.3598568817820857,-0.06656636956969676,0.9598568729980608,-2.616566369569697
51.82037049900009,3.3628231709535426,-0.06657382605044943,0.9628231621695176,-2.616573826050449
51.90234682099981,3.3657894621763553,-0.06658041613952852,0.9657894533923304,-2.6165804161395285
51.922252882000066,3.368760362041713,-0.06658619006795541,0.9687603532576881,-2.616586190067955
51.955880852000064,3.3717332375912483,-0.06659126162988688,0.9717332288072233,-2.6165912616298868
51.996011153999916,3.3747061142506927,-0.06659563444398156,0.9747061054666677,-2.6165956344439816
52.02801581099993,3.377678991855809,-0.0665993085099993,0.977678983071784,-2.6165993085099992
52.103828729999805,3.380651870242365,-0.06660228382773654,0.9806518614583402,-2.6166022838277363
52.12775451400012,3.3836093522618937,-0.0666044013214828,0.9836093434778688,-2.6166044013214824
52.15835060500012,3.3865617025344377,-0.06660531163680344,0.9865616937504127,-2.6166053116368033
52.20240703699983,3.389514052931163,-0.0666050027409313,0.9895140441471382,-2.6166050027409313
52.22772850299998,3.3924664029485823,-0.06660347463391958,0.9924663941645573,-2.6166034746339193
52.30591511400007,3.395418752083204,-0.06660072731602869,0.995418743299179,-2.6166007273160283
52.32955131200015,3.398349339611024,-0.06659801846104159,0.9983493308269988,-2.6165980184610413
52.35830904300019,3.401277510292391,-0.06659712008699749,1.001277501508366,-2.6165971200869973
52.39919104799992,3.404205680965627,-0.06659804455535422,1.0042056721816022,-2.616598044555354
52.42528709399994,3.4071338504959874,-0.06660079186575375,1.0071338417119624,-2.6166007918657535
52.52134091300013,3.4100772608927667,-0.06660529378639056,1.0100772521087418,-2.61660529378639
52.54344734799997,3.4130670478778695,-0.06661012072467784,1.0130670390938445,-2.6166101207246775
52.56603955999981,3.4160568352783622,-0.06661468312953603,1.0160568264943373,-2.616614683129536
52.60917898600019,3.4190466230708294,-0.06661898100092203,1.0190466142868044,-2.6166189810009217
52.629528043999926,3.4220364112318644,-0.06662301433880193,1.0220364024478394,-2.616623014338802
52.72513898099987,3.4250275992265573,-0.06662679688378087,1.0250275904425323,-2.616626796883781
52.74849041100015,3.428022985716907,-0.0666305962657055,1.0280229769328821,-2.6166305962657055
52.77207013299994,3.43101837205303,-0.06663451535186252,1.031018363269005,-2.6166345153518624
52.82298535700011,3.4340137582301433,-0.06663855414223495,1.0340137494461183,-2.616638554142235
52.906253913,3.4370091442434623,-0.0666427126368148,1.0370091354594373,-2.6166427126368146
52.93135188899987,3.4400043122374084,-0.06664689102488196,1.0400043034533835,-2.6166468910248817
52.961471575999894,3.4429994561815196,-0.06665094462530015,1.0429994473974946,-2.6166509446253
52.98612116000004,3.4459946002934836,-0.06665487224384846,1.0459945915094586,-2.6166548722438483
53.03010606099997,3.448989744568002,-0.06665867388051144,1.048989735783977,-2.616658673880511
53.121397058000184,3.4519848889997755,-0.06666234953528859,1.0519848802157505,-2.6166623495352885
53.14928529500003,3.454980033583505,-0.06666589920816436,1.0549800247994798,-2.616665899208164
53.17619177400002,3.4579444249805236,-0.0666690925925337,1.0579444161964986,-2.6166690925925336
53.20591969399993,3.460878064041437,-0.06667075877099654,1.0608780552574122,-2.6166707587709963
53.249152776999836,3.4638117035754328,-0.06667073774396223,1.0638116947914078,-2.616670737743962
53.33188865200009,3.4667453426121604,-0.06666902951143729,1.0667453338281354,-2.616669029511437
53.35417014599989,3.469678980181267,-0.06666563407398687,1.0696789713972419,-2.616665634073987
53.3792158870001,3.4726049215605372,-0.06666049221840419,1.0726049127765123,-2.616660492218404
53.41012681099983,3.475528294362067,-0.06665342117253073,1.075528285578042,-2.6166534211725305
53.44463355900007,3.4784516618237205,-0.0666444089275297,1.0784516530396955,-2.6166444089275296
53.53255982200017,3.4813750226564886,-0.06663345548737473,1.0813750138724636,-2.6166334554873747
53.55518982900003,3.484298375571367,-0.06662056085689642,1.0842983667873418,-2.616620560856896
53.57623068900011,3.4872308359847257,-0.06660577091951715,1.0872308272007007,-2.616605770919517
53.61454985899991,3.490165566591172,-0.06658930531452038,1.090165557807147,-2.61658930531452
53.64645911200023,3.4931002874212864,-0.06657118080464382,1.0931002786372614,-2.6165711808046437
53.730662347999896,3.4960349975373446,-0.0665513973956792,1.0960349887533196,-2.616551397395679
53.758378064000226,3.498969696001628,-0.06652995509394627,1.0989696872176031,-2.616529955093946
53.781603771999926,3.501935234941253,-0.06650760378069663,1.1019352261572282,-2.6165076037806965
53.80464267300022,3.5049050464077682,-0.06648598265687759,1.1049050376237433,-2.6164859826568776
53.84706684499997,3.5078748634152355,-0.06646513651140457,1.1078748546312105,-2.616465136511404
53.925173946000086,3.5108446857614264,-0.06644506534569727,1.1108446769774014,-2.616445065345697
53.95525142099996,3.5138145132441068,-0.06642576916112154,1.1138145044600818,-2.6164257691611215
53.979413251000096,3.5167456170464533,-0.06640788075143887,1.1167456082624283,-2.6164078807514386
54.001756814000146,3.5196670494243327,-0.06639201738646078,1.1196670406403078,-2.6163920173864605
54.042248479000136,3.5225884919214363,-0.06637814219307384,1.1225884831374113,-2.616378142193074
54.12539435200006,3.5255099431847197,-0.06636625517770361,1.1255099344006947,-2.6163662551777036
54.157425355000214,3.5284314018611345,-0.0663563563458557,1.1284313930771095,-2.6163563563458556
54.17919670299989,3.5313851613942897,-0.06634711122091025,1.1313851526102647,-2.61634711122091
54.202819768000154,3.5343434406859973,-0.06633679870360233,1.1343434319019723,-2.6163367987036024
54.23525325299988,3.5373017160573097,-0.06632541699518117,1.1373017072732847,-2.616325416995181
54.32420122800022,3.5402599871217895,-0.06631296609713229,1.1402599783377645,-2.6163129660971323
54.34898433499984,3.543218253493006,-0.06629944601108316,1.1432182447089811,-2.616299446011083
54.378269032999924,3.5461595118446283,-0.0662853141026447,1.1461595030606033,-2.6162853141026443
54.40135435499997,3.549083772405902,-0.066272811383359,1.149083763621877,-2.6162728113833587
54.42805760500005,3.5520080405416046,-0.0662622274973183,1.1520080317575796,-2.616262227497318
54.51661466199994,3.55493015302212,-0.06625357234163011,1.154930144238095,-2.61625357234163
54.542104968999865,3.5578400198203273,-0.06624709565151865,1.1578400110363023,-2.6162470956515183
54.564082166999924,3.5607498907897606,-0.06624289183481215,1.1607498820057356,-2.616242891834812
54.591158662,3.5636597641550964,-0.06624096089407486,1.1636597553710715,-2.616240960894075
54.62157336200016,3.566569638141012,-0.06624130283048554,1.166569629356987,-2.616241302830485
54.71112791299993,3.569479510972181,-0.06624391764383533,1.1694795021881559,-2.616243917643835
54.7492521600002,3.5724610766840765,-0.06624792746988196,1.1724610679000516,-2.6162479274698818
54.776751398000215,3.575448235042854,-0.06625227691330023,1.1754482262588288,-2.6162522769133
54.80899998299992,3.578435392899192,-0.06625695872814717,1.1784353841151671,-2.616256958728147
54.84241689800001,3.581422550216109,-0.06626197291436317,1.181422541432084,-2.616261972914363
54.93567807599993,3.584409706956621,-0.06626731947188873,1.1844096981725962,-2.6162673194718886
54.9740961450002,3.587386783894289,-0.06627303720079983,1.187386775110264,-2.6162730372008
55.003822238999874,3.5903515402701682,-0.06627955015855952,1.1903515314861433,-2.616279550158559
55.03314867200015,3.593316294518858,-0.06628696850113847,1.193316285734833,-2.6162869685011385
55.06682046500009,3.596281046363871,-0.0662952922278469,1.1962810375798458,-2.616295292227847
55.16285400200013,3.5992457955287187,-0.06630452133790551,1.1992457867446937,-2.6163045213379053
55.187258737999855,3.6022112843920575,-0.06631464882590347,1.2022112756080325,-2.6163146488259033
55.21845711300011,3.605176770095307,-0.06632566283609279,1.2051767613112818,-2.6163256628360925
55.238186511000094,3.6081422523734457,-0.06633756336748933,1.2081422435894207,-2.6163375633674892
55.274712433999866,3.6111077309614497,-0.0663503504190295,1.2111077221774247,-2.6163503504190295
55.364623820999896,3.614080560024652,-0.06636402853634316,1.214080551240627,-2.616364028536343
55.38950753500012,3.6170778053887123,-0.0663780195770523,1.2170777966046873,-2.616378019577052
55.42293818500002,3.6200750510819955,-0.06639193991122833,1.2200750422979705,-2.616391939911228
55.44736617499984,3.623072297102832,-0.06640578953887227,1.2230722883188072,-2.616405789538872
55.47942293599999,3.6260695434495553,-0.06641956845996826,1.2260695346655304,-2.616419568459968
55.57321655499982,3.629048941824372,-0.0664333580370336,1.229048933040347,-2.6164333580370336
55.59551680499999,3.632016438205097,-0.06644785573629512,1.2320164294210718,-2.616447855736295
55.62600845199995,3.6349839303888154,-0.0664631884618272,1.2349839216047904,-2.616463188461827
55.647764052000184,3.6379514181405566,-0.06647935621241574,1.2379514093565316,-2.6164793562124156
55.674311536000005,3.6409189012253536,-0.06649635898677989,1.2409188924413286,-2.6164963589867796
55.76746211,3.643889839939293,-0.06651420452390475,1.243889831155268,-2.6165142045239045
55.79498160999992,3.6468688492979933,-0.06653271167442906,1.2468688405139683,-2.616532711674429
55.82029114099987,3.649847855250091,-0.06655175927840364,1.249847846466066,-2.6165517592784036
55.85558432700009,3.652826857697535,-0.06657134733520254,1.25282684891351,-2.6165713473352024
55.88457214400023,3.6558058565422757,-0.06659147584417931,1.2558058477582508,-2.6165914758441793
55.981674843999826,3.6587848516862667,-0.06661214480467527,1.2587848429022417,-2.6166121448046753
56.006836954999926,3.661763843031457,-0.06663335421600533,1.2617638342474322,-2.616633354216005
56.033223658000225,3.6647422382120802,-0.06665465514010809,1.2647422294280553,-2.616654655140108
56.06168438399982,3.667720571123819,-0.06667540366557924,1.267720562339794,-2.616675403665579
56.08691884100017,3.670698907866589,-0.06669559478066871,1.2706988990825638,-2.6166955947806687
56.18775393199985,3.6736772483360673,-0.06671522848466628,1.2736772395520424,-2.616715228484666
56.2089585650001,3.67665559242793,-0.06673430477688655,1.276655583643905,-2.6167343047768865
56.235513554000136,3.679651706337422,-0.06675322105225516,1.2796516975533971,-2.616753221052255
56.26196900500008,3.6826487549391422,-0.06677221752755833,1.2826487461551173,-2.6167722175275583
56.29002516699984,3.6856458030639274,-0.06679128909996775,1.2856457942799024,-2.6167912890999676
56.381625920999795,3.688642850709895,-0.0668104357694978,1.2886428419258702,-2.6168104357694975
56.41050679,3.691639978099028,-0.06682965791585956,1.291639969315003,-2.616829657915859
56.43749576300024,3.694638629625427,-0.06684890539299736,1.2946386208414022,-2.616848905392997
56.463257806,3.6976372813662763,-0.06686811943091348,1.2976372725822514,-2.6168681194309134
56.48699059599994,3.7006359333212018,-0.06688730002960548,1.3006359245371768,-2.6168873000296053
56.58621229600021,3.7036345854898323,-0.06690644718907103,1.3036345767058073,-2.616906447189071
56.61396958200021,3.7066333358667714,-0.06692556209498594,1.3066333270827464,-2.616925562094986
56.63801183299984,3.7096326415788234,-0.06694467897469086,1.3096326327947985,-2.616944678974691
56.661159278000014,3.712631947185897,-0.06696381231808171,1.3126319384018719,-2.6169638123180814
56.69335685399983,3.7156312526878974,-0.06698296212515792,1.3156312439038724,-2.616982962125158
56.78898409900012,3.7186305580847354,-0.0670021283959189,1.3186305493007104,-2.6170021283959186
56.814366831999905,3.7216238922953746,-0.0670212569079176,1.3216238835113496,-2.6170212569079174
56.837955515999965,3.724593345093898,-0.06703970431665364,1.324593336309873,-2.6170397043166536
56.86453728300012,3.727562802663398,-0.06705736705952771,1.3275627938793728,-2.6170573670595276
56.97142905800001,3.73053226479653,-0.06707424513530565,1.3305322560125052,-2.6170742451353055
56.99727171299992,3.733501731285948,-0.06709033854280941,1.3335017225019232,-2.617090338542809
57.026237133999985,3.736478760758304,-0.067105870515588,1.336478751974279,-2.6171058705155876
57.05060901700017,3.739461973873937,-0.06712174410099134,1.339461965089912,-2.617121744100991
57.078846655000234,3.7424451846545774,-0.06713805061102565,1.3424451758705525,-2.6171380506110253
57.18040288600014,3.7454283930373986,-0.06715479004534361,1.3454283842533736,-2.6171547900453436
57.207588401000066,3.7484115989595757,-0.06717196240359619,1.3484115901755507,-2.617171962403596
57.23508908900021,3.7513548462074673,-0.06718846266078644,1.3513548374234423,-2.617188462660786
57.26066868199996,3.7542959982462967,-0.0672034540013115,1.3542959894622717,-2.617203454001311
57.28801165999994,3.757237157543953,-0.06721694628102577,1.357237148759928,-2.6172169462810255
57.39689837200012,3.7601783233363872,-0.06722893949642424,1.3601783145523623,-2.617228939496424
57.43047165100006,3.7631303659273128,-0.06723952252583153,1.3631303571432878,-2.617239522525831
57.45298306699988,3.766104444354889,-0.06724933913884007,1.3661044355708638,-2.61724933913884
57.476964968000175,3.7690785249114676,-0.06725848803184567,1.3690785161274426,-2.6172584880318457
57.50657669800012,3.7720526074471366,-0.0672669692043848,1.3720525986631116,-2.6172669692043846
57.52804863900019,3.7750266918119846,-0.06727478265603083,1.3750266830279596,-2.6172747826560308
57.55191796400004,3.7780007778560996,-0.0672819283863898,1.3780007690720746,-2.6172819283863897
57.63142229999994,3.780974865429568,-0.06728840639510278,1.380974856645543,-2.6172884063951027
57.663244706000114,3.7839487950367574,-0.06729424349715896,1.3839487862527324,-2.6172942434971587
57.69297268499986,3.786922086953549,-0.06730033361195509,1.386922078169524,-2.617300333611955
57.718710872999964,3.7898953773813724,-0.06730711179373129,1.3898953685973474,-2.617307111793731
57.74493037399998,3.7928686661610027,-0.06731457804212618,1.3928686573769777,-2.617314578042126
57.824161658999856,3.795841953133208,-0.06732273235673739,1.3958419443491832,-2.617322732356737
57.85364480399994,3.798815238138761,-0.06733157473713137,1.398815229354736,-2.6173315747371313
57.88487209300001,3.801755051051639,-0.06734129374344304,1.401755042267614,-2.617341293743443
57.93349505000015,3.8046805134610806,-0.06735280263644253,1.4046805046770556,-2.6173528026364425
57.95421251200014,3.807605967828093,-0.06736620077828777,1.407605959044068,-2.6173662007782874
58.0305399519998,3.8105314129326073,-0.06738148816339118,1.4105314041485824,-2.617381488163391
58.05190205700001,3.8134568475545625,-0.06739866478537705,1.4134568387705375,-2.617398664785377
58.077363057000184,3.8164196265033503,-0.06741750678083168,1.4164196177193253,-2.6174175067808316
58.115340650000235,3.819407759785784,-0.06743634020593951,1.419407751001759,-2.6174363402059395
58.13961339100024,3.822395894979808,-0.06745486785376782,1.4223958861957828,-2.6174548678537675
58.20341076600016,3.8253840320541306,-0.06747308972411808,1.4253840232701056,-2.617473089724118
58.22921240000005,3.8283814146863557,-0.0674911807823128,1.4283814059023308,-2.6174911807823125
58.25935509200008,3.8313804285638837,-0.06750930217562788,1.4313804197798587,-2.6175093021756277
58.300970118999885,3.834379442295039,-0.06752744777671046,1.434379433511014,-2.6175274477767103
58.33056806200011,3.837378455879627,-0.06754561758555937,1.4373784470956021,-2.6175456175855594
58.40648134899993,3.840377469317454,-0.06756381160217337,1.440377460533429,-2.617563811602173
58.42646820800019,3.843369129152145,-0.06758207092474038,1.44336912036812,-2.6175820709247404
58.45409745699999,3.846359970551552,-0.06760056014374104,1.4463599617675271,-2.6176005601437407
58.491167915999995,3.849350810483238,-0.06761928527797771,1.4493508016992132,-2.6176192852779776
58.5112013060002,3.8523416489285953,-0.06763824632733173,1.4523416401445703,-2.6176382463273313
58.57584041200016,3.855332485869015,-0.06765744329168982,1.45533247708499,-2.6176574432916895
58.604324431999885,3.858323321285889,-0.06767687617093415,1.458323312501864,-2.617676876170934
58.62599596400014,3.8613106524155616,-0.06769655588937798,1.4613106436315366,-2.6176965558893777
58.67000688100006,3.864296813694052,-0.06771658059693526,1.4642968049100271,-2.617716580596935
58.689834665000035,3.867282972561251,-0.06773696171370593,1.467282963777226,-2.617736961713706
58.758365724000214,3.870269128974617,-0.06775769923940396,1.4702691201905922,-2.617757699239404
58.78323833700006,3.8732010728932305,-0.06777744075368795,1.4732010641092055,-2.6177774407536876
58.80854704600006,3.8761301748424177,-0.067795366568858,1.4761301660583928,-2.617795366568858
58.85125990999995,3.8790592872455067,-0.06781149398833859,1.4790592784614818,-2.6178114939883383
58.871204660999865,3.8819884089983265,-0.06782582300605021,1.4819884002143016,-2.61782582300605
58.937981579999814,3.884917538996703,-0.06783835361659078,1.484917530212678,-2.6178383536165906
58.96238778499992,3.8878466761364594,-0.06784908581523721,1.4878466673524344,-2.6178490858152372
58.98820301700016,3.8908398583944193,-0.06785910056804255,1.4908398496103943,-2.6178591005680425
59.0295827660002,3.8938372835851482,-0.06786906310113577,1.4938372748011233,-2.6178690631011357
59.05066205799994,3.896834708996024,-0.06787895917671874,1.4968347002119988,-2.6178789591767186
59.1222681459999,3.899825442762293,-0.06788873231942293,1.499825433978268,-2.6178887323194227
59.149730423000165,3.9028061399070455,-0.06789805202385817,1.5028061311230205,-2.617898052023858
59.17489772099998,3.905786838568081,-0.06790687345959785,1.5057868297840562,-2.6179068734595976
59.21285287599994,3.9087675386621052,-0.0679151966263985,1.5087675298780803,-2.6179151966263983
59.23437293100005,3.911748240105827,-0.06792302152402452,1.511748231321802,-2.6179230215240246
59.30617683399987,3.9147289428159513,-0.06793034815226014,1.5147289340319263,-2.61793034815226
59.33023802300022,3.917681184081325,-0.06793783820635338,1.5176811752972998,-2.617937838206353
59.35831781900015,3.9206302594664977,-0.06794661303819569,1.5206302506824727,-2.6179466130381956
59.394026836000194,3.923579330692849,-0.0679566890994512,1.5235793219088238,-2.6179566890994512
59.47400664099996,3.9265283971862335,-0.06796806638815797,1.5265283884022085,-2.617968066388158
59.49630431300011,3.9294774583725074,-0.06798074490210095,1.5294774495884824,-2.6179807449021006
59.52083996200008,3.932443495099275,-0.06799469284131027,1.53244348631525,-2.61799469284131
59.5474279959999,3.935439153318764,-0.06800892501349715,1.535439144534739,-2.618008925013497
59.578254929000195,3.9384348120675354,-0.06802304534050271,1.5384348032835105,-2.6180230453405025
59.65748326399989,3.9414304713414112,-0.0680370538222883,1.5414304625573862,-2.618037053822288
59.68360209599996,3.944373875022918,-0.06805139564619274,1.5443738662388928,-2.6180513956461926
59.706306509000115,3.9473114647145757,-0.06806728976966922,1.5473114559305507,-2.618067289769669
59.73153217300023,3.9502490453860797,-0.06808477170609058,1.5502490366020547,-2.61808477170609
59.76042583099979,3.9531866161791918,-0.06810384145034923,1.5531866073951668,-2.618103841450349
59.83584790099985,3.9561241762356776,-0.06812449899687287,1.5561241674516526,-2.6181244989968726
59.861162569000044,3.959062372639888,-0.06814674899845592,1.5590623638558632,-2.6181467489984556
59.88163445600003,3.9620128688921863,-0.06817050501109728,1.5620128601081613,-2.618170505011097
59.911971843000174,3.96496335470158,-0.06819552443420147,1.5649633459175551,-2.6181955244342014
59.94241289499996,3.9679138295270735,-0.06822180726318088,1.5679138207430485,-2.618221807263181
60.019389881999814,3.970864292827672,-0.06824935349321697,1.570864284043647,-2.618249353493217
60.04837603800024,3.9738147440623846,-0.06827816311925741,1.5738147352783596,-2.6182781631192573
60.06819043199994,3.9767640717535078,-0.06830796263071583,1.5767640629694828,-2.6183079626307157
60.097716111999944,3.9797120476317223,-0.06833681425771712,1.5797120388476973,-2.618336814257717
60.12752024800011,3.982660036185108,-0.06836434031878048,1.582660027401083,-2.6183643403187804
60.20577695500015,3.9856080368176183,-0.06839054080833909,1.5856080280335934,-2.6183905408083388
60.23966635299985,3.9885664029545875,-0.06841561565383229,1.5885663941705626,-2.618415615653832
60.26127892400018,3.9915266049219107,-0.0684396842414664,1.5915265961378857,-2.618439684241466
60.28642192699999,3.9944868149952484,-0.06846273431645707,1.5944868062112234,-2.618462734316457
60.32027707499992,3.9974470328241636,-0.06848476587607306,1.5974470240401386,-2.618484765876073
60.40327563500023,4.0004072580582175,-0.06850577891770776,1.6004072492741925,-2.6185057789177075
60.4357703579999,4.0033250342735265,-0.06852645110415842,1.6033250254895015,-2.618526451104158
60.46066328699999,4.006228643348352,-0.06854934231601677,1.6062286345643266,-2.6185493423160167
60.48454409399983,4.009132232306767,-0.06857465688706482,1.6091322235227419,-2.6185746568870645
60.51581426299981,4.01203579912624,-0.06860239479967126,1.612035790342215,-2.6186023947996713
60.58825075000004,4.014939341784244,-0.06863255603451497,1.6149393330002186,-2.6186325560345147
60.61863665200008,4.0178648982130145,-0.06866521687048525,1.6178648894289895,-2.618665216870485
60.6428235960002,4.020848672063013,-0.06869872311043525,1.6208486632789882,-2.6186987231104353
60.662485666000066,4.023832450541431,-0.06873181461680018,1.6238324417574064,-2.6187318146168
60.70161791999999,4.026816233590624,-0.06876449138893355,1.6268162248065994,-2.618764491388933
60.786618250000174,4.02980002115294,-0.06879675342620797,1.6298000123689147,-2.6187967534262078
60.81721776899985,4.032772721956496,-0.06882844038841775,1.632772713172471,-2.6188284403884174
60.84067752100009,4.0357195539609325,-0.06885872803809975,1.6357195451769075,-2.6188587280380995
60.86171749699997,4.038666399569714,-0.06888766179169534,1.6386663907856893,-2.618887661791695
60.89722097899994,4.041613258160808,-0.06891524164309781,1.6416132493767832,-2.618915241643098
60.969186762999925,4.0445601291121696,-0.06894146758648498,1.6445601203281446,-2.6189414675864846
60.99864777799985,4.047507011801764,-0.0689663396163211,1.6475070030177394,-2.6189663396163207
61.02216168099994,4.050457588716562,-0.068990271307691,1.6504575799325374,-2.6189902713076907
61.041413294999984,4.053411173906578,-0.0690151554603275,1.6534111651225527,-2.6190151554603274
61.07712427300021,4.056364748871367,-0.0690412250413358,1.656364740087342,-2.6190412250413355
61.154875059999995,4.059318313135164,-0.06906848004651749,1.6593183043511393,-2.619068480046517
61.183900232999804,4.062284222815819,-0.06909631410154196,1.6622842140317942,-2.619096314101542
61.209312327000134,4.065252319207667,-0.06912337387042325,1.6652523104236416,-2.619123373870423
61.229572964,4.068220422939971,-0.06914961613893601,1.6682204141559462,-2.619149616138936
61.26063468600023,4.071188533787572,-0.06917504090508833,1.6711885250035468,-2.619175040905088
61.3466029010001,4.074156651525304,-0.06919964816695157,1.6741566427412793,-2.6191996481669513
61.376858229999925,4.077132117098228,-0.06922355802619358,1.6771321083142028,-2.6192235580261936
61.40142355199987,4.080111540213934,-0.06924695310303834,1.6801115314299087,-2.6192469531030382
61.42045394000024,4.083090967436174,-0.06926981922189135,1.6830909586521492,-2.6192698192218913
61.45431848599992,4.0860703986710405,-0.0692921563820274,1.6860703898870155,-2.619292156382027
61.53865740399988,4.089049833824623,-0.0693139645827449,1.6890498250405979,-2.619313964582745
61.55810907200021,4.092029272803012,-0.06933524382335772,1.6920292640189873,-2.6193352438233575
61.58514882999998,4.094968378136851,-0.06935522557603625,1.6949683693528264,-2.619355225576036
61.604812623999806,4.097905370724605,-0.06937359139257869,1.6979053619405797,-2.6193735913925784
61.63692043999981,4.1008423728950385,-0.06939035488240362,1.7008423641110135,-2.6193903548824036
61.71626024699981,4.103784432149889,-0.06940559179388497,1.7037844233658643,-2.619405591793885
61.740674923999904,4.106748433127093,-0.06942105375923069,1.706748424343068,-2.6194210537592304
61.76973626500012,4.1097124291417675,-0.06943743943073065,1.7097124203577425,-2.6194374394307305
61.79054519600004,4.112676419906049,-0.06945474880679295,1.712676411122024,-2.6194547488067927
61.81617210700006,4.11564040513207,-0.06947298188573903,1.715640396348045,-2.619472981885739
61.91360909700006,4.1186053845161235,-0.06949214436781638,1.7186053757320985,-2.619492144367816
61.938659586000085,4.12159748149388,-0.06951201428290611,1.7215974727098549,-2.619512014282906
61.97004448200005,4.124589577115149,-0.06953208742437089,1.7245895683311239,-2.619532087424371
61.99003483300021,4.127581671366128,-0.06955236379212126,1.7275816625821032,-2.619552363792121
62.013621149999835,4.130573764233016,-0.06957284338606542,1.7305737554489906,-2.619572843386065
62.102606884000124,4.133565855702003,-0.06959352620610258,1.7335658469179784,-2.6195935262061023
62.123576555,4.136539138671527,-0.06961398606346118,1.7365391298875017,-2.619613986063461
62.14775777500017,4.139506157415778,-0.06963358864426673,1.7395061486317531,-2.6196335886442665
62.17384092300017,4.142473181631448,-0.06965234480428922,1.7424731728474234,-2.619652344804289
62.199303934,4.145440211077074,-0.06967025454200443,1.7454402022930489,-2.619670254542004
62.28947951000009,4.148407245511188,-0.06968731785595299,1.748407236727163,-2.619687317855953
62.3143670999998,4.151379766172129,-0.06970361953196696,1.7513797573881038,-2.619703619531967
62.34311427800003,4.154365077217567,-0.0697200690614743,1.754365068433542,-2.619720069061474
62.36267197699999,4.157350386151331,-0.0697368974611135,1.7573503773673056,-2.6197368974611135
62.38747460800005,4.160335692925331,-0.06975410473061223,1.7603356841413063,-2.619754104730612
62.47601801000019,4.163330414305867,-0.06977166698564373,1.7633304055218422,-2.6197716669856437
62.4971346010002,4.166330205868863,-0.06978928604306756,1.7663301970848377,-2.6197892860430674
62.52597560799995,4.169329997407929,-0.06980690917428681,1.769329988623904,-2.6198069091742866
62.54591763999997,4.172329788923061,-0.06982453637930143,1.7723297801390356,-2.6198245363793013
62.5680476980001,4.175329580414251,-0.06984216765811142,1.7753295716302264,-2.619842167658111
62.66189571999985,4.178328982510267,-0.06985980148003906,1.7783289737262424,-2.6198598014800387
62.68455135000022,4.181326177917002,-0.06987746947110107,1.7813261691329774,-2.619877469471101
62.71959967900011,4.184323372901409,-0.06989520896073777,1.7843233641173843,-2.6198952089607377
62.74017200800017,4.187320567461787,-0.06991301994893523,1.7873205586777616,-2.619913019948935
62.76776656099992,4.190317761596427,-0.06993090243569111,1.7903177528124021,-2.6199309024356907
62.86121100899982,4.193310800520807,-0.06994882546135314,1.7933107917367823,-2.619948825461353
62.88051467300011,4.196266449855845,-0.06996587787952457,1.7962664410718197,-2.6199658778795243
62.9091354520001,4.199222105520234,-0.06998179548687378,1.7992220967362091,-2.619981795486874
62.93566310899996,4.202177767078271,-0.0699965782810542,1.802177758294246,-2.619996578281054
62.956114484999944,4.205133434094249,-0.0700102262598872,1.8051334253102236,-2.620010226259887
63.055144431999906,4.208089106132459,-0.07002273942135938,1.8080890973484336,-2.6200227394213593
63.08006192599987,4.2110712429108155,-0.07003467165233429,1.8110712341267905,-2.620034671652334
63.104737097,4.214060866028288,-0.07004687373062767,1.8140608572442631,-2.6200468737306273
63.13070194800002,4.217050488038993,-0.07005934402937976,1.8170504792549678,-2.6200593440293796
63.222162542000206,4.220040108918864,-0.07007208254848746,1.8200401001348392,-2.620072082548487
63.250110534000214,4.223029728643839,-0.07008508928784848,1.823029719859814,-2.6200850892878482
63.276058828999794,4.225998449989902,-0.07009788639481059,1.825998441205877,-2.6200978863948103
63.29555918899996,4.228961950407288,-0.07010974771117762,1.828961941623263,-2.6201097477111777
63.32346186699988,4.231925454426241,-0.070120672193696,1.831925445642216,-2.620120672193696
63.414599870000075,4.234888961750604,-0.07013065984127581,1.8348889529665793,-2.6201306598412755
63.443077123999956,4.237852472084224,-0.07013971065291809,1.8378524633001994,-2.620139710652918
63.46226694000006,4.240817311028155,-0.07014783064154242,1.84081730224413,-2.6201478306415424
63.486321493000105,4.2437896654981015,-0.07015517719522585,1.8437896567140766,-2.6201551771952256
63.51585274099989,4.246762021642405,-0.07016181182270267,1.8467620128583797,-2.6201618118227024
63.615356165999856,4.24973437929055,-0.07016773452359545,1.8497343705065252,-2.620167734523595
63.651939001999835,4.252706738272015,-0.07017294529756099,1.85270672948799,-2.620172945297561
63.67237025099985,4.255683722254043,-0.07017771365123442,1.8556837134700177,-2.620177713651234
63.70287838200011,4.258663195447894,-0.07018293972640666,1.8586631866638688,-2.6201829397264067
63.72864687399988,4.261642667665114,-0.07018869572830386,1.8616426588810886,-2.6201886957283036
63.749055751000014,4.26462213881145,-0.0701949816567418,1.8646221300274246,-2.620194981656742
63.77857658999983,4.2676016087926465,-0.07020179751152329,1.8676016000086215,-2.6202017975115233
63.857747978000134,4.270581077514456,-0.07020914329243277,1.8705810687304312,-2.6202091432924326
63.882501693999984,4.2735786336744415,-0.07021680885605416,1.8735786248904165,-2.620216808856054
63.913624164999874,4.276577141937228,-0.07022443905690016,1.8765771331532028,-2.6202244390569
63.93296003600017,4.2795756502977715,-0.07023203074415044,1.8795756415137466,-2.6202320307441505
63.96386653899981,4.282574158755575,-0.07023958391780372,1.8825741499715503,-2.6202395839178036
64.03362939099998,4.285572667310146,-0.07024709857785878,1.885572658526121,-2.6202470985778588
64.05712713000003,4.288571175960991,-0.07025457472431439,1.8885711671769658,-2.620254574724314
64.08362758400017,4.29153601745598,-0.07026237386823037,1.8915360086719546,-2.62026237386823
64.13210661999983,4.2944990844085345,-0.07027111547996959,1.8944990756245095,-2.6202711154799694
64.15661703100022,4.297462148412314,-0.07028080519725204,1.897462139628289,-2.6202808051972517
64.23281561800013,4.300425209163943,-0.07029144301908788,1.9004252003799178,-2.6202914430190876
64.2538548890002,4.3033882663600584,-0.07030302894438621,1.9033882575760335,-2.620303028944386
64.28588510200007,4.3063325865595425,-0.07031477524882317,1.9063325777755176,-2.620314775248823
64.32780045800018,4.3092706669888186,-0.07032499829429197,1.9092706582047936,-2.6203249982942918
64.35384065400012,4.312208752479763,-0.07033364511159072,1.912208743695738,-2.6203336451115904
64.41060442600019,4.315146842186755,-0.07034071569822938,1.9151468334027304,-2.6203407156982292
64.44023199699996,4.318085764664599,-0.07034622054876331,1.9180857558805742,-2.6203462205487633
64.46637415399982,4.321024836007507,-0.07035017352416109,1.9210248272234822,-2.620350173524161
64.51332031899983,4.323963909027963,-0.07035257459585595,1.9239639002439382,-2.620352574595856
64.53312814399987,4.326902982906524,-0.07035342376317737,1.9269029741224988,-2.620353423763177
64.60024699899986,4.329842056823743,-0.07035272102588926,1.9298420480397183,-2.6203527210258892
64.62594371800014,4.3328134883435325,-0.07035071228155577,1.9328134795595076,-2.6203507122815557
64.65100949599992,4.335811277908257,-0.0703485077390499,1.935811269124232,-2.62034850773905
64.69752985700006,4.338809067430216,-0.07034624578863395,1.9388090586461915,-2.620346245788634
64.71926177000023,4.341806856908306,-0.07034392643030875,1.9418068481242812,-2.6203439264303086
64.79085223899983,4.344804646341432,-0.0703415496640752,1.9448046375574068,-2.620341549664075
64.81485189700015,4.347802035673949,-0.070339114779152,1.9478020268899239,-2.620339114779152
64.83743207199996,4.35079782471486,-0.07033658850581544,1.950797815930835,-2.620336588505815
64.88257125200016,4.353793613661604,-0.0703339529288748,1.9537936048775788,-2.6203339529288745
64.90235642700009,4.356789402510193,-0.07033120804833919,1.9567893937261682,-2.620331208048339
64.97225991699997,4.359776200377114,-0.07032831619204764,1.9597761915930891,-2.6203283161920474
64.99459679600022,4.362749511366274,-0.07032485365418008,1.9627495025822488,-2.62032485365418
65.02030561799984,4.3657228214750665,-0.07032070342754752,1.9657228126910415,-2.6203207034275473
65.06052532700005,4.368696130544437,-0.07031586551237404,1.9686961217604124,-2.620315865512374
65.08283093,4.371669438415333,-0.07031033990891658,1.9716694296313082,-2.6203103399089165
65.15219648999982,4.3746427449287015,-0.07030412661747196,1.9746427361446766,-2.6203041266174716
65.17726457900017,4.377596425323737,-0.07029772227306283,1.9775964165397117,-2.6202977222730626
65.20459595700004,4.380539540631792,-0.07029266194961457,1.9805395318477674,-2.6202926619496143
65.23872127899995,4.383482658076792,-0.07028905247279865,1.983482649292767,-2.6202890524727986
65.25943958700009,4.386425776943522,-0.07028689384349253,1.986425768159497,-2.6202868938434922
65.35115005699981,4.389368896516768,-0.07028618606222117,1.9893688877327427,-2.620286186062221
65.37140001499984,4.3923005549160825,-0.07028631905642793,1.9923005461320575,-2.6202863190564276
65.40423531499982,4.395224572039165,-0.0702847950991563,1.9952245632551402,-2.620284795099156
65.4452743820002,4.39814858752472,-0.07028134563507203,1.9981485787406954,-2.620281345635072
65.46654780800009,4.401072600104769,-0.07027597066566857,2.0010725913207437,-2.620275970665668
65.54693751400009,4.403996608511335,-0.07026867019327701,2.00399659972731,-2.6202686701932767
65.57092155999999,4.406935694161933,-0.07025962306243463,2.006935685377908,-2.6202596230624344
65.59168121999983,4.409899972292013,-0.07025090045727857,2.0098999635079884,-2.6202509004572785
65.62528647999989,4.412864252979599,-0.07024309523202486,2.012864244195574,-2.620243095232025
65.69258757699981,4.415828535940779,-0.07023620738742122,2.015828527156754,-2.6202362073874212
65.72012673000017,4.418795430496862,-0.07023021630671257,2.0187954217128374,-2.6202302163067124
65.73961588500015,4.421777113049821,-0.07022422619684215,2.0217771042657957,-2.620224226196842
65.76360137199981,4.424758794614607,-0.07021776289690915,2.0247587858305818,-2.620217762896909
65.80118247300015,4.4277404751161225,-0.07021082640707918,2.0277404663320975,-2.620210826407079
65.86871723200011,4.43072215447928,-0.07020341672752287,2.0307221456952553,-2.6202034167275228
65.89682361799987,4.43370383262898,-0.07019553385843044,2.0337038238449554,-2.62019553385843
65.91815408799994,4.436684566527262,-0.07018717500501126,2.036684557743237,-2.620187175005011
65.94312187600008,4.439664146433835,-0.07017830055716144,2.0396641376498104,-2.620178300557161
65.98308951299987,4.442643724724278,-0.07016889914222686,2.0426437159402533,-2.6201688991422265
66.05049034800004,4.445623301305392,-0.07015897076050272,2.0456232925213667,-2.6201589707605026
66.07858217600005,4.448600805173543,-0.070148728273164,2.048600796389518,-2.620148728273164
66.10149808000006,4.451576929709763,-0.07013901462985822,2.0515769209257377,-2.620139014629858
66.1230643089998,4.454553056190971,-0.07012991639948184,2.0545530474069458,-2.6201299163994816
66.16212715099982,4.457529184489914,-0.07012143358242101,2.057529175705889,-2.6201214335824208
66.23673958400013,4.460505314479331,-0.07011356617903886,2.060505305695306,-2.6201135661790387
66.26764242299987,4.46348399171256,-0.0701063032575639,2.063483982928535,-2.6201063032575638
66.28872743400007,4.466477095340424,-0.07009934268154572,2.066477086556399,-2.6200993426815455
66.31366301400021,4.469470199378487,-0.07009256078906276,2.0694701905944624,-2.6200925607890624
66.35191511499988,4.472463303816089,-0.07008595758015033,2.072463295032064,-2.6200859575801503
66.42151318100014,4.475456408642557,-0.07007953305482417,2.0754563998585316,-2.620079533054824
66.45074007199992,4.478449513847224,-0.07007328721311244,2.078449505063199,-2.620073287213112
66.472784564,4.481433664362341,-0.07006731908532608,2.081433655578316,-2.620067319085326
66.4963124269998,4.484413977872377,-0.07006185230784144,2.084413969088352,-2.6200618523078414
66.53377311800023,4.4873942922715395,-0.07005689389074075,2.0873942834875145,-2.6200568938907405
66.60381281399987,4.490374607473117,-0.07005244383416749,2.0903745986890923,-2.6200524438341675
66.632796719,4.49334998940653,-0.07004855945171104,2.0933499806225053,-2.620048559451711
66.65291828399995,4.496324138619426,-0.07004533988902074,2.0963241298354007,-2.6200453398890207
66.67599235499983,4.499298288478953,-0.07004278661017718,2.099298279694928,-2.620042786610177
66.71303214099999,4.502272438835846,-0.07004089961530859,2.1022724300518214,-2.6200408996153084
66.78871556700005,4.505246589540841,-0.0700396789045122,2.1052465807568157,-2.620039678904512
66.81762932299989,4.508228917527849,-0.07003908092773257,2.108228908743824,-2.6200390809277323
66.84175335999998,4.511223574434581,-0.07003871457141861,2.111223565650556,-2.6200387145714186
66.86210154799983,4.514218231355067,-0.07003848688752022,2.114218222571042,-2.62003848688752
66.8992783980002,4.517212888282886,-0.07003839787603741,2.117212879498861,-2.620038397876037
66.98033166200003,4.520207545211618,-0.07003844753697017,2.120207536427593,-2.62003844753697
67.00878515700015,4.5232022021348355,-0.07003863587031853,2.1232021933508105,-2.6200386358703183
67.03355535599985,4.526174108742493,-0.0700385297884212,2.1261740999584684,-2.6200385297884212
67.05849321100004,4.529146015236228,-0.07003770011864038,2.129146006452203,-2.6200377001186403
67.0877684699999,4.532117921439868,-0.07003614686102382,2.132117912655843,-2.6200361468610236
67.16737499999999,4.535089827177242,-0.07003387001566508,2.1350898183932174,-2.620033870015665
67.19526545100007,4.538061732272169,-0.07003086958269818,2.138061723488144,-2.620030869582698
67.21799400999998,4.541034137316264,-0.07002720811618891,2.141034128532239,-2.6200272081161886
67.24466626999993,4.544007711019237,-0.07002388199228127,2.144007702235212,-2.620023881992281
67.27309309400016,4.546981285405952,-0.07002123685170811,2.146981276621927,-2.620021236851708
67.35129745799986,4.549954860320461,-0.07001927269461211,2.1499548515364357,-2.620019272694612
67.38028339399989,4.552891084100584,-0.07001838377341227,2.152891075316559,-2.620018383773412
67.40553441200018,4.5558179699534005,-0.07001933068385711,2.1558179611693755,-2.620019330683857
67.42534222099994,4.558744854618605,-0.07002213222747318,2.15874484583458,-2.620022132227473
67.45723447299997,4.561671736921001,-0.07002678840313543,2.161671728136976,-2.6200267884031354
67.54260328500004,4.564598615685394,-0.07003329920897407,2.1645986069013694,-2.620033299208974
67.57120824100002,4.567537935607346,-0.07004161349906673,2.167537926823321,-2.6200416134990667
67.59602582900015,4.570487697056679,-0.07005129902078824,2.170487688272654,-2.6200512990207883
67.61903661499991,4.573437454010844,-0.07006226846286381,2.1734374452268193,-2.620062268462864
67.64484699700006,4.576387205911,-0.07007452182321525,2.176387197126975,-2.620074521823215
67.72716297399984,4.5793369521983,-0.07008805909952057,2.1793369434142753,-2.6200880590995204
67.74659359399993,4.582286692313909,-0.07010288028921656,2.182286683529884,-2.6201028802892163
67.7668775950001,4.585248625714071,-0.0701189945910463,2.185248616930046,-2.620118994591046
67.78821816400023,4.588235688832656,-0.07013578217844318,2.188235680048631,-2.6201357821784432
67.81768431299997,4.591222750057252,-0.07015290345290713,2.191222741273227,-2.6201529034529067
67.89721528500013,4.594209809350577,-0.07017035841422889,2.194209800566552,-2.620170358414229
67.9199041070001,4.597170770127689,-0.07018767293726978,2.197170761343664,-2.6201876729372695
67.95032648200004,4.600114339237182,-0.07020358731035885,2.200114330453157,-2.6202035873103586
67.97400318400014,4.603057915772449,-0.07021806317520965,2.2030579069884237,-2.6202180631752094
67.99816094300013,4.606001499030496,-0.07023110052836458,2.206001490246471,-2.6202311005283643
68.08786127099984,4.608945088308331,-0.07024269936670999,2.2089450795243057,-2.6202426993667096
68.10831430799999,4.6118886829029595,-0.07025285968747527,2.2118886741189345,-2.6202528596874752
68.13955057300018,4.6148653686577585,-0.0702625775029,2.2148653598737336,-2.6202625775029
68.15914115099986,4.617844618107969,-0.0702728363467316,2.217844609323944,-2.6202728363467314
68.18475898899987,4.620823865666726,-0.0702836305167903,2.2208238568827015,-2.62028363051679
68.28249110200022,4.6238031112378355,-0.07029496001272793,2.2238031024538105,-2.620294960012728
68.30470235600023,4.626782354725109,-0.07030682483417809,2.2267823459410843,-2.620306824834178
68.32961072499984,4.629773045472595,-0.0703190816469827,2.2297730366885697,-2.6203190816469824
68.35021292700003,4.632767552928974,-0.07033123343080543,2.232767544144949,-2.620331233430805
68.37387462700008,4.635762060957845,-0.07034324330982476,2.2357620521738197,-2.6203432433098244
68.46571856299988,4.63875188616396,-0.07035510020166189,2.238751877379935,-2.6203551002016616
68.48729064300005,4.641699558094269,-0.07036752836610516,2.2416995493102436,-2.620367528366105
68.52190472500024,4.6446472240882795,-0.07038129265777152,2.2446472153042545,-2.6203812926577714
68.53887938700018,4.6475948835403535,-0.07039639307383447,2.2475948747563286,-2.6203963930738343
68.56434652899998,4.650542535844853,-0.0704128296111915,2.2505425270608277,-2.6204128296111913
68.6510858910001,4.653490180396133,-0.07043060226646528,2.2534901716121083,-2.620430602266465
68.67280994200019,4.656470178622813,-0.07044956910857626,2.256470169838788,-2.620449569108576
68.69736474499996,4.659466750282427,-0.07046861848485889,2.2594667414984024,-2.6204686184848587
68.72200923399987,4.6624633224967695,-0.0704875803986128,2.2624633137127446,-2.6204875803986125
68.74766316700016,4.665459895263286,-0.07050645484980993,2.265459886479261,-2.6205064548498096
68.83884505000015,4.668456468579424,-0.07052524183845219,2.268456459795399,-2.620525241838452
68.8598813919998,4.671451595953098,-0.07054393142790072,2.271451587169073,-2.6205439314279007
68.88402660600013,4.674419242955663,-0.07056195456038628,2.274419234171638,-2.620561954560386
68.90976993100003,4.677386894886964,-0.07057914699363395,2.277386886102939,-2.620579146993634
68.93181126499985,4.680354551514478,-0.07059550872629423,2.280354542730453,-2.620595508726294
69.021216912,4.683317650476599,-0.07061099585154776,2.2833176416925745,-2.6206109958515476
69.04392670400011,4.686272282215803,-0.07062534789081791,2.2862722734317784,-2.620625347890818
69.06989526999996,4.689226919365729,-0.07063853908571448,2.289226910581704,-2.6206385390857143
69.094484663,4.692181561470294,-0.07065056943420019,2.292181552686269,-2.6206505694342
69.11416720699981,4.695136208073411,-0.07066143893441983,2.2951361992893857,-2.6206614389344196
69.20087578999983,4.698090858718997,-0.07067114758469441,2.298090849934972,-2.6206711475846944
69.22205811599997,4.701052169322267,-0.07067975679227338,2.301052160538242,-2.6206797567922733
69.24595875000023,4.704020138809234,-0.07068751946543836,2.3040201300252092,-2.620687519465438
69.26931246699996,4.706988110336132,-0.07069445849794448,2.306988101552107,-2.6206944584979444
69.36660844800008,4.709956083674396,-0.07070057388925385,2.3099560748903714,-2.6207005738892537
69.38776964299996,4.7129240585954575,-0.07070586563889884,2.3129240498114325,-2.620705865638899
69.41357414799995,4.715890713668685,-0.07071032851322391,2.31589070488466,-2.6207103285132236
69.43547896400014,4.718852085173508,-0.07071384618480353,2.3188520763894833,-2.6207138461848034
69.45961648999992,4.721813457689982,-0.07071637250136391,2.321813448905957,-2.620716372501364
69.55526364600018,4.724774830886235,-0.07071790746262308,2.3247748221022104,-2.620717907462623
69.57848086700005,4.727741893101953,-0.07071851046296608,2.3277418843179283,-2.6207185104629658
69.59713895799996,4.730710377541576,-0.0707182994598693,2.330710368757551,-2.620718299459869
69.6233803770001,4.7336788618128365,-0.07071727766064963,2.3336788530288115,-2.6207172776606495
69.65208976900021,4.73664734569428,-0.07071544506538185,2.336647336910255,-2.6207154450653816
69.7401618949998,4.739615828964449,-0.07071280167420478,2.339615820180424,-2.6207128016742045
69.76763821800023,4.742588420321533,-0.0707093515594156,2.3425884115375077,-2.6207093515594155
69.79366670799982,4.745587991520213,-0.07070558165181522,2.345587982736188,-2.620705581651815
69.82079158900024,4.748587562732802,-0.0707018228298693,2.3485875539487773,-2.620701822829869
69.84352965200014,4.751587133959266,-0.07069807509357799,2.3515871251752407,-2.620698075093578
69.8687754550001,4.754586705199559,-0.0706943384429413,2.354586696415534,-2.620694338442941
69.89264722400003,4.75758627645364,-0.07069061287795923,2.3575862676696153,-2.6206906128779592
69.97304862300007,4.760585847721469,-0.07068689839863196,2.360585838937444,-2.620686898398632
69.99753033200022,4.7635854190030065,-0.07068319500495943,2.3635854102189815,-2.6206831950049594
70.02127581900004,4.766569320035599,-0.07067961256492426,2.3665693112515744,-2.620679612564924
70.05098021399999,4.769534069209851,-0.07067682410209153,2.3695340604258264,-2.6206768241020915
70.07868194999992,4.772498819097622,-0.07067494135747596,2.3724988103135973,-2.6206749413574757
70.15480359000003,4.775463569422215,-0.07067396433125106,2.3754635606381904,-2.620673964331251
70.17460624500018,4.778446113988272,-0.0706734946203617,2.378446105204247,-2.6206734946203616
70.19991959700019,4.781433256524923,-0.07067271629002547,2.381433247740898,-2.6206727162900254
70.25412654599995,4.784420398956298,-0.07067160510104006,2.384420390172273,-2.6206716051010397
70.27360736999981,4.787407541245309,-0.07067016105341441,2.387407532461284,-2.620670161053414
70.33969593399979,4.790394683354867,-0.0706683841471722,2.390394674570842,-2.620668384147172
70.36730360799993,4.793377381596342,-0.07066630235264772,2.3933773728123167,-2.6206663023526477
70.39050792699982,4.796342305459471,-0.07066474007940517,2.396342296675446,-2.620664740079405
70.43760813500012,4.799307229660516,-0.07066407911200288,2.399307220876491,-2.620664079112003
70.45760763299995,4.802272153925497,-0.07066431945050221,2.4022721451414717,-2.620664319450502
70.52945653799998,4.805237077980423,-0.07066546109488148,2.405237069196398,-2.620665461094881
70.5556827370001,4.808202001551308,-0.07066750404503355,2.408201992767283,-2.6206675040450333
70.58643328700009,4.811191282229217,-0.07067008919225988,2.411191273445192,-2.62067008919226
70.64485271400008,4.814185402400973,-0.07067253793562085,2.414185393616948,-2.620672537935621
70.66890808500011,4.817179522693608,-0.07067483412906349,2.417179513909583,-2.6206748341290633
70.74344700500023,4.820173643099347,-0.07067697777258128,2.4201736343153217,-2.620676977772581
70.76721188200008,4.823151517337073,-0.07067887513908808,2.423151508553048,-2.6206788751390877
70.79162078499985,4.826105022543473,-0.07067975306220252,2.426105013759448,-2.6206797530622024
70.83768571000019,4.829058527863853,-0.07067944085979917,2.429058519079828,-2.620679440859799
70.85735678699984,4.832012032818648,-0.07067793853192894,2.432012024034623,-2.6206779385319288
70.92662211700008,4.834990134832534,-0.0706755819104862,2.434990126048509,-2.620675581910486
70.95471965800016,4.837979943388101,-0.0706734141813642,2.437979934604076,-2.620673414181364
70.97865352600002,4.840969752123457,-0.07067151050925198,2.440969743339432,-2.620671510509252
71.02485735099981,4.843959561015283,-0.070669870894157,2.443959552231258,-2.6206698708941567
71.04634390399997,4.846949370040258,-0.07066849533610177,2.4469493612562334,-2.6206684953361017
71.11896814400006,4.849940220142662,-0.07066736373826714,2.4499402113586366,-2.620667363738267
71.1464575670002,4.852933499159642,-0.07066616434170633,2.452933490375617,-2.620666164341706
71.16964258200005,4.855926778101685,-0.07066479059732458,2.4559267693176596,-2.6206647905973246
71.21451498499982,4.8589200569586355,-0.07066324250512208,2.4589200481746105,-2.6206632425051217
71.23912018300007,4.861913335720338,-0.07066152006511031,2.461913326936313,-2.62066152006511
71.31228624000005,4.864898852371732,-0.07065964708403731,2.4648988435877066,-2.6206596470840373
71.33737582000003,4.867840384653579,-0.07065869196431303,2.4678403758695544,-2.6206586919643127
71.36162440099997,4.8707819170417626,-0.07065922737378821,2.4707819082577376,-2.620659227373788
71.40425081000012,4.873723448781004,-0.07066125331232692,2.4737234399969794,-2.620661253312327
71.42616589199997,4.876664979116026,-0.07066476977940782,2.4766649703320014,-2.6206647697794074
71.5032901300001,4.879606507291549,-0.07066977677412854,2.479606498507524,-2.6206697767741285
71.53003676900016,4.882557925108859,-0.07067619534841527,2.482557916324834,-2.6206761953484152
71.5520599309998,4.885511813190969,-0.07068380544638676,2.485511804406944,-2.6206838054463866
71.59543945199994,4.888465697996673,-0.07069259577411169,2.488465689212648,-2.6206925957741114
71.6170359329999,4.89141957905441,-0.07070256633018723,2.4914195702703847,-2.620702566330187
71.7012538529998,4.894373455892615,-0.07071371711302116,2.49437344710859,-2.620713717113021
71.7268369530002,4.897361549308706,-0.07072582168852179,2.497361540524681,-2.6207258216885214
71.74955844399983,4.900360022401484,-0.07073803020901451,2.5003600136174593,-2.620738030209014
71.79199786200024,4.903358495335079,-0.07075027776301562,2.5033584865510536,-2.6207502777630154
71.87147491899987,4.906356968108984,-0.07076256435052307,2.506356959324959,-2.620762564350523
71.90320896499998,4.90935544072269,-0.07077488997153479,2.509355431938665,-2.6207748899715346
71.92432186199994,4.912331562600524,-0.07078690750255738,2.5123315538164994,-2.6207869075025574
71.95124611400024,4.915302099477992,-0.07079815998426725,2.5153020906939667,-2.620798159984267
71.99323164399993,4.918272639129962,-0.07080865449664085,2.5182726303459373,-2.6208086544966407
72.06843965000007,4.921243181363035,-0.07081839103899305,2.5212431725790103,-2.620818391038993
72.09569025700011,4.924213725983805,-0.07082736961069054,2.5242137171997796,-2.6208273696106903
72.1171858560001,4.927192618466634,-0.07083571852288895,2.527192609682609,-2.6208357185228888
72.14201547099992,4.930181711210123,-0.07084422044554253,2.530181702426098,-2.620844220445542
72.18383595100022,4.933170803137496,-0.07085300461251803,2.5331707943534707,-2.620853004612518
72.25502445199982,4.9361598942221,-0.07086207102373657,2.536159885438075,-2.6208620710237365
72.28477848400007,4.939144945787625,-0.07087144878751371,2.5391449370036,-2.6208714487875135
72.3047331570001,4.942128986408179,-0.07088123314226538,2.5421289776241545,-2.6208812331422653
72.33016611099993,4.945113025648291,-0.07089142981846787,2.5451130168642657,-2.620891429818468
72.36961965799992,4.948097063450984,-0.07090203881592226,2.548097054666959,-2.620902038815922
72.44157495399986,4.9510810997592865,-0.07091306013442986,2.5510810909752615,-2.6209130601344297
72.46957557999986,4.954053057616937,-0.0709245009832503,2.554053048832912,-2.62092450098325
72.49119417600014,4.957002582863924,-0.07093695969921374,2.5570025740798994,-2.6209369596992134
72.51566797199985,4.9599521023818,-0.07095070800423554,2.5599520935977753,-2.6209507080042354
72.5542580880001,4.962901615606731,-0.07096574589568737,2.5629016068227064,-2.620965745895687
72.63336193900022,4.965851121974887,-0.07098207337069332,2.565851113190862,-2.620982073370693
72.66155971399985,4.9688006209224325,-0.0709996904261345,2.5688006121384075,-2.6209996904261343
72.68384322700012,4.971776552662423,-0.071018024993991,2.5717765438783977,-2.6210180249939907
72.70937953400016,4.974755976316056,-0.07103586047357167,2.5747559675320306,-2.6210358604735715
72.7435802609998,4.97773540309488,-0.07105316601575604,2.577735394310855,-2.6210531660157557
72.8137757479999,4.9807148329046385,-0.07106994161999171,2.5807148241206135,-2.6210699416199916
72.8395808780001,4.983694265651072,-0.07108618728575242,2.5836942568670467,-2.6210861872857523
72.87130993099981,4.9866640620630776,-0.07110181583381074,2.5866640532790526,-2.6211018158338106
72.88828744900002,4.989611372406048,-0.07111618125238996,2.5896113636220233,-2.6211161812523898
72.92550277100008,4.992558688997653,-0.07112920169373518,2.5925586802136285,-2.621129201693735
73.0049243630001,4.995506011224123,-0.07114087715513327,2.5955060024400978,-2.621140877155133
73.03163515999995,4.996242842589493,-0.07114358586707553,2.596242833805468,-2.6211435858670753
73.05549722000023,4.996242842589509,-0.0711435858670753,2.596242833805484,-2.6211435858670753
73.07187469200016,4.996242842589523,-0.07114358586707482,2.596242833805498,-2.621143585867075
73.10519210199982,4.996242842589534,-0.0711435858670743,2.596242833805509,-2.621143585867074
73.184449717,4.996242842589548,-0.07114358586707334,2.596242833805523,-2.621143585867073
73.20614944499994,4.99624284258956,-0.07114358586707241,2.5962428338055354,-2.621143585867072
73.2352737010001,4.996242842589576,-0.07114358586707092,2.5962428338055514,-2.621143585867071
73.25921645800008,4.996242842589582,-0.07114358586707,2.5962428338055568,-2.62114358586707
73.28588900600016,4.996242842589586,-0.07114358586706905,2.596242833805561,-2.621143585867069
73.37290399499989,4.9962428425895915,-0.07114358586706794,2.5962428338055665,-2.6211435858670677
73.39257301499993,4.996242842589595,-0.07114358586706677,2.59624283380557,-2.6211435858670664
73.422269658,4.9962428425896,-0.07114358586706537,2.5962428338055754,-2.621143585867065
73.44689576200017,4.996242842589612,-0.07114358586706267,2.596242833805587,-2.6211435858670624
73.47419529699982,4.996242842589624,-0.07114358586705953,2.5962428338055994,-2.6211435858670593
73.55443909299993,4.996242842589624,-0.07114358586705936,2.5962428338055994,-2.6211435858670593
73.57807660700018,4.996242842589619,-0.07114358586706106,2.596242833805594,-2.621143585867061
73.60771926899997,4.996242842589615,-0.07114358586706303,2.5962428338055896,-2.621143585867063
73.63194505000001,4.996242842589615,-0.07114358586706293,2.5962428338055896,-2.621143585867063
73.67371251099985,4.996242842589615,-0.07114358586706293,2.5962428338055896,-2.621143585867063
73.7581928200002,4.996242842589615,-0.07114358586706304,2.5962428338055896,-2.621143585867063
73.78084682200006,4.996242842589615,-0.07114358586706293,2.5962428338055896,-2.621143585867063
73.80701639900008,4.996242842589615,-0.07114358586706293,2.5962428338055896,-2.621143585867063
73.83267067099996,4.996242842589615,-0.07114358586706306,2.5962428338055896,-2.621143585867063
73.87476595199996,4.996242842589615,-0.07114358586706306,2.5962428338055896,-2.621143585867063
73.96314035400019,4.996242842589615,-0.07114358586706292,2.5962428338055896,-2.621143585867063
73.98489919199983,4.996242842589615,-0.07114358586706292,2.5962428338055896,-2.621143585867063
74.0118101160001,4.996242842589615,-0.07114358586706306,2.5962428338055896,-2.621143585867063
74.03992200899984,4.996242842589615,-0.0711435858670629,2.5962428338055896,-2.621143585867063
74.07850259299994,4.996242842589615,-0.07114358586706289,2.5962428338055896,-2.621143585867063
74.16417698499981,4.996242842589615,-0.07114358586706306,2.5962428338055896,-2.621143585867063
74.19439258700004,4.996242842589615,-0.07114358586706306,2.5962428338055896,-2.621143585867063
74.22284813799979,4.996242842589615,-0.07114358586706288,2.5962428338055896,-2.621143585867063
74.25721484999985,4.996242842589615,-0.07114358586706288,2.5962428338055896,-2.621143585867063
74.30191502700018,4.996242842589615,-0.07114358586706306,2.5962428338055896,-2.621143585867063
74.38982940899996,4.996242842589615,-0.07114358586706306,2.5962428338055896,-2.621143585867063
74.41413976800004,4.996242842589615,-0.07114358586706286,2.5962428338055896,-2.621143585867063
74.44279536700014,4.996242842589615,-0.07114358586706286,2.5962428338055896,-2.621143585867063
74.47173725999983,4.996242842589615,-0.07114358586706307,2.5962428338055896,-2.621143585867063
74.50424765200023,4.996242842589615,-0.07114358586706286,2.5962428338055896,-2.621143585867063
74.5996027719998,4.996242842589615,-0.07114358586706285,2.5962428338055896,-2.621143585867063
74.6275334259999,4.996242842589615,-0.07114358586706307,2.5962428338055896,-2.621143585867063
74.65371596100022,4.996242842589615,-0.07114358586706307,2.5962428338055896,-2.621143585867063
74.67904071700013,4.996242842589615,-0.07114358586706285,2.5962428338055896,-2.621143585867063
74.71801632699999,4.996242842589615,-0.07114358586706285,2.5962428338055896,-2.621143585867063
74.80899686800012,4.996242842589615,-0.07114358586706308,2.5962428338055896,-2.621143585867063
74.83269587699988,4.996242842589615,-0.07114358586706283,2.5962428338055896,-2.621143585867063
74.870138881,4.996242842589615,-0.07114358586706283,2.5962428338055896,-2.621143585867063
74.90597457000013,4.996242842589615,-0.07114358586706308,2.5962428338055896,-2.621143585867063
74.94856717399989,4.996242842589615,-0.07114358586706308,2.5962428338055896,-2.621143585867063
75.03973871900007,4.996242842589615,-0.07114358586706282,2.5962428338055896,-2.6211435858670624
75.07556899800011,4.996242842589615,-0.0711435858670628,2.5962428338055896,-2.6211435858670624
75.0957983369999,4.996242842589615,-0.07114358586706308,2.5962428338055896,-2.621143585867063
75.12261579400001,4.996242842589615,-0.07114358586706308,2.5962428338055896,-2.621143585867063
75.16333561900001,4.996242842589615,-0.0711435858670628,2.5962428338055896,-2.6211435858670624
75.26931358000002,4.996242842589615,-0.0711435858670631,2.5962428338055896,-2.621143585867063
75.29537397700005,4.996242842589615,-0.0711435858670631,2.5962428338055896,-2.621143585867063
75.31681084599995,4.996242842589615,-0.0711435858670628,2.5962428338055896,-2.6211435858670624
75.34993762000022,4.996242842589615,-0.07114358586706279,2.5962428338055896,-2.6211435858670624
75.37844202299993,4.996242842589615,-0.0711435858670631,2.5962428338055896,-2.621143585867063
75.47244764100014,4.996242842589615,-0.0711435858670631,2.5962428338055896,-2.621143585867063
75.50266671000009,4.996242842589615,-0.07114358586706278,2.5962428338055896,-2.6211435858670624
75.52213456199979,4.996242842589615,-0.07114358586706278,2.5962428338055896,-2.6211435858670624
75.55356110100001,4.996242842589615,-0.0711435858670631,2.5962428338055896,-2.621143585867063
75.58700376800016,4.996242842589615,-0.07114358586706278,2.5962428338055896,-2.6211435858670624
75.68531890700024,4.996242842589615,-0.07114358586706278,2.5962428338055896,-2.6211435858670624
75.7176132200002,4.996242842589615,-0.07114358586706311,2.5962428338055896,-2.621143585867063
75.74877375799997,4.996242842589615,-0.07114358586706311,2.5962428338055896,-2.621143585867063
75.77115414899981,4.996242842589615,-0.07114358586706278,2.5962428338055896,-2.6211435858670624
75.88140263700006,4.996242842589615,-0.07114358586706278,2.5962428338055896,-2.6211435858670624
75.90127867799993,4.996242842589615,-0.07114358586706312,2.5962428338055896,-2.621143585867063
75.93313649999982,4.996242842589615,-0.07114358586706278,2.5962428338055896,-2.6211435858670624
75.96038207099991,4.996242842589615,-0.07114358586706276,2.5962428338055896,-2.6211435858670624
75.98218379499986,4.996242842589615,-0.07114358586706312,2.5962428338055896,-2.621143585867063
76.09230823000007,4.996242842589615,-0.07114358586706312,2.5962428338055896,-2.621143585867063
76.11249592200011,4.996242842589615,-0.07114358586706276,2.5962428338055896,-2.6211435858670624
76.14691101500011,4.996242842589615,-0.07114358586706275,2.5962428338055896,-2.6211435858670624
76.16808901700006,4.996242842589615,-0.07114358586706312,2.5962428338055896,-2.621143585867063
76.20362690399998,4.996242842589615,-0.07114358586706312,2.5962428338055896,-2.621143585867063
76.30406142499987,4.996242842589615,-0.07114358586706275,2.5962428338055896,-2.6211435858670624
76.32753665300015,4.996242842589615,-0.07114358586706312,2.5962428338055896,-2.621143585867063
76.35741469699997,4.996242842589615,-0.07114358586706314,2.5962428338055896,-2.621143585867063
76.38962099699984,4.996242842589615,-0.07114358586706275,2.5962428338055896,-2.6211435858670624
76.410444009,4.996242842589615,-0.07114358586706275,2.5962428338055896,-2.6211435858670624
76.44692421399986,4.996242842589615,-0.07114358586706314,2.5962428338055896,-2.621143585867063
76.46822613999984,4.996242842589615,-0.07114358586706314,2.5962428338055896,-2.621143585867063
76.56642818699993,4.996242842589615,-0.07114358586706274,2.5962428338055896,-2.6211435858670624
76.59864746999983,4.996242842589615,-0.07114358586706274,2.5962428338055896,-2.6211435858670624
76.61857050800018,4.996242842589615,-0.07114358586706314,2.5962428338055896,-2.621143585867063
76.64993855300008,4.996242842589615,-0.07114358586706274,2.5962428338055896,-2.6211435858670624
76.67522653600008,4.996242842589615,-0.07114358586706274,2.5962428338055896,-2.6211435858670624
76.77443915899994,4.996242842589615,-0.07114358586706315,2.5962428338055896,-2.621143585867063
76.79911826699981,4.996242842589615,-0.07114358586706315,2.5962428338055896,-2.621143585867063
76.83064718000014,4.996292583140196,-0.07101700852630854,2.596292574356171,-2.6210170085263083
76.90095446399982,4.99648276890964,-0.07052230898860803,2.5964827601256153,-2.620522308988608
76.92321404799986,4.9968090174270765,-0.0696514149844472,2.5968090086430515,-2.619651414984447
76.99069973699989,4.9972646861385,-0.06840191324048307,2.597264677354475,-2.6184019132404828
77.01428061300021,4.997843136676768,-0.0667714911868476,2.597843127892743,-2.6167714911868476
77.04349392299991,4.998516877460323,-0.06482295456229419,2.5985168686762976,-2.614822954562294
77.10773489099984,4.999186443940763,-0.06283654982880783,2.599186435156738,-2.6128365498288075
77.1285090739998,4.999840431038902,-0.06084496153992545,2.599840422254877,-2.610844961539925
77.19743767799991,5.000478798631596,-0.05884831188273906,2.6004787898475707,-2.608848311882739
77.23167845499984,5.001108630206015,-0.05682411291777785,2.60110862142199,-2.606824112917778
77.2517912809999,5.001729824777526,-0.05477392724881709,2.6017298159935014,-2.604773927248817
77.31118217699986,5.002335761295976,-0.05271918032802662,2.602335752511951,-2.6027191803280263
77.33244547699996,5.002926406275052,-0.05065998570838053,2.6029263974910273,-2.6006599857083805
77.40297046800015,5.003501727073515,-0.04859645718864938,2.60350171828949,-2.5985964571886493
77.44561847800014,5.004072499928265,-0.04648971845895424,2.60407249114424,-2.596489718458954
77.46506619299998,5.004634394555573,-0.04435763435615082,2.6046343857715484,-2.5943576343561507
77.546578726,5.005181583813915,-0.04222172890197374,2.60518157502989,-2.5922217289019738
77.5755438189999,5.005714041719793,-0.0400821035207226,2.605714032935768,-2.5900821035207224
77.66911884899991,5.006233842378559,-0.03793016996965462,2.606233833594534,-2.5879301699696544
77.70009879500003,5.006746381528782,-0.03574488900668624,2.6067463727447566,-2.585744889006686
77.72022797599993,5.0072446029384405,-0.033556299347892636,2.6072445941544156,-2.5835562993478924
77.79231231099993,5.00772848525277,-0.03136449480060669,2.6077284764687447,-2.5813644948006065
77.81218496300016,5.008198007731606,-0.02916956930995957,2.6081979989475808,-2.5791695693099594
77.89821812599985,5.008653150250271,-0.02697161695485099,2.6086531414662457,-2.5769716169548507
77.93238850599982,5.009093882218148,-0.02477078583392868,2.6090938734341234,-2.5747707858339286
77.95193782100023,5.0095201889733865,-0.02256714524252807,2.6095201801893615,-2.572567145242528
78.01812676300005,5.009932058019457,-0.02036076059915419,2.609932049235432,-2.570360760599154
78.04525240900011,5.010329471698875,-0.018151726495062536,2.61032946291485,-2.568151726495062
78.12340060099996,5.010718507563275,-0.01590578190503597,2.6107184987792498,-2.5659057819050357
78.15125449800007,5.01110223143712,-0.01361016176265721,2.6111022226530953,-2.563610161762657
78.17584918300008,5.011472568694852,-0.011312344066452717,2.6114725599108266,-2.5613123440664527
78.23989850699991,5.011829506755338,-0.009012406878086387,2.611829497971313,-2.5590124068780864
78.26657601099987,5.012173033492649,-0.006710428331225738,2.6121730247086243,-2.5567104283312254
78.34843065199993,5.012503137236465,-0.004406486628886999,2.6125031284524396,-2.5544064866288867
78.38123601400002,5.012827420976621,-0.0020478550580484848,2.6128274121925963,-2.5520478550580483
78.40472618900003,5.013145502975113,0.0003549854441249495,2.613145494191088,-2.5496450145558747
78.46934087599993,5.01345158201762,0.0027593843828178253,2.613451573233595,-2.547240615617182
78.48828133300003,5.01374565047148,0.00516528179981066,2.6137456416874554,-2.5448347182001894
78.56357947200013,5.0140266277052135,0.007563513171086469,2.6140266189211885,-2.5424364868289135
78.59956855600012,5.014292002530724,0.009935848676600611,2.6142919937466993,-2.5400641513233992
78.623194366,5.014544773017562,0.012309560249164521,2.614544764233537,-2.5376904397508353
78.68749541599982,5.014784932034576,0.014684580921765672,2.6147849232505513,-2.535315419078234
78.77100754100002,5.015012472806424,0.017060843690461014,2.615012464022399,-2.532939156309539
78.79827908400011,5.015227388913728,0.01943828151626377,2.6152273801297032,-2.530561718483736
78.82638757799987,5.015431355152455,0.02183527838670419,2.6154313463684304,-2.5281647216132956
78.85113690800017,5.015624026138784,0.02424392858059381,2.6156240173547594,-2.525756071419406
78.9293417519998,5.0158045109634255,0.026653522549206204,2.6158045021794005,-2.5233464774507937
79.01567468600024,5.015972805008379,0.029063998639095548,2.6159727962243537,-2.520936001360904
79.04528384500009,5.01612890396756,0.031475295174248144,2.6161288951835346,-2.5185247048257517
79.0705173209999,5.01627464822033,0.03391632961998281,2.616274639436305,-2.516083670380017
79.09573289399987,5.016413395189181,0.036424025451789944,2.616413386405156,-2.51357597454821
79.151824132,5.016541524917651,0.0389322861796496,2.616541516133626,-2.51106771382035
79.23076451599991,5.016659035109463,0.041441066851821036,2.6166590263254377,-2.5085589331481786
79.2535111369998,5.016765923658661,0.04395032250724773,2.616765914874636,-2.506049677492752
79.28160989700018,5.016864534783865,0.046510555636390345,2.61686452599984,-2.5034894443636095
79.3088822210002,5.0169551315015,0.04910170375090135,2.6169551227174748,-2.5008982962490984
79.36066327400022,5.017036581829922,0.05169315549858562,2.617036573045897,-2.498306844501414
79.44502405999992,5.017108884754392,0.05428487859407334,2.617108875970367,-2.4957151214059263
79.46785650799984,5.017172576694757,0.056895771090885255,2.6171725679107323,-2.4931042289091145
79.50416810600018,5.017228784964379,0.05954103141941155,2.617228776180354,-2.4904589685805885
79.54466192300015,5.017276874078777,0.06218645180421225,2.6172768652947522,-2.4878135481957875
79.596824405,5.017316843584943,0.06483200732504754,2.6173168348009184,-2.485167992674952
79.69039499600012,5.017348693106359,0.06747767306040149,2.617348684322334,-2.4825223269395984
79.72528013400006,5.01737223826931,0.07010878151053214,2.617372229485285,-2.4798912184894677
79.76006154600009,5.017386885971646,0.0727179887018155,2.6173868771876214,-2.4772820112981844
79.80488381699979,5.017392697516614,0.07532723053579128,2.6173926887325893,-2.4746727694642083
79.85782130100006,5.017389672837566,0.07793647708863857,2.617389664053541,-2.472063522911361
79.9490470589999,5.017377811969188,0.08054569843647928,2.6173778031851627,-2.4694543015635206
79.98498582999991,5.017357151390428,0.08318592782213544,2.617357142606403,-2.4668140721778644
80.01549998600012,5.017328361438454,0.08583510807502348,2.6173283526544293,-2.4641648919249763
80.04989465000017,5.017291520579057,0.08848418859941407,2.6172915117950324,-2.4615158114005857
80.09441400600008,5.017246629152497,0.09113314492850823,2.6172466203684723,-2.4588668550714914
80.17785994299993,5.017193687573395,0.09378195259665412,2.6171936787893704,-2.456218047403346
80.20502741100017,5.017132696330711,0.09643058713957285,2.6171326875466856,-2.453569412860427
80.2437965250001,5.0170641155498314,0.09905142848144434,2.6170641067658065,-2.4509485715185555
80.27621966600009,5.016986977825553,0.10166715956860056,2.616986969041528,-2.4483328404313993
80.31844963399999,5.016901155099227,0.10428262010327997,2.6169011463152017,-2.44571737989672
80.40650447100006,5.016806648317084,0.10689778124878353,2.6168066395330594,-2.4431022187512164
80.44298895200018,5.016701988235061,0.10956396361825653,2.616701979451036,-2.4404360363817434
80.472417167,5.016589493861171,0.11223895742501792,2.6165894850771463,-2.437761042574982
80.49703468000007,5.016469520061611,0.11491362621531472,2.6164695112775864,-2.435086373784685
80.53545791900024,5.016342067774436,0.11758794907631383,2.6163420589904107,-2.432412050923686
80.62648094799988,5.016207137996178,0.12026190509788709,2.6162071292121527,-2.429738094902113
80.66633584800002,5.016064574088477,0.12293846923088053,2.6160645653044523,-2.4270615307691195
80.70275448700022,5.015912656366212,0.12566027110079803,2.6159126475821872,-2.4243397288992017
80.72766420000016,5.015754276622888,0.12838170459628614,2.6157542678388634,-2.4216182954037135
80.75820805700005,5.015589435751366,0.13110275437542201,2.615589426967341,-2.418897245624578
80.85313752299999,5.015418134680924,0.1338234050984519,2.6154181258968987,-2.416176594901548
80.88265666100006,5.015236505850811,0.136614168009031,2.615236497066786,-2.413385831990969
80.908503096,5.015048180901506,0.13944520668509577,2.6150481721174814,-2.410554793314904
80.93715911300023,5.0148558640850815,0.14227597698909816,2.6148558553010566,-2.4077240230109016
80.96929009999985,5.014659555783937,0.14510647329236434,2.614659546999912,-2.4048935267076357
81.057173057,5.0144592563884105,0.1479366899667647,2.6144592476043855,-2.402063310033235
81.09447057399984,5.014255410580257,0.15075935915211497,2.6142554017962323,-2.399240640847885
81.1203722780001,5.014047446864318,0.15358091736843976,2.6140474380802927,-2.39641908263156
81.14041423300023,5.0138353070151584,0.15640216467409376,2.6138352982311335,-2.393597835325906
81.1782618709999,5.013618991497548,0.1592230948880653,2.613618982713523,-2.3907769051119345
81.27758224699983,5.01339850078541,0.1620437018300406,2.613398492001385,-2.3879562981699594
81.31819406100021,5.01317477454012,0.16485170813081115,2.6131747657560953,-2.385148291869189
81.34744988000011,5.012948462629321,0.1676306967093913,2.6129484538452963,-2.3823693032906084
81.36947066399989,5.012717049721515,0.17040926516579816,2.6127170409374902,-2.379590734834202
81.41110931899993,5.012480536596513,0.17318740413686073,2.612480527812488,-2.376812595863139
81.50003888299989,5.012238924051313,0.17596510426085535,2.612238915267288,-2.3740348957391446
81.53339794400017,5.01198673304565,0.17881263531236097,2.6119867242616253,-2.3711873646876387
81.56627200899993,5.0117283729613336,0.181700265524607,2.6117283641773086,-2.368299734475393
81.58550190699998,5.011467489470698,0.18458766885288308,2.6114674806866733,-2.365412331147117
81.61954422999997,5.011204082772984,0.18747484309207005,2.6112040739889593,-2.36252515690793
81.73256498699993,5.010938153069353,0.19036178603722004,2.610938144285328,-2.35963821396278
81.75310415400008,5.010669700562901,0.19324849548356365,2.610669691778876,-2.3567515045164362
81.78941710300023,5.01039967889461,0.196123863214983,2.6103996701105854,-2.3538761367850167
81.8115176010001,5.010127308755792,0.19899298054727088,2.6101272999717673,-2.351007019452729
81.83340626300014,5.009852005025436,0.20186181787535548,2.6098519962414106,-2.3481381821246443
81.93515099100023,5.009573767991385,0.20473037219972176,2.60957375920736,-2.345269627800278
81.95475423100015,5.00929259794455,0.2075986405211526,2.609292589160525,-2.3424013594788473
81.98756665100018,5.009015139428815,0.2103923077894706,2.60901513064479,-2.3396076922105293
82.01124689700009,5.008734476734648,0.21316690921344775,2.608734467950623,-2.336833090786552
82.03995421699983,5.008448734940505,0.21594099216767573,2.6084487261564804,-2.334059007832324
82.14077528899998,5.008157915004084,0.21871454735451354,2.608157906220059,-2.3312854526454863
82.16992540699994,5.0078580221969515,0.22152780156655089,2.6078580134129266,-2.328472198433449
82.20231853699988,5.007548603386064,0.22440168444937597,2.6075485946020387,-2.3255983155506237
82.24658213900011,5.007236457198455,0.2272752723777942,2.60723644841443,-2.3227247276222056
82.26668663999999,5.006921583915286,0.23014856276345555,2.606921575131261,-2.319851437236544
82.37388371599991,5.006606965205973,0.2329935710796642,2.6066069564219476,-2.317006428920336
82.40883311400012,5.006293894558353,0.2357861685701635,2.606293885774328,-2.314213831429836
82.43683803500016,5.005976228080711,0.23857824700447394,2.605976219296686,-2.3114217529955257
82.46674593299986,5.005653966633574,0.2413697988191552,2.605653957849549,-2.3086302011808444
82.49775481799998,5.005327111089916,0.2441608164521945,2.6053271023058913,-2.305839183547805
82.599072514,5.004995662335151,0.2469512923430276,2.6049956535511263,-2.303048707656972
82.63498055399987,5.004654171935016,0.2497903878192081,2.604654163150991,-2.3002096121807916
82.66007833799995,5.004306316648094,0.25265849381061883,2.604306307864069,-2.297341506189381
82.6795448050002,5.003955705479756,0.2555262642141214,2.603955696695731,-2.2944737357858784
82.7177309079998,5.003602338753747,0.2583936963816748,2.6036023299697217,-2.291606303618325
82.83188146400016,5.003242167076956,0.26129627682625334,2.603242158292931,-2.2887037231737466
82.86246989500023,5.002878628297298,0.26421316834407077,2.6028786195132727,-2.285786831655929
82.89923283600001,5.002513559097322,0.26712986871439676,2.602513550313297,-2.2828701312856032
82.9192670819998,5.002146959577535,0.27004637713425866,2.6021469507935104,-2.279953622865741
82.96006878400021,5.0017788298388615,0.27296269280073443,2.6017788210548365,-2.2770373071992656
83.06275752600004,5.001409659363248,0.2758749428463309,2.6014096505792232,-2.274125057153669
83.08539886100016,5.001047270355069,0.27871330333967653,2.601047261571044,-2.271286696660323
83.12274387600019,5.0006814722010775,0.2815512264876722,2.6006814634170525,-2.2684487735123278
83.1483209500002,5.000312265429061,0.2843887081956122,2.600312256645036,-2.2656112918043876
83.26154562600004,4.999939650571741,0.287225744369421,2.599939641787716,-2.2627742556305788
83.29088435599988,4.999563628166741,0.2900623309156651,2.599563619382716,-2.259937669084335
83.31762846299989,4.99918362195904,0.2929028303146931,2.5991836131750152,-2.2570971696853066
83.3479993599999,4.9987967814241046,0.29577231849124946,2.5987967726400796,-2.2542276815087505
83.36987113399982,4.998407340910048,0.29864145496079336,2.598407332126023,-2.2513585450392064
83.4872530040002,4.998015300736629,0.3015102373675449,2.598015291952604,-2.248489762632455
83.51358254200022,4.997620102476733,0.3043827786715691,2.5976200936927083,-2.245617221328431
83.55844868800023,4.997219053110698,0.3072821497100501,2.5972190443266734,-2.24271785028995
83.58690257699982,4.9968161689071975,0.31018126635678434,2.5968161601231725,-2.2398187336432156
83.61430380999991,4.996411450027596,0.3130801274506101,2.596411441243571,-2.2369198725493895
83.72181075200024,4.996004896633992,0.3159787318304717,2.596004887849967,-2.234021268169528
83.75288441400016,4.99559650888922,0.31887707833541606,2.5955965001051946,-2.231122921664584
83.78004636800006,4.995184121094577,0.32179167664350167,2.595184112310552,-2.228208323356498
83.81090318399993,4.994769813492213,0.3247102621507394,2.594769804708188,-2.2252897378492604
83.84242773899996,4.994354186711632,0.3276286600899695,2.5943541779276074,-2.22237133991003
83.87065862200006,4.993937240837755,0.33054686986493254,2.59393723205373,-2.2194531301350673
83.8982186369999,4.993518975955763,0.33346489087940995,2.5935189671717382,-2.21653510912059
83.98460024799988,4.993099392151116,0.33638272253721896,2.593099383367091,-2.213617277462781
84.01974158700023,4.992678399294169,0.33930179094738994,2.592678390510144,-2.2106982090526097
84.04404843800012,4.992257514775908,0.34222423421600656,2.5922575059918826,-2.2077757657839934
84.06997038100008,4.991837830953786,0.3451468501547443,2.591837822169761,-2.2048531498452557
84.09859797799982,4.991419347898643,0.3480696382703068,2.591419339114618,-2.2019303617296933
84.17921300199987,4.991002065681115,0.35099259806935434,2.5910020568970897,-2.1990074019306456
84.20263665599987,4.990585984371633,0.3539157290585189,2.5905859755876084,-2.1960842709414807
84.23227741099981,4.990170263472834,0.3568414516297822,2.590170254688809,-2.1931585483702176
84.28414598100017,4.9897533890277135,0.35976837795526256,2.5897533802436885,-2.1902316220447373
84.30741410100018,4.989335410259616,0.3626951467823616,2.589335401475591,-2.187304853217638
84.37624843799995,4.9889163272280435,0.36562175769440713,2.5889163184440185,-2.1843782423055926
84.39942118599993,4.988496139992658,0.3685482102747634,2.588496131208633,-2.1814517897252363
84.43300365599998,4.9880741099795305,0.3714799017008192,2.5880741011955055,-2.1785200982991806
84.48514861400008,4.987650564001178,0.3744158779714684,2.5876505552171527,-2.1755841220285315
84.52311333099988,4.987226162308071,0.3773517306688091,2.5872261535240457,-2.172648269331191
84.59870512199996,4.986800904936265,0.38028745954343623,2.58680089615224,-2.1697125404565636
84.62064398800021,4.986374173991598,0.3832275640626884,2.5863741652075727,-2.1667724359373115
84.65039555700014,4.985946328195443,0.38617056629265956,2.5859463194114176,-2.16382943370734
84.69620394599997,4.985517817702179,0.38911347181409084,2.5855178089181536,-2.160886528185909
84.7191110939998,4.985088642533667,0.39205628047685437,2.5850886337496424,-2.1579437195231455
84.80936990000009,4.984658802711799,0.3949989921308298,2.584658793927774,-2.15500100786917
84.833115464,4.98422822907275,0.3979421236279877,2.584228220288725,-2.152057876372012
84.86944791999986,4.983797000716611,0.4008851870113454,2.583796991932586,-2.1491148129886546
84.9225778099999,4.983365121652851,0.4038281549771721,2.5833651128688264,-2.1461718450228275
84.94743656299988,4.9829325919025855,0.40677102738159504,2.5829325831185606,-2.1432289726184046
85.03092185100013,4.9824999744471965,0.4097114611978035,2.5824999656631715,-2.140288538802196
85.05706535599984,4.982068260852145,0.41265004324243043,2.58206825206812,-2.1373499567575696
85.08591320899995,4.981637308125451,0.4155887369672895,2.5816372993414256,-2.1344112630327103
85.14014644899999,4.981207116296,0.4185275421753712,2.581207107511975,-2.1314724578246285
85.16054319700015,4.980777685392636,0.42146645866966065,2.580777676608611,-2.1285335413303392
85.26452579199986,4.980349015444145,0.4244054862531369,2.58034900666012,-2.125594513746863
85.28864138100016,4.979920163016462,0.4273458886669048,2.5799201542324366,-2.122654111333095
85.3141643949998,4.979490584616419,0.4302861851073668,2.5794905758323936,-2.119713814892633
85.36788356399984,4.979060280270208,0.4332263753952922,2.5790602714861834,-2.1167736246047077
85.39008141500017,4.978629250004056,0.4361664593514465,2.5786292412200313,-2.113833540648553
85.48145719800004,4.97819941481554,0.4390972390153588,2.578199406031515,-2.110902760984641
85.51165556800015,4.977770905839922,0.44202584311948584,2.577770897055897,-2.107974156880514
85.5323569860002,4.977343417533308,0.44495459638471735,2.577343408749283,-2.1050454036152826
85.56710731800013,4.976916949947621,0.44788349845533215,2.576916941163596,-2.1021165015446677
85.59707634699998,4.976491503134658,0.4508125489755924,2.5764914943506327,-2.0991874510244073
85.68863255099996,4.9760670771460935,0.45374174758974006,2.5760670683620686,-2.0962582524102595
85.71456517900015,4.97564351118189,0.4566721451688758,2.5756435023978654,-2.093327854831124
85.75134183199998,4.975218542468434,0.45961201027564647,2.5752185336844087,-2.0903879897243534
85.79610243900015,4.974792820149415,0.46255176634724043,2.57479281136539,-2.0874482336527596
85.82929791400011,4.974366344252808,0.46549141319048376,2.5743663354687834,-2.084508586809516
85.908595419,4.973939114806635,0.4684309506122059,2.57393910602261,-2.081569049387794
85.93233502700014,4.973507899709326,0.4713952148212234,2.5735078909253013,-2.0786047851787766
85.95784903599997,4.973076516560027,0.4743611436154402,2.5730765077760016,-2.07563885638456
85.99875669499988,4.972645207025605,0.4773270831157313,2.5726451982415797,-2.0726729168842684
86.09158716599995,4.972213971106314,0.48029303332027024,2.5722139623222886,-2.0697069666797296
86.1255175870001,4.971784141811796,0.4832501836630658,2.5717841330277706,-2.0667498163369338
86.14857193499984,4.971356381606906,0.4861966294266508,2.571356372822881,-2.063803370573349
86.17188852800018,4.970929200190224,0.489143159159724,2.5709291914061994,-2.060856840840276
86.21819315799985,4.970502597578237,0.49208977274858834,2.5705025887942123,-2.0579102272514116
86.29547197600004,4.970076573787406,0.49503647007954793,2.5700765650033808,-2.054963529920452
86.328968454,4.969650210624501,0.4979893881629392,2.5696502018404757,-2.0520106118370607
86.34970743900021,4.969222772325581,0.5009515555511955,2.5692227635415557,-2.0490484444488044
86.37934503299994,4.968795517634524,0.5039137494281127,2.568795508850499,-2.046086250571887
86.42871148599988,4.968368446552971,0.5068759697823036,2.5683684377689464,-2.043124030217696
86.5031652470002,4.967941559082562,0.5098382166023862,2.567941550298537,-2.040161783397614
86.53490072400018,4.967520931116676,0.5127608137883746,2.5675209223326507,-2.0372391862116253
86.55841410599987,4.9671043150884024,0.5156666091385317,2.5671043063043775,-2.0343333908614682
86.5872560580001,4.966689323226625,0.5185726368890298,2.5666893144425997,-2.03142736311097
86.63566671199987,4.96627595566098,0.521478896132058,2.566275946876955,-2.028521103867942
86.72068987000011,4.9658642125206045,0.5243853859597299,2.5658642037365795,-2.0256146140402698
86.75287949799986,4.96545409393412,0.5272921054640902,2.5654540851500953,-2.02270789453591
86.77587255200024,4.965040342014044,0.5302340346440576,2.565040333230019,-2.0197659653559423
86.80317714400007,4.964624333603444,0.5331944108111294,2.564624324819419,-2.0168055891888703
86.84136125700024,4.964208595533702,0.5361548249554047,2.5642085867496767,-2.013845175044595
86.92665013399983,4.96379312780828,0.5391152770521956,2.5637931190242553,-2.010884722947804
86.96146245,4.963378368905852,0.54207265397985,2.563378360121827,-2.00792734602015
86.98001486700014,4.962973037580733,0.5449710355792015,2.562973028796708,-2.0050289644207986
87.01167381300002,4.962569550428959,0.547869674483397,2.5625695416449337,-2.0021303255166027
87.0474979149999,4.962167907613866,0.5507685695190343,2.562167898829841,-1.9992314304809655
87.12320415800014,4.961768109298044,0.5536677195126057,2.5617681005140187,-1.996332280487394
87.15486223300013,4.961370155643339,0.5565671232905004,2.5613701468593137,-1.9934328767094995
87.18071335900004,4.960967127966389,0.5595135647703383,2.5609671191823637,-1.9904864352296614
87.20397609300016,4.96056218575103,0.5624761291539523,2.560562176967005,-1.9875238708460476
87.24415952199979,4.96015749743357,0.5654387282308702,2.5601574886495446,-1.9845612717691297
87.33036589799985,4.95975306301699,0.5684013619793328,2.559753054232965,-1.981598638020667
87.35984974800022,4.959349057158605,0.5713627558753421,2.5593490483745804,-1.9786372441246578
87.38230585600013,4.958948966337843,0.5743000155452096,2.558948957553818,-1.9756999844547902
87.40820774900021,4.958549782209119,0.5772373985751357,2.5585497734250944,-1.972762601424864
87.44828738700016,4.958151504810462,0.5801749046852309,2.558151496026437,-1.969825095314769
87.53047103300014,4.957754134179826,0.5831125335955993,2.557754125395801,-1.9668874664044005
87.56036223000001,4.957357465645677,0.586051748943034,2.5573574568616517,-1.9639482510569657
87.58983716900002,4.95695906957836,0.5890041550387203,2.5569590607943353,-1.9609958449612797
87.61240247000023,4.956560140389151,0.5919564891462408,2.5565601316051256,-1.958043510853759
87.65102819200001,4.956160678091053,0.5949087511693063,2.5561606693070282,-1.9550912488306935
87.73501103399985,4.955760682697096,0.5978609410116528,2.555760673913071,-1.952139058988347
87.76677068800018,4.955360123575084,0.6008132865206618,2.555360114791059,-1.949186713479338
87.79776315900017,4.954958787738104,0.6037676155196673,2.5549587789540786,-1.9462323844803326
87.81928979199984,4.954556977318838,0.6067218800094137,2.5545569685348126,-1.9432781199905862
87.85312624300013,4.954154692327651,0.6096760799136645,2.554154683543626,-1.9403239200863354
87.9386560349999,4.953751932774923,0.6126302151561845,2.5537519239908977,-1.9373697848438152
87.96563810299995,4.953349161525302,0.6155812999891123,2.553349152741277,-1.9344187000108874
87.99345595500017,4.952947778600381,0.6185254602923291,2.5529477698163556,-1.9314745397076707
88.02396300400005,4.952547125574815,0.6214697200119436,2.5525471167907896,-1.9285302799880562
88.05271106000009,4.9521472024732285,0.624414078967006,2.5521471936892035,-1.9255859210329938
88.14298939499986,4.951748009320197,0.6273585369765574,2.5517480005361723,-1.9226414630234423
88.17019231999984,4.951349697225977,0.6303020334506461,2.551349688441952,-1.9196979665493537
88.19618164299982,4.95095227686637,0.6332447661550817,2.550952268082345,-1.916755233844918
88.22042891000001,4.95055563572065,0.6361876039884503,2.550555626936625,-1.9138123960115494
88.25646836199985,4.950159773816629,0.6391305467444224,2.5501597650326038,-1.9108694532555774
88.34000566199984,4.949764691182058,0.6420735942166602,2.5497646823980333,-1.9079264057833396
88.37336547699988,4.949371551991267,0.6450083769372638,2.549371543207242,-1.904991623062736
88.40908977300023,4.948981308981166,0.6479307595519881,2.548981300197141,-1.9020692404480117
88.42886786999998,4.948592374843909,0.6508533166499166,2.5485923660598844,-1.8991466833500832
88.46367147699993,4.948204749657513,0.6537760476448333,2.5482047408734876,-1.8962239523551665
88.55693531399993,4.9478184334997275,0.656698951950487,2.5478184247157025,-1.893301048049513
88.59284620900007,4.947436535657584,0.6596003331130075,2.547436526873559,-1.8903996668869922
88.61877871800016,4.94705686347081,0.6624995504679764,2.5470568546867853,-1.8875004495320233
88.63902526699985,4.9466791016864295,0.6653990173629454,2.5466790929024046,-1.8846009826370544
88.68106414900012,4.946303250468454,0.6682987325390802,2.5463032416844293,-1.8817012674609197
88.77960541899984,4.945929309980066,0.6711986947374378,2.545929301196041,-1.878801305262562
88.80947551600002,4.945557280383613,0.6740989026989678,2.5455572715995882,-1.875901097301032
88.84101111600012,4.9451800999614175,0.6770493274898858,2.5451800911773925,-1.8729506725101142
88.86619751299986,4.944803226985807,0.6800020838386441,2.5448032182017823,-1.8699979161613558
88.90313107300017,4.9444269500180225,0.6829549161973112,2.5444269412339975,-1.8670450838026886
89.00643565400014,4.9440512690733955,0.6859078244455846,2.5440512602893706,-1.8640921755544153
89.02497611699982,4.94367626286556,0.6888602360922688,2.5436762540815354,-1.861139763907731
89.06239783499996,4.943301888886117,0.6918125823860753,2.5433018801020917,-1.8581874176139244
89.08272155800023,4.942928129309971,0.6947650065246904,2.542928120525946,-1.8552349934753094
89.11061458799986,4.942554984153312,0.6977175083802533,2.542554975369287,-1.8522824916197465
89.21255771699998,4.942183345109079,0.7006630863392008,2.542183336325054,-1.849336913660799
89.2334565000001,4.941821307438831,0.7035458492577932,2.541821298654806,-1.8464541507422068
89.2681575380002,4.9414616331793,0.7064289080061591,2.5414616243952755,-1.8435710919938408
89.29377081099983,4.941104322572215,0.7093122606466725,2.5411043137881903,-1.8406877393533274
89.31835787199998,4.940749375857716,0.7121959052415147,2.540749367073691,-1.8378040947584853
89.41697708599986,4.940396048661431,0.7150857934985704,2.540396039877406,-1.8349142065014294
89.43892795800002,4.940036886451795,0.7180346211235417,2.5400368776677698,-1.831965378876458
89.47233332099995,4.939678475109455,0.7209835401058909,2.5396784663254297,-1.8290164598941088
89.49304561200006,4.939320814657651,0.7239325502543966,2.539320805873626,-1.826067449745603
89.52020987100013,4.938963905119574,0.7268816513778594,2.538963896335549,-1.8231183486221405
89.62338244900002,4.938606760951017,0.7298387074321636,2.538606752166992,-1.8201612925678363
89.64662022499988,4.938247397975982,0.7328154159717822,2.5382473891919566,-1.8171845840282175
89.67124792799996,4.937887991714553,0.7357921192853348,2.537887982930528,-1.8142078807146649
89.70149241699983,4.9375285421668105,0.7387688173721918,2.5375285333827855,-1.811231182627808
89.72621090099983,4.937169049332823,0.7417455102317226,2.537169040548798,-1.8082544897682773
89.82449819900012,4.936810784503837,0.7447121651836894,2.5368107757198124,-1.8052878348163104
89.85955194600001,4.936454896382661,0.7476638277891189,2.536454887598636,-1.802336172210881
89.88736695199987,4.93609969792973,0.7506155734675463,2.5360996891457046,-1.7993844265324537
89.92417100300008,4.935745189164436,0.7535674020578292,2.535745180380411,-1.7964325979421707
89.94830927800012,4.935391370106132,0.756519313398819,2.5353913613221066,-1.793480686601181
90.04888763400004,4.935038240774137,0.7594713073293625,2.535038231990112,-1.7905286926706374
90.06794275399989,4.934685108003755,0.7624289482824163,2.5346850992197303,-1.7875710517175836
90.09280469199985,4.934331375241433,0.7653949886081176,2.534331366457408,-1.784605011391882
90.12157349200015,4.933977975135905,0.7683610685878619,2.53397796635188,-1.781638931412138
90.22279307600002,4.933624907691615,0.7713271881843402,2.5336248989075902,-1.7786728118156596
90.25474229500014,4.9332721729130125,0.7742933473602439,2.5332721641289875,-1.775706652639756
90.27548664699998,4.932921861174498,0.7772433713698762,2.5329218523904733,-1.7727566286301237
90.30400780599985,4.9325728711030585,0.7801894464693435,2.5325728623190336,-1.7698105535306563
90.33546000000024,4.932224731955889,0.7831356222441185,2.5322247231718644,-1.7668643777558812
90.43374185699986,4.931877443762035,0.7860818984484268,2.53187743497801,-1.763918101551573
90.4728956240001,4.931532632519083,0.7890149461900519,2.531532623735058,-1.7609850538099479
90.49257723400024,4.931192337256347,0.7919234161771052,2.5311923284723217,-1.7580765838228947
90.52290485699996,4.930853849133149,0.79483209703307,2.5308538403491236,-1.7551679029669298
90.54943326800003,4.930517168280158,0.7977409876351099,2.530517159496133,-1.75225901236489
90.65326941000012,4.930182294827347,0.8006500868603007,2.530182286043322,-1.749349913139699
90.68197813100005,4.92984484056924,0.803591495517823,2.529844831785215,-1.7464085044821767
90.70219930800022,4.9295053253487175,0.8065455786841146,2.5295053165646926,-1.7434544213158851
90.73757733399998,4.929165132439206,0.8094995838843111,2.5291651236551806,-1.7405004161156887
90.76964389700015,4.92882426185861,0.8124535109629234,2.528824253074585,-1.7375464890370764
90.78941768799996,4.9284827136248754,0.8154073597644876,2.5284827048408505,-1.7345926402355123
90.81561255499992,4.928140487755976,0.8183611301335454,2.528140478971951,-1.7316388698664544
90.91429710900002,4.927797954206619,0.8213118204580657,2.5277979454225936,-1.7286881795419342
90.952332931,4.927457910710162,0.8242455481664331,2.527457901926137,-1.7257544518335668
90.97768868499998,4.927119052866556,0.8271794130590462,2.527119044082531,-1.7228205869409536
90.9992194309998,4.926781380731145,0.8301134146567367,2.5267813719471204,-1.719886585343263
91.04068475800022,4.92644489435908,0.8330475524803049,2.526444885575055,-1.716952447519695
91.15112697199993,4.926109593805316,0.8359818260505313,2.5261095850212913,-1.7140181739494684
91.19299259699983,4.925772939664056,0.8389366407338573,2.525772930880031,-1.7110633592661424
91.22077813299984,4.925436200665278,0.8418970021255674,2.5254361918812527,-1.7081029978744324
91.27574446100016,4.925099988867229,0.8448574234384384,2.5250999800832044,-1.7051425765615615
91.30564992900008,4.924764304280578,0.8478179045785766,2.5247642954965532,-1.7021820954214233
91.38714328700007,4.924429146915972,0.8507784454521002,2.524429138131947,-1.6992215545478997
91.42125086299984,4.924094180866245,0.8537419194690662,2.52409417208222,-1.6962580805309337
91.46068645000014,4.9237587980022,0.8567121397910179,2.5237587892181748,-1.693287860208982
91.51586654499988,4.9234236958486575,0.8596823917960036,2.5234236870646325,-1.6903176082039963
91.54281118200015,4.923088874408608,0.8626526754574941,2.5230888656245827,-1.6873473245425057
91.62170689200002,4.922755978610815,0.8656091801737799,2.52275596982679,-1.6843908198262199
91.64858061299992,4.922425538559647,0.868551965468227,2.522425529775622,-1.6814480345317728
91.68332823399987,4.922096086061286,0.871494861485411,2.522096077277261,-1.6785051385145888
91.72925231599993,4.921767621152833,0.8744378678939235,2.521767612368808,-1.6755621321060763
91.75562136200006,4.92144014387128,0.8773809843623462,2.521440135087255,-1.6726190156376535
91.83035900999994,4.921113654253501,0.8803242105592454,2.5211136454694762,-1.6696757894407543
91.85118460600006,4.920788152336266,0.8832675461531779,2.5207881435522412,-1.666732453846822
91.88875633199996,4.920463421795356,0.8862128143591137,2.520463413011331,-1.6637871856408861
91.92847679399983,4.920139503789335,0.8891591667597145,2.5201394950053104,-1.6608408332402853
91.96469918499997,4.919816502392822,0.8921056197868311,2.5198164936087974,-1.6578943802131687
92.04850365599987,4.91949441763708,0.8950521731553057,2.519494408853055,-1.654947826844694
92.08738588999995,4.919172380219806,0.8980064827691353,2.5191723714357814,-1.6519935172308644
92.1243463400001,4.918849225117837,0.9009754029842595,2.518849216333812,-1.6490245970157402
92.16536338200012,4.918526418526687,0.9039443611126966,2.518526409742662,-1.646055638887303
92.1893115859998,4.918203960450799,0.9069133571135357,2.518203951666774,-1.643086642886464
92.27064527599987,4.917881712452064,0.9098836156516394,2.517881703668039,-1.6401163843483604
92.29640755399987,4.917559494911451,0.9128561798287698,2.517559486127426,-1.63714382017123
92.32709915499981,4.9172375355890665,0.9158287719846802,2.5172375268050415,-1.6341712280153198
92.37789132099988,4.916915834487349,0.9188013920969366,2.516915825703324,-1.6311986079030634
92.39656263400002,4.9165943916087205,0.9217740401431103,2.5165943828246955,-1.6282259598568896
92.48000051700001,4.916272656314872,0.9247509903271921,2.516272647530847,-1.6252490096728076
92.50384009400022,4.915950638890562,0.9277297673335799,2.5159506301065373,-1.6222702326664198
92.53625497600024,4.9156285216129625,0.9307085335437454,2.5156285128289375,-1.6192914664562545
92.5783871829999,4.915306304482448,0.9336872889543409,2.5153062956984233,-1.616312711045659
92.6012379509998,4.914983987499378,0.9366660335620169,2.5149839787153527,-1.6133339664379829
92.68336723599987,4.914661570664099,0.939644767363431,2.514661561880074,-1.6103552326365689
92.70298967600002,4.914339053976988,0.9426234903552325,2.5143390451929633,-1.6073765096447672
92.7297541160001,4.914022234891018,0.9455531906995046,2.514022226106993,-1.6044468093004953
92.76835515799985,4.91370947904067,0.9484620561051823,2.513709470256645,-1.6015379438948174
92.79547194399993,4.913398598119882,0.951371122488639,2.5133985893358575,-1.5986288775113608
92.87806507000005,4.913084083841364,0.9543275214418362,2.5130840750573387,-1.5956724785581637
92.89791530399998,4.912767471839941,0.9573054532788506,2.512767463055916,-1.592694546721149
92.93222099000013,4.912450996224026,0.9602833996131398,2.5124509874400007,-1.58971660038686
92.97408051999992,4.91213465699428,0.9632613604384525,2.5121346482102553,-1.5867386395615473
93.0591027229998,4.911818454151372,0.966239335748542,2.511818445367347,-1.5837606642514577
93.09161316900008,4.9115023876959585,0.9692173255371646,2.5115023789119335,-1.5807826744628353
93.11397199800012,4.911186596669885,0.9721938935538771,2.51118658788586,-1.5778061064461228
93.14216059399996,4.910871095913931,0.9751661393736177,2.5108710871299063,-1.574833860626382
93.17785669900013,4.910555310361551,0.9781383549487067,2.510555301577526,-1.571861645051293
93.25596938799981,4.9102392400156445,0.9811105402518813,2.5102392312316195,-1.5688894597481187
93.27908954299983,4.909923239611013,0.9840814493746288,2.509923230826988,-1.565918550625371
93.30933201100015,4.909607579510731,0.98705216815523,2.5096075707267063,-1.5629478318447698
93.33748718700008,4.909292242726236,0.9900229212726516,2.5092922339422112,-1.5599770787273481
93.39244833900011,4.908977229261264,0.9929937086917058,2.5089772204772394,-1.557006291308294
93.47217068200007,4.908662539119548,0.9959645303772051,2.5086625303355228,-1.5540354696227947
93.50205718400002,4.908348172304813,0.9989353862939604,2.5083481635207883,-1.5510646137060395
93.52759025700016,4.908035970535661,1.0018859396416924,2.5080359617516357,-1.5481140603583075
93.56009880400006,4.9077238928985905,1.004825450428518,2.5077238841145655,-1.545174549571482
93.6010695619998,4.907410695127366,1.0077648420787624,2.507410686343341,-1.5422351579212374
93.68837227799986,4.907096377267468,1.0107041141655848,2.507096368483443,-1.539295885834415
93.72521542699997,4.90677971972465,1.01365604974991,2.506779710940625,-1.5363439502500897
93.74491838799986,4.906461417646828,1.016624666035379,2.5064614088628034,-1.5333753339646208
93.77892813800008,4.906143485229619,1.0195933219334463,2.5061434764455943,-1.5304066780665535
93.81565807600009,4.905825922477945,1.022562017398089,2.50582591369392,-1.5274379826019109
93.89197762100002,4.905508729396735,1.0255307523832757,2.5055087206127102,-1.524469247616724
93.92193829000007,4.905193148046016,1.02848835831808,2.505193139261991,-1.5215116416819199
93.9441970580001,4.904880791991926,1.0314253205406378,2.5048807832079008,-1.518574679459362
93.97122009099985,4.904569618907088,1.0343624083351275,2.504569610123063,-1.5156375916648723
94.01441184299983,4.904259628841986,1.037299621225064,2.504259620057961,-1.5127003787749358
94.09486722700012,4.903950821846911,1.040236958733942,2.5039508130628856,-1.5097630412660579
94.12672374700014,4.903642214649188,1.0431832683618028,2.503642205865163,-1.506816731638197
94.1448968489999,4.903333470632449,1.0461385145236044,2.5033334618484244,-1.5038614854763954
94.16841167299981,4.903025460921557,1.049093837308464,2.5030254521375324,-1.5009061626915359
94.20893282599991,4.90271818553553,1.0520492365339256,2.502718176751505,-1.4979507634660743
94.29269471399994,4.90241164449334,1.0550047120175263,2.5024116357093154,-1.4949952879824735
94.320574244,4.9021078262916005,1.0579420505246429,2.5021078175075755,-1.492057949475357
94.34421605399984,4.9018079112950215,1.0608572805217176,2.5018079025109965,-1.4891427194782823
94.370243114,4.901509749340172,1.063772690336769,2.501509740556147,-1.4862273096632308
94.40475562500023,4.9012133405348575,1.0666882789156242,2.5012133317508325,-1.4833117210843756
94.49955527200018,4.900918684986259,1.0696040452040472,2.5009186762022337,-1.4803959547959527
94.52698466899983,4.900622046285305,1.0725539323808677,2.5006220375012798,-1.477446067619132
94.55157561900023,4.900324137928716,1.075521546574286,2.500324129144691,-1.4744784534257138
94.57907504500008,4.900026678899849,1.078489205839776,2.500026670115824,-1.471510794160224
94.61015347200009,4.899729669205521,1.0814569101093032,2.499729660421496,-1.4685430898906966
94.71287762700013,4.899432855284053,1.0844271493811233,2.4994328465000284,-1.4655728506188765
94.74994510799979,4.8991348071066705,1.087411519273078,2.4991347983226455,-1.4625884807269218
94.78427770999997,4.898836779208155,1.0903958911902076,2.49883677042413,-1.4596041088097922
94.8130824939999,4.898538771588525,1.0933802651323752,2.4985387628045,-1.4566197348676246
94.84393270700002,4.898240784247788,1.096364641099443,2.498240775463763,-1.4536353589005568
94.94344814099986,4.897942817185963,1.0993490190912716,2.497942808401938,-1.4506509809087282
94.97471095799983,4.897647407305971,1.1023059784562856,2.4976473985219463,-1.4476940215437142
95.00245728800019,4.897353075363978,1.1052404028234268,2.497353066579953,-1.444759597176573
95.02756834000002,4.89705745021563,1.108174697190086,2.4970574414316054,-1.4418253028099137
95.06222039300019,4.896760531918345,1.1111088609863453,2.4967605231343204,-1.4388911390136545
95.14999751300002,4.896462320529794,1.114042893642312,2.4964623117457694,-1.435957106357688
95.18242101099986,4.896163918910092,1.1169647895563428,2.4961639101260666,-1.433035210443657
95.20669279699996,4.895864162911587,1.1198835172627606,2.495864154127562,-1.4301164827372392
95.23382355600006,4.895562739472939,1.1228020732402064,2.495562730688914,-1.4271979267597934
95.26336329600008,4.895259648692526,1.125720456536088,2.4952596399085007,-1.4242795434639117
95.34707347499989,4.8949548906692755,1.1286386661978705,2.4949548818852505,-1.4213613338021294
95.37490730699983,4.8946451600714935,1.131591366339855,2.4946451512874686,-1.418408633660145
95.40018009599999,4.894333137494475,1.134562139768383,2.49433312871045,-1.4154378602316169
95.41960209499985,4.894020783159507,1.1375328783333942,2.4940207743754823,-1.4124671216666056
95.4552175570002,4.893708097070485,1.140503581997839,2.49370808828646,-1.4094964180021607
95.54152910099992,4.893395079231311,1.1434742507246707,2.4933950704472863,-1.4065257492753291
95.57305389200019,4.893084982393229,1.1464116268818647,2.493084973609204,-1.4035883731181351
95.59930888899999,4.892775601647942,1.1493266775108928,2.4927755928639166,-1.400673322489107
95.62483088499994,4.892464488426732,1.1522415437477806,2.4924644796427073,-1.3977584562522192
95.65659292500004,4.8921516428395035,1.1551562245628821,2.4921516340554786,-1.3948437754371177
95.74073082899986,4.8918370649967615,1.1580707189266122,2.4918370562127365,-1.3919292810733876
95.7692785459999,4.891518492133552,1.1610072909071194,2.491518483349527,-1.3889927090928804
95.79226391200018,4.891196437615202,1.16396970695218,2.4911964288311768,-1.3860302930478199
95.81758252100008,4.890873866290463,1.1669320667678091,2.4908738575064384,-1.3830679332321907
95.8536212959998,4.890550778169161,1.169894370263852,2.4905507693851363,-1.3801056297361478
95.9474695859999,4.890227173261125,1.1728566173501507,2.4902271644771,-1.3771433826498491
95.97223823400009,4.889902829495619,1.1758213181962633,2.489902820711594,-1.3741786818037365
95.99664395599984,4.8895781299636045,1.1787906871440583,2.4895781211795796,-1.3712093128559415
96.01821232800012,4.889253763204551,1.1817600924616027,2.489253754420526,-1.368239907538397
96.04891814500024,4.8889297292225375,1.1847295341116,2.4889297204385126,-1.3652704658883998
96.13586031900013,4.888606028021628,1.1876990120567565,2.488606019237603,-1.3623009879432433
96.16107617499983,4.888282747779885,1.190667675117504,2.4882827389958604,-1.3593323248824958
96.18825417500011,4.887960107578288,1.193628661168071,2.487960098794263,-1.3563713388319287
96.21228834900012,4.8876369159657855,1.196589587082867,2.4876369071817606,-1.353410412917133
96.24019101000022,4.88731317295359,1.1995504527592218,2.487313164169565,-1.350449547240778
96.33028540699979,4.886991880643132,1.2024886931027656,2.486991871859107,-1.3475113068972342
96.35354954600007,4.886672672060091,1.2054195299162425,2.486672663276066,-1.3445804700837574
96.37986767199982,4.886354780054552,1.2083505098239717,2.4863547712705274,-1.341649490176028
96.39943064199997,4.886038204690661,1.211281632234528,2.486038195906636,-1.338718367765472
96.43004371699999,4.885722946032291,1.2142128965564578,2.485722937248266,-1.335787103443542
96.54591961699998,4.885409004143066,1.2171443021982755,2.4854089953590406,-1.3328556978017243
96.5865202089999,4.885093980533752,1.2200952928977633,2.4850939717497273,-1.3299047071022365
96.61595077099992,4.8847771285506,1.223060378344599,2.484777119766575,-1.3269396216554008
96.64029448700012,4.884459813168755,1.226025414235558,2.48445980438473,-1.3239745857644418
96.66597871900012,4.884142034395958,1.2289904004982233,2.484142025611933,-1.3210095995017765
96.76713700900018,4.883825476923232,1.231940566647959,2.4838254681392073,-1.3180594333520408
96.79589906799993,4.88351379832175,1.2348563699328923,2.483513789537725,-1.3151436300671075
96.82005771800004,4.883203827688678,1.237772355281569,2.4832038189046526,-1.312227644718431
96.84675684000013,4.882895565130365,1.2406885216935224,2.48289555634634,-1.3093114783064774
96.87031075100003,4.882589010752576,1.2436048681682268,2.482589001968551,-1.306395131831773
96.97058909599991,4.882283025504478,1.2465319227083542,2.482283016720453,-1.3034680772916456
96.99010811800008,4.881973680890371,1.2494988561205536,2.481973672106346,-1.3005011438794463
97.01360818000012,4.8816647729812095,1.252465835032926,2.4816647641971845,-1.2975341649670737
97.0363083960001,4.881356301783681,1.2554328593811752,2.481356292999656,-1.2945671406188246
97.13388612800009,4.88104826730447,1.2583999291010215,2.481048258520445,-1.2916000708989783
97.1722477379999,4.880740399158808,1.2613695429724492,2.4807403903747827,-1.2886304570275506
97.19377603200019,4.880432341349058,1.2643438299371643,2.4804323325650333,-1.2856561700628355
97.21876733399995,4.880124536214595,1.2673181430615361,2.48012452743057,-1.2826818569384637
97.25145997300024,4.879816983757637,1.2702924823241004,2.479816974973612,-1.2797075176758994
97.345343727,4.879509683980406,1.2732668477033935,2.479509675196381,-1.2767331522966063
97.36302724799998,4.879202636885123,1.2762412391779463,2.4792026281010977,-1.2737587608220535
97.38350625800012,4.8788999575723535,1.2791800099856516,2.4788999487883285,-1.2708199900143482
97.4079928289998,4.878598681756047,1.2821170266426214,2.4785986729720224,-1.2678829733573784
97.43614185500019,4.878298616856979,1.2850541672618558,2.478298608072954,-1.264945832738144
97.52914938799995,4.8779997629261596,1.2879914313441005,2.4779997541421346,-1.2620085686558993
97.56362926800011,4.877701978158188,1.290930203157503,2.4777019693741633,-1.2590697968424969
97.58341521400007,4.877403935063484,1.293881540904252,2.4774039262794587,-1.256118459095748
97.61304849999988,4.877106752724735,1.2968329654483026,2.4771067439407104,-1.2531670345516972
97.63774657000022,4.876810431167223,1.299784476538616,2.4768104223831977,-1.2502155234613839
97.65851131199997,4.876514970416147,1.3027360739241447,2.476514961632122,-1.2472639260758551
97.69995851400017,4.876220370496643,1.3056877573538368,2.476220361712618,-1.244312242646163
97.77812352699993,4.875926631433767,1.30863952657663,2.4759266226497423,-1.2413604734233699
97.79805458400006,4.875633753252504,1.3115913813414555,2.4756337444684786,-1.2384086186585443
97.83002616000022,4.875341474693854,1.3145427576903486,2.4753414659098287,-1.2354572423096513
97.84975820099999,4.875048487366773,1.317493705176195,2.4750484785827482,-1.2325062948238048
97.88265391799996,4.874754616608974,1.3204445648163263,2.474754607824949,-1.2295554351836735
97.99265721399979,4.87445986244679,1.323395336346269,2.4744598536627653,-1.2266046636537309
98.02053663700008,4.874164860832494,1.3263392408258354,2.4741648520484687,-1.2236607591741644
98.05513968900004,4.873869354887599,1.329276252125658,2.4738693461035743,-1.2207237478743418
98.10471091199997,4.873572623098604,1.3322131398293608,2.473572614314579,-1.217786860170639
98.1408560079999,4.8732746655172035,1.3351499034253018,2.4732746567331785,-1.214850096574698
98.20934179999995,4.872975382562736,1.3380875374280192,2.4729753737787115,-1.2119124625719806
98.23230386500018,4.872672119551166,1.3410603374188732,2.472672110767141,-1.2089396625811266
98.26527820199999,4.872369159830922,1.3440331683336968,2.472369151046897,-1.205966831666303
98.3069793300001,4.872066503405168,1.3470060301414797,2.4720664946211426,-1.2029939698585201
98.33122235000019,4.871764150277051,1.3499789228112782,2.471764141493026,-1.2000210771887216
98.4059573909999,4.87146210044972,1.3529518463121493,2.471462091665695,-1.1970481536878506
98.42657443600001,4.871160307113302,1.3559252162716477,2.4711602983292766,-1.194074783728352
98.45484120899982,4.870858797139294,1.3588986891676884,2.4708587883552693,-1.1911013108323114
98.49370421899994,4.870557577844398,1.3618721915242198,2.470557569060373,-1.18812780847578
98.51787123700024,4.870256649231493,1.3648457233128257,2.470256640447468,-1.185154276687174
98.59351083999991,4.86995601130345,1.3678192845050898,2.469956002519425,-1.18218071549491
98.61245633399994,4.869656007387608,1.3707895601099378,2.469655998603583,-1.179210439890062
98.63295519800022,4.869357922716952,1.373746630944586,2.4693579139329267,-1.1762533690554138
98.67916400100012,4.869060554178382,1.3767037738806447,2.4690605453943566,-1.1732962261193551
98.69952236200015,4.868763901789337,1.3796609887446825,2.468763893005312,-1.1703390112553174
98.7729536679999,4.868467965567217,1.3826182753632656,2.468467956783192,-1.1673817246367342
98.79939608699988,4.868172745529376,1.385575633562955,2.4681727367453514,-1.1644243664370448
98.82511577900004,4.867877471402849,1.3885403259982365,2.4678774626188242,-1.1614596740017633
98.86914762000015,4.867581863667087,1.391512324726556,2.4675818548830617,-1.1584876752734439
98.88920414299992,4.867286599439262,1.3944843576015995,2.467286590655237,-1.1555156423984003
98.97225962099992,4.866991473887156,1.3974583859587957,2.466991465103131,-1.1525416140412041
98.99179630500021,4.866696295954453,1.4004353816611208,2.466696287170428,-1.149564618338879
99.0140366999999,4.866401334907938,1.4034123988603748,2.4664013261239126,-1.146587601139625
99.056885599,4.866106590749183,1.4063894375407586,2.466106581965158,-1.1436105624592412
99.07694410800013,4.865812063479752,1.4093664976864695,2.465812054695727,-1.1406335023135303
99.15614843799995,4.865517753101198,1.4123435792817063,2.465517744317173,-1.1376564207182935
99.17860631399981,4.8652263223498275,1.4152881227306144,2.4652263135658026,-1.1347118772693854
99.20321181300005,4.864934115996218,1.4182289421770296,2.464934107212193,-1.1317710578229703
99.24870165199991,4.864640770415209,1.421169648204433,2.4646407616311836,-1.128830351795567
99.26893858699987,4.86434628565082,1.4241102403715045,2.4643462768667947,-1.1258897596284954
99.35567863000006,4.864050661747251,1.4270507182369452,2.4640506529632265,-1.1229492817630546
99.37694267200004,4.863751440201932,1.4300183319821513,2.4637514314179074,-1.1199816680178485
99.40343863899989,4.863451173463794,1.43299366639847,2.463451164679769,-1.11700633360153
99.4454429399998,4.863150660398353,1.4359689759454688,2.463150651614328,-1.114031024054531
99.46529805499995,4.862849901007668,1.4389442606027543,2.4628498922236433,-1.1110557393972456
99.54834028100004,4.862548895293801,1.4419195203499329,2.462548886509776,-1.108080479650067
99.57156353400023,4.86224886960339,1.4448839499785704,2.4622488608193653,-1.1051160500214294
99.59727869500011,4.8619506096022995,1.4478376289197432,2.4619506008182745,-1.1021623710802566
99.63816609200012,4.861653150852508,1.4507913886608113,2.461653142068483,-1.0992086113391886
99.71727936300022,4.861356493375902,1.4537452289844162,2.4613564845918767,-1.0962547710155837
99.74588902300002,4.861060637194309,1.4566991496731954,2.461060628410284,-1.0933008503268045
99.76925322199986,4.860764459926911,1.459663638423467,2.4607644511428863,-1.090336361576533
99.79471479099993,4.86046778671467,1.4626367503692659,2.460467777930645,-1.087363249630734
99.83593647499993,4.860171425874118,1.4656098934686312,2.4601714170900935,-1.0843901065313686
99.91073715599987,4.8598753774085335,1.4685830676887421,2.4598753686245085,-1.0814169323112577
99.93748756100013,4.859579641321179,1.4715562729967804,2.4595796325371544,-1.0784437270032194
99.95872490500005,4.859284217615318,1.4745295093599255,2.4592842088312934,-1.0754704906400743
99.98357906799993,4.85898805838107,1.4775121008202596,2.458988049597045,-1.0724878991797402
100.02076152200016,4.858691969996761,1.4804946993148045,2.4586919612127356,-1.0695053006851953
100.09178441699987,4.858395952462584,1.4834773048419292,2.458395943678559,-1.0665226951580706
100.12313281700017,4.85810020892451,1.4864576784592956,2.458100200140485,-1.0635423215407043
100.14330557999983,4.8578047061322005,1.4894338804907656,2.4578046973481755,-1.0605661195092342
100.16821611200021,4.857508966968867,1.4924100590438192,2.457508958184842,-1.0575899409561806
100.20877940899982,4.857212991436374,1.495386214099685,2.4572129826523494,-1.0546137859003148
100.27868531500008,4.856916779536588,1.4983623456395887,2.456916770752563,-1.0516376543604111
100.30364450800016,4.856620331271372,1.5013384536447592,2.4566203224873466,-1.0486615463552407
100.32481278000023,4.856325819155985,1.5042902217543723,2.45632581037196,-1.0457097782456275
100.34868936500015,4.8560309148732665,1.507235817286952,2.4560309060892416,-1.0427641827130478
100.38390440700005,4.8557349976682165,1.5101813112328426,2.4557349888841915,-1.0398186887671572
100.454355459,4.85543806757583,1.5131267032437232,2.4554380587918048,-1.0368732967562766
100.48291305500015,4.855142702484204,1.5160436529002175,2.455142693700179,-1.0339563470997823
100.50435663200005,4.854846172725322,1.518953333735195,2.4548461639412973,-1.0310466662648048
100.52973269999984,4.854547745476753,1.521862820569097,2.4545477366927284,-1.0281371794309029
100.56517637300021,4.854247420865415,1.524772112164514,2.4542474120813904,-1.025227887835486
100.63762859400003,4.853945199019043,1.5276812072841197,2.4539451902350184,-1.02231879271588
100.66417333300024,4.853640496663149,1.5305959291135602,2.4536404878791243,-1.0194040708864396
100.69239663999997,4.853330070264633,1.533561548294716,2.453330061480608,-1.0164384517052838
100.71312518700006,4.85302011108473,1.5365272163448127,2.4530201023007048,-1.0134727836551871
100.74730656600013,4.852710619131132,1.5394929331902374,2.4527106103471072,-1.0105070668097624
100.82352436100018,4.852401594411526,1.5424586987573807,2.4524015856275008,-1.007541301242619
100.85106606699992,4.852093036933575,1.5454245129726314,2.4520930281495503,-1.0045754870273684
100.87538289099984,4.851785994314538,1.5483810476345268,2.451785985530513,-1.001618952365473
100.89582000300015,4.851480285937737,1.551332639326351,2.451480277153712,-0.9986673606736489
100.93488453000009,4.8511754119770965,1.5542843173228496,2.4511754031930715,-0.9957156826771503
101.00315215199998,4.85087137245698,1.5572360813881325,2.4508713636729547,-0.9927639186118673
101.03636898000013,4.85056857963975,1.5601797975272753,2.4505685708557254,-0.9898202024727245
101.06125294100002,4.850265206346173,1.5631190511987267,2.4502651975621483,-0.9868809488012731
101.08369857800017,4.849960683416092,1.5660581859839127,2.449960674632067,-0.9839418140160872
101.12221583200017,4.849655010896097,1.5689972014331666,2.4496550021120718,-0.9810027985668333
101.22094092399993,4.849348188832955,1.571936097096847,2.4493481800489296,-0.9780639029031528
101.25290278600005,4.849040217273606,1.5748748725253316,2.449040208489581,-0.9751251274746682
101.28155093099986,4.848729034277429,1.5778353234392515,2.4487290254934044,-0.9721646765607483
101.30664911299982,4.848416769823479,1.580801657593509,2.448416761039454,-0.9691983424064907
101.33858893700017,4.8481040612590345,1.5837679449628683,2.4481040524750095,-0.9662320550371315
101.42425694399981,4.847790908591111,1.5867341854808457,2.4477908998070856,-0.9632658145191542
101.45720540499997,4.847477311826723,1.5897003790809434,2.447477303042698,-0.9602996209190564
101.4799493810001,4.847164276878784,1.5926610641988284,2.447164268094759,-0.9573389358011715
101.50169257100015,4.846851902456025,1.5956212004398111,2.4468518936719996,-0.9543787995601887
101.53394474700008,4.846540129058552,1.5985814000435212,2.4465401202745274,-0.9514185999564786
101.61708799400003,4.84623030906166,1.6015268133184244,2.446230300277635,-0.9484731866815754
101.64815327399992,4.845921266952406,1.6044539848261619,2.4459212581683807,-0.945546015173838
101.6698562370002,4.84561079002507,1.6073810044944523,2.445610781241045,-0.9426189955055475
101.69637891399998,4.845298878354253,1.6103078716199928,2.445298869570228,-0.939692128380007
101.72701895399996,4.844985532014904,1.6132345854995143,2.4449855232308786,-0.9367654145004856
101.81045831400024,4.84467075108231,1.61616114542978,2.444670742298285,-0.9338388545702199
101.8368300090001,4.844360508149896,1.6190486096168086,2.4443604993658714,-0.9309513903831912
101.85993611599997,4.844052932920547,1.621934276052772,2.4440529241365216,-0.9280657239472279
101.88554685300005,4.843747808393705,1.6248202026499785,2.4437477996096804,-0.9251797973500213
101.91717395900014,4.843445134789429,1.6277063873271276,2.4434451260054044,-0.9222936126728722
102.00472072399998,4.843144912326003,1.6305928280027338,2.443144903541978,-0.9194071719972661
102.0387679129999,4.842838843971886,1.633550802098256,2.4428388351878607,-0.9164491979017437
102.06644380399985,4.842530334252061,1.6365319002603906,2.4425303254680357,-0.9134680997396092
102.08522678700001,4.842221747521646,1.6395129904516939,2.442221738737621,-0.910487009548306
102.11347172200021,4.841913083780828,1.6424940726702808,2.4419130749968034,-0.907505927329719
102.19759812099983,4.841604343029801,1.645475146914165,2.4416043342457763,-0.9045248530858347
102.22392041800003,4.841296482517499,1.6484474502805861,2.4412964737334737,-0.9015525497194137
102.2479429,4.840990861799522,1.6514035274870678,2.440990853015497,-0.8985964725129321
102.27382570000009,4.840685962688326,1.6543596792094806,2.440685953904301,-0.8956403207905193
102.29641660700008,4.840381785202084,1.6573159052716682,2.4403817764180586,-0.8926840947283317
102.38314598499983,4.84007832935892,1.6602722054974839,2.440078320574895,-0.8897277945025159
102.40283980999993,4.839775595176915,1.663228579710766,2.4397755863928903,-0.8867714202892338
102.43572521599981,4.839471832764809,1.6661984392352789,2.4394718239807838,-0.8838015607647209
102.45966812200004,4.839167523540983,1.6691706411301657,2.439167514756958,-0.8808293588698342
102.49318312700007,4.838862898503501,1.6721428106734748,2.4388628897194757,-0.877857189326525
102.5893268599998,4.8385579576558,1.6751149478316503,2.438557948871775,-0.8748850521683496
102.6082983199999,4.838252701001322,1.6780870525711584,2.4382526922172967,-0.8719129474288414
102.6398259749999,4.837946652172179,1.6810644340963117,2.437946643388154,-0.8689355659036881
102.6601166129999,4.837640424516056,1.6840417972341966,2.4376404157320306,-0.8659582027658033
102.68753686699984,4.837334018034064,1.6870191419740603,2.4373340092500393,-0.8629808580259395
102.78407905899985,4.83702743272731,1.689996468305165,2.437027423943285,-0.8600035316948349
102.80993573400019,4.83672066859689,1.6929737762167685,2.4367206598128655,-0.8570262237832313
102.83999722699991,4.83641681248332,1.6959260254915038,2.4364168036992946,-0.854073974508496
102.86171598100009,4.836113779102663,1.698878359329026,2.4361137703186384,-0.8511216406709738
102.89295962599999,4.835811568478459,1.7018307775000494,2.4358115596944336,-0.8481692224999504
102.99508462099993,4.835510180634175,1.704783279775288,2.4355101718501504,-0.8452167202247118
103.03024622500016,4.835210813495604,1.7077249256815672,2.4352108047115792,-0.8422750743184326
103.05486751199987,4.834913436902659,1.710659399125847,2.434913428118634,-0.8393406008741529
103.07468196299988,4.8346173445855465,1.7135940024334446,2.4346173358015215,-0.8364059975665552
103.10582144199998,4.834322536600974,1.7165287350422942,2.4343225278169487,-0.8334712649577056
103.21016799400013,4.834028911713801,1.7194645912490685,2.4340289029297764,-0.8305354087509313
103.23443568399989,4.8337319235111655,1.7224383730406922,2.4337319147271406,-0.8275616269593076
103.26186177,4.8334346408543585,1.725412125410829,2.4334346320703335,-0.8245878745891708
103.28652304800016,4.833137063746294,1.7283858483302832,2.4331370549622693,-0.8216141516697166
103.31025693899983,4.8328391921898906,1.7313595417698995,2.4328391834058656,-0.8186404582301003
103.41422222700021,4.83254093436175,1.7343341690901244,2.4325409255777246,-0.8156658309098754
103.43702640599986,4.832242104905083,1.737314250476034,2.432242096121058,-0.8126857495239659
103.46145607400013,4.831943403899504,1.7402943447396493,2.431943395115479,-0.8097056552603505
103.48272995300022,4.831644831345568,1.743274451875442,2.4316448225615432,-0.8067255481245579
103.572584903,4.831346387243826,1.746254571877876,2.4313463784598013,-0.8037454281221239
103.60211413900015,4.83104807159484,1.7492347047414143,2.4310480628108153,-0.8007652952585855
103.62381861999984,4.830753667935327,1.7521803735768375,2.430753659151302,-0.7978196264231623
103.64676832699979,4.830461681143358,1.7551146653402163,2.4304616723593333,-0.7948853346597835
103.67046441499997,4.830170996840828,1.758049086420358,2.4301709880568034,-0.7919509135796419
103.7700527359998,4.82988161508501,1.7609836362391058,2.429881606300985,-0.789016363760894
103.7986885270002,4.829593535932924,1.7639183142182795,2.429593527148899,-0.7860816857817203
103.81994090499984,4.829304329312929,1.76687564423601,2.4293043205289044,-0.7831243557639898
103.84444255500011,4.829013034788925,1.7698538919232898,2.4290130260049003,-0.78014610807671
103.87823436200006,4.828721545625162,1.7728321205669386,2.428721536841137,-0.7771678794330612
103.9656342799999,4.828429861822865,1.7758103301542438,2.4284298530388404,-0.774189669845756
103.99105966100024,4.828137983383299,1.7787885206724865,2.428137974599274,-0.7712114793275133
104.0185195869999,4.827845821922383,1.7817676439961552,2.4278458131383585,-0.7682323560038447
104.044237006,4.827553376354173,1.7847481802867,2.4275533675701477,-0.7652518197132998
104.07537433700008,4.827260797731134,1.7877287035191136,2.4272607889471094,-0.7622712964808862
104.0942043189998,4.826968086053833,1.790709213687456,2.4269680772698083,-0.7592907863125438
104.11881986800017,4.826675241322862,1.7936897107857903,2.426675232538837,-0.7563102892142095
104.19256972799985,4.826382263538808,1.7966701948081711,2.4263822547547833,-0.7533298051918287
104.2147925029999,4.826089329949575,1.7996487888911656,2.42608932116555,-0.7503512111088342
104.24101577500005,4.825796571781325,1.8026229802067153,2.4257965629973,-0.7473770197932845
104.2669759270002,4.825503518864718,1.8055971424945936,2.4255035100806928,-0.7444028575054062
104.29195364899988,4.825210171202632,1.80857127572559,2.425210162418607,-0.7414287242744098
104.3769475680001,4.824916227240983,1.8115485777991354,2.4249162184569584,-0.7384514222008645
104.39874199199994,4.8246214887270416,1.8145333327289443,2.4246214799430166,-0.7354666672710555
104.42338186500001,4.824326769043831,1.8175180895181897,2.4243267602598064,-0.7324819104818101
104.471714368,4.824032068191362,1.8205028481667533,2.424032059407337,-0.7294971518332465
104.49498171100004,4.823737386169645,1.8234876086745158,2.42373737738562,-0.7265123913254841
104.55965039800003,4.823442722978695,1.8264723710413582,2.4234427141946697,-0.7235276289586416
104.58711700899994,4.82315077234385,1.8294330303595094,2.4231507635598253,-0.7205669696404904
104.61239100700004,4.822859462701251,1.8323937528158556,2.422859453917226,-0.7176062471841442
104.66020597299985,4.8225687940645505,1.8353545382716114,2.4225687852805255,-0.7146454617283884
104.68006726000021,4.822278766447371,1.8383153865879986,2.422278757663346,-0.7116846134120012
104.75626572600004,4.821989379863307,1.841276297626234,2.4219893710792824,-0.7087237023737658
104.78530357399995,4.821701731268953,1.8442272248778002,2.421701722484928,-0.7057727751221996
104.80883294100022,4.821415116025788,1.8471771245676267,2.421415107241763,-0.7028228754323731
104.85420019999992,4.821129426511013,1.8501271140555398,2.421129417726988,-0.6998728859444601
104.8756013379998,4.820844662752761,1.8530771930510312,2.4208446539687363,-0.6969228069489686
104.94792064000012,4.820560824779077,1.8560273612635823,2.4205608159950525,-0.6939726387364176
104.97512466299986,4.820276540519828,1.8589893644982372,2.420276531735803,-0.6910106355017627
104.9998693020002,4.819991186875231,1.8619591835881983,2.419991178091206,-0.6880408164118015
105.04632878299981,4.8197054084627045,1.86492896183386,2.4197053996786795,-0.6850710381661398
105.06688750100011,4.8194192052880895,1.8678986991745141,2.4194191965040646,-0.6821013008254857
105.1345363559999,4.8191325773572435,1.8708683955493535,2.4191325685732186,-0.6791316044506464
105.15927611100005,4.818845512102235,1.8738381817689695,2.41884550331821,-0.6761618182310303
105.184629889,4.818557818564297,1.876810416879967,2.4185578097802725,-0.6731895831200327
105.23394282200024,4.818269767645729,1.8797826173770946,2.418269758861704,-0.6702173826229052
105.25358855600007,4.8179813593506955,1.8827547832173825,2.4179813505666705,-0.6672452167826173
105.32610149599986,4.817693723753523,1.8857176535973756,2.417693714969498,-0.6642823464026242
105.35186492599996,4.8174072309959,1.8886755892058849,2.417407222211875,-0.661324410794115
105.37185948900014,4.8171214617443985,1.8916335948007317,2.4171214529603735,-0.6583664051992681
105.4159944879998,4.816836416016117,1.8945916702049506,2.416836407232092,-0.6554083297950493
105.43685313900005,4.816552093828107,1.8975498152415673,2.416552085044082,-0.6524501847584325
105.51516457200023,4.816268146228818,1.9005115795119958,2.4162681374447934,-0.649488420488004
105.54122901900018,4.815982310519466,1.903495366015985,2.415982301735441,-0.6465046339840148
105.56618620400013,4.8156964087712435,1.906479146193024,2.4156963999872185,-0.6435208538069759
105.61044902599997,4.815410440984288,1.909462920041584,2.415410432200263,-0.6405370799584158
105.63174408299983,4.815124407158722,1.9124466875602046,2.415124398374697,-0.6375533124397952
105.70620990799989,4.814838307294689,1.9154304487474203,2.4148382985106642,-0.6345695512525795
105.72890546899998,4.814552971386618,1.9184068979796978,2.4145529626025932,-0.631593102020302
105.75726080899994,4.8142680441873855,1.921382083109739,2.4142680354033605,-0.6286179168902608
105.79813239499981,4.813983405847081,1.9243572958890394,2.4139833970630558,-0.6256427041109605
105.82293846199991,4.813699056368385,1.9273325362895524,2.4136990475843603,-0.6226674637104475
105.91218277600001,4.813415037524535,1.9303073558883572,2.4134150287405096,-0.6196926441116426
105.95461265899985,4.813131676775111,1.9332736430357043,2.413131667991086,-0.6167263569642956
105.96702498800005,4.81284779649365,1.9362398805077488,2.4128477877096253,-0.6137601194922511
106.00528833299995,4.812563396688858,1.939206068213509,2.4125633879048327,-0.6107939317864908
106.08589450499994,4.812278477369462,1.9421722060619915,2.4122784685854373,-0.6078277939380083
106.11579888100005,4.8119931664252995,1.9451373382758468,2.4119931576412745,-0.604862661724153
106.13793995700007,4.811708430424593,1.9480996218137845,2.411708421640568,-0.6019003781862153
106.17840017200024,4.811424312213874,1.9510619646689413,2.411424303429849,-0.5989380353310585
106.21290404899992,4.8111408118055,1.9540243667124888,2.411140803021475,-0.595975633287511
106.29080565200002,4.8108579292117994,1.9569868278155822,2.4108579204277745,-0.5930131721844176
106.31604020099985,4.810575414773968,1.95995146682719,2.410575405989943,-0.5900485331728098
106.33577374800007,4.810292250409141,1.9629210436887536,2.410292241625116,-0.5870789563112462
106.36824919599985,4.810008649736762,1.9658905789138164,2.410008640952737,-0.5841094210861835
106.4031870140002,4.809724612762946,1.9688600724382685,2.4097246039789213,-0.5811399275617313
106.50099881999995,4.809440139493832,1.9718295241980088,2.409440130709807,-0.578170475801991
106.52751311500015,4.80915790155897,1.974775524990185,2.4091578927749446,-0.5752244750098148
106.5509387369998,4.808877837709397,1.9777115916156245,2.408877828925372,-0.5722884083843753
106.58275426399996,4.808599061610411,1.9806477807913245,2.408599052826386,-0.5693522192086753
106.62897887600002,4.808321573315638,1.983584091952481,2.408321564531613,-0.5664159080475188
106.72182426900008,4.808045372878455,1.9865205245342652,2.40804536409443,-0.5634794754657346
106.74867327799984,4.807770460351993,1.9894570779718281,2.4077704515679677,-0.5605429220281717
106.77782892000005,4.807496207248656,1.992399047185926,2.407496198464631,-0.5576009528140737
106.79891739799996,4.80722059459438,1.9953508328835898,2.407220585810355,-0.55464916711641
106.8314206189998,4.80694407698399,1.9983025339442042,2.4069440681999654,-0.5516974660557956
106.915397364,4.806666654443478,2.0012541500903356,2.406666645659453,-0.5487458499096642
106.93831148500021,4.806388326998916,2.0042056810445517,2.406388318214891,-0.5457943189554482
106.96685293700011,4.8061087336645585,2.007161396782166,2.4061087248805335,-0.5428386032178336
106.99590891800017,4.805828011162729,2.010129918904132,2.4058280023787044,-0.5398700810958679
107.0254869129999,4.805547757772934,2.0130984853509624,2.405547748988909,-0.5369015146490375
107.11181710400024,4.8052681666274895,2.0160649662040826,2.4052681578434645,-0.5339350337959172
107.13593845000014,4.804989968107324,2.0190122458484683,2.404989959323299,-0.5309877541515315
107.16466966200005,4.804710757595234,2.021959429794006,2.4047107488112087,-0.5280405702059938
107.19274612800018,4.804430535124135,2.0249065176932017,2.4044305263401102,-0.5250934823067981
107.22647503899998,4.804149300727072,2.027853509198585,2.4041492919430474,-0.5221464908014148
107.31056817199988,4.80386732306475,2.030797565891463,2.4038673142807254,-0.5192024341085366
107.3349012069998,4.803586359984032,2.0337159451826827,2.403586351200007,-0.5162840548173171
107.35979214300005,4.803303673837294,2.036634158074603,2.403303665053269,-0.5133658419253968
107.3836064520001,4.803019264723083,2.0395522035498965,2.4030192559390584,-0.5104477964501033
107.4174269680002,4.802733132740547,2.0424700805912908,2.4027331239565224,-0.5075299194087091
107.50239562100023,4.802445277989438,2.0453877881815736,2.4024452692054132,-0.5046122118184262
107.52985363700009,4.802154156024929,2.0483285114074468,2.402154147240904,-0.5016714885925531
107.56223158900002,4.801863040203508,2.051277801934161,2.401863031419483,-0.49872219806583873
107.58265283999981,4.801572854203653,2.0542271840928312,2.401572845419628,-0.4957728159071686
107.61234282399982,4.801283598054209,2.0571766575903223,2.4012835892701836,-0.4928233424096775
107.68698547399981,4.800995271783925,2.060126222133481,2.4009952629998996,-0.489873777866519
107.71251531600001,4.800708027515851,2.063074354860969,2.400708018731826,-0.4869256451390309
107.73776382599999,4.800422437171261,2.066016498990117,2.400422428387236,-0.48398350100988274
107.76081328500004,4.800137969483656,2.06895875187801,2.4001379606996314,-0.4810412481219899
107.7865017019999,4.799854624494454,2.0719011130962675,2.3998546157104292,-0.47809888690373237
107.87004668400004,4.799572402244909,2.074843582216491,2.399572393460884,-0.4751564177835088
107.89154032099987,4.799291302776108,2.077786158810269,2.3992912939920834,-0.47221384118973075
107.91459792100022,4.799011187488848,2.080730057917214,2.3990111787048227,-0.4692699420827857
107.94036097300022,4.798730236275195,2.0836808398687214,2.39873022749117,-0.4663191601312784
107.96417590100009,4.798448367674288,2.0866315343296455,2.398448358890263,-0.4633684656703543
108.04959725500021,4.798165581713365,2.0895821410147533,2.3981655729293396,-0.46041785898524656
108.07309448200022,4.797880727159811,2.092545880919765,2.3978807183757858,-0.4574541190802348
108.1026404449999,4.797594871606906,2.095515238262514,2.397594862822881,-0.45448476173748587
108.121984247,4.79730858076059,2.09848455366802,2.397308571976565,-0.45151544633197993
108.14554130499982,4.797021854627008,2.1014538270724725,2.3970218458429833,-0.4485461729275273
108.23041371399995,4.796734693212329,2.104423058412058,2.396734684428304,-0.4455769415879418
108.25337814600016,4.796447096522719,2.1073922476229687,2.3964470877386943,-0.4426077523770311
108.28689367300012,4.796158641604952,2.110367674757606,2.3961586328209274,-0.43963232524239393
108.30750065800021,4.7958701838086215,2.1133452086435494,2.3958701750245965,-0.43665479135645047
108.33040742599997,4.795581946032236,2.1163227638363997,2.395581937248211,-0.4336772361636001
108.42098568400024,4.795296353834811,2.119273184892584,2.395296345050786,-0.43072681510741573
108.43958782500022,4.795012519957598,2.122190298822374,2.3950125111735727,-0.4278097011776256
108.46625788700021,4.794726938913764,2.125107242225425,2.3947269301297394,-0.4248927577745749
108.48845499800018,4.7944396108057585,2.1280240140552995,2.3944396020217336,-0.4219759859447003
108.518980113,4.794150535736656,2.130940613265616,2.394150526952631,-0.4190593867343839
108.6129174570001,4.793859713810167,2.1338570388100577,2.393859705026142,-0.4161429611899421
108.63454587700016,4.793566896069804,2.136776114931911,2.3935668872857794,-0.41322388506808894
108.66775688100006,4.793272390471566,2.1396951712717023,2.393272381687541,-0.41030482872829754
108.68750383299994,4.792976212064339,2.142614058356425,2.392976203280314,-0.4073859416435748
108.71637383400002,4.792678360945395,2.145532775227452,2.39267835216137,-0.40446722477254804
108.80750276900017,4.792378837212557,2.148451320926209,2.3923788284285323,-0.401548679073791
108.85129494300008,4.79207896731533,2.1513714433766697,2.392078958531305,-0.3986285566233301
108.87973438500012,4.791780715480127,2.1542918163858613,2.391780706696102,-0.3957081836141385
108.905952351,4.791484094573406,2.1572123554983706,2.3914840857893807,-0.3927876445016292
108.93142737500011,4.791189104687676,2.1601330598033823,2.3911890959036506,-0.3898669401966175
109.01348799100015,4.790894817535479,2.163062881792553,2.390894808751454,-0.38693711820744703
109.04325315999995,4.790596039186093,2.1660435350951106,2.3905960304020684,-0.3839564649048892
109.06640050099986,4.7902973747438296,2.1690241998135136,2.3902973659598046,-0.38097580018648625
109.08606232700004,4.78999882420915,2.17200487594333,2.3899988154251246,-0.3779951240566697
109.11405831499997,4.78970038758248,2.1749855634802024,2.3897003787984548,-0.3750144365197974
109.20467425800007,4.789402064864252,2.1779662624197815,2.3894020560802267,-0.3720337375802183
109.23034055400012,4.789107060175363,2.180917953573947,2.389107051391338,-0.3690820464260529
109.25627754000016,4.788813807302007,2.1838624847741075,2.388813798517982,-0.36613751522589233
109.27552695299983,4.788521598234725,2.1868071197425634,2.3885215894507,-0.36319288025743646
109.30147091900017,4.788230433010233,2.1897518581092954,2.3882304242262085,-0.3602481418907044
109.39257088900013,4.787940311665122,2.192696699504272,2.387940302881097,-0.3573033004957278
109.41693134600018,4.787650648209725,2.1956468559592976,2.3876506394257,-0.3543531440407022
109.44426200199996,4.787359591916736,2.1986091721642973,2.3873595831327115,-0.3513908278357025
109.47466314800022,4.787067934369758,2.2015714292327027,2.387067925585733,-0.34842857076729716
109.493220716,4.786775675580808,2.2045336270424896,2.3867756667967828,-0.34546637295751026
109.58428568299996,4.78648281556192,2.207495765471626,2.3864828067778947,-0.342504234528374
109.61014275600019,4.78618958218708,2.210455576448426,2.386189573403055,-0.3395444235515739
109.63553073100002,4.78590130841908,2.213372358693293,2.3859012996350546,-0.33662764130670686
109.65891267300003,4.785614779112157,2.216289312821423,2.385614770328132,-0.33371068717857666
109.68560587799993,4.785329994368801,2.219206437789486,2.3853299855847756,-0.33079356221051404
109.7884804360001,4.785046954290872,2.222123732554096,2.3850469455068466,-0.3278762674459039
109.81015288200024,4.7847656190089305,2.2250416091037013,2.3847656102249055,-0.3249583908962985
109.83963691200006,4.784485161258396,2.2279674906407005,2.384485152474371,-0.3220325093592993
109.8639046180001,4.784206242949346,2.230893519330798,2.384206234165321,-0.3191064806692019
109.9515973309999,4.783928864158988,2.233819694364022,2.3839288553749634,-0.316180305635978
109.99338714900023,4.783649928361751,2.2367755160315346,2.3836499195777257,-0.31322448396846525
110.01265543399995,4.783368718537921,2.2397548897266306,2.383368709753896,-0.3102451102733692
110.03685470099981,4.783087318033649,2.242734245418078,2.3830873092496243,-0.30726575458192196
110.06573321699989,4.7828057268500785,2.245713583093685,2.3828057180660536,-0.30428641690631464
110.15276955099989,4.782523944988361,2.2486929027412517,2.382523936204336,-0.30130709725874816
110.18271050200019,4.782242778102603,2.2516627863225493,2.382242769318578,-0.2983372136774505
110.20316012900003,4.781961471539126,2.254628587648075,2.381961462755101,-0.2953714123519249
110.22810420199994,4.781679628094441,2.25759433800133,2.381679619310416,-0.2924056619986697
110.26166328999989,4.781397247777791,2.260560037285128,2.3813972389937663,-0.2894399627148716
110.34914905899996,4.781114330598423,2.2635256854022807,2.381114321814398,-0.2864743145977191
110.37922371600007,4.780833124597946,2.266470970299607,2.3808331158139207,-0.28352902970039295
110.39813055100012,4.7805547788160885,2.26939973348839,2.3805547700320635,-0.28060026651160985
110.42323619699982,4.780277906268851,2.272328636317575,2.380277897484826,-0.27767136368242484
110.45196530900012,4.7800025070262855,2.275257678046097,2.3800024982422605,-0.2747423219539029
110.47294820800016,4.779728581158073,2.2781868579328495,2.3797285723740482,-0.27181314206715035
110.49967746599987,4.779456128733522,2.2811161752366904,2.3794561199494972,-0.2688838247633094
110.57333216699999,4.779185149821569,2.284045629216445,2.3791851410375444,-0.26595437078355477
110.598186747,4.7789156444907785,2.286975219130904,2.3789156357067536,-0.26302478086909575
110.62883551799996,4.778645724338066,2.2899220260508306,2.378645715554041,-0.2600779739491692
110.64990256700003,4.778373977435683,2.2928839119851685,2.378373968651658,-0.2571160880148313
110.67580236599997,4.778101571494769,2.2958457373801635,2.3781015627107442,-0.2541542626198363
110.75448530799986,4.7778285065288175,2.2988075020891565,2.3778284977447925,-0.2511924979108433
110.77567557900011,4.777557493927212,2.3017359561489488,2.377557485143187,-0.24826404385105105
110.80703838199997,4.777285389404931,2.3046583968000145,2.3772853806209064,-0.24534160319998533
110.85027520499989,4.777011640669042,2.307580683893996,2.377011631885017,-0.24241931610600398
110.8762793310002,4.7767362478062,2.3105028165058306,2.376736239022175,-0.23949718349416926
110.94241830800001,4.7764592109035835,2.3134247937105044,2.3764592021195585,-0.23657520628949547
110.96616010400021,4.776179477411645,2.3163582173299897,2.3761794686276203,-0.23364178267001012
110.99101358500002,4.775896535394076,2.3193152936666603,2.375896526610051,-0.23068470633333948
111.03357279900001,4.775612839458229,2.3222722977691594,2.375612830674204,-0.22772770223084038
111.05991475600013,4.775328389622545,2.3252292294452714,2.37532838083852,-0.22477077055472838
111.13018483699989,4.775043185905515,2.3281860885027856,2.37504317712149,-0.2218139114972142
111.1507519390002,4.7747572283256785,2.331142874749496,2.3747572195416535,-0.2188571252505036
111.17926936200001,4.774471492758426,2.334088411673365,2.374471483974401,-0.2159115883266347
111.22100276499987,4.774184998297429,2.3370301177702517,2.3741849895134037,-0.2129698822297481
111.24200313500023,4.773897372504098,2.3399717134664106,2.3738973637200727,-0.21002828653358918
111.32136080700002,4.773609703666586,2.34290159906263,2.373609694882561,-0.20709840093736975
111.34656798700007,4.77332236692185,2.345809776777571,2.3733223581378247,-0.20419022322242864
111.37238941800024,4.773033072837384,2.348717760436267,2.373033064053359,-0.2012822395637328
111.41892865499995,4.772741821544247,2.351625548721339,2.372741812760222,-0.19837445127866093
111.43881775799991,4.7724486131743795,2.354533140315491,2.3724486043903545,-0.1954668596845086
111.50703121100014,4.772153447860611,2.357440533901523,2.372153439076586,-0.19255946609847685
111.53142007799988,4.771851176010404,2.3604081095906473,2.3718511672263793,-0.18959189040935254
111.55999867399987,4.771548369068618,2.3633833183964628,2.3715483602845926,-0.18661668160353706
111.60502250199988,4.771245805063756,2.366358551917574,2.3712457962797306,-0.183641448082426
111.62521403900018,4.770943483997843,2.3693338101341483,2.3709434752138177,-0.18066618986585148
111.69423170300024,4.770641405872895,2.372309093026347,2.37064139708887,-0.17769090697365275
111.71923244900017,4.7703433290529675,2.375244236379026,2.3703433202689426,-0.17475576362097378
111.74353771100004,4.770047375970504,2.3781390488174003,2.3700473671864795,-0.17186095118259948
111.78655906499989,4.769749162557778,2.381033629277652,2.369749153773753,-0.16896637072234766
111.80653770800018,4.769448688996612,2.3839279759948653,2.3694486802125874,-0.16607202400513454
111.88046745500014,4.769145955470219,2.3868220872042687,2.3691459466861944,-0.16317791279573113
111.90597301400021,4.76884096216318,2.389715961141237,2.3688409533791552,-0.16028403885876275
111.9315364160002,4.768529180530429,2.3926622084875615,2.368529171746404,-0.15733779151243832
111.97337970499984,4.7682164828928775,2.3956224930273704,2.3682164741088525,-0.15437750697262942
111.9927287999999,4.767904381656282,2.3985828405048117,2.3679043728722573,-0.15141715949518808
112.06600565999997,4.767592760356068,2.4015443317358764,2.3675927515720434,-0.14845566826412337
112.09291545799988,4.767281186390092,2.404510200675091,2.3672811776060674,-0.1454897993249089
112.11855290799986,4.7669700702207765,2.4074761176715787,2.3669700614367515,-0.14252388232842117
112.16288833499993,4.766659411855537,2.4104420826546793,2.366659403071512,-0.13955791734532053
112.18292150200023,4.7663492113017725,2.413408095553727,2.3663492025177475,-0.13659190444627267
112.2586912769998,4.766039468566875,2.416374156298055,2.3660394597828502,-0.13362584370194464
112.27497602099993,4.765729929814276,2.419342477368939,2.3657299210302507,-0.1306575226310609
112.30011956899989,4.765420721355157,2.422311392613051,2.3654207125711317,-0.12768860738694876
112.344503154,4.765111899535992,2.4252803480997365,2.3651118907519666,-0.12471965190026335
112.41182053200009,4.764803464362018,2.428249343778644,2.364803455577993,-0.12175065622135595
112.4401526910001,4.764495415838464,2.4312183795994198,2.3644954070544393,-0.11878162040058005
112.46083571200006,4.764187609247602,2.434188835448907,2.3641876004635773,-0.11581116455109264
112.48601577999989,4.763878690516685,2.437171730455364,2.36387868173266,-0.11282826954463587
112.52847561599992,4.7635698015494405,2.4401546285440983,2.3635697927654156,-0.10984537145590156
112.60206776999985,4.763260942345905,2.443137529714814,2.36326093356188,-0.10686247028518592
112.63177703200017,4.762959722693877,2.446052353020057,2.3629597139098517,-0.10394764697994274
112.65346716400018,4.7626647983909605,2.448930743330573,2.3626647896069355,-0.1010692566694269
112.68124872599992,4.7623725319614,2.451809404730982,2.3623725231773753,-0.09819059526901786
112.72378480799989,4.762082923654376,2.4546883347670465,2.3620829148703506,-0.09531166523295331
112.79538424800012,4.761795973716794,2.4575675309842877,2.3617959649327687,-0.09243246901571212
112.82833166399996,4.761508940682636,2.4604729485529826,2.361508931898611,-0.08952705144701723
112.84716057500009,4.761220216707675,2.463410004897257,2.3612202079236497,-0.0865899951027429
112.87438465500009,4.760932734591679,2.466347183055994,2.3609327258076545,-0.08365281694400561
112.91547397600016,4.760646494386042,2.469284482504102,2.360646485602017,-0.08071551749589778
112.9953256419999,4.760361496141937,2.4722219027164716,2.360361487357912,-0.07777809728352825
113.03012307900008,4.760075367385527,2.4751822225856923,2.360075358601502,-0.07481777741430751
113.0497331800002,4.759787419489852,2.478163790648306,2.359787410705827,-0.07183620935169399
113.07996620299991,4.759499589420309,2.481145370087739,2.359499580636284,-0.06885462991226099
113.1154946239999,4.759211877177363,2.484126960899344,2.3592118683933383,-0.0658730391006559
113.1881487149999,4.758924282761461,2.487108563078463,2.358924273977436,-0.06289143692153676
113.22115858200004,4.758637978344736,2.4900787132582893,2.358637969560711,-0.05992128674171049
113.24094956599993,4.758353699312742,2.49303490971635,2.3583536905287175,-0.05696509028364982
113.26648417100023,4.758070193162585,2.4959911803956856,2.3580701843785596,-0.05400881960431425
113.30473933900021,4.757787459913638,2.4989475250942306,2.3577874511296133,-0.05105247490576925
113.38772339100024,4.7575054995852355,2.5019039436099146,2.3575054908012105,-0.048096056390085185
113.41688648699983,4.757224076527154,2.5048616692590238,2.3572240677431293,-0.04513833074097606
113.44038373500007,4.756942046343122,2.5078212210059654,2.356942037559097,-0.04217877899403444
113.46480371400003,4.756659322590427,2.510780706577339,2.3566593138064023,-0.03921929342266095
113.50599269700024,4.756375905284594,2.51374012581061,2.3563758965005692,-0.03625987418939003
113.58645429299986,4.75609179444119,2.516699478543245,2.356091785657165,-0.03330052145675477
113.61059901899989,4.7558069140317505,2.5196596152346764,2.3558069052477255,-0.030340384765323414
113.63730944300005,4.755521298863177,2.5226274026748046,2.355521290079152,-0.027372597325195258
113.66369524799984,4.755236159550418,2.525595235872022,2.3552361507663933,-0.024404764127977874
113.69340501099987,4.754951496100807,2.528563114750049,2.354951487316782,-0.021436885249950688
113.7743394969998,4.754667308521662,2.5315310392325867,2.354667299737637,-0.018468960767413112
113.80126479299997,4.754383596820288,2.534499009243332,2.354383588036263,-0.015500990756667665
113.82599447199982,4.7541011991487165,2.5374555015641445,2.3541011903646916,-0.012544498435855367
113.85077756100009,4.753818683589017,2.540404247019136,2.3538186748049923,-0.009595752980863903
113.87760941599981,4.753535203269302,2.5433528998824193,2.353535194485277,-0.006647100117580518
113.9493041679998,4.75325075821992,2.5463014598383453,2.353250749435895,-0.0036985401616544955
113.97803679500021,4.752965005754295,2.549257684612359,2.3529649969702704,-0.0007423153876406907
113.99847091999982,4.752679543238967,2.5522172764021067,2.3526795344549423,0.0022172764021068936
114.0251815329998,4.752394764892568,2.555176934102414,2.3523947561085428,0.005176934102414155
114.05631392699979,4.752110670730318,2.5581366575551288,2.3521106619462926,0.008136657555128934
114.13557875400011,4.751827260767396,2.561096446602087,2.3518272519833707,0.011096446602087084
114.15726361799989,4.751544535018947,2.5640563010851207,2.3515445262349224,0.014056301085120904
114.20055563000005,4.751262965018028,2.5670118128988433,2.351262956234003,0.01701181289884346
114.20215898300012,4.7509822504116235,2.569966911330876,2.3509822416275985,0.019966911330876247
114.23661743799994,4.7507023450801755,2.572922086526812,2.3507023362961506,0.02292208652681227
114.32052624900007,4.750422255140374,2.575887302670478,2.350422246356349,0.025887302670478007
114.3431250980002,4.7501409552403135,2.5788682143241077,2.3501409464562886,0.02886821432410791
114.36760020400015,4.7498598063447,2.5818491402237247,2.349859797560675,0.03184914022372487
114.39036417399984,4.749578808454257,2.584830080361683,2.349578799670232,0.034830080361683
114.42712082900016,4.749297961569703,2.5878110347303305,2.3492979527856783,0.03781103473033065
114.51557245499998,4.749019059483344,2.5907738198253614,2.349019050699319,0.040773819825361546
114.54570504499998,4.748744532485318,2.593702933558913,2.3487445237012934,0.04370293355891297
114.56934939499979,4.748471479147373,2.5966321850351974,2.348471470363348,0.046632185035197615
114.5910187720001,4.748199899538616,2.5995615735128137,2.3481998907545907,0.04956157351281387
114.62053316899983,4.747929793727784,2.602491098250317,2.347929784943759,0.05249109825031706
114.706662263,4.747661161783245,2.6054207585062263,2.3476611529992204,0.05542075850622652
114.73601578099988,4.747391116918009,2.608378722385588,2.347391108133984,0.058378722385588055
114.75789310800019,4.747121165471734,2.6113425476196617,2.347121156687709,0.06134254761966185
114.77900275499996,4.746851828099548,2.614306428720753,2.3468518193155234,0.06430642872075332
114.80852609700014,4.746583104813012,2.6172703655616316,2.346583096028987,0.0672703655616318
114.90751721400011,4.746314995623662,2.6202343580150673,2.3463149868396367,0.0702343580150675
114.92991119499993,4.746055356947915,2.623120581720968,2.34605534816389,0.07312058172096814
114.95252927699994,4.745799820349676,2.6259933145799277,2.345799811565651,0.07599331457992786
114.9760737810002,4.745547170044616,2.6288663027204007,2.345547161260591,0.07886630272040085
115.00239818199998,4.745297406287754,2.631739543242477,2.3452973975037295,0.08173954324247701
115.08435354499989,4.745050529331193,2.6346130332459863,2.345050520547168,0.08461303324598646
115.11258799000007,4.744806004587857,2.637492746019661,2.344805995803832,0.08749274601966128
115.13709533400015,4.7445544966582425,2.64046963916056,2.3445544878742175,0.09046963916056017
115.16315532199997,4.744303147295751,2.6434480424315927,2.344303138511726,0.09344804243159288
115.18438905899984,4.744052082127884,2.6464264696723516,2.344052073343859,0.0964264696723518
115.27218481299997,4.743802056893935,2.6493963370007148,2.3438020481099104,0.09939633700071493
115.29670983899996,4.743554554786467,2.6523462391675707,2.343554546002442,0.10234623916757091
115.322910718,4.743308068502653,2.65529622638773,2.343308059718628,0.1052962263877304
115.3465222599998,4.743062598071719,2.658246298311388,2.3430625892876944,0.10824629831138832
115.36899710599982,4.742818143522774,2.6611964545887257,2.342818134738749,0.11119645458872585
115.46545294799989,4.742574272916414,2.664151602873666,2.3425742641323892,0.11415160287366621
115.48952394400021,4.742328744151158,2.667127939005565,2.342328735367133,0.11712793900556528
115.509954569,4.742082865769581,2.6701042462756863,2.3420828569855563,0.1201042462756865
115.53219823600011,4.741836637775073,2.673080524642948,2.341836628991048,0.12308052464294805
115.56080947700002,4.741590060171029,2.67605677406628,2.3415900513870036,0.12605677406628013
115.66423476199998,4.741343781333028,2.6790249995539885,2.341343772549003,0.12902499955398872
115.68505550000009,4.7411000517163675,2.6819478267032806,2.3411000429323425,0.13194782670328076
115.71178582699986,4.740854624235407,2.6848705117739384,2.340854615451382,0.1348705117739386
115.73809495500018,4.740607498972973,2.68779305377968,2.340607490188948,0.1377930537796801
115.766136663,4.7403586760124545,2.6907154517342677,2.3403586672284296,0.14071545173426792
115.86715467000022,4.740107283768567,2.693648610473475,2.340107274984542,0.1436486104734751
115.88999367499991,4.739852082099392,2.696623592344047,2.339852073315367,0.1466235923440471
115.91470372399999,4.739597243775336,2.6995986053609236,2.339597234991311,0.14959860536092373
115.94066987499991,4.739342768800204,2.7025736494797585,2.3393427600161787,0.1525736494797587
115.96622105000006,4.739088657177783,2.7055487246561767,2.339088648393758,0.15554872465617686
116.06844600900013,4.738836572884548,2.7085026893111586,2.338836564100523,0.15850268931115874
116.09152876300004,4.738586423535539,2.7114172921330777,2.338586414751514,0.16141729213307787
116.1176191290001,4.7383343877764315,2.714331732436549,2.3383343789924065,0.16433173243654897
116.14424988400015,4.738080465712813,2.7172460090006343,2.3380804569287883,0.16724600900063447
116.2355378430002,4.737824657451057,2.7201601206044677,2.337824648667032,0.17016012060446783
116.26121153099984,4.73756687580613,2.7230750622106146,2.337566867022105,0.17307506221061475
116.28062933499996,4.737304698737463,2.7260235172862157,2.3373046899534384,0.1760235172862159
116.30899774299996,4.737041501816204,2.7289718814985853,2.3370414930321792,0.17897188149858545
116.33503671200015,4.736777285073841,2.731920154494968,2.336777276289816,0.18192015449496823
116.43725401199981,4.736512048541985,2.734868335922612,2.33651203975796,0.1848683359226122
116.46511249100013,4.736246300020363,2.73781056099884,2.3362462912363378,0.18781056099884008
116.48931630600009,4.735980397275136,2.74073898112294,2.335980388491111,0.1907389811229403
116.50895910400004,4.735712983650877,2.743667263665101,2.3357129748668517,0.19366726366510134
116.54047605200003,4.735444059218772,2.7465954078458017,2.3354440504347473,0.19659540784580187
116.67934302899994,4.735173624050411,2.749523412885564,2.335173615266386,0.19952341288556408
116.70348017800006,4.734901678217783,2.7524512780049415,2.334901669433758,0.20245127800494167
116.7310174019999,4.734626578237406,2.7554023270416725,2.334626569453381,0.20540232704167272
116.75890645300024,4.734350999438413,2.758364428124049,2.334350990654388,0.2083644281240491
116.7835081459998,4.734076065189257,2.761326589101314,2.3340760564052316,0.21132658910131408
116.81885552799986,4.7338017755029576,2.7642888098332277,2.3338017667189326,0.21428880983322784
116.852593781,4.7335281303925,2.7672510901795344,2.333528121608475,0.2172510901795346
116.95483746899981,4.7332551298708365,2.7702134299999743,2.3332551210868115,0.2202134299999745
116.9805301309998,4.73298112964041,2.7731908799372564,2.332981120856385,0.22319087993725661
117.0119306319998,4.732706638978407,2.776172085259842,2.3327066301943824,0.22617208525984234
117.03688092099992,4.732431988523086,2.7791532758653448,2.3324319797390607,0.22915327586534495
117.05772629400008,4.732157178275246,2.782134451745199,2.332157169491221,0.2321344517451993
117.15098020000005,4.7318822082356595,2.7851156128908383,2.3318821994516346,0.2351156128908385
117.18449375499995,4.731607503255038,2.7880914419674414,2.331607494471013,0.23809144196744159
117.21342361300003,4.731332519968314,2.7910669634139293,2.331332511184289,0.24106696341392952
117.26943823700003,4.731057232405584,2.794042456725013,2.3310572236215594,0.24404245672501323
117.29495783099992,4.730781640569736,2.797017921869575,2.3307816317857113,0.24701792186957539
117.3689249969998,4.730505832427213,2.7999925650909843,2.3305058236431884,0.24999256509098444
117.38975465400017,4.730230498436892,2.802964044740972,2.3302304896528674,0.2529640447409722
117.41787883999996,4.729955571125905,2.8059355620453457,2.32995556234188,0.25593556204534584
117.47175894300017,4.729681050499403,2.8089071169484514,2.329681041715378,0.2589071169484516
117.49185342100009,4.72940693656252,2.811878709394625,2.329406927778495,0.2618787093946251
117.56378830299991,4.729133312103258,2.814849318332892,2.329133303319233,0.2648493183328924
117.59244501500007,4.728859995388511,2.817814126753563,2.328859986604486,0.2678141267535632
117.62518063700008,4.728586097455222,2.820778881536003,2.3285860886711967,0.27077888153600327
117.68067807699981,4.728311618313918,2.8237435825662702,2.328311609529893,0.2737435825662704
117.70743781400006,4.728036557975149,2.8267082297304205,2.328036549191124,0.27670822973042064
117.78967839899997,4.727760916449487,2.8296728229145165,2.327760907665462,0.27967282291451667
117.8113593930002,4.72748485491775,2.832635661263172,2.3274848461337254,0.2826356612631722
117.84863032300018,4.727212336765304,2.835566230276514,2.3272123279812793,0.28556623027651407
117.88773269500007,4.72694126094441,2.8384969330565233,2.326941252160385,0.28849693305652346
117.91481160400008,4.726671627520733,2.8414277688933236,2.326671618736708,0.2914277688933238
117.98958787899983,4.72640343655958,2.844358737077012,2.326403427775555,0.2943587370770122
118.01116029900004,4.726136448572388,2.847292430024335,2.3261364397883626,0.29729243002433536
118.03563567899982,4.725867756335961,2.8502555686962436,2.325867747551936,0.3002555686962438
118.080383214,4.725599698517399,2.8532187648275755,2.3255996897333744,0.3032187648275757
118.1089535760002,4.7253322751289915,2.8561820182825075,2.3253322663449665,0.3061820182825077
118.18493842199996,4.725065486182995,2.859145328925206,2.32506547739897,0.3091453289252062
118.20521309700007,4.724799331691638,2.862108696619834,2.3247993229076127,0.3121086966198341
118.23604054499992,4.724532328506823,2.865085666923194,2.3245323197227976,0.3150856669231943
118.27553719600019,4.724264839584006,2.8680660133298943,2.3242648307999807,0.3180660133298945
118.2993974850001,4.723997152445513,2.8710463419399037,2.323997143661488,0.3210463419399039
118.37814986600006,4.7237304641460405,2.874015546223793,2.3237304553620155,0.324015546223793
118.39707609600009,4.723464775170494,2.8769800341913125,2.323464766386469,0.3269800341913127
118.42831550099982,4.723199693302728,2.8799445765075355,2.3231996845187033,0.3299445765075357
118.4652867079999,4.722935218553861,2.8829091730481293,2.322935209769836,0.3329091730481295
118.49006026400002,4.722671350934984,2.885873823688761,2.3226713421509593,0.33587382368876106
118.56509545900008,4.722408073809867,2.8888384374908975,2.3224080650258423,0.3388384374908977
118.59056379999993,4.722144601864021,2.891802676631067,2.322144593079996,0.3418026766310671
118.61591226000019,4.721880511442207,2.894766860733912,2.3218805026581824,0.34476686073391205
118.66087081100022,4.72161580255592,2.8977309896703733,2.3216157937718953,0.3477309896703735
118.682659178,4.721350475216687,2.900695063311413,2.3213504664326616,0.350695063311413
118.75530273000004,4.721084529436055,2.903659081527991,2.3210845206520303,0.35365908152799097
118.77916296600006,4.720820388253629,2.9065926418456765,2.320820379469604,0.35659264184567663
118.80678933099989,4.720555371549871,2.9095184677805,2.320555362765846,0.3595184677805001
118.84724375299993,4.720288777767092,2.912444150437443,2.3202887689830667,0.3624441504374434
118.93555174099993,4.720020606982748,2.9153696889664307,2.3200205981987234,0.36536968896643085
118.96449954899981,4.719750142370823,2.918303245568029,2.319750133586798,0.36830324556802907
118.99041246600018,4.719475328940036,2.9212803362520585,2.319475320156011,0.3712803362520587
119.02253221599995,4.719200780034313,2.924257451342344,2.3192007712502885,0.374257451342344
119.06953433099989,4.718926495655823,2.9272345908154223,2.318926486871798,0.37723459081542243
119.15244762900011,4.718652475806725,2.9302117546477873,2.3186524670227002,0.38021175464778745
119.18147345599982,4.718379782270153,2.9331784347606726,2.3183797734861282,0.3831784347606728
119.20094018600003,4.718108136413242,2.936140665826436,2.3181081276292166,0.38614066582643636
119.23163087800003,4.717837141098481,2.939102956476919,2.3178371323144558,0.3891029564769193
119.27095380699984,4.717566796338939,2.942065306569253,2.3175667875549144,0.3920653065692532
119.34858734499994,4.717297102147661,2.945027715960566,2.3172970933636363,0.3950277159605662
119.37966930199991,4.717027063904312,2.947999698201795,2.317027055120287,0.39799969820179504
119.40012754100007,4.71675619915335,2.950979463210442,2.316756190369325,0.400979463210442
119.42707484899984,4.716485129114581,2.953959209551012,2.316485120330556,0.40395920955101206
119.47127080100017,4.716213853789283,2.956938937209364,2.3162138450052576,0.40693893720936414
119.54575295699988,4.71594237317875,2.9599186461713543,2.3159423643947252,0.40991864617135443
119.57614389499986,4.7156712511072225,2.962893239585703,2.3156712423231975,0.41289323958570323
119.59548289199984,4.7154008887398575,2.965863690030392,2.3154008799558325,0.41586369003039225
119.62282596900013,4.715130971001148,2.9688341809104264,2.3151309622171232,0.41883418091042657
119.6657640200001,4.71486149789714,2.971804712159254,2.3148614891131154,0.4218047121592541
119.74338860099988,4.714592469433863,2.974775283710318,2.314592460649838,0.42477528371031825
119.77123764699991,4.714325985533544,2.9777240539243057,2.3143259767495192,0.4277240539243059
119.79356839499997,4.714063402858507,2.9806462491018215,2.314063394074482,0.4306462491018217
119.81898331699995,4.713802492505134,2.983568594068495,2.313802483721109,0.433568594068495
119.85540226800003,4.7135432545588705,2.9864910878672846,2.3135432457748455,0.43649108786728474
119.93264585199995,4.713285689104616,2.9894137295410994,2.313285680320591,0.4394137295410996
119.96337024200011,4.713030052658927,2.9923322267825156,2.313030043874902,0.4423322267825158
119.9881593680002,4.712774502961572,2.995237789898038,2.3127744941775474,0.4452377898980382
120.01095463299998,4.712516857711597,2.9981431679442108,2.312516848927572,0.44814316794421094
120.0452987980002,4.712257117043019,3.0010483594096993,2.312257108258994,0.45104835940969945
120.12930301200004,4.7119952810909504,3.0039533627832364,2.3119952723069255,0.4539533627832366
120.15555085599999,4.711731349991598,3.006858176553662,2.311731341207573,0.45685817655366234
120.18175227199981,4.711461819319766,3.009811750158038,2.3114618105357407,0.4598117501580381
120.20472945500023,4.711191683523936,3.0127777773946214,2.3111916747399106,0.46277777739462156
120.23552467399986,4.710922105457196,3.0157438553744353,2.310922096673171,0.4657438553744355
120.31600163199982,4.710653155396957,3.018709187351946,2.3106531466129323,0.468709187351946
120.34222820200011,4.7103852994116915,3.021659361272196,2.3103852906276665,0.471659361272196
120.36692108199986,4.710116479744018,3.024609447537877,2.310116470959993,0.47460944753787704
120.3932363859999,4.709846696422625,3.0275594458341786,2.3098466876386,0.47755944583417875
120.42461817599997,4.7095759494763,3.030509355846319,2.3095759406922753,0.48050935584631915
120.50798123200002,4.709304238933932,3.0334591772595325,2.3093042301499067,0.4834591772595327
120.5352406359998,4.709032059411779,3.0364125800805484,2.309032050627754,0.48641258008054855
120.56013463499994,4.708760727714126,3.0393662516767574,2.308760718930101,0.4893662516767576
120.58869040499985,4.708490263611299,3.042320002843914,2.3084902548272743,0.4923200028439143
120.61771340099995,4.7082206671266285,3.0452738333271774,2.3082206583426035,0.49527383332717756
120.70048865299987,4.707951938283379,3.0482277428716986,2.3079519294993545,0.4982277428716988
120.7241910419998,4.707681876874233,3.0512035834438302,2.307681868090208,0.5012035834438304
120.75475798700018,4.707411219895986,3.0541873863278033,2.3074112111119613,0.5041873863278035
120.77847486300016,4.70714066498034,3.057171198467985,2.307140656196315,0.5071711984679852
120.80645747200015,4.706870212127619,3.0601550198608836,2.306870203343594,0.5101550198608837
120.88724799700003,4.706599861338143,3.063138850503012,2.306599852554118,0.5131388505030121
120.9113806549999,4.706329908615617,3.0661194905559723,2.3063298998315918,0.5161194905559725
120.94189466399985,4.706062051168302,3.0690820360220017,2.306062042384277,0.5190820360220019
120.96387017200004,4.705794845113718,3.0720446403112582,2.3057948363296927,0.5220446403112584
120.99701470699983,4.705528290464781,3.0750073032805254,2.3055282816807563,0.5250073032805256
121.07782885000006,4.705262387234379,3.0779700247865738,2.305262378450354,0.527970024786574
121.10500194999986,4.704997135435367,3.080932804686171,2.3049971266513416,0.530932804686171
121.1306965509998,4.704732020496433,3.083896160595563,2.304732011712408,0.533896160595563
121.15095240400024,4.704466276590009,3.0868595596549477,2.3044662678059837,0.5368595596549479
121.18467409599998,4.70419989808196,3.0898229017377004,2.304199889297935,0.5398229017377005
121.26923066900008,4.703933688408953,3.092777018828769,2.303933679624928,0.5427770188287693
121.29060027800006,4.703669365691592,3.0956943444699094,2.3036693569075672,0.5456943444699096
121.31142666999995,4.7034032548649485,3.0986115075478513,2.3034032460809235,0.5486115075478515
121.33096181400015,4.703135356028999,3.1015285069666145,2.303135347244974,0.5515285069666147
121.36451327199984,4.702865669284392,3.1044453416302766,2.3028656605003675,0.5544453416302768
121.45698708000009,4.702594194732451,3.107362010442983,2.302594185948426,0.5573620104429833
121.4817205039999,4.70232029767866,3.1102862367618,2.302320288894635,0.5602862367618
121.50620587899994,4.702044744862724,3.113211172443948,2.3020447360786993,0.5632111724439484
121.5320306650001,4.701767617549453,3.1161359593680364,2.3017676087654277,0.5661359593680366
121.55999181200013,4.701488915819156,3.119060596686512,2.301488907035131,0.5690605966865121
121.64753825800017,4.701208639752593,3.1219850835518614,2.3012086309685684,0.5719850835518616
121.66732436099983,4.700926207166258,3.1249176592655554,2.3009261983822333,0.5749176592655556
121.69382442000006,4.7006431593224605,3.1278627125179557,2.3006431505384355,0.5778627125179558
121.74023084400005,4.700361167574284,3.1308078670801582,2.3003611587902593,0.5808078670801584
121.76025067699993,4.70008023195799,3.1337531225734563,2.3000802231739654,0.5837531225734565
121.85407178500009,4.699800352509703,3.1366984786191203,2.299800343725678,0.5866984786191205
121.88027773700014,4.699519123400642,3.139662480198699,2.299519114616617,0.5896624801986992
121.9089725660001,4.699237173319095,3.142628544549677,2.29923716453507,0.5926285445496773
121.93493147800018,4.698954694603344,3.1455945586018625,2.2989546858193193,0.5955945586018627
121.96420009600024,4.6986716872623635,3.14856052226104,2.2986716784783385,0.5985605222610402
122.0539430660001,4.698388151305138,3.1515264354329955,2.298388142521113,0.6015264354329957
122.07480600300005,4.698345575318937,3.1519713180486817,2.298345566534912,0.6019713180486819
122.10491139800024,4.698345575318937,3.1519713180487,2.298345566534912,0.6019713180487001
122.12674534200005,4.698345575318937,3.1519713180487194,2.298345566534912,0.6019713180487196
122.15289962299994,4.698345575318937,3.151971318048732,2.298345566534912,0.601971318048732
122.24749070899998,4.698345575318937,3.1519713180487505,2.298345566534912,0.6019713180487507
122.267761393,4.698345575318937,3.1519713180487656,2.298345566534912,0.6019713180487658
122.30171131299994,4.698345575318937,3.151971318048784,2.298345566534912,0.601971318048784
122.32826397200006,4.698345575318937,3.1519713180488025,2.298345566534912,0.6019713180488027
122.34674708200009,4.698345575318937,3.1519713180488207,2.298345566534912,0.6019713180488209
122.43910699400021,4.698345575318937,3.15197131804884,2.298345566534912,0.60197131804884
122.45977293099986,4.698345575318937,3.1519713180488536,2.298345566534912,0.6019713180488537
122.48608354399994,4.698345575318937,3.151971318048854,2.298345566534912,0.6019713180488542
122.5058757390002,4.698345575318937,3.1519713180488624,2.298345566534912,0.6019713180488626
122.52877397700013,4.698345575318937,3.1519713180488713,2.298345566534912,0.6019713180488715
122.62595968599999,4.698345575318937,3.1519713180488673,2.298345566534912,0.6019713180488675
122.64620018899996,4.698345575318937,3.1519713180488576,2.298345566534912,0.6019713180488577
122.67038381700013,4.698345575318937,3.1519713180488482,2.298345566534912,0.6019713180488484
122.69177528499995,4.698345575318937,3.1519713180488456,2.298345566534912,0.6019713180488457
122.79173177700022,4.698345575318937,3.151971318048845,2.298345566534912,0.6019713180488453
122.81165277599985,4.698345575318937,3.1519713180488456,2.298345566534912,0.6019713180488457
122.84088513999995,4.698345575318937,3.151971318048845,2.298345566534912,0.6019713180488453
122.86236448099999,4.698345575318937,3.151971318048845,2.298345566534912,0.6019713180488453
122.89767393000011,4.698345575318937,3.1519713180488456,2.298345566534912,0.6019713180488457
122.99194711000018,4.698345575318937,3.151971318048845,2.298345566534912,0.6019713180488453
123.01683447699997,4.698345575318937,3.151971318048845,2.298345566534912,0.6019713180488453
123.04266943199991,4.698345575318937,3.1519713180488456,2.298345566534912,0.6019713180488457
123.06946877100017,4.698345575318937,3.151971318048845,2.298345566534912,0.6019713180488453
123.09536406500001,4.698345575318937,3.1519713180488447,2.298345566534912,0.6019713180488449
123.20436029099983,4.698345575318937,3.1519713180488456,2.298345566534912,0.6019713180488457
123.22571860200014,4.698345575318937,3.151971318048845,2.298345566534912,0.6019713180488453
123.24903557800008,4.698345575318937,3.1519713180488456,2.298345566534912,0.6019713180488457
123.27972677100024,4.698345575318937,3.151971318048845,2.298345566534912,0.6019713180488453
123.30128492999984,4.698345575318937,3.151971318048845,2.298345566534912,0.6019713180488453
123.334131006,4.698345575318937,3.1519713180488456,2.298345566534912,0.6019713180488457
123.36105396099993,4.69834557531894,3.151971318048845,2.298345566534915,0.6019713180488453
123.45325243100024,4.69834557531894,3.151971318048845,2.298345566534915,0.6019713180488453
123.485748823,4.698345575318942,3.1519713180488456,2.2983455665349166,0.6019713180488457
123.51187923799989,4.6983455753189425,3.151971318048845,2.2983455665349175,0.6019713180488453
123.53728245999991,4.698345575318944,3.1519713180488447,2.2983455665349193,0.6019713180488449
123.56823969300012,4.698345575318945,3.1519713180488456,2.29834556653492,0.6019713180488457
123.65111928099986,4.698345575318947,3.151971318048845,2.298345566534922,0.6019713180488453
123.68727309699989,4.698345575318948,3.1519713180488447,2.298345566534923,0.6019713180488449
123.70623704499985,4.698345575318949,3.1519713180488456,2.2983455665349237,0.6019713180488457
123.77206532399987,4.6983455753189505,3.151971318048845,2.2983455665349255,0.6019713180488453
123.79435329199987,4.698345575318951,3.1519713180488456,2.2983455665349264,0.6019713180488457
123.86017162100006,4.698345575318953,3.151971318048845,2.298345566534928,0.6019713180488453
123.89200239399997,4.698345575318953,3.151971318048845,2.298345566534928,0.6019713180488453
123.9175286640002,4.698345575318955,3.1519713180488456,2.29834556653493,0.6019713180488457
123.98921858699987,4.698345575318956,3.1519713180488456,2.298345566534931,0.6019713180488457
124.01858912399985,4.698345575318958,3.1519713180488464,2.2983455665349326,0.6019713180488466
124.08208367099996,4.698345575318958,3.151971318048847,2.2983455665349326,0.6019713180488471
124.10248821100004,4.69834557531896,3.151971318048848,2.2983455665349353,0.601971318048848
124.12504104900017,4.69834557531896,3.1519713180488473,2.2983455665349353,0.6019713180488475
124.20073248800009,4.698345575318962,3.151971318048849,2.298345566534937,0.6019713180488493
124.22202099800006,4.698345575318962,3.1519713180488487,2.298345566534937,0.6019713180488488
124.29768360100024,4.698345575318965,3.1519713180488504,2.2983455665349397,0.6019713180488506
124.33255699400024,4.698345575318965,3.15197131804885,2.2983455665349397,0.6019713180488502
124.35488495300024,4.6983455753189665,3.151971318048851,2.2983455665349415,0.6019713180488511
124.416692324,4.698345575318967,3.1519713180488518,2.2983455665349424,0.601971318048852
124.43742951800004,4.698345575318969,3.151971318048852,2.298345566534944,0.6019713180488524
124.51384914900018,4.698345575318969,3.151971318048852,2.298345566534944,0.6019713180488524
124.54143794999982,4.698345575318971,3.1519713180488536,2.298345566534946,0.6019713180488537
124.56355209100002,4.698345575318972,3.1519713180488536,2.298345566534947,0.6019713180488537
124.62673254599986,4.698345575318974,3.151971318048854,2.2983455665349486,0.6019713180488542
124.6464213549998,4.6983455753189745,3.1519713180488553,2.2983455665349495,0.6019713180488555
124.71977878899997,4.698345575318975,3.1519713180488553,2.2983455665349504,0.6019713180488555
124.74848407399986,4.698345575318976,3.1519713180488553,2.2983455665349513,0.6019713180488555
124.77518394300023,4.698345575318977,3.1519713180488567,2.298345566534952,0.6019713180488568
124.83064512200008,4.698345575318979,3.151971318048857,2.298345566534954,0.6019713180488573
124.85026130400001,4.69834557531898,3.151971318048858,2.298345566534955,0.6019713180488582
124.92404476299998,4.698345575318982,3.1519713180488584,2.2983455665349566,0.6019713180488586
124.95063109700004,4.698345575318982,3.1519713180488584,2.2983455665349566,0.6019713180488586
124.97898914300004,4.698345575318983,3.1519713180488598,2.2983455665349584,0.60197131804886
125.03047866099996,4.698345575318984,3.1519713180488593,2.2983455665349593,0.6019713180488595
125.05775517700022,4.698345575318986,3.1519713180488584,2.298345566534961,0.6019713180488586
125.12363962000018,4.698345575318986,3.1519713180488584,2.298345566534961,0.6019713180488586
125.14940002799995,4.698345575318989,3.151971318048857,2.2983455665349637,0.6019713180488573
125.18494433700016,4.698345575318989,3.151971318048857,2.2983455665349637,0.6019713180488573
125.24186272199995,4.69834557531899,3.151971318048856,2.2983455665349655,0.6019713180488564
125.2655712400001,4.69834557531899,3.151971318048856,2.2983455665349655,0.6019713180488564
125.34421402999988,4.698345575318993,3.151971318048855,2.298345566534968,0.6019713180488551
125.37580401500009,4.698345575318993,3.151971318048855,2.298345566534968,0.6019713180488551
125.39887246699982,4.698345575318995,3.151971318048854,2.29834556653497,0.6019713180488542
125.47115317999987,4.698345575318996,3.1519713180488536,2.298345566534971,0.6019713180488537
125.5482082829999,4.6983455753189975,3.1519713180488527,2.2983455665349726,0.6019713180488528
125.56806483699984,4.6983455753189975,3.1519713180488527,2.2983455665349726,0.6019713180488528
125.60009557500007,4.698345575318999,3.1519713180488518,2.2983455665349743,0.601971318048852
125.62002094599984,4.698345575319,3.1519713180488513,2.2983455665349752,0.6019713180488515
125.67904061399986,4.698345575319002,3.1519713180488504,2.298345566534977,0.6019713180488506
125.75209229700022,4.698345575319003,3.15197131804885,2.298345566534978,0.6019713180488502
125.77601112100001,4.698345575319004,3.1519713180488496,2.298345566534979,0.6019713180488497
125.80331585600015,4.698345575319005,3.151971318048849,2.2983455665349797,0.6019713180488493
125.82337803200016,4.6983455753190055,3.1519713180488487,2.2983455665349806,0.6019713180488488
125.8861200209999,4.698345575319007,3.151971318048848,2.2983455665349823,0.601971318048848
125.97113599600016,4.698345575319008,3.151971318048848,2.2983455665349832,0.601971318048848
125.99900330599985,4.69834557531901,3.151971318048848,2.298345566534985,0.601971318048848
126.02267324100012,4.69834557531901,3.151971318048848,2.298345566534985,0.601971318048848
126.0537690340002,4.698345575319012,3.151971318048848,2.298345566534987,0.601971318048848
126.10051102899979,4.698345575319013,3.151971318048848,2.2983455665349877,0.601971318048848
126.1739482930002,4.698345575319014,3.151971318048848,2.2983455665349894,0.601971318048848
126.19791473499981,4.698345575319014,3.151971318048848,2.2983455665349894,0.601971318048848
126.22466865800016,4.698345575319017,3.151971318048848,2.298345566534992,0.601971318048848
126.24707313099998,4.698345575319017,3.151971318048848,2.298345566534992,0.601971318048848
126.30130279000014,4.698345575319019,3.151971318048848,2.298345566534994,0.601971318048848
126.38041014100008,4.698345575319019,3.151971318048848,2.298345566534994,0.601971318048848
126.400335886,4.6983455753190215,3.151971318048848,2.2983455665349966,0.601971318048848
126.42677788899982,4.698241022541464,3.151980998029224,2.298241013757439,0.6019809980292243
126.45706436199998,4.69775287007475,3.1520234986668854,2.2977528612907254,0.6020234986668855
126.50231487000019,4.696865738661976,3.152094877139724,2.296865729877951,0.6020948771397241
126.5780083149998,4.695579233514551,3.1521897360360365,2.2955792247305262,0.6021897360360366
126.60022407099996,4.693893014618787,3.152302674047852,2.293893005834762,0.6023026740478521
126.62781433300006,4.691806820379215,3.1524286889991053,2.29180681159519,0.6024286889991055
126.65232687400021,4.689504607774879,3.1525540062984616,2.289504598990854,0.6025540062984618
126.70008335300008,4.68720138737228,3.1526654879382217,2.287201378588255,0.6026654879382218
126.77552292500013,4.684897538042147,3.152763112950615,2.284897529258122,0.602763112950615
126.79709992300013,4.682593143147924,3.152846877803141,2.2825931343638994,0.6028468778031413
126.82392964400015,4.6802619932248435,3.1529176699155728,2.2802619844408185,0.6029176699155729
126.84607484099979,4.677889117568413,3.1529766733243725,2.277889108784388,0.6029766733243727
126.89070328800017,4.675515956567121,3.153022794307262,2.2755159477830964,0.6030227943072624
126.96146515800001,4.673138211524729,3.153056090320455,2.273138202740704,0.6030560903204552
126.9813247699999,4.670731004356125,3.1530771884917774,2.2707309955721002,0.6030771884917776
127.01413439199996,4.668323720570733,3.153085921305224,2.268323711786708,0.6030859213052242
127.0386671629999,4.665916423686594,3.153082288530371,2.2659164149025695,0.6030822885303713
127.08040449600003,4.663509177222088,3.153066290263074,2.263509168438063,0.6030662902630741
127.1703168439999,4.661102044694265,3.1530379269254585,2.26110203591024,0.6030379269254587
127.19669186400006,4.658695089617165,3.1529971992659127,2.25869508083314,0.6029971992659129
127.22352911100006,4.656242761782879,3.152943413618541,2.2562427529988542,0.602943413618541
127.25233457200011,4.653757093177328,3.1528777694398364,2.253757084393303,0.6028777694398366
127.29402383600018,4.65127174129936,3.1528010646974285,2.251271732515335,0.6028010646974287
127.3721066789999,4.6487867553653,3.152713300910268,2.2487867465812754,0.6027133009102683
127.39898125399986,4.6463021845842185,3.1526144798163016,2.2463021758001935,0.6026144798163018
127.41893131300003,4.643777164097246,3.152503030464292,2.243777155313221,0.602503030464292
127.44373942399989,4.641189808055118,3.1523793808684695,2.2411897992710927,0.6023793808684696
127.48789133299988,4.638602907357223,3.152246545291475,2.238602898573198,0.6022465452914751
127.5926351500002,4.636016494616771,3.1521045254079763,2.2360164858327463,0.6021045254079764
127.61648641300008,4.633438621257877,3.151953790759635,2.233438612473852,0.6019537907596351
127.63941699599991,4.630906776912038,3.151795959606579,2.2309067681280133,0.6017959596065792
127.6718327640001,4.628375586619857,3.151627965055633,2.228375577835832,0.6016279650556333
127.71087794699997,4.625845091179343,3.151449809814551,2.225845082395318,0.6014498098145511
127.7988241879998,4.6233153313773165,3.15126149675486,2.2233153225932916,0.60126149675486
127.82502519799982,4.620756076544552,3.1510608307177144,2.220756067760527,0.6010608307177145
127.85262674900014,4.618167122175002,3.1508486390760604,2.2181671133909773,0.6008486390760606
127.87734168999987,4.6155789234886715,3.1506274206761136,2.2155789147046465,0.6006274206761137
127.90674008299993,4.612991511958543,3.150397178207931,2.212991503174518,0.6003971782079311
127.9909890570002,4.610404919048028,3.150157914471305,2.210404910264003,0.6001579144713052
128.01581200700002,4.607819981946197,3.149909710105737,2.2078199731621724,0.5999097101057371
128.03912767400016,4.605243186423144,3.14965310600145,2.2052431776391193,0.5996531060014503
128.05840132100002,4.602667320020456,3.1493873370990775,2.202667311236431,0.5993873370990777
128.09029787100008,4.600092415334144,3.149112406761763,2.200092406550119,0.5991124067617632
128.1755476090002,4.5975185049480505,3.1488283184685817,2.1975184961640255,0.5988283184685819
128.1990297450002,4.594945621433431,3.1485350758144977,2.194945612649406,0.5985350758144978
128.22610290800003,4.592323655476426,3.1482271913755615,2.1923236466924014,0.5982271913755617
128.245305465,4.589663421930437,3.1479072222169235,2.189663413146412,0.5979072222169237
128.27595233800002,4.587004087674309,3.147579862940443,2.187004078890284,0.5975798629404432
128.36410345800005,4.584344681085084,3.147244991034703,2.184344672301059,0.5972449910347031
128.3912692939998,4.58164605150867,3.1468981032615715,2.1816460427246454,0.5968981032615717
128.41462492400024,4.578948194460936,3.146544679428741,2.178948185676911,0.596544679428741
128.43921664500022,4.57625120016253,3.1461847310852633,2.176251191378505,0.5961847310852635
128.46392535999985,4.573555084392335,3.1458182603370353,2.1735550756083097,0.5958182603370354
128.551360208,4.570859862924094,3.1454452693281074,2.1708598541400694,0.5954452693281076
128.57079045399996,4.56812314957798,3.1450601082268173,2.168123140793955,0.5950601082268174
128.5953129469999,4.565336727036291,3.1446631718876206,2.165336718252266,0.5946631718876207
128.61959024099997,4.562550946050808,3.144261757713511,2.1625509372667833,0.594261757713511
128.6461727269998,4.559765813817502,3.1438558667413834,2.159765805033477,0.5938558667413836
128.74428519000003,4.556981337530661,3.1434455000196984,2.1569813287466357,0.5934455000196985
128.76239619599983,4.554208890515839,3.1430323320919316,2.154208881731814,0.5930323320919317
128.78554758200016,4.551482693320345,3.1426206249630244,2.15148268453632,0.5926206249630246
128.80926898400003,4.5487573688263625,3.1422031799832055,2.1487573600423375,0.5922031799832057
128.8342942029999,4.546032929110375,3.1417799990022592,2.1460329203263497,0.5917799990022594
128.917487961,4.543296936668667,3.141349166562241,2.143296927884642,0.591349166562241
128.939786638,4.540526774350643,3.1409078766805094,2.140526765566618,0.5909078766805096
128.96417480699984,4.537757361414731,3.1404619080512006,2.137757352630706,0.5904619080512008
128.99693995500002,4.534988705763234,3.140011261946852,2.134988696979209,0.5900112619468523
129.01558037899986,4.532220815296293,3.1395559396533472,2.1322208065122683,0.5895559396533474
129.10886465600015,4.5294536979118725,3.139095942469913,2.1294536891278475,0.5890959424699131
129.12976461900007,4.526730001956805,3.138637910485823,2.12672999317278,0.588637910485823
129.15355958200007,4.524007256801338,3.1381742600006315,2.1240072480173127,0.5881742600006317
129.17375632899984,4.521285474035414,3.137704992987965,2.1212854652513893,0.5877049929879652
129.19411279399992,4.518564665244899,3.1372301114453616,2.1185646564608738,0.5872301114453617
129.2944327780001,4.515844842011505,3.1367496173942575,2.1158448332274804,0.5867496173942577
129.31467866100002,4.513117191607393,3.1362619636714792,2.1131171828233684,0.5862619636714794
129.33962344300016,4.510367936198498,3.135765189630711,2.110367927414473,0.585765189630711
129.3673354990001,4.507619573046001,3.135263502743379,2.107619564261976,0.5852635027433792
129.45085228800008,4.504872110929021,3.1347569046120283,2.1048721021449963,0.5847569046120284
129.47562657700018,4.502124259664823,3.1342451642195135,2.1021242508807982,0.5842451642195137
129.49653912800022,4.49937645368462,3.133728399549044,2.0993764449005954,0.5837283995490443
129.51924758799987,4.496629565743981,3.133206777012076,2.096629556959956,0.5832067770120761
129.5496063300002,4.493883604431161,3.1326802982394844,2.0938835956471364,0.5826802982394845
129.63746524499993,4.491138578331514,3.132148964877324,2.0911385695474887,0.5821489648773244
129.66714189699996,4.4884068188903745,3.1316151485752823,2.0884068101063495,0.5816151485752825
129.68930903499995,4.485704881894036,3.131081421541135,2.085704873110011,0.5810814215411351
129.71591867000006,4.483004088251836,3.1305419386578084,2.0830040794678113,0.5805419386578086
129.74227721299985,4.480304450225258,3.1299967023745316,2.0803044414412333,0.5799967023745318
129.83756401500023,4.477605980070541,3.129445715166654,2.077605971286516,0.5794457151666541
129.85864942399985,4.474908690038623,3.128888979535632,2.074908681254598,0.5788889795356322
129.87727755600008,4.472092983086302,3.128303298737081,2.072092974302277,0.5783032987370813
129.90712986500012,4.469208797364602,3.1277019272483675,2.069208788580577,0.5777019272483677
129.93098931900022,4.46632489228441,3.1270992113675558,2.066324883500385,0.5770992113675559
129.95076320399994,4.463441268472385,3.126495151225614,2.0634412596883602,0.5764951512256142
129.9826376860001,4.460557926555091,3.125889746953798,2.060557917771066,0.575889746953798
130.05269809799984,4.457674867159059,3.1252829986836574,2.057674858375034,0.5752829986836576
130.08006261499986,4.454811530990124,3.124678776693754,2.054811522206099,0.5746787766937542
130.10532088399987,4.45195074647024,3.1240731318283284,2.0519507376862154,0.5740731318283285
130.12495041900002,4.449090360482349,3.1234656075304623,2.049090351698324,0.5734656075304625
130.15443092099986,4.446230374261169,3.1228562040624004,2.0462303654771437,0.5728562040624006
130.228819036,4.443370789041247,3.122244921687198,2.0433707802572223,0.5722449216871981
130.2474523259998,4.440511606056957,3.1216317606687225,2.0405115972729324,0.5716317606687227
130.2790031640002,4.437646779683542,3.1210154718086756,2.0376467708995167,0.5710154718086757
130.31842803100017,4.434779061025162,3.1203968217730482,2.0347790522411366,0.5703968217730484
130.34030108200022,4.431911698368968,3.1197765238058848,2.0319116895849434,0.569776523805885
130.4102528950002,4.429044692661943,3.1191545781120453,2.029044683877918,0.5691545781120455
130.4329254690001,4.426211546790249,3.1185378330548517,2.026211538006224,0.5685378330548518
130.4594684419999,4.423378939187107,3.1179186205207023,2.0233789304030823,0.5679186205207025
130.5008623509998,4.420546872001511,3.1172969409793696,2.020546863217486,0.5672969409793698
130.5239306190001,4.417715347382058,3.116672794902503,2.0177153385980326,0.566672794902503
130.58860932400012,4.41488436747693,3.116046182763619,2.0148843586929046,0.5660461827636194
130.60833134099994,4.412053934433892,3.115417105038109,2.0120539256498673,0.5654171050381094
130.6351163119998,4.409165325141821,3.1147732906011574,2.009165316357796,0.5647732906011576
130.67722191600024,4.4062734796442795,3.114127782315851,2.0062734708602545,0.5641277823158513
130.70257196600005,4.403381841210503,3.113481347093772,2.0033818324264776,0.5634813470937723
130.77046385799986,4.400512758575844,3.112838857549855,2.000512749791819,0.5628388575498553
130.7904707900002,4.397671399614962,3.1122005005968316,1.9976713908309374,0.5622005005968318
130.81522176399994,4.394830527307674,3.1115599813717227,1.9948305185236488,0.5615599813717229
130.85347103499998,4.391990143299469,3.11091730024553,1.991990134515444,0.5609173002455301
130.8778883750001,4.3891502492355485,3.1102724575905047,1.9891502404515236,0.5602724575905049
130.94894679900017,4.386310846760831,3.109625453780153,1.9863108379768062,0.559625453780153
130.970504978,4.383441939551231,3.1089696569246796,1.983441930767206,0.5589696569246798
131.00029388800021,4.380534273525027,3.108304314291434,1.9805342647410016,0.5583043142914343
131.03816532500014,4.377626706608302,3.107638538680263,1.977626697824277,0.5576385386802634
131.0636601340002,4.374719238865548,3.10697233010594,1.9747192300815226,0.5569723301059404
131.13527136699986,4.371811870361236,3.1063056885832316,1.9718118615772107,0.5563056885832318
131.15545534900002,4.3689046011598345,3.105638614126923,1.9689045923758095,0.5556386141269232
131.18517802299993,4.366039962510907,3.104980390448939,1.9660399537268822,0.554980390448939
131.2200609880001,4.363183197278337,3.1043222061670965,1.963183188494312,0.5543222061670967
131.2454045919999,4.360326822684384,3.1036623286618674,1.9603268139003593,0.5536623286618676
131.32084131800002,4.357464290808842,3.1029992596065195,1.9574642820248171,0.5529992596065196
131.34006011300016,4.354571412551103,3.1023280406247267,1.9545714037670776,0.5523280406247268
131.36860178100005,4.351678710496851,3.1016560626779226,1.9516787017128263,0.5516560626779228
131.4035975480001,4.348786184845214,3.1009833258123636,1.9487861760611893,0.5509833258123638
131.42825776600012,4.345893835795298,3.10030983007436,1.9458938270112731,0.5503098300743603
131.5003224420002,4.343001663546197,3.0996355755102685,1.9430016547621718,0.5496355755102686
131.52060822400017,4.340104794669437,3.098959673851383,1.9401047858854121,0.5489596738513831
131.5475973890002,4.337204608828891,3.0982834711250313,1.9372046000448662,0.5482834711250315
131.58617878699988,4.33430429395843,3.0976078220378365,1.9343042851744054,0.5476078220378366
131.6109408540001,4.331403850163748,3.096932726614418,1.9314038413797232,0.5469327266144184
131.68463332800002,4.328503277550534,3.096258184879378,1.9285032687665091,0.5462581848793784
131.70462016400006,4.325602576224486,3.095584196857295,1.9256025674404609,0.5455841968572952
131.73480091800002,4.322702052347627,3.094910457727161,1.9227020435636022,0.5449104577271613
131.76729943500004,4.319801709434189,3.094236192978871,1.9198017006501638,0.5442361929788713
131.8375516619999,4.316901496961761,3.09356136738578,1.9169014881777362,0.54356136738578
131.86939001200017,4.31402085766253,3.0928904061621405,1.9140208488785047,0.5428904061621407
131.88868549500012,4.311169712694888,3.0922246662497717,1.9111697039108626,0.5422246662497718
131.92024377999996,4.308318984639047,3.091557143359455,1.9083189758550216,0.541557143359455
131.95485002099986,4.3054686746100055,3.0908878377522755,1.9054686658259805,0.5408878377522757
132.02697743599992,4.302618783722597,3.0902167496900192,1.902618774938572,0.5402167496900194
132.05411498800004,4.299769313091483,3.089543879435165,1.899769304307458,0.5395438794351652
132.0737577079999,4.296892277847037,3.0888628917221306,1.8968922690630117,0.5388628917221308
132.09670440699983,4.294004866747754,3.0881785552868246,1.8940048579637287,0.5381785552868248
132.13837310200006,4.291117649115057,3.0874934030742494,1.8911176403310317,0.5374934030742495
132.21144908399992,4.288230625179427,3.0868074351391006,1.888230616395402,0.5368074351391008
132.23859360999995,4.285343795171331,3.08612065153614,1.8853437863873057,0.5361206515361401
132.258070502,4.282457159321216,3.0854330523201896,1.8824571505371908,0.5354330523201898
132.28195896099987,4.279544587361553,3.0847388457796923,1.8795445785775278,0.5347388457796924
132.31914350399984,4.2766301801268,3.0840443067210415,1.8766301713427747,0.5340443067210416
132.39201720600022,4.273715748955088,3.083349868113737,1.8737157401710633,0.5333498681137372
132.42209406099983,4.2708135936129175,3.0826585100475516,1.8708135848288925,0.5326585100475518
132.44203250700002,4.267939951488554,3.08197488794227,1.867939942704529,0.5319748879422703
132.46623261800005,4.265066036096448,3.0812924155540005,1.8650660273124227,0.5312924155540006
132.50445976899982,4.262191847896588,3.080611092991976,1.8621918391125631,0.5306110929919763
132.58092063999993,4.259317387349009,3.0799309203652494,1.8593173785649841,0.5299309203652496
132.61499037900012,4.25643784874218,3.079250747576751,1.8564378399581547,0.5292507475767514
132.63668799000015,4.253524683102915,3.078562960754368,1.8535246743188902,0.528562960754368
132.65815114199995,4.250611557665026,3.0778750036782423,1.8506115488810013,0.5278750036782425
132.694672695,4.247698472438563,3.0771868763507597,1.8476984636545377,0.5271868763507599
132.76755581199996,4.244785427433476,3.076498578774257,1.8447854186494514,0.5264985787742571
132.79818574,4.241872422659718,3.0758101109510876,1.8418724138756928,0.5258101109510878
132.82140144000005,4.238957063229201,3.0751209353121918,1.8389570544451757,0.525120935312192
132.842048471,4.236039310736325,3.0744312143385435,1.8360393019522996,0.5244312143385437
132.87662612800023,4.233121547276215,3.073741539761642,1.8331215384921902,0.5237415397616423
132.9584370880002,4.2302037728496105,3.0730519115816612,1.8302037640655855,0.5230519115816614
132.98747863500012,4.227290102268595,3.0723633559809285,1.8272900934845704,0.5223633559809286
133.01360969899997,4.224376611343087,3.0716750106112967,1.8243766025590618,0.5216750106112968
133.03749012700018,4.2214630828472615,3.0709868242811997,1.8214630740632365,0.5209868242811999
133.06903947499995,4.218549516789802,3.070298796992693,1.8185495080057774,0.5202987969926931
133.14222479599994,4.21563591317939,3.0696109287478213,1.8156359043953647,0.5196109287478214
133.17358360800017,4.212722988905452,3.068923341952966,1.812722980121427,0.518923341952966
133.19425805599985,4.209810806761065,3.0682357706193892,1.8098107979770401,0.5182357706193894
133.21493716700024,4.2068986708059946,3.0675480036821,1.8068986620219696,0.5175480036821001
133.248898671,4.20398658105338,3.0668600411441957,1.803986572269355,0.5168600411441959
133.32890864,4.201074537516362,3.066171883008774,1.8010745287323373,0.516171883008774
133.3531802010002,4.198162540208076,3.065483529278949,1.7981625314240515,0.5154835292789492
133.37763890799988,4.19527045196448,3.0647994616028837,1.795270443180455,0.5147994616028839
133.39829423699985,4.192383511020586,3.0641157471218627,1.7923835022365613,0.5141157471218629
133.43231751299982,4.189496766932316,3.0634312019634384,1.789496758148291,0.5134312019634386
133.52251946000024,4.1866102199386805,3.062745826184294,1.7866102111546556,0.5127458261842941
133.55363034399988,4.183723870278685,3.062059619841175,1.7837238614946602,0.5120596198411751
133.5810017089998,4.180820575426305,3.0613686790405135,1.7808205666422796,0.5113686790405136
133.60569063599996,4.177911401878488,3.0606760663050028,1.7779113930944628,0.510676066305003
133.6299006590002,4.175002285453106,3.0599832136826675,1.7750022766690807,0.5099832136826676
133.72719034300007,4.1720932261699355,3.0592901211782197,1.7720932173859105,0.5092901211782199
133.75771660400005,4.169184224048762,3.0585967887963736,1.7691842152647372,0.5085967887963738
133.790055767,4.166273728863918,3.0579030562655056,1.766273720079893,0.5079030562655058
133.81420910999987,4.16336310728221,3.0572095033062707,1.7633630984981852,0.5072095033062709
133.847340927,4.160452438293654,3.0565161493286945,1.760452429509629,0.5065161493286947
133.9402485569999,4.157541721911855,3.0558229943360176,1.75754171312783,0.5058229943360177
133.96253403299988,4.154640502171519,3.0551323359077545,1.7546404933874942,0.5051323359077546
133.98560021100002,4.151777237858636,3.054451795601938,1.751777229074611,0.5044517956019381
134.01042808900002,4.148913637877032,3.0537726691199056,1.7489136290930074,0.5037726691199058
134.03442136000012,4.146049702924821,3.0530949566272203,1.7460496941407961,0.5030949566272205
134.1174141900001,4.143166575583452,3.0524140920335867,1.743166566799427,0.5024140920335869
134.1457641420002,4.140249047370191,3.051725425654686,1.7402490385861662,0.5017254256546861
134.17064220300017,4.1373315054569355,3.051036817318251,1.7373314966729105,0.5010368173182513
134.19014319400003,4.1344139498448405,3.050348267024557,1.7344139410608155,0.5003482670245574
134.22035161199983,4.131496380535061,3.049659774773875,1.7314963717510357,0.49965977477387513
134.31128562000004,4.128580028130144,3.0489716286382027,1.728580019346119,0.4989716286382029
134.334572234,4.125674793784126,3.048285894453677,1.7256747850001006,0.498285894453677
134.35639571599995,4.12276964821668,3.0475997842518634,1.7227696394326553,0.4975997842518636
134.37629375899996,4.119864591476471,3.046913298044252,1.7198645826924461,0.4969132980442521
134.40595528799986,4.1169596236121615,3.046226435842339,1.7169596148281365,0.49622643584233916
134.4954526810002,4.114054744672418,3.045539197657639,1.7140547358883933,0.4955391976576391
134.519762334,4.11114392664701,3.04485019762937,1.711143917862985,0.4948501976293702
134.54461200700007,4.108227114319114,3.044159669129522,1.7082271055350886,0.49415966912952225
134.569436967,4.10531031733522,3.043469075819419,1.7053103085511947,0.49346907581941934
134.5992604349999,4.102393535696759,3.042778417699373,1.7023935269127342,0.49277841769937325
134.68911872199988,4.099476769405175,3.0420876947697595,1.6994767606211503,0.49208769476975966
134.70881173599992,4.096560018461908,3.041396907030907,1.6965600096778828,0.4913969070309072
134.73216756600004,4.093712225611718,3.0407233772362923,1.6937122168276928,0.49072337723629245
134.75971561799997,4.090864003469859,3.0400516651458114,1.690863994685834,0.49005166514581155
134.77967476699996,4.088015353196547,3.039381771033085,1.688015344412522,0.4893817710330852
134.87454755699991,4.0851449072528006,3.0387085531323077,1.6851448984687756,0.4887085531323079
134.89381555499995,4.082233509339389,3.038026292907297,1.682233500555364,0.48802629290729715
134.91870985700007,4.079322053905774,3.0373442781841034,1.6793220451217494,0.48734427818410353
134.95084971699998,4.076410540972613,3.0366625089675603,1.6764105321885876,0.48666250896756047
134.9649121289999,4.073498970560607,3.0359809852625186,1.6734989617765819,0.48598098526251876
135.06709353999986,4.070590572469769,3.0353004670319934,1.6705905636857437,0.4853004670319936
135.09345889999986,4.0677110788508735,3.0346274878557287,1.6677110700668485,0.48462748785572884
135.110024695,4.064831335162367,3.033955579557307,1.664831326378342,0.4839555795573074
135.13650039100003,4.061951341802512,3.033284742229656,1.6619513330184872,0.48328474222965623
135.15837797999984,4.059071099169601,3.0326149759655454,1.6590710903855759,0.4826149759655456
135.25681333500006,4.056190607661959,3.031946280857603,1.656190598877934,0.48194628085760316
135.27725935399985,4.053276302482853,3.031270452783501,1.6532762936988283,0.4812704527835012
135.30327031800016,4.050357182473836,3.0305936049355395,1.650357173689811,0.4805936049355397
135.3288106179998,4.04743804229955,3.029916844062522,1.6474380335155252,0.47991684406252233
135.3520040620001,4.044518881962599,3.0292401701650706,1.644518873178574,0.4792401701650708
135.45366590100002,4.0415997014655645,3.0285635832437765,1.6415996926815395,0.4785635832437767
135.47387115999982,4.038691799821135,3.0278895206930225,1.6386917910371097,0.4778895206930227
135.49863309600005,4.035786814889477,3.0272156709321654,1.6357868061054517,0.47721567093216555
135.52516230599986,4.032881934440599,3.0265413709016946,1.6328819256565743,0.4765413709016948
135.60912362,4.029977158544292,3.0258666206178058,1.629977149760267,0.47586662061780594
135.6361348979999,4.027072487270347,3.025191420096714,1.6270724784863222,0.475191420096714
135.65746710199983,4.024167920688548,3.02451576935464,1.624167911904523,0.47451576935464024
135.68026029200018,4.021323205499551,3.0238547551770734,1.6213231967155264,0.47385475517707354
135.70056298500003,4.018481176595718,3.0231965106027174,1.618481167811693,0.4731965106027176
135.79346531400006,4.015638676417046,3.022540304122914,1.615638667633021,0.47254030412291437
135.821196246,4.012776155562777,3.0218814882296634,1.6127761467787516,0.4718814882296636
135.84181417499985,4.009864492792785,3.0212115667685544,1.6098644840087597,0.4712115667685546
135.8659329799998,4.006952901235477,3.0205413358720783,1.6069528924514525,0.47054133587207847
135.88613022300024,4.004041380923932,3.0198707955478525,1.6040413721399074,0.4698707955478527
135.97771886400005,4.001129931890974,3.01919994580343,1.601129923106949,0.4691999458034304
136.00655459900008,3.998218554169522,3.018528786646403,1.598218545385497,0.4685287866464032
136.028757349,3.99529741818227,3.017855171666704,1.595297409398245,0.4678551716667041
136.05033304400013,3.992375199599419,3.017181276640504,1.5923751908153938,0.46718127664050435
136.07950893899988,3.989452987348906,3.0165073541559027,1.5894529785648812,0.46650735415590283
136.1007525240002,3.9865307814309903,3.0158334042129575,1.5865307726469653,0.4658334042129577
136.12501716399993,3.9836085818459295,3.015159426811729,1.5836085730619045,0.4651594268117294
136.20515602600017,3.9806863885939814,3.0144854219522768,1.5806863798099564,0.46448542195227693
136.22902411199993,3.977808135062173,3.0138220146586496,1.577808126278148,0.4638220146586498
136.25079943799983,3.9749405690454807,3.0131625487232085,1.5749405602614557,0.4631625487232087
136.27407610699993,3.972072674289827,3.0125045138832585,1.572072665505802,0.46250451388325864
136.29736607899986,3.9692044515094183,3.011847910302671,1.5692044427253933,0.46184791030267114
136.385027456,3.9663359014185446,3.0111927381449646,1.5663358926345197,0.46119273814496475
136.40957986500007,3.9634660499719243,3.0105387743123697,1.5634660411878993,0.4605387743123699
136.43324780700004,3.9605561269625627,3.0098765951310327,1.5605561181785377,0.45987659513103285
136.4785920029999,3.9576460172626464,3.009214786889083,1.5576460084786214,0.459214786889083
136.50331762199994,3.9547358181947407,3.008553371739705,1.5547358094107158,0.458553371739705
136.5600634389998,3.9518269246574222,3.007892667355547,1.5518269158733973,0.457892667355547
136.58572828200022,3.9489443592382356,3.0072387649138257,1.5489443504542106,0.45723876491382587
136.6084862560001,3.9460615435597863,3.006585966657579,1.5460615347757614,0.45658596665757933
136.6516142549999,3.9431784780450547,3.005934272682589,1.5431784692610298,0.455934272682589
136.67312383199987,3.940295163117042,3.0052836830844725,1.540295154333017,0.45528368308447265
136.74433725100016,3.937411599198789,3.004634197958682,1.5374115904147638,0.4546341979586823
136.7669175699998,3.934530893482482,3.0039865322294066,1.5345308846984569,0.45398653222940677
136.7893086600002,3.9316545690544173,3.0033411803940644,1.5316545602703924,0.45334118039406457
136.8373230950001,3.92877795314959,3.002697129042893,1.5287779443655651,0.4526971290428934
136.86025964600003,3.9259010463559925,3.0020543783075397,1.5259010375719675,0.4520543783075399
136.9282914119999,3.9230759056457427,3.0014249714226926,1.5230758968617177,0.4514249714226928
136.95161623600006,3.920278147689617,3.0008049645110084,1.5202781389055922,0.4508049645110086
136.97411236200014,3.917479669630083,3.000188216019407,1.5174796608460581,0.45018821601940706
137.02130047699984,3.9146804752620676,2.999574726784242,1.5146804664780427,0.44957472678424226
137.0426877599998,3.911880568381474,2.998964497637447,1.511880559597449,0.4489644976374474
137.1180464969998,3.909061868118419,2.9983535183891257,1.5090618593343939,0.44835351838912585
137.14157149899984,3.9061775895995194,2.9977301498272797,1.5061775808154945,0.4477301498272799
137.16537745799997,3.9032930459317203,2.997108009355133,1.5032930371476954,0.4471080093551332
137.20654027799992,3.9004082376379334,2.996487097085464,1.5004082288539085,0.44648709708546397
137.2268851660001,3.8975231652411124,2.9958674131308314,1.4975231564570874,0.44586741313083156
137.29888905300004,3.894637829264257,2.995248957603572,1.4946378204802322,0.4452489576035723
137.31915348199982,3.8917424945926777,2.994629576998439,1.4917424858086528,0.4446295769984392
137.34077799199986,3.888839006069182,2.9940093152884835,1.488838997285157,0.44400931528848364
137.3830298570001,3.885935351015193,2.9933898336322957,1.4859353422311679,0.4433898336322959
137.40265831099987,3.8830315296402778,2.9927711320745867,1.4830315208562528,0.44277113207458685
137.49024222300022,3.880127542154024,2.9921532106600126,1.4801275333699988,0.4421532106600128
137.50905761600006,3.8772225943087877,2.991535900177494,1.4772225855247627,0.44153590017749433
137.5294123079998,3.8743024314181724,2.990915940454562,1.4743024226341475,0.44091594045456217
137.57174123699997,3.8713821892853355,2.9902963540994567,1.4713821805013105,0.4402963540994569
137.59161942699984,3.8684618679580254,2.9896771411223084,1.4684618591740004,0.4396771411223086
137.66789775899997,3.865562748248455,2.9890628797703696,1.46556273946443,0.43906287977036973
137.68842893200008,3.8627271105425565,2.9884640570495806,1.4627271017585315,0.4384640570495808
137.71052119000024,3.8598909455005805,2.987867736913495,1.4598909367165556,0.43786773691349534
137.75301966899997,3.857054255331173,2.9872739198264955,1.4570542465471479,0.43727391982649566
137.77261591600018,3.8542170422433912,2.986682606251011,1.4542170334593663,0.43668260625101096
137.85085239799992,3.8513793084467025,2.9860937966475265,1.4513792996626775,0.4360937966475267
137.8720291720001,3.848515527304341,2.985502006241976,1.448515518520316,0.4355020062419763
137.89461141399988,3.8456317465011796,2.9849076244947774,1.4456317377171546,0.4349076244947776
137.9366992109999,3.8427476796115156,2.9843146324560124,1.4427476708274907,0.43431463245601254
138.00990203599986,3.8398633273050606,2.983723030263381,1.4398633185210357,0.4337230302633812
138.03208220199986,3.8369786902515837,2.983132818054258,1.4369786814675587,0.4331328180542582
138.05482082800017,3.8340937691209276,2.982543995965697,1.4340937603369026,0.43254399596569737
138.08222376899994,3.8311717224997697,2.9819486454471456,1.4311717137157447,0.43194864544714573
138.13245353799994,3.8282380149128454,2.9813511051328394,1.4282380061288205,0.4313511051328396
138.2235838030001,3.8253042759626377,2.980753718821631,1.4253042671786127,0.43075371882163127
138.2501009560001,3.8223705056572252,2.9801564865151673,1.4223704968732003,0.43015648651516747
138.27686846300003,3.819440229701433,2.979560014187736,1.4194402209174082,0.42956001418773626
138.2999396360001,3.816511509104111,2.9789635837743056,1.416511500320086,0.42896358377430577
138.3321458129999,3.813582846234011,2.97836686996633,1.4135828374499861,0.4283668699663301
138.40814946599994,3.8106542411185838,2.9777698727693993,1.4106542323345588,0.4277698727693995
138.4305655019998,3.8077766418921297,2.9771838879071413,1.4077766331081047,0.42718388790714146
138.4572640460001,3.804901399125845,2.976600096065215,1.40490139034182,0.426600096065215
138.48161794399994,3.8020258224522925,2.9760179511740676,1.4020258136682675,0.4260179511740678
138.5195341489998,3.79914991281485,2.9754374534246812,1.3991499040308248,0.4254374534246814
138.58488877699983,3.7962736711570084,2.974858603007498,1.3962736623729834,0.4248586030074981
138.60904711600006,3.793397098422368,2.9742814001124183,1.3933970896383432,0.42428140011241844
138.63354177100018,3.7904766141867703,2.973696518266776,1.3904766054027453,0.42369651826677623
138.66075733300022,3.7875544423212553,2.9731118226520374,1.3875544335372303,0.4231118226520376
138.69452604300022,3.7846321696258944,2.972527631187312,1.3846321608418695,0.4225276311873123
138.769455267,3.7817097961876684,2.9719439438899884,1.3817097874036435,0.42194394388998857
138.79385263699987,3.778787322093559,2.971360760777442,1.3787873133095339,0.42136076077744233
138.82161086899987,3.7758709488858577,2.970779363695673,1.3758709401018328,0.42077936369567315
138.84533128700014,3.7729595045976594,2.9701997432410914,1.3729594958136344,0.42019974324109155
138.88598064000007,3.77004790258336,2.9696209156113276,1.370047893799335,0.41962091561132775
138.95947332100013,3.767136143058855,2.969042880849304,1.3671361342748298,0.4190428808493043
138.9812347500001,3.764217960986757,2.9684643128515296,1.3642179522027322,0.41846431285152974
139.00508221300015,3.76129965354474,2.967886377554269,1.3612996447607149,0.4178863775542694
139.0266637499999,3.7583812208699787,2.967309074984688,1.3583812120859537,0.41730907498468817
139.06352898000023,3.7554626630996593,2.966732405169928,1.3554626543156343,0.4167324051699284
139.15241582299996,3.7525439803709686,2.9661563681370917,1.3525439715869436,0.4161563681370919
139.17907169399996,3.749625804666184,2.965581094383863,1.349625795882159,0.41558109438386337
139.20101900400005,3.746707771201688,2.965006529028098,1.346707762417663,0.4150065290280982
139.2245563360002,3.7437896086508506,2.9644326196494952,1.3437895998668257,0.4144326196494954
139.25789732600015,3.7408713171611367,2.963859366277059,1.3408713083771118,0.4138593662770593
139.3398776009999,3.7379528968800146,2.963286768939757,1.3379528880959897,0.413286768939757
139.3714358279999,3.7350328626721274,2.962714341611933,1.3350328538881024,0.4127143416119332
139.39725057199985,3.732111673265462,2.9621412106249703,1.3321116644814368,0.41214121062497044
139.42443206100006,3.729190598747438,2.9615674943728205,1.3291905899634129,0.4115674943728207
139.45051070299996,3.7262696392353134,2.9609931928785143,1.3262696304512884,0.41099319287851444
139.5330178590002,3.7233487948463453,2.9604183061651024,1.3233487860623203,0.41041830616510255
139.55573459800007,3.7204280656977806,2.9598428342556655,1.3204280569137556,0.4098428342556657
139.58244656900024,3.717488402990968,2.959263242448089,1.317488394206943,0.4092632424480893
139.60375660599993,3.7145452154794736,2.9586829528107415,1.3145452066954486,0.40868295281074163
139.62751128699983,3.7116020272041896,2.9581026670472883,1.3116020184201647,0.4081026670472885
139.70742934600003,3.708658838165123,2.9575223851577315,1.308658829381098,0.40752238515773165
139.73062621000008,3.705716198608194,2.9569422227034634,1.3057161898241691,0.4069422227034636
139.75359293400015,3.702773584346838,2.9563620849196037,1.3027735755628131,0.4063620849196039
139.77636586300014,3.6998309663464783,2.955781966101291,1.2998309575624534,0.40578196610129114
139.80061552799998,3.696888344607239,2.9552018662485464,1.2968883358232142,0.4052018662485466
139.88712117500017,3.693945719129239,2.9546217853613963,1.293945710345214,0.4046217853613965
139.91114479099997,3.6910051996854327,2.95404213629671,1.2910051909014078,0.4040421362967104
139.9401647579998,3.688083727594056,2.953465901747212,1.288083718810031,0.4034659017472122
139.95802138999989,3.685162366631923,2.952889104065498,1.2851623578478981,0.40288910406549805
139.98078122100014,3.6822411169075773,2.9523117432730035,1.2822411081235523,0.4023117432730037
140.0725076499998,3.679319978529559,2.951733819391179,1.2793199697455342,0.401733819391179
140.09484792700005,3.676398951606413,2.9511553324414996,1.276398942822388,0.4011553324414998
140.12267849499995,3.6734913626681838,2.950578863494922,1.2734913538841588,0.4005788634949221
140.14533122400007,3.670608763437854,2.950005975845534,1.270608754653829,0.4000059758455343
140.16888356400023,3.66772646759739,2.949431563737761,1.2677264588133652,0.39943156373776123
140.2623839759999,3.6648444759529983,2.9488556273322737,1.2648444671689734,0.39885562733227387
140.28590670799986,3.6619267420473323,2.948271462751664,1.2619267332633073,0.39827146275166436
140.30548321700007,3.658994140990368,2.9476845079983294,1.2589941322063432,0.39768450799832955
140.33048698699986,3.6560614929560287,2.9470977880068467,1.2560614841720037,0.3970977880068469
140.35468088200014,3.653128797963101,2.946511302780969,1.253128789179076,0.396511302780969
140.4461049800002,3.650196056030376,2.9459250523244602,1.2501960472463511,0.3959250523244604
140.46749032200023,3.6472709089372426,2.945340599184111,1.2472709001532176,0.39534059918411124
140.4916641589998,3.644359831271007,2.9447596610143827,1.2443598224869818,0.39475966101438287
140.51095203400018,3.6414485950071573,2.944179518142367,1.2414485862231324,0.39417951814236707
140.535403891,3.638537200362968,2.94360017061136,1.238537191578943,0.3936001706113603
140.63363274599988,3.6356256475557234,2.943021618464601,1.2356256387716984,0.3930216184646014
140.65509638000003,3.632713936802718,2.9424438617452684,1.232713928018693,0.3924438617452686
140.6848572570002,3.62979016093164,2.9418641384939512,1.229790152147615,0.3918641384939514
140.70650500700003,3.6268634660326704,2.941283433318097,1.2268634572486454,0.391283433318097
140.73064509899996,3.6239368529474927,2.9407023159611128,1.2239368441634677,0.39070231596111293
140.8190091749998,3.6210128293138264,2.94012133341137,1.2210128205298014,0.39012133341137023
140.8386671459998,3.6180946043773297,2.9395418906418262,1.2180945955933047,0.3895418906418264
140.861832563,3.615176254946192,2.9389630752127767,1.2151762461621671,0.38896307521277684
140.88839765700004,3.6122577811552694,2.938384887150965,1.2122577723712444,0.388384887150965
140.91270745200018,3.609339183139429,2.937807326483113,1.2093391743554038,0.387807326483113
141.00276545899987,3.606420461033541,2.937230393235908,1.206420452249516,0.387230393235908
141.02303028999995,3.603486749502869,2.9366510113552353,1.2034867407188439,0.3866510113552355
141.05094669500022,3.600546508499667,2.93607044489732,1.2005464997156419,0.38607044489732
141.0737596419999,3.597606252457765,2.9354899546071276,1.1976062436737402,0.38548995460712776
141.093031763,3.5946659813791357,2.9349095404850285,1.1946659725951108,0.3849095404850287
141.18091282000023,3.5917425360034385,2.9343327072700434,1.1917425272194135,0.38433270727004354
141.20280320099982,3.5888231893456823,2.933757315502584,1.1888231805616574,0.3837573155025842
141.22411905599984,3.5859037206294255,2.9331825433659886,1.1859037118454006,0.3831825433659888
141.24597041700008,3.582984129986183,2.932608390886151,1.182984121202158,0.3826083908861513
141.2701646129999,3.5800644175474767,2.9320348580889344,1.1800644087634518,0.38203485808893456
141.36583624500008,3.5771441274745,2.931461831043847,1.177144118690475,0.38146183104384734
141.38585323999996,3.5742220309141017,2.930888259599929,1.1742220221300768,0.3808882595999292
141.40833847900012,3.571300044479131,2.9303141273996687,1.171300035695106,0.38031412739966886
141.4327217089999,3.568378168277191,2.929739434464209,1.168378159493166,0.3797394344642093
141.45364042099982,3.5654564024158892,2.9291641808147153,1.1654563936318643,0.3791641808147155
141.5485809920001,3.562534747002826,2.928588366472376,1.1625347382188012,0.37858836647237615
141.56905942100002,3.55963570302335,2.9280162833274277,1.1596356942393249,0.37801628332742787
141.59839899500003,3.556759438745774,2.9274470813676206,1.156759429961749,0.37744708136762073
141.61998191700013,3.5538835101951802,2.9268761855475405,1.1538835014111553,0.37687618554754065
141.72417446000009,3.5510079183690983,2.926303596065206,1.1510079095850734,0.37630359606520614
141.75598566999997,3.5481326642649433,2.9257293131192212,1.1481326554809184,0.3757293131192214
141.77566655600003,3.5452805623227586,2.9251594260163554,1.1452805535387336,0.37515942601635555
141.80450155000017,3.5424320761869352,2.9245926711580603,1.1424320674029103,0.3745926711580605
141.83126857300022,3.5395831210707907,2.9240282784918348,1.1395831122867657,0.37402827849183495
141.92347838800015,3.536733698933258,2.923466248405756,1.1367336901492329,0.37346624840575604
141.94742296699997,3.5338838117335802,2.9229065812862705,1.1338838029495553,0.37290658128627063
141.9680449460002,3.5310076693697114,2.9223440702702743,1.1310076605856865,0.3723440702702745
141.9992086860002,3.5280771643822115,2.9217716818926873,1.1280771555981866,0.3717716818926875
142.02444785399985,3.525146589378662,2.921199652098585,1.1251465805946372,0.3711996520985852
142.11629232899986,3.522215944402978,2.9206279808965343,1.1222159356189532,0.3706279808965345
142.14013578799995,3.5192852294990344,2.920056668295093,1.1192852207150095,0.370056668295093
142.1654378950002,3.5163584865950868,2.919486437261066,1.1163584778110618,0.3694864372610662
142.1884745870002,3.5134393133887483,2.918917223985494,1.1134393046047233,0.3689172239854943
142.2190741700001,3.510520267771956,2.9183473567651803,1.1105202589879308,0.3683473567651805
142.238889534,3.507601349891205,2.9177768356287235,1.1076013411071801,0.36777683562872365
142.26316107599996,3.504682559892986,2.9172056606047607,1.104682551108961,0.3672056606047609
142.3363565499999,3.50176389792378,2.916633831721953,1.1017638891397552,0.3666338317219533
142.36175477400002,3.498846106732257,2.9160615114928032,1.0988460979482322,0.3660615114928034
142.38619756100024,3.4959324901024487,2.9154902830053397,1.0959324813184237,0.3654902830053399
142.41046478499993,3.4930187205264556,2.914919835191475,1.0930187117424306,0.3649198351914751
142.4335730849998,3.4901047982134417,2.914350168092158,1.0901047894294167,0.36435016809215837
142.5172631380001,3.487197857787756,2.913782702209547,1.087197849003731,0.363782702209547
142.54293629699987,3.484307335925171,2.9132197222256035,1.084307327141146,0.3632197222256037
142.5655254379999,3.481416545242429,2.9126581242119034,1.0814165364584039,0.3626581242119036
142.6128382249999,3.4785254864002626,2.912097908296807,1.0785254776162376,0.362097908296807
142.63283735899995,3.475634160059452,2.911539074608358,1.0756341512754268,0.3615390746083582
142.69913591600016,3.472742566880848,2.9109816232742864,1.0727425580968228,0.3609816232742866
142.72692527300023,3.469825514028562,2.9104204506686426,1.0698255052445371,0.3604204506686428
142.7483229989998,3.4668989442497824,2.909857998029897,1.0668989354657574,0.35985799802989726
142.79686581399983,3.4639722776471893,2.9092960494217817,1.0639722688631643,0.35929604942178184
142.8190810340002,3.461045514307591,2.9087346048609626,1.0610455055235661,0.35873460486096276
142.88896490100024,3.4581186543177944,2.908173664364095,1.0581186455337694,0.35817366436409515
142.9134221690001,3.455202773342208,2.9076152792612326,1.055202764558183,0.3576152792612328
142.93922623900016,3.4523202772670167,2.9070622233691683,1.0523202684829918,0.3570622233691685
142.98602264600004,3.449438092852131,2.9065075455872016,1.0494380840681061,0.35650754558720177
143.00719585600018,3.446556221010132,2.9059512460909587,1.0465562122261072,0.35595124609095885
143.07689944599997,3.4436746626535117,2.9053933250565818,1.0436746538694868,0.35539332505658194
143.1038183249998,3.4407934186946547,2.904833782660724,1.0407934099106297,0.35483378266072396
143.12390246699988,3.437884268363317,2.9042674119170298,1.0378842595792919,0.35426741191702993
143.17606471399995,3.4349645792543586,2.9036982920778094,1.0349645704703336,0.35369829207780956
143.19580216099985,3.4320450153018753,2.903128530538459,1.0320450065178504,0.3531285305384593
143.27180007100014,3.4291243467265593,2.902557910326545,1.0291243379425343,0.35255791032654527
143.29106928300007,3.4261987518050985,2.9019864562739257,1.0261987430210735,0.3519864562739259
143.31725696800004,3.423273062246528,2.9014154869354156,1.023273053462503,0.3514154869354158
143.36037549899993,3.420347278131139,2.900845002326688,1.020347269347114,0.35084500232668825
143.38147534400014,3.4174213995392457,2.9002750024634008,1.0174213907552208,0.35027500246340093
143.45716455399997,3.4144954265511593,2.8997054873611994,1.0144954177671344,0.34970548736119955
143.47691344299983,3.411576927055133,2.899137432381152,1.0115769182711078,0.349137432381152
143.50099707300024,3.408659392738577,2.8985688475563776,1.008659383954552,0.34856884755637774
143.54065460899983,3.405741994400203,2.8979995654413484,1.005741985616178,0.3479995654413486
143.56108828900005,3.402824732206662,2.897429586068582,1.0028247234226368,0.3474295860685821
143.63539642000023,3.3999076063245988,2.8968589094706396,0.9999075975405738,0.3468589094706398
143.65969703700011,3.3969935490874863,2.89628811406791,0.9969935403034613,0.34628811406791016
143.68651658999988,3.394135045568165,2.895729112947868,0.9941350367841402,0.34572911294786834
143.72742074000007,3.391276119681368,2.895172275991493,0.9912761108973429,0.345172275991493
143.74873827600004,3.388416773065577,2.8946176035179163,0.9884167642815522,0.3446176035179165
143.82484692800017,3.3855392353361147,2.8940615567326535,0.9855392265520897,0.3440615567326537
143.86604820899993,3.382599675548221,2.8934939645975883,0.9825996667641959,0.3434939645975885
143.86913230900018,3.3796601459887117,2.8929262159327114,0.9796601372046867,0.34292621593271155
143.9092811290002,3.376720646665811,2.8923583107395916,0.9767206378817859,0.3423583107395918
143.9303597019998,3.3737811775878543,2.891790249019855,0.9737811688038294,0.341790249019855
144.01003163999985,3.3708417387631755,2.8912220307751015,0.9708417299791505,0.3412220307751017
144.03265486300006,3.367908958872748,2.8906551893961145,0.9679089500887232,0.3406551893961147
144.05620835399986,3.3649761154145765,2.8900886770089653,0.9649761066305516,0.3400886770089655
144.0966488580002,3.3620432084256495,2.8895224936207935,0.9620431996416245,0.3395224936207937
144.1628487600001,3.359110237942842,2.888956639238723,0.9591102291588172,0.3389566392387233
144.19167737599992,3.3561772040030466,2.88839111386987,0.9561771952190217,0.3383911138698701
144.21300681999992,3.353242264188465,2.8878255538475166,0.9532422554044402,0.3378255538475168
144.23616162100006,3.3502999396712685,2.887258616370804,0.9502999308872435,0.337258616370804
144.2743408460001,3.347357632615369,2.886691588279772,0.9473576238313441,0.3366915882797721
144.3486488389999,3.34441534302372,2.8861244695749813,0.9444153342396948,0.33612446957498143
144.3790796889998,3.3414804450735787,2.8855587646820866,0.9414804362895537,0.3355587646820868
144.3985692860001,3.338551519138688,2.8849946093774355,0.9385515103546629,0.33499460937743564
144.4201174609998,3.3356225089614764,2.884430891609714,0.9356225001774514,0.3344308916097143
144.45836557600023,3.3326934146072995,2.8838676113915023,0.9326934058232745,0.33386761139150245
144.53077843600022,3.3297642361415463,2.883304768735375,0.9297642273575213,0.33330476873537496
144.56299665200004,3.326833034234585,2.8827419875092577,0.9268330254505601,0.3327419875092579
144.5827187519999,3.323890795278013,2.882177320389377,0.9238907864939878,0.332177320389377
144.60990975999994,3.320948536423938,2.8816127569567933,0.9209485276399132,0.3316127569567935
144.63999319799996,3.3180062576760085,2.881048297212214,0.9180062488919836,0.33104829721221396
144.71406326399983,3.315063959037871,2.88048394115632,0.9150639502538462,0.33048394115632007
144.7468148050002,3.312121640513185,2.8799196887898315,0.91212163172916,0.3299196887898317
144.7678676720002,3.309186805578305,2.879356921533526,0.9091867967942799,0.32935692153352614
144.79147126099997,3.306263298627426,2.8787958471059256,0.9062632898434009,0.3287958471059258
144.8268642869998,3.3033399042553273,2.8782341863984415,0.9033398954713023,0.3282341863984417
144.90747716099986,3.300416622579583,2.877671939433663,0.9004166137955578,0.32767193943366335
144.9427783330002,3.2974796109991145,2.8771066172403543,0.8974796022150895,0.3271066172403545
144.96236121599986,3.294541913513558,2.8765409424653305,0.8945419047295329,0.3265409424653307
144.98326733300019,3.2916042569022244,2.8759750554610273,0.8916042481181994,0.32597505546102745
145.01660287899995,3.288666641180446,2.875408956230406,0.8886666323964212,0.32540895623040633
145.0925621790002,3.285729066363556,2.874842644776417,0.8857290575795309,0.324842644776417
145.12292529100023,3.2828228933592474,2.874282430356664,0.8828228845752224,0.32428243035666426
145.14429348000021,3.279947831455397,2.8737298234465833,0.879947822671372,0.3237298234465835
145.16722751899988,3.2770724237940625,2.8731790184636425,0.8770724150100375,0.3231790184636427
145.2029182790002,3.274196671504599,2.872630015624179,0.874196662720574,0.32263001562417903
145.27496490700014,3.271320575716489,2.8720828151438194,0.871320566932464,0.32208281514381953
145.30125900199982,3.268444137559348,2.8715374172374815,0.8684441287753231,0.32153741723748164
145.32502718900014,3.2655298327962794,2.8709863767040713,0.8655298240122544,0.3209863767040715
145.34557197899994,3.262589673619357,2.870430755887662,0.862589664835332,0.32043075588766223
145.37984427599986,3.2596494768808446,2.8698753338713874,0.8596494680968196,0.31987533387138756
145.4552190630002,3.2567092425941944,2.86932011065779,0.8567092338101694,0.3193201106577903
145.4868895630002,3.2538313158437666,2.8687775076679736,0.8538313070597416,0.31877750766797375
145.50919609499988,3.250968605109708,2.8682399782470354,0.850968596325683,0.31823997824703554
145.533761616,3.2481054886832816,2.8677046139281006,0.8481054798992567,0.3177046139281008
145.5619426080002,3.2452419682019795,2.8671714150173586,0.8452419594179545,0.3171714150173588
145.64057395600003,3.2423780453035222,2.8666403818197583,0.8423780365194973,0.3166403818197585
145.67129406100003,3.239489617891279,2.8661067709482793,0.8394896091072539,0.31610677094827944
145.695944607,3.236564534018773,2.8655661673448454,0.8365645252347482,0.31556616734484555
145.72105500499993,3.233639569125217,2.865024920369279,0.8336395603411919,0.3150249203692792
145.74972242600006,3.2307147233520763,2.8644830300477584,0.8307147145680513,0.31448303004775857
145.836127347,3.2277899968408645,2.863940496406501,0.8277899880568396,0.31394049640650135
145.85910356900013,3.224865389733096,2.8633973194717597,0.8248653809490709,0.31339731947175986
145.87958811,3.2219377491268903,2.862852954941369,0.8219377403428654,0.312852954941369
145.9052881550001,3.2190102132158827,2.8623080276518733,0.8190102044318577,0.3123080276518735
145.9310969799999,3.216082782108253,2.8617625376234104,0.816082773324228,0.31176253762341055
146.01278036600024,3.2131675653817275,2.861218799202086,0.8131675565977026,0.31121879920208606
146.03658961300016,3.2103005957906032,2.8606853426092287,0.8103005870065783,0.31068534260922887
146.0600366230001,3.2074332394200264,2.8601539689015802,0.8074332306360015,0.3101539689015804
146.08675241299989,3.204565497783264,2.859624678359578,0.8045654889992391,0.3096246783595782
146.11343460599983,3.201697372393759,2.859097471262555,0.8016973636097342,0.30909747126255516
146.21022047499991,3.1988288647651557,2.8585723478887424,0.7988288559811307,0.30857234788874255
146.23032019799984,3.1959155876812932,2.858040002983181,0.7959155788972683,0.30804000298318135
146.25627984999983,3.192994989868406,2.857505527719107,0.792994981084381,0.307505527719107
146.28085670500013,3.1900745352922324,2.856970270340822,0.7900745265082074,0.30697027034082236
146.307529015,3.1871542241622084,2.856434230886713,0.7871542153781834,0.3064342308867132
146.39886743399984,3.1842340566877687,2.8558974093952187,0.7842340479037437,0.3058974093952189
146.41959215199995,3.181301900190205,2.855357661646494,0.78130189140618,0.30535766164649436
146.44700881100016,3.178359643092182,2.8548157768757103,0.7783596343081571,0.3048157768757105
146.4740205940002,3.17541742478737,2.854273681512802,0.7754174160033451,0.304273681512802
146.49692494700002,3.1724752452908365,2.853731375560548,0.7724752365068115,0.30373137556054797
146.58677904100023,3.1695331046176562,2.8531888590217345,0.7695330958336313,0.30318885902173465
146.60724449500003,3.166591002782904,2.852646131899132,0.7665909939988791,0.30264613189913225
146.62790871700008,3.1636766045622084,2.852108805529434,0.7636765957781835,0.3021088055294343
146.652788849,3.1607651072332703,2.851573041788508,0.7607650984492453,0.3015730417885081
146.6761181480001,3.157853426116687,2.851038277767818,0.7578534173326621,0.3010382777678182
146.77738579300012,3.154941561555728,2.8505045135304132,0.7549415527717032,0.3005045135304134
146.81322889400008,3.152029736573117,2.849971790138313,0.7520297277890919,0.2999717901383132
146.84640821999983,3.149119727291986,2.8494404666339412,0.749119718507961,0.2994404666339414
146.8695152370001,3.146209525341589,2.8489101994461246,0.7462095165575642,0.29891019944612474
146.9009033819998,3.143299131105365,2.8483809886447284,0.7432991223213401,0.2983809886447286
146.98678081100024,3.1403885449667723,2.8478528342994798,0.7403885361827474,0.29785283429947995
147.0119930400001,3.1374742325002902,2.847325089281495,0.7374742237162653,0.29732508928149537
147.036057583,3.134537819021906,2.8467940069040516,0.7345378102378812,0.2967940069040518
147.05893492799987,3.131601332172331,2.846263330364211,0.7316013233883059,0.29626333036421126
147.0835168389999,3.1286647720076575,2.8457330596721087,0.7286647632236325,0.29573305967210883
147.1834355000001,3.1257620958540255,2.8452088582936237,0.7257620870700006,0.29520885829362387
147.20285620200002,3.122877948667323,2.8446863564844596,0.7228779398832978,0.29468635648445973
147.2317225339998,3.1199941140242577,2.8441621324039392,0.7199941052402328,0.2941621324039394
147.2508615329998,3.117110592953283,2.8436361862390145,0.7171105841692582,0.29363618623901466
147.27077409999993,3.114227386482747,2.8431085181772557,0.7142273776987222,0.2931085181772559
147.364523836,3.111341771881774,2.8425786408461486,0.711341763097749,0.2925786408461488
147.38426006100008,3.1084241562437653,2.8420426804746297,0.7084241474597404,0.2920426804746299
147.40788903400016,3.1055063848185656,2.8415075688590345,0.7055063760345406,0.2915075688590347
147.4348130799999,3.1025884578530674,2.8409733060446443,0.7025884490690424,0.29097330604464444
147.45861947100002,3.099670375594187,2.8404398920766694,0.699670366810162,0.29043989207666954
147.55409388399994,3.096752138288861,2.8399073270002466,0.6967521295048362,0.2899073270002468
147.57413998999982,3.093819406321811,2.839372646514314,0.6938193975377862,0.28937264651431427
147.59773735699991,3.0908819321295478,2.8388367711272484,0.6908819233455228,0.2888367711272486
147.6257422829999,3.0879445231955165,2.838300538141562,0.6879445144114915,0.288300538141562
147.6512740019998,3.085007179563247,2.8377639475651986,0.685007170779222,0.28776394756519874
147.76795933999983,3.082073939794508,2.8372277298587223,0.6820739310104829,0.28722772985872247
147.78862843900015,3.0791637226457675,2.8366948988967353,0.6791637138617426,0.2866948988967355
147.82156793900003,3.0762536968963,2.8361610236076413,0.6762536881122752,0.2861610236076415
147.84438145900003,3.0733438629208583,2.835626104060194,0.6733438541368333,0.2856261040601944
147.9563167020001,3.0704342210941773,2.8350901403232793,0.6704342123101523,0.2850901403232795
147.98364433999996,3.0675236850663756,2.8345529440817736,0.6675236762823507,0.2845529440817738
148.00351757499993,3.064613144636443,2.8340147003943574,0.6646131358524179,0.2840147003943576
148.0275708600002,3.0617027914841546,2.833475444990785,0.6617027827001296,0.28347544499078525
148.05383599700008,3.0587926259611864,2.832935177936218,0.6587926171771614,0.28293517793621836
148.15462816199988,3.055882648419194,2.8323938992959423,0.6558826396351689,0.2823938992959425
148.18280039399997,3.052963042838836,2.831849877215057,0.6529630340548112,0.2818498772150573
148.2018033549998,3.0500402995448144,2.8313045569501214,0.6500402907607894,0.2813045569501216
148.23049216300024,3.0471176830813778,2.8307585573514493,0.6471176742973528,0.2807585573514495
148.25908307400005,3.0441951936064258,2.83021187844854,0.6441951848224008,0.2802118784485401
148.36381639,3.041272831277846,2.829664520270926,0.6412728224938209,0.27966452027092625
148.39308127999993,3.0383505962535247,2.82911648284818,0.6383505874694997,0.27911648284818025
148.41633707600022,3.0354263888877964,2.8285673759115375,0.6354263801037714,0.2785673759115377
148.44607363500018,3.0324903714384845,2.8280155845496577,0.6324903626544596,0.2780155845496579
148.473042738,3.029554414171467,2.827463473060983,0.629554405387442,0.2774634730609833
148.49940907500013,3.026618517121645,2.826911041452074,0.6266185083376201,0.27691104145207435
148.5312030619998,3.02368268032392,2.826358289729498,0.6236826715398949,0.2763582897294983
148.61555856799987,3.0207682056558554,2.8258093694884248,0.6207681968718304,0.27580936948842494
148.64718446100005,3.017893075275155,2.825269309785631,0.61789306649113,0.27526930978563113
148.68318286700014,3.0150175963880494,2.824731108746626,0.6150175876040245,0.274731108746626
148.71042060399986,3.0121417701960893,2.824194766596305,0.6121417614120643,0.27419476659630515
148.72837875699997,3.009265597900976,2.823660283558783,0.609265589116951,0.27366028355878314
148.8400224070001,3.006389080704555,2.8231276598574024,0.60638907192053,0.2731276598574026
148.87058519899983,3.003502839023403,2.8225950812427967,0.6035028302393779,0.27259508124279686
148.9031008840002,3.000583029162249,2.8220562749341798,0.6005830203782239,0.27205627493417994
148.95548504499993,2.9976633636610215,2.82151668692054,0.5976633548769965,0.2715166869205401
148.9764881330002,2.994743842729006,2.8209763172405546,0.5947438339449809,0.2709763172405548
149.06606137200015,2.9918233951176805,2.8204349832924667,0.5918233863336555,0.27043498329246685
149.08908221599995,2.9888968735715027,2.8198926270573983,0.5888968647874777,0.26989262705739847
149.1192357670002,2.9859702409371116,2.819350870590615,0.5859702321530866,0.26935087059061535
149.16873211500024,2.983043497337427,2.8188097139148733,0.5830434885534022,0.2688097139148735
149.19644376799988,2.9801166428953763,2.8182691570529004,0.5801166341113513,0.26826915705290055
149.2736878679998,2.9772035850402254,2.8177315935058216,0.5772035762562004,0.26773159350582176
149.29470875900006,2.974311545974701,2.817196766284664,0.5743115371906762,0.2671967662846644
149.33474183599992,2.9714197804071647,2.8166604622518623,0.5714197716231397,0.26666046225186246
149.37968697899987,2.9685282890917764,2.8161226815472795,0.5685282803077514,0.2661226815472797
149.40436569299982,2.965637072782594,2.815583424311164,0.5656370639985688,0.26558342431116433
149.4767430349998,2.962746132233603,2.815042690684144,0.5627461234495779,0.2650426906841443
149.49750425000002,2.959855468198719,2.8145004808072347,0.5598554594146941,0.2645004808072349
149.52737574999992,2.9569489952738555,2.813954278056714,0.5569489864898305,0.2639542780567141
149.5689935280002,2.9540333656007793,2.813407081910524,0.5540333568167544,0.2634070819105241
149.59382633299992,2.951117577339199,2.8128607314492857,0.5511175685551741,0.2628607314492859
149.6643061230002,2.9482050391156536,2.8123158706630322,0.5482050303316286,0.2623158706630324
149.68531842699986,2.945311595437286,2.8117758343118995,0.545311586653261,0.26177583431189966
149.7207794689998,2.942417887242599,2.811237217133898,0.5424178784585738,0.26123721713389836
149.7611909709999,2.939523915227669,2.8107000192585927,0.5395239064436441,0.2607000192585929
149.776131309,2.936629680088633,2.8101642408152037,0.5366296713046079,0.26016424081520384
149.85271421900006,2.933735182521695,2.8096298819326124,0.5337351737376701,0.2596298819326126
149.87297326199996,2.930842159300803,2.809097278265412,0.530842150516778,0.2590972782654122
149.90302353000016,2.9279496093979973,2.808566291001892,0.5279496006139723,0.258566291001892
149.93787206100023,2.925056787824772,2.808036785799148,0.5250567790407472,0.2580367857991481
149.96236550000003,2.9221636953404957,2.8075087627961786,0.5221636865564707,0.25750876279617874
150.03432716199995,2.919270332704604,2.8069822221315888,0.5192703239205789,0.25698222213158894
150.05481219900003,2.9163767006766044,2.806457163943595,0.5163766918925794,0.2564571639435953
150.082815708,2.913468125114051,2.805930768442246,0.5134681163300261,0.25593076844224605
150.11953078199986,2.9105567644881694,2.805404955942,0.5105567557041444,0.2554049559420002
150.1429611650001,2.907645214762214,2.804880191544737,0.5076452059781889,0.25488019154473696
150.21012137200023,2.904730602326272,2.804355952998535,0.5047305935422468,0.2543559529985351
150.23293396400004,2.901780981701677,2.8038258122637294,0.5017809729176519,0.2538258122637296
150.262631307,2.8988313753969384,2.8032955918622116,0.49883136661291333,0.25329559186221173
150.30265753100002,2.895881783414122,2.802765291794355,0.49588177463009714,0.25276529179435503
150.32324707399994,2.892932205755358,2.8022349120605345,0.4929321969713331,0.2522349120605347
150.3980618720002,2.889982642422815,2.8017044526611263,0.4899826336387902,0.2517044526611265
150.41743517299983,2.8870563594963814,2.8011782530959097,0.48705635071235637,0.2511782530959099
150.4434277979999,2.884158334685506,2.8006583498535824,0.48415832590148117,0.2506583498535826
150.47502385300004,2.881260059195598,2.8001398458801403,0.4812600504115729,0.2501398458801405
150.54229103299986,2.8783615337022805,2.799622741296454,0.4783615249182555,0.249622741296454
150.57052603400007,2.8754590887380798,2.799106112658725,0.47545907995405473,0.2491061126587253
150.5901980839999,2.8725522435483604,2.7985878757960094,0.47255223476433533,0.2485878757960096
150.61831490199984,2.869645611135988,2.798068446857516,0.4696456023519628,0.24806844685751628
150.65045821400008,2.866739191989813,2.7975478259306037,0.46673918320578783,0.24754782593060387
150.7178546770001,2.86383298659866,2.7970260131028333,0.463832977814635,0.24702601310283345
150.75252575700006,2.860926995451319,2.796503008461971,0.46092698666729376,0.24650300846197126
150.77196244000015,2.8580017991880826,2.7959756598927163,0.4580017904040576,0.24597565989271652
150.79503188599983,2.8550652807148835,2.7954465938292485,0.4550652719308585,0.24544659382924872
150.8295838529998,2.8521286879814896,2.7949179401041735,0.4521286791974645,0.24491794010417367
150.8976529319998,2.8491920210457824,2.7943896987279118,0.44919201226175737,0.24438969872791194
150.92380129100002,2.8462495403077677,2.79386079981417,0.44624953152374264,0.2438607998141702
150.94634126600022,2.8433012857996616,2.7933310208102693,0.44330127701563654,0.24333102081026947
150.97044947199993,2.840353010517625,2.7928013574276593,0.44035300173359987,0.24280135742765951
151.00646358699987,2.8374047144661936,2.7922718096671377,0.43740470568216855,0.2422718096671379
151.07515958700014,2.834456397649908,2.7917423775295354,0.43445638886588295,0.24174237752953553
151.1117639099998,2.831508113571772,2.7912130706550617,0.43150810478774687,0.24121307065506192
151.13107194099985,2.8285608225960623,2.790684077111441,0.4285608138120373,0.24068407711144113
151.1563902920002,2.825613505894064,2.7901552269220598,0.4256134971100391,0.24015522692205993
151.1919229670002,2.8226661634727463,2.789626520088175,0.4226661546887213,0.2396265200881751
151.26328569199995,2.819721281791334,2.7890983941888217,0.41972127300730916,0.23909839418882184
151.28639940799985,2.816790537885457,2.788572481041358,0.41679052910143216,0.2385724810413583
151.31056171499995,2.8138598963291623,2.7880459978515373,0.4138598875451373,0.23804599785153746
151.33645911099984,2.810929357233349,2.787518944639282,0.4109293484493239,0.23751894463928203
151.36740478299998,2.8079989207088882,2.786991321424528,0.4079989119248632,0.23699132142452806
151.44070658300006,2.805068586866648,2.7864631282272416,0.40506857808262303,0.2364631282272418
151.46831099600013,2.802159004872506,2.78593801212062,0.402158996088481,0.23593801212062004
151.49290739900016,2.7992979092907015,2.7854197180030766,0.3992979005066765,0.23541971800307682
151.513654201,2.7964372293973017,2.7848991344189216,0.39643722061327663,0.23489913441892174
151.54525186499995,2.793576967024366,2.7843762617015515,0.39357695824034117,0.23437626170155168
151.61646993000022,2.7907171240036757,2.7838511001858257,0.39071711521965063,0.2338511001858259
151.64540809300024,2.787857702166736,2.783323650208069,0.3878576933827111,0.2333236502080691
151.66642606200003,2.784988576836354,2.782792205147378,0.384988568052329,0.23279220514737808
151.69192426000018,2.7820930068367073,2.782256359077727,0.3820929980526823,0.23225635907772713
151.7234413199999,2.779197180512733,2.7817218999729643,0.3791971717287081,0.23172189997296444
151.7944037950001,2.7763010985287964,2.7811888279557095,0.37630108974477133,0.23118882795570972
151.8277202549998,2.77337684015086,2.780651778990626,0.3733768313668348,0.23065177899062617
151.84614529100008,2.7704304802202726,2.7801108933956478,0.3704304714362476,0.23011089339564794
151.86530810900013,2.767484099646296,2.7795701202633807,0.36748409086227113,0.22957012026338086
151.89329748299997,2.7645376984332017,2.779029459594607,0.3645376896491767,0.22902945959460697
151.96507709100024,2.761595657020179,2.7784897354660667,0.3615956482361539,0.22848973546606688
151.9917155930002,2.7586616900542134,2.7779518724846475,0.3586616812701883,0.22795187248464766
152.01468647899992,2.755727643226752,2.777414445318947,0.3557276344427271,0.22741444531894706
152.0410051409999,2.7527935166025364,2.776877453980819,0.3527935078185113,0.22687745398081915
152.06565060599996,2.7498593102463,2.7763408984821165,0.349859301462275,0.2263408984821167
152.13865943700011,2.7469250242227856,2.7758047788346727,0.3469250154387606,0.22580477883467287
152.1646645750002,2.7439880517009683,2.7752686105572217,0.34398804291694324,0.22526861055722192
152.18687210899998,2.741043209638146,2.774731256462127,0.3410432008541208,0.22473125646212733
152.20971118599982,2.738098337155041,2.774194069104929,0.3380983283710161,0.22419406910492912
152.23856624400014,2.735153434261095,2.7736570484873524,0.33515342547707,0.22365704848735257
152.31803826099986,2.732212554845299,2.773120949776536,0.3322125460612741,0.2231209497765363
152.34522456700006,2.7292810628325888,2.772587006353714,0.3292810540485637,0.2225870063537143
152.36700963300018,2.7263494770268184,2.7720535781366307,0.3263494682427934,0.22205357813663085
152.39165393700023,2.7234177975185396,2.7715206651417623,0.3234177887345146,0.2215206651417625
152.4194435139998,2.7204860243982982,2.770988267385568,0.3204860156142732,0.2209882673855681
152.50417325399985,2.7175541577566493,2.7704563848844934,0.3175541489726243,0.2204563848844936
152.52433955300012,2.7146440493846997,2.7699291794476286,0.3146440406006747,0.2199291794476288
152.54638327500015,2.7117430907898776,2.769404947325752,0.3117430820058526,0.219404947325752
152.5710693179999,2.708841895986844,2.768882024003133,0.30884188720281885,0.21888202400313306
152.59682728300004,2.7059404655660804,2.768360409586201,0.30594045678205534,0.21836040958620107
152.6881348070001,2.7030388001181134,2.7678401041811207,0.30303879133408834,0.21784010418112087
152.70846577400016,2.700136900233517,2.7673211078937885,0.3001368914494921,0.21732110789378867
152.737271642,2.6972001911344665,2.7667963598741525,0.2972001823504415,0.2167963598741527
152.75599989400007,2.6942627631394935,2.7662710638310783,0.2942627543554685,0.21627106383107852
152.77841159499985,2.691325407889246,2.765745361165734,0.2913253991052209,0.21574536116573428
152.8721615190002,2.688383722788205,2.76521849847733,0.2883837140041798,0.2152184984773302
152.89456979900024,2.6854391483452917,2.7646908780779476,0.2854391395612667,0.21469087807794773
152.92798348199995,2.6824946129086245,2.76416304003658,0.2824946041245994,0.21416304003658038
152.94826614700014,2.6795501164942888,2.7636349843561154,0.27955010771026373,0.2136349843561156
152.97274830900005,2.676605659118371,2.7631067110394425,0.27660565033434587,0.21310671103944268
153.06502794800008,2.6736671202933096,2.762579319109697,0.2736671115092845,0.21257931910969718
153.09033683899997,2.6707422298377823,2.7620548844102437,0.2707422210537573,0.2120548844102439
153.113277207,2.6678172100917044,2.7615311713057276,0.26781720130767933,0.21153117130572774
153.13281317100018,2.664892061233093,2.7610081798280213,0.2648920524490678,0.21100817982802145
153.1648971149998,2.661966783439981,2.7604859100089545,0.2619667746559559,0.21048591000895467
153.26003350400015,2.659042178670457,2.759964505256284,0.25904216988643197,0.20996450525628418
153.28311839800017,2.6561326411426514,2.7594467599457824,0.2561326323586263,0.20944675994578255
153.30803742099988,2.653222903009312,2.758930143233273,0.25322289422528715,0.2089301432332733
153.338229642,2.6503129647082244,2.7584146551964865,0.2503129559241994,0.20841465519648672
153.3651705279999,2.6474028266771867,2.7579002959129766,0.2474028178931617,0.20790029591297676
153.4524387880001,2.6444924893540405,2.757387065460128,0.24449248057001544,0.2073870654601282
153.4746532270001,2.6415713451506995,2.75687254658358,0.24157133636667444,0.20687254658358034
153.50208593200023,2.638646758433045,2.7563566917679467,0.23864674964901983,0.2063566917679469
153.52943857599985,2.63572230713222,2.7558400698084013,0.23572229834819497,0.20584006980840153
153.5540467689998,2.632797991449469,2.7553226807404942,0.23279798266544377,0.20532268074049442
153.64478497500022,2.629873811586009,2.7548045245998276,0.22987380280198394,0.2048045245998278
153.66297553799996,2.6269446838974133,2.754284715950553,0.22694467511338828,0.20428471595055298
153.6926368129998,2.623993364241294,2.7537607593800564,0.223993355457269,0.20376075938005656
153.71695867800008,2.621042033091097,2.7532368675572676,0.22104202430707204,0.20323686755726778
153.7468134300002,2.618090690448197,2.7527130404824396,0.21809068166417184,0.20271304048243977
153.83273805,2.6151393363140194,2.7521892781558392,0.21513932752999437,0.20218927815583942
153.8539351710001,2.612187970689984,2.75166558057769,0.21218796190595896,0.20166558057769013
153.88261194999995,2.6092577787610582,2.75114545873111,0.20925776997703321,0.20114545873111034
153.90732679600023,2.606334769840763,2.7506258245570607,0.20633476105673804,0.2006258245570609
153.93160273600006,2.603411901363646,2.7501054009907113,0.20341189257962083,0.2001054009907115
154.02380696399996,2.600508342725698,2.7495874824439173,0.20050833394167306,0.19958748244391744
154.04918319599983,2.5976242232425713,2.7490713474660637,0.19762421445854622,0.19907134746606392
154.07142984199982,2.594740417687199,2.7485534613520164,0.19474040890317385,0.19855346135201657
154.09968595200007,2.591856927122811,2.7480338242927154,0.19185691833878588,0.19803382429271554
154.18749149199994,2.588973752612518,2.747512436479744,0.1889737438284928,0.19751243647974404
154.22167963099992,2.5860781555045635,2.746987041359067,0.18607814672053852,0.1969870413590673
154.2411929310001,2.5831271125839073,2.746451080465133,0.18312710379988223,0.19645108046513338
154.2692094539998,2.5801760664953584,2.7459151370141175,0.18017605771133333,0.19591513701411767
154.29821503099993,2.577225017239027,2.7453792110060404,0.17722500845500194,0.1953792110060406
154.38803890100007,2.5742739648150184,2.7448433024409225,0.17427395603099333,0.19484330244092263
154.41080095899997,2.57132408655171,2.7443076258940766,0.17132407776768493,0.1943076258940768
154.43087886500007,2.568396516504204,2.743776362463033,0.16839650772017917,0.1937763624630331
154.4600682989999,2.5654688331822126,2.743245723619469,0.1654688243981876,0.19324572361946935
154.48241291600016,2.56254103671898,2.742715709387533,0.16254102793495478,0.19271570938753335
154.5782310300001,2.5596131272477645,2.742186319791352,0.15961311846373943,0.19218631979135203
154.60234566500003,2.556685104901832,2.74165755485502,0.15668509611780695,0.19165755485502034
154.62436341700004,2.5537964908460773,2.7411358714837033,0.15379648206205226,0.19113587148370348
154.64718553500006,2.550925110723893,2.7406153183561996,0.15092510193986802,0.19061531835619983
154.6730780349999,2.5480541004317034,2.7400927293524266,0.1480540916476784,0.19009272935242683
154.69757729499997,2.545183461413008,2.7395681047351323,0.14518345262898297,0.18956810473513253
154.7227563299998,2.5423131951111033,2.739041444768087,0.1423131863270783,0.18904144476808726
154.80337813000006,2.5394433029691035,2.7385127497160866,0.13944329418507845,0.18851274971608678
154.82817277899994,2.536548949913978,2.737977661031256,0.13654894112995292,0.18797766103125602
154.84997621000002,2.5336429737836315,2.737439221120182,0.13364296499960643,0.18743922112018208
154.87459337600012,2.5307372058167377,2.7368996589545613,0.13073719703271264,0.1868996589545615
154.8987700040002,2.527831646446702,2.7363589746148733,0.12783163766267686,0.1863589746148735
154.98253861000012,2.524926296106892,2.7358171681817622,0.12492628732286709,0.18581716818176242
155.01401539300014,2.522013400762968,2.735272822018197,0.12201339197894295,0.1852728220181974
155.03718586900004,2.519081303766365,2.734724263159322,0.11908129498233982,0.184724263159322
155.087800281,2.516149287765638,2.734175271546811,0.11614927898161292,0.18417527154681101
155.10744510199993,2.513217352824657,2.7336258471926254,0.11321734404063205,0.18362584719262554
155.17132441500007,2.5102866654451104,2.733076306670216,0.11028665666108534,0.18307630667021613
155.19835371699992,2.5073573580396067,2.732527396784452,0.10735734925558166,0.1825273967844523
155.22561817399992,2.5044279569243963,2.7319789872250686,0.10442794814037132,0.18197898722506878
155.2702489100002,2.501498462184932,2.7314310780080637,0.10149845340090685,0.1814310780080639
155.29000261400006,2.4985688739066743,2.7308836691494225,0.09856886512264923,0.18088366914942267
155.36111039100024,2.495639192175085,2.73033676066511,0.09563918339105987,0.18033676066511006
155.38613754900007,2.492753808495344,2.729799217263521,0.09275379971131897,0.179799217263521
155.41025888100012,2.4898681225895536,2.7292632986679473,0.08986811380552856,0.17926329866794743
155.45762427199998,2.4869821353726778,2.728729005048313,0.08698212658865273,0.17872900504831302
155.48072572699994,2.4840958477597663,2.728196336574024,0.0840958389757413,0.178196336574024
155.55520977900005,2.4812092606659624,2.7276652934139713,0.08120925188193734,0.17766529341397153
155.57993697700022,2.4782699453515526,2.727125586669328,0.07826993656752762,0.17712558666932798
155.62986752000006,2.4753209731763612,2.7265841608068633,0.07532096439233621,0.17658416080686345
155.65869121900005,2.472371992849188,2.726042779347504,0.07237198406516304,0.17604277934750412
155.69076106600005,2.4694230043706993,2.7255014422913724,0.06942299558667425,0.17550144229137254
155.77568582999993,2.466494612785249,2.7249640682338523,0.06649460400122414,0.17496406823385247
155.7965169600002,2.463586672862658,2.724431449573495,0.06358666407863284,0.1744314495734951
155.82411896600024,2.4606785314964763,2.723899931911483,0.060678522712451284,0.17389993191148312
155.8725980109998,2.457770189103557,2.723369515324006,0.0577701803195318,0.17336951532400624
155.89340064499993,2.454861646100781,2.722840199887093,0.054861637316756036,0.17284019988709298
155.9779073750001,2.451930952318612,2.7223078242450303,0.05193094353458689,0.17230782424503044
155.9998882330001,2.4489799345324594,2.7217718558919803,0.04897992574843441,0.17177185589198052
156.0265607340002,2.4460289200230254,2.7212358694977876,0.04602891123900039,0.1712358694977878
156.07358295599988,2.4430779087904173,2.720699865062472,0.043077900006392285,0.17069986506247226
156.0953754809998,2.440126900834746,2.7201638425860546,0.040126892050721126,0.17016384258605477
156.17515318699998,2.4371798053183786,2.7196284886388544,0.03717979653435361,0.1696284886388546
156.19919591300004,2.4342375205653117,2.719093792774349,0.03423751178128671,0.169093792774349
156.22889751499997,2.431295279962568,2.7185588540197285,0.031295271178542756,0.1685588540197287
156.27184278100003,2.428353083530192,2.718023672378637,0.028353074746167054,0.16802367237863702
156.29191352099997,2.42541093128824,2.717488247854722,0.02541092250421512,0.16748824785472216
156.36644112600015,2.4224708932711896,2.7169529504987944,0.02247088448716456,0.16695295049879455
156.38865089,2.419537133805814,2.716418387170599,0.019537125021789007,0.1664183871705993
156.41469627300012,2.41660345747369,2.7158833677963066,0.01660344868966485,0.16588336779630675
156.45966503299996,2.413669864345709,2.7153478923888437,0.013669855561683824,0.16534789238884384
156.4815804650002,2.410736354492762,2.7148119609611534,0.010736345708736777,0.16481196096115358
156.55895131199986,2.4078029279857334,2.71427557352618,0.007802919201708341,0.16427557352618027
156.58002296999985,2.4048530258261653,2.713735910345569,0.0048530170421403115,0.1637359103455691
156.60268281900017,2.4019022553920575,2.713196080965201,0.001902246608032459,0.16319608096520133
156.6396703559999,2.398951486157337,2.712656245028891,-0.001048522626688137,0.1626562450288911
156.7113671259999,2.3960007181220155,2.7121164025366413,-0.003999290662009486,0.1621164025366415
156.74071861799985,2.39304995128611,2.7115765534884546,-0.006950057497915158,0.1615765534884548
156.75825272300017,2.3900991856496336,2.711036697884333,-0.009900823134391385,0.16103669788433317
156.78125395100005,2.387157033370341,2.710498527306356,-0.012842975413684116,0.1604985273063564
156.81966607200002,2.3842152912337697,2.7099606815981194,-0.015784717550255286,0.1599606815981196
156.89311575600004,2.3812735048514617,2.709423077947828,-0.018726503932563306,0.15942307794782806
156.91956879000008,2.378332912997994,2.708885896036614,-0.02166709578603104,0.15888589603661396
156.95670790299982,2.3753942071275573,2.708348831242819,-0.024605801656467693,0.15834883124281918
156.97597731299993,2.372455560021845,2.7078114450000745,-0.027544448762180148,0.1578114450000747
157.01598434400012,2.36951697171604,2.7072737373148095,-0.030483037067984994,0.15727373731480965
157.09431564499982,2.366578442245327,2.7067357081934635,-0.033421566538697926,0.15673570819346372
157.1187385510002,2.3636543385452975,2.706199924010918,-0.03634567023872753,0.15619992401091798
157.1475025919999,2.3607571043136693,2.7056678808115437,-0.03924290447035577,0.15566788081154392
157.169451149,2.3578601208703898,2.705134473754669,-0.04213988791363526,0.15513447375466916
157.21034847600004,2.354963388857495,2.7045997029585047,-0.045036619926530234,0.1545997029585049
157.28678494399992,2.352066908916958,2.7040635685415677,-0.04793309986706711,0.15406356854156789
157.31477911399998,2.349163397854906,2.7035247437480625,-0.05083661092911922,0.1535247437480627
157.33796734999987,2.346235832649381,2.7029806345180165,-0.05376417613464395,0.1529806345180167
157.3662430559998,2.3433083726601693,2.702435959478726,-0.056691636123855686,0.15243595947872635
157.4069052609998,2.340381017996634,2.7018907186505388,-0.05961899078739124,0.15189071865053894
157.49594901699993,2.3374537687681194,2.70134491205382,-0.06254624001590564,0.1513449120538204
157.52397402899987,2.3345228522001973,2.70079795691546,-0.06547715658382774,0.15079795691546005
157.54661771400015,2.331588136941966,2.7002505573716324,-0.06841187184205882,0.15025055737163262
157.57352383499983,2.328653352114817,2.699703530931859,-0.07134665666920809,0.14970353093185906
157.60370397999986,2.325718497766184,2.699156877604982,-0.07428151101784103,0.14915687760498209
157.68396308599995,2.3227835739435037,2.6986105973998384,-0.07721643484052138,0.14861059739983862
157.7092641889999,2.3198485806942113,2.6980646903252543,-0.08015142808981374,0.1480646903252545
157.732313472,2.316899628651575,2.6975163875727857,-0.08310038013244997,0.14751638757278585
157.757476881,2.313950674196397,2.696968097795906,-0.08604933458762792,0.14696809779590625
157.78679939699987,2.311001717328737,2.696419820994626,-0.08899829145528809,0.14641982099462636
157.86302658900013,2.3080651278962954,2.6958738811803555,-0.09193488088772966,0.1458738811803557
157.888477986,2.30519840943821,2.6953423221944606,-0.09480159934581517,0.14534232219446075
157.91304870900012,2.3023313028559693,2.6948128606571857,-0.09766870592805571,0.1448128606571859
157.9344302620002,2.2994638096841777,2.6942854968519234,-0.10053619909984729,0.1442854968519236
157.96695933799992,2.296595931457649,2.6937602310609416,-0.10340407732637585,0.14376023106094182
158.0608277790002,2.29372685047645,2.693236913894279,-0.10627315830757494,0.14323691389427928
158.0852524510001,2.2908418605991474,2.692712639202882,-0.10915814818487762,0.14271263920288213
158.11086594100016,2.2879565633367864,2.6921900588243823,-0.1120434454472386,0.14219005882438251
158.13502001300003,2.2850709596844125,2.6916691729390014,-0.11492904909961249,0.1416691729390016
158.1622180600002,2.2821850506371777,2.691149981726375,-0.11781495814684734,0.14114998172637527
158.2366752050002,2.2792988371903373,2.690632485365555,-0.1207011715936877,0.1406324853655554
158.2658172209999,2.276395497895423,2.6901135906354297,-0.12360451088860197,0.14011359063542983
158.28948756699992,2.27345335347412,2.6895883701535253,-0.1265466553099049,0.13958837015352543
158.31222881700023,2.2705111574344463,2.689063438905911,-0.12948885134957872,0.13906343890591133
158.34012085099994,2.2675689098048655,2.688538796897662,-0.13243109897915956,0.13853879689766213
158.4178226680001,2.2646266106138135,2.6880144441338487,-0.1353733981702115,0.1380144441338489
158.4476939709998,2.261684259889722,2.6874903806195394,-0.13831574889430304,0.13749038061953955
158.47102168999982,2.2587701661650956,2.6869714192586285,-0.1412298426189294,0.13697141925862866
158.49704026100017,2.2558909001647063,2.686457060228696,-0.14410910861931875,0.1364570602286963
158.52528742699997,2.2530119697841275,2.6859408260023443,-0.14698803899989749,0.13594082600234447
158.61389852000002,2.2501228020119943,2.685420852997441,-0.1498772067720307,0.135420852997441
158.63903122800002,2.247193609910193,2.684892680936521,-0.15280639887383224,0.13489268093652118
158.6626550840001,2.2442645257635947,2.684363910516208,-0.15573548302043033,0.13436391051620822
158.6895554749999,2.24133554969444,2.6838345417585705,-0.15866445908958499,0.13383454175857068
158.71284913099998,2.2384066818249506,2.683304574685699,-0.1615933269590744,0.13330457468569934
158.79733649299988,2.2354779222773526,2.682774009319708,-0.16452208650667238,0.13277400931970806
158.8193947919999,2.232539805123452,2.6822411967906405,-0.16746020366057307,0.13224119679064072
158.8421687179998,2.22958997502776,2.681706212259742,-0.1704100337562649,0.1317062122597421
158.86580365200007,2.226640135429064,2.6811712801297327,-0.1733598733549609,0.1311712801297329
158.89644987400015,2.2236902863282944,2.680636400400781,-0.17630972245573068,0.1306364004007814
158.97765079400006,2.220740427726382,2.680101573073056,-0.179259581057643,0.13010157307305636
158.99945357000024,2.217790559624259,2.6795667981467277,-0.18220944915976617,0.1295667981467279
159.02552129900005,2.214847271366648,2.6790331978814343,-0.18515273741737698,0.12903319788143452
159.04535663100023,2.2119084228450605,2.678500087519083,-0.18809158593896452,0.12850008751908337
159.07555828500017,2.208969635281725,2.6779666412248213,-0.19103037350229984,0.1279666412248215
159.16985858599992,2.206027589533638,2.6774322715606322,-0.19397241925038694,0.12743227156063242
159.19635670800017,2.2030794105729963,2.6768966403748804,-0.19692059821102875,0.12689664037488058
159.21830171700003,2.2001312481341184,2.676360918259264,-0.1998687606499066,0.1263609182592642
159.24370536300012,2.197183102219823,2.675825105214294,-0.20281690656420187,0.12582510521429402
159.26767345100006,2.1942349728329087,2.6752892012404845,-0.20576503595111634,0.1252892012404847
159.36675764099982,2.1912868599761826,2.674753206338333,-0.20871314880784247,0.1247532063383332
159.39627033599982,2.1883527508964034,2.67421947766983,-0.21164725788762168,0.12421947766982999
159.40956303600024,2.185418723919871,2.6736852978456858,-0.214581284864154,0.12368529784568594
159.436074577,2.1824847791159416,2.6731506668785276,-0.2175152296680834,0.12315066687852783
159.45900816999983,2.1795509165539793,2.6726155847809943,-0.22044909223004577,0.12261558478099444
159.55420186799984,2.1766171363033635,2.672080051565739,-0.22338287248066152,0.1220800515657392
159.5823089700002,2.1737118459748426,2.671548901450086,-0.22628816280918246,0.12154890145008634
159.60926056100016,2.170808268742225,2.671016814979337,-0.22919174004180004,0.12101681497933736
159.63405801199997,2.167904913443179,2.670483518846174,-0.2320950953408461,0.12048351884617414
159.65688129,2.1650017805816693,2.669949013143168,-0.23499822820235577,0.11994901314316797
159.7537229059999,2.1620988706616093,2.669413297963094,-0.2379011381224157,0.11941329796309397
159.77341701800015,2.1591646997742155,2.668870897233442,-0.24083530900980948,0.11887089723344202
159.80231348100006,2.1562213117019655,2.668326594312443,-0.24377869708205951,0.11832659431244297
159.82643874999985,2.1532779552766943,2.6677821202841647,-0.24672205350733073,0.1177821202841649
159.84563083700004,2.150334630508345,2.66723747515043,-0.24966537827567997,0.11723747515043037
159.94286060100012,2.14739133740687,2.6666926589130906,-0.2526086713771552,0.11669265891309077
159.96283986700018,2.1444502101388054,2.66614806109242,-0.2555497986452196,0.11614806109242037
159.99225363200003,2.141517681762363,2.6656046852094546,-0.25848232702166213,0.11560468520945477
160.0185253159998,2.138585236089405,2.665060863176091,-0.26141477269462016,0.11506086317609121
160.04067157600002,2.1356528731878055,2.6645165950049203,-0.26434713559621953,0.11451659500492051
160.13139667299993,2.132720593125438,2.6639718807085395,-0.267279415658587,0.1139718807085397
160.15446272500003,2.129788395970179,2.6634267202995607,-0.27021161281384615,0.11342672029956091
160.17702833600015,2.1268625439914604,2.6628822166711075,-0.2731374647925647,0.11288221667110765
160.2000017559999,2.123938897278501,2.6623374477337087,-0.27606111150552387,0.1123374477337089
160.2204066690001,2.1210153735474844,2.6617920191943676,-0.27898463523654066,0.11179201919436776
160.32238959999995,2.1180931312303444,2.6612463259534596,-0.28190687755368066,0.11124632595345973
160.3426667079998,2.115171977167114,2.660701402968236,-0.284828031616911,0.11070140296823627
160.37151870200023,2.1122506888112333,2.66015720037482,-0.2877493199727917,0.11015720037482035
160.3953066539998,2.109329266340349,2.659613718206308,-0.2906707424436759,0.10961371820630816
160.4979378769999,2.1064077099321246,2.6590709564957473,-0.29359229885190047,0.1090709564957475
160.5267136550001,2.103486448169467,2.6585288414462713,-0.29651356061455797,0.1085288414462715
160.5468098790002,2.1005657733016836,2.657986295476897,-0.29943423548234144,0.10798629547689709
160.56741465599998,2.0976452365843716,2.657443006331961,-0.3023547721996534,0.10744300633196113
160.59299197400014,2.094724838206633,2.6568989740466393,-0.30527517057739223,0.1068989740466395
160.68970360000003,2.0918045783575625,2.6563541986561594,-0.3081954304264625,0.10635419865615958
160.71964598500017,2.0888802392086117,2.655807911187203,-0.3111197695754134,0.10580791118720301
160.74566440299986,2.0859385912272277,2.6552582763031136,-0.31406141755679734,0.1052582763031138
160.7659752190002,2.082996907792428,2.6547088311998466,-0.31700310099159706,0.10470883119984675
160.7918861879998,2.0800551889164374,2.6541595758796968,-0.31994481986758766,0.10415957587969693
160.88191421500005,2.0771134346115026,2.653610510344946,-0.3228865741725225,0.10361051034494606
160.91370834100007,2.0741801481472155,2.653063231953665,-0.3258198606368095,0.10306323195366529
160.93356564199985,2.071323136784219,2.6525316947698427,-0.32867687199980594,0.10253169476984292
160.95854584800009,2.0684656935096,2.6520024843785484,-0.33153431527442484,0.10200248437854853
160.98607085000003,2.0656078202183057,2.651475601130739,-0.33439218856571934,0.10147560113073917
161.00600547700014,2.0627495188055955,2.650951045375827,-0.3372504899784295,0.10095104537582733
161.0358615199998,2.0598907911670103,2.6504288174616835,-0.3401092176170147,0.10042881746168364
161.10727646399982,2.057031639198378,2.6499089177346336,-0.34296836958564697,0.09990891773463373
161.13153896999984,2.05410036188693,2.649377373807433,-0.34589964689709524,0.09937737380743306
161.15932836899992,2.0511582000862907,2.64884411926163,-0.34884180869773435,0.09884411926163006
161.18326147300013,2.048215992526608,2.6483111172470912,-0.3517840162574171,0.0983111172470914
161.20433989899993,2.0452737392295552,2.6477783677677333,-0.3547262695544698,0.09777836776773352
161.28872590899982,2.042331440216813,2.6472458708274917,-0.3576685685672119,0.09724587082749192
161.31499372100006,2.039407308617122,2.646716825927942,-0.3605927001669032,0.09671682592794228
161.34235872499994,2.036525868728331,2.6461941735882846,-0.36347414005569384,0.09619417358828475
161.387586413,2.0336447534575135,2.645669734748152,-0.36635525532651153,0.0956697347481521
161.4163994239998,2.0307639639122876,2.645143509609161,-0.3692360448717374,0.09514350960916129
161.48326422499986,2.027883501200167,2.6446154983736165,-0.3721165075838582,0.09461549837361671
161.5037938559999,2.025003366428533,2.6440857012445087,-0.37499664235549185,0.09408570124450888
161.53417843399984,2.022097280890907,2.643550048133682,-0.377902727893118,0.0935500481336824
161.5759378150001,2.0191812493134997,2.64301338888056,-0.3808187594705253,0.09301338888056021
161.60328894399981,2.0162650550980112,2.6424776141033512,-0.3837349536860138,0.09247761410335142
161.66881276000004,2.0133408754407647,2.641941256860719,-0.38665913334326035,0.09194125686071919
161.68864497100003,2.010397078582704,2.6414016693932543,-0.3896029302013209,0.09140166939325445
161.71781303299986,2.0074532482496927,2.640862264585109,-0.3925467605343323,0.09086226458510938
161.759925071,2.0045093844530686,2.6403230424383652,-0.39549062433095644,0.09032304243836542
161.7845270150001,2.0015654872041693,2.63978400295509,-0.39843452157985576,0.08978400295509026
161.84975550499985,1.998621556514327,2.6392451461373656,-0.401378452269698,0.08924514613736578
161.87814147400013,1.9956995184688573,2.6387106875741813,-0.40430049031516774,0.08871068757418143
161.9001556940002,1.9927867191882234,2.6381789010933443,-0.40721328959580166,0.08817890109334448
161.9397211380001,1.9898737400781465,2.6376481005519956,-0.4101262687058785,0.08764810055199579
161.96153637199996,1.9869605814723457,2.637118286010945,-0.41303942731167936,0.08711828601094496
162.03475741800003,1.984047243704571,2.636589457530892,-0.41595276507945395,0.08658945753089231
162.0569506769998,1.981133727108588,2.6360616151724208,-0.418866281675437,0.08606161517242095
162.08343949300024,1.9782119211360683,2.6355331952958587,-0.4217880876479568,0.0855331952958589
162.12629490100016,1.9752890751090635,2.6350053699608766,-0.42471093367496154,0.08500536996087682
162.1482680099998,1.972366092506502,2.6344783014767676,-0.42763391627752295,0.08447830147676783
162.21528218899994,1.96944600929596,2.6339524775236174,-0.430553999488065,0.08395247752361756
162.24024639300023,1.9665351021131918,2.6334277353600117,-0.4334649066708332,0.08342773536001191
162.26621998400014,1.9636243869219847,2.63290192927339,-0.4363756218620403,0.08290192927339035
162.31167729900017,1.9607138641112059,2.6323750593340023,-0.4392861446728192,0.08237505933400247
162.33211180399985,1.9578035340697006,2.631847125612235,-0.4421964747143244,0.08184712561223506
162.4044279159998,1.9548933971862743,2.6313181281786187,-0.4451066115977507,0.08131812817861883
162.43058551100012,1.9519540138552196,2.63078309068641,-0.4480459949288054,0.08078309068641021
162.4547310339999,1.9490061384760318,2.6302465810245357,-0.45099387030799326,0.08024658102453586
162.49822627899994,1.946058245892871,2.6297101658992394,-0.453941762891154,0.07971016589923963
162.52211912099983,1.9431103361087634,2.62917384531108,-0.45688967267526165,0.07917384531108018
162.5991442999998,1.9401624091267475,2.628637619260607,-0.4598375996572775,0.0786376192606073
162.6262240320002,1.9372548774427183,2.6281084189428596,-0.46274513134130674,0.0781084189428598
162.64819555900021,1.9343649045375535,2.627580877519771,-0.46563510424647153,0.07758087751977127
162.69103473199993,1.9314752167641849,2.627051776472603,-0.46852479201984015,0.07705177647260308
162.7160436889999,1.9285858149642916,2.626521115955468,-0.47141419381973343,0.0765211159554684
162.79987248399993,1.9256966999794696,2.6259888961229327,-0.47430330880455546,0.07598889612293291
162.821136863,1.9227811316991659,2.625450534195534,-0.47721887708485916,0.07545053419553405
162.85042985400014,1.9198447488208805,2.6249085377915384,-0.4801552599631445,0.07490853779153861
162.88789396499988,1.9169083001300602,2.624366898062484,-0.48309170865396484,0.07436689806248431
162.96146058900013,1.9139717856700538,2.6238256150163632,-0.48602822311397126,0.07382561501636342
162.98957497999982,1.9110352054841646,2.623284688661165,-0.4889648032998604,0.07328468866116511
163.01252531,1.9080959212575799,2.622743625752299,-0.49190408752644516,0.07274362575229931
163.03801952100002,1.9051460590155447,2.622200723387437,-0.49485394976848035,0.0722007233874371
163.08210126199992,1.902196199573218,2.6216578058105746,-0.4978038092108071,0.07165780581057479
163.16826852900022,1.8992463429306758,2.621114873021727,-0.5007536658533491,0.07111487302172703
163.19478433899985,1.8962964890879983,2.6205719250209087,-0.5037035196960267,0.07057192502090892
163.2158878959999,1.8933543114657763,2.62003034358341,-0.5066456973182487,0.0700303435834102
163.24009703499996,1.8904301201342466,2.6194915430376176,-0.5095698886497784,0.06949154303761773
163.2747508110001,1.8875060530184333,2.6189520687808066,-0.5124939557655916,0.06895206878080673
163.34667849700008,1.884582110273554,2.6184119208416132,-0.5154178985104709,0.0684119208416134
163.37802615600003,1.8816547806426935,2.6178704575485128,-0.5183452281413314,0.06787045754851295
163.40252359399983,1.8787057367327835,2.6173247392560643,-0.5212942720512415,0.06732473925606453
163.43254536799986,1.875756688619684,2.6167790436780156,-0.524243320164341,0.06677904367801579
163.46810915700007,1.872807636303567,2.616233370814397,-0.5271923724804579,0.0662333708143974
163.548422888,1.8698585797846103,2.6156877206652425,-0.5301414289994146,0.06568772066524264
163.57887593099986,1.8669502740066333,2.615149333265956,-0.5330497347773917,0.06514933326595607
163.60362388600015,1.864075584976826,2.6146154043120693,-0.535924423807199,0.06461540431206947
163.62909239400005,1.861201248933555,2.614079578355039,-0.53879875985047,0.06407957835503897
163.6618452419998,1.858327267128645,2.613541855628229,-0.5416727416553799,0.063541855628229
163.7353785350001,1.855453640813773,2.613002236365827,-0.544546367970252,0.06300223636582736
163.75864716100023,1.8525803712404592,2.6124607208028485,-0.5474196375435658,0.0624607208028487
163.78115073200024,1.8496738802513242,2.6119114118815716,-0.5503261285327008,0.06191141188157179
163.80685379900024,1.846766857460864,2.611360924435571,-0.553233151323161,0.061360924435571285
163.84426034499984,1.843860031965236,2.6108093961312777,-0.5561399768187889,0.06080939613127789
163.91872405699996,1.8409534041371225,2.610256827039405,-0.5590466046469025,0.06025682703940527
163.93898242900013,1.8380469743491752,2.6097032172307952,-0.5619530344348498,0.05970321723079541
163.96755886500023,1.835139235388253,2.6091483001612343,-0.564860773395772,0.05914830016123451
163.9922838399998,1.8322229515778046,2.6085918821161833,-0.5677770572062204,0.05859188211618349
164.0293958289999,1.829306517855559,2.6080362503605192,-0.570693490928466,0.058036250360519404
164.11013765999996,1.826393181470883,2.6074820243303605,-0.573606827313142,0.05748202433036065
164.135572143,1.8235412283230015,2.606941201877837,-0.5764587804610235,0.056941201877837244
164.16269230499984,1.82068882050048,2.6064027826202913,-0.5793111882835449,0.056402782620291525
164.18427582599998,1.8178359600283702,2.605866766939972,-0.5821640487556548,0.05586676693997239
164.21658069900013,1.8149826489320406,2.60533315521742,-0.5850173598519843,0.05533315521742033
164.29809066400003,1.8121288892371843,2.6048019478314695,-0.5878711195468407,0.05480194783146963
164.3215927189999,1.809231387516653,2.604264476612243,-0.590768621267372,0.05426447661224332
164.34672781100016,1.8063023395622735,2.6037207932564264,-0.5936976692217515,0.053720793256426536
164.37186768499987,1.8033733902327336,2.6031765788361154,-0.5966266185512914,0.053176578836115596
164.4024339399998,1.8004445396242945,2.602631833369198,-0.5995554691597305,0.05263183336919797
164.4831277510002,1.7975157878332384,2.60208655687358,-0.6024842209507866,0.052086556873580214
164.50592219600003,1.7945871349558482,2.601540749367186,-0.6054128738281768,0.05154074936718622
164.53625503500007,1.7916497574390924,2.600992864981332,-0.6083502513449326,0.050992864981332264
164.554090695,1.7887108758746249,2.6004444233552033,-0.6112891329094001,0.050444423355203494
164.58651333399985,1.7857720436715256,2.599895717287018,-0.6142279651124993,0.04989571728701803
164.6656416730002,1.7828563353853415,2.599350952085028,-0.6171436733986835,0.049350952085028155
164.69473645200014,1.7799837393481541,2.598812610147579,-0.6200162694358708,0.04881261014757898
164.7181418529999,1.7771115050533006,2.5982723415200053,-0.6228885037307244,0.04827234152000548
164.73860101499986,1.7742396337930368,2.5977301464453824,-0.6257603749909881,0.04773014644538254
164.77094232599984,1.7713681268594583,2.597186025167651,-0.6286318819245666,0.047186025167651025
164.8519381420001,1.7684969855444943,2.596639977931618,-0.6315030232395307,0.046639977931618226
164.88240935600015,1.7655853169730564,2.596085034789101,-0.6344146918109685,0.04608503478910109
164.91872890900004,1.7626602986514104,2.5955280837862555,-0.6373397101326146,0.045528083786255724
164.96367890600004,1.7597351721202787,2.5949717013829807,-0.6402648366637462,0.0449717013829809
164.97868194600005,1.7568099374902375,2.5944158876003067,-0.6431900712937875,0.0444158876003069
165.06746918699992,1.7538863442793104,2.5938609766723255,-0.6461136645047145,0.04386097667232569
165.08758749900016,1.7509783414292093,2.5933098873333784,-0.6490216673548157,0.043309887333378594
165.11080170600007,1.7480701465660875,2.5927598121805326,-0.6519298622179375,0.04275981218053282
165.14241364300005,1.7451617600436455,2.5922107512806902,-0.6548382487403794,0.042210751280690406
165.1661560130001,1.7422531822156093,2.591662704700629,-0.6577468265684157,0.04166270470062905
165.2500119729998,1.73934441343573,2.5911156725070055,-0.6606555953482949,0.04111567250700565
165.27074723199985,1.7364318261994471,2.5905689475169478,-0.6635681825845778,0.04056894751694795
165.2959650990001,1.7335161047813374,2.5900225285631584,-0.6664839040026875,0.04002252856315858
165.31782125400014,1.7306002247491379,2.589476956662394,-0.6693997840348871,0.03947695666239426
165.3474983609999,1.727684186348927,2.5889322318606998,-0.672315822435098,0.03893223186069994
165.42907327700004,1.724767989826797,2.588388354204045,-0.6752320189572281,0.03838835420404507
165.45592133899981,1.7218516354288562,2.5878453237383297,-0.6781483733551688,0.03784532373832983
165.48301812699992,1.71891861912722,2.587299623913008,-0.6810813896568049,0.03729962391300834
165.50359794299993,1.715982738389526,2.586753045225724,-0.6840172703944989,0.03675304522572409
165.5282113799999,1.7130469224456015,2.5862061186211847,-0.6869530863384234,0.036206118621184835
165.62290055899985,1.7101151967451624,2.585659711404733,-0.6898848120388625,0.03565971140473323
165.65034558600018,1.707187435008098,2.5851145013891426,-0.692812573775927,0.03511450138914274
165.67406794499993,1.7042595698137162,2.5845698472294645,-0.6957404389703088,0.034569847229464656
165.70279921100018,1.7013316012675512,2.584025748945333,-0.6986684075164737,0.034025748945333056
165.7251336280001,1.6984035294751394,2.583482206556361,-0.7015964793088856,0.03348220655636114
165.81561966400022,1.6954822840720254,2.5829405181426317,-0.7045177247119996,0.03294051814263188
165.8386068660002,1.692600079010041,2.582407411353478,-0.7073999297739839,0.03240741135347802
165.8618984069999,1.689717556096167,2.5818760258822886,-0.710282452687858,0.03187602588228877
165.88826913699995,1.6868347163584172,2.581346361918574,-0.7131652924256078,0.03134636191857432
165.91447659999994,1.683951560824916,2.580818419651235,-0.7160484479591089,0.030818419651235107
166.0093881910002,1.6810680905239006,2.580292199268551,-0.7189319182601244,0.0302921992685512
166.02890481800023,1.6781670344269375,2.5797643310145064,-0.7218329743570875,0.029764331014506595
166.0556576859999,1.6752657438799132,2.579237752878699,-0.7247342649041117,0.02923775287869912
166.084415584,1.6723642194565542,2.578712464965259,-0.7276357893274708,0.028712464965259255
166.1018422269999,1.669462461730628,2.57818846737806,-0.730537547053397,0.028188467378060356
166.19436067900006,1.6665604712759523,2.5776657602207225,-0.7334395375080727,0.027665760220722646
166.21556408300012,1.6636645828802281,2.5771455054888435,-0.7363354259037969,0.027145505488843646
166.24439578800002,1.6607831814680358,2.5766295948086335,-0.7392168273159891,0.026629594808633694
166.268170286,1.6579014552294358,2.57611550161289,-0.7420985535545892,0.026115501612890224
166.29098577800005,1.6550194053108334,2.575603226106129,-0.7449806034731916,0.025603226106129195
166.3840699379998,1.6521370328587612,2.5750927684921443,-0.7478629759252637,0.02509276849214448
166.40369620699994,1.6492543390198786,2.5745841289740046,-0.7507456697641464,0.02458412897400475
166.4307089429999,1.6463247189176866,2.5740685520264552,-0.7536752898663384,0.024068552026455414
166.45681845499985,1.6433738200665555,2.573549193797794,-0.7566261887174695,0.0235491937977943
166.48206720500002,1.6404229380788085,2.5730297397630753,-0.7595770707052165,0.02302973976307543
166.57597176599984,1.6375056520064892,2.572515793197167,-0.7624943567775357,0.022515793197167344
166.59640205699998,1.6346029570982312,2.572003113629386,-0.7653970516857938,0.022003113629386117
166.62356703900014,1.6317004952140781,2.5714891164691993,-0.7682995135699469,0.021489116469199487
166.6530396799999,1.6287982669521108,2.5709738018225203,-0.7712017418319141,0.02097380182252051
166.75692716799995,1.6258962729103625,2.5704571697955347,-0.7741037358736624,0.020457169795534913
166.78773727299995,1.6229768862934952,2.569936283753563,-0.7770231224905297,0.019936283753563266
166.80240096499983,1.6200556925195277,2.569414223312909,-0.7799443162644972,0.019414223312909318
166.83421654699987,1.6171346460123206,2.5688913395098547,-0.7828653627717044,0.018891339509854888
166.85808262299997,1.614213747003947,2.5683676323859395,-0.7857862617800779,0.018367632385939636
166.9562527009998,1.6112929957264643,2.567843101982774,-0.7887070130575606,0.01784310198277428
166.9793038050002,1.6083466849417933,2.567313445132384,-0.7916533238422316,0.017313445132383976
167.00365630099986,1.605395187671102,2.566782877483717,-0.7946048211129231,0.016782877483717318
167.02677435199985,1.6024436849108228,2.5662523403740027,-0.7975563238732022,0.016252340374002916
167.04915356699985,1.5994921766612749,2.5657218338032988,-0.8005078321227501,0.015721833803298946
167.14775839499998,1.5965406629227714,2.565191357771661,-0.8034593458612536,0.015191357771661362
167.17213274899996,1.5936026087605824,2.564663245485668,-0.8063974000234426,0.01466324548566833
167.1985551429998,1.5906811146190398,2.5641374139194326,-0.8093188941649851,0.014137413919432795
167.22294842300016,1.5877597644192438,2.563610783246892,-0.8122402443647811,0.013610783246892133
167.2520782460001,1.584838558379768,2.5630833535074466,-0.815161450404257,0.013083353507446827
167.27320666100013,1.5819174967191802,2.5625551247405607,-0.8180825120648447,0.012555124740560863
167.29900922600018,1.5789965796560375,2.5620260969857553,-0.8210034291279875,0.012026096985755519
167.37803351699995,1.576075807408882,2.5614962702826136,-0.8239242013751429,0.011496270282613796
167.40078301199992,1.573155180196247,2.5609656446707763,-0.8268448285877781,0.010965644670776431
167.42918328799988,1.5702503640582266,2.5604374328663866,-0.8297496447257984,0.010437432866386764
167.4491030979998,1.5673581842707185,2.559912847628926,-0.8326418245133065,0.00991284762892608
167.47373186999994,1.5644657292322568,2.5593897821980067,-0.8355342795517682,0.009389782198006902
167.54995984300012,1.5615729997414658,2.5588682367180504,-0.8384270090425592,0.008868236718050593
167.57929332699996,1.5586728431081343,2.5583468550601633,-0.8413271656758907,0.008346855060163527
167.60634737300006,1.555770066599307,2.5578263322458383,-0.8442299421847179,0.007826332245838508
167.65119695300018,1.5528670606498018,2.5573070905703434,-0.8471329481342231,0.007307090570343622
167.67295926499992,1.549963825825049,2.556789130134814,-0.850036182958976,0.00678913013481397
167.73976505200017,1.5470603626905228,2.5562724510401345,-0.8529396460935021,0.00627245104013463
167.76696883900013,1.544148715142518,2.555755517011097,-0.855851293641507,0.005755517011097222
167.79039855300016,1.5412217828259436,2.555235587913116,-0.8587782259580814,0.005235587913116291
167.8393382549998,1.5382949733683093,2.554714967656312,-0.8617050354157156,0.004714967656312297
167.88412784799993,1.5353682869328813,2.554193656269726,-0.8646317218511437,0.004193656269726009
167.9333040890001,1.532441723682864,2.5536716537824287,-0.867558285101161,0.003671653782428841
167.95777940000016,1.5295152837814505,2.5531489602235258,-0.8704847250025745,0.003148960223525954
167.98288426699992,1.5265712925965749,2.5526226266373198,-0.8734287161874501,0.002622626637319936
168.02525781900022,1.5236253755525286,2.552095752841895,-0.8763746332314963,0.0020957528418952265
168.04618009900014,1.520679492023502,2.55156869168784,-0.8793205167605229,0.0015686916878401291
168.12576433200002,1.5177336420214105,2.5510414431772834,-0.8822663667626145,0.0010414431772836075
168.15512192699998,1.5147878255581715,2.5505140073123638,-0.8852121832258535,0.000514007312363951
168.1781638460002,1.511845366823131,2.549986944037629,-0.8881546419608939,-1.3055962370778245e-05
168.22407721799982,1.5089037899806765,2.549459736959451,-0.8910962188033484,-0.0005402630405488829
168.24395767299984,1.5059622659353924,2.548932235381863,-0.8940377428486326,-0.001067764618136735
168.31691591200024,1.5030296388161446,2.5484059973904722,-0.8969703699678804,-0.0015940026095275783
168.3421072420001,1.5001236980728632,2.5478835759433025,-0.8998763107111618,-0.002116424056697319
168.36741369699985,1.4972179725166193,2.547359958942328,-0.9027820362674057,-0.0026400410576719047
168.41004702100008,1.4943124626392836,2.546835146476183,-0.9056875461447413,-0.0031648535238169018
168.43041089999997,1.4914071689326907,2.546309138633706,-0.9085928398513343,-0.0036908613662940404
168.50451944099996,1.4885020918886378,2.545781935503937,-0.9114979168953872,-0.00421806449606299
168.52778786,1.4855787897185113,2.5452503681496106,-0.9144212190655137,-0.004749631850389235
168.55344229899993,1.4826491091269642,2.5447170392642255,-0.9173508996570607,-0.005282960735774278
168.59216935099994,1.479719531065959,2.5441831474653114,-0.920280477718066,-0.005816852534688444
168.61255420499992,1.4767900556436544,2.543648692772575,-0.9232099531403706,-0.0063513072274248294
168.68251461699992,1.4738606829682064,2.543113675205752,-0.9261393258158186,-0.006886324794247667
168.70853589599983,1.470931413147766,2.542578094784594,-0.929068595636259,-0.007421905215405644
168.7334608619999,1.4679994907770055,2.5420419938892644,-0.9320005180070194,-0.007958006110735383
168.7782925639999,1.4650674779971644,2.541506387674902,-0.9349325307868606,-0.008493612325097821
168.79820440799995,1.4621353748916863,2.5409712761567524,-0.9378646338923387,-0.009028723843247377
168.87385645199993,1.4591980525260253,2.5404356071924385,-0.9408019562579997,-0.009564392807561273
168.9030659760001,1.456256549253134,2.5398989920937134,-0.9437434595308909,-0.01010100790628643
168.926752716,1.4533150922666354,2.5393621233339814,-0.9466849165173896,-0.010637876666018453
168.96909918500023,1.4503736815883983,2.538825000917235,-0.9496263271956267,-0.01117499908276498
168.99119806599992,1.447432317240301,2.5382876248474693,-0.952567691543724,-0.01171237515253054
169.06901550600014,1.4444948079293252,2.537750671088184,-0.9555052008546998,-0.012249328911815738
169.0934188209999,1.441563089381937,2.5372143062023187,-0.9584369194020881,-0.01278569379768113
169.11665390200005,1.4386314620835312,2.536677442797776,-0.9613685467004938,-0.013322557202223972
169.15650714699996,1.4356999261188785,2.5361400808900796,-0.9643000826651464,-0.013859919109920238
169.2349532950002,1.432768481572746,2.5356022204947677,-0.967231527211279,-0.014397779505232133
169.2697324149999,1.4298374818496917,2.5350639260733985,-0.9701625269343332,-0.014936073926601345
169.28324495900006,1.42690976274828,2.5345256634193274,-0.9730902460357449,-0.015474336580672432
169.31269753800007,1.423982151989509,2.5339868118009217,-0.9760178567945159,-0.016013188199078154
169.34352125900023,1.4210546496918581,2.5334473712399848,-0.9789453590921668,-0.016552628760015065
169.4182999159998,1.418127255973804,2.53290734175835,-0.9818727528102209,-0.01709265824164996
169.44062820499994,1.4151999709538197,2.5323667233778715,-0.9848000378302053,-0.017633276622128324
169.46252312700017,1.412272467341929,2.531825455992219,-0.9877275414420961,-0.018174544007780735
169.48776588400005,1.4093421174481655,2.5312831047322226,-0.9906578913358595,-0.0187168952677772
169.51801314400018,1.4064118610570333,2.5307402485161474,-0.9935881477269917,-0.019259751483852394
169.60020725899994,1.4034816982555471,2.5301968873601157,-0.9965183105284778,-0.019803112639884102
169.62747313599994,1.400566786177675,2.529656185151551,-0.99943322260635,-0.020343814848448716
169.64631519400018,1.397659883704076,2.5291180064266325,-1.002340125079949,-0.020881993573367286
169.677561426,1.39475277761962,2.5285809286438816,-1.005247231164405,-0.021419071356118202
169.7078150000002,1.3918454683412775,2.5280449518803323,-1.0081545404427474,-0.02195504811966753
169.7862391399999,1.3889379562860404,2.5275100762128595,-1.0110620524979845,-0.02248992378714032
169.81473993999998,1.3860267680064002,2.526975652962699,-1.0139732407776247,-0.023024347037300608
169.83432934199982,1.3831049965603863,2.5264401642673375,-1.0168950122236387,-0.023559835732662293
169.85856403200023,1.380183088011761,2.525905424181828,-1.019816920772264,-0.02409457581817165
169.895700691,1.3772610425523222,2.5253714327412737,-1.0227389662317028,-0.024628567258726086
169.97136399300007,1.3743388603738935,2.5248381899807293,-1.0256611484101315,-0.025161810019270536
170.00630012300007,1.3714165416682855,2.5243056959351953,-1.0285834671157394,-0.025694304064804552
170.02726833399993,1.3684901896560393,2.523773197451122,-1.0315098191279857,-0.02622680254887788
170.05540313400024,1.3655630335002515,2.52324120635392,-1.0344369752837734,-0.026758793646080026
170.087946999,1.3626357626381314,2.5227098467886075,-1.0373642461458936,-0.027290153211392276
170.16278888299985,1.359708377205931,2.522179118779914,-1.040291631578094,-0.02782088122008597
170.1939119919998,1.356780877339909,2.521649022352546,-1.043219131444116,-0.028350977647453757
170.21667029499986,1.353851636354171,2.5211192280428114,-1.046148372429854,-0.02888077195718841
170.24021011800005,1.3509175245504652,2.520588391983643,-1.0490824842335598,-0.029411608016356894
170.27599025000018,1.347983496770291,2.5200570917072542,-1.052016512013734,-0.029942908292745596
170.35475836000023,1.3450495530871194,2.5195253272269547,-1.0549504556969056,-0.030474672773045164
170.38839412000016,1.3421457882832375,2.5189982016266694,-1.0578542205007875,-0.03100179837333039
170.41179787400006,1.3392455979992854,2.518470374066139,-1.0607544107847395,-0.03152962593386066
170.43669794100015,1.3363456466605672,2.5179412352848614,-1.0636543621234578,-0.032058764715138466
170.4696710190001,1.3334459348599075,2.5174107853910046,-1.0665540739241175,-0.03258921460899522
170.54658221499994,1.330546463190078,2.5168790244930066,-1.069453545593947,-0.03312097550699322
170.57261379600004,1.3276293858867945,2.5163428321030294,-1.0723706228972305,-0.033657167896970375
170.60239269400017,1.3246876494054367,2.5158021010466523,-1.0753123593785883,-0.03419789895334757
170.623527277,1.3217458708520382,2.515261598924825,-1.0782541379319868,-0.034738401075174785
170.65567460300008,1.31880405024439,2.5147213257408136,-1.081195958539635,-0.03527867425918618
170.73628706699992,1.3158621876003118,2.514181281497888,-1.0841378211837132,-0.035818718502111935
170.765976099,1.312933262044942,2.5136438988274254,-1.0870667467390829,-0.03635610117257437
170.7875926769998,1.3100344478081662,2.5131131378282943,-1.0899655609758587,-0.03688686217170556
170.8106222299998,1.3071353900984037,2.5125837083117544,-1.0928646186856212,-0.03741629168824545
170.84238243400023,1.3042360895272282,2.5120556103894933,-1.0957639192567967,-0.0379443896105065
170.92371361300002,1.3013365467062665,2.5115288441729158,-1.0986634620777584,-0.03847115582708405
170.9560645319998,1.2984367622471975,2.511003409773148,-1.1015632465368275,-0.03899659022685187
170.97859081800016,1.295495215095549,2.5104713054694985,-1.104504793688476,-0.03952869453050134
171.00197699599994,1.2925437293200353,2.509937435018945,-1.1074562794639897,-0.04006256498105465
171.03065684000012,1.2895922406801863,2.509403580404023,-1.1104077681038387,-0.04059641959597693
171.11046342400005,1.2866407491760856,2.5088697416247463,-1.1133592596079394,-0.041130258375253526
171.1380595280002,1.2837394080603433,2.5083456529119785,-1.1162606007236817,-0.04165434708802129
171.1623511140001,1.2808378323911351,2.5078228643462213,-1.1191621763928898,-0.042177135653778564
171.1849788469999,1.2779360227510626,2.5073013760324487,-1.1220639860329624,-0.042698623967551086
171.21297965800022,1.275033979722791,2.5067811880753705,-1.124966029061234,-0.043218811924629286
171.29225747200007,1.2721317038890372,2.506262300579438,-1.1278683048949878,-0.043737699420561604
171.3170179120002,1.2692189911377902,2.5057428176833696,-1.1307810176462347,-0.04425718231663023
171.3408664069998,1.2662795540866658,2.505218618892433,-1.1337204546973592,-0.0447813811075668
171.36010681900007,1.263340181513701,2.5046940586698283,-1.1366598272703239,-0.04530594133017152
171.3936538429998,1.260400873463319,2.5041691370234807,-1.139599135320706,-0.04583086297651917
171.47821584199983,1.257461629979961,2.5036438539613273,-1.142538378804064,-0.04635614603867255
171.507049757,1.2545224511080675,2.5031182094913125,-1.1454775576759575,-0.04688179050868735
171.53001365299997,1.2515978711099254,2.5025946315157594,-1.1484021376740996,-0.04740536848424037
171.55421948799994,1.2486750410252816,2.5020705698150425,-1.1513249677587434,-0.04792943018495732
171.581736482,1.2457523498407173,2.50154573402212,-1.1542476589433077,-0.04845426597787972
171.6671914530002,1.2428431135757854,2.5010224858716623,-1.1571568952082396,-0.04897751412833751
171.6971074019998,1.23998745918063,2.500506916969857,-1.160012549603395,-0.04949308303014277
171.72367175299996,1.2371322445021116,2.4999889184595774,-1.1628677642819134,-0.05001108154042244
171.74403858699998,1.2342774716073548,2.4994684907158455,-1.1657225371766702,-0.050531509284154286
171.76961257499988,1.2314231425631668,2.4989456341154415,-1.1685768662208582,-0.05105436588455836
171.85564558199985,1.228569259436032,2.4984203490369037,-1.171430749347993,-0.051579650963096135
171.87910719899992,1.225662022110488,2.497883306949411,-1.174337986673537,-0.05211669305058875
171.9023992739999,1.2227350666521037,2.4973419713915854,-1.1772649421319212,-0.0526580286084144
171.928185408,1.2198082210644423,2.4968000421088203,-1.1801917877195827,-0.053199957891179483
171.95529487500016,1.2168814854679377,2.4962575191234158,-1.1831185233160872,-0.053742480876584064
172.05200568700002,1.2139548599830237,2.495714402457695,-1.1860451488010013,-0.054285597542304664
172.07419402100004,1.2110267178419027,2.4951704061002173,-1.1889732909421222,-0.05482959389978248
172.09877439000002,1.2080981347279942,2.4946257692881426,-1.1919018740560308,-0.05537423071185721
172.1254147909999,1.20516965174819,2.4940805943170226,-1.194830357035835,-0.05591940568297726
172.14999982500012,1.2022412690013833,2.493534881205269,-1.1977587397826417,-0.056465118794730706
172.24286810800004,1.1993129865864633,2.4929886299713107,-1.2006870221975616,-0.05701137002868917
172.2629216989999,1.1963873396828948,2.4924423074701427,-1.2036126691011302,-0.057557692529857096
172.29359536599986,1.1934719699120862,2.4918971202388858,-1.2065280388719388,-0.05810287976111406
172.31528037299995,1.1905567613518742,2.491351071643846,-1.2094432474321508,-0.058648928356153984
172.33796949599991,1.187641714256756,2.4908041617326937,-1.212358294527269,-0.05919583826730612
172.431262565,1.1847268288812116,2.4902563905531743,-1.2152731799028134,-0.05974360944682555
172.4537063990001,1.1818121054797097,2.489707758153106,-1.2181879033043153,-0.060292241846893635
172.4751948080002,1.178902203275803,2.489159691055203,-1.221097805508222,-0.06084030894479664
172.49683118199982,1.1759937060828054,2.488612886127849,-1.2240063027012196,-0.06138711387215068
172.5236809449998,1.1730850169098048,2.4880671033458532,-1.2269149918742202,-0.061932896654146585
172.61173779299997,1.1701747378902623,2.4875220723881526,-1.2298252708937627,-0.06247792761184723
172.63285049800015,1.1672518573356712,2.4869747014164183,-1.2327481514483538,-0.06302529858358152
172.65614219600002,1.1643291016577442,2.4864266640413555,-1.2356709071262808,-0.06357333595864434
172.67654936200006,1.161406471008453,2.4858779602914582,-1.238593537775572,-0.06412203970854158
172.69678637800007,1.1584839655397299,2.4853285901952513,-1.241516043244295,-0.0646714098047485
172.79314287299985,1.1555615854034977,2.484778553781294,-1.2444384233805272,-0.06522144621870574
172.8112910230002,1.1526361884109828,2.4842272676942865,-1.2473638203730422,-0.06577273230571334
172.84203389100003,1.1496923840710767,2.4836723353207275,-1.2503076247129483,-0.06632766467927231
172.88606211000024,1.1467485588244062,2.4831175138650714,-1.2532514499596188,-0.06688248613492842
172.95420175800018,1.143804712675103,2.482562803328102,-1.256195296108922,-0.06743719667189785
172.9784217350002,1.1408969454076423,2.4820144831073994,-1.2591030633763827,-0.06798551689260046
172.99795676800022,1.1379933915326637,2.481465788986416,-1.2620066172513613,-0.06853421101358403
173.0271762530001,1.135090052138946,2.480915961096813,-1.264909956645079,-0.06908403890318704
173.0531496630001,1.1321869276691996,2.4803649995224264,-1.2678130811148254,-0.06963500047757343
173.14996393299998,1.1292840185660986,2.47981290434727,-1.2707159902179264,-0.07018709565272996
173.17519169600018,1.1263808583394117,2.4792599391104155,-1.2736191504446133,-0.07074006088958429
173.20130271200014,1.1234772002316094,2.4787077985922856,-1.2765228085524156,-0.0712922014077142
173.22057252900004,1.1205733302938472,2.478156773235995,-1.2794266784901778,-0.07184322676400479
173.24587815799987,1.1176692489543976,2.4776068631228143,-1.2823307598296274,-0.07239313687718552
173.34581474800007,1.1147649566415752,2.477058068333846,-1.2852350521424498,-0.0729419316661537
173.37133596800004,1.1118649645316867,2.47651125978677,-1.2881350442523383,-0.07348874021323004
173.39277514200012,1.1089730982948405,2.475967402706141,-1.2910269104891845,-0.07403259729385869
173.417446166,1.1060809616863578,2.475424985252662,-1.2939190470976671,-0.07457501474733785
173.44558526799983,1.1031885554229135,2.4748840075607426,-1.2968114533611115,-0.07511599243925726
173.46601946700002,1.10029588022125,2.47434446976444,-1.299704128562775,-0.07565553023555971
173.489444799,1.0974029367981724,2.473806371997449,-1.3025970719858526,-0.0761936280025508
173.564472259,1.0945031895884714,2.4732684628359145,-1.3054968191955536,-0.07673153716408532
173.59460586800014,1.091572895434924,2.47272501641019,-1.308427113349101,-0.07727498358980966
173.6170777870002,1.0886426942906027,2.472181068712627,-1.3113573144934223,-0.07781893128737272
173.64365942999984,1.085712586241244,2.4716366197591415,-1.314287422542781,-0.07836338024085832
173.6660181100001,1.0827825713725965,2.4710916695656655,-1.3172174374114285,-0.07890833043433432
173.74226119600007,1.079852649770404,2.470546218148147,-1.320147359013621,-0.07945378185185303
173.76299721299984,1.0769231253298304,2.4700003344317247,-1.3230768834541946,-0.07999966556827509
173.7888893889999,1.07399530287316,2.4694549464607523,-1.326004705910865,-0.08054505353924757
173.83798589200023,1.0710673773611181,2.468910112015669,-1.3289326314229069,-0.08108988798433092
173.8581452110002,1.0681393488983428,2.4683658311159467,-1.3318606598856821,-0.08163416888405317
173.9279838289999,1.0652112175894888,2.4678221037810375,-1.3347887911945362,-0.08217789621896232
173.9488739640001,1.06228298353921,2.467278930030379,-1.337717025244815,-0.08272106996962103
173.97727718199985,1.0593591548793884,2.4667371902290545,-1.3406408539046366,-0.08326280977094536
174.02826506200017,1.0564367014425666,2.4661964322233643,-1.3435633073414583,-0.08380356777663556
174.05175590099998,1.053514117158663,2.4656563818417134,-1.346485891625362,-0.0843436181582864
174.11506369200015,1.050589597460801,2.4651167014355355,-1.349410411323224,-0.0848832985644643
174.13872752999987,1.0476577538535068,2.464576239346971,-1.3523422549305182,-0.08542376065302903
174.16073868700005,1.0447258224242513,2.4640362538833305,-1.3552741863597737,-0.08596374611666935
174.2046196350002,1.0417938032505147,2.4634967450588854,-1.3582062055335102,-0.08650325494111444
174.22340994900014,1.0388616964097883,2.4629577128878957,-1.3611383123742367,-0.08704228711210416
174.29364874800012,1.0359295019795565,2.4624191573846024,-1.3640705068044685,-0.08758084261539745
174.31929193299993,1.0329994864482035,2.4618815033826134,-1.3670005223358215,-0.08811849661738647
174.342920048,1.0300746487132817,2.461345443166275,-1.3699253600707433,-0.08865455683372492
174.38420416200006,1.0271496882010243,2.460810053277595,-1.3728503205830007,-0.08918994672240466
174.40344208900024,1.0242246050650603,2.460275333744698,-1.3757754037189647,-0.08972466625530195
174.48375979499997,1.0212993994590254,2.4597412845956645,-1.3787006093249996,-0.09025871540433528
174.49848349900003,1.0183740715365586,2.4592079058585483,-1.3816259372474664,-0.09079209414145151
174.52252161800016,1.0154462931653665,2.4586747581907,-1.3845537156186585,-0.09132524180930002
174.56846991200018,1.012516080762457,2.4581417521656235,-1.387483928021568,-0.09185824783437635
174.58851635200017,1.0095857681469038,2.457609297356204,-1.3904142406371212,-0.09239070264379601
174.65338690099998,1.0066553554224027,2.4570773937812826,-1.3933446533616223,-0.09292260621871717
174.67898480600024,1.003721763987567,2.456545151900969,-1.396278244796458,-0.09345484809903093
174.701695147,1.0007874664971212,2.4560123371826417,-1.3992125422869037,-0.09398766281735815
174.74537953200024,0.9978532508679485,2.4554790718377966,-1.4021467579160765,-0.09452092816220325
174.76643435200003,0.9949191171692507,2.454945355879006,-1.4050808916147743,-0.09505464412099363
174.8417071670001,0.99198506547023,2.4544111893188614,-1.408014943313795,-0.09558881068113845
174.86341866300018,0.9890541195444708,2.453877115300649,-1.4109458892395543,-0.09612288469935093
174.88517764000017,0.986135392861258,2.4533445314905697,-1.413864615922767,-0.09665546850943008
174.92763079899987,0.9832168189887606,2.45281111090901,-1.4167831897952645,-0.09718888909098977
174.95455335299994,0.980298398166874,2.4522768535998134,-1.419701610617151,-0.09772314640018642
175.0243530990001,0.9773763190527754,2.451741295057539,-1.4226236897312496,-0.0982587049424608
175.04426801299996,0.974451061908922,2.4512056812151326,-1.425548946875103,-0.09879431878486722
175.07273836800005,0.9715256836297895,2.4506707293763834,-1.4284743251542356,-0.0993292706236164
175.1092857409999,0.9686001843651856,2.450136439568683,-1.4313998244188393,-0.09986356043131694
175.13401951700007,0.9656745642649335,2.4496028118193967,-1.4343254445190916,-0.10039718818060317
175.20015450099982,0.9627488234788603,2.4490698461558544,-1.4372511853051648,-0.10093015384414539
175.21970176900004,0.9598219403775131,2.448537157453282,-1.440178068406512,-0.10146284254671789
175.24871007899992,0.956894280676689,2.4480038275412626,-1.4431057281073358,-0.10199617245873727
175.28124588399987,0.9539667327056536,2.4474698846640393,-1.4460332760783714,-0.10253011533596057
175.35107760500023,0.9510392965927374,2.4469353288450164,-1.4489607121912875,-0.10306467115498341
175.378955744,0.94812490705338,2.4464028548050014,-1.451875101730645,-0.10359714519499841
175.3981071090002,0.9452189932183185,2.4458729848898577,-1.4547810155657066,-0.10412701511014211
175.42583389599986,0.9423128675827319,2.4453442778500403,-1.457687141201293,-0.10465572214995955
175.4585820299999,0.9394065306119731,2.4448167337702116,-1.460593478172052,-0.10518326622978824
175.52743247399985,0.9364999827714288,2.444290352734847,-1.4635000260125963,-0.10570964726515264
175.55544951499996,0.9335932245265212,2.4437651348282334,-1.466406784257504,-0.10623486517176639
175.57864237400008,0.9306671922494792,2.443237426032711,-1.4693328165345458,-0.10676257396728861
175.59938147899993,0.927737507566916,2.442709672110378,-1.4722625012171089,-0.107290327889622
175.63803829800008,0.924807717012745,2.442182506244192,-1.4751922917712799,-0.10781749375580763
175.70846635599992,0.9218778207050027,2.4416559284553876,-1.4781221880790223,-0.10834407154461223
175.7371728789999,0.9189425452108237,2.4411284554841535,-1.4810574635732012,-0.10887154451584635
175.75785025300002,0.9160073506987685,2.440600532063158,-1.4839926580852565,-0.10939946793684197
175.78008368500014,0.9130722372379494,2.440072158204829,-1.4869277715460756,-0.10992784179517079
175.81677328100022,0.9101372048974946,2.439543333921611,-1.4898628038865303,-0.110456666078389
175.8866475179998,0.9072022537465249,2.439014059225958,-1.4927977550375,-0.11098594077404167
175.91451439999992,0.9042661268535573,2.438484122457926,-1.4957338819304677,-0.11151587754207393
175.9355981980002,0.901324973190571,2.437953332188007,-1.498675035593454,-0.11204666781199268
175.96494815799997,0.898383767402343,2.4374228308297203,-1.501616241381682,-0.11257716917027949
175.99470610700018,0.8954425095172397,2.436892618388179,-1.5045574992667854,-0.11310738161182066
176.06464001299992,0.892501199563638,2.436362694868501,-1.507498809220387,-0.11363730513149894
176.09161384800018,0.8895598375699246,2.4358330602758014,-1.5104401712141002,-0.11416693972419845
176.11414215900004,0.8866208124055357,2.4353041329790233,-1.5133791963784893,-0.11469586702097656
176.13786612600006,0.8836953740925657,2.434777298267846,-1.5163046346914593,-0.11522270173215388
176.168604511,0.8807700614342292,2.43424976629069,-1.5192299473497957,-0.11575023370930992
176.24185052600023,0.8778448745967296,2.4337215370775294,-1.5221551341872954,-0.11627846292247046
176.2736997689999,0.87490666892541,2.433190354089659,-1.525093339858615,-0.11680964591034071
176.29649560999997,0.8719573085807227,2.4326571484003496,-1.5280427002033021,-0.11734285159965019
176.3192899669998,0.8690079351643701,2.4321240150204435,-1.5309920736196547,-0.11787598497955631
176.3478459879998,0.8660585486781138,2.4315909539502254,-1.5339414601059111,-0.11840904604977442
176.41925820999995,0.8631091491237258,2.431057965190046,-1.536890859660299,-0.11894203480995369
176.45265008800015,0.8601597365029898,2.430525048740207,-1.5398402722810351,-0.11947495125979302
176.4779701550001,0.8572402790605197,2.4299978962637514,-1.5427597297235054,-0.12000210373624842
176.50196585799995,0.8543334840046047,2.4294741875593866,-1.5456665247794201,-0.12052581244061322
176.52929544900007,0.8514264785641866,2.428951647921176,-1.5485735302198385,-0.12104835207882392
176.602322189,0.8485192632094456,2.4284302774336344,-1.5514807455745794,-0.12156972256636545
176.63607051300005,0.8455942238490229,2.4279063371332077,-1.554405784935002,-0.12209366286679213
176.663811076,0.8426646932763604,2.4273810071697044,-1.5573353155076646,-0.12261899283029543
176.68518968599983,0.8397352708525907,2.4268550744650437,-1.5602647379314343,-0.12314492553495615
176.71023044999993,0.8368059567017271,2.426328539041491,-1.5631940520822978,-0.123671460958509
176.79389463300004,0.833876750947775,2.4258014009213342,-1.5661232578362498,-0.1241985990786656
176.81408343900011,0.8309443140072776,2.4252730693018334,-1.5690556947767473,-0.12472693069816643
176.83401670400008,0.8280019278989865,2.424742577052191,-1.5719980808850385,-0.12525742294780873
176.86741418700012,0.8250595885792668,2.424211825354446,-1.5749404202047583,-0.12578817464555403
176.89108878900015,0.8221172960709565,2.423680814212713,-1.5778827127130683,-0.12631918578728696
176.97495677400002,0.819175050396942,2.4231495436311294,-1.5808249583870828,-0.12685045636887038
176.99673549199997,0.8162328515800878,2.4226180136138176,-1.5837671572039371,-0.12738198638618226
177.0195050950001,0.8133208407786874,2.422091515916239,-1.5866791680053376,-0.12790848408376077
177.04561369700014,0.8104543289267337,2.421571370599966,-1.5895456798572911,-0.12842862940003386
177.06785821699987,0.8075882086241634,2.4210490720660114,-1.5924118001598617,-0.12895092793398844
177.147311876,0.8047224814883843,2.420524620609117,-1.5952775272956408,-0.12947537939088294
177.16801852900016,0.8018303189614403,2.4199932624150042,-1.5981696898225848,-0.1300067375849956
177.1902572429999,0.7988802082913149,2.4194508587618273,-1.60111980049271,-0.13054914123817252
177.2153336030001,0.7959300955485259,2.4189084663818683,-1.6040699132354992,-0.13109153361813153
177.2392704509998,0.7929799807331219,2.418366085275136,-1.607020028050903,-0.13163391472486374
177.32956668299994,0.7900298638451454,2.41782371544164,-1.6099701449388797,-0.13217628455835984
177.3569920949999,0.787079744884641,2.417281356881388,-1.612920263899384,-0.1327186431186118
177.3785459249998,0.7841298055370136,2.4167390442170595,-1.6158702032470114,-0.13326095578294028
177.39830513000015,0.7811800444987098,2.416196784539913,-1.6188199642853152,-0.133803215460087
177.42036226300024,0.7782302796499663,2.4156545455910523,-1.6217697291340587,-0.13434545440894752
177.5072920450002,0.7752805109909261,2.4151123273705046,-1.624719497793099,-0.1348876726294952
177.5266276719999,0.7723602025730695,2.4145751769375883,-1.6276398062109556,-0.13542482306241155
177.55564224599993,0.7694433181752854,2.4140377712191956,-1.6305566906087394,-0.13596222878080422
177.57994718700002,0.7665265923669831,2.4134995054341233,-1.633473416417042,-0.13650049456587654
177.59711060200016,0.76361002540176,2.4129603796291716,-1.6363899833822648,-0.13703962037082817
177.68510321299982,0.7606936175331983,2.412420393851213,-1.6393063912508268,-0.13757960614878684
177.70599094499994,0.7577773690148703,2.4118795481472004,-1.6422226397691548,-0.13812045185279942
177.7275946159998,0.7548509747793823,2.4113364574305867,-1.6451490340046426,-0.13866354256941316
177.75382290300013,0.7519226789917375,2.410793569665321,-1.6480773297922875,-0.13920643033467872
177.7752951020002,0.7489942806616163,2.410251235298213,-1.6510057281224086,-0.13974876470178677
177.86231392199988,0.7460661611459908,2.409709523165269,-1.6539338476380343,-0.14029047683473062
177.8825018309999,0.7431453094665721,2.4091689886614587,-1.6568546993174529,-0.14083101133854115
177.90563091000013,0.7402245963304741,2.408627706055491,-1.6597754124535509,-0.1413722939445088
177.93004607800003,0.7373040219292912,2.4080856753828717,-1.6626959868547337,-0.14191432461712816
177.95129982200024,0.7343835864546228,2.407542896679161,-1.665616422329402,-0.14245710332083883
178.04208431400002,0.7314632900980579,2.406999369979966,-1.6685367186859672,-0.14300063002003371
178.06754815800014,0.7285411372749481,2.4064547271167447,-1.6714588715090768,-0.14354527288325514
178.08621003000007,0.7256077780045779,2.4059074456529075,-1.6743922307794472,-0.14409255434709234
178.10756969600016,0.7226744947653482,2.405359756828705,-1.6773255140186767,-0.14464024317129498
178.1318140540002,0.7197412876138266,2.4048116606546976,-1.6802587211701985,-0.14518833934530218
178.22284500100022,0.7168135050930722,2.4042642166888673,-1.6831865036909528,-0.14573578331113257
178.24340232800023,0.7138981240853578,2.4037196640628196,-1.686101884698667,-0.14628033593718026
178.26929822500006,0.7109825818117416,2.4031759755182343,-1.6890174269722835,-0.14682402448176557
178.29306300500002,0.7080668785283346,2.402633151102872,-1.6919331302556904,-0.14736684889712803
178.3163902790002,0.7051510144912589,2.4020911908644145,-1.694848994292766,-0.14790880913558535
178.4071114090002,0.7022349899566487,2.4015500948504704,-1.6977650188273763,-0.14844990514952938
178.4266062390002,0.6993084884100809,2.4010078278767035,-1.700691520373944,-0.1489921721232963
178.4549205389999,0.696380732046516,2.400465920684313,-1.7036192767375091,-0.14953407931568696
178.48245254899985,0.6934528699993594,2.399924584779005,-1.7065471387846656,-0.15007541522099466
178.49724079999987,0.6905249023800842,2.3993838201813884,-1.7094751064039406,-0.15061617981861142
178.59068709800022,0.6875968293001701,2.3988436269120537,-1.712403179483855,-0.15115637308794616
178.6107740739999,0.684668191700402,2.398303919800929,-1.715331817083623,-0.15169608019907077
178.64015423299998,0.6817353282528773,2.3977639525484236,-1.7182646805311477,-0.15223604745157626
178.66433364000022,0.6788023813341929,2.397224438871322,-1.7211976274498322,-0.15277556112867785
178.68998656199983,0.675869351014495,2.3966853787825237,-1.7241306577695301,-0.15331462121747608
178.780539977,0.672936237363932,2.396146772294925,-1.727063771420093,-0.15385322770507504
178.80357738200019,0.6700030404526535,2.3956086194214032,-1.7299969683313714,-0.15439138057859658
178.8264073649998,0.6670571034245785,2.395068472536796,-1.7329429053594465,-0.1549315274632037
178.85443284199982,0.6641069343328889,2.3945275811652325,-1.735893074451136,-0.15547241883476737
178.94389421100004,0.6611567621635315,2.393986706580374,-1.7388432466204935,-0.15601329341962566
178.97199932500007,0.6582239469257767,2.393449111689612,-1.7417760618582483,-0.15655088831038766
178.99262119500008,0.6553232118861579,2.3929184494678784,-1.744676796897867,-0.15708155053212147
179.01345377100006,0.6524222420056635,2.392389072554713,-1.7475777667783614,-0.15761092744528682
179.0418814310001,0.6495210378538271,2.391860981054045,-1.7504789709301978,-0.15813901894595483
179.1259432239999,0.6466196000002086,2.3913341750695487,-1.7533804087838165,-0.15866582493045112
179.1545839549999,0.6437179290144183,2.390808654704647,-1.7562820797696066,-0.15919134529535262
179.17854441300005,0.6408321752310621,2.3902874955356768,-1.7591678335529628,-0.15971250446432306
179.20523731100002,0.6379514881047103,2.389769117821069,-1.7620485206793148,-0.16023088217893067
179.23121336700024,0.6350704733996354,2.389252563812195,-1.7649295353843897,-0.16074743618780474
179.32512678400008,0.6321891322703906,2.3887378337160605,-1.7678108765136344,-0.1612621662839393
179.350673722,0.6293074658716555,2.38822492773894,-1.7706925429123694,-0.1617750722610598
179.37087284900008,0.6264017456481712,2.387709249604257,-1.7735982631358538,-0.16229075039574292
179.40780635500005,0.6234735777429837,2.387189168680509,-1.7765264310410411,-0.16281083131949092
179.42617831000007,0.6205455271223217,2.386668427851553,-1.7794544816617033,-0.16333157214844674
179.45040390700024,0.6176175939348862,2.386147027143834,-1.7823824148491387,-0.16385297285616574
179.4763428770002,0.6146897783293885,2.3856249665838325,-1.7853102304546364,-0.16437503341616733
179.55808396700013,0.6117620804545386,2.385102246198067,-1.7882379283294862,-0.16489775380193272
179.58858611899996,0.6088227994672337,2.3845772437286277,-1.7911772093167913,-0.16542275627137215
179.6170677240002,0.6058828453544162,2.3840524767145155,-1.794117163429609,-0.16594752328548434
179.63657868400014,0.6029428295050991,2.383528055690596,-1.7970571792789258,-0.16647194430940404
179.662952744,0.6000027519599997,2.383003980664131,-1.7999972568240252,-0.1669960193358686
179.74587498400024,0.597062612759837,2.3824802516423746,-1.8029373960241881,-0.16751974835762518
179.77487920400017,0.5941259842840871,2.381957296863199,-1.8058740244999378,-0.16804270313680103
179.79741727400005,0.5911909496492938,2.3814341729609034,-1.8088090591347312,-0.1685658270390964
179.84696735099988,0.5882559998817468,2.3809105731265308,-1.811744008902278,-0.16908942687346906
179.8668847240001,0.5853211350586189,2.380386497373846,-1.814678873725406,-0.1696135026261536
179.9281830169998,0.5823863552570833,2.379861945716631,-1.8176136535269416,-0.17013805428336903
179.95133804599982,0.5794516605543114,2.3793369181686783,-1.8205483482297136,-0.1706630818313215
179.97313720900001,0.5765397690464291,2.3788153044854172,-1.8234602397375959,-0.1711846955145826
180.01898739699982,0.5736432457728787,2.3782950415610196,-1.8263567630111464,-0.17170495843898026
180.04387322599996,0.5707469804220426,2.3777733447120117,-1.8292530283619823,-0.17222665528798808
180.10394359600014,0.5678509737037862,2.3772502140662577,-1.8321490350802387,-0.17274978593374213
180.13446680900006,0.5649341809759193,2.3767223685293444,-1.8350658278081058,-0.17327763147065545
180.1525332340002,0.5620075181223735,2.376193317398561,-1.8379924906616516,-0.17380668260143883
180.19683957100006,0.559080736572671,2.375664923305565,-1.8409192722113539,-0.17433507669443493
180.21683958199992,0.5561538364742967,2.3751371862769832,-1.8438461723097284,-0.1748628137230166
180.28296757299995,0.5532268179747641,2.3746101063394134,-1.8467731908092608,-0.17538989366058644
180.30228137199992,0.550299681221589,2.3740836835194195,-1.849700327562436,-0.17591631648058037
180.32951914500018,0.547356894461048,2.3735549814320707,-1.852643114322977,-0.17644501856792916
180.36793648999992,0.5444072258946757,2.3730251522453987,-1.8555927828893493,-0.17697484775460115
180.38894120099985,0.5414575429827994,2.3724954029293324,-1.8585424658012255,-0.17750459707066746
180.45609325900023,0.538507845727574,2.3719657334842745,-1.861492163056451,-0.1780342665157253
180.48025174900022,0.5356088908306561,2.3714446328275933,-1.8643911179533688,-0.1785553671724065
180.50998168600017,0.5327191574936563,2.3709235613186785,-1.8672808512903687,-0.17907643868132128
180.56007137699999,0.5298297120959851,2.3704008954882916,-1.8701702966880398,-0.17959910451170824
180.5805716179998,0.5269405555172615,2.3698766354955443,-1.8730594532667635,-0.18012336450445554
180.658455367,0.5240516886370163,2.3693507815000334,-1.8759483201470086,-0.1806492184999664
180.6835032949998,0.5211110679513983,2.3688146479520404,-1.8788889408326268,-0.18118535204795938
180.7067108450001,0.5181647367292417,2.368277606107305,-1.8818352720547833,-0.18172239389269462
180.74716378999983,0.5152183816605402,2.3677406951065163,-1.8847816271234847,-0.18225930489348352
180.77267412899982,0.5122720027510991,2.367203914950721,-1.8877280060329258,-0.1827960850492789
180.84367724899994,0.5093256000067338,2.3666672656409804,-1.8906744087772913,-0.18333273435901942
180.8684646380002,0.5063892816692238,2.36613254589847,-1.893610727114801,-0.18386745410152994
180.904086087,0.5034834116418136,2.365602544304803,-1.8965165971422113,-0.18439745569519683
180.94895103,0.5005777540225875,2.3650713794478273,-1.8994222547614374,-0.18492862055217252
180.97448294100013,0.49767230927721073,2.3645390514126694,-1.9023276995068144,-0.18546094858733042
181.04281633500023,0.49476707787132135,2.364005560284641,-1.9052329309127036,-0.18599443971535878
181.06772900199985,0.49185648775209523,2.3634699118641835,-1.9081435210319297,-0.18653008813581629
181.11270716499985,0.4889209290660153,2.362929550729133,-1.9110790797180097,-0.18707044927086702
181.14929701500023,0.48598529958553205,2.362389574332489,-1.914014709198493,-0.18761042566751085
181.184481237,0.48304959936105657,2.361849982683523,-1.9169504094229683,-0.18815001731647696
181.26279098800023,0.48011259679183627,2.3613105479977254,-1.9198874119921887,-0.18868945200227438
181.28539880100016,0.4771644708641443,2.3607692728047116,-1.9228355379198807,-0.18923072719528822
181.32287616800022,0.4742163327550465,2.3602280639638358,-1.9257836760289786,-0.18977193603616405
181.35997832300018,0.47126818246597624,2.3596869214753657,-1.9287318263180486,-0.19031307852463408
181.44384064299993,0.46832001999843026,2.3591458453395657,-1.9316799887855947,-0.1908541546604341
181.47465918699982,0.46538195636777396,2.358606751617481,-1.934618052416251,-0.1913932483825187
181.4943213360002,0.46245616145543755,2.3580704861364445,-1.9375438473285875,-0.19192951386355528
181.52630583200016,0.4595302482608707,2.3575348663897255,-1.9404697605231542,-0.19246513361027429
181.5598015390001,0.45660421692659314,2.356999892403415,-1.9433957918574318,-0.19300010759658504
181.64301108500013,0.4536780675951234,2.35646556420357,-1.9463219411889017,-0.1935344357964297
181.67814928500002,0.45075260834274766,2.3559318217140706,-1.9492474004412772,-0.19406817828592926
181.6980554830002,0.44782788006314395,2.355397647097757,-1.952172128720881,-0.1946023529022427
181.72688183399987,0.44490327635447047,2.3548627908764566,-1.9550967324295545,-0.19513720912354326
181.77178465199995,0.4419787973755798,2.3543272530792234,-1.9580212114084452,-0.1956727469207764
181.84939198500024,0.43905444328530935,2.3537910337351433,-1.9609455654987156,-0.1962089662648565
181.87924167099982,0.4361212607967068,2.3532525723535196,-1.963878747987318,-0.19674742764648023
181.89830048900012,0.43318431514785066,2.35271303904459,-1.9668156936361743,-0.19728696095540998
181.9321379879998,0.4302474345531143,2.35217315173409,-1.9697525742309105,-0.19782684826591002
181.96640700499984,0.4273106190551665,2.3516329104298612,-1.9726893897288584,-0.1983670895701386
182.04649659100005,0.42437386869667576,2.3510923151397565,-1.9756261400873492,-0.19890768486024335
182.08382044200016,0.4214377087934859,2.350551459137072,-1.978562299990539,-0.19944854086292763
182.12394738700004,0.4185021431244326,2.3500103221658994,-1.9814978656595923,-0.19998967783410038
182.13426462799998,0.4155666477100474,2.3494688042151157,-1.9844333610739775,-0.2005311957848841
182.1761126309998,0.41263122259977514,2.3489269052938404,-1.9873687861842497,-0.20107309470615942
182.2618661470001,0.40969590289446406,2.3483846318183255,-1.990304105889561,-0.20161536818167436
182.292410087,0.40676085285600283,2.3478420102406234,-1.993239155928022,-0.20215798975937638
182.32823528200015,0.40382587438279194,2.347299001707869,-1.9961741344012331,-0.20270099829213084
182.34019877899982,0.4008909675258463,2.3467556062295003,-1.9991090412581787,-0.20324439377049952
182.39256211800011,0.39795613233618,2.346211823814965,-2.002043876447845,-0.20378817618503486
182.4819543489998,0.39502136886480826,2.345667654473713,-2.0049786399192167,-0.20433234552628665
182.50868097400007,0.39208667716274065,2.345123098215207,-2.0079133316212845,-0.20487690178479268
182.54509973599988,0.3891796391099507,2.3445829121281063,-2.0108203696740743,-0.2054170878718935
182.56239354199988,0.38627280350252696,2.344041637705621,-2.013727205281498,-0.2059583622943788
182.596584593,0.38336617074791285,2.3434992750236194,-2.016633838036112,-0.2065007249763804
182.68890679900005,0.38045974125353177,2.3429558241581225,-2.019540267530493,-0.2070441758418773
182.71654430499984,0.3775440802613646,2.342409562278141,-2.0224559285226604,-0.20759043772185892
182.784064297,0.37460979722703414,2.341859269819022,-2.025390211556991,-0.20814073018097767
182.7882849450002,0.37167558366623743,2.341308607040394,-2.0283244251177877,-0.2086913929596057
182.81331512999986,0.3687414396257115,2.340757573951027,-2.0312585691583136,-0.2092424260489727
182.90208381999992,0.3658073651521917,2.340206170559699,-2.034192643631833,-0.20979382944030078
182.92833805200007,0.362872193754018,2.3396541883964836,-2.037127815030007,-0.21034581160351618
182.96200478599985,0.3599365852140798,2.339101783030293,-2.0400634235699453,-0.2108982169697069
182.98318121800003,0.3570010383048426,2.3385490502449264,-2.042998970479182,-0.2114509497550734
183.01477655600002,0.354065553062823,2.3379959900472596,-2.045934455721202,-0.21200400995274027
183.10901937800008,0.3511301295245404,2.3374426024441752,-2.0488698792594846,-0.2125573975558246
183.13491145099988,0.3482016074993807,2.3368900864196047,-2.0517984012846444,-0.2131099135803951
183.175040696,0.34527318039085647,2.3363370675417396,-2.0547268283931683,-0.21366293245826018
183.1880193249999,0.34234484828530665,2.33578354582688,-2.0576551604987183,-0.21421645417311996
183.22526698599995,0.33941661126907197,2.3352295212913483,-2.060583397514953,-0.2147704787086515
183.3097037409998,0.3364894029747272,2.3346751702036346,-2.063510605809298,-0.21532482979636525
183.35780768899986,0.3335800747033628,2.334123415280273,-2.0664199340806624,-0.21587658471972704
183.39661132699985,0.3306709321986847,2.333570681733722,-2.0693290765853405,-0.21642931826627798
183.41974862000006,0.327761975789876,2.3330169696265255,-2.072238032994149,-0.21698303037347433
183.4557118040002,0.32485320580609944,2.3324622790213394,-2.0751468029779256,-0.21753772097866042
183.5487767479999,0.3219446225764954,2.331906609980931,-2.0780553862075295,-0.2180933900190687
183.586987959,0.3190163827179527,2.3313463919819446,-2.080983626066072,-0.21865360801805522
183.6250826380001,0.3160844936275602,2.3307850775105603,-2.083915515156465,-0.21921492248943952
183.64041757899986,0.3131526768620911,2.330223385399292,-2.086847331921934,-0.21977661460070763
183.67580425999995,0.31022093247018706,2.3296613156574564,-2.089779076313838,-0.22033868434254344
183.7744647730001,0.3072892605004881,2.3290988682943814,-2.0927107482835368,-0.22090113170561843
183.80682023600002,0.3043576610016337,2.3285360433193976,-2.095642347782391,-0.22146395668060226
183.84000619800008,0.3014512784543268,2.3279773716510648,-2.098548730329698,-0.22202262834893505
183.8661869030002,0.2985478923059402,2.327418150666191,-2.1014521164780846,-0.22258184933380898
183.90093699999989,0.2956447159689713,2.3268578414720618,-2.1043552928150535,-0.22314215852793806
183.994431264,0.2927417498512878,2.326296444147395,-2.1072582589327373,-0.22370355585260482
184.02387777700005,0.2898174747417822,2.325729981402109,-2.110182534042243,-0.22427001859789097
184.0601224279999,0.2868805652987566,2.3251607927005122,-2.1131194434852683,-0.2248392072994876
184.07148933300005,0.2839436975129981,2.3245913890971273,-2.116056311271027,-0.22540861090287256
184.10747552500015,0.2810068714002355,2.324021770595007,-2.1189931373837894,-0.2259782294049928
184.23680893500023,0.2780838947991643,2.3234545340434924,-2.121916113984861,-0.22654546595650737
184.275992934,0.2751779465879981,2.3228896880676633,-2.124822062196027,-0.22711031193233655
184.29704163199995,0.27227219271958303,2.3223238431785105,-2.127727816064442,-0.22767615682148934
184.32662940599994,0.26936663353729345,2.3217569994428997,-2.1306333752467315,-0.22824300055710012
184.35975094100013,0.26646126938448067,2.321189156927816,-2.1335387393995444,-0.2288108430721838
184.4632788939998,0.2635561006044723,2.32062031570036,-2.1364439081795528,-0.22937968429963984
184.49657244299988,0.2606336692330065,2.3200472728558252,-2.1393663395510183,-0.22995272714417458
184.51985361700008,0.25771042557936,2.3194735181730333,-2.142289583204665,-0.23052648182696656
184.5509686260002,0.2547872863081626,2.3188992319240276,-2.145212722475862,-0.23110076807597224
184.5818313509999,0.2518642515160758,2.318324414127801,-2.148135757267949,-0.23167558587219883
184.6962214639998,0.24894132129975585,2.317749064803361,-2.151058687484269,-0.23225093519663886
184.73414280099996,0.24603234566700052,2.3171758402454246,-2.1539676631170246,-0.23282415975457527
184.74735023099993,0.24314437077442624,2.316605455321808,-2.1568556380095987,-0.23339454467819198
184.77290949400003,0.2402566742253344,2.3160336628930382,-2.1597433345586907,-0.23396633710696157
184.79958985600024,0.23736925670569853,2.315460463094945,-2.1626307520783263,-0.2345395369050549
184.90808529100013,0.2344821189014244,2.3148858560636905,-2.1655178898826004,-0.23511414393630936
184.94336577100012,0.23154658779067006,2.314300783114561,-2.168453420993355,-0.23569921688543882
184.95755656400024,0.22860595835962746,2.313714651867813,-2.1713940504243974,-0.2362853481321867
184.9889293639999,0.22566533667642177,2.313128481751393,-2.1743346721076033,-0.23687151824860697
185.01792305900017,0.2227247227415651,2.312542272765403,-2.17727528604246,-0.23745772723459702
185.12616187699996,0.2197960867090378,2.3119583635523204,-2.180203922074987,-0.2380416364476794
185.1719381869998,0.21689552129424133,2.31137920834274,-2.183104487489784,-0.2386207916572598
185.184379068,0.21399516778801309,2.310798992847252,-2.186004840996012,-0.23920100715274772
185.21320038900012,0.21109502657793303,2.3102177171433915,-2.188904982206092,-0.2397822828566083
185.23713887099984,0.208195098051557,2.309635381308838,-2.191804910732468,-0.24036461869116188
185.3368678779998,0.20529538259640814,2.309051985421408,-2.1947046261876166,-0.2409480145785916
185.3815107219998,0.20238960810694734,2.3084663023356926,-2.197610400677078,-0.2415336976643072
185.41048253000008,0.19947632931486622,2.3078783157013905,-2.2005236794691587,-0.24212168429860936
185.43014903799985,0.19656319317517149,2.3072896227134057,-2.2034368156088533,-0.24271037728659417
185.464252664,0.1936501998591251,2.3067002234063407,-2.2063498089249,-0.2432997765936591
185.57565092999994,0.19073595481320924,2.306109843579005,-2.209264053970816,-0.24389015642099476
185.61114431199985,0.1878201366384129,2.30551847964995,-2.212179872145612,-0.24448152035004966
185.63090847900003,0.18490444572797676,2.3049264885690572,-2.2150955630560483,-0.24507351143094258
185.66542573200013,0.18198888221679044,2.304333870363712,-2.2180111265672346,-0.24566612963628787
185.77578628999981,0.17907344623974222,2.3037406250613333,-2.2209265625442827,-0.24625937493866656
185.81718921699985,0.17615813793171176,2.303146752689367,-2.223841870852313,-0.24685324731063263
185.83159929800013,0.17322813621047975,2.3025494202785257,-2.2267718725735453,-0.2474505797214741
185.86223983399987,0.1702974027445688,2.3019517017967845,-2.229702606039456,-0.24804829820321528
185.887841407,0.1673667155760636,2.3013537563544832,-2.2326332932079613,-0.24864624364551657
186.00726997899983,0.1644360747225369,2.3007555839552025,-2.235563934061488,-0.2492444160447973
186.04663682799992,0.16151763738092118,2.3001595203300824,-2.2384823714031037,-0.2498404796699174
186.06114857400007,0.15860066451128615,2.2995631599466204,-2.2413993442727387,-0.2504368400533794
186.087370147,0.15568380896892112,2.298966225968587,-2.244316199815104,-0.2510337740314128
186.12224130899995,0.15276707086661895,2.2983687184190633,-2.247232937917406,-0.2516312815809365
186.2208184440001,0.14985045031716843,2.297770637321156,-2.2501495584668567,-0.25222936267884366
186.25674633000017,0.14693394743335014,2.2971719826979893,-2.2530660613506748,-0.25282801730201054
186.27439471900016,0.14401237780769827,2.296571737985133,-2.2559876309763265,-0.2534282620148667
186.3049944899999,0.141088670953671,2.2959706454248896,-2.258911337830354,-0.2540293545751102
186.33935055099982,0.13816504300942153,2.295369169176095,-2.2618349657746033,-0.2546308308239049
186.36111891400014,0.13524149402529997,2.294767309249113,-2.264758514758725,-0.2552326907508866
186.40230530400004,0.1323180240516581,2.294165065654308,-2.267681984732367,-0.25583493434569204
186.4884990239998,0.12939463313884686,2.293562438402053,-2.2706053756451783,-0.25643756159794684
186.5235678019999,0.1264738800949235,2.2929599382029067,-2.2735261286891015,-0.25704006179709316
186.5489105810002,0.12355578530462706,2.2923574665913757,-2.276444223479398,-0.2576425334086241
186.57980490599994,0.12063779687249372,2.291754480059357,-2.2793622119115313,-0.25824551994064304
186.60687275700002,0.1177199148893863,2.291150978625625,-2.282280093894639,-0.2588490213743748
186.69981596200023,0.11480213944616363,2.2905469623089734,-2.2851978693378614,-0.25945303769102646
186.73148702900016,0.11188073716014868,2.2899420487046926,-2.2881192716238763,-0.2600579512953072
186.75617502000023,0.10895884464804591,2.289337456886347,-2.291041164135979,-0.26066254311365267
186.8059954270002,0.10603686721397491,2.2887332756272363,-2.29396314157005,-0.26126672437276355
186.8251092290002,0.10311480491561052,2.2881295049392847,-2.2968852038684147,-0.26187049506071514
186.902760166,0.10019265781066539,2.2875261448344197,-2.2998073509733596,-0.2624738551655801
186.9371149650001,0.09726113594233442,2.2869211715118407,-2.3027388728416907,-0.2630788284881591
186.95742767899992,0.09432794391156334,2.286315990059853,-2.3056720648724616,-0.26368400994014696
187.00973886300017,0.09139472551464503,2.28571093641333,-2.30860528326938,-0.2642890635866699
187.0293847859998,0.08846148075714245,2.2851060105734295,-2.3115385280268823,-0.2648939894265703
187.10090237299983,0.08552820964462654,2.284501212541288,-2.3144717991393984,-0.265498787458712
187.13609813599987,0.08259012800380594,2.283901118268642,-2.317409880780219,-0.26609888173135765
187.15105493700003,0.07964709390400788,2.283319294755933,-2.3203529148800173,-0.26668070524406673
187.19600187000015,0.07670034014938422,2.28275661312114,-2.3232996686346405,-0.26724338687885973
187.2171781789998,0.07374999123984091,2.2822130971374803,-2.3262500175441843,-0.2677869028625195
187.3006284160001,0.07079617182716705,2.28168876976842,-2.3292038369568577,-0.26831123023157977
187.3479981559999,0.06783900670980934,2.2811836531667153,-2.3321610020742156,-0.2688163468332845
187.38731592800013,0.064878620827554,2.2806977686734684,-2.335121387956471,-0.2693022313265314
187.50879847900023,0.06191513925626415,2.2802311368172257,-2.3380848695277607,-0.26976886318277415
187.80440611199992,0.058948687202595294,2.2797837773131153,-2.3410513215814297,-0.2702162226868845
188.35165113699986,0.05871022219081274,2.279748916190718,-2.341289786593212,-0.27025108380928176
188.6528327760002,0.05824470210545617,2.2796841835170056,-2.341755306678569,-0.2703158164829942
188.68667824800013,0.05738225829685093,2.2795697804632313,-2.342617750487174,-0.2704302195367685
188.72184271800006,0.05633661388994447,2.2794373381508586,-2.3436633948940804,-0.27056266184914124
188.74709219199985,0.05633661388992597,2.2794373381508586,-2.343663394894099,-0.27056266184914124
188.8334855349999,0.05633661388990746,2.2794373381508586,-2.3436633948941177,-0.27056266184914124
188.87495426399983,0.056336613889888955,2.2794373381508586,-2.343663394894136,-0.27056266184914124
188.89316002299984,0.05616683372258263,2.279416950993565,-2.3438331750614423,-0.2705830490064347
188.93881554400014,0.05560052637659871,2.279352183002717,-2.344399482407426,-0.270647816997283
188.97250430900021,0.05463613061631252,2.27924807944167,-2.3453638781677126,-0.27075192055832975
189.07415276600022,0.05327312795841299,2.2791098145044297,-2.346726880825612,-0.2708901854955701
189.13321910800005,0.05151105037588791,2.2789425673540653,-2.348488958408137,-0.2710574326459345
189.1548406339998,0.04934948034007358,2.27875152168532,-2.3506505284439516,-0.2712484783146798
189.20813247100023,0.04678805085905205,2.2785418652868907,-2.353211957924973,-0.2714581347131091
189.2296989209999,0.0438623498244337,2.2783214125476117,-2.3561376589595913,-0.27167858745238815
189.3231420709999,0.04086944283748171,2.2781153152890212,-2.3591305659465434,-0.2718846847109786
189.37262729900021,0.03787525945273003,2.2779286761426474,-2.362124749331295,-0.27207132385735244
189.37466233800023,0.03487992617396151,2.2777615029939664,-2.3651200826100633,-0.2722384970060334
189.445575104,0.03188356955357379,2.2776138029060182,-2.3681164392304512,-0.2723861970939816
189.46734989800007,0.02888631618718246,2.27748558211911,-2.3711136925968423,-0.27251441788089004
189.55607743600012,0.025888292708299246,2.2773768460505517,-2.374111716075726,-0.27262315394944814
189.60680237099996,0.022889625782970727,2.277287599294425,-2.377110383001054,-0.2727124007055748
189.63051237199988,0.019890442104428748,2.2772178456213927,-2.380109566679596,-0.2727821543786071
189.70959728800017,0.01689086838773598,2.2771675879785374,-2.383109140396289,-0.27283241202146247
189.7994878620002,0.013891031364436668,2.277136828489237,-2.3861089774195885,-0.272863171510763
189.8415705110001,0.01089105777719876,2.2771255684530733,-2.3891089510068264,-0.2728744315469265
189.86463669800014,0.007891074374460764,2.2771338083457833,-2.3921089344095643,-0.27286619165421655
189.90641093700015,0.0048912079050731265,2.277161547819232,-2.395108800878952,-0.27283845218076763
189.9720099340002,0.0018915851129506552,2.2772087857014314,-2.3981084236710744,-0.27279121429856845
190.05512252800008,-0.001107667268291956,2.277275519996588,-2.401107676052317,-0.2727244800034119
190.08811260499988,-0.004106422520685953,2.277361747885187,-2.404106431304711,-0.27263825211481274
190.1107625290001,-0.007104553947271303,2.2774674657241136,-2.407104562731296,-0.2725325342758862
190.139019878,-0.010101934877437052,2.2775926690468045,-2.410101943661462,-0.27240733095319536
190.19186705099992,-0.013098438672287462,2.2777373525634377,-2.4130984474563126,-0.27226264743656214
190.28257445500003,-0.016093938729983534,2.2779015101611573,-2.4160939475140086,-0.27209848983884255
190.3259510910002,-0.01908830849109016,2.278085134904328,-2.419088317275115,-0.27191486509567175
190.34775945799993,-0.022081421443933057,2.278288219034831,-2.422081430227958,-0.2717117809651688
190.37654878700005,-0.02507315112993401,2.2785107539723937,-2.4250731599139588,-0.27148924602760616
190.43802703400024,-0.028063371148960892,2.2787527303149453,-2.428063379932986,-0.2712472696850545
190.52187006299982,-0.031051955164659365,2.279014137839025,-2.4310519639486845,-0.27098586216097464
190.55331527999988,-0.03403877690980201,2.2792949655002017,-2.434038785693827,-0.2707050344997981
190.58183104499994,-0.03702371019161262,2.2795952014335508,-2.4370237189756376,-0.27040479856644906
190.6021077360001,-0.04000662889710672,2.279914832954146,-2.440006637681132,-0.27008516704585395
190.6677842690001,-0.04298740699840918,2.280253846557604,-2.4429874157824343,-0.2697461534423957
190.7489290200001,-0.045965918558091304,2.2806122279206518,-2.445965927342116,-0.26938777207934805
190.79205655499982,-0.048942037734482066,2.2809899619017275,-2.448942046518507,-0.2690100380982723
190.80955718699988,-0.05191563878698841,2.281387032541629,-2.4519156475710133,-0.2686129674583708
190.84246056500024,-0.05488659608140792,2.2818034230641797,-2.454886604865433,-0.2681965769358201
190.890273902,-0.05785478409523841,2.282239115876941,-2.4578547928792633,-0.26776088412305876
190.9752476550002,-0.06082007742297692,2.2826940925719574,-2.460820086207002,-0.2673059074280424
191.01030891300024,-0.06378235078142151,2.283168333926531,-2.4637823595654464,-0.26683166607346864
191.03351821100023,-0.06674147901496275,2.2836618199040366,-2.4667414877989877,-0.2663381800959632
191.06309307799984,-0.06969733710087493,2.2841745296547646,-2.4696973458849,-0.2658254703452352
191.11969800499992,-0.07264980015459105,2.284706441516802,-2.472649808938616,-0.2652935584831977
191.20936199000016,-0.07559874343498818,2.285257533016955,-2.475598752219013,-0.2647424669830447
191.2427125029999,-0.07854404234964975,2.285827780871688,-2.478544051133675,-0.2641722191283118
191.2700821210001,-0.08148557246013788,2.286417160988113,-2.4814855812441627,-0.2635828390118866
191.29492429999982,-0.08442320948723894,2.287025648465008,-2.484423218271264,-0.2629743515349916
191.35645964900004,-0.08735682931622814,2.287653217593869,-2.4873568381002533,-0.26234678240613096
191.44515659699982,-0.09028630800210467,2.288299841859993,-2.4902863167861296,-0.2617001581400067
191.4806947500001,-0.09321152177482665,2.2889654939436013,-2.4932115305588516,-0.26103450605639855
191.50729956800024,-0.09613234704454995,2.289650145720992,-2.496132355828575,-0.2603498542790077
191.5334406830002,-0.09904866040684027,2.2903537682657302,-2.499048669190865,-0.2596462317342696
191.58457497400013,-0.1019603386478938,2.291076331849868,-2.5019603474319188,-0.2589236681501319
191.67415359000006,-0.10486725874973477,2.2918178059451995,-2.5048672675337595,-0.25818219405480036
191.71213175100002,-0.10776929789542396,2.292578159224555,-2.507769306679449,-0.2574218407754447
191.73279388499986,-0.11066633347423732,2.293357359563123,-2.5106663422582622,-0.2566426404368767
191.76727884599995,-0.11355824308685525,2.294155374039804,-2.5135582518708803,-0.25584462596019586
191.8127628289999,-0.11644490455052338,2.2949721689386053,-2.5164449133345483,-0.2550278310613945
191.91678877999993,-0.11932619590422686,2.295807709750064,-2.5193262046882516,-0.25419229024993584
191.94950621999988,-0.12220199541383386,2.2966619611727057,-2.522202004197859,-0.2533380388272941
191.97117875100002,-0.1250721815772424,2.297534887114534,-2.5250721903612674,-0.2524651128854658
192.0038732590001,-0.12793663312951375,2.2984264506945573,-2.5279366419135387,-0.2515735493054425
192.05201914100007,-0.1307952290479974,2.299336614244349,-2.5307952378320224,-0.25066338575565084
192.14317716000005,-0.13364784855744016,2.300265339309633,-2.533647857341465,-0.24973466069036698
192.1760545510001,-0.13649437113509214,2.301212586651913,-2.5364943799191173,-0.24878741334808696
192.20151420399998,-0.1393346765157972,2.3021783162501297,-2.539334685299822,-0.24782168374987013
192.231252176,-0.14216864469707755,2.303162487302353,-2.5421686534811023,-0.24683751269764675
192.27855678000014,-0.14499615594419646,2.304165058227501,-2.5449961647282215,-0.24583494177249898
192.367058413,-0.14781709079522634,2.305185986667102,-2.5478170995792513,-0.24481401333289776
192.40337832600017,-0.15063133006608753,2.3062252294870804,-2.5506313388501125,-0.2437747705129194
192.4241447559998,-0.15343875485559264,2.3072827427795826,-2.5534387636396176,-0.24271725722041726
192.45945179299997,-0.15623924655045807,2.308358481864829,-2.556239255334483,-0.24164151813517076
192.505440721,-0.15903268683032876,2.3094524012930018,-2.559032695614354,-0.24054759870699804
192.6108625390002,-0.16181895767276894,2.3105644548461695,-2.561818966456794,-0.23943554515383036
192.67817904699996,-0.16459794135824707,2.311694595540234,-2.564597950142272,-0.23830540445976567
192.6789151359999,-0.16736952047511822,2.3128427756269194,-2.5673695292591434,-0.2371572243730804
192.69969945499997,-0.1701335779245759,2.314008946595788,-2.570133586708601,-0.235991053404212
192.7368850759999,-0.17288999692560608,2.3151930591762904,-2.572890005709631,-0.23480694082370945
192.83839615299985,-0.17563866101991282,2.316395063339845,-2.5756386698039377,-0.23360493666015492
192.8712680540002,-0.17837945407684938,2.3176149083019553,-2.5783794628608745,-0.23238509169804455
192.8990219110001,-0.18111226029831531,2.318852542524354,-2.5811122690823405,-0.2311474574756458
192.92574177300003,-0.18383696422365658,2.320107913717179,-2.5838369730076813,-0.22989208628282087
192.9675092970001,-0.18655345073453455,2.321380968841183,-2.5865534595185595,-0.228619031158817
193.06829714100013,-0.1892616050598006,2.3226716541099774,-2.5892616138438256,-0.22732834589002238
193.10521630699986,-0.1919613127803368,2.323979914992301,-2.5919613215643618,-0.22602008500769877
193.12542549399996,-0.1946524598338928,2.325305696214326,-2.5946524686179178,-0.2246943037856739
193.15582928799995,-0.19733493251990591,2.326648941761993,-2.597334941303931,-0.22335105823800694
193.19578499,-0.2000086175043054,2.328009594883377,-2.6000086262883304,-0.22199040511662282
193.28647039499992,-0.20267340182429772,2.3293875980910888,-2.6026734106083227,-0.22061240190891107
193.32672013799993,-0.20532917289314176,2.330782893164695,-2.605329181677167,-0.21921710683530504
193.34690504899982,-0.20797581850490432,2.332195421153186,-2.6079758272889295,-0.2178045788468137
193.38558011399982,-0.21061322683920367,2.333625122377468,-2.610613235623229,-0.2163748776225316
193.42023461100007,-0.2132412864659278,2.335071936432874,-2.613241295249953,-0.2149280635671258
193.52373858500005,-0.2158598863499501,2.336535802191726,-2.615859895133975,-0.21346419780827386
193.55612694799993,-0.21846891585581346,2.3380166578059116,-2.6184689246398385,-0.2119833421940882
193.59063887499997,-0.22106826475241234,2.3395144407095048,-2.6210682735364372,-0.21048555929049506
193.6138933530001,-0.22365782321763872,2.341029087621398,-2.6236578320016637,-0.20897091237860188
193.6534631730001,-0.2262374818430352,2.342560534547987,-2.62623749062706,-0.20743946545201286
193.7529866599998,-0.2288071316384089,2.3441087167858647,-2.628807140422434,-0.20589128321413508
193.78779623299988,-0.2313666640364354,2.345673568924563,-2.6313666728204606,-0.2043264310754367
193.81101506899995,-0.23391597089725413,2.347255024849311,-2.633915979681279,-0.20274497515068868
193.83694193600013,-0.23645494451302837,2.3488530177438323,-2.6364549532970534,-0.20114698225616756
193.87437195700022,-0.23898347761250216,2.3504674800931635,-2.638983486396527,-0.1995325199068363
193.97000645800017,-0.24150146336552542,2.3520983436865097,-2.6415014721495504,-0.1979016563134901
194.0038332119998,-0.244008795387577,2.3537455396201294,-2.644008804171602,-0.19625446037987038
194.025035183,-0.2465053677442503,2.3554089983002386,-2.646505376528275,-0.19459100169976118
194.0574196550001,-0.248991074955737,2.3570886494459544,-2.648991083739762,-0.1929113505540454
194.09428194200018,-0.25146581200127416,2.358784422092266,-2.6514658207852992,-0.1912155779077338
194.20139243099993,-0.2539294743235919,2.360496244593033,-2.653929483107617,-0.18950375540696696
194.2389795019999,-0.2563819578333232,2.3622240446240084,-2.656381966617348,-0.18777595537599145
194.25817724199987,-0.25882315891340385,2.3639677491858966,-2.6588231676974288,-0.18603225081410324
194.30093819900003,-0.26125297442345125,2.365727284607441,-2.661252983207476,-0.18427271539255896
194.42631870000014,-0.26367130170412273,2.3675025765485316,-2.6636713104881475,-0.18249742345146824
194.46201436499996,-0.2660780385814499,2.3692935500033463,-2.666078047365475,-0.18070644999665353
194.4840831450001,-0.2684730833711576,2.371100129303525,-2.6684730921551827,-0.17889987069647484
194.5144379630001,-0.27085633488295924,2.37292223812136,-2.6708563436669843,-0.17707776187863988
194.53552930700016,-0.2732276924248344,2.3747597994730247,-2.673227701208859,-0.1752402005269751
194.65331611600004,-0.2755870558072776,2.376612735721825,-2.6755870645913027,-0.17338726427817486
194.6860656839999,-0.27793432534753876,2.3784809685814823,-2.677934334131564,-0.17151903141851754
194.71083476100011,-0.28026940187382743,2.380364419119433,-2.6802694106578526,-0.16963558088056674
194.7297010950001,-0.28259218672951036,2.3822630077601756,-2.6825921955135352,-0.1677369922398242
194.75822748300016,-0.2849025817772695,2.3841766542886185,-2.6849025905612947,-0.16582334571138135
194.8721979500001,-0.28720048940326004,2.386105277853484,-2.687200498187285,-0.1638947221465159
194.90318009500015,-0.28948581252122696,2.3880487969707125,-2.6894858213052517,-0.16195120302928734
194.92900033900014,-0.291758454576606,2.3900071295269085,-2.691758463360631,-0.1599928704730913
194.95297821299982,-0.2940183195506103,2.3919801927828153,-2.6940183283346353,-0.15801980721718456
194.98338686099987,-0.29626531196428024,2.3939679033768013,-2.696265320748305,-0.1560320966231985
195.0123118219999,-0.29849933688252206,2.3959701773283926,-2.698499345666547,-0.15402982267160725
195.0386773209998,-0.3007202999181128,2.3979869300418084,-2.7007203087021376,-0.15201306995819142
195.1349816070001,-0.3029281072356964,2.400018076309551,-2.7029281160197214,-0.14998192369044894
195.16905457600024,-0.3051226655557409,2.40206353031599,-2.705122674339766,-0.14793646968400997
195.20678304500007,-0.30730388215848564,2.4041232056410005,-2.7073038909425104,-0.14587679435899936
195.23974101300018,-0.3094716648878512,2.406197015263602,-2.7094716736718762,-0.14380298473639774
195.26594543500005,-0.31162592215534163,2.408284871565651,-2.7116259309393667,-0.14171512843434897
195.37522499900024,-0.3137665629439072,2.4103866863355266,-2.7137665717279322,-0.13961331366447327
195.42246067099995,-0.3158934968117927,2.4125023707718687,-2.7158935055958175,-0.13749762922813114
195.44431171399992,-0.31800663389635847,2.4146318354873233,-2.7180066426803835,-0.13536816451267653
195.51531657299984,-0.32010588491787795,2.416774990512324,-2.720105893701903,-0.1332250094876759
195.5388192119999,-0.3221911611833072,2.4189317452988903,-2.7221911699673322,-0.1310682547011095
195.60883807400023,-0.32426237459003426,2.421102008724452,-2.724262383374059,-0.12889799127554769
195.64526695699988,-0.32631943762960025,2.423285689095703,-2.7263194464136253,-0.12671431090429675
195.66999978000013,-0.3283622633913993,2.4254826941524725,-2.728362272175424,-0.1245173058475273
195.74085939399993,-0.3303907655663449,2.4276929310716224,-2.73039077435037,-0.1223070689283774
195.76439809800013,-0.3324048584505234,2.429916306470973,-2.7324048672345485,-0.12008369352902681
195.83461220400022,-0.3344044569488087,2.4321527264132445,-2.7344044657328337,-0.11784727358675529
195.86809988599998,-0.3363894765784639,2.4344020964100275,-2.736389485362489,-0.11559790358997235
195.89137025699983,-0.33835983347270215,2.4366643214257726,-2.738359842256727,-0.11333567857422722
195.95755438300012,-0.3403154443842397,2.43893930588181,-2.7403154531682645,-0.11106069411818975
195.97758948299997,-0.34225622668880684,2.4412269536603852,-2.7422562354728317,-0.1087730463396146
196.04510084799995,-0.34418209838863745,2.443527168108719,-2.744182107172662,-0.10647283189128087
196.08486031700022,-0.34609297811594086,2.4458398520430946,-2.7460929868999657,-0.1041601479569052
196.10398856099982,-0.34798878513633186,2.448164907752959,-2.747988793920357,-0.10183509224704101
196.16906552299997,-0.3498694393522471,2.4505022370050553,-2.749869448136272,-0.0994977629949445
196.18894255099985,-0.3517348613063238,2.4528517410475676,-2.751734870090349,-0.09714825895243218
196.27171925699986,-0.35332269478543765,2.454877797626273,-2.7533227035694625,-0.09512220237372704
196.3065024299999,-0.3546350148946018,2.4565786262017437,-2.7546350236786266,-0.0934213737982561
196.32630403600024,-0.3559347442843462,2.4582890955599783,-2.755934753068371,-0.0917109044400215
196.4002125400002,-0.35722181213257354,2.46000911249771,-2.7572218209165986,-0.08999088750228967
196.4205687990002,-0.3584961483071097,2.461738583291419,-2.758496157091135,-0.08826141670858068
196.50322452699993,-0.3597576833695274,2.463477413702446,-2.7597576921535523,-0.0865225862975536
196.53650826900002,-0.36098253377709416,2.4651926702516938,-2.760982542561119,-0.08480732974830607
196.55571869000005,-0.36218985054409375,2.4669115728510764,-2.7621898593281187,-0.0830884271489234
196.62738231899993,-0.3633837313471713,2.468639834564498,-2.7633837401311965,-0.08136016543550184
196.65425119400015,-0.36456410363789243,2.470377350370854,-2.7645641124219176,-0.07962264962914567
196.7314688749998,-0.36573089568869116,2.4721240146866945,-2.7657309044727163,-0.07787598531330531
196.76762568999993,-0.3668873321579452,2.473884735332711,-2.7668873409419703,-0.07611526466728868
196.78964335799992,-0.3680855794732531,2.4757380161985254,-2.768085588257278,-0.07426198380147442
196.85538416600002,-0.36927207178537186,2.4776010020685706,-2.769272080569397,-0.07239899793142923
196.87742247799997,-0.3704457605915716,2.479472080619809,-2.7704457693755966,-0.07052791938019087
196.95624937000002,-0.3716065906965592,2.4813511638606633,-2.771606599480584,-0.06864883613933648
197.0101645929999,-0.3727535779908344,2.4832366613124677,-2.7727535867748596,-0.06676333868753215
197.01087094000013,-0.3738874136691379,2.485129733250879,-2.773887422453163,-0.064870266749121
197.07541966000008,-0.3750082065276167,2.487030556250997,-2.7750082153116415,-0.06296944374900271
197.0970081800001,-0.3761159035813115,2.4889390404523017,-2.7761159123653365,-0.06106095954769808
197.18320603099983,-0.37720695473991517,2.490849088078292,-2.7772069635239403,-0.05915091192170774
197.21538936700017,-0.3782843391277881,2.4927659918583336,-2.778284347911813,-0.05723400814166624
197.23709443899997,-0.37934838936212834,2.4946903292299947,-2.779348398146153,-0.05530967077000515
197.28622962200006,-0.3803990541562472,2.4966220074411782,-2.780399062940272,-0.053377992558821585
197.35975652800016,-0.38143628286863035,2.4985609333859675,-2.781436291652655,-0.0514390666140323
197.3819340330001,-0.3824600255053742,2.5005070136091034,-2.7824600342893993,-0.04949298639089639
197.4091957820001,-0.38347023272259756,2.502460154310496,-2.7834702415066226,-0.04753984568950376
197.45486358000016,-0.38446932675255163,2.504425008258426,-2.784469335536577,-0.04557499174157398
197.51126808400022,-0.38545484706241706,2.5063967054045984,-2.7854548558464423,-0.043603294595401465
197.58264406399985,-0.38642674678311695,2.5083751519796373,-2.786426755567142,-0.04162484802036248
197.6025524329998,-0.38738497969333846,2.510360253893181,-2.7873849884773634,-0.03963974610681875
197.63886210400005,-0.388322528226439,2.512337400596433,-2.788322537010464,-0.037662599403566865
197.6661444350002,-0.38924234249568174,2.514313299310717,-2.789242351279707,-0.0356867006892827
197.7172686230001,-0.39014808314503,2.51629568875155,-2.790148091929055,-0.03370431124844986
197.79323600399994,-0.39103970437557056,2.5182844686791075,-2.7910397131595954,-0.03171553132089233
197.81509953700015,-0.39191979199273713,2.520285532481588,-2.7919198007767623,-0.02971446751841178
197.84483164999983,-0.3927981404253438,2.522320543687022,-2.7927981492093688,-0.027679456312977635
197.88074918700022,-0.3936626499637496,2.5243614723563583,-2.7936626587477744,-0.025638527643641496
197.92156360699983,-0.39451328074476727,2.5264082243808366,-2.7945132895287923,-0.023591775619163258
198.01449067400017,-0.39534999354516936,2.528460705383175,-2.795350002329194,-0.02153929461682491
198.0370012479998,-0.39617274978349815,2.530518820721929,-2.796172758567523,-0.019481179278070915
198.07425534699996,-0.39697826800300745,2.5325742577665538,-2.7969782767870326,-0.017425742233446062
198.10270381100008,-0.3977656270832964,2.5346251569451788,-2.7977656358673215,-0.015374843054821064
198.1496366199999,-0.39853869161262906,2.536681486927376,-2.798538700396654,-0.013318513072623883
198.22283124100022,-0.399297424135674,2.538743148083015,-2.799297432919699,-0.011256851916984889
198.25039951300005,-0.4000417878914923,2.540810040523666,-2.8000417966755173,-0.009189959476333609
198.27220549000003,-0.4007725396051333,2.5428842792200745,-2.8007725483891583,-0.007115720779925283
198.2987494009999,-0.40148931226372697,2.5449647298389024,-2.801489321047752,-0.005035270161097394
198.35050903,-0.40219165180142863,2.547050097191498,-2.8021916605854535,-0.0029499028085018253
198.43194749900022,-0.40287952449557884,2.5491402811494632,-2.802879533279604,-0.0008597188505365949
198.46028457400007,-0.4035520745701078,2.5512325966857223,-2.8035520833541328,0.001232596685722509
198.48059405499998,-0.4041941427674733,2.5532805177581386,-2.8041941515514983,0.003280517758138757
198.5065613390002,-0.4048210400553576,2.555333133669436,-2.8048210488393828,0.005333133669436219
198.57271280900022,-0.40543273211021363,2.557390332035879,-2.8054327408942386,0.0073903320358792435
198.65881841500004,-0.40602918544099925,2.559452000222824,-2.806029194225024,0.009452000222823997
198.68249847200013,-0.4066045905786859,2.5614981921459017,-2.8066045993627107,0.011498192145901864
198.70697642300001,-0.4071644723532518,2.5635486859539958,-2.807164481137277,0.013548685953995943
198.73916488800023,-0.40770879860911197,2.5656033638814817,-2.807708807393137,0.015603363881481869
198.7836208640001,-0.4082375380840791,2.5676621079224295,-2.8082375468681042,0.017662107922429726
198.86510398100017,-0.4087496755208884,2.5697208532149323,-2.8087496843049133,0.019720853214932443
198.8929549989998,-0.40924425522337204,2.571776117764617,-2.809244264007397,0.021776117764617187
198.92080727199982,-0.4097230377428502,2.5738351196466804,-2.809723046526875,0.023835119646680614
198.95029669999985,-0.41018599484571655,2.5758977374426384,-2.8101860036297417,0.02589773744263857
198.97294307899983,-0.4106330992315841,2.57796384952078,-2.810633108015609,0.027963849520780126
199.05654091299994,-0.4110643245348923,2.5800333340433323,-2.8110643333189174,0.030033334043332527
199.0777159459999,-0.41136812450465704,2.5815648763149506,-2.811368133288682,0.03156487631495075
199.10872026000015,-0.4116405416345715,2.58303992113461,-2.8116405504185966,0.03303992113460996
199.12957708000022,-0.41189376070301703,2.584518382637677,-2.811893769487042,0.03451838263767737
199.15939820099993,-0.4121277389165737,2.5860000109676773,-2.8121277477005986,0.036000010967677465
199.2512223419999,-0.41234243673348026,2.587484555732945,-2.8123424455175052,0.03748455573294507
199.27885462599988,-0.4125613791644076,2.589122988641499,-2.8125613879484326,0.03912298864149921
199.30232583399993,-0.4128195972577984,2.5911566574116165,-2.812819606041823,0.04115665741161667
199.32921668000017,-0.4131124366951486,2.59358908911191,-2.8131124454791734,0.04358908911191017
199.35863264599993,-0.41343439188983944,2.596417821231335,-2.8134344006738643,0.04641782123133531
199.45263306800007,-0.41375448437435386,2.5994006905066764,-2.813754493158379,0.049400690506676614
199.4779564979999,-0.41405518158317206,2.6023855773556224,-2.814055190367197,0.05238557735562255
199.50469668999995,-0.414336470811882,2.6053723556671566,-2.814336479595907,0.055372355667156814
199.5319767709998,-0.4145983401760584,2.6083608992503464,-2.814598348960083,0.0583608992503466
199.55915578700024,-0.4148407786117614,2.6113510818396573,-2.814840787395786,0.06135108183965743
199.6429981870001,-0.41506377587600324,2.6143427771003194,-2.8150637846600284,0.06434277710031955
199.68501109999988,-0.4152673225471824,2.617335858633651,-2.8152673313312073,0.06733585863365121
199.71232402099986,-0.41545141002548236,2.6203301999824054,-2.8154514188095074,0.07033019998240553
199.73588704099984,-0.415616030533235,2.6233256746361047,-2.81561603931726,0.07332567463610484
199.78221841699997,-0.4157611771152479,2.62632215603639,-2.815761185899273,0.07632215603639025
199.88330148700015,-0.4158868436390997,2.629319517582368,-2.815886852423125,0.079319517582368
199.9064222070001,-0.4159930247953984,2.63231763263596,-2.8159930335794234,0.08231763263596026
199.93414214599989,-0.41607971609800604,2.6353163745272514,-2.816079724882031,0.0853163745272516
199.96249903499984,-0.4161469138842278,2.6383156165598405,-2.8161469226682527,0.08831561655984066
199.9978675389998,-0.4161946153149673,2.641315232016199,-2.8161946240989923,0.0913152320161994
200.11273818400014,-0.4162228183748463,2.644315094163021,-2.8162228271588714,0.0943150941630213
200.14443938500017,-0.4162315218722896,2.6473150762565787,-2.8162315306563146,0.09731507625657887
200.16835200600008,-0.41622072543957567,2.650315051548072,-2.8162207342236005,0.10031505154807219
200.19923053499997,-0.41619042953285246,2.6533148932889903,-2.8161904383168777,0.10331489328899046
200.24650084799987,-0.41614063543211716,2.6563144747364698,-2.816140644216142,0.10631447473646993
200.3432721879999,-0.41607134524116346,2.6593136691586365,-2.8160713540251883,0.10931366915863672
200.37973360000024,-0.4159825618874915,2.6623123498399757,-2.8159825706715162,0.11231234983997584
200.39998624200007,-0.41587428912218466,2.6653103900866726,-2.8158742979062095,0.11531039008667276
200.44380318599997,-0.4157465315197511,2.6683076632319755,-2.8157465403037762,0.11830766323197572
200.48024459999988,-0.41559929447793076,2.671304042641537,-2.8155993032619557,0.12130404264153727
200.57700016499984,-0.41543258421746654,2.674299401718773,-2.8154325930014914,0.12429940171877307
200.61354575699988,-0.4152464077818423,2.67729361391021,-2.8152464165658673,0.1272936139102101
200.64690752200022,-0.41504077303698467,2.680286552710827,-2.8150407818210095,0.13028655271082723
200.6717091559999,-0.4148156886709311,2.6832780916694032,-2.8148156974549563,0.1332780916694034
200.70915280400004,-0.41457116419346257,2.686268104393865,-2.8145711729774874,0.13626810439386539
200.8071699369998,-0.41430720993570175,2.68925646455662,-2.8143072187197267,0.13925646455662033
200.86016319600003,-0.414023837049677,2.6922430458998945,-2.814023845833702,0.14224304589989467
200.89012139099987,-0.4137210575078503,2.6952277222410705,-2.8137210662918752,0.14522772224107072
200.9240670260001,-0.4133988841026124,2.698210367478018,-2.8133988928866374,0.14821036747801797
200.96168748899981,-0.4130573304457418,2.701190855594419,-2.8130573392297666,0.15119085559441903
201.05527768799993,-0.41269641096782944,2.704169060665093,-2.8126964197518545,0.1541690606650934
201.089339269,-0.4123161409176702,2.7071448568613192,-2.812316149701695,0.1571448568613194
201.18116703299984,-0.4119165363616164,2.710118118456153,-2.8119165451456416,0.1601181184561531
201.18207734299995,-0.4114976141829016,2.713088719829731,-2.8114976229669266,0.16308871982973105
201.20919256100024,-0.41105939208092523,2.7160565354745896,-2.8110594008649503,0.16605653547458976
201.318159036,-0.4106018885705063,2.719021440000957,-2.8106018973545313,0.1690214400009573
201.35392905800018,-0.4101251229810993,2.7219833081420624,-2.8101251317651244,0.17198330814206253
201.3820137759999,-0.4096291154559801,2.7249420147594132,-2.809629124240005,0.1749420147594134
201.40441793699983,-0.40911388695139295,2.7278974348480944,-2.809113895735418,0.17789743484809462
201.4401359620001,-0.40857945923566497,2.7308494435420503,-2.80857946801969,0.18084944354205046
201.5395551900001,-0.4080258548882883,2.7337979161193493,-2.8080258636723134,0.18379791611934948
201.57523687100002,-0.4074530972989638,2.7367427280074663,-2.807453106082989,0.1867427280074665
201.59353053899986,-0.4068612106666146,2.739683754788537,-2.8068612194506395,0.18968375478853705
201.62158068400004,-0.4062502199983624,2.7426208722046157,-2.806250228782387,0.19262087220461588
201.73965075600017,-0.40562015110847277,2.7455539561629294,-2.8056201598924977,0.1955539561629296
201.76983495600007,-0.4049710306172621,2.748482882741118,-2.8049710394012872,0.19848288274111825
201.7914670240002,-0.4043028859499746,2.7514075281924684,-2.8043028947339996,0.20140752819246854
201.82166658999995,-0.4036157453356233,2.7543277689511454,-2.8036157541196483,0.20432776895114557
201.84597842599987,-0.40290963780579725,2.75724348163741,-2.8029096465898222,0.20724348163741002
201.9569254359999,-0.4021845931934339,2.7601545430628383,-2.802184601977459,0.21015454306283843
201.98268525499998,-0.4014406421315605,2.763060830235515,-2.8014406509155854,0.21306083023551503
202.0133777189999,-0.40067781605199865,2.765962220365241,-2.800677824836024,0.21596222036524138
202.03683747800005,-0.39989614718403704,2.768858590868713,-2.799896155968062,0.21885859086871307
202.0662010340002,-0.3990956685530688,2.77174981937471,-2.799095677337094,0.22174981937471028
202.1700974710002,-0.39827641397919705,2.7746357837292583,-2.798276422763222,0.22463578372925852
202.20322720500008,-0.3974384180758057,2.777516362000791,-2.7974384268598307,0.22751636200079117
202.2271889120002,-0.39658171624809735,2.780391432485305,-2.796581725032122,0.23039143248530536
202.25008160000016,-0.3957063446915959,2.783260873711502,-2.795706353475621,0.23326087371150228
202.28038818999994,-0.39481234039062035,2.786124564445915,-2.7948123491746455,0.23612456444591512
202.31215147700004,-0.39389974111671877,2.788982383698038,-2.793899749900744,0.23898238369803826
202.33442188300023,-0.39296858542707536,2.791834210725431,-2.7929685942111004,0.2418342107254312
202.44122227300022,-0.3920189126628787,2.794679925038829,-2.792018921446904,0.24467992503882918
202.468558346,-0.3910507629476622,2.7975194064072224,-2.7910507717316873,0.2475194064072226
202.5025035980002,-0.39006417718560776,2.800352534862947,-2.7900641859696327,0.2503525348629472
202.52762440100014,-0.3890591970598161,2.8031791907067487,-2.789059205843841,0.2531791907067489
202.5470164200001,-0.3880358650305491,2.805999254512835,-2.7880358738145743,0.25599925451283534
202.65297394300023,-0.38699422433343184,2.8088126071339325,-2.786994233117457,0.2588126071339327
202.6860413479999,-0.3859343189776296,2.8116191297063096,-2.7859343277616544,0.26161912970630974
202.70766961900017,-0.3848561937439849,2.8144187036548085,-2.78485620252801,0.2644187036548087
202.77516155900003,-0.3837598941831299,2.8172112106978418,-2.7837599029671547,0.2672112106978419
202.7961794329999,-0.38264546661355686,2.819996532852406,-2.782645475397582,0.2699965328524061
202.8750631930002,-0.3815129581196652,2.822774552439052,-2.78151296690369,0.27277455243905235
202.906774735,-0.3803624165497705,2.8255451520868675,-2.7803624253337955,0.2755451520868677
202.9210742270002,-0.379193890514083,2.8283082147384278,-2.779193899298108,0.27830821473842793
202.98661412499996,-0.3780074293826533,2.8310636236547464,-2.778007438166678,0.2810636236547466
203.00880315299992,-0.3768030832832881,2.8338112624202085,-2.776803092067313,0.2838112624202087
203.08263190900016,-0.3755809030994309,2.8365510149474846,-2.775580911883456,0.2865510149474848
203.11944956700017,-0.37434094046801303,2.8392827654824355,-2.774340949252038,0.2892827654824357
203.13152608500013,-0.37308324777727037,2.842006398609012,-2.7730832565612955,0.29200639860901223
203.21595360699985,-0.3718078781645326,2.8447217992541156,-2.7718078869485576,0.2947217992541158
203.24135526600003,-0.3705148855139762,2.847428852692475,-2.7705148942980014,0.2974288526924753
203.31536444899984,-0.3692043244543485,2.850127444551484,-2.7692043332383736,0.3001274445514843
203.34927465200008,-0.367876250356658,2.852817460816041,-2.767876259140683,0.302817460816041
203.37333833799994,-0.36653071933183967,2.8554987878333544,-2.766530728115865,0.3054987878333546
203.44197567599986,-0.36516778822837775,2.8581713123177597,-2.7651677970124027,0.30817131231775985
203.46202710199987,-0.36378751462990966,2.8608349213554924,-2.7637875234139346,0.3108349213554926
203.53615040900013,-0.36238995685278796,2.863489502409471,-2.762389965636813,0.31348950240947104
203.57556972400016,-0.3609751739436225,2.8661349433240364,-2.7609751827276474,0.3161349433240366
203.5929112849999,-0.3595432256767806,2.8687711323297056,-2.7595432344608057,0.3187711323297058
203.65884224799993,-0.35809417255186216,2.871397958047887,-2.758094181335887,0.32139795804788696
203.6779697699999,-0.35662807579114797,2.874015309495581,-2.7566280845751727,0.3240153094955813
203.7560793309999,-0.3551449973370067,2.8766230760900817,-2.755145006121032,0.3266230760900819
203.78942352000013,-0.3536449998492833,2.879221147653635,-2.7536450086333084,0.3292211476536351
203.80899253899997,-0.35212814670264725,2.8818094144181083,-2.7521281554866723,0.3318094144181085
203.87220503300023,-0.35059450198391995,2.884387767029611,-2.750594510767945,0.33438776702961137
203.89846111099996,-0.34904413048936145,2.8869560965531322,-2.749044139273386,0.3369560965531324
203.97130296500018,-0.34747709772193724,2.88951429447713,-2.747477106505962,0.3395142944771301
204.0108619980001,-0.3458934698885487,2.8920622527181234,-2.7458934786725737,0.3420622527181236
204.03798517699988,-0.34429331389723633,2.894599863625255,-2.744293322681261,0.34459986362525497
204.10469587299986,-0.34267669735435224,2.8971270199848416,-2.7426767061383774,0.34712701998484174
204.1269229710001,-0.3410436885617049,2.8996436150249023,-2.74104369734573,0.3496436150249025
204.20042101199988,-0.3393943565136732,2.9021495424196737,-2.739394365297698,0.3521495424196739
204.24209714900007,-0.3377287708942912,2.9046446962940933,-2.7377287796783163,0.35464469629409345
204.27251869500014,-0.3360470020743027,2.907128971228283,-2.7360470108583277,0.357128971228283
204.343564237,-0.3343491211081905,2.9096022622619953,-2.7343491298922156,0.35960226226199543
204.36227316800023,-0.3326351997311729,2.9120644648990526,-2.7326352085151977,0.36206446489905275
204.45384698499993,-0.33090531035617365,2.9145154751117586,-2.7309053191401986,0.36451547511175875
204.497163257,-0.32915952607076004,2.9169551893452983,-2.729159534854785,0.36695518934529847
204.50866366899982,-0.3273979206340604,2.9193835045221066,-2.7273979294180855,0.3693835045221068
204.57187793999992,-0.3256205684736408,2.9218003180462295,-2.725620577257666,0.3718003180462297
204.6528976210002,-0.32382754468236685,2.9242055278076533,-2.723827553466392,0.3742055278076535
204.687706833,-0.3220189250152252,2.926599032186627,-2.72201893379925,0.37659903218662727
204.70585393400006,-0.32019478588612943,2.928980730057943,-2.7201947946701543,0.3789807300579433
204.730118123,-0.3183552043646864,2.931350520795221,-2.7183552131487114,0.381350520795221
204.79421917199988,-0.3165002581729401,2.933708304275156,-2.716500266956965,0.3837083042751561
204.8897003080001,-0.31463002568209336,2.9360539808817467,-2.7146300344661185,0.3860539808817469
204.92680267800006,-0.31274458590918924,2.9383874515105046,-2.712744594693214,0.3883874515105048
204.94466702699992,-0.31084401851377863,2.940708617572643,-2.710844027297804,0.3907086175726433
204.97510395500012,-0.3089284037945494,2.943017380999243,-2.708928412578574,0.3930173809992432
205.0381913860001,-0.306997822685941,2.94531364424539,-2.706997831469966,0.39531364424539017
205.1220043530002,-0.30505235675471626,2.947597310294306,-2.7050523655387413,0.397597310294306
205.161278003,-0.303092088196522,2.9498682826614395,-2.703092096980547,0.3998682826614397
205.18286466300015,-0.30111709983241325,2.952126465398546,-2.701117108616438,0.40212646539854635
205.2103874569998,-0.2991274751053552,2.9543717630977397,-2.69912748388938,0.4043717630977399
205.26528100199994,-0.297123298076695,2.956604080895528,-2.69712330686072,0.40660408089552824
205.36340077800014,-0.29510465342261516,2.958823324476815,-2.6951046622066404,0.40882332447681513
205.43931903500015,-0.2930716264305518,2.96102940007889,-2.6930716352145767,0.4110294000788901
205.44019293300016,-0.2910243029955934,2.9632222144953864,-2.691024311779618,0.41322221449538654
205.45400494100022,-0.28896276961684936,2.9654016750802232,-2.6889627784008745,0.4154016750802234
205.51821729599988,-0.28688711339379913,2.967567689751513,-2.686887122177824,0.41756768975151326
205.6022182229999,-0.2847974220226091,2.969720166995459,-2.684797430806634,0.4197201669954591
205.64027199400016,-0.2826937837924295,2.9718590158702165,-2.6826937925764547,0.4218590158702167
205.65766263000023,-0.2805762875816608,2.9739841460097396,-2.6805762963656856,0.42398414600973977
205.68315838599983,-0.27844502285420547,2.9760954676275966,-2.6784450316382307,0.42609546762759676
205.7410494579999,-0.2763000796556792,2.9781928915207607,-2.6763000884397043,0.4281928915207609
205.82992332999993,-0.2741415486096143,2.9802763290733876,-2.6741415573936393,0.43027632907338775
205.86417314300024,-0.2719695209136246,2.982345692260551,-2.6719695296976496,0.4323456922605513
205.88357508299987,-0.26978408833555895,2.9844008936519617,-2.669784097119584,0.4344008936519619
205.91448581900022,-0.2675853432096187,2.986441846415667,-2.667585351993644,0.4364418464156672
205.97149721100004,-0.26537337843245656,2.9884684643217176,-2.6653733872164818,0.4384684643217178
206.06765968399986,-0.2631482874592578,2.9904806617458064,-2.663148296243283,0.4404806617458066
206.10546434700018,-0.260910164299783,2.992478353672894,-2.660910173083808,0.442478353672894
206.12313429899996,-0.2586591035144042,2.9944614557007925,-2.6586591122984293,0.44446145570079265
206.14764825200018,-0.2563952002101027,2.9964298840437373,-2.6563952089941276,0.4464298840437375
206.20675252,-0.2541185500364589,2.998383555535921,-2.6541185588204836,0.448383555535921
206.3132521120001,-0.2518292491816021,3.0003223876350154,-2.651829257965627,0.45032238763501553
206.35517720500002,-0.24952739436815335,3.0022462984256526,-2.6495274031521783,0.4522462984256528
206.37508870200008,-0.2472130828491362,3.004155206622888,-2.6472130916331613,0.4541552066228882
206.41015313200023,-0.2448864124038688,3.0060490315756336,-2.644886421187894,0.4560490315756338
206.45608410600016,-0.24254748133382986,3.007927693270068,-2.6425474901178547,0.4579276932700682
206.55995789400004,-0.24019638845850996,3.0097911123330134,-2.640196397242535,0.4597911123330136
206.59455566499992,-0.23783323311123333,3.011639210035291,-2.637833241895258,0.4616392100352913
206.61421244600024,-0.23545811513496248,3.0134719082950485,-2.6354581239189874,0.4634719082950487
206.64132269499987,-0.23307113487807718,3.015289129681058,-2.633071143662102,0.4652891296810582
206.6885325379999,-0.23067239319013905,3.017090797415985,-2.630672401974164,0.467090797415985
206.78656137500002,-0.22826199141762749,3.018876835379635,-2.6282620002016523,0.4688768353796351
206.81603664600016,-0.22584003139965952,3.0206471681121707,-2.6258400401836846,0.4706471681121709
206.84627304200012,-0.2234066154636835,3.022401720817298,-2.6234066242477083,0.47240172081729837
206.86918505199992,-0.22096184642116362,3.024140419365426,-2.6209618552051888,0.47414041936542617
206.9208109000001,-0.2185058275632261,3.025863190296799,-2.618505836347251,0.47586319029679913
207.00201880199984,-0.21603866265630367,3.0275699608246027,-2.6160386714403288,0.4775699608246029
207.04051594300017,-0.21356045593774461,3.029260658838035,-2.6135604647217696,0.47926065883803526
207.0612557899999,-0.2110713121114162,3.030935212905356,-2.6110713208954413,0.4809352129053561
207.08882829799995,-0.20857133634327488,3.0325935522769045,-2.6085713451273,0.4825935522769047
207.14144825599988,-0.20606063425692275,3.034235606888092,-2.606060643040948,0.4842356068880922
207.2313544829999,-0.20353931192915256,3.035861307362353,-2.6035393207131774,0.4858613073623532
207.26371176600014,-0.20100747588545514,3.037470585014084,-2.60100748466948,0.48747058501408436
207.2848418389999,-0.1984652330955284,3.0390633718515456,-2.5984652418795533,0.4890633718515458
207.31994045700003,-0.19591269096874975,3.04063960057973,-2.5959126997527746,0.4906396005797302
207.36509856700013,-0.1933499573496472,3.0421992046032056,-2.593349966133672,0.49219920460320576
207.45444839399988,-0.19077714051333286,3.043742118028938,-2.5907771492973577,0.4937421180289383
207.4928641800002,-0.18819434916093608,3.0452682756690628,-2.588194357944961,0.49526827566906295
207.51053939299982,-0.18560169241500707,3.0467776130436475,-2.585601701199032,0.49677761304364765
207.53905946299983,-0.18299927981490866,3.0482700663834112,-2.5829992885989337,0.4982700663834114
207.58548779400007,-0.1803872213121845,3.0497455726324234,-2.5803872300962096,0.4997455726324236
207.68059473699986,-0.17776562726591846,3.051204069450765,-2.5777656360499432,0.5012040694507651
207.713084515,-0.175134608438069,3.0526454952171616,-2.575134617222094,0.5026454952171617
207.73270840800024,-0.17249427598879086,3.054069789031588,-2.572494284772816,0.5040697890315884
207.77924705099986,-0.16984474147173592,3.055476890717844,-2.569844750255761,0.5054768907178442
207.81769110899995,-0.16718611682934417,3.056866740826092,-2.567186125613369,0.5068667408260921
207.91560496300008,-0.16451851438811133,3.0582392806353718,-2.5645185231721364,0.5082392806353719
207.95430322799984,-0.1618420468538443,3.0595944521560803,-2.5618420556378694,0.5095944521560805
207.9676277919998,-0.15915682730689598,3.0609321981324236,-2.559156836090921,0.5109321981324237
208.00071559800017,-0.15646296919739613,3.0622524620448317,-2.556462977981421,0.5122524620448319
208.03575625099984,-0.15376058634044654,3.063555188112352,-2.5537605951244715,0.5135551881123521
208.12353142199981,-0.15104979291132262,3.0648403212950006,-2.551049801695348,0.5148403212950008
208.1635783920001,-0.14833070344064112,3.0661078072960923,-2.548330712224666,0.5161078072960925
208.17802923399995,-0.14560343280952995,3.067357592564533,-2.545603441593555,0.5173575925645331
208.20707200000015,-0.14286809624476768,3.068589624297079,-2.5428681050287927,0.5185896242970793
208.24008653700002,-0.14012480931391494,3.069803850440575,-2.54012481809794,0.5198038504405753
208.3264619239999,-0.13737368792043964,3.0710002196941457,-2.5373736967044644,0.5210002196941459
208.3713693579998,-0.13461484829880888,3.0721786815113683,-2.534614857082834,0.5221786815113685
208.3929406709999,-0.131848407009588,3.073339186102406,-2.531848415793613,0.5233391861024064
208.41766368400022,-0.12907448093450755,3.0744816844361136,-2.5290744897185324,0.5244816844361138
208.45179495999992,-0.12629318727153477,3.0756061282421054,-2.5262931960555597,0.5256061282421056
208.54306067700008,-0.12350464352991075,3.0767124700127972,-2.5235046523139357,0.5267124700127974
208.58196200800012,-0.12070896752519451,3.0778006630054158,-2.5207089763092196,0.527800663005416
208.59255475600003,-0.1179062773742814,3.0788706612439682,-2.5179062861583064,0.5288706612439684
208.62187626200011,-0.11509669149041424,3.0799224195211865,-2.515096700274439,0.5299224195211867
208.66140777600003,-0.11228032857817705,3.0809558934004433,-2.512280337362202,0.5309558934004435
208.75567942999987,-0.10945730762848471,3.0819710392176183,-2.50945731641251,0.5319710392176185
208.78881261300012,-0.10662774791355233,3.0829678140829517,-2.5066277566975774,0.5329678140829519
208.81354072700015,-0.10379176898185792,3.083946175882855,-2.503791777765883,0.5339461758828552
208.83337854399997,-0.10094949065308774,3.0849060832816875,-2.500949499437113,0.5349060832816876
208.87184996099995,-0.09810103301307918,3.0858474957235047,-2.498101041797104,0.5358474957235049
208.96437685299998,-0.09524651640874386,3.0867703734337693,-2.4952465251927687,0.5367703734337694
209.0001675059998,-0.09238606144298449,3.087674677421037,-2.4923860702270093,0.537674677421037
209.01947986000005,-0.08951978896959535,3.0885603694785977,-2.4895197977536205,0.5385603694785979
209.04421694199982,-0.0866478200881655,3.0894274121860947,-2.4866478288721905,0.5394274121860949
209.13984216300014,-0.0837702761389503,3.090275768911103,-2.4837702849229752,0.5402757689111031
209.17310224999983,-0.08088727869775529,3.091105403810675,-2.4808872874817802,0.5411054038106751
209.19952696600012,-0.077998949570791,3.091916281832861,-2.477998958354816,0.5419162818328611
209.2216537889999,-0.07510541078953592,3.0927083687181853,-2.475105419573561,0.5427083687181855
209.24497689600003,-0.07220678460557303,3.093481631001093,-2.472206793389598,0.543481631001093
209.34166960499988,-0.06930319348542502,3.094236036011371,-2.46930320226945,0.5442360360113714
209.36058838200006,-0.06639476010538821,3.0949715518755188,-2.4663947688894132,0.5449715518755189
209.38066639399995,-0.06348160734633763,3.095688147518099,-2.4634816161303625,0.5456881475180992
209.4148608229998,-0.06056385828854567,3.096385792663054,-2.4605638670725707,0.5463857926630542
209.43652208699996,-0.057641636206473404,3.0970644578349784,-2.4576416449904985,0.5470644578349786
209.53019661300004,-0.054715064563572585,3.0977241143603704,-2.4547150733475975,0.5477241143603706
209.55281625999987,-0.051784267007057176,3.09836473436884,-2.451784275791082,0.5483647343688403
209.5752271289998,-0.048849367362688814,3.0989862907942887,-2.448849376146714,0.5489862907942888
209.59871767799996,-0.04591048962954089,3.0995887573760488,-2.445910498413566,0.549588757376049
209.65264064199982,-0.04296775797476135,3.100172108659995,-2.442967766758786,0.5501721086599951
209.65316896700006,-0.040021296728323094,3.100736319999625,-2.440021305512348,0.5507363199996251
209.67277129600006,-0.037071230377776335,3.101281367557091,-2.4370712391618015,0.5512813675570913
209.75251258200024,-0.03411768356298557,3.1018072283042173,-2.4341176923470105,0.5518072283042175
209.7765450259999,-0.03116078107086523,3.1023138800234653,-2.43116078985489,0.5523138800234655
209.80120196000007,-0.028200647830104,3.102801301308874,-2.4282006566141288,0.5528013013088744
209.82775327799982,-0.02523740890589184,3.1032694715669673,-2.425237417689917,0.5532694715669675
209.8480965499998,-0.02227118949463248,3.1037183710176213,-2.4222711982786573,0.5537183710176214
209.92572537700016,-0.01930211491865571,3.1041479806949006,-2.4193021237026806,0.5541479806949008
209.96052542899997,-0.016330310620918036,3.1045582824478606,-2.416330319404943,0.5545582824478608
209.98103774599986,-0.013355902159712496,3.1049492589413137,-2.4133559109437375,0.5549492589413139
210.02644285299993,-0.010379015203351473,3.1053208936565597,-2.4103790239873764,0.5553208936565599
210.05184713100016,-0.0073997755248677915,3.1056731708920897,-2.407399784308893,0.5556731708920899
210.10943214899999,-0.004418308996692049,3.106006075764241,-2.404418317780717,0.5560060757642411
210.1342970239998,-0.0014347415853441937,3.1063195942078328,-2.4014347503693694,0.556319594207833
210.1591639459998,0.0015508006538964623,3.106613712976757,-2.3984492081301285,0.5566137129767572
210.20481407900024,0.004538191582317093,3.1068884196445405,-2.3954618172017077,0.5568884196445407
210.22479107800018,0.007527304983091826,3.1071437026048674,-2.3924727038009332,0.5571437026048676
210.29280558400023,0.010518014566626776,3.1073795510720696,-2.389481994217398,0.5573795510720698
210.32406707400014,0.013510193975885158,3.1075959550815844,-2.3864898148081397,0.5575959550815845
210.33656904300005,0.0165037167917347,3.107792905490374,-2.3834962919922904,0.5577929054903743
210.38180878699995,0.019498456538278246,3.107970393977315,-2.3805015522457467,0.5579703939773153
210.4013668880002,0.02249428668820959,3.1081284130435445,-2.3775057220958153,0.5581284130435447
210.46456382099996,0.025491080668149663,3.1082669560127787,-2.3745089281158753,0.5582669560127789
210.5014936550001,0.0284887118639986,3.1083860170315996,-2.3715112969200263,0.5583860170315997
210.5370172500002,0.03148705362628341,3.1084855910696962,-2.3685129551577417,0.5584855910696964
210.5740747310001,0.03448597927551241,3.108565673920082,-2.3655140295085126,0.5585656739200822
210.59405962500023,0.03748536210752217,3.108626262199265,-2.362514646676503,0.5586262621992653
210.66534206999995,0.0404850753988342,3.1086673533474016,-2.359514933385191,0.5586673533474018
210.69117658599998,0.0434849924120073,3.108688945628398,-2.356515016372018,0.5586889456283983
210.710652106,0.04648498640099569,3.1086910381299813,-2.3535150223830295,0.5586910381299814
210.77656158799982,0.04948493061649871,3.1086736307637444,-2.3505150781675264,0.5586736307637445
210.8007076670001,0.05248469831131951,3.1086367242651463,-2.3475153104727053,0.5586367242651464
210.86644120600022,0.05548416274571835,3.108580320193481,-2.3445158460383064,0.5585803201934811
210.8884461849998,0.058483197192771716,3.1085044209318102,-2.3415168115912532,0.5585044209318104
210.91840823500024,0.06148167494371681,3.1084090296868694,-2.338518333840308,0.5584090296868696
210.97365614699993,0.06447946931331738,3.108294150488924,-2.3355205394707075,0.5582941504889241
210.9934091240002,0.06747645364520632,3.108159788191601,-2.3325235551388186,0.5581597881916012
211.0583013360001,0.07047250131724145,3.1080059484716904,-2.3295275074667834,0.5580059484716906
211.0876955560002,0.07346748574685426,3.107832637828895,-2.3265325230371707,0.5578326378288954
211.11190376700006,0.07646128039639725,3.1076398635855647,-2.3235387283876276,0.5576398635855648
211.17532273400002,0.07945375877849446,3.1074276338863824,-2.3205462500055307,0.5574276338863826
211.21675813399997,0.08244479446137591,3.1071959576980204,-2.317555214322649,0.5571959576980205
211.29741546800005,0.0854342610742316,3.106944844808765,-2.314565747709793,0.5569448448087653
211.3282119569999,0.08842203231254005,3.1066743058280966,-2.3115779764714848,0.5566743058280967
211.35577962100024,0.09140798194341354,3.106384352186248,-2.3085920268406115,0.5563843521862482
211.41272858499997,0.09439198381092082,3.1060749961337186,-2.3056080249731044,0.5560749961337188
211.44270135900024,0.0973739118414295,3.1057462507407534,-2.3026260969425953,0.5557462507407536
211.50575173700008,0.10035364004892303,3.1053981298967965,-2.299646368735102,0.5553981298967967
211.52904085799992,0.10333104254032786,3.105030648309903,-2.296668966243697,0.555030648309903
211.55291260000013,0.1063059935208308,3.1046438215061136,-2.293694015263194,0.5546438215061138
211.61501473299995,0.10927836729919714,3.1042376658288062,-2.290721641484828,0.5542376658288064
211.69104002099994,0.1122480382930761,3.103812198437996,-2.287751970490949,0.553812198437996
211.71849926599998,0.11521488103430992,3.1033674373096156,-2.284785127749715,0.5533674373096158
211.74388028600015,0.11817877017423326,3.1029034012347583,-2.281821238609792,0.5529034012347585
211.7680503040001,0.12113958048897258,3.10242010981888,-2.278860428295052,0.5524201098188803
211.8227263509998,0.12409718688473163,3.101917583480969,-2.2759028218992934,0.5519175834809693
211.902551357,0.1270514644030803,3.1013958434526905,-2.2729485443809447,0.5513958434526907
211.92372657399983,0.13000228822623183,3.100854911777481,-2.269997720557793,0.5508549117774812
211.94752851300018,0.13294953368232132,3.100294811309623,-2.2670504751017035,0.5502948113096231
211.97638561600024,0.1358930762506633,3.099715565713279,-2.2641069325333616,0.5497155657132793
212.02629453300005,0.13883279156702463,3.0991171994614906,-2.2611672172170003,0.5491171994614907
212.11045172100012,0.14176855542886962,3.0984997378351413,-2.2582314533551555,0.5484997378351415
212.13104424699986,0.14470024380061186,3.0978632069218928,-2.255299764983413,0.5478632069218929
212.1628893369998,0.14762773281885366,3.0972076336150822,-2.2523722759651714,0.5472076336150824
212.1881216380002,0.15055089879761888,3.096533045612585,-2.249449109986406,0.546533045612585
212.2332131180001,0.15346961823358207,3.0958394714156428,-2.246530390550443,0.5458394714156429
212.30620695300013,0.15638376781127794,3.0951269403276624,-2.243616240972747,0.5451269403276626
212.32671068599984,0.15929322440832283,3.094395482452976,-2.240706784375702,0.544395482452976
212.36062782499994,0.1621978651006068,3.0936451286955697,-2.2378021436834183,0.5436451286955699
212.38793473399983,0.16509756716749513,3.092875910757779,-2.23490244161653,0.542875910757779
212.43683986399992,0.16799220809700327,3.092087861138948,-2.232007800687022,0.5420878611389481
212.507913464,0.17088166559098522,3.091281013134054,-2.22911834319304,0.541281013134054
212.53724818699993,0.17376581757029091,3.0904554008323055,-2.226234191213734,0.5404554008323057
212.5586176060001,0.17664454217992806,3.0896110591157,-2.223355466604097,0.5396110591157002
212.57924947899983,0.17951771779420955,3.088748023657551,-2.2204822909898154,0.538748023657551
212.6274982330001,0.1823852230218945,3.0878663309209755,-2.2176147857621307,0.5378663309209757
212.71038224099993,0.18524693671131287,3.086966018157362,-2.214753072072712,0.5369660181573623
212.73888426299982,0.188102737955487,3.0860471234047915,-2.211897270828538,0.5360471234047917
212.75713773500001,0.1909525060972383,3.085109685486429,-2.209047502686787,0.5351096854864292
212.7907060729999,0.1937961207342884,3.084153744008887,-2.2062038880497368,0.5341537440088873
212.8292277810001,0.19663346172434104,3.0831793393605524,-2.2033665470596837,0.5331793393605526
212.90527185300016,0.19946440919016142,3.0821865127098755,-2.2005355995938634,0.5321865127098757
212.92857186599986,0.20228884352463936,3.081175306003635,-2.1977111652593857,0.531175306003635
212.95978121100006,0.20510664539584694,3.080145761965162,-2.194893363388178,0.5301457619651622
212.98028891700005,0.20791769575207097,3.0790979240925407,-2.192082313031954,0.5290979240925409
213.02467161000004,0.21072187582685464,3.0780318366567667,-2.1892781329571704,0.5280318366567669
213.09873504899997,0.2135190671440059,3.0769475446998737,-2.1864809416400193,0.5269475446998739
213.1337054579999,0.21630915152260774,3.0758450940330357,-2.1836908572614173,0.5258450940330359
213.16596707200006,0.21909201108201032,3.0747245312346294,-2.1809079977020147,0.5247245312346296
213.18589394399987,0.22186752824681033,3.0735859036482682,-2.1781324805372146,0.5235859036482684
213.22739481899998,0.22463558575182277,3.0724292593807947,-2.1753644230322022,0.5224292593807949
213.33138691900012,0.2273960666470268,3.0712546473002598,-2.1726039421369983,0.5212546473002599
213.35668956900008,0.23014885430251755,3.0700621170338493,-2.1698511544815076,0.5200621170338495
213.38748172199985,0.2328938324134245,3.0688517189657882,-2.1671061763706003,0.5188517189657884
213.4055681519999,0.23563088500483312,3.0676235042352133,-2.164369123779192,0.5176235042352135
213.4489137149999,0.23835989643667543,3.0663775247340186,-2.1616401123473494,0.5163775247340188
213.5327864400001,0.24108075140862675,3.065113833104649,-2.1589192573753984,0.5151138331046492
213.56224634699993,0.24379333496496855,3.0638324827378898,-2.1562066738190566,0.51383248273789
213.59498853000014,0.24649753249944903,3.0625335277706025,-2.153502476284576,0.5125335277706027
213.6094833510001,0.24919322976012384,3.061217023083443,-2.150806779023901,0.511217023083443
213.65311226199992,0.2518803128541862,3.059883024298535,-2.1481196959298385,0.509883024298535
213.7388529179998,0.2545586682527745,3.058531587777132,-2.1454413405312502,0.5085315877771324
213.76274559400008,0.2572281827957716,3.0571627706172246,-2.1427718259882536,0.5071627706172248
213.81689874199992,0.2598887436965841,3.0557766306511343,-2.140111265087441,0.5057766306511344
213.81789746699997,0.2625402385469114,3.0543732264430683,-2.1374597702371134,0.5043732264430685
213.85454139800004,0.2651825553214898,3.0529526172866457,-2.134817453462535,0.5029526172866459
213.93458268099994,0.2678155823828286,3.051514863202392,-2.132184426401196,0.501514863202392
213.96525062299997,0.2704392084859252,3.050060024935205,-2.1295608002981,0.500060024935205
213.99519779899992,0.2730533227829694,3.0485881639517824,-2.1269466860010557,0.4985881639517826
214.0115983380001,0.27565781482801816,3.0470993424380333,-2.1243421939560068,0.49709934243803344
214.051922354,0.27825257458167213,3.0455936232964453,-2.121747434202353,0.4955936232964455
214.13348922700015,0.28083749241571704,3.044071070143428,-2.119162516368308,0.4940710701434283
214.16183917199987,0.283155413352523,3.0426864323780003,-2.116844595431502,0.49268643237800047
214.1828665500002,0.2831554133525393,3.042686432377991,-2.116844595431486,0.49268643237799115
214.218324167,0.2831554133525556,3.0426864323779816,-2.1168445954314694,0.4926864323779818
214.25274305199991,0.28315541335256805,3.0426864323779745,-2.116844595431457,0.4926864323779747
214.3411371870002,0.2831554133525844,3.042686432377965,-2.1168445954314405,0.4926864323779654
214.3667702859998,0.28315541335259836,3.042686432377957,-2.116844595431427,0.4926864323779574
214.3932209049999,0.2831554133526139,3.0426864323779483,-2.1168445954314112,0.4926864323779485
214.42534077400023,0.2831554133526311,3.0426864323779386,-2.116844595431394,0.49268643237793874
214.46280198600016,0.28315541335264754,3.0426864323779292,-2.1168445954313775,0.4926864323779294
214.5479883600001,0.2831554133526642,3.0426864323779204,-2.1168445954313606,0.49268643237792054
214.5811674739998,0.2831554133526824,3.0426864323779106,-2.1168445954313424,0.49268643237791077
214.60210768100023,0.28315541335269984,3.0426864323779013,-2.116844595431325,0.49268643237790144
214.63046105400008,0.2831554133527165,3.0426864323778924,-2.1168445954313087,0.49268643237789256
214.6642986920001,0.2831554133527165,3.0426864323778924,-2.1168445954313087,0.49268643237789256
214.75442382600022,0.2831554133527165,3.0426864323778924,-2.1168445954313087,0.49268643237789256
214.78064271999983,0.2831554133527165,3.0426864323778924,-2.1168445954313087,0.49268643237789256
214.80064846100004,0.2831554133527165,3.0426864323778924,-2.1168445954313087,0.49268643237789256
214.83453209400022,0.2831554133527165,3.0426864323778924,-2.1168445954313087,0.49268643237789256
214.866316052,0.28315541335270733,3.042686432377897,-2.1168445954313175,0.492686432377897
214.95648971599985,0.28315541335269306,3.0426864323779035,-2.1168445954313317,0.49268643237790366
214.98124417000008,0.28315541335269223,3.042686432377904,-2.1168445954313326,0.4926864323779041
215.00474482400023,0.28315541335269306,3.0426864323779035,-2.1168445954313317,0.49268643237790366
215.03213026899994,0.28315541335269306,3.0426864323779035,-2.1168445954313317,0.49268643237790366
215.0696315109999,0.2831554133526922,3.042686432377904,-2.1168445954313326,0.4926864323779041
215.15882311899986,0.28315541335269306,3.042686432377904,-2.1168445954313317,0.4926864323779041
215.19149032899986,0.2831554133526922,3.042686432377904,-2.1168445954313326,0.4926864323779041
215.21652880200008,0.2831554133526922,3.042686432377904,-2.1168445954313326,0.4926864323779041
215.24346326500017,0.28315541335269306,3.042686432377904,-2.1168445954313317,0.4926864323779041
215.272999326,0.2831554133526922,3.042686432377904,-2.1168445954313326,0.4926864323779041
215.3650307910002,0.2831554133526922,3.042686432377904,-2.1168445954313326,0.4926864323779041
215.39426306299993,0.28315541335269306,3.042686432377904,-2.1168445954313317,0.4926864323779041
215.42236647800019,0.2831554133526922,3.042686432377904,-2.1168445954313326,0.4926864323779041
215.446509934,0.28315541335269306,3.042686432377904,-2.1168445954313317,0.4926864323779041
215.48289137500024,0.28315541335269306,3.042686432377904,-2.1168445954313317,0.4926864323779041
215.5751231979998,0.2831554133526922,3.042686432377904,-2.1168445954313326,0.4926864323779041
215.60556593,0.28315541335269306,3.042686432377904,-2.1168445954313317,0.4926864323779041
215.63092954800004,0.28315541335269306,3.042686432377904,-2.1168445954313317,0.4926864323779041
215.65879055999994,0.2831554133526922,3.042686432377904,-2.1168445954313326,0.4926864323779041
215.7632704570001,0.28315541335269306,3.042686432377904,-2.1168445954313317,0.4926864323779041
215.78884879399993,0.2831554133526922,3.042686432377904,-2.1168445954313326,0.4926864323779041
215.81337985400023,0.2831554133526922,3.042686432377904,-2.1168445954313326,0.4926864323779041
215.83984355700022,0.28315541335269306,3.042686432377904,-2.1168445954313317,0.4926864323779041
215.8596970210001,0.2831554133526922,3.042686432377904,-2.1168445954313326,0.4926864323779041
215.96006593599986,0.2831554133526922,3.042686432377904,-2.1168445954313326,0.4926864323779041
215.990727204,0.28315541335269306,3.042686432377904,-2.1168445954313317,0.4926864323779041
216.02108862900013,0.2831614076290078,3.0426866943849613,-2.1168386011550173,0.4926866943849615
216.0358293469999,0.28343108111129806,3.0426999568924518,-2.116568927672727,0.49269995689245194
216.0651109999999,0.28410000793957435,3.0427378326007193,-2.1159000008444506,0.49273783260071946
216.1677319790001,0.2851677855026007,3.042806716746763,-2.1148322232814243,0.49280671674676313
216.1964345440001,0.28663393436808166,3.0429129994918944,-2.1133660744159433,0.4929129994918946
216.2366303089998,0.2884979130203742,3.043062887357126,-2.111502095763651,0.4930628873571261
216.2561676119999,0.2906109282468804,3.0432487167277036,-2.1093890805371447,0.49324871672770376
216.28020459400022,0.2927261945451542,3.043450908728608,-2.1072738142388707,0.4934509087286081
216.30497758699994,0.2948398665830664,3.0436691371273565,-2.1051601422009587,0.4936691371273567
216.3318248659998,0.29695182278616644,3.0439033893718626,-2.1030481859978587,0.49390338937186273
216.41500689099985,0.29908229460912383,3.0441560314646003,-2.1009177141749014,0.4941560314646005
216.44466157199986,0.30129962952829525,3.0444343635263227,-2.09870037925573,0.49443436352632286
216.46381821400018,0.30351506972477565,3.044727395292925,-2.0964849390592493,0.4947273952929252
216.49857242200005,0.30572851774872345,3.045035113874913,-2.0942714910353013,0.49503511387491317
216.51576941700023,0.30793987623793806,3.0453575057367726,-2.092060132546087,0.49535750573677273
216.61558827299996,0.31016196638634386,3.045696518261017,-2.0898380423976812,0.49569651826101735
216.665103068,0.31243880516891476,3.04605828879745,-2.08756120361511,0.49605828879745006
216.685393665,0.3147134249132923,3.0464337588779222,-2.0852865838707326,0.4964337588779224
216.7629587780002,0.3169857431912591,3.0468229148960577,-2.083014265592766,0.4968229148960579
216.78963014200008,0.3192556776580016,3.047225742749529,-2.080744331126023,0.49722574274952924
216.85391134500014,0.3215231460550889,3.0476422278405617,-2.078476862728936,0.4976422278405619
216.88640246500017,0.32383838130305254,3.0480815156576293,-2.0761616274809724,0.4980815156576295
216.9111999830002,0.32617487126109485,3.048537846721893,-2.07382513752293,0.4985378467218933
216.97375186599993,0.3285088780739851,3.049006712973217,-2.07149113071004,0.49900671297321697
216.996543577,0.3308403344913831,3.0494881009020376,-2.0691596742926417,0.49948810090203777
217.06370185200012,0.33317468429747515,3.0499831616546493,-2.0668253244865498,0.4999831616546495
217.09178254100016,0.33552354917981814,3.050494124545778,-2.0644764596042067,0.5004941245457784
217.1207342050002,0.3378697425462663,3.0510172172706804,-2.0621302662377587,0.5010172172706806
217.16386383999998,0.3402132017572727,3.0515524258636315,-2.0597868070267524,0.5015524258636317
217.1856561499999,0.3425538642462823,3.0520997360354305,-2.0574461445377428,0.5020997360354307
217.25293623400012,0.3448916675214128,3.052659133173786,-2.055108341262612,0.5026591331737862
217.277923655,0.34727078469802225,3.0532410039868054,-2.052729224086003,0.5032410039868056
217.30932807199997,0.3496579714419829,3.053836686125081,-2.050342037342042,0.5038366861250814
217.34723128099995,0.35204234630147485,3.0544435257165925,-2.04795766248255,0.5044435257165927
217.3672352389999,0.3544238571280681,3.055061509489209,-2.0455761516559567,0.505061509489209
217.4424198060001,0.3568024518359743,3.055690623927068,-2.0431975569480505,0.5056906239270682
217.47846666800024,0.35922597106326826,3.0563433651768754,-2.0407740377207566,0.5063433651768756
217.54488128399998,0.36167539520932757,3.0570136216233896,-2.0383246135746975,0.5070136216233898
217.5631717450001,0.364122124711637,3.0576936488977684,-2.035877884072388,0.5076936488977686
217.585114773,0.36656612059423593,3.058383436167299,-2.033433888189789,0.508383436167299
217.66118245100006,0.36900734392470663,3.0590829724437936,-2.030992664859318,0.5090829724437937
217.68248670799994,0.37150423976201896,3.059808508917627,-2.028495769022006,0.5098085089176272
217.71338723000008,0.37400213538506083,3.060543640017524,-2.025997873398964,0.5105436400175241
217.75415637800006,0.3764974922071592,3.061287343323999,-2.023502516576866,0.5112873433239993
217.77313572499997,0.37899028081055414,3.0620396100695366,-2.0210097279734707,0.5120396100695368
217.85685427299995,0.38148047180776357,3.0628004313856634,-2.018519536976261,0.5128004313856636
217.8797021370001,0.3839646079960238,3.0635687778675527,-2.016035400788001,0.5135687778675528
217.90793199400014,0.3864458863845068,3.0643456740297452,-2.013554122399518,0.5143456740297454
217.96077934999994,0.3889244570434548,3.06513116596261,-2.01107555174057,0.5151311659626101
217.98588703999985,0.3914002901950579,3.0659252442291622,-2.0085997185889672,0.5159252442291624
218.07974400900002,0.3939085915311891,3.066739105057654,-2.006091417252836,0.516739105057654
218.10665006,0.3964840078145036,3.0675822769280945,-2.003516000969521,0.5175822769280947
218.13288492699985,0.39905729626630065,3.0684319206059842,-2.000942712517724,0.5184319206059844
218.19013558300003,0.4016284406234808,3.0692880307216015,-1.998371568160544,0.5192880307216017
218.20916948700005,0.40419742463651126,3.070150601864362,-1.9958025841475138,0.520150601864362
218.30085747300018,0.40676423206950624,3.0710196285828473,-1.9932357767145188,0.5210196285828474
218.32011623000017,0.40931553263530907,3.0718906083863033,-1.990684476148716,0.5218906083863035
218.3458829719998,0.411839715577937,3.0727602094968613,-1.988160293206088,0.5227602094968615
218.40601059900018,0.414361399448568,3.0736370310727406,-1.985638609335457,0.5236370310727407
218.49180815299997,0.41688056359299525,3.0745210659322115,-1.9831194451910297,0.5245210659322117
218.51886925600002,0.4194114082346821,3.0754172771440795,-1.980588600549343,0.5254172771440797
218.54844196400018,0.4219636257745134,3.0763284492863967,-1.9780363830095116,0.5263284492863969
218.5836547429999,0.42451354510737005,3.077246033309516,-1.975486463676655,0.5272460333095164
218.61315458499985,0.4270611501248508,3.0781700234168587,-1.972938858659174,0.5281700234168589
218.69477946300003,0.42960642473317506,3.079100413771377,-1.97039358405085,0.5291004137713773
218.72296771699985,0.4321486430819912,3.0800369401956305,-1.9678513657020338,0.5300369401956306
218.7507121210001,0.43468742455617737,3.0809794935811254,-1.9653125842278476,0.5309794935811256
218.78762302699988,0.4372238134625432,3.0819284664858206,-1.9627761953214817,0.5319284664858208
218.81786580400012,0.43975779356883216,3.0828838528365226,-1.9602422152151928,0.5328838528365227
218.90210977200013,0.44228934865820463,3.083845646519001,-1.9577106601258203,0.5338456465190013
218.92922876000011,0.44483951559420426,3.0848217196554524,-1.9551604931898208,0.5348217196554526
218.9583031269999,0.44739992276254875,3.0858082786644294,-1.9526000860214763,0.5358082786644296
218.99666522999996,0.44995813392448736,3.086800518150058,-1.9500418748595376,0.5368005181500584
219.01342842099984,0.4525141364774247,3.087798433224239,-1.9474858723066002,0.5377984332242391
219.10140213600016,0.45506791782965056,3.0888020189709127,-1.9449320909543744,0.5388020189709128
219.12304903999984,0.4576383232264883,3.0898185767768482,-1.9423616855575367,0.5398185767768484
219.1454940980002,0.46022043936489476,3.090845556487664,-1.9397795694191302,0.540845556487664
219.178458932,0.46280058242812866,3.091877483254391,-1.9371994263558963,0.5418774832543911
219.2134262190002,0.46537874293817544,3.092914353286303,-1.9346212658458495,0.542914353286303
219.29094307900004,0.46795491142430357,3.093956162774515,-1.9320450973597214,0.5439561627745153
219.31490150299987,0.47053180505454834,3.0950040072580633,-1.9294682037294766,0.5450040072580635
219.33545120899998,0.47311310359555403,3.096059217547054,-1.926886905188471,0.5460592175470542
219.36924042500004,0.4756924649856883,3.0971191542106684,-1.9243075437983368,0.5471191542106686
219.39716125299992,0.4782698805709363,3.0981838136927156,-1.9217301282130888,0.5481838136927157
219.47809864600003,0.4808453417038119,3.0992531924211546,-1.919154667080213,0.5492531924211548
219.49805051400017,0.4834188397433862,3.1003272868081146,-1.9165811690406387,0.5503272868081148
219.52055724299998,0.4860218882512885,3.101419074931968,-1.9139781205327364,0.5514190749319683
219.5451911770001,0.48868111120714863,3.1025379203998997,-1.9113188975768765,0.5525379203998999
219.57456815600017,0.49133921782349,3.103659415440615,-1.908660790960535,0.5536594154406154
219.660289895,0.4939971267455204,3.10478394783011,-1.9060028820385047,0.55478394783011
219.6957330099999,0.4966911500262366,3.1059263021909116,-1.9033088587577884,0.5559263021909118
219.70741118700016,0.4993845012748309,3.107070402362689,-1.900615507509194,0.5570704023626893
219.73317579500008,0.5020771209866244,3.1082162231335846,-1.8979228877974006,0.5582162231335848
219.76154708700005,0.5047690080624471,3.1093637640358556,-1.8952310007215778,0.5593637640358557
219.83972426499986,0.5074601614034223,3.1105130246010546,-1.8925398473806028,0.5605130246010548
219.86783070299998,0.5101393538852461,3.111659274365774,-1.8898606548987789,0.5616592743657742
219.9059909120001,0.5128039002649657,3.1128019034152663,-1.8871961085190594,0.5628019034152665
219.921389352,0.5154674475102269,3.1139468595832858,-1.8845325612737982,0.5639468595832859
219.94814659099984,0.5181299935886073,3.1150941419961735,-1.8818700151954175,0.5650941419961737
220.02576050400012,0.5207915364684523,3.1162437497784947,-1.8792084723155726,0.5662437497784949
220.05453789700005,0.5234520741188683,3.1173956820530404,-1.8765479346651568,0.5673956820530406
220.0767348889999,0.5261470221152073,3.1185641573592098,-1.8738529866688176,0.56856415735921
220.1065202509999,0.5288570112775592,3.119737980427533,-1.8711429975064657,0.5697379804275333
220.1298405970001,0.5315674754390391,3.1209107062629453,-1.8684325333449858,0.5709107062629455
220.20330316299987,0.5342784141554071,3.122082334673238,-1.8657215946286179,0.572082334673238
220.23248085900013,0.5370132050424072,3.1232635932967012,-1.8629868037416177,0.5732635932967014
220.25588169799994,0.5397525952439981,3.1244472642297962,-1.8602474135400269,0.5744472642297964
220.27754423900024,0.5424918231397711,3.1256313107193576,-1.857508185644254,0.5756313107193578
220.3105644440002,0.5452308886782404,3.126815732743131,-1.8547691201057845,0.5768157327431314
220.38224316600008,0.5479697918079207,3.128000530278854,-1.8520302169761043,0.578000530278854
220.40740028300024,0.5507085324773318,3.1291857033042536,-1.8492914763066932,0.5791857033042538
220.42993013700016,0.5534225061375062,3.13036095391889,-1.8465775026465188,0.5803609539188903
220.4516939539999,0.5561347448704984,3.1315366779743288,-1.8438652639135267,0.581536677974329
220.480262648,0.5588465361504764,3.132713433706462,-1.8411534726335486,0.5827134337064623
220.56052096800022,0.5615578795850142,3.1338912209450007,-1.8384421291990107,0.5838912209450009
220.58571376300006,0.5642914285491736,3.1350790001506943,-1.8357085802348514,0.5850790001506945
220.60844253599998,0.5670253862134534,3.1362664128949898,-1.8329746225705716,0.5862664128949899
220.62848305499983,0.5697595426247769,3.1374533679294383,-1.830240466159248,0.5874533679294385
220.6577165409999,0.5724938977065192,3.138639865220772,-1.827506111077506,0.588639865220772
220.74462584999992,0.5752284513820443,3.1398259047357375,-1.8247715574019807,0.5898259047357377
220.78243117500006,0.5779647018939054,3.1410121497921657,-1.8220353068901196,0.5910121497921659
220.79908447900016,0.5807021274133887,3.1421984307370496,-1.8192978813706362,0.5921984307370498
220.82421853300002,0.5834397234237123,3.143384318184991,-1.8165602853603127,0.5933843181849912
220.84854234500017,0.5861774898683122,3.1445698121114867,-1.8138225189157127,0.5945698121114869
220.9337079940001,0.5889154266906185,3.1457549124920403,-1.8110845820934065,0.5957549124920405
220.9632535149999,0.5916499953133946,3.1469381178477325,-1.8083500134706303,0.5969381178477327
221.01196883500006,0.5943702587640437,3.1481156664377257,-1.8056297500199814,0.5981156664377258
221.0127292100001,0.5970901566820683,3.1492940590880316,-1.8029098521019566,0.5992940590880318
221.04125581400012,0.5998096888055634,3.150473295685178,-1.8001903199784617,0.6004732956851782
221.12136402900023,0.6025351224843828,3.1516559737234795,-1.7974648862996423,0.6016559737234797
221.14304899199988,0.6052699833911621,3.1528424886362356,-1.7947300253928629,0.6028424886362358
221.165404159,0.6080050380527154,3.15402855685346,-1.7919949707313094,0.6040285568534602
221.1939932350001,0.6107402863960829,3.155214178343517,-1.789259722387942,0.605214178343517
221.21264656599988,0.613475728348304,3.156399353074777,-1.7865242804357209,0.6063993530747771
221.30068568900015,0.6162113638364026,3.157584081015627,-1.7837886449476223,0.6075840810156272
221.32259543400005,0.6189404025991776,3.1587657127542865,-1.7810596061848474,0.6087657127542867
221.3505682770001,0.6216655653176815,3.159946425283875,-1.7783344434663435,0.6099464252838751
221.3700714219999,0.6243904204312991,3.161127847532533,-1.7756095883527259,0.6111278475325332
221.40078739799992,0.6271149677551998,3.162309979420129,-1.7728850410288253,0.6123099794201292
221.48671303599986,0.6298392071045682,3.1634928208664705,-1.7701608016794568,0.6134928208664707
221.5064584830002,0.6325631382946164,3.1646763717913258,-1.7674368704894086,0.614676371791326
221.53399972399984,0.6353017608214446,3.1658669703245055,-1.7646982479625803,0.6158669703245057
221.5533011540001,0.6380440340766619,3.1670594406803336,-1.7619559747073632,0.6170594406803338
221.583829186,0.6407862073414713,3.16825214095348,-1.7592138014425536,0.61825214095348
221.66993027499984,0.6435299047362683,3.169445733482516,-1.7564701040477568,0.6194457334825163
221.69413752699984,0.6462756030446001,3.1706400990970613,-1.7537244057394248,0.6206400990970615
221.72012434499993,0.6490213611532967,3.1718343272286043,-1.7509786476307283,0.6218343272286044
221.74385935700002,0.6517671790554669,3.173028417874132,-1.748232829728558,0.6230284178741323
221.76855990000013,0.6545130567442281,3.1742223710306674,-1.7454869520397969,0.6242223710306676
221.86393029700002,0.6572401234816156,3.1754079120589647,-1.7427598853024093,0.6254079120589648
221.89643650900007,0.6599111545703621,3.176567301670249,-1.740088854213663,0.6265673016702493
221.91334449800024,0.6625830710945249,3.1777246492566356,-1.7374169376895001,0.6277246492566357
221.93840311199983,0.6652558714929582,3.1788799541419097,-1.7347441372910668,0.6288799541419099
221.96031039499985,0.6679295542040025,3.1800332156510507,-1.7320704545800225,0.6300332156510509
222.05689305199985,0.670604117665482,3.1811844331102335,-1.729395891118543,0.6311844331102336
222.07766885399997,0.6733003490150697,3.182342821061544,-1.7266996597689552,0.632342821061544
222.10697579999987,0.6759998160956541,3.1835008612805766,-1.7240001926883708,0.6335008612805768
222.1251382360001,0.6786999112913057,3.184657436225182,-1.7213000974927193,0.634657436225182
222.21113382700014,0.6814006338066692,3.1858125455546706,-1.7185993749773558,0.6358125455546708
222.24136809999982,0.6841019828462072,3.186966188928791,-1.7158980259378178,0.636966188928791
222.26274743400018,0.686801360982681,3.188117251635624,-1.713198647801344,0.6381172516356242
222.2874301769998,0.6894910598188011,3.18926219684058,-1.7105089489652239,0.6392621968405803
222.3195358859998,0.6921815196576914,3.190405352650914,-1.7078184891263337,0.6404053526509141
222.41877971099984,0.6948727393089066,3.191546718560816,-1.7051272694751183,0.6415467185608161
222.4412705300001,0.69756471758167,3.1926862940652665,-1.702435291202355,0.6426862940652667
222.4621765390002,0.700257182224113,3.1938239636097934,-1.699742826559912,0.6438239636097935
222.48868678999997,0.7029488779044789,3.194959164147685,-1.697051130879546,0.6449591641476853
222.52453365200017,0.7056413473881619,3.1960925281564476,-1.6943586613958632,0.6460925281564478
222.6021585120002,0.7083345894221118,3.197224055108623,-1.6916654193619132,0.647224055108623
222.62278044200002,0.7110550833827631,3.1983650861602717,-1.6889449254012618,0.6483650861602719
222.64275601000008,0.713802167385675,3.1995165119618596,-1.68619784139835,0.6495165119618598
222.6716767429998,0.7165494645676824,3.2006674290263586,-1.6834505442163425,0.6506674290263588
222.6947371719998,0.719296974834571,3.201817837314303,-1.680703033949454,0.6518178373143031
222.72294600900022,0.7220446980921209,3.2029677367862393,-1.677955310691904,0.6529677367862394
222.74716375200023,0.7247926342461022,3.204117127402734,-1.6752073745379228,0.654117127402734
222.82158007999988,0.7275407832022792,3.2052660091243683,-1.6724592255817456,0.6552660091243685
222.8517768910001,0.7302891448664092,3.2064143819117445,-1.669710863917616,0.6564143819117447
222.87532329299984,0.7330103486137749,3.207550549794705,-1.66698966017025,0.6575505497947054
222.89543159200002,0.7357173937451219,3.208679031052537,-1.664282615038903,0.6586790310525372
222.92943594100007,0.7384250952323939,3.209805936526947,-1.6615749135516311,0.6598059365269471
223.01218384899994,0.7411384144281372,3.2109333534015287,-1.6588615943558878,0.6609333534015289
223.0436434039998,0.7438908989327597,3.212076714688926,-1.6561091098512652,0.6620767146889261
223.06881546600016,0.7466431902793639,3.213220540866758,-1.653356818504661,0.663220540866758
223.1177207820001,0.7493952883894335,3.2143648319023974,-1.6506047203945915,0.6643648319023976
223.1477231990002,0.7521471931844534,3.2155095877632,-1.6478528155995715,0.6655095877632
223.20805743600022,0.7548989045859151,3.216654808416504,-1.6451011041981098,0.6666548084165043
223.2317134320001,0.757648291039334,3.2177996368150343,-1.642351717744691,0.6677996368150345
223.2542091629998,0.7603973485069312,3.218944940635477,-1.639602660277094,0.6689449406354773
223.30099242100005,0.7631461884766866,3.2200907663735117,-1.6368538203073384,0.6700907663735118
223.32202747400015,0.7658948108495139,3.2212371139878373,-1.634105197934511,0.6712371139878375
223.3916335429999,0.7686432155263309,3.222383983437127,-1.631356793257694,0.6723839834371272
223.41662739699996,0.771372562517143,3.223523369599801,-1.628627446266882,0.6735233695998013
223.43852608099996,0.7740584422761707,3.2246428961335036,-1.6259415665078543,0.6746428961335038
223.48379175799982,0.7767451957963208,3.225760324100522,-1.623254812987704,0.6757603241005223
223.50409203800018,0.7794328214379317,3.226875652818914,-1.6205671873460932,0.6768756528189144
223.57551627700013,0.7821213175607916,3.227988881608015,-1.6178786912232335,0.6779888816080151
223.60700769699997,0.7848106825241572,3.229100009788439,-1.6151893262598678,0.679100009788439
223.6247185379998,0.7875289942124164,3.230220918935224,-1.6124710145716086,0.6802209189352242
223.66982848299995,0.7902619262346027,3.231346574281162,-1.6097380825494223,0.6813465742811622
223.69086573599998,0.7929952904710157,3.2324711796994414,-1.6070047183130094,0.6824711796994416
223.75914190000003,0.7957276203026293,3.2335941316549643,-1.6042723884813956,0.6835941316549645
223.785123655,0.7984326811670005,3.2347041849599876,-1.6015673276170244,0.6847041849599877
223.82749606700008,0.8011384729331794,3.235812455476615,-1.5988615358508456,0.685812455476615
223.85386928800017,0.803844994426207,3.236918942723593,-1.596155014357818,0.6869189427235933
223.8730004879999,0.80655224447081,3.2380236462204426,-1.593447764313215,0.6880236462204428
223.94705691699983,0.8092602218913945,3.2391265654874593,-1.5907397868926305,0.6891265654874594
223.97230485499995,0.8119927977715506,3.240237642050667,-1.5880072110124743,0.6902376420506671
223.99373496999988,0.8147627700444858,3.241363838485415,-1.585237238739539,0.6913638384854153
224.03493625600004,0.8175326462783478,3.2424902711072603,-1.5824673625056773,0.6924902711072605
224.05592180700023,0.8203024264529943,3.2436169399080113,-1.5796975823310306,0.6936169399080114
224.12851804699994,0.8230122556781403,3.244718612536917,-1.5769877531058847,0.6947186125369171
224.15300092300004,0.825707888609868,3.2458120870341753,-1.574292120174157,0.6958120870341755
224.17695104199993,0.8284043833455903,3.2469034346043775,-1.5715956254384347,0.6969034346043776
224.21633087500004,0.8311017382071063,3.247992654568309,-1.5688982705769186,0.6979926545683091
224.24481861999993,0.8337999515156772,3.2490797462480763,-1.5662000572683477,0.6990797462480765
224.30603578699993,0.8364990215920308,3.250164708967112,-1.5635009871919943,0.7001647089671121
224.33005131500022,0.8392155348221427,3.251254403121372,-1.5607844739618821,0.7012544031213723
224.35508488699998,0.8419357145269907,3.2523436515176125,-1.5580642942570342,0.7023436515176127
224.3894983549999,0.8446565530300295,3.253431253253434,-1.5553434557539956,0.7034312532534344
224.41101672100012,0.8473780493344528,3.254517207930384,-1.552621959449572,0.7045172079303841
224.48806459800016,0.8501002024432154,3.2556015151506106,-1.5498998063408096,0.7056015151506108
224.52290309699993,0.8528237560166222,3.256684488406992,-1.547176252767403,0.7066844884069923
224.53756679900016,0.8555539867563791,3.257770348815174,-1.544446022027646,0.7077703488151741
224.5748215980002,0.8582836358924499,3.2588576704383634,-1.541716372891575,0.7088576704383636
224.65187142500008,0.8610127026428035,3.2599464529650515,-1.5389873061412214,0.7099464529650517
224.67693226099982,0.8637747508625095,3.2610497365805964,-1.5362252579215154,0.7110497365805966
224.70087111700013,0.8665590732484879,3.2621619762684917,-1.5334409355355372,0.7121619762684919
224.75311354299993,0.8693434124625915,3.26327417382882,-1.5306565963214336,0.71327417382882
224.76324590500008,0.8721277685041824,3.2643863292613253,-1.5278722402798426,0.7143863292613255
224.8366432060002,0.8749121413726229,3.265498442565754,-1.5250878674114021,0.715498442565754
224.8596682299999,0.8776965310672744,3.26661051374185,-1.5223034777167506,0.7166105137418501
224.88288072100022,0.8804400720213182,3.2677056123417265,-1.5195599367627066,0.7177056123417267
224.90547465600002,0.8831840491086983,3.26879961766796,-1.5168159596753266,0.7187996176679601
224.94418020700004,0.8859284618937695,3.269892529546863,-1.5140715468902555,0.719892529546863
225.01353883499996,0.8886733099408004,3.270984347804912,-1.5113266988432246,0.720984347804912
225.03728012500005,0.8914185928139962,3.2720750722687613,-1.5085814159700288,0.7220750722687614
225.0585554170002,0.8941643100774908,3.2731647027652366,-1.5058356987065342,0.7231647027652368
225.0870536440002,0.8968929619490457,3.274246043776772,-1.5031070468349794,0.7242460437767724
225.11840994900012,0.8996222215631544,3.2753258499529734,-1.5003777872208706,0.7253258499529736
225.1910595600002,0.9023520880564908,3.2764041209522734,-1.4976479207275342,0.7264041209522736
225.21505345000014,0.9050784495982702,3.2774792212856374,-1.4949215591857548,0.7274792212856376
225.23551288399995,0.9077931834988262,3.278547625865897,-1.4922068252851988,0.7285476258658972
225.26016467099998,0.910508681465912,3.2796140869710024,-1.489491327318113,0.7296140869710026
225.2884692839998,0.9132249421081966,3.280678604054532,-1.4867750666758284,0.7306786040545323
225.36139076300014,0.9159475420281099,3.2817433871847603,-1.484052466755915,0.7317433871847605
225.4141733460001,0.9187249687395183,3.282829103599631,-1.4812750400445067,0.7328291035996313
225.41789280800003,0.9215022269218178,3.283915251038856,-1.4784977818622071,0.733915251038856
225.44490593599994,0.9242793165080981,3.285001829476271,-1.4757206922759267,0.7350018294762712
225.4799022950001,0.9270562374314727,3.286088838885706,-1.4729437713525524,0.7360888388857063
225.5536548770001,0.9298329896250621,3.2871762792409807,-1.4701670191589629,0.7371762792409808
225.57932118999997,0.9326109363504564,3.2882644191773513,-1.4673890724335685,0.7382644191773515
225.61467577700023,0.9353894491298174,3.289352363648916,-1.4646105596542076,0.7393523636489161
225.6285135160001,0.9381681135330646,3.2904399208071418,-1.4618318952509604,0.7404399208071419
225.66463305600018,0.9409469295062066,3.291527090630896,-1.4590530792778185,0.7415270906308962
225.73923771499994,0.9437258969952523,3.292613873099057,-1.4562741117887725,0.742613873099057
225.76620422799988,0.9464937753800896,3.2936958166239623,-1.4535062334039353,0.7436958166239624
225.7936537569999,0.949241145448785,3.2947685534244053,-1.45075886333524,0.7447685534244055
225.8225638849999,0.9519889859260812,3.2958400846879305,-1.4480110228579437,0.7458400846879307
225.8472531530001,0.9547372962829943,3.2969104102082603,-1.4452627125010307,0.7469104102082604
225.92204886399986,0.957486075990448,3.2979795297793455,-1.442513932793577,0.7479795297793457
225.9486205620001,0.9602353245192743,3.299047443195369,-1.4397646842647507,0.7490474431953693
225.97322916800022,0.9629812323703244,3.300112639384628,-1.4370187764137006,0.750112639384628
225.99502068099991,0.9657251181121325,3.30117549407015,-1.4342748906718925,0.75117549407015
226.03381809700022,0.9684695327580491,3.3022369823168667,-1.431530476025976,0.7522369823168669
226.1107631660002,0.9712168924400163,3.3032980410209722,-1.4287831163440088,0.7532980410209724
226.1430090419999,0.9739918959419704,3.3043687125110046,-1.4260081128420545,0.7543687125110048
226.16689476600004,0.9767671370364444,3.305438767996948,-1.4232328717475806,0.7554387679969481
226.18752810100023,0.9795426155866872,3.306508207426079,-1.4204573931973377,0.7565082074260792
226.21490675899986,0.9823183314559495,3.307577030745702,-1.4176816773280754,0.7575770307457024
226.29279351500008,0.9850942845074613,3.3086452379031543,-1.4149057242765637,0.7586452379031545
226.32095550700024,0.9878430909582887,3.309702183134206,-1.4121569178257363,0.7597021831342063
226.34728228899985,0.9905288025741187,3.310732203706794,-1.4094712062099064,0.7607322037067941
226.3691609819998,0.9932156155223939,3.3117593480219893,-1.406784393261631,0.7617593480219895
226.398606448,0.9959035267228106,3.3127836149022167,-1.4040964820612145,0.7627836149022169
226.48426474200005,0.9985925330937887,3.313805003173197,-1.4014074756902364,0.7638050031731973
226.52097817599997,1.0012854356875973,3.3148245778998375,-1.3987145730964277,0.7648245778998377
226.53298004399994,1.0040188636956853,3.3158568840309024,-1.3959811450883397,0.7658568840309026
226.55336660600005,1.0067529901392305,3.316887338888912,-1.3932470186447945,0.7668873388889121
226.58556162700006,1.0094878137644105,3.3179159420013167,-1.3905121950196144,0.7679159420013169
226.68023147299982,1.0122233333170918,3.3189426928964223,-1.3877766754669332,0.7689426928964225
226.71272949800004,1.0149649121378477,3.3199696300440014,-1.3850350966461773,0.7699696300440015
226.7553372100001,1.0177525345466827,3.321013448987893,-1.3822474742373423,0.771013448987893
226.76271058800012,1.020539945590543,3.3220578322291154,-1.379460063193482,0.7720578322291156
226.78822632899983,1.0233271451551806,3.323102779724864,-1.3766728636288443,0.773102779724864
226.8845024420002,1.0261141331263741,3.3241482914323144,-1.3738858756576509,0.7741482914323146
226.90997725199986,1.0289012146357737,3.3251944805347566,-1.3710987941482513,0.7751944805347568
226.93541575100016,1.0316940755885304,3.3262428748215984,-1.3683059331954945,0.7762428748215986
226.9689982240002,1.034487089583136,3.327290861323457,-1.365512919200889,0.7772908613234573
226.98543552599995,1.0372802565600452,3.3283384400179865,-1.3627197522239798,0.7783384400179867
227.07452435200003,1.0400787372327147,3.329387575753857,-1.3599212715513103,0.7793875757538573
227.096358926,1.0428868453017992,3.3304402455550353,-1.3571131634822258,0.7804402455550354
227.11870701499993,1.045694943614318,3.331492941382517,-1.354305065169707,0.7814929413825173
227.14142909400016,1.0485030321700304,3.332545663236212,-1.3514969766139946,0.782545663236212
227.17639934399995,1.051311110968695,3.333598411116028,-1.34868889781533,0.7835984111160283
227.25124110200022,1.0541191800100718,3.334651185021877,-1.3458808287739532,0.7846511850218771
227.275699196,1.0568983359691284,3.33569281390488,-1.3431016728148966,0.78569281390488
227.2998220129998,1.059668189707543,3.336729832160219,-1.340331819076482,0.7867298321602192
227.32585618199982,1.0624384241784135,3.3377658329181927,-1.3375615846056115,0.7877658329181929
227.3510054960002,1.0652090390079625,3.338800816039018,-1.3347909697760625,0.7888008160390183
227.44321026399984,1.0679800338223655,3.3398347813830473,-1.3320199749616595,0.7898347813830475
227.46442164000018,1.0707485745285277,3.340866660657981,-1.3292514342554973,0.7908666606579811
227.49056883999992,1.0735109400770748,3.3418948746922186,-1.3264890687069502,0.7918948746922188
227.5179461900002,1.0762737729786278,3.342921832277561,-1.3237262358053972,0.7929218322775613
227.54036992700003,1.079037072661699,3.3439475332015838,-1.320962936122326,0.793947533201584
227.64327923500014,1.081800838554699,3.344971977252122,-1.3181991702293259,0.7949719772521222
227.67983293199995,1.0845719755370382,3.3459977505381517,-1.3154280332469868,0.7959977505381519
227.68845428800023,1.0873604038437803,3.347029012571714,-1.3126396049402447,0.7970290125717141
227.710149817,1.0901490732319994,3.348059622510977,-1.3098509355520256,0.7980596225109773
227.73434879900014,1.092937983549201,3.349089580299585,-1.307062025234824,0.7990895802995852
227.83205574400017,1.0956880288622026,3.35010403289389,-1.3043119799218224,0.80010403289389
227.85233330600022,1.0984257019105585,3.3511117350999937,-1.3015743068734664,0.8011117350999939
227.88366146399994,1.1011640969896859,3.3521174735582857,-1.298835911794339,0.8021174735582859
227.90308136900012,1.1039032126909785,3.3531212477514254,-1.2960967960930465,0.8031212477514256
227.92574843600005,1.1066430476054585,3.354123057163078,-1.2933569611785665,0.804123057163078
228.0241460090001,1.109379491380929,3.35512138577896,-1.290620517403096,0.8051213857789601
228.04348800100024,1.1121071432818619,3.3561139944873863,-1.287892865502163,0.8061139944873865
228.07209214700015,1.114835631704801,3.3571043014431274,-1.285164377079224,0.8071043014431276
228.11008172999982,1.1175649547073923,3.3580923059412067,-1.2824350540766327,0.8080923059412068
228.1177316090002,1.1202951103466894,3.359078007278283,-1.2797048984373356,0.8090780072782833
228.20611750399985,1.1230260966791512,3.360061404752657,-1.2769739121048738,0.8100614047526573
228.22733016600023,1.125816402765218,3.3610642977164833,-1.274183606018807,0.8110642977164835
228.24854521499992,1.1286240128041738,3.3620729275971284,-1.2713759959798512,0.8120729275971286
228.27176780699983,1.131431768899348,3.363081150824897,-1.268568239884677,0.813081150824897
228.36763873000018,1.1342396709918368,3.3640889673786387,-1.2657603377921882,0.8140889673786389
228.40599087100009,1.137047719022738,3.365096377237211,-1.262952289761287,0.8150963772372113
228.41677247500002,1.1398452025037527,3.366099478181981,-1.2601548062802723,0.816099478181981
228.45150946500007,1.1426269374568911,3.3670958408987164,-1.2573730713271338,0.8170958408987166
228.4725530999999,1.1454090625852278,3.3680911136166634,-1.2545909461987972,0.8180911136166635
228.56817824600012,1.1481915774616553,3.369085296183032,-1.2518084313223696,0.8190852961830322
228.6287891060001,1.150974481659009,3.3700783884451955,-1.249025527125016,0.8200783884451956
228.62938922900003,1.153762116366726,3.371071948004372,-1.246237892417299,0.8210719480043722
228.64374867300012,1.1565796277785023,3.372075547760142,-1.2434203810055227,0.822075547760142
228.6685128680001,1.1593972181863932,3.373078925714177,-1.2406027905976318,0.8230789257141771
228.76236009900003,1.1622148875729352,3.3740820818602577,-1.2377851212110897,0.8240820818602579
228.78666341899998,1.1650326359206664,3.3750850161921737,-1.2349673728633586,0.8250850161921739
228.8172853619999,1.1678477793945772,3.3760867851995036,-1.2321522293894478,0.8260867851995037
228.8422171369998,1.1706476088187943,3.377083504763588,-1.2293523999652307,0.8270835047635883
228.86924299600014,1.173447195869292,3.378080904904356,-1.226552812914733,0.8280809049043563
228.89558317599995,1.1762465403806437,3.3790789855628685,-1.2237534684033813,0.8290789855628686
228.91955231400016,1.179045642187427,3.380077746680148,-1.220954366596598,0.8300777466801481
229.0030493549998,1.181844501124239,3.3810771881971724,-1.2181555076597859,0.8310771881971726
229.04131085500012,1.184626671557878,3.3820707531126164,-1.215373337226147,0.8320707531126166
229.0611623660002,1.1874050942452203,3.3830616597446443,-1.2125949145388046,0.8330616597446445
229.08920336400024,1.1901839474766407,3.384051358335703,-1.2098160613073843,0.834051358335703
229.11287295700004,1.1929632307268947,3.385039848698721,-1.2070367780571303,0.8350398486987212
229.18922364699984,1.1957429434706508,3.3860271306468586,-1.2042570653133742,0.8360271306468587
229.21777582999994,1.1985399495036626,3.3870193436532223,-1.2014600592803624,0.8370193436532225
229.251676676,1.201360299289223,3.388019804189532,-1.198639709494802,0.8380198041895324
229.29112667800018,1.2041805843836797,3.3890204470746865,-1.1958194244003453,0.8390204470746867
229.31746173300007,1.2070008047752379,3.3900212723045096,-1.1929992040087871,0.8400212723045097
229.37179750099995,1.2098209604521069,3.3910222798748095,-1.1901790483319181,0.8410222798748097
229.39777576799997,1.212641051402515,3.3920234697814156,-1.18735895738151,0.8420234697814157
229.42351041700022,1.2154566432150185,3.393023305975283,-1.1845433655690065,0.843023305975283
229.46654160700018,1.2182691599654303,3.394022452601642,-1.1817308488185947,0.8440224526016422
229.49133370400023,1.2210815443644485,3.3950219717082617,-1.1789184644195765,0.8450219717082619
229.5678969989999,1.2238925948639396,3.3960213784863367,-1.1761074139200853,0.8460213784863369
229.59071632299992,1.2267014818301365,3.3970196941106434,-1.1732985269538885,0.8470196941106436
229.617539373,1.2295105329748075,3.3980175476776693,-1.1704894758092175,0.8480175476776695
229.67021120300024,1.2323197482219463,3.3990149391604163,-1.1676802605620786,0.8490149391604165
229.7071942409998,1.2351291274955394,3.4000118685318976,-1.1648708812884856,0.8500118685318978
229.7709344670002,1.237943755946703,3.4010101928808507,-1.162056252837322,0.8510101928808509
229.7906542579999,1.2407660283367652,3.4020112575085153,-1.1592339804472598,0.8520112575085155
229.82425690499986,1.2435882534721245,3.4030124553500096,-1.1564117553119004,0.8530124553500098
229.86249473599992,1.2464104313464963,3.404013786403105,-1.1535895774375287,0.854013786403105
229.88617791800016,1.249232561953586,3.4050152506655715,-1.150767446830439,0.8550152506655717
229.96209373500005,1.2520537509533016,3.4060165296787814,-1.1479462578307233,0.8560165296787816
229.9830590790002,1.2548580357784638,3.4070115095433695,-1.1451419730055612,0.8570115095433697
230.01461548399993,1.2576625312312963,3.408005895568302,-1.1423374775527286,0.8580058955683021
230.05160570199996,1.2604672371860477,3.408999687708996,-1.1395327715979773,0.8589996877089963
230.0805968059999,1.263272153516964,3.4099928859208877,-1.136727855267061,0.8599928859208879
230.1459986220002,1.2660772800982676,3.4109854901594407,-1.1339227286857574,0.8609854901594409
230.1816090450002,1.2688759368310982,3.411975109918435,-1.1311240719529267,0.861975109918435
230.1924047409998,1.2716593468431767,3.412958190123437,-1.1283406619408483,0.8629581901234373
230.23527693899996,1.2744431662761329,3.413940110359252,-1.1255568425078921,0.8639401103592523
230.26211906400022,1.2772273946465558,3.4149208704553677,-1.1227726141374692,0.8649208704553679
230.33505538400004,1.2800121364840553,3.415900508313592,-1.1199878722999697,0.865900508313592
230.35656025900016,1.2827973202098204,3.416879001476885,-1.1172026885742046,0.8668790014768852
230.3911397259999,1.2855829101833718,3.417856337527659,-1.1144170986006532,0.8678563375276593
230.427147978,1.288368905923981,3.4188325162972477,-1.111631102860044,0.8688325162972479
230.4467963789998,1.2911553069508526,3.4198075376171864,-1.1088447018331724,0.8698075376171865
230.53465982099988,1.2939605076666743,3.4207880194606326,-1.1060395011173507,0.8707880194606328
230.55455435000022,1.2967743686408875,3.4217709631062303,-1.1032256401431375,0.8717709631062305
230.579812813,1.2995883948188476,3.422753433697335,-1.1004116139651774,0.8727534336973353
230.62859049200006,1.302402586121024,3.4237354312061803,-1.097597422663001,0.8737354312061805
230.655470789,1.3052169424678857,3.424716955605015,-1.0947830663161393,0.8747169556050154
230.74010972299993,1.308031463779895,3.4256980068660994,-1.0919685450041299,0.8756980068660996
230.76254021000022,1.3108424668662164,3.4266772942007253,-1.0891575419178086,0.8766772942007255
230.79248345099995,1.3136328888875677,3.4276484346076987,-1.0863671198964573,0.8776484346076989
230.8332690870002,1.3164236929356032,3.4286184766236807,-1.0835763158484217,0.8786184766236809
230.90658937099988,1.3192148785779643,3.4295874200983896,-1.0807851302060607,0.8795874200983897
230.95421433699994,1.3220219596490903,3.4305614418906267,-1.0779780491349347,0.8805614418906269
230.97921115200006,1.3248305678029386,3.431536716689013,-1.0751694409810864,0.8815367166890131
231.0151527590001,1.3276389486779994,3.432512645761654,-1.0723610601060256,0.8825126457616541
231.0632783179999,1.3304471021218565,3.4334892290555823,-1.0695529066621685,0.8834892290555825
231.14264729100023,1.3332550279821083,3.434466466517798,-1.0667449808019167,0.8844664665177984
231.17317829000012,1.3360585931705886,3.435442834638255,-1.0639414156134364,0.8854428346382552
231.19292958300002,1.338852662826997,3.436415222817756,-1.061147345957028,0.8864152228177562
231.22040916700007,1.3416470825478564,3.4373866045347885,-1.0583529262361686,0.8873866045347887
231.26046258799988,1.3444418519706216,3.4383569796633244,-1.0555581568134034,0.8883569796633246
231.34136524199994,1.347236970732707,3.43932634807747,-1.052763038051318,0.88932634807747
231.36838339799988,1.3500385847560745,3.4402969836817285,-1.0499614240279505,0.8902969836817287
231.3879260120002,1.3528493740533234,3.441271157648867,-1.0471506347307016,0.891271157648867
231.41258804400013,1.3556599506892182,3.442245944992651,-1.0443400580948068,0.8922459449926512
231.45406961800018,1.3584703145298958,3.4432213456666556,-1.0415296942541292,0.8932213456666558
231.53567549299987,1.3612804654415138,3.444197359624426,-1.0387195433425112,0.8941973596244264
231.57027508200008,1.3640846584597148,3.4451718470258985,-1.0359153503243101,0.8951718470258987
231.59285611299993,1.3668804088994997,3.4461426217640003,-1.0331195998845253,0.8961426217640005
231.61766778599986,1.369676499931768,3.4471124150682217,-1.0303235088522569,0.8971124150682219
231.6589502769998,1.3724729312119999,3.4480812268190677,-1.027527077572025,0.8980812268190679
231.74819263500012,1.3752697023956282,3.4490490568971652,-1.0247303063883968,0.8990490568971654
231.7717765540001,1.378080972089392,3.4500208877708762,-1.021919036694633,0.9000208877708764
231.79436552100015,1.3809159498232468,3.451000725377876,-1.0190840589607781,0.9010007253778762
231.81836482400013,1.3837509235662486,3.4519805745315844,-1.0162490852177763,0.9019805745315845
231.85917214500023,1.3865858933183532,3.452960435231985,-1.0134141154656717,0.9029604352319853
231.9367479020002,1.3894208590795132,3.4539403074790624,-1.0105791497045118,0.9039403074790626
231.9721116679998,1.3922551930775582,3.4549199703808466,-1.0077448157064668,0.9049199703808468
231.99315441599992,1.3950880757048634,3.455899079008775,-1.0049119330791616,0.9058990790087753
232.01949678099982,1.3979209811429014,3.456878121635292,-1.0020790276411236,0.9068781216352924
232.05734823900002,1.400753909390119,3.457857098259874,-0.9992460993939061,0.9078570982598744
232.14327653100008,1.4035868604449961,3.458836008881978,-0.9964131483390288,0.9088360088819782
232.2078699929998,1.4064164982297866,3.4598137562845337,-0.9935835105542383,0.9098137562845339
232.20842361299992,1.4092438586655371,3.4607909264345773,-0.9907561501184878,0.9107909264345775
232.23218204000023,1.4120711467637062,3.4617683058622957,-0.9879288620203188,0.9117683058622958
232.26495871199995,1.4148983625088039,3.4627458945623433,-0.9851016462752211,0.9127458945623435
232.34500626599993,1.4177255058853366,3.463723692529354,-0.9822745028986883,0.9137236925293544
232.38254712800017,1.4205514725654786,3.4647013256954167,-0.9794485362185463,0.9147013256954168
232.39910129300006,1.4233762477591905,3.465678836747597,-0.9766237610248345,0.9156788367475972
232.4221947609999,1.4262009308304862,3.466656613971151,-0.9737990779535388,0.9166566139711514
232.45809761700002,1.4290255217542802,3.467634657357394,-0.9709744870297448,0.9176346573573944
232.5419958450002,1.4318500205054923,3.4686129668976395,-0.9681499882785327,0.9186129668976397
232.57278361099998,1.4346761003650612,3.469592113895285,-0.9653239084189638,0.9195921138952854
232.60925888600013,1.4375052244417816,3.4705725047332208,-0.9624947843422433,0.9205725047332209
232.61968189800018,1.4403342990574124,3.471553038289901,-0.9596657097266126,0.9215530382899013
232.65720943099996,1.4431633242047583,3.4725337145628288,-0.9568366845792666,0.922533714562829
232.74213579700017,1.4459922998766166,3.4735145335495163,-0.9540077089074084,0.9235145335495165
232.77369935100023,1.4488199410511355,3.4744950002639876,-0.9511800677328894,0.9244950002639878
232.81149611499995,1.4516463394468577,3.475474850168782,-0.9483536693371672,0.9254748501687824
232.8194862649998,1.4544728106394915,3.4764544900641363,-0.9455271981445335,0.9264544900641365
232.8555432369999,1.4572993546134168,3.4774339199446342,-0.9427006541706082,0.9274339199446344
232.94020285399984,1.460125971353025,3.478413139804866,-0.939874037431,0.9284131398048663
232.9727590309999,1.4629477164153637,3.4793905472680646,-0.9370522923686613,0.9293905472680648
232.9972509610002,1.4657653142358562,3.4803669375059147,-0.9342346945481688,0.9303669375059149
233.0373826189998,1.4685827595226308,3.4813437678036925,-0.9314172492613941,0.9313437678036927
233.05550152900014,1.4714000522069546,3.482321038137563,-0.9285999565770704,0.9323210381375633
233.1634094750002,1.4742171922201044,3.48329874848369,-0.9257828165639206,0.9332987484836903
233.18936806400006,1.4769609474294003,3.484249950836257,-0.9230390613546247,0.9342499508362572
233.22703764300013,1.4797054934248126,3.485198869085121,-0.9202945153592124,0.9351988690851214
233.2664543589999,1.48245082830489,3.4861455025728563,-0.9175491804791349,0.9361455025728564
233.28710008899998,1.4851969501676434,3.487089850643629,-0.9148030586163816,0.9370898506436292
233.38670632799995,1.487943857110528,3.4880319126431827,-0.9120561516734971,0.9380319126431829
233.41963466200013,1.4907184157869258,3.4889810876090777,-0.9092815929970992,0.9389810876090778
233.44594409299998,1.4935535133166222,3.4899505865479172,-0.9064464954674027,0.9399505865479174
233.49107633599988,1.4963885796055418,3.4909201768391416,-0.9036114291784831,0.9409201768391418
233.50216351100016,1.499223614650732,3.49188985848172,-0.9007763941332929,0.9418898584817201
233.6052268200001,1.5020586184492406,3.4928596314746514,-0.8979413903347844,0.9428596314746516
233.63639275900005,1.504852383262977,3.493814824374803,-0.895147625521048,0.9438148243748032
233.664279438,1.5076392948550128,3.494766202441955,-0.8923607139290122,0.9447662024419552
233.72003139400022,1.5104266610582786,3.4957162477552814,-0.8895733477257464,0.9457162477552816
233.7319975999999,1.5132144812354267,3.496664960097548,-0.8867855275485983,0.9466649600975483
233.83000167299997,1.5160027547490058,3.4976123392518277,-0.8839972540350192,0.9476123392518279
233.85764730600022,1.5187914809614573,3.498558385001495,-0.8812085278225676,0.9485583850014954
233.8868078380001,1.521602243019207,3.4995113358573677,-0.8783977657648179,0.9495113358573679
233.94408488299996,1.5244155113575857,3.5004659183125857,-0.8755844974264393,0.9504659183125859
233.9454952330002,1.5272285381078687,3.5014212124608584,-0.8727714706761562,0.9514212124608585
234.04777293400002,1.5300413230900138,3.502377218241043,-0.8699586856940111,0.9523772182410433
234.08912147699994,1.5328657978957585,3.503337913413625,-0.8671342108882665,0.9533379134136251
234.1526214129999,1.5357057316316018,3.5043039816197887,-0.8642942771524231,0.9543039816197889
234.17655639700024,1.5385456674447595,3.505270043719284,-0.8614543413392655,0.9552700437192843
234.2121391810001,1.5413856053352184,3.506236099712108,-0.8586144034488066,0.956236099712108
234.31650747899994,1.544222152696558,3.507200985763104,-0.8557778560874669,0.9572009857631043
234.35971726900016,1.5470452212311847,3.5081609471310995,-0.8529547875528403,0.9581609471310997
234.36494864799988,1.5498684409944374,3.50912046364875,-0.8501315677895875,0.95912046364875
234.3916109339998,1.5526918119162147,3.5100795352922285,-0.8473081968678102,0.9600795352922287
234.41460038200012,1.5555153339264154,3.5110381620377233,-0.8444846748576096,0.9610381620377235
234.51094313300018,1.5583390928794971,3.51199637307375,-0.8416609159045279,0.9619963730737502
234.53592281300007,1.5611646274818092,3.5129547173914646,-0.8388353813022158,0.9629547173914648
234.5770257879999,1.5639902979890552,3.5139126609204054,-0.8360097107949698,0.9639126609204056
234.59172935100014,1.5668161043443838,3.5148702036413026,-0.8331839044396412,0.9648702036413028
234.6189275249999,1.5696420464909429,3.515827345534887,-0.8303579622930821,0.9658273455348874
234.72555716399984,1.5724593956329829,3.516781209081705,-0.8275406131510421,0.9667812090817054
234.74907471899996,1.5752561743537572,3.5177289587044904,-0.8247438344302678,0.9677289587044906
234.78509892900001,1.5780525667809189,3.5186778475039535,-0.8219474420031061,0.9686778475039537
234.79750146600009,1.5808485724504664,3.519627875322645,-0.8191514363335586,0.969627875322645
234.8234049849998,1.5836441908984578,3.5205790420029275,-0.8163558178855672,0.9705790420029277
234.9266418870002,1.5864464396345257,3.5215336180264494,-0.8135535691494993,0.9715336180264496
234.94985113199982,1.5892619092803972,3.5224924145262966,-0.8107380995036277,0.9724924145262968
234.9870455979999,1.5920775928317217,3.52345058267111,-0.8079224159523033,0.9734505826711102
234.9991974630002,1.5948934901482676,3.5244081224131683,-0.8051065186357573,0.9744081224131684
235.09214638999993,1.5977096010897835,3.5253650337047806,-0.8022904076942414,0.9753650337047808
235.11892063699997,1.6005230278363807,3.526320386804067,-0.7994769809476443,0.9763203868040673
235.13969325200014,1.603327645883402,3.5272732912301774,-0.7966723629006229,0.9772732912301776
235.165276921,1.6061319506044445,3.5282271173498203,-0.7938680581795805,0.9782271173498205
235.19905708199985,1.6089359416966091,3.5291818650599693,-0.7910640670874158,0.9791818650599695
235.28248049700005,1.6117396188570292,3.5301375342575025,-0.7882603899269958,0.9801375342575027
235.312845424,1.614543849822503,3.531094419229222,-0.7854561589615219,0.9810944192292221
235.33174770200003,1.6173645099981855,3.5320570838285716,-0.7826354987858395,0.9820570838285718
235.36075032999997,1.6201853335699223,3.533019269535534,-0.7798146752141026,0.983019269535534
235.38324469200006,1.6230063204564011,3.533980976322375,-0.7769936883276238,0.9839809763223752
235.4731601210001,1.6258274705763145,3.534942204161374,-0.7741725382077105,0.9849422041613742
235.50231964900013,1.6286487838483457,3.535902953024823,-0.7713512249356793,0.9859029530248233
235.52232064300006,1.6314700668604252,3.5368633840650534,-0.7685299419235998,0.9868633840650536
235.54764489699983,1.6342911383643515,3.5378242172758894,-0.7657088704196735,0.9878242172758895
235.57668816800015,1.6371120450216674,3.5387855343515855,-0.7628879637623576,0.9887855343515857
235.59690551899985,1.63993278674938,3.5397473352638587,-0.7600672220346449,0.9897473352638588
235.63418579900008,1.6427533634645046,3.540709619984413,-0.7572466453195204,0.990709619984413
235.701003227,1.6455737750840573,3.5416723884849386,-0.7544262336999676,0.9916723884849388
235.72630583499995,1.6484068424896985,3.5426398809882333,-0.7515931662943265,0.9926398809882335
235.75088555999992,1.65124414976961,3.543608885819317,-0.748755859014415,0.9936088858193171
235.77431142500018,1.6540814420443612,3.5445779345853508,-0.7459185667396637,0.9945779345853509
235.80161659900023,1.6569187193132684,3.5455470272861005,-0.7430812894707566,0.9955470272861007
235.8929487129999,1.6597559815756526,3.546516163921334,-0.7402440272083723,0.996516163921334
235.91870885800017,1.6625752231774176,3.5474793225078414,-0.7374247856066074,0.9974793225078415
235.94347511800015,1.6653762079178411,3.548437193971428,-0.7346238008661838,0.9984371939714283
235.98972284499996,1.6681768624397688,3.5493960305089347,-0.7318231463442562,0.9993960305089349
236.00937995499999,1.670977186410683,3.550355832006519,-0.7290228223733419,1.0003558320065191
236.07507601099996,1.6737771794981087,3.5513165983502257,-0.7262228292859163,1.001316598350226
236.1008026049999,1.6765768413696145,3.552278329425988,-0.7234231674144105,1.0022783294259883
236.1247867090001,1.6793810219894625,3.5532423450462374,-0.7206189867945625,1.0032423450462375
236.17883495500018,1.6821885798208216,3.5542068223653036,-0.7178114289632034,1.0042068223653038
236.19682330800015,1.6849963999983677,3.555170535666014,-0.7150036087856573,1.0051705356660143
236.26142693400016,1.6878044823141898,3.556133484877009,-0.7121955264698352,1.0061334848770094
236.30100353699981,1.6906069621318434,3.5570935804831594,-0.7093930466521816,1.0070935804831596
236.30784988200003,1.693409447542273,3.5580526483509467,-0.706590561241752,1.0080526483509469
236.35466942999983,1.6962122482448057,3.5590107944110856,-0.7037877605392193,1.0090107944110858
236.374775237,1.6990153639362402,3.5599680185599265,-0.7009846448477848,1.0099680185599267
236.448332984,1.701818794313335,3.5609243206939145,-0.69818121447069,1.0109243206939147
236.4707257680002,1.7046159483252228,3.5618773988130443,-0.6953840604588022,1.0118773988130445
236.51121866999983,1.7074090982463632,3.5628277976842457,-0.6925909105376618,1.012827797684246
236.54671831299993,1.710202656336459,3.563776996132206,-0.689797352447566,1.013776996132206
236.5659353599999,1.7129966220796005,3.564724993981629,-0.6870033867044245,1.0147249939816292
236.6301295080002,1.7157909949597963,3.565671791057439,-0.6842090138242287,1.0156717910574393
236.658154491,1.718585774460992,3.566617387184785,-0.6814142343230329,1.0166173871847852
236.68237405799982,1.7213695530119257,3.5675577739547024,-0.6786304557720992,1.0175577739547026
236.731733523,1.724153235970462,3.5684964541570263,-0.6758467728135629,1.0184964541570265
236.7523555329999,1.7269374254443588,3.569433630932945,-0.6730625833396662,1.0194336309329453
236.83034106000014,1.7297383378245308,3.5703748834443534,-0.6702616709594942,1.0203748834443536
236.8539349570001,1.7325538830100866,3.5713201511872743,-0.6674461257739384,1.0213201511872745
236.87656049399993,1.735369673972279,3.57226468655186,-0.6646303348117459,1.02226468655186
236.92070484900023,1.7381857105206,3.5732084894742075,-0.661814298263425,1.0232084894742077
236.95299123999985,1.7410019924645297,3.5741515598904607,-0.6589980163194953,1.024151559890461
237.01484885299988,1.7438189351417517,3.5750940376042037,-0.6561810736422733,1.025094037604204
237.03560013200013,1.7466384639051744,3.5760366159211094,-0.6533615448788506,1.0260366159211096
237.05868842400014,1.7494582138859829,3.5769785322533707,-0.6505417948980421,1.0269785322533709
237.10213147700006,1.75227818492876,3.5779197865490673,-0.6477218238552649,1.0279197865490675
237.12185647200022,1.7550983768780626,3.5788603787563193,-0.6449016319059624,1.0288603787563195
237.19815049599993,1.7579187895784447,3.579800308823281,-0.6420812192055803,1.029800308823281
237.22017906700012,1.7607330674197068,3.5807374153862788,-0.6392669413643182,1.030737415386279
237.24328173699996,1.7635412910000519,3.581671455571106,-0.6364587177839731,1.0316714555711064
237.28544771199995,1.7663498423776671,3.5826045096442316,-0.6336501664063579,1.0326045096442318
237.30524447300013,1.7691587212062776,3.5835365774906176,-0.6308412875777474,1.0335365774906178
237.3776009369999,1.7719992247107308,3.584478450078609,-0.6280007840732942,1.034478450078609
237.415170752,1.7748441803775725,3.5854217187199016,-0.6251558284064525,1.0354217187199017
237.4233990419998,1.7776891584963204,3.5863649196421616,-0.6223108502877046,1.0363649196421618
237.46040937999987,1.7805341590653674,3.5873080528448726,-0.6194658497186576,1.0373080528448728
237.53319949000024,1.7833791820830982,3.5882511183274874,-0.6166208267009268,1.0382511183274876
237.55776884299985,1.7862242275478997,3.5891941160894882,-0.6137757812361253,1.0391941160894884
237.58373229900008,1.7890193495582005,3.5901212277920016,-0.6109806592258245,1.0401212277920018
237.61861055300005,1.7918113899544195,3.5910488711483435,-0.6081886188296055,1.0410488711483437
237.64012764000017,1.7946029645891757,3.59197791518889,-0.6053970441948493,1.0419779151888902
237.71422505600003,1.7973940727597846,3.5929083596797886,-0.6026059360242404,1.0429083596797888
237.73713113800022,1.8001847137636833,3.593840204386829,-0.5998152950203417,1.0438402043868291
237.7630626209998,1.8029632987899462,3.5947694773321257,-0.5970367099940788,1.0447694773321259
237.78756204,1.8056959096285665,3.5956817304826845,-0.5943040991554585,1.0456817304826846
237.82224814600022,1.8084294609348581,3.596591161657641,-0.5915705478491669,1.0465911616576413
237.89777511500006,1.811163949794531,3.5974977698874335,-0.5888360589894939,1.0474977698874337
237.91803535999998,1.8139201217206,3.5984085322404225,-0.586079887063425,1.0484085322404226
237.94170562,1.8167313997254781,3.5993359845308865,-0.5832686090585468,1.0493359845308867
237.96543563900013,1.8195429965666088,3.6002624698112555,-0.5804570122174162,1.0502624698112557
238.00344293099988,1.8223549119113636,3.601187987971921,-0.5776450968726614,1.0511879879719213
238.07639644099982,1.8251671454270781,3.6021125389033903,-0.5748328633569468,1.0521125389033905
238.10044962600023,1.8279796967810493,3.6030361224962815,-0.5720203120029757,1.0530361224962816
238.1200205670002,1.8308099319501134,3.603964576323869,-0.5691900768339115,1.0539645763238692
238.1460630749998,1.8336557436920329,3.604897907158285,-0.5663442650919921,1.0548979071582854
238.18109144500022,1.8365015962456954,3.605831113544766,-0.5634984125383296,1.055831113544766
238.25675439799988,1.8393474896056474,3.606764195481529,-0.5606525191783776,1.056764195481529
238.28724598100007,1.8421773058509114,3.607692186136585,-0.5578227029331135,1.057692186136585
238.29764530700004,1.8450051516010404,3.6086201724364746,-0.5549948571829846,1.0586201724364748
238.32640560400023,1.8478328060186415,3.6095487415797898,-0.5521672027653834,1.05954874157979
238.3616565540001,1.8506602689835874,3.6104778935270843,-0.5493397398004376,1.0604778935270844
238.44522620199996,1.8534875403757545,3.6114076282388803,-0.5465124684082705,1.0614076282388805
238.4681787149998,1.8563132488935898,3.6123373546602706,-0.5436867598904351,1.0623373546602708
238.5105402969998,1.8591373868878345,3.6132660383174726,-0.5408626218961905,1.0632660383174728
238.51805601000024,1.8619617428204116,3.6141940589593817,-0.5380382659636134,1.064194058959382
238.5480204659998,1.8647863165356653,3.6151214165348544,-0.5352136922483597,1.0651214165348546
238.62942096899997,1.8676111078779312,3.6160481109927822,-0.5323889009060938,1.0660481109927824
238.6518169410001,1.8704361166915295,3.616974142282092,-0.5295638920924954,1.066974142282092
238.6769013879998,1.8732756290659267,3.617904324386217,-0.5267243797180983,1.067904324386217
238.714092531,1.8761231490599786,3.618836991519423,-0.5238768597240464,1.0688369915194231
238.73124262800002,1.8789706983876882,3.6197695690894607,-0.5210293103963368,1.0697695690894609
238.81511877999992,1.8818162754366454,3.6207013959223673,-0.5181837333473795,1.0707013959223675
238.8385736959999,1.8846539262281183,3.621630333163683,-0.5153460825559066,1.0716303331636832
238.86060748199998,1.8874916910702848,3.6225589219387686,-0.5125083177137402,1.0725589219387688
238.885893227,1.8903295699203513,3.6234871622336198,-0.5096704388636737,1.07348716223362
238.91722781499993,1.8931675627355269,3.624415054034239,-0.5068324460484981,1.074415054034239
238.99408543400023,1.8960056694730163,3.625342597326634,-0.5039943393110087,1.0753425973266344
239.02340111800004,1.898836896362219,3.626267462732771,-0.5011631124218059,1.0762674627327713
239.0433119879999,1.9016597835811262,3.6271888434421906,-0.49834022520289883,1.0771888434421908
239.07392732200015,1.904482914650093,3.6281094767186985,-0.495517094133932,1.0781094767186987
239.10037243099987,1.9073062893712118,3.6290293624977594,-0.4926937194128132,1.0790293624977596
239.19454983700007,1.9101299075465634,3.629948500714888,-0.4898701012374616,1.0799485007148881
239.2202499330001,1.9129623430362066,3.6308699043042805,-0.4870376657478184,1.0808699043042806
239.24384204599983,1.9158004445538637,3.631793470208092,-0.48419956423016136,1.0817934702080922
239.2662159470001,1.9186384227233693,3.632717415072574,-0.48136158606065577,1.0827174150725742
239.2923853709999,1.9214762774941279,3.633641738881251,-0.47852373128989717,1.0836417388812514
239.37575515200024,1.9243140088155382,3.6345664416176415,-0.4756859999684869,1.0845664416176417
239.4140024610001,1.9271516166370035,3.6354915232652614,-0.4728483921470215,1.0854915232652615
239.42363497799988,1.9299944320133728,3.6364186374158125,-0.4700055767706522,1.0864186374158127
239.44340450400023,1.932841614200921,3.637347089183123,-0.467158394583104,1.0873470891831234
239.47476079499984,1.9356888387086135,3.638275411161796,-0.4643111700754115,1.088275411161796
239.5689985580002,1.9385319747857617,3.639202236119224,-0.46146803399826336,1.0892022361192244
239.59975691,1.941367548867763,3.640126186288169,-0.45863245991626195,1.090126186288169
239.65791127700004,1.9442032645819012,3.641049701679387,-0.45579674420212385,1.091049701679387
239.65865916500024,1.9470391218615068,3.6419727822711634,-0.4529608869225182,1.0919727822711636
239.6817133720001,1.949875120639916,3.6428954280418004,-0.45012488814410895,1.0928954280418006
239.78066016000002,1.9527112608504578,3.64381763896961,-0.44728874793356727,1.0938176389696102
239.8100182029998,1.9555475602874506,3.6447394208489623,-0.44445244849657445,1.0947394208489625
239.85765199700018,1.9583843388165192,3.645660883167456,-0.44161566996750584,1.0956608831674561
239.8774119740001,1.9612212555974666,3.646581919760319,-0.4387787531865584,1.096581919760319
239.9112843580001,1.9640583105663973,3.647502530606806,-0.4359416982176277,1.097502530606806
240.00605479100022,1.9668955036594182,3.6484227156861877,-0.4331045051246068,1.0984227156861879
240.03361231400004,1.969743458896696,3.6493461299483485,-0.43025654988732903,1.0993461299483487
240.0781902499998,1.9725932689523862,3.6502702509390677,-0.42740673983163885,1.1002702509390678
240.0787260410002,1.9754430461693757,3.651194473191824,-0.4245569626146493,1.1011944731918244
240.10734685499983,1.9782927905440675,3.652118796705476,-0.42170721823995755,1.1021187967054762
240.19624985100018,1.981142502072869,3.6530432214788355,-0.418857506711156,1.1030432214788357
240.2241652319999,1.98398924586985,3.6539667537137874,-0.416010762914175,1.1039667537137876
240.24712433700006,1.986832457209965,3.6548889029081475,-0.4131675515740601,1.1048889029081477
240.28010148300018,1.9896757563299459,3.6558107814118292,-0.41032425245407916,1.1058107814118294
240.30442226200012,1.9925191432040192,3.656732389216468,-0.4074808655800058,1.106732389216468
240.39959250999982,1.9953626178064128,3.6576537263137157,-0.40463739097761225,1.1076537263137158
240.41710380699988,1.9981986849440405,3.658572438690854,-0.4018013238399845,1.108572438690854
240.44192648699982,2.0010206821232237,3.6594872432670478,-0.3989793266608013,1.109487243267048
240.46716263899998,2.0038424141379996,3.660402865420962,-0.39615759464602546,1.1104028654209621
240.5040049879999,2.006663880751504,3.6613193050757364,-0.3933361280325212,1.1113193050757366
240.588863854,2.0094850817268886,3.662236562154443,-0.3905149270571365,1.1122365621544432
240.61251657899993,2.012308160148774,3.6631553310206937,-0.38769184863525125,1.1131553310206939
240.63514439400024,2.0151527776191207,3.66408161441886,-0.3848472311649043,1.1140816144188603
240.66008761000012,2.017997327888627,3.665008104165474,-0.38200268089539785,1.115008104165474
240.68375130000004,2.0208418109423207,3.665934800255663,-0.3791581978417043,1.1159348002556633
240.78835434199982,2.0236862267652356,3.666861702684549,-0.37631378201878946,1.1168617026845493
240.81175269999994,2.0265274424533786,3.667787796868355,-0.37347256633064646,1.1177877968683552
240.83860356000014,2.029350737389763,3.668708656110024,-0.370649271394262,1.1187086561100243
240.8704488520002,2.0321737902202153,3.669630257302131,-0.36782621856380976,1.119630257302131
240.8902675989998,2.0349966007497473,3.670552600381017,-0.3650034080342777,1.1205526003810173
240.97998959100005,2.0377787836841046,3.6714615054616244,-0.36222122509992044,1.1214615054616246
241.00024109900005,2.040551437398007,3.6723651273351465,-0.3594485713860181,1.1223651273351467
241.0267207769998,2.0433247467595246,3.67326673495093,-0.35667526202450045,1.12326673495093
241.0505364300002,2.046098710305354,3.6741663278332526,-0.3539012984786712,1.1241663278332528
241.07326767699988,2.048873326571848,3.675063905507456,-0.35112668221217685,1.125063905507456
241.1667958009998,2.0516654338679228,3.6759650770536734,-0.34833457491610226,1.1259650770536735
241.19828958300013,2.0544967779198844,3.6768789655566976,-0.34550323086414064,1.1268789655566978
241.21538849699982,2.05732792532996,3.6777934630575455,-0.3426720834540649,1.1277934630575457
241.24471611399986,2.0601588759671468,3.6787085695139026,-0.3398411328168783,1.1287085695139027
241.34260173600023,2.0629896297004597,3.6796242848834284,-0.3370103790835653,1.1296242848834286
241.36716325999987,2.0658146424344235,3.680538841416153,-0.33418536634960155,1.1305388414161532
241.40669301100024,2.068629074091776,3.68145099532183,-0.33137093469224915,1.1314509953218304
241.41781348199993,2.071443177934639,3.6823641600731887,-0.3285568308493861,1.1323641600731889
241.44220609000013,2.0742569535999533,3.6832783355524206,-0.3257430551840717,1.1332783355524207
241.53545469600022,2.0770704007247014,3.6841935216415806,-0.32292960805932364,1.1341935216415808
241.5595750819998,2.079883518945907,3.6851097182225976,-0.3201164898381182,1.1351097182225978
241.58392539900024,2.082704435701626,3.6860285660460366,-0.31729557308239903,1.1360285660460367
241.6164357460002,2.085525616790115,3.6869466019556447,-0.31447439199391,1.136946601955645
241.6321382699998,2.0883470619776854,3.687863825875375,-0.31165294680633965,1.137863825875375
241.7242618979999,2.0911687710306266,3.6887802377292513,-0.30883123775339844,1.1387802377292515
241.75356005599997,2.093990743715214,3.689695837441366,-0.30600926506881093,1.1396958374413662
241.77578121199986,2.0968202832234883,3.6906130755586606,-0.3031797255605367,1.1406130755586608
241.80070593500022,2.0996518436641725,3.691530324344268,-0.3003481651198526,1.1415303243442683
241.836732665,2.1024835914895115,3.6924469944690252,-0.29751641729451356,1.1424469944690254
241.84861714499993,2.1053155265812533,3.693363085894648,-0.2946844822027717,1.1433630858946482
241.87888526200004,2.1081476488211344,3.6942785985828808,-0.29185235996289066,1.144278598582881
241.95577721500013,2.11097995809088,3.6951935324954936,-0.2890200506931451,1.1451935324954938
241.98257524100018,2.1138159267832743,3.696109427382633,-0.2861840820007507,1.1461094273826333
242.00617481500012,2.116652381719675,3.6970259857059773,-0.28334762706434985,1.1470259857059775
242.0377602630001,2.1194886846176133,3.6979430144064387,-0.2805113241664117,1.1479430144064389
242.0567094339999,2.1223248353990862,3.698860513458795,-0.2776751733849388,1.148860513458795
242.12808428900007,2.1251608339860915,3.6997784828378157,-0.27483917479793357,1.149778482837816
242.1537510090002,2.127996680300636,3.7006969225182553,-0.2720033284833892,1.1506969225182555
242.1835410059998,2.130809885985544,3.7016087820738086,-0.2691901227984808,1.1516087820738088
242.22575035299997,2.133615227593408,3.702519425884819,-0.2663847811906171,1.1525194258848193
242.25704734700003,2.1364201699234457,3.7034312987994804,-0.2635798388605793,1.1534312987994806
242.3137958289999,2.1392256636811005,3.7043447090854604,-0.2607743451029246,1.1543447090854606
242.33352951200004,2.1420714604658824,3.7052719645149654,-0.25792854831814266,1.1552719645149656
242.3611771179999,2.1449173835551276,3.7061994454700704,-0.2550826252288974,1.1561994454700706
242.40481012500004,2.1477632523195425,3.707127093101281,-0.25223675646448257,1.1571270931012814
242.428770387,2.150609066749364,3.708054907405432,-0.249390942034661,1.158054907405432
242.49405200799993,2.153454826834835,3.7089828883793228,-0.24654518194919023,1.158982888379323
242.5146300800002,2.156295810511533,3.709909515971854,-0.24370419827249196,1.159909515971854
242.54000913500022,2.159125635873132,3.710833026450539,-0.24087437291089314,1.1608330264505393
242.58362509100016,2.1619552747437263,3.711757108180365,-0.23804473404029874,1.1617571081803653
242.609120437,2.1647847270080023,3.712681761123673,-0.23521528177602274,1.162681761123673
242.6769704180001,2.1676139925506477,3.713606985242778,-0.23238601623337735,1.1636069852427782
242.73136424099994,2.1704430712563636,3.7145327804999786,-0.22955693752766143,1.1645327804999788
242.73224754600005,2.1732689325715087,3.715458182383589,-0.22673107621251637,1.1654581823835892
242.77769565500012,2.1760929429154388,3.7163837340084434,-0.22390706586858627,1.1663837340084435
242.79685653700017,2.178916727085064,3.7173099754436403,-0.22108328169896124,1.1673099754436405
242.8619662189999,2.1817427904278244,3.7182377175373236,-0.21825721835620066,1.1682377175373237
242.88520403199982,2.184583004850587,3.7191701974374114,-0.21541700393343804,1.1691701974374116
242.92326606899996,2.187423305162506,3.72010241568946,-0.2125767036215192,1.1701024156894602
242.94980269100006,2.190263691339478,3.7210343722855517,-0.20973631744454707,1.1710343722855519
242.97123089000024,2.193104163357403,3.7219660672177834,-0.20689584542662193,1.1719660672177836
243.03679994899994,2.1959447211921663,3.7228975004782456,-0.2040552875918587,1.1728975004782458
243.06262109499994,2.198782980562097,3.7238278968643397,-0.20121702822192816,1.1738278968643399
243.08519261999982,2.2015996630416934,3.7247516780703833,-0.19840034574233162,1.1747516780703835
243.12879585600012,2.2044160595651747,3.7256763307241005,-0.1955839492188503,1.1756763307241007
243.14771867199988,2.207232169862926,3.726601854736973,-0.19276783892109922,1.176601854736973
243.2206780229999,2.2100623397231223,3.727532864277986,-0.18993766906090276,1.1775328642779863
243.244697308,2.212907827128395,3.7284691399792758,-0.18709218165562996,1.178469139979276
243.2691306239999,2.215753278545733,3.72940552504642,-0.18424673023829202,1.1794055250464202
243.31083304699996,2.218598693970929,3.7303420194780372,-0.18140131481309624,1.1803420194780374
243.34163282100008,2.2214440733997836,3.731278623272741,-0.17855593538424147,1.1812786232727412
243.40621912400002,2.2242894168280904,3.732215336429149,-0.17571059195593458,1.1822153364291492
243.4287141310001,2.2271365878908713,3.7331527074864543,-0.1728634208931537,1.1831527074864545
243.45111971799997,2.2299841012918495,3.7340901344575026,-0.1700159074921755,1.1840901344575028
243.4921624120002,2.232831632163416,3.735027508358495,-0.16716837662060918,1.1850275083584951
243.51201559599986,2.235679180504587,3.7359648291891077,-0.164320828279438,1.1859648291891078
243.58630588899996,2.2385267463143688,3.736902096949012,-0.16147326246965626,1.1869020969490123
243.60831291700015,2.2413743295917716,3.737839311637884,-0.1586256791922534,1.1878393116378843
243.63038578499982,2.24420741063301,3.7387714964173555,-0.15579259815101493,1.1887714964173557
243.67023507300019,2.2470398720370315,3.739702979800197,-0.15296013674699355,1.189702979800197
243.7390738439999,2.249872481187369,3.7406340137948533,-0.1501275275966561,1.1906340137948535
243.77392419699981,2.2527024894470387,3.7415636897890074,-0.14729751933698637,1.1915636897890076
243.78857182899992,2.2555171584016835,3.7424874986551315,-0.1444828503823415,1.1924874986551317
243.81009553800004,2.2583321282852684,3.743410390143808,-0.14166788049875662,1.193410390143808
243.85076142300022,2.261147398798796,3.744332364157013,-0.13885260998522903,1.1943323641570132
243.91716917199983,2.263962969643236,3.7452534205968138,-0.13603703914078885,1.195253420596814
243.94480458999988,2.266778840519527,3.746173559365378,-0.1332211682644982,1.1961735593653784
243.98115728499988,2.269601881277497,3.7470950525278655,-0.13039812750652807,1.1970950525278656
243.98681614399993,2.2724419067117414,3.748021579258856,-0.12755810207228363,1.1980215792588562
244.02435019999984,2.2752820337928004,3.7489477943601326,-0.12471797499122467,1.1989477943601328
244.0936002899998,2.278122262486478,3.7498736978205476,-0.12187774629754694,1.1998736978205478
244.12468662399988,2.2809417060625696,3.7507927156113308,-0.1190583027214554,1.200792715611331
244.14612113300018,2.283739953341316,3.7517061083098433,-0.11626005544270918,1.2017061083098435
244.18158724900013,2.286537753406385,3.7526208699458055,-0.11346225537764015,1.2026208699458056
244.20655072399995,2.289335105588071,3.753537000300253,-0.11066490319595396,1.203537000300253
244.2821120839999,2.2921320092167803,3.754454499153893,-0.10786799956724474,1.204454499153893
244.31297489200006,2.29492932193114,3.755373634526601,-0.10507068685288484,1.2053736345266013
244.33407980099992,2.297734365606717,3.756295165153086,-0.10226564317730796,1.2062951651530862
244.358270962,2.3005397880938454,3.7572155419162154,-0.09946022069017962,1.2072155419162156
244.39735793699992,2.3033455889178858,3.758134764660273,-0.09665441986613926,1.2081347646602731
244.46861029899992,2.3061517676041348,3.759052833229736,-0.09384824117989027,1.2090528332297361
244.4968311839998,2.308958323677814,3.7599697474692784,-0.09104168510621108,1.2099697474692785
244.51685158600003,2.3117691962565097,3.760886814396875,-0.08823081252751536,1.2108868143968752
244.54236524099997,2.3145862978203455,3.761804861956771,-0.0854137109636795,1.2118048619567712
244.5755936999999,2.3174036942924,3.7627220040736007,-0.08259631449162491,1.2127220040736009
244.6618621839998,2.3202213853816533,3.763638240652629,-0.07977862340237168,1.2136382406526294
244.684046632,2.323024650229882,3.7645485813892425,-0.07697535855414289,1.2145485813892427
244.70919759200024,2.325828329984691,3.7654576434875167,-0.0741716787993339,1.2154576434875168
244.73958615799984,2.328632424062862,3.766365426758347,-0.07136758472116306,1.216365426758347
244.76589001499997,2.331436931881094,3.7672719310128997,-0.0685630769029309,1.2172719310128999
244.845001401,2.334241852855991,3.768177156062604,-0.06575815592803386,1.218177156062604
244.88667924699985,2.337052956015373,3.769082996863565,-0.06294705276865203,1.2190829968635652
244.89237924300005,2.3398714474043723,3.7699901091286323,-0.06012856137965277,1.2199901091286325
244.91744867399984,2.342690246263486,3.7708962654965705,-0.057309762520538814,1.2208962654965707
244.946126543,2.345509352268521,3.771801465863161,-0.05449065651550416,1.221801465863161
245.0280091909999,2.3483287650952467,3.7727057101242942,-0.05167124368877834,1.2227057101242944
245.0471736039999,2.3511484844194004,3.7736089981759746,-0.048851524364624636,1.2236089981759748
245.08283085699986,2.3539836158757543,3.774516264619597,-0.04601639290827069,1.2245162646195973
245.0952820880002,2.356839128433731,3.775429848567027,-0.04316088035029391,1.225429848567027
245.12581229099987,2.3596946560561443,3.7763433854274724,-0.040305352727880765,1.2263433854274726
245.2109845609998,2.36254598797619,3.7772555346588317,-0.037454020807834935,1.2272555346588319
245.235427953,2.3653592319424934,3.778156215933336,-0.0346407768415316,1.2281562159333363
245.2583774579998,2.368172115889329,3.7790580209420774,-0.031827892894695835,1.2290580209420776
245.29820829300024,2.370984639367832,3.7799609495411475,-0.029015369416193034,1.2299609495411477
245.3081757750001,2.3737968019291897,3.780865001586462,-0.02620320685483529,1.2308650015864622
245.39205593099996,2.3766086031246534,3.7817701769337573,-0.02339140565937164,1.2317701769337575
245.41582679500016,2.379424430461023,3.7826777596300665,-0.020575578323001994,1.2326777596300666
245.44713876200012,2.382248465050539,3.7835875465163173,-0.017751543733485916,1.2335875465163175
245.46989400099983,2.3850727599962807,3.7844965248442195,-0.014927248787744369,1.2344965248442197
245.50736913899982,2.3878973150667493,3.7854046945392685,-0.012102693717275731,1.2354046945392687
245.5774490509998,2.3907221300304276,3.786312055527024,-0.009277878753597474,1.2363120555270242
245.59987383499993,2.3935472046557713,3.787218607733111,-0.006452804128253714,1.2372186077331113
245.6261438309998,2.396364791607146,3.788121807829747,-0.003635217176878808,1.2381218078297471
245.64630480899996,2.3991763878179353,3.789021841319041,-0.000823620966089728,1.2390218413190413
245.67164277600023,2.4019883571046745,3.7899207085310356,0.0019883483206494853,1.2399207085310358
245.7584029919999,2.404800698983586,3.7908184093110866,0.004800690199560925,1.2408184093110868
245.78394157999992,2.4076486398420744,3.7917266642963066,0.007648631058049421,1.2417266642963067
245.80608795699982,2.410499520637835,3.792635645616328,0.010499511853809767,1.2426356456163283
245.83500780399982,2.4133504622062745,3.79354443631011,0.013350453422249447,1.2435444363101102
245.85750446300017,2.416201464534655,3.79445303637359,0.01620145575062976,1.2444530363735904
245.95829782400006,2.419052527610222,3.795361445802711,0.01905251882619691,1.2453614458027111
246.016456328,2.4218984534376458,3.7962679531205863,0.021898444653620733,1.2462679531205865
246.01792635599986,2.424742757302683,3.7971735423353796,0.024742748518657934,1.2471735423353798
246.03428982100013,2.4275871789605454,3.798078761499399,0.027587170176520407,1.2480787614993991
246.05732949799994,2.430431718363084,3.798983610597328,0.03043170957905911,1.2489836105973282
246.15434794600014,2.433276375462153,3.7998880896138476,0.03327636667812812,1.2498880896138478
246.17677340499995,2.4361004966881254,3.8007861248822707,0.03610048790410043,1.250786124882271
246.2272523470001,2.438919173046754,3.801683526307186,0.038919164262729074,1.2516835263071862
246.22791943099992,2.4417375232250143,3.8025819515989285,0.04173751444098923,1.2525819515989287
246.2518110699998,2.4445555468509905,3.8034814006389386,0.0445555380669655,1.2534814006389388
246.35075599099991,2.4473732435528115,3.804381873308524,0.04737323476878647,1.2543818733085241
246.37176916299995,2.45020562618425,3.8052880536840097,0.05020561740022517,1.2552880536840099
246.40652089200012,2.4530509609609563,3.8061987969149595,0.053050952176931294,1.2561987969149597
246.44490752699994,2.4558961973570677,3.807109847448414,0.055896188573042634,1.2571098474484144
246.45419479800012,2.4587413353393903,3.8080212052737474,0.0587413265553653,1.2580212052737476
246.55108185500012,2.461586374874742,3.8089328703803313,0.061586366090716944,1.2589328703803315
246.57582509199983,2.4644349632001035,3.8098459807800515,0.06443495441607844,1.2598459807800517
246.60051708699984,2.467285924719432,3.8107600317810486,0.06728591593540706,1.2607600317810488
246.6212372,2.4701368379564195,3.8116742333629197,0.07013682917239444,1.2616742333629198
246.65852512699985,2.4729877029031093,3.8125885855231108,0.07298769411908429,1.262588585523111
246.73591635100001,2.475838519551551,3.813503088259065,0.07583851076752607,1.263503088259065
246.75931571499996,2.4786859576419866,3.8144166753097086,0.0786859488579616,1.2644166753097088
246.7844100809998,2.4814697887236794,3.8153110380359694,0.08146977993965437,1.2653110380359696
246.80810202200018,2.4842530298815197,3.8162072349087786,0.08425302109749472,1.2662072349087787
246.8345959090002,2.4870356799070685,3.817105265539022,0.0870356711230435,1.2671052655390223
246.92406632600023,2.489857223171338,3.8180174385659456,0.08985721438731303,1.2680174385659457
246.9503359989999,2.4927067033650303,3.8189386327237895,0.09270669458100528,1.2689386327237897
246.9751117249998,2.4955562259918898,3.819859695615036,0.09555621720786472,1.269859695615036
247.00009652100016,2.498405791045873,3.8207806272377316,0.09840578226184776,1.2707806272377318
247.0239767510002,2.5012553985209416,3.821701427589927,0.10125538973691656,1.2717014275899272
247.11740230900023,2.5041017444540463,3.822621050065496,0.10410173567002129,1.2726210500654962
247.1587678830001,2.506938099201252,3.823537778150709,0.10693809041722696,1.2735377781507093
247.1603371619999,2.5097743015389993,3.8244549776565946,0.10977429275497425,1.2744549776565948
247.18215513299992,2.512610351388926,3.8253726485578126,0.11261034260490094,1.2753726485578127
247.2063140270002,2.51544624867269,3.82629079082901,0.11544623988866481,1.2762907908290102
247.300884278,2.5182819933119465,3.827209404444827,0.11828198452792144,1.277209404444827
247.32252490500014,2.5211150731005296,3.828127701858014,0.1211150643165046,1.2781277018580144
247.36172753900019,2.5239471384143624,3.829046282954735,0.12394712963033733,1.2790462829547353
247.37521643299988,2.5267790230513953,3.8299654209071745,0.12677901426737032,1.2799654209071747
247.47006032199988,2.529610726902134,3.8308851156797887,0.12961071811810893,1.280885115679789
247.49830353400012,2.5324422498570964,3.8318053672370236,0.1324422410730714,1.2818053672370238
247.51867218200005,2.5352814946633555,3.8327286895692456,0.13528148587933048,1.2827286895692458
247.54270907399996,2.5381285603292425,3.8336547780416743,0.13812855154521747,1.2836547780416745
247.58462566300022,2.540975577012577,3.8345810170871966,0.14097556822855178,1.2845810170871967
247.6715310059999,2.543822544705396,3.835507406703219,0.1438225359213709,1.285507406703219
247.69537338300006,2.546669463399734,3.8364339468871633,0.14666945461570918,1.2864339468871635
247.714827238,2.549514725233083,3.837360092333295,0.14951471644905817,1.2873600923332953
247.7380710110001,2.552356279526123,3.8382848298356516,0.15235627074209818,1.2882848298356517
247.76450458699992,2.555197928064429,3.8392092776888544,0.155197919280404,1.2892092776888546
247.86802399599992,2.5580396708184785,3.8401334358833,0.15803966203445347,1.2901334358833
247.8918178570002,2.5608815077587446,3.8410573044093885,0.16088149897471954,1.2910573044093887
247.9119925099999,2.563722215350304,3.841980495497068,0.16372220656627906,1.2919804954970684
247.93600237200008,2.5665559364975157,3.842901653076762,0.16655592771349065,1.292901653076762
247.95846110399998,2.569389495397494,3.843823309621884,0.1693894866134688,1.2938233096218843
247.979631358,2.5722228919623764,3.844745465103851,0.17222288317835138,1.2947454651038512
248.03298062400017,2.5750561261043092,3.8456681194940727,0.1750561173202842,1.295668119494073
248.10930100799987,2.577889197735448,3.8465912727639426,0.17788918895142286,1.2965912727639428
248.13754505399993,2.580666488886569,3.847495465837152,0.18066648010254388,1.297495465837152
248.15925248800022,2.5834444002371106,3.848397751701108,0.1834443914530856,1.298397751701108
248.18519950600012,2.586222930477359,3.8492981299304034,0.18622292169333393,1.2992981299304036
248.2272399200001,2.589002078297312,3.850196600100533,0.18900206951328696,1.3001966001005334
248.28926746800016,2.591781842386677,3.8510931617878934,0.19178183360265194,1.3010931617878936
248.318777298,2.5945693839986,3.851990276919608,0.1945693752145749,1.3019902769196081
248.33866289900016,2.597374581921513,3.8528936269033696,0.19737457313748802,1.3028936269033697
248.3866329980001,2.600179365098892,3.8537982637961026,0.20017935631486677,1.3037982637961028
248.4202966339999,2.6029837329403684,3.8547041874073997,0.20298372415634341,1.3047041874074
248.47738134200017,2.60578768485565,3.85561139754657,0.2057876760716248,1.3056113975465702
248.49894748499992,2.6085912202545263,3.8565198940226546,0.20859121147050125,1.3065198940226548
248.52764892000005,2.6113678353908276,3.8574213114279683,0.2113678266068026,1.3074213114279685
248.57333787100015,2.614129492038087,3.858320339281463,0.21412948325406184,1.308320339281463
248.59445771899982,2.6168904021363337,3.8592216571766094,0.2168903933523087,1.3092216571766095
248.66281679299982,2.619651514599528,3.8601255742645053,0.21965150581550302,1.3101255742645055
248.68550226100024,2.6224649496723678,3.861048352497437,0.22246494088834273,1.311048352497437
248.7136829430001,2.625278908728395,3.861972335070137,0.22527889994436995,1.3119723350701373
248.76118897700007,2.628092561527673,3.862897249816878,0.22809255274364787,1.3128972498168783
248.7816212570001,2.6309059077614094,3.863823096636153,0.2309058989773844,1.313823096636153
248.84795259300017,2.6337189471208324,3.8647498754263476,0.2337189383368074,1.3147498754263478
248.88682110299987,2.6365217254223783,3.865674030718062,0.23652171663835325,1.3156740307180623
248.89974006400007,2.6393126098526194,3.866593014778978,0.23931260106859437,1.3165930147789782
248.94263876000014,2.642103985348107,3.867510506168777,0.24210397656408217,1.317510506168777
248.96173326999997,2.644895851110508,3.8684265046250563,0.24489584232648282,1.3184265046250565
249.0291217160002,2.647688206341342,3.8693410098858374,0.2476881975573168,1.3193410098858376
249.05464273100006,2.650481050241994,3.870254021689571,0.2504810414579692,1.3202540216895713
249.09455656399996,2.6533000134901594,3.8711742034360617,0.2533000047061344,1.3211742034360618
249.11573635700006,2.656126503058755,3.872096093113815,0.25612649427473005,1.322096093113815
249.13868956399983,2.658953208010451,3.8730173221707744,0.25895319922642596,1.3230173221707746
249.21412657400015,2.6617832565766575,3.873938918473468,0.26178324779263246,1.323938918473468
249.24058534200003,2.6646320338726373,3.874866418423272,0.2646320250886122,1.3248664184232721
249.26665207799988,2.667480778707991,3.8757940180685915,0.2674807699239658,1.3257940180685917
249.32886032199985,2.670329491079236,3.8767217174082984,0.2703294822952111,1.3267217174082986
249.33387352299997,2.673178170982886,3.8776495164412337,0.2731781621988611,1.3276495164412339
249.4147926390001,2.676023500660047,3.8785763248502305,0.276023491876022,1.3285763248502307
249.43835334000005,2.6788501412344146,3.8794966123440147,0.27885013245038953,1.3294966123440148
249.46309365700017,2.681676999629529,3.8804162305375236,0.28167699084550385,1.3304162305375238
249.504672776,2.6845040756869163,3.8813351793792013,0.28450406690289126,1.3313351793792014
249.53838575300006,2.687331369248084,3.882253458817531,0.287331360464059,1.3322534588175312
249.59823164699992,2.6901588801545238,3.88317106880103,0.2901588713704987,1.3331710688010303
249.61985057399988,2.6929944843646516,3.884090662488352,0.2929944755806266,1.3340906624883524
249.64731493499994,2.695839723318698,3.8850134731266017,0.2958397145346731,1.335013473126602
249.6819762350001,2.698684891465896,3.8859365020502454,0.2986848826818708,1.3359365020502456
249.70904009000014,2.7015299887894932,3.886859749253846,0.3015299800054682,1.336859749253846
249.78303280499995,2.7043750152727486,3.887783214731964,0.30437500648872357,1.3377832147319642
249.8017010980002,2.7072199708989158,3.888706898479171,0.3072199621148907,1.3387068984791712
249.83436279299985,2.7100644637188576,3.889630677120287,0.31006445493483253,1.339630677120287
249.8677645900002,2.712908713693524,3.8905546334087577,0.3129087049094989,1.340554633408758
249.9590139080001,2.7157528880721302,3.891478822375087,0.3157528792881052,1.341478822375087
250.00140290399986,2.7185969868356383,3.8924032440130927,0.3185969780516133,1.3424032440130929
250.00468218700007,2.7214410099650155,3.893327898316582,0.32144100118099045,1.3433278983165824
250.0286489260002,2.724284614180037,3.894252677564744,0.32428460539601195,1.3442526775647443
250.063896055,2.7271280536730336,3.8951776724791753,0.32712804488900854,1.3451776724791755
250.14005782899994,2.729971413879148,3.8961029110864316,0.3299714050951232,1.3461029110864318
250.16452119399992,2.732814651148846,3.897028379270627,0.3328146423648208,1.3470283792706272
250.20609497099986,2.7356575604554347,3.8979540154989696,0.3356575516714097,1.3479540154989698
250.20706280800005,2.7385003879672376,3.898879902906185,0.3385003791832126,1.348879902906185
250.2448325280002,2.7413431336620624,3.899806041485051,0.34134312487803736,1.349806041485051
250.31226815599985,2.7441857975177175,3.900732431228338,0.3441857887336925,1.3507324312283382
250.340713908,2.7470283795120096,3.9016590721288065,0.3470283707279846,1.3516590721288066
250.36189480600024,2.7498663504294942,3.902584496725056,0.3498663416454692,1.352584496725056
250.38566913700015,2.752678429361504,3.903502300150687,0.35267842057747906,1.3535023001506872
250.44105917100023,2.755490174547885,3.904421125517564,0.35549016576386,1.3544211255175642
250.5152395969999,2.7583015856172537,3.9053409727043253,0.35830157683322866,1.3553409727043255
250.54152888199997,2.761112662198267,3.906261841589475,0.3611126534142421,1.3562618415894754
250.56419614700008,2.763929564821179,3.9071857303982043,0.36392955603715377,1.3571857303982044
250.59229156599986,2.7667661543854742,3.9081166812752026,0.3667661456014492,1.3581166812752028
250.63811244099998,2.769602626531887,3.9090479898461488,0.3696026177478621,1.359047989846149
250.71427195200022,2.7724393667363305,3.9099797793375712,0.3724393579523055,1.3599797793375714
250.73577337000006,2.7752795704673883,3.910912696760064,0.37527956168336324,1.3609126967600642
250.76075280900022,2.778119859106632,3.911845355645662,0.3781198503226068,1.361845355645662
250.78585906299986,2.7809602326305263,3.91277775598664,0.38096022384650124,1.3627777559866403
250.82734818300014,2.7838006910155366,3.9137098977752762,0.3838006822315116,1.3637098977752764
250.90864023699987,2.7866412342381284,3.9146417810038447,0.38664122545410334,1.364641781003845
250.93842671599987,2.7894501808991614,3.9155625639385865,0.3894501721151364,1.3655625639385867
250.95825268499993,2.7922594783643393,3.9164822760183173,0.39225946958031427,1.3664822760183175
250.9889293289998,2.795069126225417,3.9174009171093824,0.395069117441392,1.3674009171093826
251.0214277089999,2.7978791240740994,3.9183184870782877,0.3978791152900744,1.3683184870782878
251.1020066760002,2.800689471502048,3.919234985791695,0.4006894627180228,1.369234985791695
251.14114339700018,2.8035006080815332,3.920150978352734,0.4035005992975082,1.3701509783527341
251.15362309600005,2.8063118345291564,3.921067971533841,0.4063118257451314,1.371067971533841
251.1776298650002,2.8091227190780415,3.9219860122121095,0.4091227102940164,1.3719860122121097
251.21594173199992,2.8119332613378636,3.92290510026006,0.41193325255383856,1.37290510026006
251.29556806600021,2.814743460918357,3.9238252355500687,0.4147434521343318,1.3738252355500689
251.3228321900001,2.8175674614377217,3.9247507578881375,0.4175674526536967,1.3747507578881377
251.36395662099994,2.820401340022713,3.925679162619773,0.420401331238688,1.375679162619773
251.37288843299984,2.82323536275818,3.9266071272285075,0.42323535397415485,1.3766071272285076
251.401944017,2.826069529575764,3.927534651691959,0.42606952079173904,1.3775346516919593
251.48281480600008,2.828903840407108,3.92846173598776,0.4289038316230828,1.3784617359877602
251.5096317980001,2.831734440618346,3.9293871241338563,0.43173443183432075,1.3793871241338564
251.54023862099984,2.834491466075608,3.9302896819159456,0.43449145729158317,1.3802896819159458
251.57453544300006,2.8372477161227923,3.9311946048956714,0.4372477073387672,1.3811946048956716
251.5940274049999,2.840003188730863,3.9321018924068714,0.4400031799468382,1.3821018924068715
251.67308894500002,2.8427578818713437,3.9330115437816358,0.4427578730873187,1.383011543781636
251.69565839899997,2.845511793516323,3.9339235583503083,0.44551178473229797,1.3839235583503084
251.71874576400023,2.8482924789410284,3.9348468896595903,0.4482924701570034,1.3848468896595905
251.73946293400013,2.8511355342549636,3.9357915060724387,0.45113552547093855,1.3857915060724388
251.77459786200006,2.85397855579251,3.9367362241376087,0.4539785470084849,1.3867362241376089
251.8545140340002,2.85682154355002,3.9376810438538907,0.45682153476599513,1.387681043853891
251.87553147200015,2.859631747275904,3.938614667283305,0.45963173849187905,1.388614667283305
251.89841013900013,2.8624313846117353,3.9395434692909115,0.46243137582771027,1.3895434692909117
251.92043353100007,2.8652314266966212,3.9404710503948452,0.4652314179125962,1.3904710503948454
251.94328075900012,2.8680318729981353,3.941397410418731,0.4680318642141103,1.391397410418731
252.03508643199984,2.8708327229837716,3.942322549186418,0.47083271419974654,1.3923225491864182
252.06140559999994,2.873634187692186,3.9432465662787592,0.4736341789081608,1.3932465662787594
252.08534861599992,2.8764367978327217,3.9441713106227634,0.47643678904869663,1.3941713106227636
252.1117936380001,2.8792390168816855,3.9450972394014374,0.47923900809766046,1.3950972394014376
252.13286441299988,2.8820408443385195,3.9460243524493848,0.48204083555449445,1.396024352449385
252.22114960999988,2.884832028552921,3.9469491705719104,0.48483201976889617,1.3969491705719106
252.26851347799993,2.8875825383545317,3.9478590746413342,0.4875825295705067,1.3978590746413344
252.27749598299988,2.890333858458097,3.948766525616354,0.49033384967407206,1.3987665256163542
252.301580413,2.8930859866757794,3.949671522775366,0.4930859778917544,1.3996715227753662
252.32419057000016,2.895838920819089,3.9505740653987163,0.49583891203506386,1.4005740653987164
252.42176952699992,2.8986104346809882,3.951480100671927,0.4986104258969632,1.401480100671927
252.46076215499988,2.901447353356051,3.9524071529044362,0.5014473445720262,1.4024071529044364
252.46415152100008,2.9042841478663117,3.953334585013793,0.5042841390822868,1.403334585013793
252.48963804899995,2.907120818160879,3.9542623969833604,0.507120809376854,1.4042623969833605
252.51451137999993,2.9099573641888834,3.955190588796501,0.5099573554048584,1.405190588796501
252.61268796600007,2.9127944641492904,3.956119374497918,0.5127944553652655,1.4061193744979184
252.63346625299982,2.9156354043145165,3.9570493830166344,0.5156353955304915,1.4070493830166346
252.69400512999982,2.9184764307879676,3.9579791278442116,0.5184764220039426,1.4079791278442118
252.6946532920001,2.9213175435451735,3.9589086089726426,0.5213175347611485,1.4089086089726428
252.7090922739999,2.924158742561657,3.959837826393919,0.5241587337776319,1.409837826393919
252.8014833850002,2.92700002781294,3.9607667801000357,0.527000019028915,1.4107667801000359
252.8232455450002,2.9298154376239154,3.961686745915802,0.5298154288398904,1.411686745915802
252.85002733500005,2.93261722875775,3.96260090939824,0.5326172199737251,1.4126009093982401
252.89387768699999,2.9354194382674224,3.963513789617199,0.5354194294833974,1.4135137896171992
252.89766606400008,2.9382220655651787,3.9644253863812065,0.5382220567811538,1.4144253863812066
252.98755309299986,2.941025110063172,3.9653356994990547,0.5410251012791472,1.415335699499055
253.00872859799983,2.9438285711734777,3.9662447287798113,0.5438285623894528,1.4162447287798114
253.03054740700009,2.946624586965273,3.9671498178854345,0.5466245781812482,1.4171498178854347
253.0518116899998,2.949421081962868,3.968053425281116,0.5494210731788431,1.418053425281116
253.0845347610002,2.952218055381046,3.968955550713135,0.5522180465970212,1.418955550713135
253.17614134699988,2.9550118137757773,3.969855081190691,0.5550118049917523,1.4198550811906911
253.19640008399983,2.957790618038549,3.970750729901154,0.557790609254524,1.4207507299011541
253.2215307299998,2.9605687973734653,3.971648315176437,0.5605687885894404,1.4216483151764372
253.2423667490002,2.9633463504309225,3.9725478365805102,0.5633463416468976,1.4225478365805104
253.26285288100007,2.966123275861618,3.9734492936763965,0.5661232670775931,1.4234492936763967
253.35894263599994,2.968899572316558,3.9743526860261795,0.5688995635325331,1.4243526860261797
253.37677743799986,2.971735494648364,3.9752767337899924,0.5717354858643389,1.4252767337899925
253.40310935200023,2.9745838374540337,3.9762047227224304,0.5745838286700087,1.4262047227224306
253.43187111999987,2.977432214838489,3.9771326055130163,0.5774322060544641,1.4271326055130165
253.4512081859998,2.9802806267977715,3.9780603821604656,0.5802806180137465,1.4280603821604658
253.55125215399994,2.9831290733279294,3.9789880526634924,0.5831290645439045,1.4289880526634926
253.58944742199992,2.985962858938883,3.9799106847142878,0.5859628501548579,1.429910684714288
253.603603173,2.988790530925055,3.9808306361868904,0.5887905221410299,1.4308306361868905
253.62536382400003,2.9916184136668753,3.9817499396035365,0.5916184048828503,1.4317499396035367
253.71827161600004,2.994446507015813,3.982668594915938,0.5944464982317879,1.4326685949159383
253.74285064600008,2.9972748108233422,3.983586602075849,0.5972748020393173,1.4335866020758492
253.76303332399993,3.000103119949885,3.984503893987938,0.6001031111658599,1.4345038939879382
253.80637892599998,3.0029308243658437,3.985420253746872,0.6029308155818187,1.435420253746872
253.8168239810002,3.005758747272415,3.9863359390128403,0.6057587384883902,1.4363359390128405
253.92146386900004,3.0085868885087144,3.987250949733749,0.6085868797246894,1.4372509497337491
253.94621736199997,3.011415247913839,3.9881652858575425,0.6114152391298142,1.4381652858575427
253.96870932699994,3.0142491071634425,3.9890806723178827,0.6142490983794175,1.4390806723178828
254.011089825,3.0170994466997008,3.990001078525212,0.6170994379156758,1.4400010785252122
254.02270822299988,3.0199498240430485,3.9909213676422484,0.6199498152590235,1.4409213676422485
254.12004308199994,3.0228002391886855,3.991841539667459,0.6228002304046605,1.4418415396674593
254.14013165999995,3.025650692131789,3.992761594599278,0.625650683347764,1.4427615945992782
254.1681544070002,3.028494619923589,3.993679453981904,0.6284946111395642,1.443679453981904
254.19449203400018,3.0313231049700744,3.994592863820835,0.6313230961860494,1.444592863820835
254.2379440069999,3.0341513707596754,3.9955069523370232,0.6341513619756505,1.4455069523370234
254.2445838409999,3.036979417129544,3.9964217194778393,0.6369794083455189,1.4464217194778395
254.2675344180002,3.0398072439168513,3.99733716519061,0.6398072351328263,1.4473371651906102
254.3459666980002,3.0426348509587777,3.998253289422631,0.6426348421747528,1.448253289422631
254.37708936299987,3.0454586902179104,3.999168538378184,0.6454586814338854,1.449168538378184
254.4022567830002,3.048281199531955,4.000082533076183,0.6482811907479302,1.4500825330761833
254.4411924169999,3.0511039716586055,4.000995715783454,0.6511039628745805,1.4509957157834545
254.45607154400022,3.0539270063642614,4.001908086424423,0.6539269975802364,1.4519080864244236
254.5331761100001,3.0567503034153067,4.002819644923592,0.6567502946312818,1.4528196449235926
254.56427205699993,3.0595721537989085,4.003729902133892,0.6595721450148835,1.453729902133892
254.5877625359999,3.0623887776982377,4.004639002369881,0.6623887689142127,1.4546390023698814
254.63569501500024,3.0652050839199347,4.0055490862643675,0.6652050751359098,1.4555490862643676
254.6674779750001,3.0680210721204673,4.006460153706337,0.6680210633364423,1.4564601537063373
254.72736798699998,3.0708478334966647,4.007375649637724,0.6708478247126397,1.457375649637724
254.75003867099986,3.0736888337867607,4.008295604617633,0.6736888250027357,1.458295604617633
254.772438427,3.0765299438037386,4.0092152206705665,0.6765299350197136,1.4592152206705666
254.82448990500006,3.0793711635071626,4.010134497783446,0.6793711547231376,1.4601344977834465
254.84382447899998,3.0822124928565993,4.011053435943182,0.6822124840725743,1.4610534359431826
254.91589695699986,3.085054159433711,4.011972116646307,0.6850541506496861,1.461972116646307
254.94027213400022,3.0878971067737737,4.012891287362853,0.6878970979897487,1.4628912873628535
254.9632455750002,3.090739957278425,4.013810757532439,0.6907399484944001,1.463810757532439
255.00952449299984,3.0935827109161176,4.014730527144859,0.6935827021320926,1.4647305271448587
255.0362884279998,3.0964253676553133,4.015650596189907,0.6964253588712883,1.4656505961899073
255.10197141400022,3.0992679274644717,4.016570964657377,0.6992679186804467,1.466570964657377
255.1370801779999,3.102116511490291,4.017493562720193,0.7021165027062661,1.4674935627201933
255.145525335,3.1049691475722123,4.018417536271513,0.7049691387881873,1.468417536271513
255.1905126239999,3.1078217719860755,4.019341545845528,0.7078217632020505,1.469341545845528
255.21673618100021,3.1106743847314227,4.020265591442087,0.7106743759473977,1.4702655914420868
255.29203447300006,3.1135269858077956,4.021189673061043,0.7135269770237707,1.4711896730610432
255.31212618500012,3.1163772311055995,4.0221130253817,0.7163772223215745,1.4721130253817005
255.3471468429998,3.119214270106321,4.023031803182914,0.7192142613222958,1.4730318031829146
255.37925931200016,3.122051451575877,4.023950140946717,0.7220514427918521,1.4739501409467168
255.400141223,3.12488877544602,4.024868038651012,0.7248887666619952,1.474868038651012
255.47157645900006,3.127728614648529,4.025786268491488,0.7277286058645038,1.475786268491488
255.49294363399986,3.1305819671149298,4.0267086692805565,0.7305819583309048,1.4767086692805567
255.51599476,3.1334353296512103,4.027631038918903,0.7334353208671853,1.4776310389189034
255.5572662149998,3.136288702257031,4.028553377406417,0.7362886934730062,1.478553377406417
255.57756543899995,3.139142084932051,4.029475684742986,0.7391420761480259,1.4794756847429857
255.65539771800013,3.1419954776759313,4.030397960928498,0.7419954688919064,1.4803979609284985
255.67440959299984,3.144814573612782,4.031308728472702,0.744814564828757,1.481308728472702
255.69836765799982,3.1476254227775127,4.0322156045934445,0.7476254139934877,1.4822156045934447
255.73814906799998,3.1504366370054044,4.033121348425975,0.7504366282213795,1.4831213484259749
255.78950536499997,3.153248215840333,4.034025959823334,0.7532482070563082,1.4840259598233345
255.8373048829999,3.1560601588261243,4.034929438638754,0.7560601500420994,1.484929438638754
255.85960540299993,3.158873059758012,4.035831975690761,0.7588730509739872,1.4858319756907612
255.88184491399988,3.161697564111591,4.036737166129209,0.761697555327566,1.4867371661292088
255.92145942100024,3.1645223350209375,4.037641524400541,0.7645223262369125,1.4876415244005408
255.94131192900022,3.1673473722408834,4.038545050426266,0.7673473634568584,1.488545050426266
256.01529758900006,3.170175222788498,4.039448562308402,0.7701752140044729,1.489448562308402
256.0367193530001,3.173032550408103,4.040361124750256,0.7730325416240782,1.4903611247502564
256.0589608119999,3.1758898741933295,4.041273699197857,0.7758898654093045,1.4912736991978575
256.09826316,3.1787471941441274,4.042186285651192,0.7787471853601025,1.4921862856511918
256.1661204960001,3.1816045102604447,4.043098884110243,0.7816045014764197,1.4930988841102435
256.20186965899984,3.1844618225422368,4.044011494574996,0.7844618137582118,1.4940114945749965
256.22106107699983,3.1873029311980074,4.044919068852478,0.7873029224139825,1.4949190688524778
256.24333553199995,3.1901305944009075,4.045823110642173,0.7901305856168825,1.4958231106421733
256.28262269800007,3.1929580119874807,4.046727920311485,0.7929580032034558,1.4967279203114856
256.3513082180002,3.195785183749205,4.047633497793681,0.7957851749651801,1.4976334977936814
256.37844189999987,3.198613411991516,4.048540249632725,0.798613403207491,1.4985402496327254
256.41530683300016,3.2014422765010226,4.049447996093718,0.8014422677169977,1.4994479960937186
256.4215678690002,3.204270912293377,4.05035645501122,0.804270903509352,1.5003564550112198
256.46133543099995,3.20709931918915,4.051265626327604,0.8070993104051252,1.501265626327604
256.53019584899994,3.20992749700892,4.052175509985196,0.8099274882248952,1.5021755099851966
256.55995608700005,3.212755445573281,4.053086105926276,0.812755436789256,1.5030861059262763
256.57912754200015,3.215563464340467,4.053991342006185,0.8155634555564419,1.5039913420061852
256.6192413240001,3.2183710931339164,4.054897786883369,0.8183710843498915,1.5048977868833688
256.6434314459998,3.2211783314332783,4.055805440389829,0.8211783226492533,1.505805440389829
256.72464784500016,3.2239851787182547,4.056714302357341,0.8239851699342298,1.5067143023573415
256.7528762940001,3.2267916344686345,4.057624372617463,0.8267916256846095,1.507624372617463
256.7723629729999,3.2295890336840105,4.058532097669596,0.8295890248999855,1.5085320976695966
256.8005904649999,3.232383081140341,4.059437184145623,0.8323830723563161,1.5094371841456233
256.8352552340002,3.235177622472128,4.060340744582033,0.8351776136881028,1.5103407445820336
256.91940145399985,3.2379726568458853,4.0612427787093335,0.8379726480618603,1.5112427787093337
256.943046807,3.2407681834279845,4.062143286258489,0.8407681746439595,1.512143286258489
256.96880212199994,3.2435755705748672,4.063045976139677,0.8435755617908423,1.5130459761396775
256.98956705599994,3.2464285530514614,4.06396290969982,0.8464285442674364,1.5139629096998206
257.0187871349999,3.249281509389161,4.064879924585606,0.849281500605136,1.514879924585606
257.0987067350002,3.2521344395856366,4.065797020796274,0.8521344308016117,1.515797020796274
257.1207001150001,3.2549809751821157,4.066712082999626,0.8549809663980907,1.516712082999626
257.14602965099994,3.2578212349271425,4.067624741719106,0.8578212261431175,1.5176247417191062
257.17262866400006,3.260661626810775,4.068536989111467,0.8606616180267501,1.5185369891114675
257.200290234,3.2635021507734416,4.069448825157579,0.8635021419894167,1.5194488251575793
257.27391721000004,3.266342806755573,4.0703602498383145,0.8663427979715479,1.5203602498383146
257.3095923840001,3.2691835946975933,4.07127126313456,0.8691835859135684,1.52127126313456
257.32379675699985,3.2719507188684673,4.072158972030232,0.8719507100844424,1.5221589720302324
257.348751728,3.2746677908886825,4.073034077636061,0.8746677821046576,1.5230340776360611
257.37739865599997,3.277383757402177,4.073912608274094,0.8773837486181519,1.5239126082740944
257.4648046110001,3.2801014716175603,4.074795476214744,0.8801014628335353,1.5247954762147442
257.4878048710002,3.2829280005428734,4.075715618066659,0.8829279917588484,1.5257156180666591
257.52568847700013,3.2857610239392456,4.076638429420189,0.8857610151552207,1.5266384294201893
257.53812433600024,3.288593883582663,4.077561743342582,0.8885938747986382,1.5275617433425825
257.569206917,3.291426579383974,4.078485559804785,0.8914265705999491,1.5284855598047855
257.664518479,3.294255718132807,4.079408778451748,0.8942557093487822,1.5294087784517485
257.68472361600016,3.2970653571626873,4.0803265950529894,0.8970653483786624,1.5303265950529896
257.7084636029999,3.299874644004421,4.081245489079833,0.8998746352203959,1.5312454890798328
257.7491035480002,3.302683578244847,4.082165460397139,0.9026835694608222,1.532165460397139
257.7654046299999,3.3054921594708557,4.083086508869606,0.9054921506868308,1.533086508869606
257.8548082940001,3.3083003872693815,4.084008634361773,0.9083003784853565,1.534008634361773
257.8801048119999,3.3111163265759647,4.084933812156559,0.9111163177919397,1.5349338121565594
257.901958807,3.313934491520409,4.08585884631389,0.913934482736384,1.5358588463138902
257.9316109440001,3.316752928128115,4.086783052424389,0.91675291934409,1.536783052424389
257.9744207630001,3.3195716361557785,4.087706430408273,0.9195716273717536,1.5377064304082735
258.03723715000024,3.322390615360077,4.088628980185828,0.9223906065760521,1.5386289801858286
258.06161401300005,3.3252057007699674,4.089549331838193,0.9252056919859424,1.5395493318381934
258.0844939039998,3.3279975879517534,4.090460690747465,0.9279975791677284,1.540460690747465
258.1142590879999,3.330789973339152,4.091370522020613,0.9307899645551272,1.541370522020613
258.1420141980002,3.333582856096284,4.092278825385284,0.9335828473122589,1.5422788253852842
258.24296977099993,3.3363762353871214,4.093185600569589,0.9363762266030964,1.543185600569589
258.2636023509999,3.3391798580775616,4.0940940444572975,0.9391798492935366,1.5440940444572977
258.2911271160001,3.342019981296743,4.095013546274707,0.9420199725127181,1.5450135462747072
258.31400454000004,3.3448602219477235,4.095932685294049,0.9448602131636985,1.5459326852940496
258.34012955900016,3.347700579984156,4.096851461500335,0.947700571200131,1.546851461500335
258.4296362670002,3.3505410553596966,4.097769874878567,0.9505410465756716,1.5477698748785675
258.4630097129998,3.3533816480279954,4.09868792541376,0.9533816392439705,1.54868792541376
258.4777424240001,3.3562202736877818,4.099605186548807,0.9562202649037568,1.5496051865488072
258.49724908200005,3.3590580971148047,4.100522638008479,0.9590580883307798,1.550522638008479
258.52805886900023,3.361895780899283,4.101440521292511,0.9618957721152581,1.5514405212925109
258.6200295140002,3.364714715012108,4.1023529170671935,0.964714706228083,1.5523529170671937
258.644759499,3.367505328099147,4.1032576872555815,0.967505319315122,1.5532576872555817
258.68153944799997,3.370295420222091,4.104164062697014,0.970295411438066,1.554164062697014
258.68828771300014,3.3730849904575497,4.1050720430915195,0.9730849816735248,1.5550720430915197
258.71557021599983,3.3758740378822933,4.105981628138596,0.9758740290982684,1.5559816281385963
258.8088165539998,3.3786625615732797,4.106892817537217,0.9786625527892547,1.556892817537217
258.83302997500004,3.3814722641561925,4.10781242306037,0.9814722553721675,1.55781242306037
258.863509886,3.384282975697728,4.108733498057968,0.9842829669137032,1.5587334980579683
258.90831555900013,3.3870933500453653,4.109655601385724,0.9870933412613403,1.5596556013857246
258.9161180619999,3.389903386822879,4.110578732920197,0.989903378038854,1.560578732920197
259.0094941699999,3.3927130856540892,4.111502892537806,0.9927130768700643,1.5615028925378063
259.03409010099995,3.3954960264027383,4.112419730877683,0.9954960176187133,1.562419730877683
259.05321985499995,3.398277014906344,4.113337833055948,0.998277006122319,1.5633378330559484
259.0799261699999,3.4010574349069627,4.114257655477433,1.0010574261229377,1.5642576554774328
259.12860904499985,3.4038372853405057,4.115179197790111,1.0038372765564807,1.565179197790111
259.1962495429998,3.4066165651430906,4.1161024596412945,1.0066165563590657,1.5661024596412947
259.2201522969999,3.4094094548620344,4.117031693368314,1.0094094460780094,1.567031693368314
259.24455576499986,3.412214748659263,4.1179641865343095,1.0122147398752381,1.5679641865343097
259.27372539099997,3.415020396094349,4.118895615148544,1.015020387310324,1.568895615148544
259.29516565999984,3.4178263967633105,4.1198259790769045,1.0178263879792855,1.5698259790769047
259.4034748240001,3.4206327502621217,4.12075527818543,1.0206327414780967,1.5707552781854304
259.42599538600007,3.4234691138259645,4.121693731098285,1.0234691050419396,1.5716937310982848
259.451456882,3.4263141519325324,4.122635117720296,1.0263141431485074,1.5726351177202957
259.477155734,3.429159163440622,4.123576584723853,1.0291591546565972,1.5735765847238534
259.5011861940002,3.4320041483479566,4.124518132108196,1.0320041395639317,1.5745181321081958
259.60021451800003,3.4348491066522673,4.12545975987259,1.0348490978682423,1.5754597598725901
259.61900743000024,3.4376857997859918,4.126398799768078,1.0376857910019668,1.5763987997680786
259.64025979400003,3.4405141224172167,4.127335569851222,1.0405141136331917,1.577335569851222
259.66533062100007,3.443342277926028,4.128272844364351,1.043342269142003,1.578272844364351
259.69277947599994,3.4461702662224596,4.129210623277651,1.0461702574384346,1.5792106232776515
259.78311163399985,3.4489980872165504,4.130148906561293,1.0489980784325255,1.580148906561293
259.823294624,3.451825740818346,4.131087694185427,1.0518257320343212,1.5810876941854275
259.8313116549998,3.454620766406254,4.1320165212298745,1.0546207576222288,1.5820165212298747
259.85039186099993,3.4574013829022325,4.132942358609502,1.0574013741182076,1.5829423586095022
259.95114591599986,3.4601814428397883,4.133869865857354,1.0601814340557634,1.5838698658573538
259.9814310830002,3.462986757634556,4.134807422905531,1.062986748850531,1.5848074229055316
259.99994220400004,3.465807728614992,4.135750974323963,1.0658077198309672,1.5857509743239628
260.0444820980001,3.46862849171189,4.136695147032148,1.0686284829278652,1.586695147032148
260.06001048100006,3.4714490467884174,4.1376399409842834,1.0714490380043924,1.5876399409842836
260.1559258860002,3.474269393707746,4.138585356134537,1.074269384923721,1.588585356134537
260.179112325,3.4771065508352184,4.139536904433964,1.0771065420511934,1.589536904433964
260.20681754299994,3.479948069383338,4.14049000705876,1.079948060599313,1.5904900070587598
260.245369237,3.482789564008801,4.141443181002043,1.082789555224776,1.5914431810020435
260.2544676990001,3.485631034709821,4.142396426263218,1.085631025925796,1.5923964262632184
260.35504664500013,3.4884724814845987,4.143349742841686,1.0884724727005737,1.5933497428416858
260.37956240799986,3.4912760382967796,4.144289943386211,1.0912760295127546,1.5942899433862108
260.4027513340002,3.494070513377496,4.145225698770941,1.0940705045934709,1.5952256987709408
260.4265373039998,3.496865418096591,4.1461601701337765,1.0968654093125658,1.5961601701337766
260.47052455899984,3.4996607518640785,4.147093357277456,1.0996607430800536,1.5970933572774566
260.477706913,3.502456514089877,4.14802526000499,1.102456505305852,1.5980252600049898
260.503467776,3.505252704183815,4.148955878119659,1.1052526953997899,1.598955878119659
260.595072951,3.5080493215556308,4.1498852114250155,1.1080493127716058,1.5998852114250157
260.61740573,3.510861037857457,4.150818216428291,1.110861029073432,1.6008182164282916
260.64030125399995,3.513697713205464,4.151758989781133,1.1136977044214391,1.6017589897811328
260.6802039859999,3.5165344814177,4.152699483078009,1.116534472633675,1.602699483078009
260.69145457900004,3.5193713424665103,4.153639696309753,1.1193713336824853,1.6036396963097532
260.7820471509999,3.5222082963242487,4.154579629467207,1.1222082875402237,1.6045796294672074
260.8077267650001,3.525045342963266,4.155519282541207,1.1250453341792412,1.6055192825412075
260.8316745070001,3.5278788326405195,4.156457397156039,1.1278788238564945,1.6064573971560394
260.87918549100004,3.53071225502348,4.1573950685210965,1.130712246239455,1.6073950685210967
260.9135873350001,3.5335458029742943,4.158332360364414,1.1335457941902694,1.6083323603644137
260.9710224989999,3.536379348970702,4.1592692572683285,1.1363793401866769,1.6092692572683287
260.99461131499993,3.5392124786283072,4.160206210539226,1.1392124698442823,1.6102062105392259
261.02004839500023,3.5420454786735687,4.161143555636946,1.1420454698895437,1.6111435556369464
261.0725411220001,3.5448783490522926,4.162081292543559,1.1448783402682676,1.612081292543559
261.0967324960002,3.547711089710291,4.163019421241122,1.1477110809262658,1.6130194212411224
261.164272773,3.550544119841857,4.163958054932186,1.1505441110578318,1.6139580549321861
261.1925391069999,3.5533784313870584,4.164896956824631,1.1533784226030335,1.614896956824631
261.2193305400001,3.5562128586530086,4.165835509312728,1.1562128498689836,1.6158355093127286
261.26892,3.5590474015966373,4.166773712382218,1.1590473928126124,1.6167737123822183
261.2892426650001,3.5618820601748693,4.167711566018838,1.1618820513908443,1.617711566018838
261.36847728500015,3.5647168343446345,4.168649070208338,1.1647168255606095,1.6186490702083383
261.40893811000024,3.5675430566478443,4.1695832414272775,1.1675430478638193,1.6195832414272777
261.4191634499998,3.5703690140092745,4.170516676849403,1.1703690052252496,1.6205166768494035
261.46538532700015,3.5731951644308584,4.171449527582639,1.1731951556468334,1.621449527582639
261.487128234,3.5760215077916166,4.172381793587056,1.1760214990075917,1.6223817935870564
261.565848148,3.578841110794183,4.173311175554615,1.178841102010158,1.6233111755546155
261.5853905019999,3.58162183878106,4.174226274238156,1.181621829997035,1.624226274238156
261.62488091900013,3.584403141749791,4.175139623861113,1.184403132965766,1.6251396238611129
261.6572721570001,3.587185018600225,4.176051224062209,1.1871850098162002,1.6260512240622091
261.6857684380002,3.5899674682319884,4.176961074480862,1.1899674594479634,1.626961074480862
261.74044585699994,3.5927504895444793,4.177869174757178,1.1927504807604543,1.627869174757178
261.7657438360002,3.595541035035117,4.178777821768377,1.195541026251092,1.6287778217683773
261.7921125339999,3.5983451006118687,4.17968936910723,1.1983450918278438,1.62968936910723
261.8392866690001,3.6011495726961,4.1805996650143165,1.2011495639120748,1.6305996650143166
261.86370671299983,3.6039544507293066,4.1815087093083525,1.2039544419452817,1.6315087093083527
261.9482492840002,3.6067597341529045,4.182416501808304,1.2067597253688795,1.6324165018083043
261.9666377469998,3.6095825833457154,4.183328694178668,1.2095825745616904,1.633328694178668
261.9924923560002,3.6124361137027194,4.184250521098979,1.2124361049186945,1.6342505210989788
262.031053014,3.6152896541808093,4.1851723166887185,1.2152896453967843,1.6351723166887187
262.050912916,3.6181432047796367,4.186094080947776,1.2181431959956117,1.6360940809477764
262.1244548230002,3.620982065003096,4.1870112029784465,1.220982056219071,1.6370112029784467
262.14629551999997,3.623810956114815,4.187925773289825,1.22381094733079,1.6379257732898251
262.17535074399984,3.62663963358628,4.188841004156255,1.2266396248022549,1.638841004156255
262.2168624300002,3.629468097263243,4.1897568955278235,1.229468088479218,1.6397568955278237
262.2502662810002,3.6322963469914806,4.190673447354595,1.2322963382074557,1.6406734473545947
262.3092490019999,3.6351243826167696,4.191590659586588,1.2351243738327446,1.641590659586588
262.3326172100001,3.6379534722664593,4.192508926750844,1.2379534634824343,1.6425089267508444
262.356829843,3.6407824250177097,4.193427841871726,1.2407824162336847,1.643427841871726
262.39861229200005,3.6436111742558666,4.194347383287772,1.2436111654718416,1.644347383287772
262.4794733640001,3.6464397198422773,4.195267550953905,1.2464397110582524,1.6452675509539052
262.5475428630002,3.649268061638295,4.196188344825023,1.2492680528542701,1.6461883448250232
262.5484839229998,3.6520958453164023,4.197109200732618,1.2520958365323773,1.6471092007326185
262.5553082810002,3.6549237080501014,4.1980294006706895,1.2549236992660764,1.6480294006706897
262.5920882639998,3.657751779538153,4.198948958839121,1.257751770754128,1.6489489588391208
262.6646726839999,3.6605800596349134,4.199867875190558,1.2605800508508884,1.6498678751905578
262.6979896439998,3.6634085481947207,4.200786149677677,1.2634085394106958,1.6507861496776775
262.745930088,3.666241623725265,4.201705230603913,1.26624161494124,1.6517052306039135
262.7479870530001,3.6690802003840473,4.202625620971962,1.2690801916000223,1.6526256209719623
262.79799871800014,3.6719189041354703,4.203545619281226,1.2719188953514453,1.6535456192812266
262.8754266000001,3.674757734925382,4.204465225514153,1.274757726141357,1.6544652255141532
262.9084767700001,3.6775966926996264,4.2053844396532,1.2775966839156014,1.6553844396531998
262.94976359300017,3.6804221926631633,4.206299435453748,1.2804221838791383,1.6562994354537484
262.9518234400002,3.6832467427785924,4.207214954775395,1.2832467339945675,1.6572149547753954
262.99658936900005,3.6860710485583943,4.20813122757596,1.2860710397743693,1.6581312275759599
263.0730569000002,3.688895109801572,4.2090482537902325,1.288895101017547,1.6590482537902327
263.0987547330001,3.691718926307141,4.209966033352954,1.291718917523116,1.659966033352954
263.11918986399996,3.694543952247534,4.210885029090608,1.294543943463509,1.6608850290906085
263.15315734700016,3.697370205495046,4.211805185444745,1.2973701967110212,1.661805185444745
263.18387495900015,3.700196237531188,4.212726020970679,1.3001962287471631,1.6627260209706796
263.2628163449999,3.70302204819275,4.2136475356152285,1.303022039408725,1.6636475356152287
263.2981476340001,3.7058476373165354,4.2145697293251745,1.3058476285325105,1.6645697293251747
263.3186661159998,3.7086818897708738,4.215495452937968,1.3086818809868488,1.665495452937968
263.3441461809998,3.7115298329609328,4.216425872026739,1.3115298241769078,1.666425872026739
263.3904366390002,3.7143777444924355,4.217356388014368,1.3143777357084105,1.667356388014368
263.47056397000006,3.7172256243620936,4.218287000899799,1.3172256155780686,1.6682870008997988
263.50237920400014,3.720073472566608,4.219217710681943,1.3200734637825828,1.6692177106819432
263.525253067,3.7229235343461444,4.220149208209685,1.3229235255621195,1.6701492082096854
263.5507372249999,3.7257741614633577,4.221080866128624,1.3257741526793327,1.6710808661286238
263.60053020199985,3.7286247965734733,4.22201249959104,1.3286247877894484,1.6720124995910401
263.683775943,3.7314754396762817,4.222944108596865,1.3314754308922567,1.672944108596865
263.7116362910001,3.734325963966462,4.223875651865756,1.334325955182437,1.6738756518657558
263.74103092899986,3.737174067268316,4.224806446583393,1.3371740584842908,1.6748064465833936
263.76691759999994,3.7400221410679353,4.225737331568971,1.3400221322839103,1.6757373315689712
263.81856288400013,3.7428701853624564,4.226668306821537,1.3428701765784314,1.6766683068215373
263.89247230699993,3.7457182001490117,4.22759937234017,1.3457181913649867,1.67759937234017
263.9199379739998,3.748550058493715,4.228525132033416,1.34855004970969,1.6785251320334158
263.9507410760002,3.7513624372999423,4.2294435889459265,1.3513624285159174,1.6794435889459267
263.97668225100006,3.7541751458386416,4.230361035579899,1.3541751370546167,1.6803610355798995
264.0440239989998,3.7569881837468926,4.231277471816959,1.3569881749628676,1.6812774718169594
264.13511107500017,3.759801550661739,4.2321928975388605,1.3598015418777138,1.6821928975388607
264.16214928499994,3.762617891616839,4.233108176725744,1.3626178828328142,1.683108176725744
264.1934234770001,3.765465660873984,4.23403311821281,1.3654656520899588,1.6840331182128105
264.2564680790001,3.7683134765237423,4.234957916851128,1.3683134677397173,1.6849579168511282
264.26471962000005,3.771161338558948,4.2358825726383715,1.3711613297749232,1.6858825726383717
264.3663314569999,3.7740020688243128,4.236804724814758,1.3740020600402878,1.686804724814758
264.40132870900015,3.776826226199462,4.237720825765567,1.376826217415437,1.6877208257655676
264.46206409100023,3.7796506294049066,4.238636168523628,1.3796506206208816,1.6886361685236277
264.4637773999998,3.782475278237102,4.239550753022977,1.382475269453077,1.689550753022977
264.491477002,3.7853001724924815,4.240464579197699,1.3853001637084565,1.690464579197699
264.6063618630001,3.7881253119674536,4.241377646981932,1.3881253031834286,1.6913776469819322
264.6643875079999,3.790941729019909,4.242286959161763,1.390941720235884,1.6922869591617635
264.6652493360002,3.793756231788814,4.2431945067980275,1.393756223004789,1.6931945067980276
264.694100061,3.796571070954859,4.24410101053081,1.396571062170834,1.6941010105308099
264.73233797700004,3.799386246130862,4.245006470235424,1.399386237346837,1.6950064702354242
264.8362662149998,3.8022017569295903,4.245910885787316,1.4022017481455653,1.695910885787316
264.90012098399984,3.8050065072544825,4.246811061258882,1.4050064984704576,1.6968110612588818
264.90969512799984,3.8077998613712114,4.247708976029295,1.4077998525871864,1.6977089760292952
264.9397392830001,3.810592702383435,4.2486084854715935,1.4105926935994102,1.6986084854715937
264.98618037100005,3.8133850293807914,4.249509589292573,1.4133850205967664,1.699509589292573
265.0831103969999,3.816176841453078,4.250412287198504,1.416176832669053,1.7004122871985041
265.15291543500007,3.8189952316857108,4.25132486827103,1.4189952229016858,1.7013248682710298
265.1761721920002,3.8218306004801343,4.252242550895575,1.4218305916961094,1.7022425508955754
265.19711893600015,3.8246661268864033,4.253159746403119,1.4246661181023783,1.7031597464031192
265.24081351999985,3.827501810820845,4.254076454766593,1.42750180203682,1.704076454766593
265.3496555910001,3.830337652199764,4.254992675958943,1.430337643415739,1.7049926759589429
265.41145430100005,3.8331833329572635,4.255911703269113,1.4331833241732386,1.7059117032691136
265.4219723609999,3.8360331513922565,4.2568321783932115,1.4360331426082316,1.7068321783932117
265.4464182380002,3.838882928225085,4.257752782308884,1.4388829194410602,1.7077527823088845
265.48979364000024,3.841732663449941,4.258673515014249,1.4417326546659162,1.7086735150142491
265.614701428,3.84458235706099,4.259594376507427,1.444582348276965,1.709594376507427
265.684968561,3.847375330691318,4.26049784169781,1.447375321907293,1.7104978416978103
265.68576170000006,3.8501677985690637,4.261402868880655,1.4501677897850387,1.711402868880655
265.72407968200014,3.85295975982067,4.262309457772844,1.4529597510366452,1.712309457772844
265.7627381090001,3.8557512135727428,4.263217608090776,1.4557512047887178,1.7132176080907762
265.8898698050002,3.8585421589520434,4.264127319550357,1.4585421501680185,1.7141273195503572
265.98429679499986,3.8613338798298904,4.2650386690527435,1.4613338710458654,1.7150386690527437
265.985413593,3.864127384455836,4.265949457956672,1.464127375671811,1.7159494579566719
265.9926002020002,3.8669213762508647,4.266858751293293,1.4669213674668398,1.7168587512932936
266.0333955179999,3.869715854414289,4.267766548802022,1.469715845630264,1.7177665488020226
266.1581144659999,3.8725108181452828,4.268672850222707,1.4725108093612578,1.718672850222707
266.2293034190002,3.8753408096577817,4.2695898627351845,1.4753408008737567,1.7195898627351847
266.2334013650002,3.8781734396600633,4.270508329014353,1.4781734308760384,1.7205083290143532
266.27437979100023,3.88100589300429,4.271427339943864,1.4810058842202651,1.7214273399438644
266.3042031189998,3.88383816958574,4.272346895489743,1.483838160801715,1.7223468954897427
266.4503776679999,3.886683401569259,4.273271097051855,1.4866833927852339,1.723271097051855
266.5117992730002,3.8895342524156513,4.27419708484475,1.4895342436316263,1.72419708484475
266.531457522,3.892385123595238,4.275123010035203,1.492385114811213,1.7251230100352029
266.5623407439998,3.8952360151066614,4.276048872622756,1.4952360063226364,1.7260488726227559
266.6052233680002,3.8980869269485354,4.276974672606988,1.4980869181645105,1.7269746726069881
266.7395584669998,3.900933307148851,4.277898879550851,1.500933298364826,1.7278988795508514
266.80422876800003,3.9037786128940555,4.278822508176114,1.5037786041100305,1.7288225081761146
266.81130467899993,3.9066239869632824,4.279745926297699,1.5066239781792574,1.7297459262976993
266.8539401359999,3.9094694293409566,4.280669133910551,1.5094694205569317,1.7306691339105509
266.8898494599998,3.912314940011506,4.281592131009624,1.5123149312274808,1.7315921310096245
267.02700483399985,3.9151602001443604,4.2825148244180085,1.5151601913603354,1.7325148244180086
267.10545292100005,3.918004163421297,4.283437211722093,1.5180041546372722,1.7334372117220935
267.11507132999986,3.920848045176736,4.284359850340613,1.520848036392711,1.7343598503406135
267.1310728180001,3.923691845388468,4.285282740266368,1.523691836604443,1.735282740266368
267.26649754300024,3.9265355640342867,4.286205881492147,1.5265355552502617,1.7362058814921468
267.362832753,3.9293793397959584,4.28712931846161,1.5293793310119335,1.7371293184616103
267.36407981499997,3.932225742803935,4.288053625031577,1.5322257340199101,1.7380536250315775
267.4079141689999,3.935072204150959,4.288977751927075,1.5350721953669342,1.7389777519270755
267.43573758599996,3.937918723825692,4.289901699144435,1.537918715041667,1.7399016991444354
267.60512172200015,3.9407653018167905,4.290825466679961,1.5407652930327655,1.7408254666799614
267.67854939300014,3.9435922186354264,4.291742948185652,1.5435922098514014,1.7417429481856521
267.69491024299987,3.9464104450733344,4.29265854916767,1.5464104362893094,1.74265854916767
267.74381703200015,3.9492283795817578,4.293575048223764,1.5492283707977328,1.7435750482237644
267.78235309499996,3.9520460218745153,4.294492445260862,1.5520460130904903,1.7444924452608621
267.96964326399984,3.954863371665443,4.295410740185789,1.554863362881418,1.7454107401857888
268.0642869160001,3.957680428668421,4.296329932905283,1.557680419884396,1.746329932905283
268.06532014699997,3.960503556399932,4.2972520163317895,1.560503547615907,1.7472520163317897
268.07551515600017,3.963326779800724,4.298174936896328,1.563326771016699,1.7481749368963282
268.10764258100016,3.9661497651314517,4.299098585401831,1.5661497563474267,1.749098585401831
268.144864289,3.96897251220442,4.30002296178689,1.5689725034203952,1.7500229617868905
268.1875894479999,3.971795020831957,4.300948065990046,1.5717950120479318,1.7509480659900465
268.2929200970002,3.9746172908263997,4.301873897949792,1.5746172820423747,1.7518738979497925
268.33594738500005,3.9774286304943485,4.302796380222572,1.5774286217103235,1.7527963802225726
268.37160265700004,3.9802366906011466,4.3037166362998835,1.5802366818171216,1.7537166362998837
268.4021955930002,3.9830451093296615,4.304635797361156,1.5830451005456365,1.7546357973611562
268.45833438499994,3.9858538862528827,4.305553863266636,1.5858538774688578,1.7555538632666359
268.54228175200024,3.9886630209437524,4.306470833876735,1.5886630121597274,1.756470833876735
268.5768038219999,3.991449507577535,4.307379924087081,1.59144949879351,1.7573799240870809
268.61264769499985,3.9942231387319596,4.308286793029147,1.5942231299479346,1.7582867930291473
268.67574401599995,3.996996125672747,4.309195629915003,1.5969961168887221,1.759195629915003
268.70482746100015,3.999768467003607,4.310106434287018,1.599768458219582,1.7601064342870183
268.7884009469999,4.00254016132857,4.3110192056865735,1.6025401525445448,1.7610192056865737
268.8227391149999,4.0053342549578685,4.311941273442136,1.6053342461738436,1.7619412734421358
268.8830361959999,4.008162988645515,4.312874616566266,1.6081629798614903,1.7628746165662665
268.9278844800001,4.01099189429513,4.313807438354485,1.6109918855111052,1.763807438354485
268.95757676699986,4.01382097181063,4.3147397387751045,1.6138209630266052,1.7647397387751047
269.05939345700017,4.016650221095928,4.315671517796462,1.6166502123119026,1.765671517796462
269.1181245829998,4.019492302445582,4.316607292044118,1.619492293661557,1.7666072920441183
269.1187535160002,4.022334998106741,4.317543461995677,1.6223349893227161,1.7675434619956771
269.1717082949999,4.025177635997424,4.318479807350051,1.6251776272133989,1.768479807350051
269.2029673799998,4.028020216106797,4.319416328103672,1.628020207322772,1.7694163281036719
269.2980877609998,4.0308627384240525,4.3203530242529755,1.6308627296400275,1.7703530242529757
269.3910157529999,4.033700587371498,4.32128841074753,1.6337005785874728,1.7712884107475304
269.39245756699984,4.036534546932478,4.3222229249911255,1.6365345381484526,1.7722229249911257
269.41262060100007,4.039368377406569,4.32315783060608,1.6393683686225438,1.7731578306060802
269.441777428,4.042202078739718,4.324093127574559,1.6422020699556934,1.7740931275745595
269.535483442,4.0450356508778835,4.325028815878728,1.6450356420938586,1.775028815878728
269.59640357399985,4.047865534216332,4.325963648475121,1.6478655254323074,1.7759636484751216
269.59798963799994,4.050688910631249,4.326895851197097,1.6506889018472237,1.7768958511970974
269.6556064309998,4.0535125027590615,4.327827400332079,1.6535124939750365,1.7778274003320789
269.68069396400006,4.056336310448474,4.328758295830157,1.656336301664449,1.7787582958301575
269.77591727900017,4.05916260250034,4.329689301158595,1.659162593716315,1.7796893011585952
269.83666604400014,4.061991350051347,4.330620503514054,1.661991341267322,1.7806205035140543
269.8442040340001,4.064820274468365,4.331551168425256,1.6648202656843396,1.7815511684252563
269.902463638,4.067649375649285,4.33248129585861,1.6676493668652603,1.7824812958586103
269.9237789580002,4.070478653491989,4.3334108857805385,1.670478644707964,1.7834108857805386
270.0100035290002,4.073308151391522,4.334339952466561,1.6733081426074974,1.7843399524665609
270.0767505849999,4.076138648353517,4.335268765154221,1.676138639569492,1.7852687651542212
270.0803322239999,4.078969314359683,4.336197062532289,1.678969305575658,1.7861970625322892
270.12848090399984,4.081800149316213,4.337124844570002,1.681800140532188,1.7871248445700019
270.1539252759999,4.0846311531292825,4.338052111236609,1.6846311443452575,1.7880521112366088
270.23276022300024,4.087462325705065,4.338978862501377,1.68746231692104,1.7889788625013772
270.28564291500015,4.090288820686013,4.339903536304779,1.6902888119019877,1.789903536304779
270.30160998300016,4.093087674307938,4.340819906002529,1.693087665523913,1.790819906002529
270.337997179,4.095886091200855,4.341737608521482,1.69588608241683,1.7917376085214824
270.36745308399986,4.09868407073008,4.3426566436535,1.698684061946055,1.7926566436535003
270.4559800699999,4.101481612261021,4.3435770111901455,1.7014816034769962,1.7935770111901457
270.5143752839999,4.104286359995188,4.344500366100026,1.7042863512111635,1.794500366100026
270.5217626419999,4.107093300794749,4.345423277862399,1.707093292010724,1.7954232778623993
270.55771476200016,4.109900603130744,4.346345089322348,1.7099005943467191,1.7963450893223483
270.6558515769998,4.112708266571861,4.347265800338246,1.712708257787836,1.7972658003382458
270.726133828,4.1154577210824685,4.348165498231371,1.7154577122984436,1.7981654982313708
270.72683241799996,4.118201526675117,4.349060354585867,1.7182015178910919,1.7990603545858672
270.7592965990002,4.120946214722758,4.349952500620211,1.7209462059387328,1.7999525006202113
270.80238627200015,4.12369178254814,4.350841935464177,1.723691773764115,1.8008419354641774
270.88745898900015,4.126438227473169,4.351728658250191,1.7264382186891436,1.801728658250191
270.943276898,4.129212145567275,4.3526217715207025,1.7292121367832496,1.8026217715207027
270.95510129700006,4.132019198293173,4.353526365651406,1.7320191895091477,1.8035263656514058
270.98389908599984,4.13482585255767,4.354432195319137,1.734825843773645,1.8044321953191371
271.0328642180002,4.137632107816946,4.355339260348381,1.7376320990329206,1.805339260348381
271.119810615,4.140437963527231,4.3562475605633795,1.7404379547432058,1.8062475605633797
271.1765100470002,4.143243419144848,4.357157095788133,1.7432434103608228,1.807157095788133
271.18595753399995,4.146079013166472,4.358077258025779,1.7460790043824468,1.8080772580257793
271.2113949630002,4.148923619579352,4.3590001204308635,1.7489236107953272,1.8090001204308637
271.2575714929999,4.151768301469714,4.3599227501537525,1.7517682926856888,1.8099227501537527
271.34696861500015,4.1546130588185255,4.360845147188281,1.7546130500345005,1.8108451471882816
271.414716668,4.15745234727678,4.361765635173845,1.757452338492755,1.8117656351738454
271.415293904,4.160286993149862,4.362685079411868,1.760286984365837,1.8126850794118683
271.43862077899985,4.163121479870815,4.363605014171145,1.7631214710867904,1.813605014171145
271.482768201,4.165955807354764,4.3645254394241295,1.7659557985707388,1.8145254394241297
271.57670298699986,4.168789975516831,4.365446355143255,1.7687899667328062,1.815446355143255
271.63207330000023,4.171623502560474,4.366367602946625,1.7716234937764495,1.8163676029466256
271.6367657410001,4.1744479271292425,4.367285688043037,1.7744479183452175,1.8172856880430368
271.666731755,4.177272591168731,4.36820303609745,1.7772725823847062,1.81820303609745
271.71951795799987,4.180097494486607,4.369119647047402,1.7800974857025822,1.819119647047402
271.8115692030001,4.182923587829754,4.3700358302103925,1.7829235790457294,1.8200358302103927
271.8629217419998,4.185771779593181,4.370958896194272,1.785771770809156,1.8209588961942718
271.87846523300004,4.18861992363545,4.371882109412546,1.788619914851425,1.8218821094125461
271.90425116999995,4.191468019948946,4.372805469862731,1.791468011164921,1.8228054698627316
271.952557266,4.194316068526049,4.37372897754237,1.7943160597420245,1.8237289775423697
272.0612283989999,4.197162552577615,4.374652136708694,1.7971625437935903,1.8246521367086945
272.124164201,4.199995460095186,4.37557060444186,1.7999954513111613,1.82557060444186
272.12474901199994,4.20282854206268,4.3764885339301225,1.8028285332786553,1.8264885339301227
272.1506094800002,4.205661798377836,4.3774059251403505,1.805661789593811,1.8274059251403507
272.1875348190001,4.208495228938381,4.378322778039431,1.8084952201543563,1.828322778039431
272.32688090400006,4.211328833642038,4.379239092594262,1.811328824858013,1.8292390925942623
272.4399131979999,4.214085419459133,4.380131454026396,1.814085410675108,1.8301314540263958
272.44074998199994,4.216837141368407,4.381025053772048,1.8168371325843817,1.8310250537720485
272.4414410160002,4.2195880348332615,4.381921200588458,1.8195880260492365,1.8319212005884582
272.4630670209999,4.222338097496032,4.3828198937075875,1.8223380887120073,1.8328198937075877
272.5760118630001,4.225087326999797,4.38372113235921,1.8250873182157723,1.8337211323592104
272.6459974489999,4.2278385754357535,4.384625839015454,1.8278385666517285,1.8346258390154544
272.64714168699993,4.230668782224556,4.385557383645573,1.830668773440531,1.8355573836455727
272.6762657580002,4.233500869146492,4.386489041088004,1.833500860362467,1.8364890410880044
272.71410953099985,4.2363331062743885,4.387420241804724,1.8363330974903636,1.8374202418047245
272.8068911969999,4.239165493534586,4.388350985771512,1.8391654847505614,1.8383509857715126
272.87256996899987,4.241980223194401,4.389276057050908,1.8419802144103756,1.839276057050908
272.878991519,4.244792683101557,4.390201434030297,1.844792674317532,1.8402014340302975
272.90736970499984,4.247604828352112,4.391127766785374,1.8476048195680872,1.841127766785374
272.94403543499993,4.250416658621258,4.392055055209147,1.8504166498372334,1.8420550552091468
273.060166235,4.253228173584224,4.392983299194513,1.8532281648001994,1.842983299194513
273.1243153569999,4.256072239784665,4.393922771203093,1.8560722310006397,1.8439227712030934
273.1407531650002,4.2589170599157935,4.394862382224172,1.8589170511317685,1.8448623822241723
273.1805916500002,4.2617619128161754,4.395801894025358,1.8617619040321505,1.8458018940253584
273.2188834520002,4.264606798482358,4.396741306605504,1.8646067896983332,1.8467413066055043
273.32744682700013,4.267433375415133,4.397674721449772,1.8674333666311083,1.8476747214497724
273.3820628630001,4.2702413623635485,4.398602989741476,1.8702413535795235,1.848602989741476
273.389536272,4.27304900675533,4.399532293617034,1.873048997971305,1.8495322936170338
273.41706871299994,4.275856308208563,4.400462632950031,1.8758562994245378,1.8504626329500313
273.46573610199994,4.278663266341367,4.401394007613915,1.8786632575573416,1.8513940076139148
273.57688445099984,4.281459785844878,4.402322822925871,1.881459777060853,1.8523228229258715
273.63824198600014,4.284241448084003,4.403245386876827,1.8842414392999784,1.8532453868768268
273.639478951,4.287023664230805,4.404166279035915,1.88702365544678,1.8541662790359155
273.6700840379999,4.289806433280528,4.4050854990705615,1.8898064244965034,1.8550854990705616
273.71624379700006,4.292589754228219,4.406003046648808,1.892589745444194,1.8560030466488078
273.81653150600005,4.295379291772296,4.406920801911081,1.8953792829882707,1.8569208019110812
273.8908440690002,4.298219829610773,4.407854480970324,1.8982198208267484,1.8578544809703246
273.89366982799993,4.3010604479356305,4.408787915129746,1.9010604391516055,1.8587879151297466
273.9071511249999,4.30390114672575,4.40972110438241,1.9039011379417254,1.8597211043824098
273.95614981200015,4.306741925960022,4.410654048721376,1.9067419171759972,1.8606540487213765
274.0709519070001,4.309582148791114,4.411586538633355,1.9095821400070894,1.8615865386333548
274.1425704520002,4.3124104087575255,4.412514631031143,1.9124103999735005,1.862514631031143
274.1486507640002,4.315238856528593,4.413442150919217,1.9152388477445679,1.8634421509192176
274.18573014799995,4.318067491988426,4.414369098259579,1.9180674832044011,1.864369098259579
274.2218989060002,4.32089631502113,4.415295473014248,1.9208963062371054,1.865295473014248
274.331370075,4.323700325372511,4.416213586565286,1.9237003165884858,1.8662135865652862
274.39176652800006,4.326490491095417,4.41712872856694,1.9264904823113924,1.8671287285669402
274.40614492800023,4.329280152056023,4.41804540810165,1.9292801432719977,1.8680454081016498
274.4305595850001,4.332069307407061,4.418963624891007,1.9320692986230363,1.8689636248910073
274.47735911300015,4.33485795630142,4.419883378656135,1.9348579475173948,1.8698833786561355
274.58683102099985,4.337646097892141,4.420804669117692,1.937646089108116,1.8708046691176925
274.6486040099999,4.34044875587961,4.421732387419671,1.940448747095585,1.8717323874196712
274.65488560999984,4.343284833882194,4.422671798860081,1.9432848250981691,1.8726717988600816
274.6846030830002,4.346120811020031,4.423611514755853,1.9461208022360057,1.8736115147558534
274.71590029300023,4.348956687260442,4.42455153509615,1.9489566784764167,1.87455153509615
274.86013099699994,4.351792462570747,4.425491859870142,1.9517924537867217,1.8754918598701424
274.937887996,4.35463931362261,4.426436042916984,1.9546393048385853,1.8764360429169837
274.9633978779998,4.35748675073627,4.42738041959817,1.9574867419522453,1.87738041959817
275.0065238410002,4.3603341881971875,4.42832479523232,1.9603341794131626,1.87832479523232
275.035359816,4.36318162600536,4.429269169819435,1.9631816172213354,1.8792691698194348
275.1536400330001,4.3660290641607675,4.430213543359506,1.9660290553767426,1.8802135433595062
275.2236509909999,4.368875913873532,4.431157713757739,1.9688759050895066,1.881157713757739
275.2250118759998,4.37172262246591,4.432101815308468,1.971722613681885,1.8821018153084683
275.24757314499993,4.374569337771893,4.433045896615715,1.9745693289878683,1.883045896615715
275.27826129000005,4.377416059791339,4.433989957679431,1.9774160510073142,1.8839899576794314
275.4042924820001,4.380262788524102,4.434933998499566,1.9802627797400771,1.8849339984995659
275.4581173470001,4.383089197173403,4.435871059903386,1.983089188389378,1.885871059903386
275.4588089509998,4.385909039856757,4.4368051689806665,1.9859090310727319,1.8868051689806666
275.48883419799995,4.388729120993014,4.437738557919989,1.9887291122089894,1.887738557919989
275.5955306179999,4.391549440398264,4.438671226660479,1.991549431614239,1.8886712266604793
275.6312521489999,4.394371099137285,4.439603546017129,1.9943710903532597,1.8896035460171294
275.71825896300015,4.397194326778714,4.440535643700265,1.9971943179946892,1.8905356437002654
275.71881406500006,4.4000177715149915,4.4414670835681065,2.0000177627309665,1.8914670835681067
275.72156631400003,4.402841433192853,4.44239786557009,2.0028414244088277,1.8923978655700902
275.8195039850002,4.4056653116590105,4.443327989655687,2.0056653028749856,1.8933279896556874
275.854862829,4.408489406760167,4.444257455774406,2.0084893979761422,1.8942574557744063
275.9069425570001,4.408913039700844,4.44439681893952,2.0089130309168186,1.8943968189395202
275.90811906,4.408913039700842,4.444396818939519,2.008913030916817,1.8943968189395193
275.9310921450001,4.408913039700844,4.44439681893952,2.0089130309168186,1.8943968189395202
276.0395145460002,4.408913039700845,4.444396818939521,2.0089130309168204,1.894396818939521
276.07327971999985,4.408913039700845,4.444396818939521,2.0089130309168204,1.894396818939521
276.12631150000016,4.408913039700847,4.444396818939522,2.008913030916822,1.894396818939522
276.1302354620002,4.408913039700849,4.444396818939523,2.008913030916824,1.8943968189395228
276.1697681239998,4.408913039700849,4.444396818939523,2.008913030916824,1.8943968189395228
276.20611279700006,4.408913039700849,4.444396818939523,2.008913030916824,1.8943968189395228
276.23871719399995,4.408913039700849,4.444396818939523,2.008913030916824,1.8943968189395228
276.33698748899997,4.408913039700849,4.444396818939523,2.008913030916824,1.8943968189395228
276.3967935649998,4.408913039700849,4.444396818939523,2.008913030916824,1.8943968189395228
276.3974783550002,4.408913039700849,4.444396818939523,2.008913030916824,1.8943968189395228
276.4272410970002,4.408913039700849,4.444396818939523,2.008913030916824,1.8943968189395228
276.463704411,4.408913039700849,4.444396818939523,2.008913030916824,1.8943968189395228
276.56318870799987,4.408913039700849,4.444396818939523,2.008913030916824,1.8943968189395228
276.62407113200015,4.408913039700849,4.444396818939523,2.008913030916824,1.8943968189395228
276.62482517599983,4.408913039700849,4.444396818939523,2.008913030916824,1.8943968189395228
276.71097483099993,4.408913039700849,4.444396818939523,2.008913030916824,1.8943968189395228
276.742286958,4.408913039700849,4.444396818939523,2.008913030916824,1.8943968189395228
276.8220530550002,4.408913039700849,4.444396818939523,2.008913030916824,1.8943968189395228
276.88860612400003,4.408913039700849,4.444396818939523,2.008913030916824,1.8943968189395228
276.89226692700004,4.408913039700849,4.444396818939523,2.008913030916824,1.8943968189395228
276.9956555819999,4.408913039700849,4.444396818939523,2.008913030916824,1.8943968189395228
277.02901500400003,4.408913039700849,4.444396818939523,2.008913030916824,1.8943968189395228
277.1249564499999,4.408913039700849,4.444396818939523,2.008913030916824,1.8943968189395228
277.15300711500004,4.408913039700849,4.444396818939523,2.008913030916824,1.8943968189395228
277.20511136100004,4.408913039700849,4.444396818939523,2.008913030916824,1.8943968189395228
277.2888983839998,4.408913039700847,4.444396818939522,2.008913030916822,1.894396818939522
277.3382756850001,4.408913039700849,4.444396818939523,2.008913030916824,1.8943968189395228
277.398245631,4.408913039700849,4.444396818939523,2.008913030916824,1.8943968189395228
277.439055803,4.408913039700849,4.444396818939523,2.008913030916824,1.8943968189395228
277.4629039810002,4.408913039700849,4.444396818939523,2.008913030916824,1.8943968189395228
277.5486184890001,4.408913039700849,4.444396818939523,2.008913030916824,1.8943968189395228
277.60395858899983,4.408913039700849,4.444396818939523,2.008913030916824,1.8943968189395228
277.6637965230002,4.408913039700849,4.444396818939523,2.008913030916824,1.8943968189395228
277.70564725700024,4.408913039700848,4.444396818939522,2.008913030916823,1.894396818939522
277.7264712209999,4.408913039700849,4.444396818939523,2.008913030916824,1.8943968189395228
277.8102477980001,4.408913039700849,4.444396818939523,2.008913030916824,1.8943968189395228
277.86108052200007,4.408913039700849,4.444396818939523,2.008913030916824,1.8943968189395228
277.93385847699983,4.408913039700849,4.444396818939523,2.008913030916824,1.8943968189395228
277.97630339399984,4.408913039700849,4.444396818939523,2.008913030916824,1.8943968189395228
278.01498919999995,4.408913039700849,4.444396818939523,2.008913030916824,1.8943968189395228
278.12140323099993,4.408913039700849,4.444396818939523,2.008913030916824,1.8943968189395228
278.14933492599994,4.408913039700849,4.444396818939523,2.008913030916824,1.8943968189395228
278.26241134500015,4.408913039700849,4.444396818939523,2.008913030916824,1.8943968189395228
278.3334593200002,4.408913039700849,4.444396818939523,2.008913030916824,1.8943968189395228
278.3411659889998,4.408913039700849,4.444396818939523,2.008913030916824,1.8943968189395228
278.42984336400013,4.408913039700849,4.444396818939523,2.008913030916824,1.8943968189395228
278.4557288830001,4.408913039700849,4.444396818939523,2.008913030916824,1.8943968189395228
278.552667855,4.408913039700849,4.444396818939523,2.008913030916824,1.8943968189395228
278.6093170429999,4.408913039700849,4.444396818939523,2.008913030916824,1.8943968189395228
278.625742488,4.408913039700849,4.444396818939523,2.008913030916824,1.8943968189395228
278.68546787700006,4.408913039700848,4.444396818939521,2.008913030916823,1.894396818939521
278.70752935300015,4.408913039700849,4.444396818939523,2.008913030916824,1.8943968189395228
278.78939955800024,4.408913039700849,4.444396818939523,2.008913030916824,1.8943968189395228
278.84448902199983,4.408913039700849,4.444396818939523,2.008913030916824,1.8943968189395228
278.8524174019999,4.408913039700849,4.444396818939523,2.008913030916824,1.8943968189395228
278.948782209,4.408913039700849,4.444396818939523,2.008913030916824,1.8943968189395228
279.03141495499995,4.408913039700849,4.444396818939523,2.008913030916824,1.8943968189395228
279.137592734,4.408913039700849,4.444396818939523,2.008913030916824,1.8943968189395228
279.1385942850002,4.408913039700848,4.444396818939521,2.008913030916823,1.894396818939521
279.1400582430001,4.408913039700849,4.444396818939523,2.008913030916824,1.8943968189395228
279.2136951090001,4.408913039700849,4.444396818939523,2.008913030916824,1.8943968189395228
279.330165459,4.408913039700849,4.444396818939523,2.008913030916824,1.8943968189395228
279.39133178500015,4.408913039700849,4.444396818939523,2.008913030916824,1.8943968189395228
279.39290605899987,4.408913039700849,4.444396818939523,2.008913030916824,1.8943968189395228
279.42246649300023,4.408913039700849,4.444396818939523,2.008913030916824,1.8943968189395228
279.4876673550002,4.408913039700849,4.444396818939523,2.008913030916824,1.8943968189395228
279.58060420599986,4.408913039700849,4.444396818939523,2.008913030916824,1.8943968189395228
279.6385766110002,4.408913039700849,4.444396818939523,2.008913030916824,1.8943968189395228
279.66384879399993,4.408913039700849,4.444396818939523,2.008913030916824,1.8943968189395228
279.6881404149999,4.408913039700849,4.444396818939523,2.008913030916824,1.8943968189395228
279.7924580120002,4.408913039700849,4.444396818939523,2.008913030916824,1.8943968189395228
279.90691615800006,4.408913039700849,4.444396818939523,2.008913030916824,1.8943968189395228
279.9348065439999,4.408913039700849,4.444396818939523,2.008913030916824,1.8943968189395228
279.977039848,4.408913039700849,4.444396818939523,2.008913030916824,1.8943968189395228
280.02283510300003,4.408913039700849,4.444396818939523,2.008913030916824,1.8943968189395228
280.07748565600014,4.408913039700849,4.444396818939521,2.008913030916824,1.894396818939521
280.17737795999983,4.408913039700849,4.444396818939523,2.008913030916824,1.8943968189395228
280.2048778819999,4.408913039700849,4.444396818939523,2.008913030916824,1.8943968189395228
280.2403559690001,4.408913039700849,4.444396818939523,2.008913030916824,1.8943968189395228
280.297530373,4.408913039700849,4.444396818939523,2.008913030916824,1.8943968189395228
280.3224465369999,4.408913039700849,4.444396818939523,2.008913030916824,1.8943968189395228
280.41558444500015,4.408914546809815,4.444406704716933,2.0089145380257905,1.8944067047169328
280.43640653500006,4.408956264114025,4.444693687416637,2.0089562553299998,1.8946936874166376
280.4631792690002,4.409049109913248,4.445377409406472,2.009049101129223,1.8953774094064721
280.50531276599986,4.409185106081292,4.446458887629744,2.009185097297267,1.896458887629744
280.5485776119999,4.409356259615522,4.447939018664844,2.009356250831497,1.897939018664844
280.63549298099997,4.409546594767777,4.449740994453805,2.009546585983752,1.899740994453805
280.6552525440002,4.409721573206513,4.451572660529291,2.0097215644224877,1.9015726605292915
280.7009064929998,4.409883450602421,4.453463052144773,2.009883441818396,1.9034630521447733
280.74544516000014,4.410027911932557,4.4553617002011165,2.0100279031485324,1.9053617002011167
280.77471422100007,4.410154334747494,4.457261634618309,2.010154325963469,1.907261634618309
280.86604063100003,4.410262707643836,4.459162684021427,2.0102626988598113,1.9091626840214273
280.9010009499998,4.410353020846301,4.461064676934986,2.0103530120622763,1.911064676934986
280.9623551300001,4.41042635052395,4.46299219018168,2.0104263417399246,1.9129921901816802
280.97027162999984,4.410482114239998,4.464927218254627,2.010482105455973,1.9149272182546273
281.01828922899995,4.410520029586295,4.46686267831922,2.01052002080227,1.9168626783192204
281.11994660300024,4.410540093337834,4.468798405748638,2.0105400845538086,1.918798405748638
281.1652605700001,4.410542303788023,4.470734235893315,2.0105422950039977,1.920734235893315
281.17555371200024,4.410526511894755,4.472690947890525,2.01052650311073,1.9226909478905254
281.20670870000004,4.410492912672273,4.474686310805465,2.0104929038882484,1.9246863108054653
281.2519641439999,4.410441946607423,4.476681305675213,2.010441937823398,1.9266813056752135
281.34692815200015,4.410373617561664,4.4786757813485645,2.010373608777639,1.9286757813485647
281.39129648200014,4.410287575730985,4.480678153093632,2.01028756694696,1.9306781530936323
281.3966270179999,4.410183869465898,4.482690180704095,2.0101838606818734,1.9326901807040953
281.42797589600013,4.41006298603113,4.484701249397574,2.0100629772471046,1.9347012493975742
281.4721756990002,4.409924934241244,4.486711212531064,2.0099249254572187,1.9367112125310646
281.5585477489999,4.409769724162697,4.488719923542185,2.0097697153786718,1.9387199235421848
281.61691557099994,4.409591930272675,4.490798462587757,2.0095919214886497,1.9407984625877575
281.62515620500017,4.409397282717631,4.492881061799156,2.009397273933606,1.9428810617991559
281.6543591139998,4.409186246939382,4.494962064212974,2.009186238155357,1.944962064212974
281.708445019,4.408958836015731,4.497041340870328,2.0089588272317056,1.947041340870328
281.7956109810002,4.40871506403924,4.499118762919284,2.0087150552552147,1.9491187629192845
281.859402949,4.408452561383909,4.501213490042227,2.0084525525998838,1.9512134900422273
281.8709015459999,4.408169782238972,4.503341241371013,2.0081697734549473,1.953341241371013
281.8994970540002,4.407871271347144,4.505466842699918,2.007871262563119,1.9554668426999182
281.9485626169999,4.407557045042905,4.507590177716279,2.00755703625888,1.9575901777162787
282.044502534,4.407227120520682,4.50971113023145,2.007227111736657,1.95971113023145
282.1375273409999,4.406876965506312,4.511857989100584,2.006876956722287,1.9618579891005838
282.1383082130001,4.4065042955848845,4.514048868846207,2.0065042868008596,1.9640488688462074
282.14619244799997,4.406116868581583,4.516237187206781,2.0061168597975576,1.9662371872067812
282.19853909999983,4.405714702094137,4.518422844784375,2.005714693310112,1.9684228447843752
282.3008035930002,4.40529781438978,4.520605742301911,2.0052978056057547,1.9706057423019114
282.35190150200015,4.404853170798705,4.522854219208242,2.00485316201468,1.9728542192082426
282.3650840250002,4.40438218030759,4.525168179448251,2.0043821715235652,1.975168179448251
282.3983845880002,4.4038983906101175,4.527479497592462,2.0038983818260925,1.977479497592462
282.435330413,4.403401816524768,4.52978810284519,2.0034018077407434,1.9797881028451902
282.52877880999995,4.402892473261612,4.5320939244938465,2.0028924644775867,1.9820939244938467
282.5756554569998,4.402370376421826,4.534396891911123,2.0023703676378006,1.984396891911123
282.5862972169998,4.40179337449016,4.536902728807075,2.0017933657061353,1.9869027288070749
282.61914954199983,4.401150153665425,4.5396811215385116,2.0011501448813998,1.9896811215385117
282.65850715299985,4.400501313829857,4.542468635380285,2.0005013050458325,1.992468635380285
282.7511119239998,4.399849141366943,4.545255371397367,1.9998491325829177,1.9952553713973673
282.7990779060001,4.399191222823271,4.548051931233941,1.999191214039246,1.9980519312339409
282.8166973540001,4.398528699301396,4.550854855157521,1.9985286905173711,2.000854855157521
282.850009234,4.397863264979255,4.553657089462736,1.9978632561952296,2.0036570894627364
282.89476176900007,4.397194920574663,4.556458631126759,1.9971949117906385,2.006458631126759
282.9932024519999,4.396523666808578,4.559259477127511,1.9965236580245533,2.009259477127511
283.0518335370002,4.395848246953829,4.562064895658261,1.995848238169804,2.012064895658261
283.0628056549999,4.395160578755719,4.564911555111472,1.9951605699716937,2.014911555111472
283.0978088040001,4.394471147744207,4.567757788143674,1.9944711389601824,2.0177577881436743
283.13247757199997,4.393779954183722,4.570603593663234,1.9937799453996967,2.0206035936632345
283.24288270499983,4.393086998339359,4.573448970578689,1.993086989555334,2.0234489705786896
283.3019094450001,4.39239796185142,4.576270090825017,1.9923979530673948,2.026270090825017
283.3073412210001,4.391713176580542,4.579061429983272,1.9917131677965174,2.0290614299832725
283.34599999700004,4.3910253462268525,4.581852020345211,1.9910253374428275,2.0318520203452115
283.38123402300016,4.3903344716091315,4.584641858588946,1.9903344628251065,2.0346418585889463
283.49195262700005,4.38964055354979,4.587430941393478,1.989640544765765,2.0374309413934784
283.5504442319998,4.3889455207864225,4.5902114202216096,1.9889455120023976,2.0402114202216097
283.5524990499998,4.388250669797967,4.592976477499285,1.9882506610139417,2.042976477499285
283.5875287150002,4.38755224945048,4.595740635357149,1.9875522406664552,2.0457406353571495
283.6229561340001,4.386850260908168,4.598503889187587,1.986850252124143,2.048503889187587
283.72205184899985,4.386155223619666,4.601223941732998,1.9861552148356414,2.0512239417329985
283.7719557989999,4.385463874689937,4.603908129405962,1.985463865905912,2.0539081294059622
283.7820577759999,4.3847672183156785,4.606590944476471,1.9847672095316535,2.056590944476471
283.80522364399985,4.384065257222008,4.609272376450123,1.9840652484379828,2.0592723764501235
283.9306677919999,4.383357994154795,4.611952414837927,1.9833579853707701,2.0619524148379273
283.9769396890001,4.38264543188065,4.6146310491563485,1.9826454230966246,2.0646310491563487
283.9906985769999,4.381920032585613,4.617337190650889,1.9819200238015884,2.067337190650889
284.0155786619998,4.381182777867598,4.6200710680420665,1.9811827690835728,2.0700710680420666
284.0393887179998,4.380441532565587,4.622803866152332,1.9804415237815625,2.0728038661523325
284.1599880670001,4.379696298259547,4.625535579156718,1.979696289475522,2.0755355791567185
284.21350979199997,4.378947076537944,4.628266201232566,1.9789470677539192,2.078266201232566
284.2345501290001,4.378198293276068,4.6309794141930025,1.9781982844920427,2.0809794141930027
284.2583896410001,4.377451514993897,4.633666875911337,1.977451506209872,2.0836668759113373
284.3007135580001,4.376699830208036,4.6363529694080245,1.976699821424011,2.0863529694080247
284.41670690599994,4.375943241425264,4.639037685725259,1.9759432326412392,2.089037685725259
284.4784194590002,4.375181751168715,4.6417210159098286,1.9751817423846902,2.0917210159098287
284.4872594550002,4.374416125828926,4.644400213577112,1.974416117044901,2.094400213577112
284.51651293700024,4.373646143268093,4.647075742735438,1.9736461344840683,2.097075742735438
284.55617743899984,4.3728711562810565,4.649749826614254,1.9728711474970315,2.0997498266142545
284.5927849730001,4.372091167580611,4.652422455853077,1.972091158796586,2.102422455853077
284.61230290799995,4.371306179897065,4.655093621096507,1.97130617111304,2.1050936210965068
284.7442345979998,4.37051619597823,4.657763312994278,1.9705161871942054,2.107763312994278
284.80139843300003,4.369725582797682,4.660416682288985,1.969725574013657,2.110416682288985
284.8192621070002,4.36893745900025,4.663040811677086,1.9689374502162251,2.1130408116770862
284.86006391499996,4.3681434225005145,4.665663157993392,1.9681434137164895,2.115663157993392
284.90053448300023,4.367343477332475,4.668283707915388,1.9673434685484499,2.1182837079153884
284.99491615399984,4.366537627560159,4.670902448129692,1.9665376187761336,2.1209024481296925
285.072928477,4.365725269622477,4.673521343721851,1.9657252608384517,2.123521343721851
285.074259985,4.364905689654209,4.676143048153253,1.9649056808701837,2.126143048153253
285.16657167899984,4.364080359167003,4.67876294796754,1.9640803503829782,2.12876294796754
285.19147515199984,4.363249282134354,4.6813810305513845,1.9632492733503288,2.1313810305513847
285.2824263430002,4.362412462557432,4.683997283300202,1.9624124537734073,2.133997283300202
285.40283272299985,4.361569348248517,4.686613420773592,1.9615693394644924,2.1366134207735925
285.4033332690001,4.3607157001306245,4.689243314814532,1.9607156913465995,2.1392433148145322
285.45631120300004,4.359856696891487,4.691871464584027,1.9598566881074624,2.1418714645840273
285.4824623650002,4.358992342095157,4.694497859177727,1.9589923333111323,2.1444978591777275
285.5836982380001,4.358122639327899,4.697122487698558,1.958122630543874,2.1471224876985584
285.6318734209999,4.357253884941524,4.69972609076663,1.9572538761574987,2.14972609076663
285.66086983000014,4.3563843541810625,4.70231196027133,1.9563843453970375,2.15231196027133
285.72794941600023,4.355508733468867,4.704895773965676,1.9555087246848424,2.154895773965676
285.78261379700007,4.354627027665379,4.707477517507322,1.9546270188813542,2.1574775175073224
285.8543308200001,4.35373924166481,4.7100571765654005,1.953739232880785,2.1600571765654006
285.8862460770001,4.35283862074349,4.712654841314042,1.9528386119594647,2.1626548413140423
285.9215933989999,4.351930590168888,4.715256001992527,1.9519305813848633,2.1652560019925273
285.9865657800001,4.351017040698353,4.717855229524813,1.9510170319143278,2.167855229524813
286.04858696500014,4.350097976447403,4.720452512201445,1.9500979676633778,2.170452512201445
286.121808201,4.349178526604185,4.7230332948315175,1.9491785178201604,2.1730332948315176
286.16143920600007,4.348262490145154,4.725584884729302,1.948262481361129,2.175584884729302
286.1938436549999,4.347340066566725,4.72813417257941,1.9473400577826996,2.1781341725794103
286.2497624990001,4.346411261653988,4.730681142393685,1.946411252869963,2.180681142393685
286.26003159799984,4.345476081232052,4.733225778198509,1.945476072448027,2.1832257781985094
286.3380447909999,4.344534531166009,4.7357680640348985,1.9445345223819843,2.1857680640348987
286.3605977440002,4.343585857770598,4.73831002018299,1.9435858489865727,2.18831002018299
286.3891938329998,4.3426236386349935,4.740869639784678,1.9426236298509685,2.190869639784678
286.43162321499995,4.341655532493685,4.743427038593904,1.94165552370966,2.193427038593904
286.4739836069998,4.340681544472189,4.745982203070849,1.9406815356881641,2.195982203070849
286.5469249560001,4.339701679727154,4.748535119687528,1.9397016709431294,2.198535119687528
286.5681760819998,4.338700963387537,4.751125446857829,1.938700954603512,2.201125446857829
286.594023352,4.337660308516521,4.753809303956788,1.9376602997324963,2.2038093039567883
286.64342709899984,4.336616829292649,4.7564920642140045,1.936616820508624,2.2064920642140047
286.68381027099986,4.335570526871991,4.759173724657255,1.935570518087966,2.209173724657255
286.75547265800014,4.334521402413738,4.761854282315551,1.9345213936297134,2.211854282315551
286.77674097299996,4.3334572837591745,4.7645656632664934,1.9334572749751495,2.2145656632664936
286.8016102639999,4.3323863624448276,4.767289180719124,1.9323863536608026,2.217289180719124
286.8484362580002,4.331313706539081,4.770012015470665,1.9313136977550562,2.2200120154706653
286.8922201529999,4.330239316477153,4.772734166416362,1.9302393076931277,2.2227341664163625
286.9623053250002,4.329162093827452,4.775458423960298,1.9291620850434268,2.2254584239602986
286.99475390099997,4.3280691184646,4.778219156892803,1.928069109680575,2.228219156892803
287.02134904700006,4.326975406583235,4.780979598123659,1.9269753977992097,2.2309795981236595
287.0645101780001,4.325880958261207,4.78373974745637,1.925880949477182,2.2337397474563705
287.1520847910001,4.324785773576424,4.786499604694466,1.9247857647923987,2.2364996046944663
287.180234852,4.323740008886404,4.7891365318020505,1.9237400001023794,2.2391365318020506
287.204989456,4.322725436705056,4.791709077294568,1.9227254279210313,2.2417090772945683
287.2310009060002,4.321716097469685,4.794283680434894,1.9217160886856601,2.2442836804348945
287.27339777199995,4.320711995353366,4.796860330578438,1.9207119865693412,2.2468603305784383
287.35261955800024,4.319713134507516,4.7994390170721495,1.9197131257234914,2.2494390170721497
287.375667413,4.319018020595912,4.80125328980026,1.9190180118118874,2.2512532898002604
287.4019815370002,4.318499624729519,4.802660852956348,1.918499615945494,2.252660852956348
287.4273851419998,4.317999570472583,4.80407503613147,1.9179995616885583,2.2540750361314705
287.46112578500015,4.317517942333089,4.805495600332034,1.9175179335490644,2.2554956003320346
287.54296760399984,4.317054821705045,4.806922305486073,1.91705481292102,2.256922305486073
287.5932849579999,4.316610286854736,4.808354910483804,1.9166102780707113,2.2583549104838045
287.59391748400003,4.3161844129074955,4.809793173218401,1.9161844041234706,2.2597931732184016
287.6287278630002,4.315777271835002,4.811236850626885,1.9157772630509773,2.2612368506268856
287.6633021880002,4.315388932443131,4.8126856987312046,1.9153889236591062,2.2626856987312047
287.754639969,4.315019460360315,4.814139472679484,1.9150194515762897,2.264139472679484
287.8064891690001,4.314653897238335,4.81565908665733,1.91465388845431,2.2656590866573305
287.80907732700007,4.314302858326956,4.817201126505665,1.9143028495429308,2.2672011265056655
287.8407939630001,4.313970802769708,4.8187473652705535,1.913970793985683,2.2687473652705537
287.89252579899994,4.313657780750822,4.820297569265787,1.9136577719667973,2.2702975692657867
287.9811463350002,4.313363839577953,4.821851504205877,1.9133638307939278,2.271851504205877
288.0318969220002,4.31308902367503,4.823408935241475,1.9130890148910047,2.2734089352414752
288.0430115590002,4.312813605205489,4.82507279250783,1.9128135964214636,2.27507279250783
288.0748331210002,4.312486214331942,4.827118256833448,1.9124862055479173,2.2771182568334485
288.1293048749999,4.312119808130414,4.829482664304814,1.9121197993463892,2.2794826643048145
288.2107949880001,4.3117606804778665,4.831879065528429,1.9117606716938416,2.281879065528429
288.25482378800007,4.311374543721045,4.834512333995348,1.91137453493702,2.284512333995348
288.2720902279998,4.3109753079193265,4.837270076184051,1.9109752991353015,2.2872700761840514
288.29701588199987,4.3105811757499035,4.840028552400687,1.9105811669658785,2.2900285524006874
288.35542025199993,4.310192148562291,4.842787753200199,1.9101921397782662,2.292787753200199
288.43876150999995,4.309808227688524,4.845547669135045,1.9098082189044994,2.295547669135045
288.524429606,4.30942941444315,4.848308290755232,1.9094294056591248,2.298308290755232
288.525076809,4.30903622480336,4.85119874779262,1.9090362160193348,2.30119874779262
288.52966356900015,4.308640766736044,4.854116385435423,1.908640757952019,2.3041163854354227
288.5839918679999,4.308246716751277,4.857034213584442,1.9082467079672516,2.3070342135844424
288.6710752680001,4.3078540749408285,4.859952231560122,1.9078540661568035,2.309952231560122
288.71847417200024,4.307462841396147,4.862870438682855,1.9074628326121217,2.3128704386828556
288.73125441799993,4.307080923682978,4.865734304635834,1.9070809148989532,2.315734304635834
288.7675704779999,4.306702705810097,4.868592486484462,1.906702697026072,2.3185924864844623
288.81686955199984,4.306327383904528,4.871451050058427,1.9063273751205032,2.3214510500584273
288.90322975900017,4.305954958351523,4.8743099924234725,1.9059549495674983,2.3243099924234727
288.96256930300024,4.305606880365608,4.877013062556273,1.905606871581583,2.327013062556273
288.96972972000003,4.305275076673749,4.879650069728203,1.9052750678897241,2.3296500697282028
289.00377110399995,4.304951095068821,4.882288049340423,1.9049510862847963,2.3322880493404234
289.066593601,4.3046349384004134,4.8849269781905384,1.9046349296163885,2.3349269781905386
289.16772881399993,4.304333925888259,4.88750567777175,1.9043339171042342,2.33750567777175
289.2520728119998,4.3040565205123285,4.889971950454881,1.9040565117283035,2.3399719504548813
289.2532752830002,4.303790193515322,4.892439444045698,1.9037901847312972,2.3424394440456986
289.29065105300015,4.303534950268405,4.894908108780909,1.9035349414843803,2.344908108780909
289.34381285200016,4.303290795919207,4.897377894873621,1.9032907871351816,2.3473778948736213
289.4836003549999,4.303057735391721,4.899848752514298,1.9030577266076958,2.3498487525142986
289.5526301599998,4.302835463459402,4.90232409052067,1.9028354546753774,2.3523240905206704
289.5626186039999,4.302622155909991,4.904821547847914,1.9026221471259661,2.354821547847914
289.6023247500002,4.3024195307786774,4.907319894554882,1.9024195219946525,2.357319894554882
289.64373709500023,4.302227591771239,4.909819084949685,1.9022275829872144,2.3598190849496854
289.740332373,4.3020463423980235,4.912319073325014,1.9020463336139986,2.362319073325014
289.7916965620002,4.301876781944453,4.914805014037865,1.9018767731604282,2.3648050140378656
289.7990891569998,4.301728197273832,4.917158543497038,1.9017281884898067,2.3671585434970384
289.8344053679998,4.3015927054231415,4.919512862990638,1.9015926966391166,2.3695128629906383
289.8808772450002,4.3014703105841,4.9218678996831144,1.901470301800075,2.3718678996831146
289.9790629119998,4.3013610165432326,4.924223580716739,1.9013610077592076,2.3742235807167393
290.02603821599996,4.30126482668177,4.926579833213839,1.901264817897745,2.376579833213839
290.04400291699994,4.301180790334126,4.9289580883802,1.9011807815501007,2.3789580883802
290.0738937719998,4.301109403229616,4.931339379925116,1.9011093944455912,2.381339379925116
290.1169187690002,4.301050763768547,4.933721019476807,1.9010507549845221,2.3837210194768073
290.2145626890001,4.301004937653241,4.936099812183298,1.9010049288692161,2.386099812183298
290.26358793400004,4.300972114572719,4.938471522156594,1.9009721057886941,2.3884715221565944
290.279649607,4.300952201574455,4.9408433756563985,1.9009521927904296,2.3908433756563987
290.3140351259999,4.300945199248431,4.943215302408948,1.9009451904644057,2.393215302408948
290.3609494809998,4.300951107802117,4.945587232138311,1.900951099018092,2.395587232138311
290.4651148900002,4.300969832111647,4.9479463687216745,1.9009698233276224,2.3979463687216747
290.5280326719999,4.301001648472971,4.950267182699278,1.9010016396889458,2.4002671826992783
290.5284819130002,4.301047120709211,4.952587769279253,1.9010471119251862,2.402587769279253
290.57687547700016,4.3011062472458645,4.954908048109935,1.9011062384618396,2.4049080481099354
290.628696969,4.301179026035642,4.957227938850291,1.9011790172516174,2.4072279388502915
290.744200437,4.301265454558532,4.959547361172739,1.901265445774507,2.4095473611727396
290.7975454090001,4.301366053385634,4.961879306827237,1.9013660446016094,2.4118793068272373
290.81849374600006,4.301480667827196,4.964227749887928,1.901480659043171,2.414227749887928
290.8511735789998,4.301608484684865,4.9665755114027395,1.9016084759008396,2.4165755114027396
290.90223115900017,4.301749499917932,4.968922517151254,1.901749491133907,2.4189225171512545
291.0257386540002,4.30190522360509,4.97129309284578,1.9019052148210647,2.4212930928457803
291.1008349489998,4.302075781166816,4.973699783943679,1.902075772382791,2.423699783943679
291.1016490930001,4.302258585744794,4.976105575790207,1.9022585769607692,2.4261055757902072
291.1552671310001,4.302453632603516,4.9785104060639425,1.9024536238194911,2.4285104060639426
291.2159632749999,4.302660916690342,4.980914212468357,1.9026609079063168,2.430914212468357
291.3608484189999,4.302880432635629,4.983316932733454,1.9028804238516037,2.4333169327334545
291.421388322,4.303112400703078,4.985721133696694,1.9031123919190533,2.4357211336966937
291.4451135439999,4.30335654736602,4.988124128466336,1.903356538581995,2.4381241284663364
291.479003378,4.303612866356601,4.990525855351525,1.903612857572576,2.4405258553515248
291.5360283340001,4.303881351094472,4.9929262526939455,1.9038813423104473,2.4429262526939457
291.6495589320002,4.304161994686964,4.995325258869418,1.9041619859029386,2.445325258869418
291.7237105690001,4.3044494293722995,4.997676989102646,1.9044494205882745,2.4476769891026464
291.7255898610001,4.304746361558849,4.999996534718604,1.9047463527748243,2.449996534718604
291.76324935499997,4.305056587206109,5.002314339851843,1.905056578422084,2.452314339851843
291.8088126729999,4.3053800961171325,5.004630328317355,1.9053800873331075,2.4546303283173554
291.9437951969999,4.305716877658346,5.006944423989833,1.9057168688743213,2.4569444239898335
292.0461705490002,4.306071349849257,5.009286558816292,1.9060713410652323,2.4592865588162924
292.04741035200004,4.306448600657868,5.011697919551985,1.906448591873843,2.461697919551985
292.06781639200017,4.30683753560876,5.014107423312997,1.9068375268247348,2.4641074233129974
292.21885284500013,4.307238145563358,5.016515013484645,1.9072381367793327,2.4665150134846447
292.30794049899987,4.307650421108771,5.018920633497239,1.9076504123247457,2.4689206334972393
292.30861869499995,4.30806765901699,5.021285389870191,1.9080676502329648,2.471285389870191
292.3559459050002,4.308490757459048,5.023609058396377,1.9084907486750233,2.4736090583963772
292.38518686,4.308926700184587,5.0259303514953455,1.9089266914005623,2.4759303514953457
292.5410470800002,4.309375473860184,5.0282491981697435,1.9093754650761592,2.4782491981697437
292.60091721300023,4.309838742311268,5.030573963799751,1.9098387335272426,2.480573963799751
292.618515054,4.310323582248613,5.032942743176108,1.9103235734645883,2.4829427431761077
292.64960188299983,4.310820366321933,5.035309046428698,1.9108203575379084,2.485309046428698
292.69012254200015,4.311329081887379,5.037672813331799,1.9113290731033543,2.487672813331799
292.85722480999993,4.311849715997428,5.040033983724246,1.911849707213403,2.4900339837242464
292.9183565029998,4.312358511165214,5.0422825699094425,1.9123585023811889,2.4922825699094426
292.93547355400005,4.312879620044179,5.0445222579162365,1.9128796112601543,2.4945222579162367
292.95597765799994,4.31341431607536,5.046758741089819,1.9134143072913354,2.4967587410898195
293.00716843400005,4.313962579552396,5.048991937004027,1.9139625707683714,2.4989919370040274
293.0504602410001,4.314524390268887,5.051221763353837,1.914524381484862,2.501221763353837
293.0731099720001,4.315099727519159,5.05344813795842,1.9150997187351337,2.5034481379584204
293.2219672370002,4.315688570099004,5.055670978764153,1.9156885613149792,2.5056709787641536
293.2586120609999,4.316290896306476,5.057890203847663,1.9162908875224507,2.507890203847663
293.29607282300003,4.316918167952513,5.060148677989945,1.9169181591684876,2.510148677989945
293.3600891420001,4.3175593547603235,5.062407727064207,1.9175593459762985,2.5124077270642076
293.36395695600004,4.318213290845047,5.064663118568918,1.9182132820610218,2.514663118568918
293.5010437820001,4.318879955344726,5.066914780552275,1.918879946560701,2.516914780552275
293.5577633990001,4.319568061732593,5.069192128389548,1.9195680529485677,2.519192128389548
293.5680872849998,4.320275261432218,5.071489531665916,1.9202752526481928,2.5214895316659165
293.65412779100006,4.32099432267426,5.073783250079242,1.9209943138902354,2.5237832500792425
293.67725112000016,4.321725226260197,5.076073222388568,1.921725217476172,2.5260732223885682
293.7537755449998,4.322467952675333,5.078359387452971,1.922467943891308,2.528359387452971
293.8121514479999,4.32322368586778,5.080645415128736,1.923223677083755,2.5306454151287365
293.8128920280001,4.323991535148086,5.082928780362627,1.9239915263640612,2.532928780362627
293.8912194630002,4.32477106936969,5.085208182851429,1.9247710605856647,2.535208182851429
293.9147383459999,4.32556226808281,5.087483562798816,1.9255622592987849,2.5374835627988164
294.0065351510002,4.326365110531665,5.089754860513979,1.9263651017476398,2.5397548605139795
294.06388095400007,4.327171686784099,5.091999417184068,1.9271716780000738,2.5419994171840683
294.06791392900004,4.327989355711553,5.094237125460941,1.9279893469275282,2.544237125460941
294.1443796550002,4.32881898985215,5.096470425261697,1.9288189810681247,2.546470425261697
294.16423130400017,4.329660565438938,5.098699252607863,1.929660556654913,2.5486992526078636
294.26564190399995,4.330509792007278,5.1009123642286935,1.9305097832232527,2.5509123642286937
294.31770438700005,4.33136331036267,5.103099987404424,1.9313633015786453,2.5530999874044245
294.33173759700003,4.332229172126635,5.105282754489498,1.9322291633426096,2.5552827544894985
294.4112400150002,4.333107349672097,5.107460595838317,1.9331073408880717,2.557460595838317
294.43351847099984,4.333997814979029,5.109633441962445,1.9339978061950043,2.559633441962445
294.5084288379999,4.334900539635331,5.111801223532828,1.9349005308513063,2.561801223532828
294.5576248289999,4.335822010799892,5.113979694523073,1.935822002015867,2.5639796945230735
294.5723793950001,4.336755786990006,5.1161538997179115,1.9367557782059808,2.5661538997179116
294.64322111799993,4.337701490931885,5.118322943345136,1.9377014821478604,2.5683229433451364
294.66225952700006,4.338659094095668,5.120486759969345,1.938659085311643,2.570486759969345
294.75438447199986,4.339628567592516,5.122645284312826,1.9396285588084914,2.5726452843128262
294.82145539400017,4.340616339799444,5.124812915301608,1.9406163310154194,2.5748129153016084
294.82234199999994,4.341617292709088,5.126978854483408,1.9416172839250634,2.576978854483408
294.89897782200023,4.342629756226643,5.1291394370187895,1.9426297474426177,2.5791394370187897
294.929233329,4.343653701686907,5.1312946017366174,1.9436536929028816,2.5812946017366176
295.0039203770002,4.344689100099593,5.133444287619157,1.9446890913155683,2.583444287619157
295.0523796319999,4.345724139073929,5.135563866250957,1.945724130289904,2.585563866250957
295.08017101899986,4.346767072062886,5.13766944144361,1.9467670632788612,2.5876694414436106
295.1394526429999,4.347821854994516,5.139769105483048,1.9478218462104908,2.5897691054830485
295.16405777399996,4.348888454366815,5.141862791679775,1.94888844558279,2.591862791679775
295.265946557,4.34996831929968,5.143953316807582,1.9499683105156547,2.593953316807582
295.3542845699999,4.351062604770232,5.1460431291218995,1.951062595986207,2.5960431291218997
295.3550376610001,4.352168483245705,5.148126829915589,1.9521684744616796,2.5981268299155893
295.4076794299999,4.353285920594821,5.150204354878362,1.9532859118107964,2.600204354878362
295.42829116099983,4.354414882329561,5.15227563989053,1.9544148735455358,2.6022756398905305
295.51753103400006,4.355553655704051,5.154337574933281,1.9555536469200256,2.6043375749332816
295.5815806589999,4.356700065413387,5.156385980147114,1.9567000566293618,2.606385980147114
295.583858557,4.357858042431132,5.158427868578961,1.9578580336471068,2.6084278685789615
295.650902114,4.3590275497137725,5.16046317490912,1.9590275409297475,2.6104631749091203
295.734099583,4.3602085498489505,5.162491834028448,1.9602085410649255,2.6124918340284484
295.79568531099994,4.361401149586829,5.164514025255349,1.961401140802804,2.6145140252553496
295.8051113480001,4.362606447332447,5.166531649443239,1.962606438548422,2.616531649443239
295.83088557200017,4.3638230878956,5.168542454197371,1.9638230791115752,2.618542454197371
295.9131425400001,4.365051032693882,5.170546375750602,1.9650510239098566,2.6205463757506022
296.010429941,4.3662902427864045,5.172543350554081,1.9662902340023796,2.622543350554081
296.076882843,4.367540678875031,5.174533315279243,1.9675406700910059,2.624533315279243
296.0775241209999,4.368796557701349,5.176507145868606,1.9687965489173238,2.6265071458686062
296.1019563210002,4.370053167378422,5.178456849996855,1.9700531585943968,2.628456849996855
296.160375466,4.371321252572118,5.180399110023156,1.971321243788093,2.6303991100231565
296.2510782260001,4.3726007691851825,5.182333858406053,1.9726007604011575,2.632333858406053
296.3060419200001,4.373909962811488,5.184288656429651,1.9739099540274627,2.634288656429651
296.31321318300024,4.375244927565706,5.186258845061635,1.9752449187816814,2.6362588450616355
296.3460241550001,4.376590461665447,5.188221830575352,1.9765904528814224,2.638221830575352
296.41694307499984,4.377946526245465,5.190177556270699,1.9779465174614397,2.6401775562706993
296.50991714600013,4.379312707925255,5.192125434422806,1.97931269914123,2.6421254344228062
296.56344124999987,4.380682315571497,5.19405578662188,1.9806823067874721,2.6440557866218803
296.56808895999984,4.382062494544582,5.195978594651657,1.9820624857605567,2.645978594651657
296.590791996,4.383453203290112,5.19789380062027,1.9834531945060871,2.6478938006202704
296.65341713299995,4.384854399936662,5.199801346864748,1.9848543911526373,2.6498013468647486
296.7430890589999,4.386266042297033,5.201701175952723,1.9862660335130085,2.6517011759527236
296.82271054700004,4.387688690760708,5.203594036964155,1.987688681976683,2.6535940369641553
296.823515823,4.389122582898699,5.205480292177072,1.9891225741146736,2.6554802921770726
296.8490237430001,4.39056676246046,5.207358682654323,1.9905667536764349,2.6573586826543227
296.90943133300016,4.392021186309685,5.209229152290121,1.9920211775256598,2.659229152290121
297.00667750799994,4.393485811004076,5.211091645215264,1.9934858022200515,2.661091645215264
297.06004730999985,4.394925223445456,5.212900765249663,1.9949252146614307,2.6629007652496632
297.06491694099986,4.3963735534156845,5.214698869708969,1.9963735446316595,2.6646988697089693
297.10002788300017,4.397832627699638,5.21648826669766,1.9978326189156133,2.6664882666976606
297.1536452189998,4.399302393948522,5.218268892015596,1.9993023851644973,2.668268892015596
297.2486605879999,4.400782799429936,5.220040681777346,2.000782790645911,2.670040681777346
297.3010522459999,4.402289036030196,5.221821722323682,2.0022890272461713,2.671821722323682
297.3016124669998,4.403828151603403,5.223621334285194,2.0038281428193776,2.673621334285194
297.32315719400003,4.40537710088495,5.225412489243003,2.005377092100925,2.675412489243003
297.39136463900013,4.406935837406821,5.227195133462994,2.006935828622796,2.6771951334629938
297.482245059,4.408504314407386,5.228969213466371,2.008504305623361,2.678969213466371
297.535760924,4.4100681209486385,5.230718530713668,2.0100681121646136,2.6807185307136683
297.5533798780002,4.411620435519958,5.232434588602535,2.011620426735933,2.6824345886025354
297.5797240510001,4.4131829252765,5.234141387057826,2.013182916492475,2.684141387057826
297.6282514630002,4.414755534987552,5.2358388657478185,2.0147555262035266,2.6858388657478187
297.723875443,4.416338209064682,5.237526964670234,2.0163382002806567,2.6875269646702344
297.77349212399986,4.417930891563709,5.239205624154336,2.0179308827796842,2.6892056241543365
297.784962317,4.419544076028199,5.240885910515747,2.019544067244174,2.690885910515747
297.8161073699998,4.421171587135525,5.242561700478519,2.0211715783515003,2.692561700478519
297.8580888470001,4.4228087142867425,5.244228097518407,2.0228087055027175,2.6942280975184074
297.9768046549998,4.424455403273002,5.2458850464573725,2.0244553944889767,2.6958850464573727
298.0387400999998,4.426111599568839,5.247532492430219,2.0261115907848137,2.697532492430219
298.04237892799983,4.427760910976088,5.249154096711823,2.0277609021920626,2.6991540967118235
298.07479740300005,4.429414439457833,5.250760385459421,2.0294144306738082,2.7007603854594215
298.12536248800006,4.431077609164094,5.252356689474575,2.0310776003800695,2.702356689474575
298.2194402660002,4.432750359803713,5.253942950890058,2.0327503510196876,2.703942950890058
298.3124260710001,4.434432630738226,5.25551911220271,2.0344326219542013,2.70551911220271
298.31397191999986,4.436135002438994,5.257095115167041,2.036134993654969,2.707095115167041
298.32095438900024,4.437849276785866,5.258663575687322,2.037849268001841,2.7086635756873223
298.3656964339998,4.43957271701156,5.260221959057511,2.0395727082275354,2.7102219590575114
298.4870092330002,4.441305263879722,5.261770211714422,2.0413052550956974,2.7117702117144225
298.5468078260001,4.443047780638902,5.263309093799715,2.043047771854877,2.7133090937997153
298.55088729199997,4.44480446945502,5.264842399177718,2.044804460670995,2.7148423991777184
298.58031107399984,4.446570009073877,5.266365504831675,2.046570000289852,2.716365504831675
298.625376772,4.448344340274496,5.267878359672496,2.0483443314904712,2.717878359672496
298.7198747299999,4.450114505893524,5.269369980657442,2.0501144971094987,2.719369980657442
298.76968382199993,4.451877824545098,5.270837592149128,2.0518778157610726,2.7208375921491283
298.7823300619998,4.4536500878767145,5.272294389609622,2.0536500790926895,2.7222943896096226
298.82337459200016,4.455431229569434,5.273740318524873,2.0554312207854086,2.7237403185248734
298.861080958,4.457221182972087,5.275175324787527,2.057221174188062,2.7251753247875268
298.94844098700014,4.459019881103752,5.276599354698956,2.0590198723197273,2.7265993546989558
299.0013136110001,4.460831413545476,5.278015654422334,2.060831404761451,2.728015654422334
299.0063436680002,4.4626525448874705,5.279421762069802,2.0626525361034456,2.7294217620698022
299.045174673,4.464482163395204,5.2808168083762785,2.0644821546111793,2.7308168083762787
299.08645844800003,4.466320201884354,5.282200742115104,2.066320193100329,2.732200742115104
299.19078263400024,4.468166592861408,5.283573512467676,2.068166584077383,2.733573512467676
299.26276409499997,4.470024726765193,5.2849376090622595,2.0700247179811684,2.7349376090622597
299.2635040340001,4.471901363979343,5.286298184065425,2.0719013551953176,2.736298184065425
299.3273263340002,4.4737860107169745,5.287647642566859,2.0737860019329495,2.737647642566859
299.37608200900013,4.475678601128941,5.288985937416773,2.0756785923449157,2.738985937416773
299.4772589889999,4.477579069088536,5.290313021855425,2.0775790603045112,2.7403130218554255
299.5331853409998,4.4794873481938176,5.291628849514776,2.0794873394097926,2.7416288495147763
299.5339277779999,4.481383204263874,5.292919445056663,2.0813831954798494,2.742919445056663
299.571648096,4.483280235403444,5.2941937183217815,2.083280226619419,2.7441937183217817
299.6116440850001,4.485185123226287,5.295456216591514,2.0851851144422624,2.7454562165915144
299.71051416399996,4.487098648653925,5.296707447669923,2.0870986398699,2.746707447669923
299.78698123899994,4.4890275288899035,5.297951878150693,2.0890275201058786,2.747951878150693
299.7880476380001,4.490963971476825,5.29918450797905,2.0909639626928,2.7491845079790505
299.826455766,4.492907904220705,5.3004052912003825,2.09290789543668,2.7504052912003827
299.86488083999984,4.494859254648299,5.301614182301733,2.094859245864274,2.751614182301733
299.96296952700004,4.496798037926783,5.30279903636125,2.0967980291427577,2.7527990363612505
300.01614506399983,4.4983669847696115,5.303739962508997,2.0983669759855865,2.7537399625089973
300.01676739100003,4.499945396020491,5.304664924202399,2.0999453872364664,2.754664924202399
300.05548812899997,4.501533109242464,5.305573826252092,2.101533100458439,2.7555738262520926
300.08460171900015,4.503129961041297,5.306466575121441,2.1031299522572717,2.7564665751214408
300.1811144160001,4.504735787082298,5.307343078936161,2.104735778298273,2.7573430789361613
300.2406696339999,4.506350422107206,5.3082032474937675,2.1063504133231814,2.7582032474937677
300.241431296,4.508029901306618,5.309076678618808,2.1080298925225933,2.7590766786188086
300.26711188399986,4.509734313445424,5.3099428142025165,2.109734304661399,2.7599428142025166
300.2923094900002,4.511446817746805,5.310792838088086,2.11144680896278,2.7607928380880864
300.38862900899994,4.513167261912156,5.311626674680115,2.113167253128131,2.761626674680115
300.44128826199994,4.514895492936752,5.3124442498227875,2.114895484152727,2.7624442498227877
300.44264598100017,4.516740689848979,5.313297266980096,2.1167406810649543,2.7632972669800964
300.4703813639999,4.518612880097743,5.314144298306142,2.1186128713137182,2.7641442983061424
300.57341580599996,4.520491945443169,5.31497596640249,2.120491936659144,2.76497596640249
300.5986244669998,4.522377759816831,5.315792215471679,2.1223777510328063,2.765792215471679
300.64091659099995,4.524293300542826,5.316602828471155,2.1242932917588013,2.7666028284711555
300.64899375000005,4.526250676674402,5.317413446343083,2.126250667890377,2.767413446343083
300.6734017240001,4.5282141878211055,5.318209088619189,2.1282141790370805,2.768209088619189
300.78746887399984,4.530183719408818,5.318989708872432,2.130183710624793,2.7689897088724322
300.8129817680001,4.532164746163175,5.3197574425975045,2.1321647373791497,2.7697574425975047
300.86516983399997,4.534286462288314,5.320563273255412,2.134286453504289,2.770563273255412
300.865638321,4.536422838968567,5.321359481650649,2.1364228301845416,2.7713594816506495
300.8894524289999,4.538564142855424,5.322142342297704,2.1385641340713994,2.7721423422977045
301.00376047200007,4.540710290555165,5.322911824707835,2.1407102817711396,2.772911824707835
301.03215257400007,4.542906085207535,5.323684050092166,2.1429060764235097,2.7736840500921662
301.11984724800004,4.545126806586601,5.32445099854084,2.145126797802576,2.77445099854084
301.1205841259998,4.547351816900053,5.32520541385841,2.1473518081160283,2.7752054138584104
301.1211639200001,4.549581045415035,5.325947272062088,2.14958103663101,2.775947272062088
301.1388152049999,4.551814421264583,5.326676549568273,2.1518144124805576,2.776676549568273
301.1624175480001,4.554051873449893,5.327393223193301,2.154051864665868,2.777393223193301
301.2467633629999,4.556293330842582,5.328097270154188,2.156293322058557,2.7780972701541886
301.3006835030001,4.558577725465763,5.328800908832061,2.1585777166817377,2.7788009088320615
301.30202155300003,4.560910875143283,5.3295069959833015,2.160910866359258,2.7795069959833016
301.3235711120001,4.563247438328998,5.330201703808238,2.1632474295449726,2.7802017038082383
301.35077078099994,4.565587359523582,5.330885015805787,2.1655873507395573,2.7808850158057874
301.4278874880001,4.567930583147952,5.331556915745555,2.1679305743639268,2.781556915745555
301.46019422100017,4.570278016427759,5.332217657589721,2.170278007643734,2.7822176575897215
301.5102248630001,4.572672472614685,5.332879635421632,2.17267246383066,2.782879635421632
301.557657929,4.57507019798094,5.333531003847225,2.1750701891969153,2.7835310038472247
301.5869481310001,4.577470808792588,5.3341716562403905,2.1774708000085634,2.7841716562403906
301.6514082059998,4.579874257157256,5.334801579820064,2.1798742483732307,2.784801579820064
301.67735653399995,4.582319067853292,5.335430977261813,2.182319059069267,2.7854309772618135
301.72525835099987,4.584793362920481,5.336057681259634,2.1847933541364557,2.786057681259634
301.76120039499983,4.587270070311071,5.336674782938314,2.187270061527046,2.786674782938314
301.7895265970001,4.589749152760235,5.33728227301287,2.18974914397621,2.7872822730128703
301.8600076570001,4.592231545324793,5.337880375843174,2.1922315365407683,2.787880375843174
301.884886584,4.594753081751996,5.338478066414411,2.194753072967971,2.7884780664144113
301.9353494359998,4.597276718873951,5.339066824131352,2.1972767100899264,2.7890668241313525
301.9799612759998,4.599802425045043,5.3396466416111625,2.199802416261018,2.7896466416111627
302.0063835330002,4.602330168593689,5.340217511583106,2.2023301598096636,2.790217511583106
302.09447271199997,4.604859917822761,5.3407794268886475,2.204859909038736,2.7907794268886477
302.1449585139999,4.607400014125806,5.341334224870421,2.2074000053417806,2.791334224870421
302.14569467399997,4.609970569048588,5.341886792040312,2.2099705602645634,2.7918867920403123
302.20390360500005,4.612542886069231,5.342431097316406,2.212542877285206,2.792431097316406
302.2292635220001,4.61511693863366,5.342967135079833,2.215116929849635,2.7929671350798335
302.29295198599993,4.617692700169886,5.343494899797062,2.2176926913858614,2.7934948997970626
302.3192392740002,4.620284224942812,5.344017270190799,2.220284216158787,2.794017270190799
302.36564844099985,4.622948816545803,5.344546992380303,2.2229488077617776,2.794546992380303
302.408073478,4.625614700559282,5.345070171542221,2.2256146917752573,2.7950701715422213
302.4308578959999,4.62828186091657,5.345586804523472,2.2282818521325454,2.795586804523472
302.5029856689998,4.630950281543289,5.3460968882104245,2.2309502727592636,2.7960968882104247
302.5255823839998,4.633630818407037,5.346602559438829,2.2336308096230124,2.7966025594388295
302.5776135000001,4.636317190877766,5.347102873210093,2.236317182093741,2.7971028732100933
302.61992518399984,4.639004715741851,5.347596959261423,2.2390047069578256,2.7975969592614236
302.63981919800017,4.64169337856182,5.34808481493857,2.241693369777795,2.79808481493857
302.72234458599996,4.644395178074343,5.348568628834542,2.244395169290318,2.798568628834542
302.7467328990001,4.647131273231699,5.349052902173122,2.2471312644476744,2.7990529021731225
302.7929834900001,4.649868292484322,5.349531925123874,2.249868283700297,2.7995319251238744
302.8325829969999,4.652606225757065,5.350005695923485,2.25260621697304,2.8000056959234856
302.8550717940002,4.655345062971428,5.350474212827976,2.2553450541874027,2.800474212827976
302.93013828799985,4.658084794045574,5.350937474112706,2.258084785261549,2.8009374741127058
302.9553945910002,4.660825408894378,5.351395478072377,2.260825400110353,2.8013954780723775
303.005833749,4.66365465061496,5.351863869331692,2.2636546418309353,2.801863869331692
303.0428559349998,4.66650891286151,5.352333670258096,2.2665089040774853,2.802333670258096
303.06295252100017,4.6693636108881105,5.352800815909284,2.2693636021040855,2.8028008159092845
303.142330787,4.672218742224608,5.35326530588104,2.272218733440583,2.80326530588104
303.1845786550002,4.675008659176251,5.353715915988322,2.2750086503922264,2.803715915988322
303.23152823300006,4.677777409032413,5.354158335351871,2.277777400248388,2.804158335351871
303.26722719300005,4.680546906892522,5.354596047885468,2.2805468981084966,2.804596047885468
303.34223378900015,4.683317144755053,5.355029052324488,2.283317135971028,2.805029052324488
303.36815527399995,4.686093807428229,5.355458238497529,2.286093798644204,2.805458238497529
303.39453005899986,4.688919975040417,5.35589104804824,2.2889199662563917,2.80589104804824
303.4380301880001,4.691746669001216,5.356320406559567,2.2917466602171914,2.806320406559567
303.4735916589998,4.694573885096574,5.356746313391421,2.294573876312549,2.8067463133914208
303.5478497429999,4.69740161911164,5.3571687679088535,2.2974016103276154,2.8071687679088537
303.5723697379999,4.70023738982306,5.3575889035532365,2.3002373810390346,2.8075889035532366
303.6008851659999,4.70311161924079,5.358011952344654,2.303111610456765,2.8080119523446543
303.6626360629998,4.705986195278793,5.358432639434311,2.3059861864947684,2.8084326394343115
303.68063967499984,4.708861115996501,5.35885096453821,2.308861107212476,2.80885096453821
303.7609820030002,4.711736379453118,5.3592669273739455,2.311736370669093,2.8092669273739457
303.7846792969999,4.714611983707608,5.359680527660709,2.3146119749235834,2.809680527660709
303.8113695530001,4.717486240765765,5.360091521390774,2.3174862319817398,2.810091521390774
303.85644736899985,4.720351302697498,5.360498614042565,2.320351293913473,2.810498614042565
303.88397183899997,4.7232167379665615,5.360903070490955,2.3232167291825365,2.810903070490955
303.9682751260002,4.726082544147323,5.36130489039357,2.3260825353632977,2.8113048903935702
303.9919264509999,4.728948718813845,5.361704073410261,2.32894871002982,2.8117040734102607
304.0202858389998,4.731821566373576,5.3621015265129905,2.3318215575895507,2.8121015265129907
304.06357218699986,4.734702452045274,5.362497697950014,2.3347024432612486,2.812497697950014
304.0983964259999,4.737583652687453,5.362891572194424,2.3375836439034283,2.812891572194424
304.17459646399993,4.740465166468352,5.363283148995814,2.3404651576843274,2.813283148995814
304.21724395,4.743346991556013,5.363672428105228,2.343346982771988,2.813672428105228
304.2428543629999,4.746240369966662,5.364061049097797,2.346240361182637,2.8140610490977975
304.2898211759998,4.749135266527628,5.364447845546598,2.3491352577436033,2.8144478455465984
304.3225819909999,4.75203042849444,5.364832650402908,2.3520304197104154,2.8148326504029084
304.4073653380001,4.754925854496946,5.365215463484614,2.354925845712921,2.8152154634846145
304.43324138800017,4.757879617062602,5.3656046292595,2.357879608278577,2.8156046292595
304.45401377300004,4.760849825694392,5.365995831933803,2.3608498169103673,2.8159958319338028
304.50098922899997,4.763820048359657,5.366386928044109,2.3638200395756317,2.8163869280441096
304.53297776399995,4.76679028505457,5.366777917589923,2.3667902762705446,2.8167779175899232
304.6229273650001,4.769760535775309,5.36716880057074,2.3697605269912843,2.81716880057074
304.6466547109999,4.772730800518053,5.367559576986056,2.372730791734028,2.8175595769860564
304.67486799000017,4.775691861761708,5.367949158744499,2.3756918529776834,2.817949158744499
304.72355008700015,4.778647910929188,5.368338525234006,2.3786479021451634,2.8183385252340063
304.74910813199995,4.781603897908278,5.368728363563527,2.381603889124253,2.818728363563527
304.8319150860002,4.78455982262366,5.369118673723129,2.3845598138396347,2.8191186737231293
304.86123015700014,4.787515685000027,5.369509455702871,2.3875156762160024,2.819509455702871
304.8811623219999,4.790404962652817,5.369892757519069,2.3904049538687917,2.819892757519069
304.926578221,4.793293955792803,5.370278197883245,2.3932939470087784,2.820278197883245
304.95629957500023,4.796182662837099,5.370665776584209,2.396182654053074,2.8206657765842094
305.0382626840001,4.799071082202986,5.371055493409613,2.3990710734189613,2.821055493409613
305.0609874390002,4.801962186384477,5.37144774182493,2.4019621776004523,2.8214477418249304
305.09263487299995,4.804932245031559,5.371851626659574,2.4049322362475336,2.8218516266595746
305.1432277650001,4.807903709026416,5.372255733634773,2.407903700242391,2.8222557336347736
305.165243768,4.8108751688763745,5.372659871086885,2.4108751600923495,2.822659871086885
305.2539192720001,4.813846624581129,5.373064039015868,2.413846615797104,2.8230640390158683
305.2765890380001,4.8167981151116495,5.3734657182644785,2.4167981063276245,2.8234657182644787
305.30658677300016,4.8197428662414215,5.373867187059696,2.4197428574573965,2.8238671870596965
305.37615045500024,4.822687519833514,5.374269370640168,2.422687511049489,2.8242693706401685
305.39857812599985,4.825632075714429,5.374672268982197,2.425632066930404,2.824672268982197
305.4819240470001,4.828576533710668,5.375075882062046,2.4285765249266427,2.8250758820620465
305.5106078220001,4.831520893648739,5.37548020985593,2.4315208848647143,2.8254802098559297
305.56664183700013,4.834454471407513,5.375883914940693,2.434454462623488,2.825883914940693
305.56784235199984,4.837387350045076,5.37628854251073,2.437387341261051,2.8262885425107305
305.60115461099986,4.840320090551615,5.376694170042379,2.4403200817675903,2.826694170042379
305.69156781499987,4.843252692586191,5.377100797488482,2.4432526838021658,2.827100797488482
305.71370678899984,4.8461817440072625,5.3775079566794,2.4461817352232376,2.8275079566794004
305.75817252900015,4.84909127691705,5.377913791415015,2.449091268133025,2.827913791415015
305.777154378,4.852000590280539,5.378321197034447,2.4520005814965145,2.8283211970344473
305.8120749750001,4.854909683249611,5.378730173418928,2.454909674465586,2.8287301734189283
305.9053909019999,4.857818554976186,5.379140720449233,2.457818546192161,2.8291407204492334
305.93130423499997,4.860714468596403,5.379551164175452,2.4607144598123782,2.8295511641754523
305.9826292900002,4.863606924716619,5.379963114360167,2.4636069159325937,2.829963114360167
305.98424414400006,4.866499100421832,5.380377028665575,2.466499091637807,2.830377028665575
306.0248227789998,4.869390994378314,5.380792906900801,2.469390985594289,2.8307929069008013
306.11347073700017,4.872275934325468,5.381209804529269,2.472275925541443,2.8312098045292693
306.14155298100013,4.8751405178809275,5.381626239505722,2.4751405090969025,2.831626239505722
306.21278436800003,4.878004720185894,5.382045288658007,2.478004711401869,2.8320452886580068
306.21429310199983,4.880868538854712,5.382466951637093,2.4808685300706874,2.832466951637093
306.2274183210002,4.883731971502049,5.382891228091766,2.4837319627180237,2.832891228091766
306.33727679699996,4.886595015742881,5.3833181176686375,2.4865950069588556,2.8333181176686377
306.37493506500005,4.889446649333565,5.383746019502041,2.48944664054954,2.8337460195020414
306.43543519600007,4.892281290133628,5.384174594109638,2.492281281349603,2.834174594109638
306.443297497,4.8951154345095516,5.38460643935515,2.4951154257255266,2.8346064393551504
306.47542032,4.897949078687641,5.38504155466357,2.497949069903616,2.8350415546635706
306.57121049199986,4.900765512290705,5.385477476540436,2.50076550350668,2.8354774765404365
306.6015192330001,4.903570218740531,5.3859155469694775,2.503570209956506,2.8359155469694777
306.6473899540001,4.906374310102405,5.386357537472505,2.5063743013183797,2.836357537472505
306.6528734550002,4.909177780897326,5.386803447185901,2.509177772113301,2.8368034471859014
306.6904656769998,4.911980625647519,5.3872532752383915,2.5119806168634944,2.8372532752383917
306.7873322260002,4.914782838876423,5.387707020751043,2.5147828300923982,2.8377070207510435
306.81575839000016,4.917590339254179,5.388165634097151,2.517590330470154,2.838165634097151
306.87062494600013,4.920461518310242,5.3886376083811625,2.5204615095262173,2.8386376083811626
306.87132074300007,4.923332327173178,5.389111829183469,2.5233323183891527,2.8391118291834694
306.899939635,4.926202764085209,5.389588296213706,2.5262027553011843,2.839588296213706
307.0007977,4.929072827288803,5.390067009180142,2.5290728185047784,2.8400670091801423
307.0260776,4.931945594818283,5.390548462542896,2.5319455860342583,2.8405484625428965
307.07825030000004,4.934820522852591,5.391032459937376,2.534820514068566,2.8410324599373764
307.0840142070001,4.937695095180743,5.391518565492314,2.537695086396718,2.841518565492314
307.1220276099998,4.94056931025684,5.3920067789462935,2.540569301472815,2.8420067789462937
307.21123419000014,4.943435610603836,5.392495817884678,2.543435601819811,2.8424958178846778
307.24517781199984,4.946233376858418,5.3929764164207725,2.5462333680743927,2.8429764164207727
307.28909177700007,4.949030468723104,5.393460924489661,2.5490304599390794,2.843460924489661
307.2960960119999,4.951826880734784,5.393949341145036,2.5518268719507593,2.843949341145036
307.33019475699984,4.954622607431699,5.394441665432952,2.5546225986476743,2.844441665432952
307.4266600770002,4.957443475474579,5.3949422933505575,2.5574434666905543,2.8449422933505577
307.4523377270002,4.960288809407509,5.395450179340514,2.5602888006234843,2.8454501793405145
307.51759086599986,4.96313365922098,5.395960770084127,2.563133650436955,2.845960770084127
307.5245870640001,4.965978022343873,5.396474065119931,2.5659780135598482,2.8464740651199314
307.62362242300014,4.968821896205514,5.396990063984025,2.5688218874214894,2.846990063984025
307.65428181100015,4.971665278235663,5.397508766210057,2.5716652694516378,2.8475087662100576
307.7110213179999,4.974521879415296,5.398032554393179,2.5745218706312714,2.8480325543931793
307.7117323870002,4.977382626351829,5.3985594519742035,2.5773826175678036,2.8485594519742037
307.74847034000004,4.980242956232224,5.399088608917952,2.5802429474481987,2.8490886089179526
307.868597313,4.9831028672720725,5.399620024894312,2.5831028584880475,2.849620024894312
307.9185898579999,4.985962357687239,5.400153699571763,2.5859623489032137,2.850153699571763
307.9193223090001,4.988807029064595,5.4006869852214825,2.5888070202805697,2.8506869852214827
307.94052995599986,4.991617542957586,5.4012170995341,2.591617534173561,2.8512170995341
307.9681057349999,4.994427411908439,5.401750621798102,2.594427403124414,2.851750621798102
308.08644856399997,4.997236631784769,5.402287551228858,2.5972366230007444,2.8522875512288586
308.1345003030001,5.00004611679367,5.402828063050106,2.600046108009645,2.852828063050106
308.14126970200005,5.002863232669423,5.403373445142506,2.602863223885398,2.8533734451425063
308.1626499019999,5.005679729547002,5.40392201493998,2.605679720762977,2.8539220149399798
308.1943522820002,5.008495603819369,5.4044737717399824,2.6084955950353437,2.8544737717399826
308.2217276330002,5.011310851880273,5.405028714835887,2.611310843096248,2.8550287148358873
308.24640161900015,5.01412547012427,5.405586843516989,2.614125461340245,2.8555868435169893
308.3436565060001,5.016939454946725,5.406148157068501,2.6169394461627005,2.8561481570685014
308.3949657960002,5.0197386888470295,5.406709899408265,2.6197386800630045,2.8567098994082656
308.4006040959998,5.022519923965697,5.407271990218881,2.622519915181672,2.857271990218881
308.4277332820002,5.025300364550967,5.40783799818391,2.625300355766942,2.8578379981839106
308.45254710100016,5.028080005085831,5.408407922180274,2.6280799963018064,2.858407922180274
308.55764843,5.030858840054874,5.408981761077113,2.630858831270849,2.8589817610771133
308.62277366299986,5.033703690237144,5.40957251433074,2.633703681453119,2.85957251433074
308.62354092199985,5.036557422997605,5.410167303231107,2.63655741421358,2.8601673032311075
308.6977507460001,5.039410717124208,5.410764192778039,2.639410708340183,2.8607641927780394
308.71901479100006,5.042263571070653,5.411363182648064,2.642263562286628,2.8613631826480646
308.79075957700024,5.045115983290884,5.411964272516567,2.6451159745068593,2.861964272516567
308.865733781,5.047958281918395,5.41256542577213,2.64795827313437,2.8625654257721305
308.8663066270001,5.050712835047692,5.413151610227378,2.650712826263667,2.863151610227378
308.9090685320002,5.053466451106553,5.413742180932921,2.6534664423225283,2.8637421809329213
308.93717957499985,5.05621912311045,5.41433713639078,2.6562191143264253,2.8643371363907804
309.00576814399983,5.058970844077275,5.414936475091862,2.65897083529325,2.864936475091862
309.0628484939998,5.061751376063021,5.415546397165911,2.661751367278996,2.865546397165911
309.0636066699999,5.064537329598711,5.416161236737466,2.6645373208146856,2.866161236737466
309.1217498830001,5.067322497527612,5.416779625296215,2.667322488743587,2.866779625296215
309.1446840049998,5.070106875328721,5.417401561838361,2.6701068665446956,2.867401561838361
309.222580872,5.0728609210519595,5.418020646114488,2.6728609122679345,2.8680206461144886
309.27787809400024,5.075598067159602,5.418640692795106,2.6755980583755767,2.868640692795106
309.281808316,5.078334169587359,5.419265328853601,2.678334160803334,2.8692653288536007
309.3635924529999,5.08106922064021,5.4198945525332425,2.6810692118561854,2.8698945525332427
309.38465068899995,5.083803212626106,5.420528362064406,2.6838032038420807,2.870528362064406
309.47413392299995,5.086566917141457,5.421173736072756,2.6865669083574324,2.8711737360727563
309.5239213089999,5.089406807119584,5.421839559891134,2.689406798335559,2.871839559891134
309.52552642599994,5.092246216826193,5.422507428862527,2.692246208042168,2.8725074288625274
309.5957821719999,5.095085144788471,5.42317734264051,2.695085136004446,2.87317734264051
309.620420664,5.097923589533845,5.423849300877592,2.6979235807498196,2.873849300877592
309.7136794480002,5.1007569147558005,5.424522213333947,2.7007569059717755,2.8745222133339468
309.7761878360002,5.103571133763943,5.425193148347031,2.7035711249799177,2.875193148347031
309.77699562299995,5.106384729920478,5.425866690539826,2.706384721136453,2.8758666905398265
309.8426666390001,5.109197700810037,5.426542839334125,2.7091976920260117,2.8765428393341255
309.8636815519999,5.11201004401779,5.427221594149479,2.712010035233765,2.8772215941494794
309.9319485430001,5.114821757129437,5.4279029544032,2.7148217483454125,2.8779029544031998
309.975413826,5.117628226427299,5.428585811033962,2.717628217643274,2.878585811033962
309.9903170140001,5.120420159317486,5.429268222707244,2.7204201505334606,2.8792682227072444
310.0477840839999,5.123211346072845,5.4299536798188415,2.7232113372888196,2.8799536798188416
310.070113366,5.126001783371416,5.430642181552953,2.7260017745873912,2.880642181552953
310.14291628599995,5.128791467892131,5.431333727090149,2.728791459108106,2.8813337270901496
310.1934855999998,5.131588174694766,5.432030214132915,2.731588165910741,2.8820302141329153
310.197305875,5.134395873630077,5.432732265563382,2.7343958648460522,2.882732265563382
310.25640576700016,5.137202927288388,5.433436892614923,2.7372029185043627,2.883436892614923
310.2762470970001,5.140009333306965,5.434144094694445,2.74000932452294,2.884144094694445
310.351825794,5.142815089323632,5.434853871206688,2.7428150805396068,2.884853871206688
310.39906656799985,5.1456324401609015,5.435569235039095,2.7456324313768765,2.885569235039095
310.40066701700016,5.148457492631895,5.4362888054380845,2.74845748384787,2.8862888054380846
310.4581877219998,5.15128201583879,5.437010450556318,2.751282007054765,2.8870104505563186
310.529169505,5.154106008257917,5.437734170004512,2.7541059994738917,2.887734170004512
310.5550483920001,5.156929468365884,5.438459963392258,2.7569294595818588,2.8884599633922585
310.60977087599986,5.159735520410259,5.439183623259686,2.7597355116262343,2.8891836232596866
310.6106976639999,5.162531816432799,5.439907610124344,2.762531807648774,2.889907610124344
310.66853634300014,5.165327411533755,5.440634298817925,2.76532740274973,2.8906342988179254
310.7437502030002,5.168122303102574,5.441363688661841,2.7681222943185486,2.8913636886618415
310.77526008099994,5.170927504465246,5.442098619858888,2.7709274956812213,2.8920986198588885
310.83566766600006,5.1737617010573755,5.442843240977633,2.7737616922733506,2.8928432409776335
310.8363698960002,5.176595447853788,5.443589572021569,2.7765954390697627,2.893589572021569
310.8952749629998,5.179428743822846,5.444337612718991,2.7794287350388207,2.8943376127189913
310.98075372799985,5.182261587933096,5.445087362797575,2.7822615791490715,2.8950873627975753
311.0445683180001,5.185093979153227,5.445838821984374,2.785093970369202,2.8958388219843743
311.0476122089999,5.18787083565041,5.446577920506503,2.7878708268663854,2.8965779205065028
311.071295493,5.190633067461009,5.447316703903166,2.7906330586769843,2.897316703903166
311.13127317399994,5.193394396491954,5.448058854471149,2.7933943877079286,2.8980588544711487
311.23126253600003,5.196154818638644,5.44880437110728,2.796154809854619,2.89880437110728
311.2817981469998,5.198914329797836,5.449553252703382,2.7989143210138114,2.899553252703382
311.2836133740002,5.201646602196809,5.450298556149017,2.801646593412784,2.900298556149017
311.31461623099995,5.204366470347204,5.451044987434543,2.804366461563179,2.9010449874345428
311.37185735599996,5.207085173574719,5.451795650594848,2.8070851647906943,2.901795650594848
311.47740566899984,5.209802705294936,5.452550543811904,2.809802696510911,2.9025505438119046
311.59603049299994,5.21251905892627,5.453309665257437,2.8125190501422455,2.903309665257437
311.59691027200006,5.215303049196804,5.454091570855431,2.8153030404127795,2.9040915708554316
311.5980560490002,5.218139016988576,5.454889642597941,2.8181390082045508,2.904889642597941
311.6637046300002,5.22097461181407,5.455689038499684,2.8209746030300447,2.905689038499684
311.7716355289999,5.223809833055027,5.456489758386365,2.823809824271002,2.906489758386365
311.8423082959998,5.226644680093254,5.457291802083391,2.826644671309229,2.9072918020833916
311.84313206800016,5.229475766993622,5.458094235114599,2.8294757582095973,2.908094235114599
311.8604239340002,5.232303674821016,5.4588973462287615,2.832303666036991,2.9088973462287617
311.91779486199994,5.2351311628104975,5.459701934204853,2.8351311540264725,2.909701934204853
312.01164393499994,5.2379524078569615,5.460506345109917,2.8379523990729365,2.9105063451099173
312.07311221300006,5.240720606856429,5.461298130947096,2.8407205980724037,2.911298130947096
312.0739307120002,5.243487975462137,5.462092814225437,2.843487966678112,2.9120928142254368
312.0962247299999,5.2462545106413465,5.462890394074054,2.8462545018573215,2.9128903940740543
312.1598831340002,5.249020209362257,5.46369086961889,2.849020200578232,2.9136908696188906
312.261194661,5.251787950589554,5.46449507312853,2.851787941805529,2.9144950731285304
312.3395183470002,5.254594195799464,5.465312962095347,2.8545941870154388,2.9153129620953475
312.340450876,5.257399894611416,5.466132723473331,2.8573998858273915,2.916132723473331
312.35724683499984,5.260205045776082,5.466954356897451,2.8602050369920566,2.9169543568974508
312.4203408610001,5.263009648044368,5.467777862001848,2.863009639260343,2.9177778620018477
312.5340531669999,5.265813700167435,5.46860323841983,2.86581369138341,2.9186032384198306
312.59748284399984,5.268609324509176,5.469428202949929,2.8686093157251507,2.9194282029499288
312.6009574929999,5.271392481838929,5.470251950758538,2.8713924730549043,2.920251950758538
312.6255766630002,5.2741749421322055,5.4710780499600284,2.8741749333481805,2.9210780499600286
312.665212592,5.276956703402395,5.471906499964584,2.8769566946183702,2.9219064999645843
312.760011457,5.279737763663383,5.472737300180708,2.879737754879358,2.9227373001807084
312.8176505370002,5.282472630376073,5.473557397620543,2.8824726215920484,2.9235573976205433
312.827567242,5.2852040630721335,5.474380267461923,2.8852040542881086,2.924380267461923
312.84754675500017,5.287934442995777,5.475206623814543,2.887934434211752,2.9252066238145433
312.8954534310001,5.290663765696683,5.476036465331506,2.8906637569126583,2.9260364653315065
312.99418357000013,5.293392026726251,5.476869790660227,2.8933920179422263,2.926869790660227
313.05504238799995,5.296142094456276,5.477713440035956,2.8961420856722513,2.927713440035956
313.0575441730002,5.298912906589524,5.47856622274325,2.898912897805499,2.9285662227432505
313.0775828730002,5.301682971751823,5.479421428695188,2.9016829629677976,2.9294214286951883
313.1137362029999,5.3044522878239,5.480279057237479,2.9044522790398752,2.9302790572374793
313.21331611000005,5.3072194162893735,5.481138662847304,2.9072194075053486,2.931138662847304
313.27482540500023,5.309972804456213,5.481996876371342,2.909972795672188,2.9319968763713424
313.27954457900023,5.312725328727728,5.482857856617845,2.912725319943703,2.9328578566178454
313.2999662359998,5.3154769863237945,5.4837216027172,2.9154769775397695,2.9337216027172
313.331012485,5.31822777446517,5.484588113797,2.9182277656811446,2.934588113797
313.43045837399995,5.3209776903734864,5.485457388982048,2.9209776815894615,2.935457388982048
313.48798031700017,5.323726731271257,5.486329427394352,2.9237267224872316,2.9363294273943525
313.49579158100005,5.326472679983424,5.487203552021954,2.926472671199399,2.9372035520219546
313.51911680800004,5.329217614226242,5.488080456768525,2.929217605442217,2.9380804567685255
313.5452413590001,5.331961647213604,5.48896017768803,2.9319616384295792,2.9389601776880303
313.6547832420001,5.334704776056254,5.489842713854191,2.9347047672722293,2.9398427138541914
313.7164832110002,5.33747459470282,5.490736661221343,2.9374745859187947,2.940736661221343
313.71752934899996,5.340251676624487,5.491635128217369,2.9402516678404624,2.941635128217369
313.73880771899985,5.343028125622628,5.4925355491763295,2.943028116838603,2.9425355491763296
313.76627608299987,5.345803940322428,5.49343792365236,2.945803931538403,2.9434379236523602
313.8715177449999,5.348564416827539,5.494337548370516,2.9485644080435143,2.944337548370516
313.9479123760002,5.351306098685546,5.495233952073449,2.951306089901521,2.9452339520734494
313.94910512900015,5.35404688189629,5.496133099670265,2.9540468731122647,2.9461330996702655
313.9556523719998,5.356786763713665,5.497034990260069,2.9567867549296403,2.947034990260069
313.98191218600005,5.359525741392466,5.497939622939221,2.959525732608441,2.947939622939221
314.08836643799987,5.362263812188394,5.498846996801326,2.9622638034043693,2.9488469968013264
314.15164037700015,5.3650256090591855,5.499765129671051,2.9650256002751605,2.949765129671051
314.1529149150001,5.367825314864072,5.500697453834598,2.9678253060800475,2.9506974538345982
314.169145284,5.37062462336554,5.501630970226242,2.970624614581515,2.951630970226242
314.2025356439999,5.37342353405589,5.502565678676673,2.973423525271865,2.952565678676673
314.303054387,5.376222046427492,5.503501579016362,2.9762220376434674,2.953501579016362
314.402692656,5.379044409305401,5.5044465418904185,2.9790444005213756,2.9544465418904187
314.40320424599986,5.381878222487728,5.505395696880102,2.981878213703703,2.9553956968801023
314.4036733759999,5.384711941414949,5.506345133233054,2.984711932630924,2.9563451332330546
314.4274223110001,5.387545566059122,5.5072948509399104,2.9875455572750966,2.9572948509399106
314.536636241,5.3903790963923175,5.508244849991305,2.9903790876082925,2.9582448499913054
314.6139270399999,5.393210938477502,5.50919459916583,2.993210929693477,2.95919459916583
314.61459094500015,5.396033601379459,5.510141776409459,2.9960335925954342,2.9601417764094595
314.63007101799985,5.398856078237651,5.5110895078977595,2.9988560694536264,2.9610895078977597
314.66241958599994,5.401678368943248,5.512037793594187,3.001678360159223,2.9620377935941873
314.7681999299998,5.404497032844575,5.512985488689692,3.00449702406055,2.962985488689692
314.83111389800024,5.407305115066228,5.513930522525131,3.0073051062822027,2.963930522525131
314.831786062,5.410112892782555,5.514876460688737,3.0101128839985303,2.9648764606887372
314.85453700000016,5.4129203657023295,5.515823303082396,3.0129203569183045,2.965823303082396
314.8916176319999,5.415727533534342,5.516771049607896,3.0157275247503175,2.966771049607896
315.01357071099983,5.4185318478356725,5.517718840309216,3.0185318390516476,2.9677188403092165
315.0770065470001,5.421287216178706,5.5186518633558705,3.0212872073946806,2.9686518633558707
315.0776503400002,5.424041848247199,5.5195870579230535,3.0240418394631736,2.9695870579230537
315.0940692690001,5.426795742329785,5.5205244234297615,3.0267957335457596,2.9705244234297616
315.2043488439999,5.429548896715536,5.521463959293629,3.029548887931511,2.9714639592936294
315.2343500850002,5.43235595109665,5.522423701090254,3.0323559423126247,2.9724237010902543
315.31119301599983,5.435190286105139,5.52339296637985,3.035190277321114,2.9733929663798504
315.3128277750002,5.4380245831837675,5.524362342577224,3.0380245743997425,2.9743623425772245
315.32399209999994,5.440858842328197,5.525331829680885,3.040858833544172,2.9753318296808855
315.4490281180001,5.443693063534087,5.526301427689353,3.043693054750062,2.9763014276893536
315.51349313799983,5.44649555767341,5.527260540938288,3.0464955488893852,2.977260540938288
315.5145339999999,5.4492716988637095,5.52821222701194,3.0492716900796846,2.97821222701194
315.54214697299994,5.452047301303523,5.529165483214303,3.052047292519498,2.9791654832143033
315.5658584050002,5.454822364104828,5.530120309240391,3.054822355320803,2.980120309240391
315.6873899279999,5.457596886379756,5.531076704784711,3.057596877595731,2.9810767047847113
315.74930934199983,5.4603777255618535,5.5320369551974995,3.0603777167778285,2.9820369551974997
315.7502635139999,5.463181221964085,5.533004860608184,3.06318121318006,2.983004860608184
315.78463002499984,5.465985004475585,5.533971936918321,3.06598499569156,2.983971936918321
315.8162403020001,5.468789072851147,5.534938184043334,3.0687890640671216,2.984938184043334
315.85741485000017,5.47159342684555,5.535903601898718,3.0715934180615254,2.985903601898718
315.9019325170002,5.474398066213548,5.536868190400048,3.0743980574295233,2.986868190400048
316.0120684489998,5.477189575435753,5.537827390084454,3.0771895666517284,2.987827390084454
316.04414665000013,5.479904587355592,5.5387621405735015,3.079904578571567,2.9887621405735016
316.0829053880002,5.482618555936021,5.539699915997623,3.0826185471519962,2.9896999159976234
316.1283358830001,5.485331477806805,5.540640715192279,3.08533146902278,2.9906407151922796
316.21092465699985,5.4880433495990095,5.54158453698918,3.0880433408149845,2.99158453698918
316.30487029100004,5.490754167945,5.542531380216277,3.090754159160975,2.9925313802162767
316.3335797159998,5.493487508809671,5.543489207669876,3.093487500025646,2.9934892076698763
316.4084078159999,5.496223047182405,5.544450483082216,3.09622303839838,2.9944504830822165
316.4342812760001,5.498957747420816,5.5454141402894725,3.098957738636791,2.9954141402894727
316.48777102700024,5.501691607451109,5.546380178560876,3.101691598667084,2.9963801785608766
316.5692476690001,5.504436692285067,5.547352764338436,3.1044366835010417,2.9973527643384363
316.6405912989999,5.507233479679923,5.54834379287569,3.1072334708958977,2.9983437928756898
316.64125465000006,5.510030548849505,5.549334025855482,3.11003054006548,2.9993340258554824
316.7014834920001,5.512827899567512,5.550323463197692,3.1128278907834868,3.0003234631976925
316.7211984790001,5.515625531607621,5.551312104822269,3.115625522823596,3.0013121048222695
316.8440952820001,5.518423796862545,5.552300393320119,3.11842378807852,3.0023003933201196
316.9493669110002,5.521222133544887,5.553289439051151,3.121222124760862,3.0032894390511515
316.9501794980001,5.524020195644634,5.554279261323962,3.124020186860609,3.004279261323962
317.00268521199996,5.5268179829463016,5.555269860062319,3.1268179741622766,3.0052698600623193
317.02287306200014,5.529615495234414,5.556261235189937,3.129615486450389,3.006261235189937
317.11487299300006,5.532411982286169,5.55725312103919,3.1324119735021436,3.0072531210391897
317.2216334670002,5.535193873002629,5.5582409361229965,3.135193864218604,3.0082409361229967
317.2246505769999,5.537975353114543,5.559229906792523,3.1379753443305183,3.0092299067925232
317.226710161,5.540756422141882,5.560220032877092,3.1407564133578574,3.0102200328770925
317.24539965700023,5.543537079604689,5.561211314205826,3.143537070820664,3.011211314205826
317.327372403,5.54632206246445,5.562205401127802,3.1463220536804246,3.012205401127802
317.38507914499996,5.549109847936396,5.56320158431927,3.1491098391523713,3.01320158431927
317.3875687730001,5.551897291588673,5.564198723564287,3.1518972828046476,3.014198723564287
317.4243913,5.554684393093405,5.565196818745561,3.15468438430938,3.0151968187455616
317.4562477069999,5.557471152122761,5.566195869745695,3.157471143338736,3.0161958697456948
317.541340366,5.5602575683489475,5.5671958764471725,3.1602575595649225,3.0171958764471727
317.6018331770001,5.56304397177004,5.5681969569884,3.163043962986015,3.0181969569884
317.60319334099995,5.565833021219693,5.569200011279579,3.165833012435668,3.0192000112795796
317.64046169799985,5.568621757021182,5.570203937259494,3.168621748237157,3.0202039372594944
317.664546041,5.571410178902068,5.571208734830075,3.1714101701180426,3.0212087348300756
317.756828347,5.5741982865899455,5.57221440389316,3.1741982778059206,3.0222144038931598
317.8409601879998,5.576936052188085,5.573203482471216,3.17693604340406,3.0232034824712164
317.8421561609998,5.579664187080454,5.574191697229844,3.1796641782964294,3.0241916972298446
317.8859458789998,5.582391478240735,5.575182238156412,3.1823914694567104,3.025182238156412
317.906714747,5.5851179236854955,5.576175104530547,3.1851179149014706,3.026175104530547
318.0239585620002,5.58784634252239,5.577171316193497,3.187846333738365,3.027171316193497
318.1004828,5.590645075698972,5.578194608304476,3.190645066914947,3.028194608304476
318.1013457230001,5.593444545897276,5.579218695093366,3.1934445371132507,3.029218695093366
318.1543425680002,5.59624384657002,5.5802432451828965,3.1962438377859947,3.0302432451828967
318.17590754699995,5.599042977640528,5.5812682585450055,3.1990429688565034,3.0312682585450057
318.26649114400016,5.601820182055789,5.582285855484819,3.201820173271764,3.032285855484819
318.33110034499987,5.604546018569123,5.583286706430162,3.204546009785098,3.033286706430162
318.3323257440002,5.607271019442935,5.584289830325797,3.20727101065891,3.034289830325797
318.36524512999995,5.609995182781903,5.585295226474021,3.209995173997878,3.0352952264740214
318.48505208899996,5.612718506691307,5.586302894175559,3.212718497907282,3.0363028941755594
318.5780502450002,5.615452052716454,5.587316880556964,3.215452043932429,3.037316880556964
318.5788712479998,5.618207644541037,5.588340886282518,3.2182076357570124,3.0383408862825183
318.602038559,5.620962700901609,5.5893663317855875,3.2209626921175842,3.0393663317855877
318.65473012600023,5.623717221045894,5.590393216786169,3.2237172122618687,3.0403932167861694
318.75495151999985,5.626471204221767,5.59142154100387,3.226471195437742,3.04142154100387
318.81286215399996,5.629233306079198,5.5924535857503495,3.2292332972951727,3.0424535857503496
318.8139368830002,5.631997914028968,5.593485284779541,3.2319979052449432,3.043485284779541
318.84161872699997,5.634762961281409,5.594515805858611,3.2347629524973844,3.0445158058586115
318.8864157910002,5.6375284473346365,5.595545148800516,3.2375284385506116,3.0455451488005165
318.99587423799994,5.640294371686667,5.59657331341841,3.240294362902642,3.04657331341841
319.0750348780002,5.643061102456695,5.597600838115761,3.24306109367267,3.047600838115761
319.0755653199999,5.645827900472657,5.598629433892869,3.245827891688632,3.0486294338928692
319.09697472900007,5.648594268655283,5.599659185130764,3.248594259871258,3.049659185130764
319.13943929800007,5.6513602065220425,5.600690091649825,3.2513601977380175,3.050690091649825
319.26737914800015,5.654125713590463,5.6017221532702335,3.254125704806438,3.0517221532702337
319.3723451760002,5.656895408646379,5.602757084615627,3.2568953998623544,3.052757084615627
319.3739977800001,5.659697067107116,5.603804598041829,3.259697058323091,3.053804598041829
319.38327992099994,5.662498644602402,5.60485232799111,3.262498635818377,3.05485232799111
319.42493667200006,5.6653001411155,5.6059002744572135,3.265300132331475,3.0559002744572137
319.53185617200006,5.668101556629677,5.606948437433886,3.2681015478456517,3.056948437433886
319.5994223480002,5.6709028911282,5.607996816914859,3.2709028823441746,3.0579968169148595
319.60035921100007,5.673701802113669,5.6090443498220734,3.273701793329644,3.0590443498220736
319.6140736420002,5.67650021841449,5.610091373941636,3.276500209630465,3.0600913739416358
319.65166146599995,5.679298744730273,5.611138103973458,3.279298735946248,3.061138103973458
319.7394901839998,5.682097381030112,5.612184539905979,3.282097372246087,3.062184539905979
319.81020603900015,5.684896771988856,5.613230960381237,3.284896763204831,3.0632309603812375
319.8109264240002,5.687697333997828,5.6142779685920425,3.2876973252138026,3.0642779685920427
319.8298643429998,5.690497804153298,5.615325222461888,3.2904977953692733,3.0653252224618885
319.8646278020001,5.693298182433723,5.6163727219827075,3.293298173649698,3.0663727219827077
319.9529095429998,5.696098468817548,5.617420467146444,3.2960984600335235,3.0674204671464445
320.05606585299984,5.698897157444822,5.6184677411663495,3.298897148660797,3.0684677411663497
320.0596937119999,5.7016952832847245,5.619514487284981,3.3016952745006996,3.069514487284981
320.0604354830002,5.704493522461066,5.620560930386547,3.304493513677041,3.070560930386547
320.0815241539999,5.707291874941021,5.621607070458774,3.3072918661569957,3.071607070458774
320.172213328,5.710090340691783,5.622652907489395,3.3100903319077584,3.0726529074893953
320.25412909900024,5.712888919680531,5.623698441466147,3.3128889108965063,3.0736984414661475
320.2547574280002,5.7156845245201096,5.624742473625321,3.3156845157360846,3.074742473625321
320.2635229130001,5.718480272356989,5.625786122800597,3.318480263572964,3.075786122800597
320.31135749199984,5.721276163138703,5.626829388972392,3.321276154354678,3.076829388972392
320.40326560099993,5.72407219681278,5.627872272121121,3.324072188028755,3.0778722721211214
320.4740063290001,5.726878768917375,5.628918778573062,3.3268787601333503,3.078918778573062
320.4758643629998,5.729688816497872,5.629966592902527,3.3296888077138473,3.079966592902527
320.4871689480001,5.73249885542306,5.631014430443648,3.332498846639035,3.0810144304436484
320.53315841999984,5.735308885692754,5.632062291196363,3.3353088769087287,3.0820622911963635
320.6357723850001,5.738118907306759,5.633110175160596,3.3381188985227337,3.083110175160596
320.69862509799987,5.740922218515437,5.63415555117269,3.340922209731412,3.0841555511726906
320.701769799,5.743710034657999,5.635194639285381,3.3437100258739743,3.0851946392853815
320.7230245840001,5.74649807436133,5.63623312739957,3.3464980655773053,3.08623312739957
320.7589734389999,5.7492863374962955,5.637271015467154,3.3492863287122705,3.087271015467154
320.867073547,5.752074084441463,5.638308026807473,3.352074075657438,3.088308026807473
320.92350236599987,5.754857891016271,5.639342798009987,3.354857882232246,3.0893427980099872
320.9294430179998,5.757641967396661,5.640376843074594,3.357641958612636,3.090376843074594
320.9498702239998,5.760426313393227,5.6414101619309465,3.3604263046092018,3.0914101619309466
320.98706148400015,5.763210928816542,5.642442754508741,3.363210920032517,3.092442754508741
321.08987675900016,5.765995813477163,5.643474620737732,3.365995804693138,3.093474620737732
321.1454957870001,5.768780591270287,5.644505620874209,3.3687805824862624,3.0945056208742088
321.1506269790002,5.771562274150868,5.6455345848253655,3.3715622653668427,3.0955345848253657
321.1715951750002,5.77434426105762,5.646562726504101,3.374344252273595,3.096562726504101
321.2105574699999,5.777126551747481,5.647590045820582,3.3771265429634556,3.0975900458205823
321.30505417799986,5.7799091459773555,5.648616542685058,3.3799091371933305,3.0986165426850585
321.37896885400005,5.782712160509154,5.649649901229795,3.3827121517251286,3.099649901229795
321.38016025100023,5.7855177268057165,5.650683922512138,3.3855177180216915,3.100683922512138
321.3905433519999,5.788323382254068,5.65171770187056,3.3883233734700426,3.1017177018705606
321.43048126600024,5.791129126833343,5.652751239297373,3.3911291180493177,3.1027512392973735
321.53367948100004,5.793934960522683,5.653784534784896,3.393934951738658,3.1037845347848965
321.59178576600016,5.796740883301223,5.654817588325437,3.396740874517198,3.104817588325437
321.5924931909999,5.799548932701925,5.655851175466876,3.3995489239179,3.105851175466876
321.6155440299999,5.802357409541623,5.6568847150619845,3.4023574007575976,3.1068847150619847
321.63910635599996,5.8051659525229695,5.6579180749100795,3.4051659437389445,3.1079180749100797
321.7465159809999,5.807974561634471,5.6589512550069365,3.407974552850446,3.1089512550069367
321.80753625900024,5.810780033110313,5.659983055890174,3.410780024326288,3.109983055890174
321.819366788,5.813581704071385,5.661013077517274,3.4135816952873603,3.111013077517274
321.8483456099998,5.816383508792403,5.662042735242774,3.416383500008378,3.112042735242774
321.8869887810001,5.819185447226101,5.663072029049306,3.4191854384420757,3.113072029049306
321.99943661099996,5.821987519325212,5.664100958919505,3.421987510541187,3.1141009589195052
322.0767805370001,5.824796135595441,5.665131939267329,3.4247961268114158,3.1151319392673296
322.081166382,5.827608259909932,5.666164066559935,3.4276082511259074,3.116164066559935
322.1015527149998,5.830420424012946,5.667196085438626,3.430420415228921,3.117196085438626
322.140434165,5.833232627900312,5.668227995901868,3.433232619116287,3.1182279959018686
322.24729033799986,5.836044871567844,5.669259797948131,3.436044862783819,3.119259797948131
322.3209141430002,5.838852356009358,5.670289817290843,3.438852347225333,3.1202898172908435
322.3230511380002,5.841656556904617,5.671318949928379,3.441656548120592,3.121318949928379
322.33998693800004,5.844460642561418,5.6723483965156,3.444460633777393,3.1223483965156005
322.37044517100003,5.847264612944606,5.673378157039612,3.4472646041605812,3.123378157039612
322.4969507300002,5.850068468019037,5.674408231487503,3.450068459235012,3.124408231487503
322.57178522699996,5.85287662878023,5.675440201587761,3.452876619996205,3.125440201587761
322.57279942800005,5.855690177439233,5.676474147331172,3.455690168655208,3.126474147331172
322.596317518,5.858503748359821,5.6775080324948535,3.458503739575796,3.1275080324948537
322.62391329,5.86131734154069,5.678541857078344,3.4613173327566646,3.1285418570783445
322.75170954199984,5.864130956980547,5.679575621081155,3.4641309481965217,3.1295756210811554
322.8531794360001,5.866927816558564,5.680603364849216,3.4669278077745393,3.1306033648492164
322.85456794699985,5.86971727794274,5.681629119117498,3.4697172691587146,3.1316291191174983
322.8552391799999,5.872506491050772,5.682655548301938,3.472506482266747,3.132655548301938
322.8838915609999,5.875295455719366,5.683682652342443,3.4752954469353408,3.1336826523424435
323.055607967,5.878084171785239,5.684710431178882,3.478084163001214,3.134710431178882
323.1163529649998,5.880840487432516,5.685727395113169,3.4808404786484908,3.135727395113169
323.12039766,5.883588181412212,5.686743067254998,3.483588172628187,3.136743067254998
323.14766045299984,5.886335253463834,5.687760420315117,3.486335244679809,3.137760420315117
323.2736387169998,5.889081702559074,5.688779453912703,3.489081693775049,3.1387794539127034
323.3504405409999,5.891827527669851,5.689800167666301,3.491827518885826,3.1398001676663014
323.3516378549998,5.894619470982636,5.690839184542914,3.4946194621986106,3.140839184542914
323.3708537389998,5.8974233727505245,5.691882446610062,3.4974233639664996,3.1418824466100626
323.3918006019999,5.900227349568592,5.692925506947925,3.500227340784567,3.1429255069479254
323.5131355039998,5.903031401422328,5.6939683655511155,3.5030313926383028,3.1439683655511157
323.5622010960001,5.90583552829722,5.6950110224142305,3.505835519513195,3.1450110224142307
323.5710530649999,5.908637121723609,5.6960525714549295,3.5086371129395837,3.1460525714549297
323.61147115799986,5.911435453278974,5.697093211421216,3.5114354444949494,3.1470932114212165
323.6360518040001,5.914233654613851,5.698134201489709,3.5142336458298264,3.148134201489709
323.78676190299984,5.9170317256844305,5.699175541644112,3.5170317169004055,3.1491755416441123
323.8552925150002,5.919829019176591,5.700216991316125,3.519829010392566,3.1502169913161255
323.8557779339999,5.922613819309066,5.701254394693657,3.522613810525041,3.151254394693657
323.872454672,5.925398365396707,5.702292479772706,3.525398356612682,3.152292479772706
323.89747653799986,5.928182657272636,5.703331246491049,3.528182648488611,3.1533312464910495
323.92789978300016,5.9309666947699995,5.7043706947864425,3.5309666859859745,3.1543706947864427
323.9539891640002,5.933750477721949,5.705410824596589,3.533750468937924,3.155410824596589
324.04803002200015,5.936534005961655,5.706451635859159,3.53653399717763,3.1564516358591588
324.101039741,5.93932801892413,5.70749704499496,3.5393280101401055,3.15749704499496
324.108184878,5.9421276902698335,5.708544895645688,3.5421276814858085,3.1585448956456883
324.1291055920001,5.9449272647916045,5.709593004956423,3.5449272560075795,3.159593004956423
324.1614541570002,5.947726742465544,5.710641372918211,3.5477267336815186,3.160641372918211
324.25011924699993,5.950526123267759,5.711689999522102,3.5505261144837337,3.1616899995221024
324.3195976850002,5.953318513263402,5.712736372316868,3.553318504479377,3.1627363723168678
324.3253265909998,5.956107771346033,5.713782141576285,3.5561077625620077,3.1637821415762852
324.36819961799984,5.958896837763374,5.714828421899671,3.5588968289793494,3.1648284218996716
324.39264902800005,5.96168571242179,5.715875213251903,3.561685703637765,3.165875213251903
324.46699264000017,5.964475604135909,5.716922967934942,3.5644755953518836,3.1669229679349424
324.54724262699983,5.9672762483667805,5.7179751335187765,3.5672762395827555,3.1679751335187767
324.5479261800001,5.970076817501591,5.719027498970907,3.5700768087175656,3.169027498970907
324.5886166780001,5.972877311526076,5.720080064285976,3.5728773027420506,3.170080064285976
324.610816246,5.975677730425984,5.72113282945862,3.575677721641959,3.17113282945862
324.6844434559998,5.978478074187044,5.722185794483477,3.578478065403019,3.172185794483477
324.7464771589998,5.981276540874297,5.723238267179442,3.5812765320902717,3.1732382671794426
324.7476522430002,5.98406786743551,5.724287791503318,3.5840678586514847,3.1742877915033185
324.80601789,5.986859356649931,5.725336883131094,3.586859347865906,3.175336883131094
324.8279446050001,5.9896510084504895,5.726385542037568,3.5896509996664645,3.1763855420375684
324.91124021099995,5.992443668373299,5.727434060205306,3.5924436595892737,3.1774340602053064
324.96069211700024,5.995256046932279,5.728478327964691,3.595256038148254,3.178478327964691
324.96140428299987,5.99807515377261,5.729504293332091,3.598075144988585,3.1795042933320916
324.9991507210002,6.000900869787443,5.730511912960625,3.6009008610034177,3.1805119129606254
325.0270503930001,6.003733075590721,5.731501144278517,3.603733066806696,3.181501144278517
325.09849558199994,6.006571651522166,5.732471945490894,3.606571642738141,3.182471945490894
325.11979060500016,6.00941647765235,5.733424275581544,3.6094164688683255,3.183424275581544
325.1734149079998,6.012267433787794,5.734358094314656,3.6122674250037687,3.184358094314656
325.19647545299995,6.01512439947603,5.735273362236534,3.615124390692005,3.1852733622365346
325.224743323,6.017987254010692,5.736170040677248,3.6179872452266673,3.186170040677248
325.30605272899993,6.020855876436563,5.737048091752248,3.6208558676525384,3.1870480917522483
325.3272930769999,6.023730145554799,5.737907478364016,3.623730136770774,3.187907478364016
325.3788853340002,6.0266099399279565,5.738748164203592,3.6266099311439315,3.1887481642035924
325.39157771200007,6.0294951378851485,5.739570113752127,3.6294951291011235,3.1895701137521275
325.41781482900024,6.032385617527192,5.740373292282376,3.6323856087431667,3.190373292282376
325.49221333100013,6.035281256731755,5.741157665860163,3.6352812479477303,3.191157665860163
325.51148139199995,6.038181933158509,5.741923201345822,3.6381819243744844,3.191923201345822
325.53623289999996,6.041087524254306,5.742669866395592,3.641087515470281,3.192669866395592
325.5923153849999,6.0439979072583565,5.743397629462986,3.6439978984743315,3.1933976294629858
325.61854753299986,6.046912959207412,5.744106459800122,3.646912950423387,3.194106459800122
325.70106171,6.0498325569409594,5.744796327459025,3.6498325481569345,3.1947963274590254
325.72659139200005,6.05275657710643,5.745467203292889,3.652756568322405,3.195467203292889
325.74779881799986,6.055684896164401,5.74611905895731,3.655684887380376,3.1961190589573105
325.81530405600006,6.058617390393834,5.746751866911482,3.6586173816098086,3.196751866911482
325.83543188600015,6.061553935897284,5.747365600419364,3.661553927113259,3.1973656004193645
325.91992442699984,6.064494408606142,5.747960233550806,3.6644943998221167,3.1979602335508064
325.9498321639999,6.067438684285865,5.748535741182648,3.6674386755018404,3.1985357411826483
326.0117057460002,6.070386638541249,5.749092098999777,3.6703866297572243,3.1990920989997775
326.0275106879999,6.0733381468216665,5.749629283496158,3.6733381380376415,3.199629283496158
326.11001269100007,6.076293084426328,5.750147271975824,3.676293075642303,3.2001472719758244
326.1349042229999,6.079251326509563,5.750646042553839,3.6792513177255377,3.2006460425538394
326.16226825700005,6.082212748086084,5.751125574157226,3.682212739302059,3.201125574157226
326.20060927700024,6.085177224036266,5.751585846525841,3.685177215252241,3.201585846525841
326.2481485210001,6.088144629111444,5.752026840213247,3.6881446203274186,3.2020268402132475
326.32664506799983,6.091114837939193,5.752448536587525,3.691114829155168,3.202448536587525
326.34641370500003,6.094087725028634,5.752850917832066,3.6940877162446086,3.202850917832066
326.37306230700005,6.097063164775728,5.753233966946323,3.6970631559917027,3.203233966946323
326.4216388750001,6.100041031468594,5.7535976677465275,3.700041022684569,3.2035976677465277
326.45017433600015,6.1030211992927965,5.753942004866375,3.7030211905087715,3.2039420048663754
326.522412968,6.106003542336695,5.754266963757672,3.70600353355267,3.2042669637576724
326.54391742999996,6.108987934596742,5.754572530690954,3.708987925812717,3.204572530690954
326.57012337100014,6.111974249982801,5.754858692756064,3.7119742411987757,3.204858692756064
326.594624069,6.114962362323495,5.7551254378627,3.71496235353947,3.2051254378627005
326.6466824170002,6.1179521453715235,5.755372754740918,3.7179521365874986,3.2053727547409183
326.72299672200006,6.120943472808997,5.755600632941618,3.720943464024972,3.205600632941618
326.74350519400014,6.123936218252775,5.755809062836978,3.7239362094687496,3.2058090628369778
326.77011356599996,6.126930255259807,5.755998035620866,3.726930246475782,3.2059980356208664
326.791267696,6.129925457332476,5.756167543309213,3.729925448548451,3.2061675433092134
326.8384135770002,6.132921697923939,5.756317578740341,3.7329216891399137,3.2063175787403413
326.9105882089998,6.135918850443478,5.756448135575277,3.7359188416594526,3.206448135575277
326.9395898450002,6.138916788261844,5.756559208298015,3.7389167794778193,3.2065592082980148
326.9596940460001,6.1419153847166115,5.756650792215749,3.7419153759325865,3.206650792215749
326.990437638,6.144914513117524,5.75672288345907,3.7449145043334986,3.2067228834590704
327.03621313700023,6.147914046751856,5.756775478982134,3.747914037967831,3.2067754789821343
327.1108328370001,6.150913858889753,5.75680857656279,3.750913850105728,3.20680857656279
327.16573946200015,6.153913822789602,5.75682217480267,3.753913814005577,3.20682217480267
327.1673451229999,6.156913811703378,5.756816273127248,3.7569138029193527,3.206816273127248
327.188748736,6.1599136988819865,5.75679087178587,3.7599136900979615,3.20679087178587
327.2344747420002,6.162913357580644,5.756745971851739,3.762913348796619,3.2067459718517393
327.31870347999984,6.165912661064222,5.75668157522187,3.7659126522801967,3.20668157522187
327.3650707319998,6.168911482612587,5.756597684617012,3.768911473828562,3.2065976846170123
327.36564014800024,6.1719096955259785,5.756494303581527,3.7719096867419535,3.206494303581527
327.3834188609999,6.1749071731303475,5.7563714364832546,3.7749071643463226,3.2063714364832547
327.43419187200016,6.17790378878271,5.756229088513307,3.777903779998685,3.2062290885133073
327.5032405820002,6.1808994158765,5.756067265685867,3.7808994070924746,3.206067265685867
327.5243838209999,6.18389392784692,5.755885974837925,3.7838939190628946,3.2058859748379254
327.56830991200013,6.186887198176281,5.755685223628994,3.786887189392256,3.2056852236289943
327.5745037689999,6.18987910039936,5.755465020540777,3.7898790916153353,3.2054650205407773
327.6161833450001,6.192869508108734,5.755225374876825,3.7928694993247087,3.205225374876825
327.6922192359998,6.1958582949601215,5.754966296762132,3.7958582861760966,3.204966296762132
327.7184337650001,6.198845334677721,5.754687797142708,3.7988453258936956,3.204687797142708
327.7421138159998,6.201830501059548,5.7543898877851225,3.801830492275523,3.2043898877851227
327.78160972700016,6.204813667982767,5.754072581276003,3.8048136591987416,3.2040725812760034
327.80437634200007,6.207794709409021,5.753735891021499,3.807794700624996,3.2037358910214992
327.88993382399985,6.210773499389755,5.753379831246725,3.81077349060573,3.2033798312467248
327.91545563499994,6.213749912071535,5.753004416995152,3.8137499032875097,3.203004416995152
327.9398878249999,6.216723821701363,5.752609664127981,3.816723812917338,3.202609664127981
327.9685055760001,6.219695102632003,5.752195589323458,3.819695093847978,3.202195589323458
328.00809127699995,6.222663629327278,5.751762210076182,3.822663620543253,3.201762210076182
328.08638267000015,6.225629276367373,5.751309544696362,3.825629267583348,3.201309544696362
328.1082731659999,6.228591918454146,5.750837612309043,3.8285919096701213,3.2008376123090434
328.13327239299997,6.231551430416413,5.750346432853299,3.8315514216323883,3.2003464328532996
328.15637411299986,6.234507687215226,5.749836027081388,3.834507678431201,3.199836027081388
328.19737867799995,6.237460563949174,5.749306416557879,3.837460555165149,3.199306416557879
328.27717483000015,6.240409935859664,5.748757623658737,3.840409927075639,3.1987576236587376
328.3063622290001,6.243355678336164,5.748189671570382,3.8433556695521394,3.1981896715703826
328.3279795379999,6.246297666921494,5.747602584288704,3.8462976581374693,3.1976025842887044
328.3539858859999,6.249235777317074,5.74699638661805,3.8492357685330494,3.19699638661805
328.38880232600013,6.25216988538818,5.746371104170184,3.852169876604155,3.1963711041701846
328.476787649,6.255099867169177,5.745726763363201,3.855099858385152,3.1957267633632016
328.54305957199995,6.258025598868777,5.745063391420397,3.8580255900847518,3.1950633914203967
328.5433479909998,6.2609469568752445,5.7443810163691404,3.8609469480912195,3.1943810163691406
328.55232330599983,6.2638638177616395,5.743679667039677,3.8638638089776145,3.193679667039677
328.5821881060001,6.266776058291027,5.74295937306391,3.8667760495070023,3.1929593730639105
328.6741996129999,6.269683555421676,5.742220164874155,3.8696835466376514,3.192220164874155
328.7032071670001,6.272586186312263,5.741462073701847,3.872586177528238,3.191462073701847
328.75267066100014,6.275483828327069,5.740685131576224,3.8754838195430437,3.190685131576224
328.7580608610001,6.278376359041144,5.739889371322976,3.878376350257119,3.189889371322976
328.7929612359999,6.281263656245499,5.739074826562856,3.881263647461474,3.189074826562856
328.8798670760002,6.284145597952259,5.7382415317102575,3.884145589168234,3.1882415317102577
328.91006009800003,6.287022062399814,5.737389521971764,3.8870220536157887,3.187389521971764
328.9560657410002,6.2898929280579665,5.736518833344663,3.8898929192739415,3.186518833344663
328.95745094699987,6.292758073633071,5.7356295026154145,3.8927580648490463,3.1856295026154147
328.9909661239999,6.295617378073158,5.7347215673581164,3.8956173692891327,3.1847215673581166
329.07811271699984,6.298470720573033,5.733795065932894,3.8984707117890083,3.1837950659328937
329.1048690319999,6.301317980579402,5.7328500374842974,3.9013179717953768,3.1828500374842976
329.132272459,6.304159037795956,5.731886521939632,3.904159029011931,3.1818865219396324
329.1764207599999,6.306993772188445,5.730904560007291,3.90699376340442,3.180904560007291
329.18319194900005,6.309822063989766,5.7299041931750185,3.909822055205741,3.1799041931750187
329.2771534849999,6.3126437937050115,5.728885463708168,3.9126437849209865,3.178885463708168
329.3027208960002,6.315458842116519,5.727848414647903,3.9154588333324942,3.1778484146479036
329.32895646999987,6.318267090288911,5.726793089809394,3.918267081504886,3.1767930898093946
329.34931707900023,6.321068419574126,5.725719533779956,3.921068410790101,3.175719533779956
329.3994918789999,6.323862711616412,5.724627791917176,3.923862702832387,3.1746277919171764
329.47195842300016,6.326649848357348,5.723517910346984,3.9266498395733227,3.173517910346984
329.5024994229998,6.329429712040819,5.722389935961707,3.9294297032567944,3.172389935961707
329.525713085,6.3322021852180015,5.721243916418101,3.9322021764339765,3.171243916418101
329.5504283330001,6.334967150752314,5.720079900135318,3.9349671419682895,3.1700799001353186
329.59243134999997,6.337724491824378,5.718897936292874,3.9377244830403533,3.1688979362928738
329.6637508859999,6.34047409193694,5.717698074828563,3.9404740831529153,3.1676980748285635
329.69430142400006,6.343215834919801,5.716480366436358,3.9432158261357757,3.1664803664363586
329.7176313099999,6.345949604934735,5.715244862564252,3.9459495961507103,3.1652448625642524
329.73797095200007,6.34867528648036,5.713991615412106,3.9486752776963354,3.1639916154121064
329.77009844199983,6.351392764397039,5.712720677929423,3.9513927556130137,3.162720677929423
329.8670521959998,6.354101923871733,5.711432103813122,3.954101915087708,3.161432103813122
329.89187092600014,6.356802650442858,5.710125947505265,3.956802641658833,3.160125947505265
329.920106563,6.359494830005116,5.708802264190765,3.959494821221091,3.158802264190765
329.93986806500016,6.362178348814323,5.707461109795045,3.9621783400302983,3.1574611097950456
330.0392349429999,6.364853093492208,5.706102540981677,3.964853084708183,3.156102540981677
330.08397921999995,6.3675189510312045,5.704726615149992,3.9675189422471795,3.1547266151499924
330.08473401799984,6.370175808799231,5.703333390432652,3.970175800015206,3.1533333904326524
330.10903655899983,6.372823554544441,5.701922925693192,3.972823545760416,3.151922925693192
330.13167630399994,6.37546207639997,5.700495280523542,3.9754620676159447,3.1504952805235424
330.22961460299985,6.378091262888662,5.699050515241498,3.9780912541046374,3.1490505152414983
330.2517190110002,6.380711002927781,5.697588690888176,3.9807109941437564,3.147588690888176
330.296738215,6.3833211858337,5.696109869225437,3.983321177049675,3.1461098692254374
330.3050469,6.385921701326575,5.694614112733278,3.9859216925425502,3.1446141127332785
330.3305840490002,6.388512439535019,5.693101484607185,3.9885124307509936,3.143101484607185
330.4319348099998,6.391093291000722,5.691572048755474,3.991093282216697,3.1415720487554744
330.45575573099995,6.393664146683098,5.690025869796583,3.993664137899073,3.140025869796583
330.502006745,6.396224897963876,5.68846301305634,3.996224889179851,3.13846301305634
330.5025130849999,6.398775436651695,5.686883544565214,3.99877542786767,3.1368835445652143
330.529043259,6.401315654986674,5.685287531055511,4.00131564620265,3.1352875310555115
330.55256408700006,6.4038454456449685,5.68367503995856,4.003845436860943,3.1336750399585602
330.5747577060001,6.406364701743299,5.682046139401875,4.006364692959274,3.132046139401875
330.66149942699985,6.408873316843468,5.680400898206263,4.008873308059443,3.130400898206263
330.70560161799995,6.411371184956861,5.678739385882917,4.011371176172836,3.128739385882917
330.71177602299986,6.413858200548923,5.677061672630491,4.013858191764897,3.127061672630491
330.73446424700023,6.416334258543613,5.675367829332113,4.016334249759589,3.125367829332113
330.76241526800004,6.418799254327852,5.673657927552415,4.0187992455438275,3.123657927552415
330.8438371530001,6.421253083755934,5.671932039534492,4.021253074971908,3.1219320395344923
330.87062952899987,6.423695643153927,5.670190238196858,4.0236956343699015,3.120190238196858
330.94045176200007,6.426126829324067,5.668432597130355,4.026126820540042,3.1184325971303553
330.9574713289999,6.428546539549096,5.66665919059506,4.0285465307650705,3.11665919059506
330.9814857000001,6.4309546715966155,5.664870093517135,4.030954662812591,3.114870093517135
331.04395909899995,6.433351123723406,5.663065381485665,4.033351114939381,3.113065381485665
331.06656543300005,6.435735794679722,5.661245130749464,4.035735785895697,3.111245130749464
331.08546244499985,6.4381085837135705,5.659409418213861,4.038108574929546,3.109409418213861
331.14315842299993,6.440469390574968,5.657558321437429,4.040469381790943,3.1075583214374296
331.1679272340002,6.442818115520175,5.655691918628736,4.04281810673615,3.105691918628736
331.2348183439999,6.44515465931591,5.653810288643022,4.045154650531885,3.1038102886430226
331.2556656480001,6.447478923243547,5.651913510978874,4.047478914459522,3.101913510978874
331.28504795200024,6.449790809103282,5.650001665774865,4.049790800319257,3.1000016657748652
331.3305984200001,6.452090219218282,5.648074833806174,4.052090210434257,3.098074833806174
331.36993006600005,6.454377056438807,5.646133096481163,4.054377047654783,3.0961330964811635
331.41839673699997,6.456651224146332,5.6441765358379445,4.056651215362307,3.0941765358379447
331.4447247500002,6.458912626257602,5.642205234540915,4.058912617473577,3.0922052345409154
331.46614521499987,6.46116116722872,5.640219275877264,4.061161158444695,3.0902192758772644
331.51896127200007,6.463396752059161,5.638218743753443,4.063396743275136,3.088218743753443
331.539151341,6.465619286295799,5.6362037226916435,4.065619277511774,3.0862037226916437
331.610713779,6.467828676036893,5.634174297826202,4.067828667252868,3.084174297826202
331.6356403300001,6.470024827936059,5.632130554900018,4.070024819152034,3.0821305549000177
331.65582511599996,6.472207649206199,5.630072580260924,4.072207640422174,3.080072580260924
331.7078594730001,6.4743770476234435,5.628000460858046,4.074377038839418,3.0780004608580462
331.73542350800017,6.47653293153103,5.6259142842381165,4.076532922747005,3.0759142842381166
331.79955347299983,6.478675209843187,5.623814138541789,4.078675201059162,3.073814138541789
331.8503689700001,6.480803792048969,5.6217001124999095,4.080803783264945,3.0717001124999097
331.85434982900006,6.4829185882161,5.619572295429761,4.082918579432074,3.0695722954297615
331.90705191200004,6.485019508994756,5.6174307772312995,4.0850195002107315,3.0674307772312996
331.9323693440001,6.487106465621344,5.61527564838335,4.087106456837319,3.0652756483833503
331.99474993800004,6.489179369922257,5.613106999939786,4.089179361138233,3.0631069999397864
332.0177397319999,6.4912381343176015,5.610924923525677,4.091238125533576,3.0609249235256772
332.0621416419999,6.493282671824882,5.608729511333437,4.093282663040857,3.0587295113334374
332.098516864,6.495312896062695,5.606520856118899,4.095312887278671,3.0565208561188992
332.121577422,6.497328721254372,5.604299051197412,4.097328712470348,3.054299051197412
332.18303330300023,6.499330062231593,5.60206419043991,4.099330053447567,3.0520641904399106
332.2113485210002,6.501316834438003,5.599816368268928,4.101316825653979,3.049816368268928
332.2339523800001,6.503288953932774,5.597555679654614,4.103288945148749,3.0475556796546144
332.29046818000006,6.5052463373941425,5.595282220110729,4.105246328610117,3.045282220110729
332.3163542970001,6.507188902122953,5.5929960856906,4.107188893338928,3.0429960856906
332.37947004499983,6.508649163669657,5.591254047585701,4.108649154885632,3.041254047585701
332.4067279259998,6.509979677925243,5.589640455803746,4.109979669141217,3.039640455803746
332.42894059699984,6.511297444829999,5.588016437020659,4.111297436045974,3.0380164370206595
332.4705890700002,6.512602382672552,5.586382091937712,4.112602373888527,3.0363820919377122
332.54640663500004,6.513894410537029,5.584737521896484,4.1138944017530035,3.034737521896484
332.5637128210001,6.515177567147066,5.583077494162339,4.115177558363041,3.033077494162339
332.5856411320001,6.516461222292952,5.581390176479989,4.116461213508926,3.031390176479989
332.6140908460002,6.517731973124605,5.57969311908008,4.117731964340581,3.02969311908008
332.6612401389998,6.518989745744995,5.577986420650327,4.1189897369609705,3.0279864206503273
332.7289313020001,6.520234467011808,5.57627018043909,4.120234458227784,3.0262701804390906
332.77111401599996,6.521466064541701,5.57454449824961,4.1214660557576765,3.02454449824961
332.7823786220001,6.522657980250194,5.572846683812638,4.122657971466169,3.022846683812638
332.8044167009998,6.5238295719919135,5.571148635396712,4.123829563207889,3.0211486353967123
332.8514928929999,6.524987336149195,5.56944112908978,4.12498732736517,3.0194411290897802
332.9182960150001,6.52613119637541,5.567724277490202,4.126131187591384,3.017724277490202
332.9395221630002,6.527261077240804,5.565998193812591,4.12726106845678,3.0159981938125915
332.9865626679998,6.528384364703417,5.5642514400248375,4.128384355919391,3.0142514400248377
332.990439357,6.529503553138858,5.562480575535904,4.129503544354834,3.0124805755359043
333.03973639700007,6.530608816122859,5.560700986389952,4.130608807338834,3.010700986389952
333.11662134200014,6.531700085645879,5.558912782089455,4.131700076861853,3.008912782089455
333.1401079259999,6.532777294559437,5.557116072666998,4.132777285775412,3.0071160726669985
333.1896800899999,6.533846718682209,5.555300250708847,4.133846709898184,3.0053002507088475
333.19818991600005,6.534910378719563,5.553462327226693,4.134910369935539,3.0034623272266936
333.2456672510002,6.535960047117959,5.551616377158377,4.135960038333933,3.001616377158377
333.3219026410002,6.53699566331074,5.549762507016603,4.136995654526715,2.9997625070166034
333.35058959900016,6.5380171675420735,5.547900823771076,4.138017158758049,2.997900823771076
333.4150372600002,6.539015562443473,5.546047893460125,4.139015553659449,2.9960478934601253
333.4162905349999,6.539992168941722,5.54420070340533,4.139992160157697,2.9942007034053306
333.43833264600016,6.540954168561918,5.542345864306728,4.140954159777894,2.9923458643067278
333.50941880300024,6.5419019518784465,5.5404825988807,4.141901943094422,2.9904825988807
333.53077596899993,6.542844344253428,5.53859367450144,4.142844335469403,2.9885936745014403
333.5587352880002,6.543772154644978,5.536697545134457,4.143772145860953,2.986697545134457
333.6032823129999,6.5446853279720925,5.53479432334663,4.144685319188068,2.9847943233466303
333.6185406479999,6.5455838100227135,5.5328841221258855,4.145583801238689,2.9828841221258857
333.695320541,6.546467547456955,5.530967054874505,4.146467538672931,2.9809670548745055
333.72070325100003,6.54732588329999,5.529066515575646,4.147325874515965,2.9790665155756466
333.7420448480002,6.548160357172601,5.527178239552812,4.1481603483885765,2.9771782395528126
333.77319510899997,6.548979493462659,5.525283259679365,4.148979484678635,2.9752832596793652
333.82586720200015,6.549783238319459,5.523381700532867,4.149783229535434,2.973381700532867
333.888662026,6.550571538904139,5.521473687123407,4.150571530120113,2.9714736871234075
333.91664873699983,6.551343543612527,5.519561330702583,4.151343534828501,2.969561330702583
333.94152040400013,6.552097553630112,5.517648709958487,4.152097544846087,2.967648709958487
333.96955456000023,6.552835888926776,5.51572998376461,4.15283588014275,2.96572998376461
334.000898794,6.553558500071107,5.51380528057932,4.1535584912870815,2.9638052805793205
334.0885702300002,6.554265338684419,5.511874729261145,4.154265329900395,2.9618747292611456
334.109774387,6.554956694016075,5.509937517392141,4.15495668523205,2.9599375173921416
334.1322578469999,6.555709172707082,5.507779036804146,4.155709163923057,2.957779036804146
334.15557510400004,6.55657685721819,5.5052371695580335,4.156576848434166,2.9552371695580337
334.1798169240001,6.557522584987209,5.5024072528484504,4.157522576203184,2.9524072528484506
334.2860769590002,6.558454984408633,5.499555832214547,4.1584549756246085,2.949555832214547
334.35281841899996,6.55936883002958,5.496698411263131,4.159368821245555,2.9466984112631316
334.3535304269999,6.560264083240209,5.493835110719807,4.160264074456184,2.9438351107198075
334.376465585,6.561140706216205,5.490966051558601,4.16114069743218,2.9409660515586014
334.41367120999985,6.561998661920374,5.488091354996839,4.161998653136348,2.938091354996839
334.5001309680001,6.562837914104218,5.485211142490017,4.162837905320193,2.935211142490017
334.5618895719999,6.563658427309458,5.482325535726688,4.163658418525434,2.9323255357266884
334.5630235630001,6.56446016686953,5.479434656623312,4.164460158085505,2.929434656623312
334.5789410309999,6.56524309891106,5.476538627319097,4.165243090127036,2.926538627319097
334.6094099269999,6.566007190355283,5.47363757017085,4.166007181571257,2.9236375701708504
334.70296427799985,6.56675240891945,5.470731607747804,4.166752400135425,2.920731607747804
334.7668592310001,6.567478723118188,5.467820862826443,4.167478714334163,2.917820862826443
334.7677898410002,6.568186102264832,5.464905458385299,4.168186093480807,2.9149054583852996
334.79504233499983,6.568874516472715,5.461985517599785,4.168874507688691,2.911985517599785
334.84213140300017,6.569543936656444,5.459061163836959,4.169543927872419,2.9090611638369595
334.9339986,6.570194334533115,5.4561325206503355,4.170194325749089,2.9061325206503357
334.99271340099995,6.570825682623507,5.453199711774654,4.170825673839482,2.903199711774654
334.99319706999995,6.571437954253264,5.45026286112065,4.171437945469239,2.90026286112065
335.0223206229998,6.572031123554001,5.447322092769826,4.172031114769976,2.8973220927698264
335.0649036230002,6.572605165464397,5.444377530969211,4.172605156680372,2.8943775309692112
335.15941292800017,6.573160055731271,5.441429300126104,4.173160046947246,2.891429300126104
335.220209265,6.57369577091059,5.438477524802817,4.173695762126566,2.888477524802817
335.220736065,6.574212288368471,5.435522329711419,4.174212279584446,2.885522329711419
335.25412188400014,6.574709586282125,5.432563839708462,4.1747095774981,2.882563839708462
335.30657612999994,6.575187643640789,5.429602179789706,4.175187634856765,2.879602179789706
335.41076737599997,6.575646440246613,5.4266374750848465,4.175646431462588,2.8766374750848467
335.46545068600017,6.576085956715507,5.4236698508522165,4.176085947931482,2.8736698508522167
335.4696631070001,6.5765061744779665,5.420699432473495,4.176506165693941,2.8706994324734953
335.497816306,6.576907075779852,5.417726345448419,4.176907066995827,2.8677263454484194
335.5534685460002,6.577288643683144,5.414750715389473,4.17728863489912,2.864750715389473
335.67577530200015,6.5776508620666565,5.411772668016584,4.177650853282631,2.8617726680165845
335.7340018529999,6.577993715626713,5.408792329151809,4.177993706842687,2.858792329151809
335.7466050439998,6.578317189877806,5.405809824714023,4.178317181093781,2.855809824714023
335.77491690299985,6.578621271153196,5.402825280713598,4.1786212623691705,2.8528252807135983
335.8175881369998,6.578905946605493,5.399838823247068,4.178905937821468,2.849838823247068
335.91568010599985,6.579171204207202,5.396850578491822,4.179171195423177,2.8468505784918223
336.0001575269998,6.5794170327512305,5.393860672700756,4.179417023967205,2.843860672700756
336.00088473000005,6.579643421851355,5.390869232196938,4.179643413067329,2.8408692321969378
336.00285300099995,6.579850361942672,5.387876383368291,4.179850353158646,2.8378763833682914
336.044822674,6.580037844281994,5.384882252662231,4.180037835497969,2.834882252662231
336.147340944,6.580205860948217,5.381886966580333,4.180205852164192,2.831886966580333
336.21161277600004,6.580354404842666,5.378890651672994,4.1803543960586405,2.828890651672994
336.2132820749998,6.580483469689381,5.3758934345340705,4.180483460905356,2.8258934345340707
336.2595473010001,6.58059305003539,5.372895441795537,4.180593041251366,2.822895441795537
336.2900916090002,6.580683141250945,5.369896800122144,4.18068313246692,2.8198968001221445
336.407540659,6.580753739529701,5.3668976362060565,4.180753730745676,2.8168976362060567
336.46689311499995,6.5808048418888925,5.363898076761504,4.180804833104868,2.813898076761504
336.4681139969998,6.580836446169452,5.360898248519423,4.180836437385428,2.8108982485194236
336.4968589700002,6.580848551036105,5.357898278222117,4.18084854225208,2.807898278222117
336.532463559,6.580841155977422,5.354898292617877,4.180841147193397,2.804898292617877
336.6466203959999,6.58081426130584,5.351898418455656,4.180814252521816,2.8018984184556563
336.7189706099998,6.580767868157659,5.348898782479687,4.180767859373634,2.7988987824796876
336.71964094800023,6.580701978492981,5.345899511424145,4.180701969708957,2.795899511424145
336.7439418509998,6.580616595095634,5.342900732007782,4.180616586311609,2.792900732007782
336.8689784520002,6.580511721573055,5.339902570928588,4.18051171278903,2.7899025709285885
336.93820653800003,6.580387362356135,5.336905154858422,4.180387353572111,2.786905154858422
336.9398978859999,6.580243522699031,5.333908610437663,4.1802435139150065,2.7839086104376634
336.95207423600004,6.580080208678946,5.330913064269871,4.180080199894921,2.780913064269871
336.9912192749998,6.579897427195877,5.327918642916425,4.179897418411852,2.7779186429164255
337.10714517099996,6.5796951859723105,5.324925472891181,4.179695177188285,2.774925472891181
337.1591679809999,6.579473493552909,5.321933680655128,4.1794734847688835,2.7719336806551285
337.16452944799994,6.579232359304148,5.318943392611043,4.179232350520123,2.7689433926110434
337.19135119400016,6.578971793413909,5.315954735098146,4.178971784629884,2.7659547350981466
337.2164895689998,6.578691806891066,5.3129678343867806,4.1786917981070415,2.7629678343867807
337.34013284799994,6.578392411565004,5.309982816673053,4.17839240278098,2.7599828166730536
337.4119391099998,6.578073620085134,5.306999808073517,4.17807361130111,2.756999808073517
337.41282162000016,6.577735445920346,5.3040189346198465,4.177735437136321,2.7540189346198467
337.4295278210002,6.5773779033584505,5.301040322253498,4.177377894574426,2.7510403222534983
337.46405229899983,6.577001007505567,5.298064096820398,4.1770009987215415,2.748064096820398
337.49636573,6.576604774285486,5.295090384065636,4.1766047655014615,2.7450903840656364
337.5268726690001,6.576189220439007,5.292119309628129,4.1761892116549815,2.742119309628129
337.6391999520001,6.575754363523217,5.2891509990353285,4.175754354739191,2.7391509990353287
337.7060820050001,6.575300221910753,5.28618557769792,4.175300213126728,2.7361855776979205
337.70668101699994,6.574826814789034,5.2832231709045105,4.174826806005009,2.7332231709045107
337.7273212750001,6.574334162159439,5.280263903816347,4.174334153375415,2.730263903816347
337.7599490100001,6.573822284836467,5.277307901462024,4.173822276052442,2.727307901462024
337.8628244480001,6.5732912044468605,5.274355288732202,4.173291195662835,2.724355288732202
337.9214043259999,6.572740943428687,5.271406190374328,4.172740934644662,2.721406190374328
337.9220550220002,6.572171525030393,5.26846073098737,4.172171516246368,2.7184607309873705
337.99563875700005,6.57158297330982,5.265519035016549,4.171582964525794,2.7155190350165492
338.01815278699996,6.570975313133193,5.262581226748084,4.1709753043491675,2.7125812267480844
338.11230860800015,6.570348570174063,5.259647430303934,4.170348561390038,2.709647430303934
338.17466385299986,6.569702770912222,5.256717769636566,4.169702762128197,2.7067177696365663
338.1753550479998,6.569037942632599,5.253792368523705,4.169037933848574,2.703792368523705
338.2484501580002,6.5683541134240855,5.250871350563108,4.16835410464006,2.7008713505631086
338.27324229199985,6.567651312178367,5.247954839167359,4.167651303394343,2.697954839167359
338.3550937310001,6.566929568588693,5.245042957558624,4.166929559804667,2.6950429575586243
338.4158844839999,6.566188913148615,5.2421358287634705,4.166188904364589,2.6921358287634707
338.41864211500024,6.565429377150725,5.239233575607655,4.165429368366699,2.6892335756076555
338.4987132269998,6.564650992685299,5.236336320710943,4.164650983901274,2.686336320710943
338.52064396100013,6.5638537926389695,5.233444186481924,4.163853783854944,2.683444186481924
338.6040067150002,6.563037810693317,5.230557295112839,4.163037801909293,2.6805572951128394
338.7174233989999,6.56220308132346,5.22767576857442,4.162203072539435,2.67767576857442
338.71803868999996,6.561349639796586,5.224799728610729,4.161349631012562,2.6747997286107292
338.76061703899995,6.560477522170475,5.221929296734032,4.160477513386451,2.6719292967340325
338.79138707699985,6.55958676529197,5.219064594219648,4.159586756507944,2.6690645942196483
338.870712725,6.558677406795411,5.216205742100832,4.158677398011386,2.666205742100832
338.92620716400006,6.557749485101062,5.21335286116366,4.157749476317037,2.66335286116366
338.9269142590001,6.5568030394134755,5.210506071941928,4.15680303062945,2.660506071941928
338.9986249200001,6.555838109719841,5.207665494712052,4.155838100935816,2.6576654947120524
339.0262873689999,6.554854736788294,5.204831249488006,4.15485472800427,2.654831249488006
339.1074355810001,6.553852962166198,5.202003456016223,4.153852953382173,2.6520034560162236
339.1694351259998,6.552832828178379,5.199182233770559,4.152832819394354,2.649182233770559
339.1700794080002,6.551794377925345,5.196367701947232,4.15179436914132,2.6463677019472325
339.23791339399986,6.550737655281468,5.1935599794597955,4.150737646497443,2.6435599794597957
339.2807120980001,6.54966270489312,5.19075918493411,4.149662696109096,2.64075918493411
339.36519676399985,6.548569572176795,5.187965436703321,4.14856956339277,2.637965436703321
339.4186380430001,6.5474583033171925,5.1851788528028795,4.147458294533167,2.6351788528028797
339.4205559669999,6.546328945265252,5.182399550965539,4.146328936481226,2.6323995509655393
339.48219331300015,6.545181545736181,5.179627648616387,4.145181536952156,2.6296276486163874
339.50735459299995,6.544016153207445,5.176863262867893,4.1440161444234205,2.626863262867893
339.5883094310002,6.5428328169167,5.174106510514934,4.142832808132675,2.6241065105149346
339.653615876,6.541631586859731,5.171357508029893,4.141631578075706,2.6213575080298934
339.6574431009999,6.540412513788327,5.1686163715577145,4.140412505004302,2.6186163715577147
339.71597177900003,6.539175649208145,5.165883216911003,4.13917564042412,2.615883216911003
339.7478677109998,6.537921045376533,5.163158159565144,4.137921036592508,2.6131581595651445
339.8265446959999,6.536648755300312,5.160441314653401,4.136648746516287,2.610441314653401
339.88549221999983,6.535358832733549,5.157732796962065,4.135358823949525,2.6077327969620656
339.8864659609999,6.5340513321752836,5.1550327209256075,4.134051323391259,2.6050327209256077
339.94700491799995,6.532726308867215,5.15234120062184,4.132726300083189,2.60234120062184
340.03631249,6.531383818791384,5.149658349767092,4.131383810007359,2.5996583497670924
340.09232315300005,6.530023918667796,5.146984281711415,4.1300239098837705,2.596984281711415
340.09702551300006,6.528646665952027,5.14431910943379,4.1286466571680025,2.5943191094337905
340.12260258800006,6.527252118832804,5.1416629455373455,4.1272521100487785,2.5916629455373457
340.1972012279998,6.525840336229529,5.13901590224461,4.125840327445505,2.5890159022446104
340.28306270099984,6.524411377789813,5.136378091392773,4.124411369005789,2.586378091392773
340.3388365139999,6.522965303886936,5.133749624428945,4.122965295102911,2.583749624428945
340.33986480700014,6.521502175617302,5.131130612405465,4.1215021668332765,2.581130612405465
340.3665366969999,6.520022054797865,5.128521165975207,4.1200220460138395,2.578521165975207
340.4132908050001,6.518525003963508,5.125921395386891,4.118524995179484,2.5759213953868914
340.5024470550002,6.517011086364412,5.123331410480439,4.117011077580387,2.5733314104804395
340.56072292499994,6.515480365963364,5.1207513206823245,4.115480357179339,2.5707513206823247
340.56271252399983,6.513932907433073,5.118181235000963,4.113932898649048,2.5681812350009627
340.5937203829999,6.512368776153437,5.115621262022085,4.112368767369412,2.565621262022085
340.64867357,6.510788038208766,5.113071509904174,4.11078802942474,2.563071509904174
340.75115956599984,6.5091907603850006,5.110532086373877,4.109190751600976,2.560532086373877
340.838760181,6.507577010166897,5.1080030987214595,4.1075770013828725,2.5580030987214597
340.8425273150001,6.505946855735159,5.105484653796271,4.1059468469511335,2.555484653796271
340.84762958500005,6.504300365963568,5.102976858002239,4.104300357179542,2.552976858002239
340.92042354700015,6.502637610416072,5.10047981729336,4.102637601632048,2.5504798172933603
341.0161921429999,6.500958659343849,5.097993637169234,4.100958650559824,2.5479936371692338
